schema_version,campaign_id,run_id,sample_index,engine,operation,alphabet,padding,input_len,encoded_len,iterations,elapsed_ns,throughput_mib_s,backend,active_encode_backend,active_decode_backend,target_arch,target_os,allocation_count
1,commit-3-amd-9950x3d,run-2,0,base64-ng,encode,standard,padded,1,4,4194304,27318925,146.418646,auto,avx512-vbmi,avx512-vbmi,x86_64,linux,0
1,commit-3-amd-9950x3d,run-2,1,base64-ng,encode,standard,padded,1,4,4194304,27255335,146.760258,auto,avx512-vbmi,avx512-vbmi,x86_64,linux,0
1,commit-3-amd-9950x3d,run-2,2,base64-ng,encode,standard,padded,1,4,4194304,27031845,147.973621,auto,avx512-vbmi,avx512-vbmi,x86_64,linux,0
1,commit-3-amd-9950x3d,run-2,3,base64-ng,encode,standard,padded,1,4,4194304,26642582,150.135599,auto,avx512-vbmi,avx512-vbmi,x86_64,linux,0
1,commit-3-amd-9950x3d,run-2,4,base64-ng,encode,standard,padded,1,4,4194304,26917499,148.602216,auto,avx512-vbmi,avx512-vbmi,x86_64,linux,0
1,commit-3-amd-9950x3d,run-2,0,base64-ng,decode,standard,padded,1,4,4194304,57352580,69.744029,auto,avx512-vbmi,avx512-vbmi,x86_64,linux,0
1,commit-3-amd-9950x3d,run-2,1,base64-ng,decode,standard,padded,1,4,4194304,57122928,70.024422,auto,avx512-vbmi,avx512-vbmi,x86_64,linux,0
1,commit-3-amd-9950x3d,run-2,2,base64-ng,decode,standard,padded,1,4,4194304,57234128,69.888371,auto,avx512-vbmi,avx512-vbmi,x86_64,linux,0
1,commit-3-amd-9950x3d,run-2,3,base64-ng,decode,standard,padded,1,4,4194304,56894017,70.306162,auto,avx512-vbmi,avx512-vbmi,x86_64,linux,0
1,commit-3-amd-9950x3d,run-2,4,base64-ng,decode,standard,padded,1,4,4194304,57283080,69.828647,auto,avx512-vbmi,avx512-vbmi,x86_64,linux,0
1,commit-3-amd-9950x3d,run-2,0,base64-ng,encode,standard,padded,1,4,4194304,26260061,152.322571,scalar,avx512-vbmi,avx512-vbmi,x86_64,linux,0
1,commit-3-amd-9950x3d,run-2,1,base64-ng,encode,standard,padded,1,4,4194304,26245144,152.409147,scalar,avx512-vbmi,avx512-vbmi,x86_64,linux,0
1,commit-3-amd-9950x3d,run-2,2,base64-ng,encode,standard,padded,1,4,4194304,26228132,152.508002,scalar,avx512-vbmi,avx512-vbmi,x86_64,linux,0
1,commit-3-amd-9950x3d,run-2,3,base64-ng,encode,standard,padded,1,4,4194304,26235635,152.464387,scalar,avx512-vbmi,avx512-vbmi,x86_64,linux,0
1,commit-3-amd-9950x3d,run-2,4,base64-ng,encode,standard,padded,1,4,4194304,26248991,152.386810,scalar,avx512-vbmi,avx512-vbmi,x86_64,linux,0
1,commit-3-amd-9950x3d,run-2,0,base64-ng,decode,standard,padded,1,4,4194304,38243029,104.594226,scalar,avx512-vbmi,avx512-vbmi,x86_64,linux,0
1,commit-3-amd-9950x3d,run-2,1,base64-ng,decode,standard,padded,1,4,4194304,38412668,104.132314,scalar,avx512-vbmi,avx512-vbmi,x86_64,linux,0
1,commit-3-amd-9950x3d,run-2,2,base64-ng,decode,standard,padded,1,4,4194304,38377171,104.228631,scalar,avx512-vbmi,avx512-vbmi,x86_64,linux,0
1,commit-3-amd-9950x3d,run-2,3,base64-ng,decode,standard,padded,1,4,4194304,38288544,104.469891,scalar,avx512-vbmi,avx512-vbmi,x86_64,linux,0
1,commit-3-amd-9950x3d,run-2,4,base64-ng,decode,standard,padded,1,4,4194304,38288415,104.470243,scalar,avx512-vbmi,avx512-vbmi,x86_64,linux,0
1,commit-3-amd-9950x3d,run-2,0,base64-ng,encode,standard,padded,1,4,4194304,32998326,121.218270,ssse3-sse4.1,avx512-vbmi,avx512-vbmi,x86_64,linux,0
1,commit-3-amd-9950x3d,run-2,1,base64-ng,encode,standard,padded,1,4,4194304,32992585,121.239363,ssse3-sse4.1,avx512-vbmi,avx512-vbmi,x86_64,linux,0
1,commit-3-amd-9950x3d,run-2,2,base64-ng,encode,standard,padded,1,4,4194304,32981344,121.280685,ssse3-sse4.1,avx512-vbmi,avx512-vbmi,x86_64,linux,0
1,commit-3-amd-9950x3d,run-2,3,base64-ng,encode,standard,padded,1,4,4194304,33071714,120.949280,ssse3-sse4.1,avx512-vbmi,avx512-vbmi,x86_64,linux,0
1,commit-3-amd-9950x3d,run-2,4,base64-ng,encode,standard,padded,1,4,4194304,32959302,121.361793,ssse3-sse4.1,avx512-vbmi,avx512-vbmi,x86_64,linux,0
1,commit-3-amd-9950x3d,run-2,0,base64-ng,decode,standard,padded,1,4,4194304,46020900,86.917031,ssse3-sse4.1,avx512-vbmi,avx512-vbmi,x86_64,linux,0
1,commit-3-amd-9950x3d,run-2,1,base64-ng,decode,standard,padded,1,4,4194304,45563939,87.788723,ssse3-sse4.1,avx512-vbmi,avx512-vbmi,x86_64,linux,0
1,commit-3-amd-9950x3d,run-2,2,base64-ng,decode,standard,padded,1,4,4194304,45919338,87.109270,ssse3-sse4.1,avx512-vbmi,avx512-vbmi,x86_64,linux,0
1,commit-3-amd-9950x3d,run-2,3,base64-ng,decode,standard,padded,1,4,4194304,45761442,87.409833,ssse3-sse4.1,avx512-vbmi,avx512-vbmi,x86_64,linux,0
1,commit-3-amd-9950x3d,run-2,4,base64-ng,decode,standard,padded,1,4,4194304,45834519,87.270470,ssse3-sse4.1,avx512-vbmi,avx512-vbmi,x86_64,linux,0
1,commit-3-amd-9950x3d,run-2,0,base64-ng,encode,standard,padded,1,4,4194304,33811366,118.303413,avx2,avx512-vbmi,avx512-vbmi,x86_64,linux,0
1,commit-3-amd-9950x3d,run-2,1,base64-ng,encode,standard,padded,1,4,4194304,33729814,118.589447,avx2,avx512-vbmi,avx512-vbmi,x86_64,linux,0
1,commit-3-amd-9950x3d,run-2,2,base64-ng,encode,standard,padded,1,4,4194304,33488148,119.445244,avx2,avx512-vbmi,avx512-vbmi,x86_64,linux,0
1,commit-3-amd-9950x3d,run-2,3,base64-ng,encode,standard,padded,1,4,4194304,33711168,118.655040,avx2,avx512-vbmi,avx512-vbmi,x86_64,linux,0
1,commit-3-amd-9950x3d,run-2,4,base64-ng,encode,standard,padded,1,4,4194304,33614225,118.997240,avx2,avx512-vbmi,avx512-vbmi,x86_64,linux,0
1,commit-3-amd-9950x3d,run-2,0,base64-ng,decode,standard,padded,1,4,4194304,50232207,79.630186,avx2,avx512-vbmi,avx512-vbmi,x86_64,linux,0
1,commit-3-amd-9950x3d,run-2,1,base64-ng,decode,standard,padded,1,4,4194304,50471036,79.253376,avx2,avx512-vbmi,avx512-vbmi,x86_64,linux,0
1,commit-3-amd-9950x3d,run-2,2,base64-ng,decode,standard,padded,1,4,4194304,50297370,79.527021,avx2,avx512-vbmi,avx512-vbmi,x86_64,linux,0
1,commit-3-amd-9950x3d,run-2,3,base64-ng,decode,standard,padded,1,4,4194304,50734853,78.841265,avx2,avx512-vbmi,avx512-vbmi,x86_64,linux,0
1,commit-3-amd-9950x3d,run-2,4,base64-ng,decode,standard,padded,1,4,4194304,50415603,79.340517,avx2,avx512-vbmi,avx512-vbmi,x86_64,linux,0
1,commit-3-amd-9950x3d,run-2,0,base64-ng,encode,standard,padded,1,4,4194304,34966250,114.396025,avx512-vbmi,avx512-vbmi,avx512-vbmi,x86_64,linux,0
1,commit-3-amd-9950x3d,run-2,1,base64-ng,encode,standard,padded,1,4,4194304,34809134,114.912368,avx512-vbmi,avx512-vbmi,avx512-vbmi,x86_64,linux,0
1,commit-3-amd-9950x3d,run-2,2,base64-ng,encode,standard,padded,1,4,4194304,34924001,114.534414,avx512-vbmi,avx512-vbmi,avx512-vbmi,x86_64,linux,0
1,commit-3-amd-9950x3d,run-2,3,base64-ng,encode,standard,padded,1,4,4194304,35043917,114.142492,avx512-vbmi,avx512-vbmi,avx512-vbmi,x86_64,linux,0
1,commit-3-amd-9950x3d,run-2,4,base64-ng,encode,standard,padded,1,4,4194304,34956301,114.428583,avx512-vbmi,avx512-vbmi,avx512-vbmi,x86_64,linux,0
1,commit-3-amd-9950x3d,run-2,0,base64-ng,decode,standard,padded,1,4,4194304,54422775,73.498641,avx512-vbmi,avx512-vbmi,avx512-vbmi,x86_64,linux,0
1,commit-3-amd-9950x3d,run-2,1,base64-ng,decode,standard,padded,1,4,4194304,54293522,73.673614,avx512-vbmi,avx512-vbmi,avx512-vbmi,x86_64,linux,0
1,commit-3-amd-9950x3d,run-2,2,base64-ng,decode,standard,padded,1,4,4194304,54208993,73.788495,avx512-vbmi,avx512-vbmi,avx512-vbmi,x86_64,linux,0
1,commit-3-amd-9950x3d,run-2,3,base64-ng,decode,standard,padded,1,4,4194304,54160883,73.854040,avx512-vbmi,avx512-vbmi,avx512-vbmi,x86_64,linux,0
1,commit-3-amd-9950x3d,run-2,4,base64-ng,decode,standard,padded,1,4,4194304,54017823,74.049634,avx512-vbmi,avx512-vbmi,avx512-vbmi,x86_64,linux,0
1,commit-3-amd-9950x3d,run-2,0,base64-0.23.0,encode,standard,padded,1,4,4194304,27258421,146.743643,external,avx512-vbmi,avx512-vbmi,x86_64,linux,0
1,commit-3-amd-9950x3d,run-2,1,base64-0.23.0,encode,standard,padded,1,4,4194304,27275794,146.650176,external,avx512-vbmi,avx512-vbmi,x86_64,linux,0
1,commit-3-amd-9950x3d,run-2,2,base64-0.23.0,encode,standard,padded,1,4,4194304,27616766,144.839551,external,avx512-vbmi,avx512-vbmi,x86_64,linux,0
1,commit-3-amd-9950x3d,run-2,3,base64-0.23.0,encode,standard,padded,1,4,4194304,27281164,146.621310,external,avx512-vbmi,avx512-vbmi,x86_64,linux,0
1,commit-3-amd-9950x3d,run-2,4,base64-0.23.0,encode,standard,padded,1,4,4194304,27413854,145.911626,external,avx512-vbmi,avx512-vbmi,x86_64,linux,0
1,commit-3-amd-9950x3d,run-2,0,base64-0.23.0,decode,standard,padded,1,4,4194304,51734385,77.318016,external,avx512-vbmi,avx512-vbmi,x86_64,linux,0
1,commit-3-amd-9950x3d,run-2,1,base64-0.23.0,decode,standard,padded,1,4,4194304,51936756,77.016747,external,avx512-vbmi,avx512-vbmi,x86_64,linux,0
1,commit-3-amd-9950x3d,run-2,2,base64-0.23.0,decode,standard,padded,1,4,4194304,52017368,76.897393,external,avx512-vbmi,avx512-vbmi,x86_64,linux,0
1,commit-3-amd-9950x3d,run-2,3,base64-0.23.0,decode,standard,padded,1,4,4194304,52451114,76.261488,external,avx512-vbmi,avx512-vbmi,x86_64,linux,0
1,commit-3-amd-9950x3d,run-2,4,base64-0.23.0,decode,standard,padded,1,4,4194304,52390710,76.349414,external,avx512-vbmi,avx512-vbmi,x86_64,linux,0
1,commit-3-amd-9950x3d,run-2,0,base64ct-1.8.3,encode,standard,padded,1,4,4194304,32993467,121.236122,external,avx512-vbmi,avx512-vbmi,x86_64,linux,0
1,commit-3-amd-9950x3d,run-2,1,base64ct-1.8.3,encode,standard,padded,1,4,4194304,32963009,121.348145,external,avx512-vbmi,avx512-vbmi,x86_64,linux,0
1,commit-3-amd-9950x3d,run-2,2,base64ct-1.8.3,encode,standard,padded,1,4,4194304,33096471,120.858807,external,avx512-vbmi,avx512-vbmi,x86_64,linux,0
1,commit-3-amd-9950x3d,run-2,3,base64ct-1.8.3,encode,standard,padded,1,4,4194304,32844186,121.787156,external,avx512-vbmi,avx512-vbmi,x86_64,linux,0
1,commit-3-amd-9950x3d,run-2,4,base64ct-1.8.3,encode,standard,padded,1,4,4194304,33149581,120.665175,external,avx512-vbmi,avx512-vbmi,x86_64,linux,0
1,commit-3-amd-9950x3d,run-2,0,base64ct-1.8.3,decode,standard,padded,1,4,4194304,106319196,37.622557,external,avx512-vbmi,avx512-vbmi,x86_64,linux,0
1,commit-3-amd-9950x3d,run-2,1,base64ct-1.8.3,decode,standard,padded,1,4,4194304,107599446,37.174913,external,avx512-vbmi,avx512-vbmi,x86_64,linux,0
1,commit-3-amd-9950x3d,run-2,2,base64ct-1.8.3,decode,standard,padded,1,4,4194304,105723384,37.834582,external,avx512-vbmi,avx512-vbmi,x86_64,linux,0
1,commit-3-amd-9950x3d,run-2,3,base64ct-1.8.3,decode,standard,padded,1,4,4194304,105920715,37.764096,external,avx512-vbmi,avx512-vbmi,x86_64,linux,0
1,commit-3-amd-9950x3d,run-2,4,base64ct-1.8.3,decode,standard,padded,1,4,4194304,105814265,37.802087,external,avx512-vbmi,avx512-vbmi,x86_64,linux,0
1,commit-3-amd-9950x3d,run-2,0,base64-ng,encode,standard,padded,2,4,2097152,17982911,222.433398,auto,avx512-vbmi,avx512-vbmi,x86_64,linux,0
1,commit-3-amd-9950x3d,run-2,1,base64-ng,encode,standard,padded,2,4,2097152,18122634,220.718467,auto,avx512-vbmi,avx512-vbmi,x86_64,linux,0
1,commit-3-amd-9950x3d,run-2,2,base64-ng,encode,standard,padded,2,4,2097152,18160005,220.264257,auto,avx512-vbmi,avx512-vbmi,x86_64,linux,0
1,commit-3-amd-9950x3d,run-2,3,base64-ng,encode,standard,padded,2,4,2097152,18061719,221.462863,auto,avx512-vbmi,avx512-vbmi,x86_64,linux,0
1,commit-3-amd-9950x3d,run-2,4,base64-ng,encode,standard,padded,2,4,2097152,18120891,220.739698,auto,avx512-vbmi,avx512-vbmi,x86_64,linux,0
1,commit-3-amd-9950x3d,run-2,0,base64-ng,decode,standard,padded,2,4,2097152,33101771,120.839456,auto,avx512-vbmi,avx512-vbmi,x86_64,linux,0
1,commit-3-amd-9950x3d,run-2,1,base64-ng,decode,standard,padded,2,4,2097152,32784954,122.007187,auto,avx512-vbmi,avx512-vbmi,x86_64,linux,0
1,commit-3-amd-9950x3d,run-2,2,base64-ng,decode,standard,padded,2,4,2097152,32846531,121.778461,auto,avx512-vbmi,avx512-vbmi,x86_64,linux,0
1,commit-3-amd-9950x3d,run-2,3,base64-ng,decode,standard,padded,2,4,2097152,32586632,122.749721,auto,avx512-vbmi,avx512-vbmi,x86_64,linux,0
1,commit-3-amd-9950x3d,run-2,4,base64-ng,decode,standard,padded,2,4,2097152,32807878,121.921936,auto,avx512-vbmi,avx512-vbmi,x86_64,linux,0
1,commit-3-amd-9950x3d,run-2,0,base64-ng,encode,standard,padded,2,4,2097152,17894365,223.534057,scalar,avx512-vbmi,avx512-vbmi,x86_64,linux,0
1,commit-3-amd-9950x3d,run-2,1,base64-ng,encode,standard,padded,2,4,2097152,17825304,224.400100,scalar,avx512-vbmi,avx512-vbmi,x86_64,linux,0
1,commit-3-amd-9950x3d,run-2,2,base64-ng,encode,standard,padded,2,4,2097152,17913130,223.299892,scalar,avx512-vbmi,avx512-vbmi,x86_64,linux,0
1,commit-3-amd-9950x3d,run-2,3,base64-ng,encode,standard,padded,2,4,2097152,17928569,223.107600,scalar,avx512-vbmi,avx512-vbmi,x86_64,linux,0
1,commit-3-amd-9950x3d,run-2,4,base64-ng,encode,standard,padded,2,4,2097152,17940501,222.959214,scalar,avx512-vbmi,avx512-vbmi,x86_64,linux,0
1,commit-3-amd-9950x3d,run-2,0,base64-ng,decode,standard,padded,2,4,2097152,23342339,171.362433,scalar,avx512-vbmi,avx512-vbmi,x86_64,linux,0
1,commit-3-amd-9950x3d,run-2,1,base64-ng,decode,standard,padded,2,4,2097152,23500688,170.207783,scalar,avx512-vbmi,avx512-vbmi,x86_64,linux,0
1,commit-3-amd-9950x3d,run-2,2,base64-ng,decode,standard,padded,2,4,2097152,23422140,170.778588,scalar,avx512-vbmi,avx512-vbmi,x86_64,linux,0
1,commit-3-amd-9950x3d,run-2,3,base64-ng,decode,standard,padded,2,4,2097152,23322452,171.508553,scalar,avx512-vbmi,avx512-vbmi,x86_64,linux,0
1,commit-3-amd-9950x3d,run-2,4,base64-ng,decode,standard,padded,2,4,2097152,23313526,171.574218,scalar,avx512-vbmi,avx512-vbmi,x86_64,linux,0
1,commit-3-amd-9950x3d,run-2,0,base64-ng,encode,standard,padded,2,4,2097152,21414070,186.793076,ssse3-sse4.1,avx512-vbmi,avx512-vbmi,x86_64,linux,0
1,commit-3-amd-9950x3d,run-2,1,base64-ng,encode,standard,padded,2,4,2097152,21402317,186.895652,ssse3-sse4.1,avx512-vbmi,avx512-vbmi,x86_64,linux,0
1,commit-3-amd-9950x3d,run-2,2,base64-ng,encode,standard,padded,2,4,2097152,21468573,186.318858,ssse3-sse4.1,avx512-vbmi,avx512-vbmi,x86_64,linux,0
1,commit-3-amd-9950x3d,run-2,3,base64-ng,encode,standard,padded,2,4,2097152,21438806,186.577555,ssse3-sse4.1,avx512-vbmi,avx512-vbmi,x86_64,linux,0
1,commit-3-amd-9950x3d,run-2,4,base64-ng,encode,standard,padded,2,4,2097152,21522594,185.851204,ssse3-sse4.1,avx512-vbmi,avx512-vbmi,x86_64,linux,0
1,commit-3-amd-9950x3d,run-2,0,base64-ng,decode,standard,padded,2,4,2097152,27409976,145.932269,ssse3-sse4.1,avx512-vbmi,avx512-vbmi,x86_64,linux,0
1,commit-3-amd-9950x3d,run-2,1,base64-ng,decode,standard,padded,2,4,2097152,27444732,145.747461,ssse3-sse4.1,avx512-vbmi,avx512-vbmi,x86_64,linux,0
1,commit-3-amd-9950x3d,run-2,2,base64-ng,decode,standard,padded,2,4,2097152,27329686,146.360994,ssse3-sse4.1,avx512-vbmi,avx512-vbmi,x86_64,linux,0
1,commit-3-amd-9950x3d,run-2,3,base64-ng,decode,standard,padded,2,4,2097152,27287085,146.589495,ssse3-sse4.1,avx512-vbmi,avx512-vbmi,x86_64,linux,0
1,commit-3-amd-9950x3d,run-2,4,base64-ng,decode,standard,padded,2,4,2097152,27296783,146.537414,ssse3-sse4.1,avx512-vbmi,avx512-vbmi,x86_64,linux,0
1,commit-3-amd-9950x3d,run-2,0,base64-ng,encode,standard,padded,2,4,2097152,21223471,188.470585,avx2,avx512-vbmi,avx512-vbmi,x86_64,linux,0
1,commit-3-amd-9950x3d,run-2,1,base64-ng,encode,standard,padded,2,4,2097152,21240874,188.316168,avx2,avx512-vbmi,avx512-vbmi,x86_64,linux,0
1,commit-3-amd-9950x3d,run-2,2,base64-ng,encode,standard,padded,2,4,2097152,21167326,188.970492,avx2,avx512-vbmi,avx512-vbmi,x86_64,linux,0
1,commit-3-amd-9950x3d,run-2,3,base64-ng,encode,standard,padded,2,4,2097152,21364777,187.224046,avx2,avx512-vbmi,avx512-vbmi,x86_64,linux,0
1,commit-3-amd-9950x3d,run-2,4,base64-ng,encode,standard,padded,2,4,2097152,21402589,186.893277,avx2,avx512-vbmi,avx512-vbmi,x86_64,linux,0
1,commit-3-amd-9950x3d,run-2,0,base64-ng,decode,standard,padded,2,4,2097152,28614624,139.788662,avx2,avx512-vbmi,avx512-vbmi,x86_64,linux,0
1,commit-3-amd-9950x3d,run-2,1,base64-ng,decode,standard,padded,2,4,2097152,28594306,139.887990,avx2,avx512-vbmi,avx512-vbmi,x86_64,linux,0
1,commit-3-amd-9950x3d,run-2,2,base64-ng,decode,standard,padded,2,4,2097152,28622139,139.751959,avx2,avx512-vbmi,avx512-vbmi,x86_64,linux,0
1,commit-3-amd-9950x3d,run-2,3,base64-ng,decode,standard,padded,2,4,2097152,28767231,139.047098,avx2,avx512-vbmi,avx512-vbmi,x86_64,linux,0
1,commit-3-amd-9950x3d,run-2,4,base64-ng,decode,standard,padded,2,4,2097152,28800154,138.888146,avx2,avx512-vbmi,avx512-vbmi,x86_64,linux,0
1,commit-3-amd-9950x3d,run-2,0,base64-ng,encode,standard,padded,2,4,2097152,22248420,179.788048,avx512-vbmi,avx512-vbmi,avx512-vbmi,x86_64,linux,0
1,commit-3-amd-9950x3d,run-2,1,base64-ng,encode,standard,padded,2,4,2097152,22218253,180.032156,avx512-vbmi,avx512-vbmi,avx512-vbmi,x86_64,linux,0
1,commit-3-amd-9950x3d,run-2,2,base64-ng,encode,standard,padded,2,4,2097152,22290210,179.450979,avx512-vbmi,avx512-vbmi,avx512-vbmi,x86_64,linux,0
1,commit-3-amd-9950x3d,run-2,3,base64-ng,encode,standard,padded,2,4,2097152,22289408,179.457436,avx512-vbmi,avx512-vbmi,avx512-vbmi,x86_64,linux,0
1,commit-3-amd-9950x3d,run-2,4,base64-ng,encode,standard,padded,2,4,2097152,22274810,179.575045,avx512-vbmi,avx512-vbmi,avx512-vbmi,x86_64,linux,0
1,commit-3-amd-9950x3d,run-2,0,base64-ng,decode,standard,padded,2,4,2097152,31671749,126.295520,avx512-vbmi,avx512-vbmi,avx512-vbmi,x86_64,linux,0
1,commit-3-amd-9950x3d,run-2,1,base64-ng,decode,standard,padded,2,4,2097152,31661670,126.335724,avx512-vbmi,avx512-vbmi,avx512-vbmi,x86_64,linux,0
1,commit-3-amd-9950x3d,run-2,2,base64-ng,decode,standard,padded,2,4,2097152,31618379,126.508699,avx512-vbmi,avx512-vbmi,avx512-vbmi,x86_64,linux,0
1,commit-3-amd-9950x3d,run-2,3,base64-ng,decode,standard,padded,2,4,2097152,31637945,126.430462,avx512-vbmi,avx512-vbmi,avx512-vbmi,x86_64,linux,0
1,commit-3-amd-9950x3d,run-2,4,base64-ng,decode,standard,padded,2,4,2097152,31598080,126.589970,avx512-vbmi,avx512-vbmi,avx512-vbmi,x86_64,linux,0
1,commit-3-amd-9950x3d,run-2,0,base64-0.23.0,encode,standard,padded,2,4,2097152,14525743,275.373177,external,avx512-vbmi,avx512-vbmi,x86_64,linux,0
1,commit-3-amd-9950x3d,run-2,1,base64-0.23.0,encode,standard,padded,2,4,2097152,14458316,276.657392,external,avx512-vbmi,avx512-vbmi,x86_64,linux,0
1,commit-3-amd-9950x3d,run-2,2,base64-0.23.0,encode,standard,padded,2,4,2097152,14347738,278.789590,external,avx512-vbmi,avx512-vbmi,x86_64,linux,0
1,commit-3-amd-9950x3d,run-2,3,base64-0.23.0,encode,standard,padded,2,4,2097152,14439150,277.024617,external,avx512-vbmi,avx512-vbmi,x86_64,linux,0
1,commit-3-amd-9950x3d,run-2,4,base64-0.23.0,encode,standard,padded,2,4,2097152,14368187,278.392813,external,avx512-vbmi,avx512-vbmi,x86_64,linux,0
1,commit-3-amd-9950x3d,run-2,0,base64-0.23.0,decode,standard,padded,2,4,2097152,26248290,152.390880,external,avx512-vbmi,avx512-vbmi,x86_64,linux,0
1,commit-3-amd-9950x3d,run-2,1,base64-0.23.0,decode,standard,padded,2,4,2097152,26268228,152.275212,external,avx512-vbmi,avx512-vbmi,x86_64,linux,0
1,commit-3-amd-9950x3d,run-2,2,base64-0.23.0,decode,standard,padded,2,4,2097152,26325636,151.943148,external,avx512-vbmi,avx512-vbmi,x86_64,linux,0
1,commit-3-amd-9950x3d,run-2,3,base64-0.23.0,decode,standard,padded,2,4,2097152,26320816,151.970972,external,avx512-vbmi,avx512-vbmi,x86_64,linux,0
1,commit-3-amd-9950x3d,run-2,4,base64-0.23.0,decode,standard,padded,2,4,2097152,26211631,152.604010,external,avx512-vbmi,avx512-vbmi,x86_64,linux,0
1,commit-3-amd-9950x3d,run-2,0,base64ct-1.8.3,encode,standard,padded,2,4,2097152,16930530,236.259585,external,avx512-vbmi,avx512-vbmi,x86_64,linux,0
1,commit-3-amd-9950x3d,run-2,1,base64ct-1.8.3,encode,standard,padded,2,4,2097152,17036830,234.785462,external,avx512-vbmi,avx512-vbmi,x86_64,linux,0
1,commit-3-amd-9950x3d,run-2,2,base64ct-1.8.3,encode,standard,padded,2,4,2097152,17529026,228.192941,external,avx512-vbmi,avx512-vbmi,x86_64,linux,0
1,commit-3-amd-9950x3d,run-2,3,base64ct-1.8.3,encode,standard,padded,2,4,2097152,17260902,231.737600,external,avx512-vbmi,avx512-vbmi,x86_64,linux,0
1,commit-3-amd-9950x3d,run-2,4,base64ct-1.8.3,encode,standard,padded,2,4,2097152,16950698,235.978483,external,avx512-vbmi,avx512-vbmi,x86_64,linux,0
1,commit-3-amd-9950x3d,run-2,0,base64ct-1.8.3,decode,standard,padded,2,4,2097152,56971313,70.210774,external,avx512-vbmi,avx512-vbmi,x86_64,linux,0
1,commit-3-amd-9950x3d,run-2,1,base64ct-1.8.3,decode,standard,padded,2,4,2097152,55759923,71.736111,external,avx512-vbmi,avx512-vbmi,x86_64,linux,0
1,commit-3-amd-9950x3d,run-2,2,base64ct-1.8.3,decode,standard,padded,2,4,2097152,55877103,71.585673,external,avx512-vbmi,avx512-vbmi,x86_64,linux,0
1,commit-3-amd-9950x3d,run-2,3,base64ct-1.8.3,decode,standard,padded,2,4,2097152,56768732,70.461324,external,avx512-vbmi,avx512-vbmi,x86_64,linux,0
1,commit-3-amd-9950x3d,run-2,4,base64ct-1.8.3,decode,standard,padded,2,4,2097152,56597609,70.674364,external,avx512-vbmi,avx512-vbmi,x86_64,linux,0
1,commit-3-amd-9950x3d,run-2,0,base64-ng,encode,standard,padded,3,4,1398101,18488312,216.352853,auto,avx512-vbmi,avx512-vbmi,x86_64,linux,0
1,commit-3-amd-9950x3d,run-2,1,base64-ng,encode,standard,padded,3,4,1398101,18385770,217.559506,auto,avx512-vbmi,avx512-vbmi,x86_64,linux,0
1,commit-3-amd-9950x3d,run-2,2,base64-ng,encode,standard,padded,3,4,1398101,18308504,218.477656,auto,avx512-vbmi,avx512-vbmi,x86_64,linux,0
1,commit-3-amd-9950x3d,run-2,3,base64-ng,encode,standard,padded,3,4,1398101,18133404,220.587323,auto,avx512-vbmi,avx512-vbmi,x86_64,linux,0
1,commit-3-amd-9950x3d,run-2,4,base64-ng,encode,standard,padded,3,4,1398101,18024940,221.914694,auto,avx512-vbmi,avx512-vbmi,x86_64,linux,0
1,commit-3-amd-9950x3d,run-2,0,base64-ng,decode,standard,padded,3,4,1398101,24992616,160.047233,auto,avx512-vbmi,avx512-vbmi,x86_64,linux,0
1,commit-3-amd-9950x3d,run-2,1,base64-ng,decode,standard,padded,3,4,1398101,24580761,162.728853,auto,avx512-vbmi,avx512-vbmi,x86_64,linux,0
1,commit-3-amd-9950x3d,run-2,2,base64-ng,decode,standard,padded,3,4,1398101,24632408,162.387658,auto,avx512-vbmi,avx512-vbmi,x86_64,linux,0
1,commit-3-amd-9950x3d,run-2,3,base64-ng,decode,standard,padded,3,4,1398101,24609926,162.536005,auto,avx512-vbmi,avx512-vbmi,x86_64,linux,0
1,commit-3-amd-9950x3d,run-2,4,base64-ng,decode,standard,padded,3,4,1398101,25033233,159.787553,auto,avx512-vbmi,avx512-vbmi,x86_64,linux,0
1,commit-3-amd-9950x3d,run-2,0,base64-ng,encode,standard,padded,3,4,1398101,17977270,222.503141,scalar,avx512-vbmi,avx512-vbmi,x86_64,linux,0
1,commit-3-amd-9950x3d,run-2,1,base64-ng,encode,standard,padded,3,4,1398101,17939660,222.969613,scalar,avx512-vbmi,avx512-vbmi,x86_64,linux,0
1,commit-3-amd-9950x3d,run-2,2,base64-ng,encode,standard,padded,3,4,1398101,17998801,222.236973,scalar,avx512-vbmi,avx512-vbmi,x86_64,linux,0
1,commit-3-amd-9950x3d,run-2,3,base64-ng,encode,standard,padded,3,4,1398101,17948376,222.861336,scalar,avx512-vbmi,avx512-vbmi,x86_64,linux,0
1,commit-3-amd-9950x3d,run-2,4,base64-ng,encode,standard,padded,3,4,1398101,17950981,222.828994,scalar,avx512-vbmi,avx512-vbmi,x86_64,linux,0
1,commit-3-amd-9950x3d,run-2,0,base64-ng,decode,standard,padded,3,4,1398101,18120901,220.739523,scalar,avx512-vbmi,avx512-vbmi,x86_64,linux,0
1,commit-3-amd-9950x3d,run-2,1,base64-ng,decode,standard,padded,3,4,1398101,18309116,218.470354,scalar,avx512-vbmi,avx512-vbmi,x86_64,linux,0
1,commit-3-amd-9950x3d,run-2,2,base64-ng,decode,standard,padded,3,4,1398101,19233215,207.973500,scalar,avx512-vbmi,avx512-vbmi,x86_64,linux,0
1,commit-3-amd-9950x3d,run-2,3,base64-ng,decode,standard,padded,3,4,1398101,18468144,216.589119,scalar,avx512-vbmi,avx512-vbmi,x86_64,linux,0
1,commit-3-amd-9950x3d,run-2,4,base64-ng,decode,standard,padded,3,4,1398101,18115871,220.800813,scalar,avx512-vbmi,avx512-vbmi,x86_64,linux,0
1,commit-3-amd-9950x3d,run-2,0,base64-ng,encode,standard,padded,3,4,1398101,20259787,197.435395,ssse3-sse4.1,avx512-vbmi,avx512-vbmi,x86_64,linux,0
1,commit-3-amd-9950x3d,run-2,1,base64-ng,encode,standard,padded,3,4,1398101,20332434,196.729966,ssse3-sse4.1,avx512-vbmi,avx512-vbmi,x86_64,linux,0
1,commit-3-amd-9950x3d,run-2,2,base64-ng,encode,standard,padded,3,4,1398101,20348895,196.570823,ssse3-sse4.1,avx512-vbmi,avx512-vbmi,x86_64,linux,0
1,commit-3-amd-9950x3d,run-2,3,base64-ng,encode,standard,padded,3,4,1398101,20358152,196.481441,ssse3-sse4.1,avx512-vbmi,avx512-vbmi,x86_64,linux,0
1,commit-3-amd-9950x3d,run-2,4,base64-ng,encode,standard,padded,3,4,1398101,20249598,197.534739,ssse3-sse4.1,avx512-vbmi,avx512-vbmi,x86_64,linux,0
1,commit-3-amd-9950x3d,run-2,0,base64-ng,decode,standard,padded,3,4,1398101,20616879,194.015741,ssse3-sse4.1,avx512-vbmi,avx512-vbmi,x86_64,linux,0
1,commit-3-amd-9950x3d,run-2,1,base64-ng,decode,standard,padded,3,4,1398101,20708372,193.158547,ssse3-sse4.1,avx512-vbmi,avx512-vbmi,x86_64,linux,0
1,commit-3-amd-9950x3d,run-2,2,base64-ng,decode,standard,padded,3,4,1398101,20704194,193.197525,ssse3-sse4.1,avx512-vbmi,avx512-vbmi,x86_64,linux,0
1,commit-3-amd-9950x3d,run-2,3,base64-ng,decode,standard,padded,3,4,1398101,20791257,192.388514,ssse3-sse4.1,avx512-vbmi,avx512-vbmi,x86_64,linux,0
1,commit-3-amd-9950x3d,run-2,4,base64-ng,decode,standard,padded,3,4,1398101,20697792,193.257283,ssse3-sse4.1,avx512-vbmi,avx512-vbmi,x86_64,linux,0
1,commit-3-amd-9950x3d,run-2,0,base64-ng,encode,standard,padded,3,4,1398101,20118561,198.821330,avx2,avx512-vbmi,avx512-vbmi,x86_64,linux,0
1,commit-3-amd-9950x3d,run-2,1,base64-ng,encode,standard,padded,3,4,1398101,20113782,198.868569,avx2,avx512-vbmi,avx512-vbmi,x86_64,linux,0
1,commit-3-amd-9950x3d,run-2,2,base64-ng,encode,standard,padded,3,4,1398101,20264045,197.393909,avx2,avx512-vbmi,avx512-vbmi,x86_64,linux,0
1,commit-3-amd-9950x3d,run-2,3,base64-ng,encode,standard,padded,3,4,1398101,21011752,190.369611,avx2,avx512-vbmi,avx512-vbmi,x86_64,linux,0
1,commit-3-amd-9950x3d,run-2,4,base64-ng,encode,standard,padded,3,4,1398101,20770779,192.578191,avx2,avx512-vbmi,avx512-vbmi,x86_64,linux,0
1,commit-3-amd-9950x3d,run-2,0,base64-ng,decode,standard,padded,3,4,1398101,22025812,181.605066,avx2,avx512-vbmi,avx512-vbmi,x86_64,linux,0
1,commit-3-amd-9950x3d,run-2,1,base64-ng,decode,standard,padded,3,4,1398101,22033466,181.541980,avx2,avx512-vbmi,avx512-vbmi,x86_64,linux,0
1,commit-3-amd-9950x3d,run-2,2,base64-ng,decode,standard,padded,3,4,1398101,22131490,180.737901,avx2,avx512-vbmi,avx512-vbmi,x86_64,linux,0
1,commit-3-amd-9950x3d,run-2,3,base64-ng,decode,standard,padded,3,4,1398101,22129426,180.754758,avx2,avx512-vbmi,avx512-vbmi,x86_64,linux,0
1,commit-3-amd-9950x3d,run-2,4,base64-ng,decode,standard,padded,3,4,1398101,22184961,180.302280,avx2,avx512-vbmi,avx512-vbmi,x86_64,linux,0
1,commit-3-amd-9950x3d,run-2,0,base64-ng,encode,standard,padded,3,4,1398101,20453972,195.560992,avx512-vbmi,avx512-vbmi,avx512-vbmi,x86_64,linux,0
1,commit-3-amd-9950x3d,run-2,1,base64-ng,encode,standard,padded,3,4,1398101,20591291,194.256836,avx512-vbmi,avx512-vbmi,avx512-vbmi,x86_64,linux,0
1,commit-3-amd-9950x3d,run-2,2,base64-ng,encode,standard,padded,3,4,1398101,20553810,194.611074,avx512-vbmi,avx512-vbmi,avx512-vbmi,x86_64,linux,0
1,commit-3-amd-9950x3d,run-2,3,base64-ng,encode,standard,padded,3,4,1398101,20562918,194.524875,avx512-vbmi,avx512-vbmi,avx512-vbmi,x86_64,linux,0
1,commit-3-amd-9950x3d,run-2,4,base64-ng,encode,standard,padded,3,4,1398101,20434847,195.744017,avx512-vbmi,avx512-vbmi,avx512-vbmi,x86_64,linux,0
1,commit-3-amd-9950x3d,run-2,0,base64-ng,decode,standard,padded,3,4,1398101,23536455,169.949087,avx512-vbmi,avx512-vbmi,avx512-vbmi,x86_64,linux,0
1,commit-3-amd-9950x3d,run-2,1,base64-ng,decode,standard,padded,3,4,1398101,23581811,169.622216,avx512-vbmi,avx512-vbmi,avx512-vbmi,x86_64,linux,0
1,commit-3-amd-9950x3d,run-2,2,base64-ng,decode,standard,padded,3,4,1398101,23905470,167.325681,avx512-vbmi,avx512-vbmi,avx512-vbmi,x86_64,linux,0
1,commit-3-amd-9950x3d,run-2,3,base64-ng,decode,standard,padded,3,4,1398101,23805341,168.029479,avx512-vbmi,avx512-vbmi,avx512-vbmi,x86_64,linux,0
1,commit-3-amd-9950x3d,run-2,4,base64-ng,decode,standard,padded,3,4,1398101,23631093,169.268474,avx512-vbmi,avx512-vbmi,avx512-vbmi,x86_64,linux,0
1,commit-3-amd-9950x3d,run-2,0,base64-0.23.0,encode,standard,padded,3,4,1398101,9709728,411.957889,external,avx512-vbmi,avx512-vbmi,x86_64,linux,0
1,commit-3-amd-9950x3d,run-2,1,base64-0.23.0,encode,standard,padded,3,4,1398101,9732290,411.002862,external,avx512-vbmi,avx512-vbmi,x86_64,linux,0
1,commit-3-amd-9950x3d,run-2,2,base64-0.23.0,encode,standard,padded,3,4,1398101,9741107,410.630850,external,avx512-vbmi,avx512-vbmi,x86_64,linux,0
1,commit-3-amd-9950x3d,run-2,3,base64-0.23.0,encode,standard,padded,3,4,1398101,9684901,413.013932,external,avx512-vbmi,avx512-vbmi,x86_64,linux,0
1,commit-3-amd-9950x3d,run-2,4,base64-0.23.0,encode,standard,padded,3,4,1398101,9743240,410.540954,external,avx512-vbmi,avx512-vbmi,x86_64,linux,0
1,commit-3-amd-9950x3d,run-2,0,base64-0.23.0,decode,standard,padded,3,4,1398101,17865771,223.891767,external,avx512-vbmi,avx512-vbmi,x86_64,linux,0
1,commit-3-amd-9950x3d,run-2,1,base64-0.23.0,decode,standard,padded,3,4,1398101,18261706,219.037534,external,avx512-vbmi,avx512-vbmi,x86_64,linux,0
1,commit-3-amd-9950x3d,run-2,2,base64-0.23.0,decode,standard,padded,3,4,1398101,17877993,223.738707,external,avx512-vbmi,avx512-vbmi,x86_64,linux,0
1,commit-3-amd-9950x3d,run-2,3,base64-0.23.0,decode,standard,padded,3,4,1398101,18295730,218.630197,external,avx512-vbmi,avx512-vbmi,x86_64,linux,0
1,commit-3-amd-9950x3d,run-2,4,base64-0.23.0,decode,standard,padded,3,4,1398101,17838539,224.233557,external,avx512-vbmi,avx512-vbmi,x86_64,linux,0
1,commit-3-amd-9950x3d,run-2,0,base64ct-1.8.3,encode,standard,padded,3,4,1398101,6908775,578.973703,external,avx512-vbmi,avx512-vbmi,x86_64,linux,0
1,commit-3-amd-9950x3d,run-2,1,base64ct-1.8.3,encode,standard,padded,3,4,1398101,6912182,578.688328,external,avx512-vbmi,avx512-vbmi,x86_64,linux,0
1,commit-3-amd-9950x3d,run-2,2,base64ct-1.8.3,encode,standard,padded,3,4,1398101,6920066,578.029031,external,avx512-vbmi,avx512-vbmi,x86_64,linux,0
1,commit-3-amd-9950x3d,run-2,3,base64ct-1.8.3,encode,standard,padded,3,4,1398101,6909417,578.919907,external,avx512-vbmi,avx512-vbmi,x86_64,linux,0
1,commit-3-amd-9950x3d,run-2,4,base64ct-1.8.3,encode,standard,padded,3,4,1398101,7011208,570.514959,external,avx512-vbmi,avx512-vbmi,x86_64,linux,0
1,commit-3-amd-9950x3d,run-2,0,base64ct-1.8.3,decode,standard,padded,3,4,1398101,23212425,172.321463,external,avx512-vbmi,avx512-vbmi,x86_64,linux,0
1,commit-3-amd-9950x3d,run-2,1,base64ct-1.8.3,decode,standard,padded,3,4,1398101,23205001,172.376594,external,avx512-vbmi,avx512-vbmi,x86_64,linux,0
1,commit-3-amd-9950x3d,run-2,2,base64ct-1.8.3,decode,standard,padded,3,4,1398101,23058876,173.468952,external,avx512-vbmi,avx512-vbmi,x86_64,linux,0
1,commit-3-amd-9950x3d,run-2,3,base64ct-1.8.3,decode,standard,padded,3,4,1398101,23032336,173.668839,external,avx512-vbmi,avx512-vbmi,x86_64,linux,0
1,commit-3-amd-9950x3d,run-2,4,base64ct-1.8.3,decode,standard,padded,3,4,1398101,23350175,171.304885,external,avx512-vbmi,avx512-vbmi,x86_64,linux,0
1,commit-3-amd-9950x3d,run-2,0,base64-ng,encode,standard,padded,11,16,381300,12941181,309.090506,auto,avx512-vbmi,avx512-vbmi,x86_64,linux,0
1,commit-3-amd-9950x3d,run-2,1,base64-ng,encode,standard,padded,11,16,381300,12917777,309.650506,auto,avx512-vbmi,avx512-vbmi,x86_64,linux,0
1,commit-3-amd-9950x3d,run-2,2,base64-ng,encode,standard,padded,11,16,381300,12797790,312.553666,auto,avx512-vbmi,avx512-vbmi,x86_64,linux,0
1,commit-3-amd-9950x3d,run-2,3,base64-ng,encode,standard,padded,11,16,381300,12789314,312.760808,auto,avx512-vbmi,avx512-vbmi,x86_64,linux,0
1,commit-3-amd-9950x3d,run-2,4,base64-ng,encode,standard,padded,11,16,381300,12807139,312.325507,auto,avx512-vbmi,avx512-vbmi,x86_64,linux,0
1,commit-3-amd-9950x3d,run-2,0,base64-ng,decode,standard,padded,11,16,381300,62428936,64.072791,auto,avx512-vbmi,avx512-vbmi,x86_64,linux,0
1,commit-3-amd-9950x3d,run-2,1,base64-ng,decode,standard,padded,11,16,381300,63254821,63.236226,auto,avx512-vbmi,avx512-vbmi,x86_64,linux,0
1,commit-3-amd-9950x3d,run-2,2,base64-ng,decode,standard,padded,11,16,381300,62265258,64.241221,auto,avx512-vbmi,avx512-vbmi,x86_64,linux,0
1,commit-3-amd-9950x3d,run-2,3,base64-ng,decode,standard,padded,11,16,381300,61985912,64.530731,auto,avx512-vbmi,avx512-vbmi,x86_64,linux,0
1,commit-3-amd-9950x3d,run-2,4,base64-ng,decode,standard,padded,11,16,381300,63716139,62.778383,auto,avx512-vbmi,avx512-vbmi,x86_64,linux,0
1,commit-3-amd-9950x3d,run-2,0,base64-ng,encode,standard,padded,11,16,381300,13068360,306.082491,scalar,avx512-vbmi,avx512-vbmi,x86_64,linux,0
1,commit-3-amd-9950x3d,run-2,1,base64-ng,encode,standard,padded,11,16,381300,13077396,305.870999,scalar,avx512-vbmi,avx512-vbmi,x86_64,linux,0
1,commit-3-amd-9950x3d,run-2,2,base64-ng,encode,standard,padded,11,16,381300,13504280,296.202107,scalar,avx512-vbmi,avx512-vbmi,x86_64,linux,0
1,commit-3-amd-9950x3d,run-2,3,base64-ng,encode,standard,padded,11,16,381300,12695638,315.068544,scalar,avx512-vbmi,avx512-vbmi,x86_64,linux,0
1,commit-3-amd-9950x3d,run-2,4,base64-ng,encode,standard,padded,11,16,381300,12708102,314.759528,scalar,avx512-vbmi,avx512-vbmi,x86_64,linux,0
1,commit-3-amd-9950x3d,run-2,0,base64-ng,decode,standard,padded,11,16,381300,14394647,277.880811,scalar,avx512-vbmi,avx512-vbmi,x86_64,linux,0
1,commit-3-amd-9950x3d,run-2,1,base64-ng,decode,standard,padded,11,16,381300,14407070,277.641199,scalar,avx512-vbmi,avx512-vbmi,x86_64,linux,0
1,commit-3-amd-9950x3d,run-2,2,base64-ng,decode,standard,padded,11,16,381300,14415406,277.480647,scalar,avx512-vbmi,avx512-vbmi,x86_64,linux,0
1,commit-3-amd-9950x3d,run-2,3,base64-ng,decode,standard,padded,11,16,381300,14420665,277.379454,scalar,avx512-vbmi,avx512-vbmi,x86_64,linux,0
1,commit-3-amd-9950x3d,run-2,4,base64-ng,decode,standard,padded,11,16,381300,14419253,277.406616,scalar,avx512-vbmi,avx512-vbmi,x86_64,linux,0
1,commit-3-amd-9950x3d,run-2,0,base64-ng,encode,standard,padded,11,16,381300,13592236,294.285369,ssse3-sse4.1,avx512-vbmi,avx512-vbmi,x86_64,linux,0
1,commit-3-amd-9950x3d,run-2,1,base64-ng,encode,standard,padded,11,16,381300,13361331,299.371087,ssse3-sse4.1,avx512-vbmi,avx512-vbmi,x86_64,linux,0
1,commit-3-amd-9950x3d,run-2,2,base64-ng,encode,standard,padded,11,16,381300,13338568,299.881980,ssse3-sse4.1,avx512-vbmi,avx512-vbmi,x86_64,linux,0
1,commit-3-amd-9950x3d,run-2,3,base64-ng,encode,standard,padded,11,16,381300,13328350,300.111881,ssse3-sse4.1,avx512-vbmi,avx512-vbmi,x86_64,linux,0
1,commit-3-amd-9950x3d,run-2,4,base64-ng,encode,standard,padded,11,16,381300,13335532,299.950252,ssse3-sse4.1,avx512-vbmi,avx512-vbmi,x86_64,linux,0
1,commit-3-amd-9950x3d,run-2,0,base64-ng,decode,standard,padded,11,16,381300,62416864,64.085184,ssse3-sse4.1,avx512-vbmi,avx512-vbmi,x86_64,linux,0
1,commit-3-amd-9950x3d,run-2,1,base64-ng,decode,standard,padded,11,16,381300,62271880,64.234389,ssse3-sse4.1,avx512-vbmi,avx512-vbmi,x86_64,linux,0
1,commit-3-amd-9950x3d,run-2,2,base64-ng,decode,standard,padded,11,16,381300,62455957,64.045071,ssse3-sse4.1,avx512-vbmi,avx512-vbmi,x86_64,linux,0
1,commit-3-amd-9950x3d,run-2,3,base64-ng,decode,standard,padded,11,16,381300,62784897,63.709529,ssse3-sse4.1,avx512-vbmi,avx512-vbmi,x86_64,linux,0
1,commit-3-amd-9950x3d,run-2,4,base64-ng,decode,standard,padded,11,16,381300,62496444,64.003581,ssse3-sse4.1,avx512-vbmi,avx512-vbmi,x86_64,linux,0
1,commit-3-amd-9950x3d,run-2,0,base64-ng,encode,standard,padded,11,16,381300,13535469,295.519585,avx2,avx512-vbmi,avx512-vbmi,x86_64,linux,0
1,commit-3-amd-9950x3d,run-2,1,base64-ng,encode,standard,padded,11,16,381300,13604339,294.023560,avx2,avx512-vbmi,avx512-vbmi,x86_64,linux,0
1,commit-3-amd-9950x3d,run-2,2,base64-ng,encode,standard,padded,11,16,381300,13613366,293.828594,avx2,avx512-vbmi,avx512-vbmi,x86_64,linux,0
1,commit-3-amd-9950x3d,run-2,3,base64-ng,encode,standard,padded,11,16,381300,13637842,293.301256,avx2,avx512-vbmi,avx512-vbmi,x86_64,linux,0
1,commit-3-amd-9950x3d,run-2,4,base64-ng,encode,standard,padded,11,16,381300,13562130,294.938641,avx2,avx512-vbmi,avx512-vbmi,x86_64,linux,0
1,commit-3-amd-9950x3d,run-2,0,base64-ng,decode,standard,padded,11,16,381300,62910743,63.582085,avx2,avx512-vbmi,avx512-vbmi,x86_64,linux,0
1,commit-3-amd-9950x3d,run-2,1,base64-ng,decode,standard,padded,11,16,381300,62536359,63.962729,avx2,avx512-vbmi,avx512-vbmi,x86_64,linux,0
1,commit-3-amd-9950x3d,run-2,2,base64-ng,decode,standard,padded,11,16,381300,62822316,63.671581,avx2,avx512-vbmi,avx512-vbmi,x86_64,linux,0
1,commit-3-amd-9950x3d,run-2,3,base64-ng,decode,standard,padded,11,16,381300,62660642,63.835863,avx2,avx512-vbmi,avx512-vbmi,x86_64,linux,0
1,commit-3-amd-9950x3d,run-2,4,base64-ng,decode,standard,padded,11,16,381300,62734481,63.760728,avx2,avx512-vbmi,avx512-vbmi,x86_64,linux,0
1,commit-3-amd-9950x3d,run-2,0,base64-ng,encode,standard,padded,11,16,381300,13692695,292.126290,avx512-vbmi,avx512-vbmi,avx512-vbmi,x86_64,linux,0
1,commit-3-amd-9950x3d,run-2,1,base64-ng,encode,standard,padded,11,16,381300,13668480,292.643819,avx512-vbmi,avx512-vbmi,avx512-vbmi,x86_64,linux,0
1,commit-3-amd-9950x3d,run-2,2,base64-ng,encode,standard,padded,11,16,381300,13673148,292.543911,avx512-vbmi,avx512-vbmi,avx512-vbmi,x86_64,linux,0
1,commit-3-amd-9950x3d,run-2,3,base64-ng,encode,standard,padded,11,16,381300,13666266,292.691229,avx512-vbmi,avx512-vbmi,avx512-vbmi,x86_64,linux,0
1,commit-3-amd-9950x3d,run-2,4,base64-ng,encode,standard,padded,11,16,381300,13618305,293.722030,avx512-vbmi,avx512-vbmi,avx512-vbmi,x86_64,linux,0
1,commit-3-amd-9950x3d,run-2,0,base64-ng,decode,standard,padded,11,16,381300,63093107,63.398307,avx512-vbmi,avx512-vbmi,avx512-vbmi,x86_64,linux,0
1,commit-3-amd-9950x3d,run-2,1,base64-ng,decode,standard,padded,11,16,381300,62857513,63.635928,avx512-vbmi,avx512-vbmi,avx512-vbmi,x86_64,linux,0
1,commit-3-amd-9950x3d,run-2,2,base64-ng,decode,standard,padded,11,16,381300,62273133,64.233097,avx512-vbmi,avx512-vbmi,avx512-vbmi,x86_64,linux,0
1,commit-3-amd-9950x3d,run-2,3,base64-ng,decode,standard,padded,11,16,381300,62022612,64.492546,avx512-vbmi,avx512-vbmi,avx512-vbmi,x86_64,linux,0
1,commit-3-amd-9950x3d,run-2,4,base64-ng,decode,standard,padded,11,16,381300,62483028,64.017323,avx512-vbmi,avx512-vbmi,avx512-vbmi,x86_64,linux,0
1,commit-3-amd-9950x3d,run-2,0,base64-0.23.0,encode,standard,padded,11,16,381300,3621397,1104.545065,external,avx512-vbmi,avx512-vbmi,x86_64,linux,0
1,commit-3-amd-9950x3d,run-2,1,base64-0.23.0,encode,standard,padded,11,16,381300,3976625,1005.877141,external,avx512-vbmi,avx512-vbmi,x86_64,linux,0
1,commit-3-amd-9950x3d,run-2,2,base64-0.23.0,encode,standard,padded,11,16,381300,3643228,1097.926395,external,avx512-vbmi,avx512-vbmi,x86_64,linux,0
1,commit-3-amd-9950x3d,run-2,3,base64-0.23.0,encode,standard,padded,11,16,381300,3621958,1104.373984,external,avx512-vbmi,avx512-vbmi,x86_64,linux,0
1,commit-3-amd-9950x3d,run-2,4,base64-0.23.0,encode,standard,padded,11,16,381300,3600928,1110.823706,external,avx512-vbmi,avx512-vbmi,x86_64,linux,0
1,commit-3-amd-9950x3d,run-2,0,base64-0.23.0,decode,standard,padded,11,16,381300,5894126,678.641106,external,avx512-vbmi,avx512-vbmi,x86_64,linux,0
1,commit-3-amd-9950x3d,run-2,1,base64-0.23.0,decode,standard,padded,11,16,381300,5880800,680.178919,external,avx512-vbmi,avx512-vbmi,x86_64,linux,0
1,commit-3-amd-9950x3d,run-2,2,base64-0.23.0,decode,standard,padded,11,16,381300,5881211,680.131385,external,avx512-vbmi,avx512-vbmi,x86_64,linux,0
1,commit-3-amd-9950x3d,run-2,3,base64-0.23.0,decode,standard,padded,11,16,381300,5856284,683.026333,external,avx512-vbmi,avx512-vbmi,x86_64,linux,0
1,commit-3-amd-9950x3d,run-2,4,base64-0.23.0,decode,standard,padded,11,16,381300,5872173,681.178192,external,avx512-vbmi,avx512-vbmi,x86_64,linux,0
1,commit-3-amd-9950x3d,run-2,0,base64ct-1.8.3,encode,standard,padded,11,16,381300,4477258,893.403102,external,avx512-vbmi,avx512-vbmi,x86_64,linux,0
1,commit-3-amd-9950x3d,run-2,1,base64ct-1.8.3,encode,standard,padded,11,16,381300,4518636,885.222042,external,avx512-vbmi,avx512-vbmi,x86_64,linux,0
1,commit-3-amd-9950x3d,run-2,2,base64ct-1.8.3,encode,standard,padded,11,16,381300,4535327,881.964230,external,avx512-vbmi,avx512-vbmi,x86_64,linux,0
1,commit-3-amd-9950x3d,run-2,3,base64ct-1.8.3,encode,standard,padded,11,16,381300,4533964,882.229366,external,avx512-vbmi,avx512-vbmi,x86_64,linux,0
1,commit-3-amd-9950x3d,run-2,4,base64ct-1.8.3,encode,standard,padded,11,16,381300,4530729,882.859289,external,avx512-vbmi,avx512-vbmi,x86_64,linux,0
1,commit-3-amd-9950x3d,run-2,0,base64ct-1.8.3,decode,standard,padded,11,16,381300,13569463,294.779254,external,avx512-vbmi,avx512-vbmi,x86_64,linux,0
1,commit-3-amd-9950x3d,run-2,1,base64ct-1.8.3,decode,standard,padded,11,16,381300,13521162,295.832280,external,avx512-vbmi,avx512-vbmi,x86_64,linux,0
1,commit-3-amd-9950x3d,run-2,2,base64ct-1.8.3,decode,standard,padded,11,16,381300,13498770,296.323012,external,avx512-vbmi,avx512-vbmi,x86_64,linux,0
1,commit-3-amd-9950x3d,run-2,3,base64ct-1.8.3,decode,standard,padded,11,16,381300,13487258,296.575937,external,avx512-vbmi,avx512-vbmi,x86_64,linux,0
1,commit-3-amd-9950x3d,run-2,4,base64ct-1.8.3,decode,standard,padded,11,16,381300,13501294,296.267616,external,avx512-vbmi,avx512-vbmi,x86_64,linux,0
1,commit-3-amd-9950x3d,run-2,0,base64-ng,encode,standard,padded,12,16,349525,12747416,313.788786,auto,avx512-vbmi,avx512-vbmi,x86_64,linux,0
1,commit-3-amd-9950x3d,run-2,1,base64-ng,encode,standard,padded,12,16,349525,12768144,313.279376,auto,avx512-vbmi,avx512-vbmi,x86_64,linux,0
1,commit-3-amd-9950x3d,run-2,2,base64-ng,encode,standard,padded,12,16,349525,12763316,313.397881,auto,avx512-vbmi,avx512-vbmi,x86_64,linux,0
1,commit-3-amd-9950x3d,run-2,3,base64-ng,encode,standard,padded,12,16,349525,12764137,313.377723,auto,avx512-vbmi,avx512-vbmi,x86_64,linux,0
1,commit-3-amd-9950x3d,run-2,4,base64-ng,encode,standard,padded,12,16,349525,12757505,313.540632,auto,avx512-vbmi,avx512-vbmi,x86_64,linux,0
1,commit-3-amd-9950x3d,run-2,0,base64-ng,decode,standard,padded,12,16,349525,56221732,71.146798,auto,avx512-vbmi,avx512-vbmi,x86_64,linux,0
1,commit-3-amd-9950x3d,run-2,1,base64-ng,decode,standard,padded,12,16,349525,56151089,71.236306,auto,avx512-vbmi,avx512-vbmi,x86_64,linux,0
1,commit-3-amd-9950x3d,run-2,2,base64-ng,decode,standard,padded,12,16,349525,56218085,71.151413,auto,avx512-vbmi,avx512-vbmi,x86_64,linux,0
1,commit-3-amd-9950x3d,run-2,3,base64-ng,decode,standard,padded,12,16,349525,56251688,71.108909,auto,avx512-vbmi,avx512-vbmi,x86_64,linux,0
1,commit-3-amd-9950x3d,run-2,4,base64-ng,decode,standard,padded,12,16,349525,56153293,71.233510,auto,avx512-vbmi,avx512-vbmi,x86_64,linux,0
1,commit-3-amd-9950x3d,run-2,0,base64-ng,encode,standard,padded,12,16,349525,12545826,318.830835,scalar,avx512-vbmi,avx512-vbmi,x86_64,linux,0
1,commit-3-amd-9950x3d,run-2,1,base64-ng,encode,standard,padded,12,16,349525,12542099,318.925579,scalar,avx512-vbmi,avx512-vbmi,x86_64,linux,0
1,commit-3-amd-9950x3d,run-2,2,base64-ng,encode,standard,padded,12,16,349525,12648179,316.250757,scalar,avx512-vbmi,avx512-vbmi,x86_64,linux,0
1,commit-3-amd-9950x3d,run-2,3,base64-ng,encode,standard,padded,12,16,349525,12610628,317.192465,scalar,avx512-vbmi,avx512-vbmi,x86_64,linux,0
1,commit-3-amd-9950x3d,run-2,4,base64-ng,encode,standard,padded,12,16,349525,12665241,315.824719,scalar,avx512-vbmi,avx512-vbmi,x86_64,linux,0
1,commit-3-amd-9950x3d,run-2,0,base64-ng,decode,standard,padded,12,16,349525,13820916,289.416142,scalar,avx512-vbmi,avx512-vbmi,x86_64,linux,0
1,commit-3-amd-9950x3d,run-2,1,base64-ng,decode,standard,padded,12,16,349525,13818252,289.471938,scalar,avx512-vbmi,avx512-vbmi,x86_64,linux,0
1,commit-3-amd-9950x3d,run-2,2,base64-ng,decode,standard,padded,12,16,349525,13819263,289.450761,scalar,avx512-vbmi,avx512-vbmi,x86_64,linux,0
1,commit-3-amd-9950x3d,run-2,3,base64-ng,decode,standard,padded,12,16,349525,13808603,289.674211,scalar,avx512-vbmi,avx512-vbmi,x86_64,linux,0
1,commit-3-amd-9950x3d,run-2,4,base64-ng,decode,standard,padded,12,16,349525,13811609,289.611166,scalar,avx512-vbmi,avx512-vbmi,x86_64,linux,0
1,commit-3-amd-9950x3d,run-2,0,base64-ng,encode,standard,padded,12,16,349525,18555990,215.563610,ssse3-sse4.1,avx512-vbmi,avx512-vbmi,x86_64,linux,0
1,commit-3-amd-9950x3d,run-2,1,base64-ng,encode,standard,padded,12,16,349525,18639026,214.603284,ssse3-sse4.1,avx512-vbmi,avx512-vbmi,x86_64,linux,0
1,commit-3-amd-9950x3d,run-2,2,base64-ng,encode,standard,padded,12,16,349525,18453026,216.766409,ssse3-sse4.1,avx512-vbmi,avx512-vbmi,x86_64,linux,0
1,commit-3-amd-9950x3d,run-2,3,base64-ng,encode,standard,padded,12,16,349525,18331477,218.203704,ssse3-sse4.1,avx512-vbmi,avx512-vbmi,x86_64,linux,0
1,commit-3-amd-9950x3d,run-2,4,base64-ng,encode,standard,padded,12,16,349525,18537155,215.782637,ssse3-sse4.1,avx512-vbmi,avx512-vbmi,x86_64,linux,0
1,commit-3-amd-9950x3d,run-2,0,base64-ng,decode,standard,padded,12,16,349525,55536061,72.025205,ssse3-sse4.1,avx512-vbmi,avx512-vbmi,x86_64,linux,0
1,commit-3-amd-9950x3d,run-2,1,base64-ng,decode,standard,padded,12,16,349525,55479084,72.099175,ssse3-sse4.1,avx512-vbmi,avx512-vbmi,x86_64,linux,0
1,commit-3-amd-9950x3d,run-2,2,base64-ng,decode,standard,padded,12,16,349525,55637672,71.893666,ssse3-sse4.1,avx512-vbmi,avx512-vbmi,x86_64,linux,0
1,commit-3-amd-9950x3d,run-2,3,base64-ng,decode,standard,padded,12,16,349525,55553584,72.002487,ssse3-sse4.1,avx512-vbmi,avx512-vbmi,x86_64,linux,0
1,commit-3-amd-9950x3d,run-2,4,base64-ng,decode,standard,padded,12,16,349525,55747859,71.751566,ssse3-sse4.1,avx512-vbmi,avx512-vbmi,x86_64,linux,0
1,commit-3-amd-9950x3d,run-2,0,base64-ng,encode,standard,padded,12,16,349525,13174539,303.615647,avx2,avx512-vbmi,avx512-vbmi,x86_64,linux,0
1,commit-3-amd-9950x3d,run-2,1,base64-ng,encode,standard,padded,12,16,349525,13115689,304.977968,avx2,avx512-vbmi,avx512-vbmi,x86_64,linux,0
1,commit-3-amd-9950x3d,run-2,2,base64-ng,encode,standard,padded,12,16,349525,13099859,305.346507,avx2,avx512-vbmi,avx512-vbmi,x86_64,linux,0
1,commit-3-amd-9950x3d,run-2,3,base64-ng,encode,standard,padded,12,16,349525,13104678,305.234221,avx2,avx512-vbmi,avx512-vbmi,x86_64,linux,0
1,commit-3-amd-9950x3d,run-2,4,base64-ng,encode,standard,padded,12,16,349525,13104568,305.236783,avx2,avx512-vbmi,avx512-vbmi,x86_64,linux,0
1,commit-3-amd-9950x3d,run-2,0,base64-ng,decode,standard,padded,12,16,349525,55566278,71.986038,avx2,avx512-vbmi,avx512-vbmi,x86_64,linux,0
1,commit-3-amd-9950x3d,run-2,1,base64-ng,decode,standard,padded,12,16,349525,55477872,72.100750,avx2,avx512-vbmi,avx512-vbmi,x86_64,linux,0
1,commit-3-amd-9950x3d,run-2,2,base64-ng,decode,standard,padded,12,16,349525,55508680,72.060733,avx2,avx512-vbmi,avx512-vbmi,x86_64,linux,0
1,commit-3-amd-9950x3d,run-2,3,base64-ng,decode,standard,padded,12,16,349525,55959277,71.480484,avx2,avx512-vbmi,avx512-vbmi,x86_64,linux,0
1,commit-3-amd-9950x3d,run-2,4,base64-ng,decode,standard,padded,12,16,349525,55931886,71.515489,avx2,avx512-vbmi,avx512-vbmi,x86_64,linux,0
1,commit-3-amd-9950x3d,run-2,0,base64-ng,encode,standard,padded,12,16,349525,13149402,304.196053,avx512-vbmi,avx512-vbmi,avx512-vbmi,x86_64,linux,0
1,commit-3-amd-9950x3d,run-2,1,base64-ng,encode,standard,padded,12,16,349525,13162307,303.897803,avx512-vbmi,avx512-vbmi,avx512-vbmi,x86_64,linux,0
1,commit-3-amd-9950x3d,run-2,2,base64-ng,encode,standard,padded,12,16,349525,13143031,304.343510,avx512-vbmi,avx512-vbmi,avx512-vbmi,x86_64,linux,0
1,commit-3-amd-9950x3d,run-2,3,base64-ng,encode,standard,padded,12,16,349525,13146287,304.268132,avx512-vbmi,avx512-vbmi,avx512-vbmi,x86_64,linux,0
1,commit-3-amd-9950x3d,run-2,4,base64-ng,encode,standard,padded,12,16,349525,13201390,302.998107,avx512-vbmi,avx512-vbmi,avx512-vbmi,x86_64,linux,0
1,commit-3-amd-9950x3d,run-2,0,base64-ng,decode,standard,padded,12,16,349525,58624916,68.230310,avx512-vbmi,avx512-vbmi,avx512-vbmi,x86_64,linux,0
1,commit-3-amd-9950x3d,run-2,1,base64-ng,decode,standard,padded,12,16,349525,58001823,68.963284,avx512-vbmi,avx512-vbmi,avx512-vbmi,x86_64,linux,0
1,commit-3-amd-9950x3d,run-2,2,base64-ng,decode,standard,padded,12,16,349525,57672723,69.356812,avx512-vbmi,avx512-vbmi,avx512-vbmi,x86_64,linux,0
1,commit-3-amd-9950x3d,run-2,3,base64-ng,decode,standard,padded,12,16,349525,57406832,69.678051,avx512-vbmi,avx512-vbmi,avx512-vbmi,x86_64,linux,0
1,commit-3-amd-9950x3d,run-2,4,base64-ng,decode,standard,padded,12,16,349525,57489919,69.577349,avx512-vbmi,avx512-vbmi,avx512-vbmi,x86_64,linux,0
1,commit-3-amd-9950x3d,run-2,0,base64-0.23.0,encode,standard,padded,12,16,349525,3207799,1246.959733,external,avx512-vbmi,avx512-vbmi,x86_64,linux,0
1,commit-3-amd-9950x3d,run-2,1,base64-0.23.0,encode,standard,padded,12,16,349525,3295293,1213.851450,external,avx512-vbmi,avx512-vbmi,x86_64,linux,0
1,commit-3-amd-9950x3d,run-2,2,base64-0.23.0,encode,standard,padded,12,16,349525,3319138,1205.131027,external,avx512-vbmi,avx512-vbmi,x86_64,linux,0
1,commit-3-amd-9950x3d,run-2,3,base64-0.23.0,encode,standard,padded,12,16,349525,3291475,1215.259476,external,avx512-vbmi,avx512-vbmi,x86_64,linux,0
1,commit-3-amd-9950x3d,run-2,4,base64-0.23.0,encode,standard,padded,12,16,349525,3301985,1211.391386,external,avx512-vbmi,avx512-vbmi,x86_64,linux,0
1,commit-3-amd-9950x3d,run-2,0,base64-0.23.0,decode,standard,padded,12,16,349525,5324163,751.291083,external,avx512-vbmi,avx512-vbmi,x86_64,linux,0
1,commit-3-amd-9950x3d,run-2,1,base64-0.23.0,decode,standard,padded,12,16,349525,5356794,746.714581,external,avx512-vbmi,avx512-vbmi,x86_64,linux,0
1,commit-3-amd-9950x3d,run-2,2,base64-0.23.0,decode,standard,padded,12,16,349525,5354609,747.019285,external,avx512-vbmi,avx512-vbmi,x86_64,linux,0
1,commit-3-amd-9950x3d,run-2,3,base64-0.23.0,decode,standard,padded,12,16,349525,5354940,746.973110,external,avx512-vbmi,avx512-vbmi,x86_64,linux,0
1,commit-3-amd-9950x3d,run-2,4,base64-0.23.0,decode,standard,padded,12,16,349525,5343969,748.506622,external,avx512-vbmi,avx512-vbmi,x86_64,linux,0
1,commit-3-amd-9950x3d,run-2,0,base64ct-1.8.3,encode,standard,padded,12,16,349525,2970572,1346.540729,external,avx512-vbmi,avx512-vbmi,x86_64,linux,0
1,commit-3-amd-9950x3d,run-2,1,base64ct-1.8.3,encode,standard,padded,12,16,349525,2972035,1345.877887,external,avx512-vbmi,avx512-vbmi,x86_64,linux,0
1,commit-3-amd-9950x3d,run-2,2,base64ct-1.8.3,encode,standard,padded,12,16,349525,2975250,1344.423556,external,avx512-vbmi,avx512-vbmi,x86_64,linux,0
1,commit-3-amd-9950x3d,run-2,3,base64ct-1.8.3,encode,standard,padded,12,16,349525,2969810,1346.886227,external,avx512-vbmi,avx512-vbmi,x86_64,linux,0
1,commit-3-amd-9950x3d,run-2,4,base64ct-1.8.3,encode,standard,padded,12,16,349525,2976813,1343.717656,external,avx512-vbmi,avx512-vbmi,x86_64,linux,0
1,commit-3-amd-9950x3d,run-2,0,base64ct-1.8.3,decode,standard,padded,12,16,349525,9439719,423.741023,external,avx512-vbmi,avx512-vbmi,x86_64,linux,0
1,commit-3-amd-9950x3d,run-2,1,base64ct-1.8.3,decode,standard,padded,12,16,349525,9035538,442.695962,external,avx512-vbmi,avx512-vbmi,x86_64,linux,0
1,commit-3-amd-9950x3d,run-2,2,base64ct-1.8.3,decode,standard,padded,12,16,349525,9034747,442.734720,external,avx512-vbmi,avx512-vbmi,x86_64,linux,0
1,commit-3-amd-9950x3d,run-2,3,base64ct-1.8.3,decode,standard,padded,12,16,349525,9035409,442.702282,external,avx512-vbmi,avx512-vbmi,x86_64,linux,0
1,commit-3-amd-9950x3d,run-2,4,base64ct-1.8.3,decode,standard,padded,12,16,349525,9030419,442.946909,external,avx512-vbmi,avx512-vbmi,x86_64,linux,0
1,commit-3-amd-9950x3d,run-2,0,base64-ng,encode,standard,padded,15,20,279620,12457339,321.095555,auto,avx512-vbmi,avx512-vbmi,x86_64,linux,0
1,commit-3-amd-9950x3d,run-2,1,base64-ng,encode,standard,padded,15,20,279620,12376959,323.180854,auto,avx512-vbmi,avx512-vbmi,x86_64,linux,0
1,commit-3-amd-9950x3d,run-2,2,base64-ng,encode,standard,padded,15,20,279620,12366378,323.457377,auto,avx512-vbmi,avx512-vbmi,x86_64,linux,0
1,commit-3-amd-9950x3d,run-2,3,base64-ng,encode,standard,padded,15,20,279620,12397578,322.643357,auto,avx512-vbmi,avx512-vbmi,x86_64,linux,0
1,commit-3-amd-9950x3d,run-2,4,base64-ng,encode,standard,padded,15,20,279620,12398279,322.625115,auto,avx512-vbmi,avx512-vbmi,x86_64,linux,0
1,commit-3-amd-9950x3d,run-2,0,base64-ng,decode,standard,padded,15,20,279620,48749446,82.052136,auto,avx512-vbmi,avx512-vbmi,x86_64,linux,0
1,commit-3-amd-9950x3d,run-2,1,base64-ng,decode,standard,padded,15,20,279620,48887385,81.820621,auto,avx512-vbmi,avx512-vbmi,x86_64,linux,0
1,commit-3-amd-9950x3d,run-2,2,base64-ng,decode,standard,padded,15,20,279620,48781596,81.998059,auto,avx512-vbmi,avx512-vbmi,x86_64,linux,0
1,commit-3-amd-9950x3d,run-2,3,base64-ng,decode,standard,padded,15,20,279620,48927762,81.753099,auto,avx512-vbmi,avx512-vbmi,x86_64,linux,0
1,commit-3-amd-9950x3d,run-2,4,base64-ng,decode,standard,padded,15,20,279620,48779462,82.001646,auto,avx512-vbmi,avx512-vbmi,x86_64,linux,0
1,commit-3-amd-9950x3d,run-2,0,base64-ng,encode,standard,padded,15,20,279620,12216526,327.425013,scalar,avx512-vbmi,avx512-vbmi,x86_64,linux,0
1,commit-3-amd-9950x3d,run-2,1,base64-ng,encode,standard,padded,15,20,279620,12219832,327.336430,scalar,avx512-vbmi,avx512-vbmi,x86_64,linux,0
1,commit-3-amd-9950x3d,run-2,2,base64-ng,encode,standard,padded,15,20,279620,12217969,327.386343,scalar,avx512-vbmi,avx512-vbmi,x86_64,linux,0
1,commit-3-amd-9950x3d,run-2,3,base64-ng,encode,standard,padded,15,20,279620,12224933,327.199845,scalar,avx512-vbmi,avx512-vbmi,x86_64,linux,0
1,commit-3-amd-9950x3d,run-2,4,base64-ng,encode,standard,padded,15,20,279620,12233248,326.977446,scalar,avx512-vbmi,avx512-vbmi,x86_64,linux,0
1,commit-3-amd-9950x3d,run-2,0,base64-ng,decode,standard,padded,15,20,279620,13623755,293.604530,scalar,avx512-vbmi,avx512-vbmi,x86_64,linux,0
1,commit-3-amd-9950x3d,run-2,1,base64-ng,decode,standard,padded,15,20,279620,13548574,295.233741,scalar,avx512-vbmi,avx512-vbmi,x86_64,linux,0
1,commit-3-amd-9950x3d,run-2,2,base64-ng,decode,standard,padded,15,20,279620,13619948,293.686597,scalar,avx512-vbmi,avx512-vbmi,x86_64,linux,0
1,commit-3-amd-9950x3d,run-2,3,base64-ng,decode,standard,padded,15,20,279620,13608026,293.943896,scalar,avx512-vbmi,avx512-vbmi,x86_64,linux,0
1,commit-3-amd-9950x3d,run-2,4,base64-ng,decode,standard,padded,15,20,279620,13608767,293.927891,scalar,avx512-vbmi,avx512-vbmi,x86_64,linux,0
1,commit-3-amd-9950x3d,run-2,0,base64-ng,encode,standard,padded,15,20,279620,16963572,235.799169,ssse3-sse4.1,avx512-vbmi,avx512-vbmi,x86_64,linux,0
1,commit-3-amd-9950x3d,run-2,1,base64-ng,encode,standard,padded,15,20,279620,16951029,235.973650,ssse3-sse4.1,avx512-vbmi,avx512-vbmi,x86_64,linux,0
1,commit-3-amd-9950x3d,run-2,2,base64-ng,encode,standard,padded,15,20,279620,16829870,237.672435,ssse3-sse4.1,avx512-vbmi,avx512-vbmi,x86_64,linux,0
1,commit-3-amd-9950x3d,run-2,3,base64-ng,encode,standard,padded,15,20,279620,16762804,238.623334,ssse3-sse4.1,avx512-vbmi,avx512-vbmi,x86_64,linux,0
1,commit-3-amd-9950x3d,run-2,4,base64-ng,encode,standard,padded,15,20,279620,16783583,238.327906,ssse3-sse4.1,avx512-vbmi,avx512-vbmi,x86_64,linux,0
1,commit-3-amd-9950x3d,run-2,0,base64-ng,decode,standard,padded,15,20,279620,49715474,80.457770,ssse3-sse4.1,avx512-vbmi,avx512-vbmi,x86_64,linux,0
1,commit-3-amd-9950x3d,run-2,1,base64-ng,decode,standard,padded,15,20,279620,48798759,81.969219,ssse3-sse4.1,avx512-vbmi,avx512-vbmi,x86_64,linux,0
1,commit-3-amd-9950x3d,run-2,2,base64-ng,decode,standard,padded,15,20,279620,48564518,82.364581,ssse3-sse4.1,avx512-vbmi,avx512-vbmi,x86_64,linux,0
1,commit-3-amd-9950x3d,run-2,3,base64-ng,decode,standard,padded,15,20,279620,48604703,82.296484,ssse3-sse4.1,avx512-vbmi,avx512-vbmi,x86_64,linux,0
1,commit-3-amd-9950x3d,run-2,4,base64-ng,decode,standard,padded,15,20,279620,48554108,82.382240,ssse3-sse4.1,avx512-vbmi,avx512-vbmi,x86_64,linux,0
1,commit-3-amd-9950x3d,run-2,0,base64-ng,encode,standard,padded,15,20,279620,12734171,314.115162,avx2,avx512-vbmi,avx512-vbmi,x86_64,linux,0
1,commit-3-amd-9950x3d,run-2,1,base64-ng,encode,standard,padded,15,20,279620,12681752,315.413532,avx2,avx512-vbmi,avx512-vbmi,x86_64,linux,0
1,commit-3-amd-9950x3d,run-2,2,base64-ng,encode,standard,padded,15,20,279620,12657076,316.028456,avx2,avx512-vbmi,avx512-vbmi,x86_64,linux,0
1,commit-3-amd-9950x3d,run-2,3,base64-ng,encode,standard,padded,15,20,279620,12671102,315.678635,avx2,avx512-vbmi,avx512-vbmi,x86_64,linux,0
1,commit-3-amd-9950x3d,run-2,4,base64-ng,encode,standard,padded,15,20,279620,12668618,315.740532,avx2,avx512-vbmi,avx512-vbmi,x86_64,linux,0
1,commit-3-amd-9950x3d,run-2,0,base64-ng,decode,standard,padded,15,20,279620,48368690,82.698047,avx2,avx512-vbmi,avx512-vbmi,x86_64,linux,0
1,commit-3-amd-9950x3d,run-2,1,base64-ng,decode,standard,padded,15,20,279620,48481221,82.506094,avx2,avx512-vbmi,avx512-vbmi,x86_64,linux,0
1,commit-3-amd-9950x3d,run-2,2,base64-ng,decode,standard,padded,15,20,279620,49350948,81.052064,avx2,avx512-vbmi,avx512-vbmi,x86_64,linux,0
1,commit-3-amd-9950x3d,run-2,3,base64-ng,decode,standard,padded,15,20,279620,48650690,82.218694,avx2,avx512-vbmi,avx512-vbmi,x86_64,linux,0
1,commit-3-amd-9950x3d,run-2,4,base64-ng,decode,standard,padded,15,20,279620,48672972,82.181055,avx2,avx512-vbmi,avx512-vbmi,x86_64,linux,0
1,commit-3-amd-9950x3d,run-2,0,base64-ng,encode,standard,padded,15,20,279620,12752505,313.663565,avx512-vbmi,avx512-vbmi,avx512-vbmi,x86_64,linux,0
1,commit-3-amd-9950x3d,run-2,1,base64-ng,encode,standard,padded,15,20,279620,12751594,313.685974,avx512-vbmi,avx512-vbmi,avx512-vbmi,x86_64,linux,0
1,commit-3-amd-9950x3d,run-2,2,base64-ng,encode,standard,padded,15,20,279620,12819061,312.035038,avx512-vbmi,avx512-vbmi,avx512-vbmi,x86_64,linux,0
1,commit-3-amd-9950x3d,run-2,3,base64-ng,encode,standard,padded,15,20,279620,12780438,312.978020,avx512-vbmi,avx512-vbmi,avx512-vbmi,x86_64,linux,0
1,commit-3-amd-9950x3d,run-2,4,base64-ng,encode,standard,padded,15,20,279620,12749661,313.733533,avx512-vbmi,avx512-vbmi,avx512-vbmi,x86_64,linux,0
1,commit-3-amd-9950x3d,run-2,0,base64-ng,decode,standard,padded,15,20,279620,49145241,81.391323,avx512-vbmi,avx512-vbmi,avx512-vbmi,x86_64,linux,0
1,commit-3-amd-9950x3d,run-2,1,base64-ng,decode,standard,padded,15,20,279620,49122448,81.429089,avx512-vbmi,avx512-vbmi,avx512-vbmi,x86_64,linux,0
1,commit-3-amd-9950x3d,run-2,2,base64-ng,decode,standard,padded,15,20,279620,49066633,81.521717,avx512-vbmi,avx512-vbmi,avx512-vbmi,x86_64,linux,0
1,commit-3-amd-9950x3d,run-2,3,base64-ng,decode,standard,padded,15,20,279620,49105796,81.456702,avx512-vbmi,avx512-vbmi,avx512-vbmi,x86_64,linux,0
1,commit-3-amd-9950x3d,run-2,4,base64-ng,decode,standard,padded,15,20,279620,49113291,81.444271,avx512-vbmi,avx512-vbmi,avx512-vbmi,x86_64,linux,0
1,commit-3-amd-9950x3d,run-2,0,base64-0.23.0,encode,standard,padded,15,20,279620,2814548,1421.185990,external,avx512-vbmi,avx512-vbmi,x86_64,linux,0
1,commit-3-amd-9950x3d,run-2,1,base64-0.23.0,encode,standard,padded,15,20,279620,2915609,1371.924763,external,avx512-vbmi,avx512-vbmi,x86_64,linux,0
1,commit-3-amd-9950x3d,run-2,2,base64-0.23.0,encode,standard,padded,15,20,279620,2878088,1389.810244,external,avx512-vbmi,avx512-vbmi,x86_64,linux,0
1,commit-3-amd-9950x3d,run-2,3,base64-0.23.0,encode,standard,padded,15,20,279620,2994246,1335.894307,external,avx512-vbmi,avx512-vbmi,x86_64,linux,0
1,commit-3-amd-9950x3d,run-2,4,base64-0.23.0,encode,standard,padded,15,20,279620,2902414,1378.161828,external,avx512-vbmi,avx512-vbmi,x86_64,linux,0
1,commit-3-amd-9950x3d,run-2,0,base64-0.23.0,decode,standard,padded,15,20,279620,4594649,870.577096,external,avx512-vbmi,avx512-vbmi,x86_64,linux,0
1,commit-3-amd-9950x3d,run-2,1,base64-0.23.0,decode,standard,padded,15,20,279620,4644062,861.314122,external,avx512-vbmi,avx512-vbmi,x86_64,linux,0
1,commit-3-amd-9950x3d,run-2,2,base64-0.23.0,decode,standard,padded,15,20,279620,4750763,841.969213,external,avx512-vbmi,avx512-vbmi,x86_64,linux,0
1,commit-3-amd-9950x3d,run-2,3,base64-0.23.0,decode,standard,padded,15,20,279620,4641307,861.825384,external,avx512-vbmi,avx512-vbmi,x86_64,linux,0
1,commit-3-amd-9950x3d,run-2,4,base64-0.23.0,decode,standard,padded,15,20,279620,4632130,863.532799,external,avx512-vbmi,avx512-vbmi,x86_64,linux,0
1,commit-3-amd-9950x3d,run-2,0,base64ct-1.8.3,encode,standard,padded,15,20,279620,2761919,1448.267015,external,avx512-vbmi,avx512-vbmi,x86_64,linux,0
1,commit-3-amd-9950x3d,run-2,1,base64ct-1.8.3,encode,standard,padded,15,20,279620,3247594,1231.679879,external,avx512-vbmi,avx512-vbmi,x86_64,linux,0
1,commit-3-amd-9950x3d,run-2,2,base64ct-1.8.3,encode,standard,padded,15,20,279620,2747232,1456.009607,external,avx512-vbmi,avx512-vbmi,x86_64,linux,0
1,commit-3-amd-9950x3d,run-2,3,base64ct-1.8.3,encode,standard,padded,15,20,279620,2755948,1451.404811,external,avx512-vbmi,avx512-vbmi,x86_64,linux,0
1,commit-3-amd-9950x3d,run-2,4,base64ct-1.8.3,encode,standard,padded,15,20,279620,2755647,1451.563348,external,avx512-vbmi,avx512-vbmi,x86_64,linux,0
1,commit-3-amd-9950x3d,run-2,0,base64ct-1.8.3,decode,standard,padded,15,20,279620,8249068,484.902802,external,avx512-vbmi,avx512-vbmi,x86_64,linux,0
1,commit-3-amd-9950x3d,run-2,1,base64ct-1.8.3,decode,standard,padded,15,20,279620,8132949,491.826050,external,avx512-vbmi,avx512-vbmi,x86_64,linux,0
1,commit-3-amd-9950x3d,run-2,2,base64ct-1.8.3,decode,standard,padded,15,20,279620,8243828,485.211019,external,avx512-vbmi,avx512-vbmi,x86_64,linux,0
1,commit-3-amd-9950x3d,run-2,3,base64ct-1.8.3,decode,standard,padded,15,20,279620,8127159,492.176440,external,avx512-vbmi,avx512-vbmi,x86_64,linux,0
1,commit-3-amd-9950x3d,run-2,4,base64ct-1.8.3,decode,standard,padded,15,20,279620,8232928,485.853415,external,avx512-vbmi,avx512-vbmi,x86_64,linux,0
1,commit-3-amd-9950x3d,run-2,0,base64-ng,encode,standard,padded,16,24,262144,12627481,316.769433,auto,avx512-vbmi,avx512-vbmi,x86_64,linux,0
1,commit-3-amd-9950x3d,run-2,1,base64-ng,encode,standard,padded,16,24,262144,12469984,320.770259,auto,avx512-vbmi,avx512-vbmi,x86_64,linux,0
1,commit-3-amd-9950x3d,run-2,2,base64-ng,encode,standard,padded,16,24,262144,12520378,319.479172,auto,avx512-vbmi,avx512-vbmi,x86_64,linux,0
1,commit-3-amd-9950x3d,run-2,3,base64-ng,encode,standard,padded,16,24,262144,12515740,319.597563,auto,avx512-vbmi,avx512-vbmi,x86_64,linux,0
1,commit-3-amd-9950x3d,run-2,4,base64-ng,encode,standard,padded,16,24,262144,12512323,319.684842,auto,avx512-vbmi,avx512-vbmi,x86_64,linux,0
1,commit-3-amd-9950x3d,run-2,0,base64-ng,decode,standard,padded,16,24,262144,48303266,82.810135,auto,avx512-vbmi,avx512-vbmi,x86_64,linux,0
1,commit-3-amd-9950x3d,run-2,1,base64-ng,decode,standard,padded,16,24,262144,48273770,82.860734,auto,avx512-vbmi,avx512-vbmi,x86_64,linux,0
1,commit-3-amd-9950x3d,run-2,2,base64-ng,decode,standard,padded,16,24,262144,48328233,82.767355,auto,avx512-vbmi,avx512-vbmi,x86_64,linux,0
1,commit-3-amd-9950x3d,run-2,3,base64-ng,decode,standard,padded,16,24,262144,48332831,82.759481,auto,avx512-vbmi,avx512-vbmi,x86_64,linux,0
1,commit-3-amd-9950x3d,run-2,4,base64-ng,decode,standard,padded,16,24,262144,48054187,83.239365,auto,avx512-vbmi,avx512-vbmi,x86_64,linux,0
1,commit-3-amd-9950x3d,run-2,0,base64-ng,encode,standard,padded,16,24,262144,12291738,325.421840,scalar,avx512-vbmi,avx512-vbmi,x86_64,linux,0
1,commit-3-amd-9950x3d,run-2,1,base64-ng,encode,standard,padded,16,24,262144,12289043,325.493206,scalar,avx512-vbmi,avx512-vbmi,x86_64,linux,0
1,commit-3-amd-9950x3d,run-2,2,base64-ng,encode,standard,padded,16,24,262144,12293962,325.362971,scalar,avx512-vbmi,avx512-vbmi,x86_64,linux,0
1,commit-3-amd-9950x3d,run-2,3,base64-ng,encode,standard,padded,16,24,262144,12285657,325.582913,scalar,avx512-vbmi,avx512-vbmi,x86_64,linux,0
1,commit-3-amd-9950x3d,run-2,4,base64-ng,encode,standard,padded,16,24,262144,12287360,325.537788,scalar,avx512-vbmi,avx512-vbmi,x86_64,linux,0
1,commit-3-amd-9950x3d,run-2,0,base64-ng,decode,standard,padded,16,24,262144,14069835,284.296156,scalar,avx512-vbmi,avx512-vbmi,x86_64,linux,0
1,commit-3-amd-9950x3d,run-2,1,base64-ng,decode,standard,padded,16,24,262144,14150346,282.678600,scalar,avx512-vbmi,avx512-vbmi,x86_64,linux,0
1,commit-3-amd-9950x3d,run-2,2,base64-ng,decode,standard,padded,16,24,262144,14183629,282.015273,scalar,avx512-vbmi,avx512-vbmi,x86_64,linux,0
1,commit-3-amd-9950x3d,run-2,3,base64-ng,decode,standard,padded,16,24,262144,14153012,282.625352,scalar,avx512-vbmi,avx512-vbmi,x86_64,linux,0
1,commit-3-amd-9950x3d,run-2,4,base64-ng,decode,standard,padded,16,24,262144,14172809,282.230573,scalar,avx512-vbmi,avx512-vbmi,x86_64,linux,0
1,commit-3-amd-9950x3d,run-2,0,base64-ng,encode,standard,padded,16,24,262144,16586562,241.159078,ssse3-sse4.1,avx512-vbmi,avx512-vbmi,x86_64,linux,0
1,commit-3-amd-9950x3d,run-2,1,base64-ng,encode,standard,padded,16,24,262144,16755711,238.724576,ssse3-sse4.1,avx512-vbmi,avx512-vbmi,x86_64,linux,0
1,commit-3-amd-9950x3d,run-2,2,base64-ng,encode,standard,padded,16,24,262144,16706819,239.423196,ssse3-sse4.1,avx512-vbmi,avx512-vbmi,x86_64,linux,0
1,commit-3-amd-9950x3d,run-2,3,base64-ng,encode,standard,padded,16,24,262144,16511071,242.261692,ssse3-sse4.1,avx512-vbmi,avx512-vbmi,x86_64,linux,0
1,commit-3-amd-9950x3d,run-2,4,base64-ng,encode,standard,padded,16,24,262144,16635204,240.453919,ssse3-sse4.1,avx512-vbmi,avx512-vbmi,x86_64,linux,0
1,commit-3-amd-9950x3d,run-2,0,base64-ng,decode,standard,padded,16,24,262144,47693037,83.869685,ssse3-sse4.1,avx512-vbmi,avx512-vbmi,x86_64,linux,0
1,commit-3-amd-9950x3d,run-2,1,base64-ng,decode,standard,padded,16,24,262144,47572340,84.082473,ssse3-sse4.1,avx512-vbmi,avx512-vbmi,x86_64,linux,0
1,commit-3-amd-9950x3d,run-2,2,base64-ng,decode,standard,padded,16,24,262144,47431034,84.332971,ssse3-sse4.1,avx512-vbmi,avx512-vbmi,x86_64,linux,0
1,commit-3-amd-9950x3d,run-2,3,base64-ng,decode,standard,padded,16,24,262144,47496377,84.216950,ssse3-sse4.1,avx512-vbmi,avx512-vbmi,x86_64,linux,0
1,commit-3-amd-9950x3d,run-2,4,base64-ng,decode,standard,padded,16,24,262144,47632763,83.975813,ssse3-sse4.1,avx512-vbmi,avx512-vbmi,x86_64,linux,0
1,commit-3-amd-9950x3d,run-2,0,base64-ng,encode,standard,padded,16,24,262144,12685099,315.330610,avx2,avx512-vbmi,avx512-vbmi,x86_64,linux,0
1,commit-3-amd-9950x3d,run-2,1,base64-ng,encode,standard,padded,16,24,262144,12751233,313.695154,avx2,avx512-vbmi,avx512-vbmi,x86_64,linux,0
1,commit-3-amd-9950x3d,run-2,2,base64-ng,encode,standard,padded,16,24,262144,12680890,315.435273,avx2,avx512-vbmi,avx512-vbmi,x86_64,linux,0
1,commit-3-amd-9950x3d,run-2,3,base64-ng,encode,standard,padded,16,24,262144,12768375,313.274007,avx2,avx512-vbmi,avx512-vbmi,x86_64,linux,0
1,commit-3-amd-9950x3d,run-2,4,base64-ng,encode,standard,padded,16,24,262144,12657997,316.005763,avx2,avx512-vbmi,avx512-vbmi,x86_64,linux,0
1,commit-3-amd-9950x3d,run-2,0,base64-ng,decode,standard,padded,16,24,262144,47558695,84.106597,avx2,avx512-vbmi,avx512-vbmi,x86_64,linux,0
1,commit-3-amd-9950x3d,run-2,1,base64-ng,decode,standard,padded,16,24,262144,47428199,84.338012,avx2,avx512-vbmi,avx512-vbmi,x86_64,linux,0
1,commit-3-amd-9950x3d,run-2,2,base64-ng,decode,standard,padded,16,24,262144,47499463,84.211478,avx2,avx512-vbmi,avx512-vbmi,x86_64,linux,0
1,commit-3-amd-9950x3d,run-2,3,base64-ng,decode,standard,padded,16,24,262144,47579414,84.069972,avx2,avx512-vbmi,avx512-vbmi,x86_64,linux,0
1,commit-3-amd-9950x3d,run-2,4,base64-ng,decode,standard,padded,16,24,262144,48133918,83.101484,avx2,avx512-vbmi,avx512-vbmi,x86_64,linux,0
1,commit-3-amd-9950x3d,run-2,0,base64-ng,encode,standard,padded,16,24,262144,12686090,315.305977,avx512-vbmi,avx512-vbmi,avx512-vbmi,x86_64,linux,0
1,commit-3-amd-9950x3d,run-2,1,base64-ng,encode,standard,padded,16,24,262144,12699686,314.968417,avx512-vbmi,avx512-vbmi,avx512-vbmi,x86_64,linux,0
1,commit-3-amd-9950x3d,run-2,2,base64-ng,encode,standard,padded,16,24,262144,12712300,314.655884,avx512-vbmi,avx512-vbmi,avx512-vbmi,x86_64,linux,0
1,commit-3-amd-9950x3d,run-2,3,base64-ng,encode,standard,padded,16,24,262144,12706479,314.800032,avx512-vbmi,avx512-vbmi,avx512-vbmi,x86_64,linux,0
1,commit-3-amd-9950x3d,run-2,4,base64-ng,encode,standard,padded,16,24,262144,12709705,314.720129,avx512-vbmi,avx512-vbmi,avx512-vbmi,x86_64,linux,0
1,commit-3-amd-9950x3d,run-2,0,base64-ng,decode,standard,padded,16,24,262144,47808324,83.667438,avx512-vbmi,avx512-vbmi,avx512-vbmi,x86_64,linux,0
1,commit-3-amd-9950x3d,run-2,1,base64-ng,decode,standard,padded,16,24,262144,47737090,83.792288,avx512-vbmi,avx512-vbmi,avx512-vbmi,x86_64,linux,0
1,commit-3-amd-9950x3d,run-2,2,base64-ng,decode,standard,padded,16,24,262144,47785822,83.706837,avx512-vbmi,avx512-vbmi,avx512-vbmi,x86_64,linux,0
1,commit-3-amd-9950x3d,run-2,3,base64-ng,decode,standard,padded,16,24,262144,47831338,83.627182,avx512-vbmi,avx512-vbmi,avx512-vbmi,x86_64,linux,0
1,commit-3-amd-9950x3d,run-2,4,base64-ng,decode,standard,padded,16,24,262144,47836597,83.617988,avx512-vbmi,avx512-vbmi,avx512-vbmi,x86_64,linux,0
1,commit-3-amd-9950x3d,run-2,0,base64-0.23.0,encode,standard,padded,16,24,262144,2791565,1432.888004,external,avx512-vbmi,avx512-vbmi,x86_64,linux,0
1,commit-3-amd-9950x3d,run-2,1,base64-0.23.0,encode,standard,padded,16,24,262144,2882035,1387.908197,external,avx512-vbmi,avx512-vbmi,x86_64,linux,0
1,commit-3-amd-9950x3d,run-2,2,base64-0.23.0,encode,standard,padded,16,24,262144,2842831,1407.048115,external,avx512-vbmi,avx512-vbmi,x86_64,linux,0
1,commit-3-amd-9950x3d,run-2,3,base64-0.23.0,encode,standard,padded,16,24,262144,2875604,1391.012114,external,avx512-vbmi,avx512-vbmi,x86_64,linux,0
1,commit-3-amd-9950x3d,run-2,4,base64-0.23.0,encode,standard,padded,16,24,262144,2848141,1404.424851,external,avx512-vbmi,avx512-vbmi,x86_64,linux,0
1,commit-3-amd-9950x3d,run-2,0,base64-0.23.0,decode,standard,padded,16,24,262144,4424759,904.004037,external,avx512-vbmi,avx512-vbmi,x86_64,linux,0
1,commit-3-amd-9950x3d,run-2,1,base64-0.23.0,decode,standard,padded,16,24,262144,4400453,908.997324,external,avx512-vbmi,avx512-vbmi,x86_64,linux,0
1,commit-3-amd-9950x3d,run-2,2,base64-0.23.0,decode,standard,padded,16,24,262144,4393771,910.379717,external,avx512-vbmi,avx512-vbmi,x86_64,linux,0
1,commit-3-amd-9950x3d,run-2,3,base64-0.23.0,decode,standard,padded,16,24,262144,4400603,908.966339,external,avx512-vbmi,avx512-vbmi,x86_64,linux,0
1,commit-3-amd-9950x3d,run-2,4,base64-0.23.0,decode,standard,padded,16,24,262144,4408328,907.373499,external,avx512-vbmi,avx512-vbmi,x86_64,linux,0
1,commit-3-amd-9950x3d,run-2,0,base64ct-1.8.3,encode,standard,padded,16,24,262144,3766801,1061.909031,external,avx512-vbmi,avx512-vbmi,x86_64,linux,0
1,commit-3-amd-9950x3d,run-2,1,base64ct-1.8.3,encode,standard,padded,16,24,262144,3728659,1072.771739,external,avx512-vbmi,avx512-vbmi,x86_64,linux,0
1,commit-3-amd-9950x3d,run-2,2,base64ct-1.8.3,encode,standard,padded,16,24,262144,3747565,1067.359739,external,avx512-vbmi,avx512-vbmi,x86_64,linux,0
1,commit-3-amd-9950x3d,run-2,3,base64ct-1.8.3,encode,standard,padded,16,24,262144,3744839,1068.136708,external,avx512-vbmi,avx512-vbmi,x86_64,linux,0
1,commit-3-amd-9950x3d,run-2,4,base64ct-1.8.3,encode,standard,padded,16,24,262144,3736624,1070.485015,external,avx512-vbmi,avx512-vbmi,x86_64,linux,0
1,commit-3-amd-9950x3d,run-2,0,base64ct-1.8.3,decode,standard,padded,16,24,262144,10388766,385.031292,external,avx512-vbmi,avx512-vbmi,x86_64,linux,0
1,commit-3-amd-9950x3d,run-2,1,base64ct-1.8.3,decode,standard,padded,16,24,262144,10367807,385.809651,external,avx512-vbmi,avx512-vbmi,x86_64,linux,0
1,commit-3-amd-9950x3d,run-2,2,base64ct-1.8.3,decode,standard,padded,16,24,262144,10371924,385.656509,external,avx512-vbmi,avx512-vbmi,x86_64,linux,0
1,commit-3-amd-9950x3d,run-2,3,base64ct-1.8.3,decode,standard,padded,16,24,262144,10372535,385.633792,external,avx512-vbmi,avx512-vbmi,x86_64,linux,0
1,commit-3-amd-9950x3d,run-2,4,base64ct-1.8.3,decode,standard,padded,16,24,262144,10370512,385.709018,external,avx512-vbmi,avx512-vbmi,x86_64,linux,0
1,commit-3-amd-9950x3d,run-2,0,base64-ng,encode,standard,padded,23,32,182361,12775849,313.090664,auto,avx512-vbmi,avx512-vbmi,x86_64,linux,0
1,commit-3-amd-9950x3d,run-2,1,base64-ng,encode,standard,padded,23,32,182361,13575084,294.657407,auto,avx512-vbmi,avx512-vbmi,x86_64,linux,0
1,commit-3-amd-9950x3d,run-2,2,base64-ng,encode,standard,padded,23,32,182361,13223973,302.480884,auto,avx512-vbmi,avx512-vbmi,x86_64,linux,0
1,commit-3-amd-9950x3d,run-2,3,base64-ng,encode,standard,padded,23,32,182361,13114687,305.001488,auto,avx512-vbmi,avx512-vbmi,x86_64,linux,0
1,commit-3-amd-9950x3d,run-2,4,base64-ng,encode,standard,padded,23,32,182361,13192113,303.211400,auto,avx512-vbmi,avx512-vbmi,x86_64,linux,0
1,commit-3-amd-9950x3d,run-2,0,base64-ng,decode,standard,padded,23,32,182361,42121850,94.962568,auto,avx512-vbmi,avx512-vbmi,x86_64,linux,0
1,commit-3-amd-9950x3d,run-2,1,base64-ng,decode,standard,padded,23,32,182361,42135646,94.931476,auto,avx512-vbmi,avx512-vbmi,x86_64,linux,0
1,commit-3-amd-9950x3d,run-2,2,base64-ng,decode,standard,padded,23,32,182361,41178264,97.138603,auto,avx512-vbmi,avx512-vbmi,x86_64,linux,0
1,commit-3-amd-9950x3d,run-2,3,base64-ng,decode,standard,padded,23,32,182361,41428225,96.552508,auto,avx512-vbmi,avx512-vbmi,x86_64,linux,0
1,commit-3-amd-9950x3d,run-2,4,base64-ng,decode,standard,padded,23,32,182361,41486875,96.416012,auto,avx512-vbmi,avx512-vbmi,x86_64,linux,0
1,commit-3-amd-9950x3d,run-2,0,base64-ng,encode,standard,padded,23,32,182361,13112443,305.053684,scalar,avx512-vbmi,avx512-vbmi,x86_64,linux,0
1,commit-3-amd-9950x3d,run-2,1,base64-ng,encode,standard,padded,23,32,182361,13034286,306.882866,scalar,avx512-vbmi,avx512-vbmi,x86_64,linux,0
1,commit-3-amd-9950x3d,run-2,2,base64-ng,encode,standard,padded,23,32,182361,12996525,307.774505,scalar,avx512-vbmi,avx512-vbmi,x86_64,linux,0
1,commit-3-amd-9950x3d,run-2,3,base64-ng,encode,standard,padded,23,32,182361,12904291,309.974337,scalar,avx512-vbmi,avx512-vbmi,x86_64,linux,0
1,commit-3-amd-9950x3d,run-2,4,base64-ng,encode,standard,padded,23,32,182361,12943335,309.039289,scalar,avx512-vbmi,avx512-vbmi,x86_64,linux,0
1,commit-3-amd-9950x3d,run-2,0,base64-ng,decode,standard,padded,23,32,182361,13959688,286.539287,scalar,avx512-vbmi,avx512-vbmi,x86_64,linux,0
1,commit-3-amd-9950x3d,run-2,1,base64-ng,decode,standard,padded,23,32,182361,13948146,286.776396,scalar,avx512-vbmi,avx512-vbmi,x86_64,linux,0
1,commit-3-amd-9950x3d,run-2,2,base64-ng,decode,standard,padded,23,32,182361,14013058,285.447976,scalar,avx512-vbmi,avx512-vbmi,x86_64,linux,0
1,commit-3-amd-9950x3d,run-2,3,base64-ng,decode,standard,padded,23,32,182361,14032014,285.062361,scalar,avx512-vbmi,avx512-vbmi,x86_64,linux,0
1,commit-3-amd-9950x3d,run-2,4,base64-ng,decode,standard,padded,23,32,182361,14006927,285.572920,scalar,avx512-vbmi,avx512-vbmi,x86_64,linux,0
1,commit-3-amd-9950x3d,run-2,0,base64-ng,encode,standard,padded,23,32,182361,15172881,263.628183,ssse3-sse4.1,avx512-vbmi,avx512-vbmi,x86_64,linux,0
1,commit-3-amd-9950x3d,run-2,1,base64-ng,encode,standard,padded,23,32,182361,15212867,262.935254,ssse3-sse4.1,avx512-vbmi,avx512-vbmi,x86_64,linux,0
1,commit-3-amd-9950x3d,run-2,2,base64-ng,encode,standard,padded,23,32,182361,15083553,265.189445,ssse3-sse4.1,avx512-vbmi,avx512-vbmi,x86_64,linux,0
1,commit-3-amd-9950x3d,run-2,3,base64-ng,encode,standard,padded,23,32,182361,15220190,262.808746,ssse3-sse4.1,avx512-vbmi,avx512-vbmi,x86_64,linux,0
1,commit-3-amd-9950x3d,run-2,4,base64-ng,encode,standard,padded,23,32,182361,15495379,258.141414,ssse3-sse4.1,avx512-vbmi,avx512-vbmi,x86_64,linux,0
1,commit-3-amd-9950x3d,run-2,0,base64-ng,decode,standard,padded,23,32,182361,58240522,68.680687,ssse3-sse4.1,avx512-vbmi,avx512-vbmi,x86_64,linux,0
1,commit-3-amd-9950x3d,run-2,1,base64-ng,decode,standard,padded,23,32,182361,58065232,68.888023,ssse3-sse4.1,avx512-vbmi,avx512-vbmi,x86_64,linux,0
1,commit-3-amd-9950x3d,run-2,2,base64-ng,decode,standard,padded,23,32,182361,58315583,68.592284,ssse3-sse4.1,avx512-vbmi,avx512-vbmi,x86_64,linux,0
1,commit-3-amd-9950x3d,run-2,3,base64-ng,decode,standard,padded,23,32,182361,57269434,69.845269,ssse3-sse4.1,avx512-vbmi,avx512-vbmi,x86_64,linux,0
1,commit-3-amd-9950x3d,run-2,4,base64-ng,decode,standard,padded,23,32,182361,57450726,69.624865,ssse3-sse4.1,avx512-vbmi,avx512-vbmi,x86_64,linux,0
1,commit-3-amd-9950x3d,run-2,0,base64-ng,encode,standard,padded,23,32,182361,12293772,325.367922,avx2,avx512-vbmi,avx512-vbmi,x86_64,linux,0
1,commit-3-amd-9950x3d,run-2,1,base64-ng,encode,standard,padded,23,32,182361,12280537,325.718578,avx2,avx512-vbmi,avx512-vbmi,x86_64,linux,0
1,commit-3-amd-9950x3d,run-2,2,base64-ng,encode,standard,padded,23,32,182361,12307878,324.995019,avx2,avx512-vbmi,avx512-vbmi,x86_64,linux,0
1,commit-3-amd-9950x3d,run-2,3,base64-ng,encode,standard,padded,23,32,182361,12339508,324.161956,avx2,avx512-vbmi,avx512-vbmi,x86_64,linux,0
1,commit-3-amd-9950x3d,run-2,4,base64-ng,encode,standard,padded,23,32,182361,12323518,324.582562,avx2,avx512-vbmi,avx512-vbmi,x86_64,linux,0
1,commit-3-amd-9950x3d,run-2,0,base64-ng,decode,standard,padded,23,32,182361,42460428,94.205340,avx2,avx512-vbmi,avx512-vbmi,x86_64,linux,0
1,commit-3-amd-9950x3d,run-2,1,base64-ng,decode,standard,padded,23,32,182361,42238139,94.701119,avx2,avx512-vbmi,avx512-vbmi,x86_64,linux,0
1,commit-3-amd-9950x3d,run-2,2,base64-ng,decode,standard,padded,23,32,182361,41754669,95.797647,avx2,avx512-vbmi,avx512-vbmi,x86_64,linux,0
1,commit-3-amd-9950x3d,run-2,3,base64-ng,decode,standard,padded,23,32,182361,41581804,96.195900,avx2,avx512-vbmi,avx512-vbmi,x86_64,linux,0
1,commit-3-amd-9950x3d,run-2,4,base64-ng,decode,standard,padded,23,32,182361,41272020,96.917937,avx2,avx512-vbmi,avx512-vbmi,x86_64,linux,0
1,commit-3-amd-9950x3d,run-2,0,base64-ng,encode,standard,padded,23,32,182361,12131406,329.722626,avx512-vbmi,avx512-vbmi,avx512-vbmi,x86_64,linux,0
1,commit-3-amd-9950x3d,run-2,1,base64-ng,encode,standard,padded,23,32,182361,12141525,329.447829,avx512-vbmi,avx512-vbmi,avx512-vbmi,x86_64,linux,0
1,commit-3-amd-9950x3d,run-2,2,base64-ng,encode,standard,padded,23,32,182361,12157806,329.006652,avx512-vbmi,avx512-vbmi,avx512-vbmi,x86_64,linux,0
1,commit-3-amd-9950x3d,run-2,3,base64-ng,encode,standard,padded,23,32,182361,12126617,329.852839,avx512-vbmi,avx512-vbmi,avx512-vbmi,x86_64,linux,0
1,commit-3-amd-9950x3d,run-2,4,base64-ng,encode,standard,padded,23,32,182361,12156343,329.046247,avx512-vbmi,avx512-vbmi,avx512-vbmi,x86_64,linux,0
1,commit-3-amd-9950x3d,run-2,0,base64-ng,decode,standard,padded,23,32,182361,40753855,98.150201,avx512-vbmi,avx512-vbmi,avx512-vbmi,x86_64,linux,0
1,commit-3-amd-9950x3d,run-2,1,base64-ng,decode,standard,padded,23,32,182361,40551805,98.639236,avx512-vbmi,avx512-vbmi,avx512-vbmi,x86_64,linux,0
1,commit-3-amd-9950x3d,run-2,2,base64-ng,decode,standard,padded,23,32,182361,40590327,98.545623,avx512-vbmi,avx512-vbmi,avx512-vbmi,x86_64,linux,0
1,commit-3-amd-9950x3d,run-2,3,base64-ng,decode,standard,padded,23,32,182361,40651353,98.397685,avx512-vbmi,avx512-vbmi,avx512-vbmi,x86_64,linux,0
1,commit-3-amd-9950x3d,run-2,4,base64-ng,decode,standard,padded,23,32,182361,40642355,98.419470,avx512-vbmi,avx512-vbmi,avx512-vbmi,x86_64,linux,0
1,commit-3-amd-9950x3d,run-2,0,base64-0.23.0,encode,standard,padded,23,32,182361,2323453,1721.575193,external,avx512-vbmi,avx512-vbmi,x86_64,linux,0
1,commit-3-amd-9950x3d,run-2,1,base64-0.23.0,encode,standard,padded,23,32,182361,2320057,1724.095161,external,avx512-vbmi,avx512-vbmi,x86_64,linux,0
1,commit-3-amd-9950x3d,run-2,2,base64-0.23.0,encode,standard,padded,23,32,182361,2347579,1703.882615,external,avx512-vbmi,avx512-vbmi,x86_64,linux,0
1,commit-3-amd-9950x3d,run-2,3,base64-0.23.0,encode,standard,padded,23,32,182361,2344713,1705.965313,external,avx512-vbmi,avx512-vbmi,x86_64,linux,0
1,commit-3-amd-9950x3d,run-2,4,base64-0.23.0,encode,standard,padded,23,32,182361,2333993,1713.800790,external,avx512-vbmi,avx512-vbmi,x86_64,linux,0
1,commit-3-amd-9950x3d,run-2,0,base64-0.23.0,decode,standard,padded,23,32,182361,3523272,1135.308045,external,avx512-vbmi,avx512-vbmi,x86_64,linux,0
1,commit-3-amd-9950x3d,run-2,1,base64-0.23.0,decode,standard,padded,23,32,182361,3514226,1138.230451,external,avx512-vbmi,avx512-vbmi,x86_64,linux,0
1,commit-3-amd-9950x3d,run-2,2,base64-0.23.0,decode,standard,padded,23,32,182361,3498024,1143.502459,external,avx512-vbmi,avx512-vbmi,x86_64,linux,0
1,commit-3-amd-9950x3d,run-2,3,base64-0.23.0,decode,standard,padded,23,32,182361,3501311,1142.428949,external,avx512-vbmi,avx512-vbmi,x86_64,linux,0
1,commit-3-amd-9950x3d,run-2,4,base64-0.23.0,decode,standard,padded,23,32,182361,3495340,1144.380531,external,avx512-vbmi,avx512-vbmi,x86_64,linux,0
1,commit-3-amd-9950x3d,run-2,0,base64ct-1.8.3,encode,standard,padded,23,32,182361,3124161,1280.343441,external,avx512-vbmi,avx512-vbmi,x86_64,linux,0
1,commit-3-amd-9950x3d,run-2,1,base64ct-1.8.3,encode,standard,padded,23,32,182361,3102481,1289.290425,external,avx512-vbmi,avx512-vbmi,x86_64,linux,0
1,commit-3-amd-9950x3d,run-2,2,base64ct-1.8.3,encode,standard,padded,23,32,182361,3107779,1287.092501,external,avx512-vbmi,avx512-vbmi,x86_64,linux,0
1,commit-3-amd-9950x3d,run-2,3,base64ct-1.8.3,encode,standard,padded,23,32,182361,3100647,1290.053026,external,avx512-vbmi,avx512-vbmi,x86_64,linux,0
1,commit-3-amd-9950x3d,run-2,4,base64ct-1.8.3,encode,standard,padded,23,32,182361,3096068,1291.960980,external,avx512-vbmi,avx512-vbmi,x86_64,linux,0
1,commit-3-amd-9950x3d,run-2,0,base64ct-1.8.3,decode,standard,padded,23,32,182361,9132811,437.981148,external,avx512-vbmi,avx512-vbmi,x86_64,linux,0
1,commit-3-amd-9950x3d,run-2,1,base64ct-1.8.3,decode,standard,padded,23,32,182361,9108485,439.150863,external,avx512-vbmi,avx512-vbmi,x86_64,linux,0
1,commit-3-amd-9950x3d,run-2,2,base64ct-1.8.3,decode,standard,padded,23,32,182361,9089911,440.048208,external,avx512-vbmi,avx512-vbmi,x86_64,linux,0
1,commit-3-amd-9950x3d,run-2,3,base64ct-1.8.3,decode,standard,padded,23,32,182361,9093006,439.898428,external,avx512-vbmi,avx512-vbmi,x86_64,linux,0
1,commit-3-amd-9950x3d,run-2,4,base64ct-1.8.3,decode,standard,padded,23,32,182361,9094260,439.837771,external,avx512-vbmi,avx512-vbmi,x86_64,linux,0
1,commit-3-amd-9950x3d,run-2,0,base64-ng,encode,standard,padded,24,32,174762,12699456,314.972920,auto,avx512-vbmi,avx512-vbmi,x86_64,linux,0
1,commit-3-amd-9950x3d,run-2,1,base64-ng,encode,standard,padded,24,32,174762,12707020,314.785429,auto,avx512-vbmi,avx512-vbmi,x86_64,linux,0
1,commit-3-amd-9950x3d,run-2,2,base64-ng,encode,standard,padded,24,32,174762,12699115,314.981378,auto,avx512-vbmi,avx512-vbmi,x86_64,linux,0
1,commit-3-amd-9950x3d,run-2,3,base64-ng,encode,standard,padded,24,32,174762,12693745,315.114629,auto,avx512-vbmi,avx512-vbmi,x86_64,linux,0
1,commit-3-amd-9950x3d,run-2,4,base64-ng,encode,standard,padded,24,32,174762,12720305,314.456669,auto,avx512-vbmi,avx512-vbmi,x86_64,linux,0
1,commit-3-amd-9950x3d,run-2,0,base64-ng,decode,standard,padded,24,32,174762,38634325,103.534480,auto,avx512-vbmi,avx512-vbmi,x86_64,linux,0
1,commit-3-amd-9950x3d,run-2,1,base64-ng,decode,standard,padded,24,32,174762,38634806,103.533191,auto,avx512-vbmi,avx512-vbmi,x86_64,linux,0
1,commit-3-amd-9950x3d,run-2,2,base64-ng,decode,standard,padded,24,32,174762,38613576,103.590114,auto,avx512-vbmi,avx512-vbmi,x86_64,linux,0
1,commit-3-amd-9950x3d,run-2,3,base64-ng,decode,standard,padded,24,32,174762,38643944,103.508709,auto,avx512-vbmi,avx512-vbmi,x86_64,linux,0
1,commit-3-amd-9950x3d,run-2,4,base64-ng,decode,standard,padded,24,32,174762,38573000,103.699083,auto,avx512-vbmi,avx512-vbmi,x86_64,linux,0
1,commit-3-amd-9950x3d,run-2,0,base64-ng,encode,standard,padded,24,32,174762,12594327,317.602103,scalar,avx512-vbmi,avx512-vbmi,x86_64,linux,0
1,commit-3-amd-9950x3d,run-2,1,base64-ng,encode,standard,padded,24,32,174762,12600981,317.434392,scalar,avx512-vbmi,avx512-vbmi,x86_64,linux,0
1,commit-3-amd-9950x3d,run-2,2,base64-ng,encode,standard,padded,24,32,174762,12605709,317.315332,scalar,avx512-vbmi,avx512-vbmi,x86_64,linux,0
1,commit-3-amd-9950x3d,run-2,3,base64-ng,encode,standard,padded,24,32,174762,12631608,316.664730,scalar,avx512-vbmi,avx512-vbmi,x86_64,linux,0
1,commit-3-amd-9950x3d,run-2,4,base64-ng,encode,standard,padded,24,32,174762,12618663,316.989584,scalar,avx512-vbmi,avx512-vbmi,x86_64,linux,0
1,commit-3-amd-9950x3d,run-2,0,base64-ng,decode,standard,padded,24,32,174762,13240284,302.107171,scalar,avx512-vbmi,avx512-vbmi,x86_64,linux,0
1,commit-3-amd-9950x3d,run-2,1,base64-ng,decode,standard,padded,24,32,174762,13258908,301.682819,scalar,avx512-vbmi,avx512-vbmi,x86_64,linux,0
1,commit-3-amd-9950x3d,run-2,2,base64-ng,decode,standard,padded,24,32,174762,13253900,301.796810,scalar,avx512-vbmi,avx512-vbmi,x86_64,linux,0
1,commit-3-amd-9950x3d,run-2,3,base64-ng,decode,standard,padded,24,32,174762,13272644,301.370604,scalar,avx512-vbmi,avx512-vbmi,x86_64,linux,0
1,commit-3-amd-9950x3d,run-2,4,base64-ng,decode,standard,padded,24,32,174762,13270892,301.410391,scalar,avx512-vbmi,avx512-vbmi,x86_64,linux,0
1,commit-3-amd-9950x3d,run-2,0,base64-ng,encode,standard,padded,24,32,174762,15573946,256.838231,ssse3-sse4.1,avx512-vbmi,avx512-vbmi,x86_64,linux,0
1,commit-3-amd-9950x3d,run-2,1,base64-ng,encode,standard,padded,24,32,174762,15522710,257.685980,ssse3-sse4.1,avx512-vbmi,avx512-vbmi,x86_64,linux,0
1,commit-3-amd-9950x3d,run-2,2,base64-ng,encode,standard,padded,24,32,174762,15539511,257.407375,ssse3-sse4.1,avx512-vbmi,avx512-vbmi,x86_64,linux,0
1,commit-3-amd-9950x3d,run-2,3,base64-ng,encode,standard,padded,24,32,174762,15515717,257.802120,ssse3-sse4.1,avx512-vbmi,avx512-vbmi,x86_64,linux,0
1,commit-3-amd-9950x3d,run-2,4,base64-ng,encode,standard,padded,24,32,174762,15518412,257.757349,ssse3-sse4.1,avx512-vbmi,avx512-vbmi,x86_64,linux,0
1,commit-3-amd-9950x3d,run-2,0,base64-ng,decode,standard,padded,24,32,174762,53577043,74.658557,ssse3-sse4.1,avx512-vbmi,avx512-vbmi,x86_64,linux,0
1,commit-3-amd-9950x3d,run-2,1,base64-ng,decode,standard,padded,24,32,174762,53324778,75.011747,ssse3-sse4.1,avx512-vbmi,avx512-vbmi,x86_64,linux,0
1,commit-3-amd-9950x3d,run-2,2,base64-ng,decode,standard,padded,24,32,174762,53619844,74.598963,ssse3-sse4.1,avx512-vbmi,avx512-vbmi,x86_64,linux,0
1,commit-3-amd-9950x3d,run-2,3,base64-ng,decode,standard,padded,24,32,174762,53660931,74.541844,ssse3-sse4.1,avx512-vbmi,avx512-vbmi,x86_64,linux,0
1,commit-3-amd-9950x3d,run-2,4,base64-ng,decode,standard,padded,24,32,174762,53526107,74.729603,ssse3-sse4.1,avx512-vbmi,avx512-vbmi,x86_64,linux,0
1,commit-3-amd-9950x3d,run-2,0,base64-ng,encode,standard,padded,24,32,174762,9547252,418.967127,avx2,avx512-vbmi,avx512-vbmi,x86_64,linux,0
1,commit-3-amd-9950x3d,run-2,1,base64-ng,encode,standard,padded,24,32,174762,9556229,418.573555,avx2,avx512-vbmi,avx512-vbmi,x86_64,linux,0
1,commit-3-amd-9950x3d,run-2,2,base64-ng,encode,standard,padded,24,32,174762,9515873,420.348689,avx2,avx512-vbmi,avx512-vbmi,x86_64,linux,0
1,commit-3-amd-9950x3d,run-2,3,base64-ng,encode,standard,padded,24,32,174762,9565577,418.164502,avx2,avx512-vbmi,avx512-vbmi,x86_64,linux,0
1,commit-3-amd-9950x3d,run-2,4,base64-ng,encode,standard,padded,24,32,174762,9569894,417.975867,avx2,avx512-vbmi,avx512-vbmi,x86_64,linux,0
1,commit-3-amd-9950x3d,run-2,0,base64-ng,decode,standard,padded,24,32,174762,38104838,104.973146,avx2,avx512-vbmi,avx512-vbmi,x86_64,linux,0
1,commit-3-amd-9950x3d,run-2,1,base64-ng,decode,standard,padded,24,32,174762,38146548,104.858367,avx2,avx512-vbmi,avx512-vbmi,x86_64,linux,0
1,commit-3-amd-9950x3d,run-2,2,base64-ng,decode,standard,padded,24,32,174762,38085843,105.025501,avx2,avx512-vbmi,avx512-vbmi,x86_64,linux,0
1,commit-3-amd-9950x3d,run-2,3,base64-ng,decode,standard,padded,24,32,174762,38113896,104.948199,avx2,avx512-vbmi,avx512-vbmi,x86_64,linux,0
1,commit-3-amd-9950x3d,run-2,4,base64-ng,decode,standard,padded,24,32,174762,38119566,104.932589,avx2,avx512-vbmi,avx512-vbmi,x86_64,linux,0
1,commit-3-amd-9950x3d,run-2,0,base64-ng,encode,standard,padded,24,32,174762,12019586,332.788895,avx512-vbmi,avx512-vbmi,avx512-vbmi,x86_64,linux,0
1,commit-3-amd-9950x3d,run-2,1,base64-ng,encode,standard,padded,24,32,174762,12022751,332.701288,avx512-vbmi,avx512-vbmi,avx512-vbmi,x86_64,linux,0
1,commit-3-amd-9950x3d,run-2,2,base64-ng,encode,standard,padded,24,32,174762,12017522,332.846051,avx512-vbmi,avx512-vbmi,avx512-vbmi,x86_64,linux,0
1,commit-3-amd-9950x3d,run-2,3,base64-ng,encode,standard,padded,24,32,174762,12030095,332.498184,avx512-vbmi,avx512-vbmi,avx512-vbmi,x86_64,linux,0
1,commit-3-amd-9950x3d,run-2,4,base64-ng,encode,standard,padded,24,32,174762,12020397,332.766442,avx512-vbmi,avx512-vbmi,avx512-vbmi,x86_64,linux,0
1,commit-3-amd-9950x3d,run-2,0,base64-ng,decode,standard,padded,24,32,174762,38124505,104.918995,avx512-vbmi,avx512-vbmi,avx512-vbmi,x86_64,linux,0
1,commit-3-amd-9950x3d,run-2,1,base64-ng,decode,standard,padded,24,32,174762,38112203,104.952861,avx512-vbmi,avx512-vbmi,avx512-vbmi,x86_64,linux,0
1,commit-3-amd-9950x3d,run-2,2,base64-ng,decode,standard,padded,24,32,174762,38209215,104.686389,avx512-vbmi,avx512-vbmi,avx512-vbmi,x86_64,linux,0
1,commit-3-amd-9950x3d,run-2,3,base64-ng,decode,standard,padded,24,32,174762,38167346,104.801228,avx512-vbmi,avx512-vbmi,avx512-vbmi,x86_64,linux,0
1,commit-3-amd-9950x3d,run-2,4,base64-ng,decode,standard,padded,24,32,174762,38197423,104.718707,avx512-vbmi,avx512-vbmi,avx512-vbmi,x86_64,linux,0
1,commit-3-amd-9950x3d,run-2,0,base64-0.23.0,encode,standard,padded,24,32,174762,2204279,1814.645397,external,avx512-vbmi,avx512-vbmi,x86_64,linux,0
1,commit-3-amd-9950x3d,run-2,1,base64-0.23.0,encode,standard,padded,24,32,174762,2285172,1750.408609,external,avx512-vbmi,avx512-vbmi,x86_64,linux,0
1,commit-3-amd-9950x3d,run-2,2,base64-0.23.0,encode,standard,padded,24,32,174762,2275052,1758.194864,external,avx512-vbmi,avx512-vbmi,x86_64,linux,0
1,commit-3-amd-9950x3d,run-2,3,base64-0.23.0,encode,standard,padded,24,32,174762,2240848,1785.031712,external,avx512-vbmi,avx512-vbmi,x86_64,linux,0
1,commit-3-amd-9950x3d,run-2,4,base64-0.23.0,encode,standard,padded,24,32,174762,2247461,1779.779378,external,avx512-vbmi,avx512-vbmi,x86_64,linux,0
1,commit-3-amd-9950x3d,run-2,0,base64-0.23.0,decode,standard,padded,24,32,174762,3394139,1178.497622,external,avx512-vbmi,avx512-vbmi,x86_64,linux,0
1,commit-3-amd-9950x3d,run-2,1,base64-0.23.0,decode,standard,padded,24,32,174762,3394720,1178.295925,external,avx512-vbmi,avx512-vbmi,x86_64,linux,0
1,commit-3-amd-9950x3d,run-2,2,base64-0.23.0,decode,standard,padded,24,32,174762,3362409,1189.618735,external,avx512-vbmi,avx512-vbmi,x86_64,linux,0
1,commit-3-amd-9950x3d,run-2,3,base64-0.23.0,decode,standard,padded,24,32,174762,3377788,1184.202425,external,avx512-vbmi,avx512-vbmi,x86_64,linux,0
1,commit-3-amd-9950x3d,run-2,4,base64-0.23.0,decode,standard,padded,24,32,174762,3376015,1184.824339,external,avx512-vbmi,avx512-vbmi,x86_64,linux,0
1,commit-3-amd-9950x3d,run-2,0,base64ct-1.8.3,encode,standard,padded,24,32,174762,2463828,1623.483758,external,avx512-vbmi,avx512-vbmi,x86_64,linux,0
1,commit-3-amd-9950x3d,run-2,1,base64ct-1.8.3,encode,standard,padded,24,32,174762,2489727,1606.595720,external,avx512-vbmi,avx512-vbmi,x86_64,linux,0
1,commit-3-amd-9950x3d,run-2,2,base64ct-1.8.3,encode,standard,padded,24,32,174762,2493323,1604.278604,external,avx512-vbmi,avx512-vbmi,x86_64,linux,0
1,commit-3-amd-9950x3d,run-2,3,base64ct-1.8.3,encode,standard,padded,24,32,174762,2474959,1616.182224,external,avx512-vbmi,avx512-vbmi,x86_64,linux,0
1,commit-3-amd-9950x3d,run-2,4,base64ct-1.8.3,encode,standard,padded,24,32,174762,2482103,1611.530521,external,avx512-vbmi,avx512-vbmi,x86_64,linux,0
1,commit-3-amd-9950x3d,run-2,0,base64ct-1.8.3,decode,standard,padded,24,32,174762,7067614,565.959706,external,avx512-vbmi,avx512-vbmi,x86_64,linux,0
1,commit-3-amd-9950x3d,run-2,1,base64ct-1.8.3,decode,standard,padded,24,32,174762,7064288,566.226170,external,avx512-vbmi,avx512-vbmi,x86_64,linux,0
1,commit-3-amd-9950x3d,run-2,2,base64ct-1.8.3,decode,standard,padded,24,32,174762,7067644,565.957304,external,avx512-vbmi,avx512-vbmi,x86_64,linux,0
1,commit-3-amd-9950x3d,run-2,3,base64ct-1.8.3,decode,standard,padded,24,32,174762,7048598,567.486576,external,avx512-vbmi,avx512-vbmi,x86_64,linux,0
1,commit-3-amd-9950x3d,run-2,4,base64ct-1.8.3,decode,standard,padded,24,32,174762,7066031,566.086498,external,avx512-vbmi,avx512-vbmi,x86_64,linux,0
1,commit-3-amd-9950x3d,run-2,0,base64-ng,encode,standard,padded,31,44,135300,11887086,336.499306,auto,avx512-vbmi,avx512-vbmi,x86_64,linux,0
1,commit-3-amd-9950x3d,run-2,1,base64-ng,encode,standard,padded,31,44,135300,11840649,337.818998,auto,avx512-vbmi,avx512-vbmi,x86_64,linux,0
1,commit-3-amd-9950x3d,run-2,2,base64-ng,encode,standard,padded,31,44,135300,11834768,337.986869,auto,avx512-vbmi,avx512-vbmi,x86_64,linux,0
1,commit-3-amd-9950x3d,run-2,3,base64-ng,encode,standard,padded,31,44,135300,11834838,337.984870,auto,avx512-vbmi,avx512-vbmi,x86_64,linux,0
1,commit-3-amd-9950x3d,run-2,4,base64-ng,encode,standard,padded,31,44,135300,11842693,337.760692,auto,avx512-vbmi,avx512-vbmi,x86_64,linux,0
1,commit-3-amd-9950x3d,run-2,0,base64-ng,decode,standard,padded,31,44,135300,34526853,115.851745,auto,avx512-vbmi,avx512-vbmi,x86_64,linux,0
1,commit-3-amd-9950x3d,run-2,1,base64-ng,decode,standard,padded,31,44,135300,34445269,116.126142,auto,avx512-vbmi,avx512-vbmi,x86_64,linux,0
1,commit-3-amd-9950x3d,run-2,2,base64-ng,decode,standard,padded,31,44,135300,34567410,115.715820,auto,avx512-vbmi,avx512-vbmi,x86_64,linux,0
1,commit-3-amd-9950x3d,run-2,3,base64-ng,decode,standard,padded,31,44,135300,34477160,116.018726,auto,avx512-vbmi,avx512-vbmi,x86_64,linux,0
1,commit-3-amd-9950x3d,run-2,4,base64-ng,decode,standard,padded,31,44,135300,34423028,116.201172,auto,avx512-vbmi,avx512-vbmi,x86_64,linux,0
1,commit-3-amd-9950x3d,run-2,0,base64-ng,encode,standard,padded,31,44,135300,11768283,339.896329,scalar,avx512-vbmi,avx512-vbmi,x86_64,linux,0
1,commit-3-amd-9950x3d,run-2,1,base64-ng,encode,standard,padded,31,44,135300,11770026,339.845994,scalar,avx512-vbmi,avx512-vbmi,x86_64,linux,0
1,commit-3-amd-9950x3d,run-2,2,base64-ng,encode,standard,padded,31,44,135300,11768503,339.889975,scalar,avx512-vbmi,avx512-vbmi,x86_64,linux,0
1,commit-3-amd-9950x3d,run-2,3,base64-ng,encode,standard,padded,31,44,135300,11768813,339.881022,scalar,avx512-vbmi,avx512-vbmi,x86_64,linux,0
1,commit-3-amd-9950x3d,run-2,4,base64-ng,encode,standard,padded,31,44,135300,11766859,339.937462,scalar,avx512-vbmi,avx512-vbmi,x86_64,linux,0
1,commit-3-amd-9950x3d,run-2,0,base64-ng,decode,standard,padded,31,44,135300,14916699,268.155588,scalar,avx512-vbmi,avx512-vbmi,x86_64,linux,0
1,commit-3-amd-9950x3d,run-2,1,base64-ng,decode,standard,padded,31,44,135300,14898024,268.491727,scalar,avx512-vbmi,avx512-vbmi,x86_64,linux,0
1,commit-3-amd-9950x3d,run-2,2,base64-ng,decode,standard,padded,31,44,135300,14905689,268.353659,scalar,avx512-vbmi,avx512-vbmi,x86_64,linux,0
1,commit-3-amd-9950x3d,run-2,3,base64-ng,decode,standard,padded,31,44,135300,14901831,268.423134,scalar,avx512-vbmi,avx512-vbmi,x86_64,linux,0
1,commit-3-amd-9950x3d,run-2,4,base64-ng,decode,standard,padded,31,44,135300,14912141,268.237551,scalar,avx512-vbmi,avx512-vbmi,x86_64,linux,0
1,commit-3-amd-9950x3d,run-2,0,base64-ng,encode,standard,padded,31,44,135300,14298245,279.754346,ssse3-sse4.1,avx512-vbmi,avx512-vbmi,x86_64,linux,0
1,commit-3-amd-9950x3d,run-2,1,base64-ng,encode,standard,padded,31,44,135300,14295040,279.817068,ssse3-sse4.1,avx512-vbmi,avx512-vbmi,x86_64,linux,0
1,commit-3-amd-9950x3d,run-2,2,base64-ng,encode,standard,padded,31,44,135300,14318243,279.363619,ssse3-sse4.1,avx512-vbmi,avx512-vbmi,x86_64,linux,0
1,commit-3-amd-9950x3d,run-2,3,base64-ng,encode,standard,padded,31,44,135300,14293646,279.844358,ssse3-sse4.1,avx512-vbmi,avx512-vbmi,x86_64,linux,0
1,commit-3-amd-9950x3d,run-2,4,base64-ng,encode,standard,padded,31,44,135300,14283107,280.050845,ssse3-sse4.1,avx512-vbmi,avx512-vbmi,x86_64,linux,0
1,commit-3-amd-9950x3d,run-2,0,base64-ng,decode,standard,padded,31,44,135300,46358625,86.283754,ssse3-sse4.1,avx512-vbmi,avx512-vbmi,x86_64,linux,0
1,commit-3-amd-9950x3d,run-2,1,base64-ng,decode,standard,padded,31,44,135300,46111089,86.746947,ssse3-sse4.1,avx512-vbmi,avx512-vbmi,x86_64,linux,0
1,commit-3-amd-9950x3d,run-2,2,base64-ng,decode,standard,padded,31,44,135300,46288534,86.414406,ssse3-sse4.1,avx512-vbmi,avx512-vbmi,x86_64,linux,0
1,commit-3-amd-9950x3d,run-2,3,base64-ng,decode,standard,padded,31,44,135300,46289606,86.412405,ssse3-sse4.1,avx512-vbmi,avx512-vbmi,x86_64,linux,0
1,commit-3-amd-9950x3d,run-2,4,base64-ng,decode,standard,padded,31,44,135300,46241345,86.502592,ssse3-sse4.1,avx512-vbmi,avx512-vbmi,x86_64,linux,0
1,commit-3-amd-9950x3d,run-2,0,base64-ng,encode,standard,padded,31,44,135300,9910034,403.630925,avx2,avx512-vbmi,avx512-vbmi,x86_64,linux,0
1,commit-3-amd-9950x3d,run-2,1,base64-ng,encode,standard,padded,31,44,135300,9918621,403.281483,avx2,avx512-vbmi,avx512-vbmi,x86_64,linux,0
1,commit-3-amd-9950x3d,run-2,2,base64-ng,encode,standard,padded,31,44,135300,9891059,404.405250,avx2,avx512-vbmi,avx512-vbmi,x86_64,linux,0
1,commit-3-amd-9950x3d,run-2,3,base64-ng,encode,standard,padded,31,44,135300,9908111,403.709263,avx2,avx512-vbmi,avx512-vbmi,x86_64,linux,0
1,commit-3-amd-9950x3d,run-2,4,base64-ng,encode,standard,padded,31,44,135300,9909945,403.634549,avx2,avx512-vbmi,avx512-vbmi,x86_64,linux,0
1,commit-3-amd-9950x3d,run-2,0,base64-ng,decode,standard,padded,31,44,135300,34288965,116.655495,avx2,avx512-vbmi,avx512-vbmi,x86_64,linux,0
1,commit-3-amd-9950x3d,run-2,1,base64-ng,decode,standard,padded,31,44,135300,34120138,117.232708,avx2,avx512-vbmi,avx512-vbmi,x86_64,linux,0
1,commit-3-amd-9950x3d,run-2,2,base64-ng,decode,standard,padded,31,44,135300,34166786,117.072650,avx2,avx512-vbmi,avx512-vbmi,x86_64,linux,0
1,commit-3-amd-9950x3d,run-2,3,base64-ng,decode,standard,padded,31,44,135300,34057480,117.448390,avx2,avx512-vbmi,avx512-vbmi,x86_64,linux,0
1,commit-3-amd-9950x3d,run-2,4,base64-ng,decode,standard,padded,31,44,135300,34138042,117.171225,avx2,avx512-vbmi,avx512-vbmi,x86_64,linux,0
1,commit-3-amd-9950x3d,run-2,0,base64-ng,encode,standard,padded,31,44,135300,11862760,337.189337,avx512-vbmi,avx512-vbmi,avx512-vbmi,x86_64,linux,0
1,commit-3-amd-9950x3d,run-2,1,base64-ng,encode,standard,padded,31,44,135300,11867249,337.061790,avx512-vbmi,avx512-vbmi,avx512-vbmi,x86_64,linux,0
1,commit-3-amd-9950x3d,run-2,2,base64-ng,encode,standard,padded,31,44,135300,11868701,337.020554,avx512-vbmi,avx512-vbmi,avx512-vbmi,x86_64,linux,0
1,commit-3-amd-9950x3d,run-2,3,base64-ng,encode,standard,padded,31,44,135300,11876797,336.790819,avx512-vbmi,avx512-vbmi,avx512-vbmi,x86_64,linux,0
1,commit-3-amd-9950x3d,run-2,4,base64-ng,encode,standard,padded,31,44,135300,11869573,336.995795,avx512-vbmi,avx512-vbmi,avx512-vbmi,x86_64,linux,0
1,commit-3-amd-9950x3d,run-2,0,base64-ng,decode,standard,padded,31,44,135300,34343027,116.471859,avx512-vbmi,avx512-vbmi,avx512-vbmi,x86_64,linux,0
1,commit-3-amd-9950x3d,run-2,1,base64-ng,decode,standard,padded,31,44,135300,34447594,116.118304,avx512-vbmi,avx512-vbmi,avx512-vbmi,x86_64,linux,0
1,commit-3-amd-9950x3d,run-2,2,base64-ng,decode,standard,padded,31,44,135300,34382993,116.336474,avx512-vbmi,avx512-vbmi,avx512-vbmi,x86_64,linux,0
1,commit-3-amd-9950x3d,run-2,3,base64-ng,decode,standard,padded,31,44,135300,34414672,116.229386,avx512-vbmi,avx512-vbmi,avx512-vbmi,x86_64,linux,0
1,commit-3-amd-9950x3d,run-2,4,base64-ng,decode,standard,padded,31,44,135300,34368826,116.384429,avx512-vbmi,avx512-vbmi,avx512-vbmi,x86_64,linux,0
1,commit-3-amd-9950x3d,run-2,0,base64-0.23.0,encode,standard,padded,31,44,135300,2098240,1906.357798,external,avx512-vbmi,avx512-vbmi,x86_64,linux,0
1,commit-3-amd-9950x3d,run-2,1,base64-0.23.0,encode,standard,padded,31,44,135300,2143084,1866.467290,external,avx512-vbmi,avx512-vbmi,x86_64,linux,0
1,commit-3-amd-9950x3d,run-2,2,base64-0.23.0,encode,standard,padded,31,44,135300,2133617,1874.748929,external,avx512-vbmi,avx512-vbmi,x86_64,linux,0
1,commit-3-amd-9950x3d,run-2,3,base64-0.23.0,encode,standard,padded,31,44,135300,2123167,1883.976242,external,avx512-vbmi,avx512-vbmi,x86_64,linux,0
1,commit-3-amd-9950x3d,run-2,4,base64-0.23.0,encode,standard,padded,31,44,135300,2132744,1875.516323,external,avx512-vbmi,avx512-vbmi,x86_64,linux,0
1,commit-3-amd-9950x3d,run-2,0,base64-0.23.0,decode,standard,padded,31,44,135300,2762279,1448.078266,external,avx512-vbmi,avx512-vbmi,x86_64,linux,0
1,commit-3-amd-9950x3d,run-2,1,base64-0.23.0,decode,standard,padded,31,44,135300,2773260,1442.344456,external,avx512-vbmi,avx512-vbmi,x86_64,linux,0
1,commit-3-amd-9950x3d,run-2,2,base64-0.23.0,decode,standard,padded,31,44,135300,2771587,1443.215091,external,avx512-vbmi,avx512-vbmi,x86_64,linux,0
1,commit-3-amd-9950x3d,run-2,3,base64-0.23.0,decode,standard,padded,31,44,135300,2777008,1440.397790,external,avx512-vbmi,avx512-vbmi,x86_64,linux,0
1,commit-3-amd-9950x3d,run-2,4,base64-0.23.0,decode,standard,padded,31,44,135300,2754795,1452.012286,external,avx512-vbmi,avx512-vbmi,x86_64,linux,0
1,commit-3-amd-9950x3d,run-2,0,base64ct-1.8.3,encode,standard,padded,31,44,135300,3254847,1228.935242,external,avx512-vbmi,avx512-vbmi,x86_64,linux,0
1,commit-3-amd-9950x3d,run-2,1,base64ct-1.8.3,encode,standard,padded,31,44,135300,3240831,1234.250162,external,avx512-vbmi,avx512-vbmi,x86_64,linux,0
1,commit-3-amd-9950x3d,run-2,2,base64ct-1.8.3,encode,standard,padded,31,44,135300,3227004,1239.538651,external,avx512-vbmi,avx512-vbmi,x86_64,linux,0
1,commit-3-amd-9950x3d,run-2,3,base64ct-1.8.3,encode,standard,padded,31,44,135300,3231603,1237.774623,external,avx512-vbmi,avx512-vbmi,x86_64,linux,0
1,commit-3-amd-9950x3d,run-2,4,base64ct-1.8.3,encode,standard,padded,31,44,135300,3223287,1240.968051,external,avx512-vbmi,avx512-vbmi,x86_64,linux,0
1,commit-3-amd-9950x3d,run-2,0,base64ct-1.8.3,decode,standard,padded,31,44,135300,7533451,530.964652,external,avx512-vbmi,avx512-vbmi,x86_64,linux,0
1,commit-3-amd-9950x3d,run-2,1,base64ct-1.8.3,decode,standard,padded,31,44,135300,7523943,531.635631,external,avx512-vbmi,avx512-vbmi,x86_64,linux,0
1,commit-3-amd-9950x3d,run-2,2,base64ct-1.8.3,decode,standard,padded,31,44,135300,7530696,531.158898,external,avx512-vbmi,avx512-vbmi,x86_64,linux,0
1,commit-3-amd-9950x3d,run-2,3,base64ct-1.8.3,decode,standard,padded,31,44,135300,7523041,531.699373,external,avx512-vbmi,avx512-vbmi,x86_64,linux,0
1,commit-3-amd-9950x3d,run-2,4,base64ct-1.8.3,decode,standard,padded,31,44,135300,7531818,531.079772,external,avx512-vbmi,avx512-vbmi,x86_64,linux,0
1,commit-3-amd-9950x3d,run-2,0,base64-ng,encode,standard,padded,32,44,131072,11740881,340.689936,auto,avx512-vbmi,avx512-vbmi,x86_64,linux,0
1,commit-3-amd-9950x3d,run-2,1,base64-ng,encode,standard,padded,32,44,131072,11732305,340.938971,auto,avx512-vbmi,avx512-vbmi,x86_64,linux,0
1,commit-3-amd-9950x3d,run-2,2,base64-ng,encode,standard,padded,32,44,131072,11729008,341.034809,auto,avx512-vbmi,avx512-vbmi,x86_64,linux,0
1,commit-3-amd-9950x3d,run-2,3,base64-ng,encode,standard,padded,32,44,131072,11730763,340.983788,auto,avx512-vbmi,avx512-vbmi,x86_64,linux,0
1,commit-3-amd-9950x3d,run-2,4,base64-ng,encode,standard,padded,32,44,131072,11730822,340.982073,auto,avx512-vbmi,avx512-vbmi,x86_64,linux,0
1,commit-3-amd-9950x3d,run-2,0,base64-ng,decode,standard,padded,32,44,131072,33644893,118.888772,auto,avx512-vbmi,avx512-vbmi,x86_64,linux,0
1,commit-3-amd-9950x3d,run-2,1,base64-ng,decode,standard,padded,32,44,131072,33892529,118.020110,auto,avx512-vbmi,avx512-vbmi,x86_64,linux,0
1,commit-3-amd-9950x3d,run-2,2,base64-ng,decode,standard,padded,32,44,131072,33776180,118.426655,auto,avx512-vbmi,avx512-vbmi,x86_64,linux,0
1,commit-3-amd-9950x3d,run-2,3,base64-ng,decode,standard,padded,32,44,131072,33715756,118.638894,auto,avx512-vbmi,avx512-vbmi,x86_64,linux,0
1,commit-3-amd-9950x3d,run-2,4,base64-ng,decode,standard,padded,32,44,131072,33677184,118.774776,auto,avx512-vbmi,avx512-vbmi,x86_64,linux,0
1,commit-3-amd-9950x3d,run-2,0,base64-ng,encode,standard,padded,32,44,131072,11653666,343.239629,scalar,avx512-vbmi,avx512-vbmi,x86_64,linux,0
1,commit-3-amd-9950x3d,run-2,1,base64-ng,encode,standard,padded,32,44,131072,11654809,343.205968,scalar,avx512-vbmi,avx512-vbmi,x86_64,linux,0
1,commit-3-amd-9950x3d,run-2,2,base64-ng,encode,standard,padded,32,44,131072,11661672,343.003988,scalar,avx512-vbmi,avx512-vbmi,x86_64,linux,0
1,commit-3-amd-9950x3d,run-2,3,base64-ng,encode,standard,padded,32,44,131072,11660169,343.048201,scalar,avx512-vbmi,avx512-vbmi,x86_64,linux,0
1,commit-3-amd-9950x3d,run-2,4,base64-ng,encode,standard,padded,32,44,131072,11655580,343.183265,scalar,avx512-vbmi,avx512-vbmi,x86_64,linux,0
1,commit-3-amd-9950x3d,run-2,0,base64-ng,decode,standard,padded,32,44,131072,14769933,270.820457,scalar,avx512-vbmi,avx512-vbmi,x86_64,linux,0
1,commit-3-amd-9950x3d,run-2,1,base64-ng,decode,standard,padded,32,44,131072,14766146,270.889913,scalar,avx512-vbmi,avx512-vbmi,x86_64,linux,0
1,commit-3-amd-9950x3d,run-2,2,base64-ng,decode,standard,padded,32,44,131072,14765194,270.907379,scalar,avx512-vbmi,avx512-vbmi,x86_64,linux,0
1,commit-3-amd-9950x3d,run-2,3,base64-ng,decode,standard,padded,32,44,131072,14753212,271.127399,scalar,avx512-vbmi,avx512-vbmi,x86_64,linux,0
1,commit-3-amd-9950x3d,run-2,4,base64-ng,decode,standard,padded,32,44,131072,14753682,271.118762,scalar,avx512-vbmi,avx512-vbmi,x86_64,linux,0
1,commit-3-amd-9950x3d,run-2,0,base64-ng,encode,standard,padded,32,44,131072,14188659,281.915296,ssse3-sse4.1,avx512-vbmi,avx512-vbmi,x86_64,linux,0
1,commit-3-amd-9950x3d,run-2,1,base64-ng,encode,standard,padded,32,44,131072,14177498,282.137229,ssse3-sse4.1,avx512-vbmi,avx512-vbmi,x86_64,linux,0
1,commit-3-amd-9950x3d,run-2,2,base64-ng,encode,standard,padded,32,44,131072,14147271,282.740042,ssse3-sse4.1,avx512-vbmi,avx512-vbmi,x86_64,linux,0
1,commit-3-amd-9950x3d,run-2,3,base64-ng,encode,standard,padded,32,44,131072,14092488,283.839163,ssse3-sse4.1,avx512-vbmi,avx512-vbmi,x86_64,linux,0
1,commit-3-amd-9950x3d,run-2,4,base64-ng,encode,standard,padded,32,44,131072,14104740,283.592608,ssse3-sse4.1,avx512-vbmi,avx512-vbmi,x86_64,linux,0
1,commit-3-amd-9950x3d,run-2,0,base64-ng,decode,standard,padded,32,44,131072,45002613,88.883728,ssse3-sse4.1,avx512-vbmi,avx512-vbmi,x86_64,linux,0
1,commit-3-amd-9950x3d,run-2,1,base64-ng,decode,standard,padded,32,44,131072,45089056,88.713323,ssse3-sse4.1,avx512-vbmi,avx512-vbmi,x86_64,linux,0
1,commit-3-amd-9950x3d,run-2,2,base64-ng,decode,standard,padded,32,44,131072,45006320,88.876407,ssse3-sse4.1,avx512-vbmi,avx512-vbmi,x86_64,linux,0
1,commit-3-amd-9950x3d,run-2,3,base64-ng,decode,standard,padded,32,44,131072,45059801,88.770920,ssse3-sse4.1,avx512-vbmi,avx512-vbmi,x86_64,linux,0
1,commit-3-amd-9950x3d,run-2,4,base64-ng,decode,standard,padded,32,44,131072,45188313,88.518463,ssse3-sse4.1,avx512-vbmi,avx512-vbmi,x86_64,linux,0
1,commit-3-amd-9950x3d,run-2,0,base64-ng,encode,standard,padded,32,44,131072,9983773,400.650135,avx2,avx512-vbmi,avx512-vbmi,x86_64,linux,0
1,commit-3-amd-9950x3d,run-2,1,base64-ng,encode,standard,padded,32,44,131072,9884907,404.657323,avx2,avx512-vbmi,avx512-vbmi,x86_64,linux,0
1,commit-3-amd-9950x3d,run-2,2,base64-ng,encode,standard,padded,32,44,131072,9877694,404.952816,avx2,avx512-vbmi,avx512-vbmi,x86_64,linux,0
1,commit-3-amd-9950x3d,run-2,3,base64-ng,encode,standard,padded,32,44,131072,9914994,403.429392,avx2,avx512-vbmi,avx512-vbmi,x86_64,linux,0
1,commit-3-amd-9950x3d,run-2,4,base64-ng,encode,standard,padded,32,44,131072,9871922,405.189587,avx2,avx512-vbmi,avx512-vbmi,x86_64,linux,0
1,commit-3-amd-9950x3d,run-2,0,base64-ng,decode,standard,padded,32,44,131072,33510901,119.364144,avx2,avx512-vbmi,avx512-vbmi,x86_64,linux,0
1,commit-3-amd-9950x3d,run-2,1,base64-ng,decode,standard,padded,32,44,131072,33382910,119.821789,avx2,avx512-vbmi,avx512-vbmi,x86_64,linux,0
1,commit-3-amd-9950x3d,run-2,2,base64-ng,decode,standard,padded,32,44,131072,33402277,119.752315,avx2,avx512-vbmi,avx512-vbmi,x86_64,linux,0
1,commit-3-amd-9950x3d,run-2,3,base64-ng,decode,standard,padded,32,44,131072,33547360,119.234420,avx2,avx512-vbmi,avx512-vbmi,x86_64,linux,0
1,commit-3-amd-9950x3d,run-2,4,base64-ng,decode,standard,padded,32,44,131072,33586564,119.095243,avx2,avx512-vbmi,avx512-vbmi,x86_64,linux,0
1,commit-3-amd-9950x3d,run-2,0,base64-ng,encode,standard,padded,32,44,131072,11789192,339.293821,avx512-vbmi,avx512-vbmi,avx512-vbmi,x86_64,linux,0
1,commit-3-amd-9950x3d,run-2,1,base64-ng,encode,standard,padded,32,44,131072,11791968,339.213946,avx512-vbmi,avx512-vbmi,avx512-vbmi,x86_64,linux,0
1,commit-3-amd-9950x3d,run-2,2,base64-ng,encode,standard,padded,32,44,131072,11792038,339.211933,avx512-vbmi,avx512-vbmi,avx512-vbmi,x86_64,linux,0
1,commit-3-amd-9950x3d,run-2,3,base64-ng,encode,standard,padded,32,44,131072,11793580,339.167581,avx512-vbmi,avx512-vbmi,avx512-vbmi,x86_64,linux,0
1,commit-3-amd-9950x3d,run-2,4,base64-ng,encode,standard,padded,32,44,131072,11790424,339.258368,avx512-vbmi,avx512-vbmi,avx512-vbmi,x86_64,linux,0
1,commit-3-amd-9950x3d,run-2,0,base64-ng,decode,standard,padded,32,44,131072,33637930,118.913381,avx512-vbmi,avx512-vbmi,avx512-vbmi,x86_64,linux,0
1,commit-3-amd-9950x3d,run-2,1,base64-ng,decode,standard,padded,32,44,131072,33882450,118.055217,avx512-vbmi,avx512-vbmi,avx512-vbmi,x86_64,linux,0
1,commit-3-amd-9950x3d,run-2,2,base64-ng,decode,standard,padded,32,44,131072,33680130,118.764387,avx512-vbmi,avx512-vbmi,avx512-vbmi,x86_64,linux,0
1,commit-3-amd-9950x3d,run-2,3,base64-ng,decode,standard,padded,32,44,131072,33824932,118.255966,avx512-vbmi,avx512-vbmi,avx512-vbmi,x86_64,linux,0
1,commit-3-amd-9950x3d,run-2,4,base64-ng,decode,standard,padded,32,44,131072,33852734,118.158846,avx512-vbmi,avx512-vbmi,avx512-vbmi,x86_64,linux,0
1,commit-3-amd-9950x3d,run-2,0,base64-0.23.0,encode,standard,padded,32,44,131072,2074054,1928.590095,external,avx512-vbmi,avx512-vbmi,x86_64,linux,0
1,commit-3-amd-9950x3d,run-2,1,base64-0.23.0,encode,standard,padded,32,44,131072,2103069,1901.982293,external,avx512-vbmi,avx512-vbmi,x86_64,linux,0
1,commit-3-amd-9950x3d,run-2,2,base64-0.23.0,encode,standard,padded,32,44,131072,2106836,1898.581570,external,avx512-vbmi,avx512-vbmi,x86_64,linux,0
1,commit-3-amd-9950x3d,run-2,3,base64-0.23.0,encode,standard,padded,32,44,131072,2111004,1894.832980,external,avx512-vbmi,avx512-vbmi,x86_64,linux,0
1,commit-3-amd-9950x3d,run-2,4,base64-0.23.0,encode,standard,padded,32,44,131072,2103841,1901.284365,external,avx512-vbmi,avx512-vbmi,x86_64,linux,0
1,commit-3-amd-9950x3d,run-2,0,base64-0.23.0,decode,standard,padded,32,44,131072,2675055,1495.296358,external,avx512-vbmi,avx512-vbmi,x86_64,linux,0
1,commit-3-amd-9950x3d,run-2,1,base64-0.23.0,decode,standard,padded,32,44,131072,2682299,1491.258059,external,avx512-vbmi,avx512-vbmi,x86_64,linux,0
1,commit-3-amd-9950x3d,run-2,2,base64-0.23.0,decode,standard,padded,32,44,131072,2674504,1495.604419,external,avx512-vbmi,avx512-vbmi,x86_64,linux,0
1,commit-3-amd-9950x3d,run-2,3,base64-0.23.0,decode,standard,padded,32,44,131072,2676288,1494.607456,external,avx512-vbmi,avx512-vbmi,x86_64,linux,0
1,commit-3-amd-9950x3d,run-2,4,base64-0.23.0,decode,standard,padded,32,44,131072,2677581,1493.885713,external,avx512-vbmi,avx512-vbmi,x86_64,linux,0
1,commit-3-amd-9950x3d,run-2,0,base64ct-1.8.3,encode,standard,padded,32,44,131072,3161280,1265.310254,external,avx512-vbmi,avx512-vbmi,x86_64,linux,0
1,commit-3-amd-9950x3d,run-2,1,base64ct-1.8.3,encode,standard,padded,32,44,131072,3134310,1276.197951,external,avx512-vbmi,avx512-vbmi,x86_64,linux,0
1,commit-3-amd-9950x3d,run-2,2,base64ct-1.8.3,encode,standard,padded,32,44,131072,3146814,1271.126924,external,avx512-vbmi,avx512-vbmi,x86_64,linux,0
1,commit-3-amd-9950x3d,run-2,3,base64ct-1.8.3,encode,standard,padded,32,44,131072,3145051,1271.839471,external,avx512-vbmi,avx512-vbmi,x86_64,linux,0
1,commit-3-amd-9950x3d,run-2,4,base64ct-1.8.3,encode,standard,padded,32,44,131072,3145080,1271.827744,external,avx512-vbmi,avx512-vbmi,x86_64,linux,0
1,commit-3-amd-9950x3d,run-2,0,base64ct-1.8.3,decode,standard,padded,32,44,131072,7616687,525.162712,external,avx512-vbmi,avx512-vbmi,x86_64,linux,0
1,commit-3-amd-9950x3d,run-2,1,base64ct-1.8.3,decode,standard,padded,32,44,131072,7595638,526.618041,external,avx512-vbmi,avx512-vbmi,x86_64,linux,0
1,commit-3-amd-9950x3d,run-2,2,base64ct-1.8.3,decode,standard,padded,32,44,131072,7598093,526.447886,external,avx512-vbmi,avx512-vbmi,x86_64,linux,0
1,commit-3-amd-9950x3d,run-2,3,base64ct-1.8.3,decode,standard,padded,32,44,131072,7584437,527.395771,external,avx512-vbmi,avx512-vbmi,x86_64,linux,0
1,commit-3-amd-9950x3d,run-2,4,base64ct-1.8.3,decode,standard,padded,32,44,131072,7589106,527.071305,external,avx512-vbmi,avx512-vbmi,x86_64,linux,0
1,commit-3-amd-9950x3d,run-2,0,base64-ng,encode,standard,padded,47,64,89240,11382276,351.421553,auto,avx512-vbmi,avx512-vbmi,x86_64,linux,0
1,commit-3-amd-9950x3d,run-2,1,base64-ng,encode,standard,padded,47,64,89240,11380773,351.467964,auto,avx512-vbmi,avx512-vbmi,x86_64,linux,0
1,commit-3-amd-9950x3d,run-2,2,base64-ng,encode,standard,padded,47,64,89240,11364392,351.974581,auto,avx512-vbmi,avx512-vbmi,x86_64,linux,0
1,commit-3-amd-9950x3d,run-2,3,base64-ng,encode,standard,padded,47,64,89240,11366236,351.917478,auto,avx512-vbmi,avx512-vbmi,x86_64,linux,0
1,commit-3-amd-9950x3d,run-2,4,base64-ng,encode,standard,padded,47,64,89240,11369922,351.803391,auto,avx512-vbmi,avx512-vbmi,x86_64,linux,0
1,commit-3-amd-9950x3d,run-2,0,base64-ng,decode,standard,padded,47,64,89240,29693214,134.710143,auto,avx512-vbmi,avx512-vbmi,x86_64,linux,0
1,commit-3-amd-9950x3d,run-2,1,base64-ng,decode,standard,padded,47,64,89240,29681643,134.762658,auto,avx512-vbmi,avx512-vbmi,x86_64,linux,0
1,commit-3-amd-9950x3d,run-2,2,base64-ng,decode,standard,padded,47,64,89240,29692794,134.712049,auto,avx512-vbmi,avx512-vbmi,x86_64,linux,0
1,commit-3-amd-9950x3d,run-2,3,base64-ng,decode,standard,padded,47,64,89240,29692403,134.713823,auto,avx512-vbmi,avx512-vbmi,x86_64,linux,0
1,commit-3-amd-9950x3d,run-2,4,base64-ng,decode,standard,padded,47,64,89240,29710657,134.631056,auto,avx512-vbmi,avx512-vbmi,x86_64,linux,0
1,commit-3-amd-9950x3d,run-2,0,base64-ng,encode,standard,padded,47,64,89240,11321011,353.323313,scalar,avx512-vbmi,avx512-vbmi,x86_64,linux,0
1,commit-3-amd-9950x3d,run-2,1,base64-ng,encode,standard,padded,47,64,89240,11311052,353.634402,scalar,avx512-vbmi,avx512-vbmi,x86_64,linux,0
1,commit-3-amd-9950x3d,run-2,2,base64-ng,encode,standard,padded,47,64,89240,11314218,353.535446,scalar,avx512-vbmi,avx512-vbmi,x86_64,linux,0
1,commit-3-amd-9950x3d,run-2,3,base64-ng,encode,standard,padded,47,64,89240,11318787,353.392737,scalar,avx512-vbmi,avx512-vbmi,x86_64,linux,0
1,commit-3-amd-9950x3d,run-2,4,base64-ng,encode,standard,padded,47,64,89240,11322604,353.273603,scalar,avx512-vbmi,avx512-vbmi,x86_64,linux,0
1,commit-3-amd-9950x3d,run-2,0,base64-ng,decode,standard,padded,47,64,89240,13111502,305.073905,scalar,avx512-vbmi,avx512-vbmi,x86_64,linux,0
1,commit-3-amd-9950x3d,run-2,1,base64-ng,decode,standard,padded,47,64,89240,13121550,304.840290,scalar,avx512-vbmi,avx512-vbmi,x86_64,linux,0
1,commit-3-amd-9950x3d,run-2,2,base64-ng,decode,standard,padded,47,64,89240,13123244,304.800940,scalar,avx512-vbmi,avx512-vbmi,x86_64,linux,0
1,commit-3-amd-9950x3d,run-2,3,base64-ng,decode,standard,padded,47,64,89240,13128022,304.690007,scalar,avx512-vbmi,avx512-vbmi,x86_64,linux,0
1,commit-3-amd-9950x3d,run-2,4,base64-ng,decode,standard,padded,47,64,89240,13126199,304.732323,scalar,avx512-vbmi,avx512-vbmi,x86_64,linux,0
1,commit-3-amd-9950x3d,run-2,0,base64-ng,encode,standard,padded,47,64,89240,13950841,286.719425,ssse3-sse4.1,avx512-vbmi,avx512-vbmi,x86_64,linux,0
1,commit-3-amd-9950x3d,run-2,1,base64-ng,encode,standard,padded,47,64,89240,13909213,287.577529,ssse3-sse4.1,avx512-vbmi,avx512-vbmi,x86_64,linux,0
1,commit-3-amd-9950x3d,run-2,2,base64-ng,encode,standard,padded,47,64,89240,13839802,289.019822,ssse3-sse4.1,avx512-vbmi,avx512-vbmi,x86_64,linux,0
1,commit-3-amd-9950x3d,run-2,3,base64-ng,encode,standard,padded,47,64,89240,13809375,289.656636,ssse3-sse4.1,avx512-vbmi,avx512-vbmi,x86_64,linux,0
1,commit-3-amd-9950x3d,run-2,4,base64-ng,encode,standard,padded,47,64,89240,13820626,289.420835,ssse3-sse4.1,avx512-vbmi,avx512-vbmi,x86_64,linux,0
1,commit-3-amd-9950x3d,run-2,0,base64-ng,decode,standard,padded,47,64,89240,53883099,74.234355,ssse3-sse4.1,avx512-vbmi,avx512-vbmi,x86_64,linux,0
1,commit-3-amd-9950x3d,run-2,1,base64-ng,decode,standard,padded,47,64,89240,53965044,74.121632,ssse3-sse4.1,avx512-vbmi,avx512-vbmi,x86_64,linux,0
1,commit-3-amd-9950x3d,run-2,2,base64-ng,decode,standard,padded,47,64,89240,54227348,73.763097,ssse3-sse4.1,avx512-vbmi,avx512-vbmi,x86_64,linux,0
1,commit-3-amd-9950x3d,run-2,3,base64-ng,decode,standard,padded,47,64,89240,53717418,74.463317,ssse3-sse4.1,avx512-vbmi,avx512-vbmi,x86_64,linux,0
1,commit-3-amd-9950x3d,run-2,4,base64-ng,decode,standard,padded,47,64,89240,54025067,74.039281,ssse3-sse4.1,avx512-vbmi,avx512-vbmi,x86_64,linux,0
1,commit-3-amd-9950x3d,run-2,0,base64-ng,encode,standard,padded,47,64,89240,10250957,390.205238,avx2,avx512-vbmi,avx512-vbmi,x86_64,linux,0
1,commit-3-amd-9950x3d,run-2,1,base64-ng,encode,standard,padded,47,64,89240,10225298,391.184405,avx2,avx512-vbmi,avx512-vbmi,x86_64,linux,0
1,commit-3-amd-9950x3d,run-2,2,base64-ng,encode,standard,padded,47,64,89240,10222954,391.274099,avx2,avx512-vbmi,avx512-vbmi,x86_64,linux,0
1,commit-3-amd-9950x3d,run-2,3,base64-ng,encode,standard,padded,47,64,89240,10221260,391.338946,avx2,avx512-vbmi,avx512-vbmi,x86_64,linux,0
1,commit-3-amd-9950x3d,run-2,4,base64-ng,encode,standard,padded,47,64,89240,10242260,390.536572,avx2,avx512-vbmi,avx512-vbmi,x86_64,linux,0
1,commit-3-amd-9950x3d,run-2,0,base64-ng,decode,standard,padded,47,64,89240,38005732,105.246680,avx2,avx512-vbmi,avx512-vbmi,x86_64,linux,0
1,commit-3-amd-9950x3d,run-2,1,base64-ng,decode,standard,padded,47,64,89240,38055165,105.109966,avx2,avx512-vbmi,avx512-vbmi,x86_64,linux,0
1,commit-3-amd-9950x3d,run-2,2,base64-ng,decode,standard,padded,47,64,89240,38130297,104.902857,avx2,avx512-vbmi,avx512-vbmi,x86_64,linux,0
1,commit-3-amd-9950x3d,run-2,3,base64-ng,decode,standard,padded,47,64,89240,38178848,104.769455,avx2,avx512-vbmi,avx512-vbmi,x86_64,linux,0
1,commit-3-amd-9950x3d,run-2,4,base64-ng,decode,standard,padded,47,64,89240,38849731,102.960227,avx2,avx512-vbmi,avx512-vbmi,x86_64,linux,0
1,commit-3-amd-9950x3d,run-2,0,base64-ng,encode,standard,padded,47,64,89240,11962468,334.377247,avx512-vbmi,avx512-vbmi,avx512-vbmi,x86_64,linux,0
1,commit-3-amd-9950x3d,run-2,1,base64-ng,encode,standard,padded,47,64,89240,11578075,345.478597,avx512-vbmi,avx512-vbmi,avx512-vbmi,x86_64,linux,0
1,commit-3-amd-9950x3d,run-2,2,base64-ng,encode,standard,padded,47,64,89240,11674606,342.622022,avx512-vbmi,avx512-vbmi,avx512-vbmi,x86_64,linux,0
1,commit-3-amd-9950x3d,run-2,3,base64-ng,encode,standard,padded,47,64,89240,11670198,342.751435,avx512-vbmi,avx512-vbmi,avx512-vbmi,x86_64,linux,0
1,commit-3-amd-9950x3d,run-2,4,base64-ng,encode,standard,padded,47,64,89240,11672342,342.688478,avx512-vbmi,avx512-vbmi,avx512-vbmi,x86_64,linux,0
1,commit-3-amd-9950x3d,run-2,0,base64-ng,decode,standard,padded,47,64,89240,30071467,133.015696,avx512-vbmi,avx512-vbmi,avx512-vbmi,x86_64,linux,0
1,commit-3-amd-9950x3d,run-2,1,base64-ng,decode,standard,padded,47,64,89240,30149143,132.672995,avx512-vbmi,avx512-vbmi,avx512-vbmi,x86_64,linux,0
1,commit-3-amd-9950x3d,run-2,2,base64-ng,decode,standard,padded,47,64,89240,30079432,132.980474,avx512-vbmi,avx512-vbmi,avx512-vbmi,x86_64,linux,0
1,commit-3-amd-9950x3d,run-2,3,base64-ng,decode,standard,padded,47,64,89240,30258208,132.194779,avx512-vbmi,avx512-vbmi,avx512-vbmi,x86_64,linux,0
1,commit-3-amd-9950x3d,run-2,4,base64-ng,decode,standard,padded,47,64,89240,30273808,132.126659,avx512-vbmi,avx512-vbmi,avx512-vbmi,x86_64,linux,0
1,commit-3-amd-9950x3d,run-2,0,base64-0.23.0,encode,standard,padded,47,64,89240,1588260,2518.464931,external,avx512-vbmi,avx512-vbmi,x86_64,linux,0
1,commit-3-amd-9950x3d,run-2,1,base64-0.23.0,encode,standard,padded,47,64,89240,1573932,2541.391313,external,avx512-vbmi,avx512-vbmi,x86_64,linux,0
1,commit-3-amd-9950x3d,run-2,2,base64-0.23.0,encode,standard,padded,47,64,89240,1588339,2518.339669,external,avx512-vbmi,avx512-vbmi,x86_64,linux,0
1,commit-3-amd-9950x3d,run-2,3,base64-0.23.0,encode,standard,padded,47,64,89240,1598118,2502.929766,external,avx512-vbmi,avx512-vbmi,x86_64,linux,0
1,commit-3-amd-9950x3d,run-2,4,base64-0.23.0,encode,standard,padded,47,64,89240,1595914,2506.386379,external,avx512-vbmi,avx512-vbmi,x86_64,linux,0
1,commit-3-amd-9950x3d,run-2,0,base64-0.23.0,decode,standard,padded,47,64,89240,2246989,1780.149841,external,avx512-vbmi,avx512-vbmi,x86_64,linux,0
1,commit-3-amd-9950x3d,run-2,1,base64-0.23.0,decode,standard,padded,47,64,89240,2235579,1789.235411,external,avx512-vbmi,avx512-vbmi,x86_64,linux,0
1,commit-3-amd-9950x3d,run-2,2,base64-0.23.0,decode,standard,padded,47,64,89240,2230278,1793.488127,external,avx512-vbmi,avx512-vbmi,x86_64,linux,0
1,commit-3-amd-9950x3d,run-2,3,base64-0.23.0,decode,standard,padded,47,64,89240,2226481,1796.546708,external,avx512-vbmi,avx512-vbmi,x86_64,linux,0
1,commit-3-amd-9950x3d,run-2,4,base64-0.23.0,decode,standard,padded,47,64,89240,2223245,1799.161636,external,avx512-vbmi,avx512-vbmi,x86_64,linux,0
1,commit-3-amd-9950x3d,run-2,0,base64ct-1.8.3,encode,standard,padded,47,64,89240,2647934,1510.603026,external,avx512-vbmi,avx512-vbmi,x86_64,linux,0
1,commit-3-amd-9950x3d,run-2,1,base64ct-1.8.3,encode,standard,padded,47,64,89240,2641753,1514.137435,external,avx512-vbmi,avx512-vbmi,x86_64,linux,0
1,commit-3-amd-9950x3d,run-2,2,base64ct-1.8.3,encode,standard,padded,47,64,89240,2635080,1517.971793,external,avx512-vbmi,avx512-vbmi,x86_64,linux,0
1,commit-3-amd-9950x3d,run-2,3,base64ct-1.8.3,encode,standard,padded,47,64,89240,2629080,1521.436058,external,avx512-vbmi,avx512-vbmi,x86_64,linux,0
1,commit-3-amd-9950x3d,run-2,4,base64ct-1.8.3,encode,standard,padded,47,64,89240,2635781,1517.568080,external,avx512-vbmi,avx512-vbmi,x86_64,linux,0
1,commit-3-amd-9950x3d,run-2,0,base64ct-1.8.3,decode,standard,padded,47,64,89240,6711323,596.004262,external,avx512-vbmi,avx512-vbmi,x86_64,linux,0
1,commit-3-amd-9950x3d,run-2,1,base64ct-1.8.3,decode,standard,padded,47,64,89240,6693449,597.595815,external,avx512-vbmi,avx512-vbmi,x86_64,linux,0
1,commit-3-amd-9950x3d,run-2,2,base64ct-1.8.3,decode,standard,padded,47,64,89240,6693911,597.554570,external,avx512-vbmi,avx512-vbmi,x86_64,linux,0
1,commit-3-amd-9950x3d,run-2,3,base64ct-1.8.3,decode,standard,padded,47,64,89240,6690705,597.840902,external,avx512-vbmi,avx512-vbmi,x86_64,linux,0
1,commit-3-amd-9950x3d,run-2,4,base64ct-1.8.3,decode,standard,padded,47,64,89240,6696285,597.342722,external,avx512-vbmi,avx512-vbmi,x86_64,linux,0
1,commit-3-amd-9950x3d,run-2,0,base64-ng,encode,standard,padded,48,64,87381,6095064,656.266241,auto,avx512-vbmi,avx512-vbmi,x86_64,linux,0
1,commit-3-amd-9950x3d,run-2,1,base64-ng,encode,standard,padded,48,64,87381,6130891,652.431228,auto,avx512-vbmi,avx512-vbmi,x86_64,linux,0
1,commit-3-amd-9950x3d,run-2,2,base64-ng,encode,standard,padded,48,64,87381,6108418,654.831536,auto,avx512-vbmi,avx512-vbmi,x86_64,linux,0
1,commit-3-amd-9950x3d,run-2,3,base64-ng,encode,standard,padded,48,64,87381,6126282,652.922073,auto,avx512-vbmi,avx512-vbmi,x86_64,linux,0
1,commit-3-amd-9950x3d,run-2,4,base64-ng,encode,standard,padded,48,64,87381,6117526,653.856598,auto,avx512-vbmi,avx512-vbmi,x86_64,linux,0
1,commit-3-amd-9950x3d,run-2,0,base64-ng,decode,standard,padded,48,64,87381,29178105,137.088572,auto,avx512-vbmi,avx512-vbmi,x86_64,linux,0
1,commit-3-amd-9950x3d,run-2,1,base64-ng,decode,standard,padded,48,64,87381,29066054,137.617055,auto,avx512-vbmi,avx512-vbmi,x86_64,linux,0
1,commit-3-amd-9950x3d,run-2,2,base64-ng,decode,standard,padded,48,64,87381,28945117,138.192039,auto,avx512-vbmi,avx512-vbmi,x86_64,linux,0
1,commit-3-amd-9950x3d,run-2,3,base64-ng,decode,standard,padded,48,64,87381,29411755,135.999526,auto,avx512-vbmi,avx512-vbmi,x86_64,linux,0
1,commit-3-amd-9950x3d,run-2,4,base64-ng,decode,standard,padded,48,64,87381,28998727,137.936563,auto,avx512-vbmi,avx512-vbmi,x86_64,linux,0
1,commit-3-amd-9950x3d,run-2,0,base64-ng,encode,standard,padded,48,64,87381,11534854,346.773764,scalar,avx512-vbmi,avx512-vbmi,x86_64,linux,0
1,commit-3-amd-9950x3d,run-2,1,base64-ng,encode,standard,padded,48,64,87381,11513894,347.405034,scalar,avx512-vbmi,avx512-vbmi,x86_64,linux,0
1,commit-3-amd-9950x3d,run-2,2,base64-ng,encode,standard,padded,48,64,87381,11643698,343.532161,scalar,avx512-vbmi,avx512-vbmi,x86_64,linux,0
1,commit-3-amd-9950x3d,run-2,3,base64-ng,encode,standard,padded,48,64,87381,11574959,345.572260,scalar,avx512-vbmi,avx512-vbmi,x86_64,linux,0
1,commit-3-amd-9950x3d,run-2,4,base64-ng,encode,standard,padded,48,64,87381,11573005,345.630607,scalar,avx512-vbmi,avx512-vbmi,x86_64,linux,0
1,commit-3-amd-9950x3d,run-2,0,base64-ng,decode,standard,padded,48,64,87381,12937163,309.185618,scalar,avx512-vbmi,avx512-vbmi,x86_64,linux,0
1,commit-3-amd-9950x3d,run-2,1,base64-ng,decode,standard,padded,48,64,87381,12896316,310.164914,scalar,avx512-vbmi,avx512-vbmi,x86_64,linux,0
1,commit-3-amd-9950x3d,run-2,2,base64-ng,decode,standard,padded,48,64,87381,12967530,308.461576,scalar,avx512-vbmi,avx512-vbmi,x86_64,linux,0
1,commit-3-amd-9950x3d,run-2,3,base64-ng,decode,standard,padded,48,64,87381,12891758,310.274576,scalar,avx512-vbmi,avx512-vbmi,x86_64,linux,0
1,commit-3-amd-9950x3d,run-2,4,base64-ng,decode,standard,padded,48,64,87381,12866049,310.894568,scalar,avx512-vbmi,avx512-vbmi,x86_64,linux,0
1,commit-3-amd-9950x3d,run-2,0,base64-ng,encode,standard,padded,48,64,87381,14618858,273.618140,ssse3-sse4.1,avx512-vbmi,avx512-vbmi,x86_64,linux,0
1,commit-3-amd-9950x3d,run-2,1,base64-ng,encode,standard,padded,48,64,87381,14635640,273.304395,ssse3-sse4.1,avx512-vbmi,avx512-vbmi,x86_64,linux,0
1,commit-3-amd-9950x3d,run-2,2,base64-ng,encode,standard,padded,48,64,87381,14530612,275.279853,ssse3-sse4.1,avx512-vbmi,avx512-vbmi,x86_64,linux,0
1,commit-3-amd-9950x3d,run-2,3,base64-ng,encode,standard,padded,48,64,87381,14533859,275.218353,ssse3-sse4.1,avx512-vbmi,avx512-vbmi,x86_64,linux,0
1,commit-3-amd-9950x3d,run-2,4,base64-ng,encode,standard,padded,48,64,87381,14480458,276.233303,ssse3-sse4.1,avx512-vbmi,avx512-vbmi,x86_64,linux,0
1,commit-3-amd-9950x3d,run-2,0,base64-ng,decode,standard,padded,48,64,87381,54144732,73.875788,ssse3-sse4.1,avx512-vbmi,avx512-vbmi,x86_64,linux,0
1,commit-3-amd-9950x3d,run-2,1,base64-ng,decode,standard,padded,48,64,87381,53995601,74.079826,ssse3-sse4.1,avx512-vbmi,avx512-vbmi,x86_64,linux,0
1,commit-3-amd-9950x3d,run-2,2,base64-ng,decode,standard,padded,48,64,87381,54025487,74.038847,ssse3-sse4.1,avx512-vbmi,avx512-vbmi,x86_64,linux,0
1,commit-3-amd-9950x3d,run-2,3,base64-ng,decode,standard,padded,48,64,87381,53913127,74.193150,ssse3-sse4.1,avx512-vbmi,avx512-vbmi,x86_64,linux,0
1,commit-3-amd-9950x3d,run-2,4,base64-ng,decode,standard,padded,48,64,87381,53284363,75.068641,ssse3-sse4.1,avx512-vbmi,avx512-vbmi,x86_64,linux,0
1,commit-3-amd-9950x3d,run-2,0,base64-ng,encode,standard,padded,48,64,87381,8030888,498.075025,avx2,avx512-vbmi,avx512-vbmi,x86_64,linux,0
1,commit-3-amd-9950x3d,run-2,1,base64-ng,encode,standard,padded,48,64,87381,7993437,500.408615,avx2,avx512-vbmi,avx512-vbmi,x86_64,linux,0
1,commit-3-amd-9950x3d,run-2,2,base64-ng,encode,standard,padded,48,64,87381,7980322,501.230996,avx2,avx512-vbmi,avx512-vbmi,x86_64,linux,0
1,commit-3-amd-9950x3d,run-2,3,base64-ng,encode,standard,padded,48,64,87381,8014126,499.116777,avx2,avx512-vbmi,avx512-vbmi,x86_64,linux,0
1,commit-3-amd-9950x3d,run-2,4,base64-ng,encode,standard,padded,48,64,87381,7998096,500.117121,avx2,avx512-vbmi,avx512-vbmi,x86_64,linux,0
1,commit-3-amd-9950x3d,run-2,0,base64-ng,decode,standard,padded,48,64,87381,37011881,108.072993,avx2,avx512-vbmi,avx512-vbmi,x86_64,linux,0
1,commit-3-amd-9950x3d,run-2,1,base64-ng,decode,standard,padded,48,64,87381,36955135,108.238943,avx2,avx512-vbmi,avx512-vbmi,x86_64,linux,0
1,commit-3-amd-9950x3d,run-2,2,base64-ng,decode,standard,padded,48,64,87381,36920148,108.341514,avx2,avx512-vbmi,avx512-vbmi,x86_64,linux,0
1,commit-3-amd-9950x3d,run-2,3,base64-ng,decode,standard,padded,48,64,87381,37106830,107.796455,avx2,avx512-vbmi,avx512-vbmi,x86_64,linux,0
1,commit-3-amd-9950x3d,run-2,4,base64-ng,decode,standard,padded,48,64,87381,37000039,108.107582,avx2,avx512-vbmi,avx512-vbmi,x86_64,linux,0
1,commit-3-amd-9950x3d,run-2,0,base64-ng,encode,standard,padded,48,64,87381,5130999,779.572310,avx512-vbmi,avx512-vbmi,avx512-vbmi,x86_64,linux,0
1,commit-3-amd-9950x3d,run-2,1,base64-ng,encode,standard,padded,48,64,87381,5137250,778.623727,avx512-vbmi,avx512-vbmi,avx512-vbmi,x86_64,linux,0
1,commit-3-amd-9950x3d,run-2,2,base64-ng,encode,standard,padded,48,64,87381,5123664,780.688340,avx512-vbmi,avx512-vbmi,avx512-vbmi,x86_64,linux,0
1,commit-3-amd-9950x3d,run-2,3,base64-ng,encode,standard,padded,48,64,87381,5130017,779.721537,avx512-vbmi,avx512-vbmi,avx512-vbmi,x86_64,linux,0
1,commit-3-amd-9950x3d,run-2,4,base64-ng,encode,standard,padded,48,64,87381,5115089,781.997095,avx512-vbmi,avx512-vbmi,avx512-vbmi,x86_64,linux,0
1,commit-3-amd-9950x3d,run-2,0,base64-ng,decode,standard,padded,48,64,87381,28312245,141.281087,avx512-vbmi,avx512-vbmi,avx512-vbmi,x86_64,linux,0
1,commit-3-amd-9950x3d,run-2,1,base64-ng,decode,standard,padded,48,64,87381,28303438,141.325048,avx512-vbmi,avx512-vbmi,avx512-vbmi,x86_64,linux,0
1,commit-3-amd-9950x3d,run-2,2,base64-ng,decode,standard,padded,48,64,87381,28287889,141.402730,avx512-vbmi,avx512-vbmi,avx512-vbmi,x86_64,linux,0
1,commit-3-amd-9950x3d,run-2,3,base64-ng,decode,standard,padded,48,64,87381,28323015,141.227364,avx512-vbmi,avx512-vbmi,avx512-vbmi,x86_64,linux,0
1,commit-3-amd-9950x3d,run-2,4,base64-ng,decode,standard,padded,48,64,87381,28335238,141.166442,avx512-vbmi,avx512-vbmi,avx512-vbmi,x86_64,linux,0
1,commit-3-amd-9950x3d,run-2,0,base64-0.23.0,encode,standard,padded,48,64,87381,1515804,2638.853533,external,avx512-vbmi,avx512-vbmi,x86_64,linux,0
1,commit-3-amd-9950x3d,run-2,1,base64-0.23.0,encode,standard,padded,48,64,87381,1542273,2593.564655,external,avx512-vbmi,avx512-vbmi,x86_64,linux,0
1,commit-3-amd-9950x3d,run-2,2,base64-0.23.0,encode,standard,padded,48,64,87381,1552302,2576.808341,external,avx512-vbmi,avx512-vbmi,x86_64,linux,0
1,commit-3-amd-9950x3d,run-2,3,base64-0.23.0,encode,standard,padded,48,64,87381,1558083,2567.247535,external,avx512-vbmi,avx512-vbmi,x86_64,linux,0
1,commit-3-amd-9950x3d,run-2,4,base64-0.23.0,encode,standard,padded,48,64,87381,1552944,2575.743067,external,avx512-vbmi,avx512-vbmi,x86_64,linux,0
1,commit-3-amd-9950x3d,run-2,0,base64-0.23.0,decode,standard,padded,48,64,87381,2194761,1822.514953,external,avx512-vbmi,avx512-vbmi,x86_64,linux,0
1,commit-3-amd-9950x3d,run-2,1,base64-0.23.0,decode,standard,padded,48,64,87381,2166479,1846.306722,external,avx512-vbmi,avx512-vbmi,x86_64,linux,0
1,commit-3-amd-9950x3d,run-2,2,base64-0.23.0,decode,standard,padded,48,64,87381,2168422,1844.652351,external,avx512-vbmi,avx512-vbmi,x86_64,linux,0
1,commit-3-amd-9950x3d,run-2,3,base64-0.23.0,decode,standard,padded,48,64,87381,2175395,1838.739512,external,avx512-vbmi,avx512-vbmi,x86_64,linux,0
1,commit-3-amd-9950x3d,run-2,4,base64-0.23.0,decode,standard,padded,48,64,87381,2158743,1852.923086,external,avx512-vbmi,avx512-vbmi,x86_64,linux,0
1,commit-3-amd-9950x3d,run-2,0,base64ct-1.8.3,encode,standard,padded,48,64,87381,2301031,1738.344569,external,avx512-vbmi,avx512-vbmi,x86_64,linux,0
1,commit-3-amd-9950x3d,run-2,1,base64ct-1.8.3,encode,standard,padded,48,64,87381,2303566,1736.431577,external,avx512-vbmi,avx512-vbmi,x86_64,linux,0
1,commit-3-amd-9950x3d,run-2,2,base64ct-1.8.3,encode,standard,padded,48,64,87381,2296282,1741.939684,external,avx512-vbmi,avx512-vbmi,x86_64,linux,0
1,commit-3-amd-9950x3d,run-2,3,base64ct-1.8.3,encode,standard,padded,48,64,87381,2301692,1737.845351,external,avx512-vbmi,avx512-vbmi,x86_64,linux,0
1,commit-3-amd-9950x3d,run-2,4,base64ct-1.8.3,encode,standard,padded,48,64,87381,2309537,1731.942264,external,avx512-vbmi,avx512-vbmi,x86_64,linux,0
1,commit-3-amd-9950x3d,run-2,0,base64ct-1.8.3,decode,standard,padded,48,64,87381,5710940,700.407418,external,avx512-vbmi,avx512-vbmi,x86_64,linux,0
1,commit-3-amd-9950x3d,run-2,1,base64ct-1.8.3,decode,standard,padded,48,64,87381,5723834,698.829620,external,avx512-vbmi,avx512-vbmi,x86_64,linux,0
1,commit-3-amd-9950x3d,run-2,2,base64ct-1.8.3,decode,standard,padded,48,64,87381,5721741,699.085251,external,avx512-vbmi,avx512-vbmi,x86_64,linux,0
1,commit-3-amd-9950x3d,run-2,3,base64ct-1.8.3,decode,standard,padded,48,64,87381,5707213,700.864808,external,avx512-vbmi,avx512-vbmi,x86_64,linux,0
1,commit-3-amd-9950x3d,run-2,4,base64ct-1.8.3,decode,standard,padded,48,64,87381,5717443,699.610777,external,avx512-vbmi,avx512-vbmi,x86_64,linux,0
1,commit-3-amd-9950x3d,run-2,0,base64-ng,encode,standard,padded,63,84,66576,7264595,550.613591,auto,avx512-vbmi,avx512-vbmi,x86_64,linux,0
1,commit-3-amd-9950x3d,run-2,1,base64-ng,encode,standard,padded,63,84,66576,7214250,554.456075,auto,avx512-vbmi,avx512-vbmi,x86_64,linux,0
1,commit-3-amd-9950x3d,run-2,2,base64-ng,encode,standard,padded,63,84,66576,7191717,556.193290,auto,avx512-vbmi,avx512-vbmi,x86_64,linux,0
1,commit-3-amd-9950x3d,run-2,3,base64-ng,encode,standard,padded,63,84,66576,7181899,556.953633,auto,avx512-vbmi,avx512-vbmi,x86_64,linux,0
1,commit-3-amd-9950x3d,run-2,4,base64-ng,encode,standard,padded,63,84,66576,7194563,555.973273,auto,avx512-vbmi,avx512-vbmi,x86_64,linux,0
1,commit-3-amd-9950x3d,run-2,0,base64-ng,decode,standard,padded,63,84,66576,34020570,117.575477,auto,avx512-vbmi,avx512-vbmi,x86_64,linux,0
1,commit-3-amd-9950x3d,run-2,1,base64-ng,decode,standard,padded,63,84,66576,33832777,118.228094,auto,avx512-vbmi,avx512-vbmi,x86_64,linux,0
1,commit-3-amd-9950x3d,run-2,2,base64-ng,decode,standard,padded,63,84,66576,33853906,118.154305,auto,avx512-vbmi,avx512-vbmi,x86_64,linux,0
1,commit-3-amd-9950x3d,run-2,3,base64-ng,decode,standard,padded,63,84,66576,33901396,117.988791,auto,avx512-vbmi,avx512-vbmi,x86_64,linux,0
1,commit-3-amd-9950x3d,run-2,4,base64-ng,decode,standard,padded,63,84,66576,33837445,118.211784,auto,avx512-vbmi,avx512-vbmi,x86_64,linux,0
1,commit-3-amd-9950x3d,run-2,0,base64-ng,encode,standard,padded,63,84,66576,4210646,949.969373,scalar,avx512-vbmi,avx512-vbmi,x86_64,linux,0
1,commit-3-amd-9950x3d,run-2,1,base64-ng,encode,standard,padded,63,84,66576,4211548,949.765915,scalar,avx512-vbmi,avx512-vbmi,x86_64,linux,0
1,commit-3-amd-9950x3d,run-2,2,base64-ng,encode,standard,padded,63,84,66576,4211888,949.689247,scalar,avx512-vbmi,avx512-vbmi,x86_64,linux,0
1,commit-3-amd-9950x3d,run-2,3,base64-ng,encode,standard,padded,63,84,66576,4207821,950.607153,scalar,avx512-vbmi,avx512-vbmi,x86_64,linux,0
1,commit-3-amd-9950x3d,run-2,4,base64-ng,encode,standard,padded,63,84,66576,4212991,949.440609,scalar,avx512-vbmi,avx512-vbmi,x86_64,linux,0
1,commit-3-amd-9950x3d,run-2,0,base64-ng,decode,standard,padded,63,84,66576,12586112,317.809403,scalar,avx512-vbmi,avx512-vbmi,x86_64,linux,0
1,commit-3-amd-9950x3d,run-2,1,base64-ng,decode,standard,padded,63,84,66576,12590561,317.697102,scalar,avx512-vbmi,avx512-vbmi,x86_64,linux,0
1,commit-3-amd-9950x3d,run-2,2,base64-ng,decode,standard,padded,63,84,66576,12618313,316.998377,scalar,avx512-vbmi,avx512-vbmi,x86_64,linux,0
1,commit-3-amd-9950x3d,run-2,3,base64-ng,decode,standard,padded,63,84,66576,12596351,317.551070,scalar,avx512-vbmi,avx512-vbmi,x86_64,linux,0
1,commit-3-amd-9950x3d,run-2,4,base64-ng,decode,standard,padded,63,84,66576,12596572,317.545499,scalar,avx512-vbmi,avx512-vbmi,x86_64,linux,0
1,commit-3-amd-9950x3d,run-2,0,base64-ng,encode,standard,padded,63,84,66576,13467301,297.014579,ssse3-sse4.1,avx512-vbmi,avx512-vbmi,x86_64,linux,0
1,commit-3-amd-9950x3d,run-2,1,base64-ng,encode,standard,padded,63,84,66576,13458695,297.204502,ssse3-sse4.1,avx512-vbmi,avx512-vbmi,x86_64,linux,0
1,commit-3-amd-9950x3d,run-2,2,base64-ng,encode,standard,padded,63,84,66576,13471418,296.923809,ssse3-sse4.1,avx512-vbmi,avx512-vbmi,x86_64,linux,0
1,commit-3-amd-9950x3d,run-2,3,base64-ng,encode,standard,padded,63,84,66576,13456511,297.252738,ssse3-sse4.1,avx512-vbmi,avx512-vbmi,x86_64,linux,0
1,commit-3-amd-9950x3d,run-2,4,base64-ng,encode,standard,padded,63,84,66576,13402188,298.457591,ssse3-sse4.1,avx512-vbmi,avx512-vbmi,x86_64,linux,0
1,commit-3-amd-9950x3d,run-2,0,base64-ng,decode,standard,padded,63,84,66576,50300415,79.521903,ssse3-sse4.1,avx512-vbmi,avx512-vbmi,x86_64,linux,0
1,commit-3-amd-9950x3d,run-2,1,base64-ng,decode,standard,padded,63,84,66576,50150844,79.759071,ssse3-sse4.1,avx512-vbmi,avx512-vbmi,x86_64,linux,0
1,commit-3-amd-9950x3d,run-2,2,base64-ng,decode,standard,padded,63,84,66576,50165292,79.736100,ssse3-sse4.1,avx512-vbmi,avx512-vbmi,x86_64,linux,0
1,commit-3-amd-9950x3d,run-2,3,base64-ng,decode,standard,padded,63,84,66576,50266963,79.574824,ssse3-sse4.1,avx512-vbmi,avx512-vbmi,x86_64,linux,0
1,commit-3-amd-9950x3d,run-2,4,base64-ng,decode,standard,padded,63,84,66576,50252465,79.597782,ssse3-sse4.1,avx512-vbmi,avx512-vbmi,x86_64,linux,0
1,commit-3-amd-9950x3d,run-2,0,base64-ng,encode,standard,padded,63,84,66576,8644152,462.738825,avx2,avx512-vbmi,avx512-vbmi,x86_64,linux,0
1,commit-3-amd-9950x3d,run-2,1,base64-ng,encode,standard,padded,63,84,66576,8667035,461.517086,avx2,avx512-vbmi,avx512-vbmi,x86_64,linux,0
1,commit-3-amd-9950x3d,run-2,2,base64-ng,encode,standard,padded,63,84,66576,8673277,461.184941,avx2,avx512-vbmi,avx512-vbmi,x86_64,linux,0
1,commit-3-amd-9950x3d,run-2,3,base64-ng,encode,standard,padded,63,84,66576,8657307,462.035682,avx2,avx512-vbmi,avx512-vbmi,x86_64,linux,0
1,commit-3-amd-9950x3d,run-2,4,base64-ng,encode,standard,padded,63,84,66576,8662616,461.752517,avx2,avx512-vbmi,avx512-vbmi,x86_64,linux,0
1,commit-3-amd-9950x3d,run-2,0,base64-ng,decode,standard,padded,63,84,66576,40477595,98.819723,avx2,avx512-vbmi,avx512-vbmi,x86_64,linux,0
1,commit-3-amd-9950x3d,run-2,1,base64-ng,decode,standard,padded,63,84,66576,40443962,98.901901,avx2,avx512-vbmi,avx512-vbmi,x86_64,linux,0
1,commit-3-amd-9950x3d,run-2,2,base64-ng,decode,standard,padded,63,84,66576,40378999,99.061018,avx2,avx512-vbmi,avx512-vbmi,x86_64,linux,0
1,commit-3-amd-9950x3d,run-2,3,base64-ng,decode,standard,padded,63,84,66576,40518172,98.720760,avx2,avx512-vbmi,avx512-vbmi,x86_64,linux,0
1,commit-3-amd-9950x3d,run-2,4,base64-ng,decode,standard,padded,63,84,66576,41208641,97.066650,avx2,avx512-vbmi,avx512-vbmi,x86_64,linux,0
1,commit-3-amd-9950x3d,run-2,0,base64-ng,encode,standard,padded,63,84,66576,6507189,614.702407,avx512-vbmi,avx512-vbmi,avx512-vbmi,x86_64,linux,0
1,commit-3-amd-9950x3d,run-2,1,base64-ng,encode,standard,padded,63,84,66576,6521867,613.318969,avx512-vbmi,avx512-vbmi,avx512-vbmi,x86_64,linux,0
1,commit-3-amd-9950x3d,run-2,2,base64-ng,encode,standard,padded,63,84,66576,6510155,614.422351,avx512-vbmi,avx512-vbmi,avx512-vbmi,x86_64,linux,0
1,commit-3-amd-9950x3d,run-2,3,base64-ng,encode,standard,padded,63,84,66576,6504614,614.945751,avx512-vbmi,avx512-vbmi,avx512-vbmi,x86_64,linux,0
1,commit-3-amd-9950x3d,run-2,4,base64-ng,encode,standard,padded,63,84,66576,6506568,614.761075,avx512-vbmi,avx512-vbmi,avx512-vbmi,x86_64,linux,0
1,commit-3-amd-9950x3d,run-2,0,base64-ng,decode,standard,padded,63,84,66576,34551751,115.767931,avx512-vbmi,avx512-vbmi,avx512-vbmi,x86_64,linux,0
1,commit-3-amd-9950x3d,run-2,1,base64-ng,decode,standard,padded,63,84,66576,34452664,116.100884,avx512-vbmi,avx512-vbmi,avx512-vbmi,x86_64,linux,0
1,commit-3-amd-9950x3d,run-2,2,base64-ng,decode,standard,padded,63,84,66576,34019609,117.578798,avx512-vbmi,avx512-vbmi,avx512-vbmi,x86_64,linux,0
1,commit-3-amd-9950x3d,run-2,3,base64-ng,decode,standard,padded,63,84,66576,33615769,118.991320,avx512-vbmi,avx512-vbmi,avx512-vbmi,x86_64,linux,0
1,commit-3-amd-9950x3d,run-2,4,base64-ng,decode,standard,padded,63,84,66576,33590291,119.081575,avx512-vbmi,avx512-vbmi,avx512-vbmi,x86_64,linux,0
1,commit-3-amd-9950x3d,run-2,0,base64-0.23.0,encode,standard,padded,63,84,66576,1281191,3122.083078,external,avx512-vbmi,avx512-vbmi,x86_64,linux,0
1,commit-3-amd-9950x3d,run-2,1,base64-0.23.0,encode,standard,padded,63,84,66576,1294757,3089.371010,external,avx512-vbmi,avx512-vbmi,x86_64,linux,0
1,commit-3-amd-9950x3d,run-2,2,base64-0.23.0,encode,standard,padded,63,84,66576,1304385,3066.567571,external,avx512-vbmi,avx512-vbmi,x86_64,linux,0
1,commit-3-amd-9950x3d,run-2,3,base64-0.23.0,encode,standard,padded,63,84,66576,1313012,3046.419028,external,avx512-vbmi,avx512-vbmi,x86_64,linux,0
1,commit-3-amd-9950x3d,run-2,4,base64-0.23.0,encode,standard,padded,63,84,66576,1312832,3046.836717,external,avx512-vbmi,avx512-vbmi,x86_64,linux,0
1,commit-3-amd-9950x3d,run-2,0,base64-0.23.0,decode,standard,padded,63,84,66576,1847057,2165.598972,external,avx512-vbmi,avx512-vbmi,x86_64,linux,0
1,commit-3-amd-9950x3d,run-2,1,base64-0.23.0,decode,standard,padded,63,84,66576,1854712,2156.660841,external,avx512-vbmi,avx512-vbmi,x86_64,linux,0
1,commit-3-amd-9950x3d,run-2,2,base64-0.23.0,decode,standard,padded,63,84,66576,1857666,2153.231389,external,avx512-vbmi,avx512-vbmi,x86_64,linux,0
1,commit-3-amd-9950x3d,run-2,3,base64-0.23.0,decode,standard,padded,63,84,66576,1845363,2167.586942,external,avx512-vbmi,avx512-vbmi,x86_64,linux,0
1,commit-3-amd-9950x3d,run-2,4,base64-0.23.0,decode,standard,padded,63,84,66576,1855573,2155.660134,external,avx512-vbmi,avx512-vbmi,x86_64,linux,0
1,commit-3-amd-9950x3d,run-2,0,base64ct-1.8.3,encode,standard,padded,63,84,66576,1609099,2485.853724,external,avx512-vbmi,avx512-vbmi,x86_64,linux,0
1,commit-3-amd-9950x3d,run-2,1,base64ct-1.8.3,encode,standard,padded,63,84,66576,1587879,2519.074023,external,avx512-vbmi,avx512-vbmi,x86_64,linux,0
1,commit-3-amd-9950x3d,run-2,2,base64ct-1.8.3,encode,standard,padded,63,84,66576,1591075,2514.013947,external,avx512-vbmi,avx512-vbmi,x86_64,linux,0
1,commit-3-amd-9950x3d,run-2,3,base64ct-1.8.3,encode,standard,padded,63,84,66576,1593570,2510.077839,external,avx512-vbmi,avx512-vbmi,x86_64,linux,0
1,commit-3-amd-9950x3d,run-2,4,base64ct-1.8.3,encode,standard,padded,63,84,66576,1597777,2503.468720,external,avx512-vbmi,avx512-vbmi,x86_64,linux,0
1,commit-3-amd-9950x3d,run-2,0,base64ct-1.8.3,decode,standard,padded,63,84,66576,5430452,736.584126,external,avx512-vbmi,avx512-vbmi,x86_64,linux,0
1,commit-3-amd-9950x3d,run-2,1,base64ct-1.8.3,decode,standard,padded,63,84,66576,5409983,739.371037,external,avx512-vbmi,avx512-vbmi,x86_64,linux,0
1,commit-3-amd-9950x3d,run-2,2,base64ct-1.8.3,decode,standard,padded,63,84,66576,5443307,734.844597,external,avx512-vbmi,avx512-vbmi,x86_64,linux,0
1,commit-3-amd-9950x3d,run-2,3,base64ct-1.8.3,decode,standard,padded,63,84,66576,5430632,736.559712,external,avx512-vbmi,avx512-vbmi,x86_64,linux,0
1,commit-3-amd-9950x3d,run-2,4,base64ct-1.8.3,decode,standard,padded,63,84,66576,5426115,737.172865,external,avx512-vbmi,avx512-vbmi,x86_64,linux,0
1,commit-3-amd-9950x3d,run-2,0,base64-ng,encode,standard,padded,64,88,65536,7357059,543.695517,auto,avx512-vbmi,avx512-vbmi,x86_64,linux,0
1,commit-3-amd-9950x3d,run-2,1,base64-ng,encode,standard,padded,64,88,65536,7312625,546.999197,auto,avx512-vbmi,avx512-vbmi,x86_64,linux,0
1,commit-3-amd-9950x3d,run-2,2,base64-ng,encode,standard,padded,64,88,65536,7296285,548.224199,auto,avx512-vbmi,avx512-vbmi,x86_64,linux,0
1,commit-3-amd-9950x3d,run-2,3,base64-ng,encode,standard,padded,64,88,65536,7279243,549.507689,auto,avx512-vbmi,avx512-vbmi,x86_64,linux,0
1,commit-3-amd-9950x3d,run-2,4,base64-ng,encode,standard,padded,64,88,65536,7266458,550.474523,auto,avx512-vbmi,avx512-vbmi,x86_64,linux,0
1,commit-3-amd-9950x3d,run-2,0,base64-ng,decode,standard,padded,64,88,65536,34604169,115.593008,auto,avx512-vbmi,avx512-vbmi,x86_64,linux,0
1,commit-3-amd-9950x3d,run-2,1,base64-ng,decode,standard,padded,64,88,65536,34607315,115.582500,auto,avx512-vbmi,avx512-vbmi,x86_64,linux,0
1,commit-3-amd-9950x3d,run-2,2,base64-ng,decode,standard,padded,64,88,65536,34675503,115.355212,auto,avx512-vbmi,avx512-vbmi,x86_64,linux,0
1,commit-3-amd-9950x3d,run-2,3,base64-ng,decode,standard,padded,64,88,65536,34638303,115.479098,auto,avx512-vbmi,avx512-vbmi,x86_64,linux,0
1,commit-3-amd-9950x3d,run-2,4,base64-ng,decode,standard,padded,64,88,65536,34579362,115.675934,auto,avx512-vbmi,avx512-vbmi,x86_64,linux,0
1,commit-3-amd-9950x3d,run-2,0,base64-ng,encode,standard,padded,64,88,65536,4367842,915.784042,scalar,avx512-vbmi,avx512-vbmi,x86_64,linux,0
1,commit-3-amd-9950x3d,run-2,1,base64-ng,encode,standard,padded,64,88,65536,4362432,916.919737,scalar,avx512-vbmi,avx512-vbmi,x86_64,linux,0
1,commit-3-amd-9950x3d,run-2,2,base64-ng,encode,standard,padded,64,88,65536,4366280,916.111656,scalar,avx512-vbmi,avx512-vbmi,x86_64,linux,0
1,commit-3-amd-9950x3d,run-2,3,base64-ng,encode,standard,padded,64,88,65536,4362412,916.923940,scalar,avx512-vbmi,avx512-vbmi,x86_64,linux,0
1,commit-3-amd-9950x3d,run-2,4,base64-ng,encode,standard,padded,64,88,65536,4370136,915.303322,scalar,avx512-vbmi,avx512-vbmi,x86_64,linux,0
1,commit-3-amd-9950x3d,run-2,0,base64-ng,decode,standard,padded,64,88,65536,13633794,293.388619,scalar,avx512-vbmi,avx512-vbmi,x86_64,linux,0
1,commit-3-amd-9950x3d,run-2,1,base64-ng,decode,standard,padded,64,88,65536,13670834,292.593707,scalar,avx512-vbmi,avx512-vbmi,x86_64,linux,0
1,commit-3-amd-9950x3d,run-2,2,base64-ng,decode,standard,padded,64,88,65536,13639465,293.266635,scalar,avx512-vbmi,avx512-vbmi,x86_64,linux,0
1,commit-3-amd-9950x3d,run-2,3,base64-ng,decode,standard,padded,64,88,65536,13145546,304.285573,scalar,avx512-vbmi,avx512-vbmi,x86_64,linux,0
1,commit-3-amd-9950x3d,run-2,4,base64-ng,decode,standard,padded,64,88,65536,13534087,295.550043,scalar,avx512-vbmi,avx512-vbmi,x86_64,linux,0
1,commit-3-amd-9950x3d,run-2,0,base64-ng,encode,standard,padded,64,88,65536,13241165,302.088223,ssse3-sse4.1,avx512-vbmi,avx512-vbmi,x86_64,linux,0
1,commit-3-amd-9950x3d,run-2,1,base64-ng,encode,standard,padded,64,88,65536,13255693,301.757139,ssse3-sse4.1,avx512-vbmi,avx512-vbmi,x86_64,linux,0
1,commit-3-amd-9950x3d,run-2,2,base64-ng,encode,standard,padded,64,88,65536,13230495,302.331848,ssse3-sse4.1,avx512-vbmi,avx512-vbmi,x86_64,linux,0
1,commit-3-amd-9950x3d,run-2,3,base64-ng,encode,standard,padded,64,88,65536,13257135,301.724317,ssse3-sse4.1,avx512-vbmi,avx512-vbmi,x86_64,linux,0
1,commit-3-amd-9950x3d,run-2,4,base64-ng,encode,standard,padded,64,88,65536,13228321,302.381534,ssse3-sse4.1,avx512-vbmi,avx512-vbmi,x86_64,linux,0
1,commit-3-amd-9950x3d,run-2,0,base64-ng,decode,standard,padded,64,88,65536,49700356,80.482321,ssse3-sse4.1,avx512-vbmi,avx512-vbmi,x86_64,linux,0
1,commit-3-amd-9950x3d,run-2,1,base64-ng,decode,standard,padded,64,88,65536,49748977,80.403663,ssse3-sse4.1,avx512-vbmi,avx512-vbmi,x86_64,linux,0
1,commit-3-amd-9950x3d,run-2,2,base64-ng,decode,standard,padded,64,88,65536,49681370,80.513078,ssse3-sse4.1,avx512-vbmi,avx512-vbmi,x86_64,linux,0
1,commit-3-amd-9950x3d,run-2,3,base64-ng,decode,standard,padded,64,88,65536,49703552,80.477146,ssse3-sse4.1,avx512-vbmi,avx512-vbmi,x86_64,linux,0
1,commit-3-amd-9950x3d,run-2,4,base64-ng,decode,standard,padded,64,88,65536,49692371,80.495253,ssse3-sse4.1,avx512-vbmi,avx512-vbmi,x86_64,linux,0
1,commit-3-amd-9950x3d,run-2,0,base64-ng,encode,standard,padded,64,88,65536,8719373,458.748582,avx2,avx512-vbmi,avx512-vbmi,x86_64,linux,0
1,commit-3-amd-9950x3d,run-2,1,base64-ng,encode,standard,padded,64,88,65536,8748288,457.232318,avx2,avx512-vbmi,avx512-vbmi,x86_64,linux,0
1,commit-3-amd-9950x3d,run-2,2,base64-ng,encode,standard,padded,64,88,65536,8742908,457.513679,avx2,avx512-vbmi,avx512-vbmi,x86_64,linux,0
1,commit-3-amd-9950x3d,run-2,3,base64-ng,encode,standard,padded,64,88,65536,8725605,458.420935,avx2,avx512-vbmi,avx512-vbmi,x86_64,linux,0
1,commit-3-amd-9950x3d,run-2,4,base64-ng,encode,standard,padded,64,88,65536,8742166,457.552510,avx2,avx512-vbmi,avx512-vbmi,x86_64,linux,0
1,commit-3-amd-9950x3d,run-2,0,base64-ng,decode,standard,padded,64,88,65536,40594435,98.535674,avx2,avx512-vbmi,avx512-vbmi,x86_64,linux,0
1,commit-3-amd-9950x3d,run-2,1,base64-ng,decode,standard,padded,64,88,65536,41292258,96.870459,avx2,avx512-vbmi,avx512-vbmi,x86_64,linux,0
1,commit-3-amd-9950x3d,run-2,2,base64-ng,decode,standard,padded,64,88,65536,41213901,97.054632,avx2,avx512-vbmi,avx512-vbmi,x86_64,linux,0
1,commit-3-amd-9950x3d,run-2,3,base64-ng,decode,standard,padded,64,88,65536,41206026,97.073181,avx2,avx512-vbmi,avx512-vbmi,x86_64,linux,0
1,commit-3-amd-9950x3d,run-2,4,base64-ng,decode,standard,padded,64,88,65536,41277571,96.904927,avx2,avx512-vbmi,avx512-vbmi,x86_64,linux,0
1,commit-3-amd-9950x3d,run-2,0,base64-ng,encode,standard,padded,64,88,65536,6563585,609.423052,avx512-vbmi,avx512-vbmi,avx512-vbmi,x86_64,linux,0
1,commit-3-amd-9950x3d,run-2,1,base64-ng,encode,standard,padded,64,88,65536,6568414,608.975013,avx512-vbmi,avx512-vbmi,avx512-vbmi,x86_64,linux,0
1,commit-3-amd-9950x3d,run-2,2,base64-ng,encode,standard,padded,64,88,65536,6560129,609.744107,avx512-vbmi,avx512-vbmi,avx512-vbmi,x86_64,linux,0
1,commit-3-amd-9950x3d,run-2,3,base64-ng,encode,standard,padded,64,88,65536,6567754,609.036209,avx512-vbmi,avx512-vbmi,avx512-vbmi,x86_64,linux,0
1,commit-3-amd-9950x3d,run-2,4,base64-ng,encode,standard,padded,64,88,65536,6559548,609.798114,avx512-vbmi,avx512-vbmi,avx512-vbmi,x86_64,linux,0
1,commit-3-amd-9950x3d,run-2,0,base64-ng,decode,standard,padded,64,88,65536,34073300,117.393971,avx512-vbmi,avx512-vbmi,avx512-vbmi,x86_64,linux,0
1,commit-3-amd-9950x3d,run-2,1,base64-ng,decode,standard,padded,64,88,65536,34113104,117.256993,avx512-vbmi,avx512-vbmi,avx512-vbmi,x86_64,linux,0
1,commit-3-amd-9950x3d,run-2,2,base64-ng,decode,standard,padded,64,88,65536,34131259,117.194622,avx512-vbmi,avx512-vbmi,avx512-vbmi,x86_64,linux,0
1,commit-3-amd-9950x3d,run-2,3,base64-ng,decode,standard,padded,64,88,65536,34104258,117.287407,avx512-vbmi,avx512-vbmi,avx512-vbmi,x86_64,linux,0
1,commit-3-amd-9950x3d,run-2,4,base64-ng,decode,standard,padded,64,88,65536,34128303,117.204773,avx512-vbmi,avx512-vbmi,avx512-vbmi,x86_64,linux,0
1,commit-3-amd-9950x3d,run-2,0,base64-0.23.0,encode,standard,padded,64,88,65536,1293966,3091.271332,external,avx512-vbmi,avx512-vbmi,x86_64,linux,0
1,commit-3-amd-9950x3d,run-2,1,base64-0.23.0,encode,standard,padded,64,88,65536,1311097,3050.880293,external,avx512-vbmi,avx512-vbmi,x86_64,linux,0
1,commit-3-amd-9950x3d,run-2,2,base64-0.23.0,encode,standard,padded,64,88,65536,1318342,3034.114061,external,avx512-vbmi,avx512-vbmi,x86_64,linux,0
1,commit-3-amd-9950x3d,run-2,3,base64-0.23.0,encode,standard,padded,64,88,65536,1329012,3009.754615,external,avx512-vbmi,avx512-vbmi,x86_64,linux,0
1,commit-3-amd-9950x3d,run-2,4,base64-0.23.0,encode,standard,padded,64,88,65536,1329312,3009.075371,external,avx512-vbmi,avx512-vbmi,x86_64,linux,0
1,commit-3-amd-9950x3d,run-2,0,base64-0.23.0,decode,standard,padded,64,88,65536,1854561,2156.844666,external,avx512-vbmi,avx512-vbmi,x86_64,linux,0
1,commit-3-amd-9950x3d,run-2,1,base64-0.23.0,decode,standard,padded,64,88,65536,1847357,2165.255552,external,avx512-vbmi,avx512-vbmi,x86_64,linux,0
1,commit-3-amd-9950x3d,run-2,2,base64-0.23.0,decode,standard,padded,64,88,65536,1842178,2171.342834,external,avx512-vbmi,avx512-vbmi,x86_64,linux,0
1,commit-3-amd-9950x3d,run-2,3,base64-0.23.0,decode,standard,padded,64,88,65536,1843099,2170.257810,external,avx512-vbmi,avx512-vbmi,x86_64,linux,0
1,commit-3-amd-9950x3d,run-2,4,base64-0.23.0,decode,standard,padded,64,88,65536,1846997,2165.677584,external,avx512-vbmi,avx512-vbmi,x86_64,linux,0
1,commit-3-amd-9950x3d,run-2,0,base64ct-1.8.3,encode,standard,padded,64,88,65536,1915466,2088.264683,external,avx512-vbmi,avx512-vbmi,x86_64,linux,0
1,commit-3-amd-9950x3d,run-2,1,base64ct-1.8.3,encode,standard,padded,64,88,65536,1894075,2111.848792,external,avx512-vbmi,avx512-vbmi,x86_64,linux,0
1,commit-3-amd-9950x3d,run-2,2,base64ct-1.8.3,encode,standard,padded,64,88,65536,1880079,2127.570171,external,avx512-vbmi,avx512-vbmi,x86_64,linux,0
1,commit-3-amd-9950x3d,run-2,3,base64ct-1.8.3,encode,standard,padded,64,88,65536,1882914,2124.366806,external,avx512-vbmi,avx512-vbmi,x86_64,linux,0
1,commit-3-amd-9950x3d,run-2,4,base64ct-1.8.3,encode,standard,padded,64,88,65536,1884417,2122.672423,external,avx512-vbmi,avx512-vbmi,x86_64,linux,0
1,commit-3-amd-9950x3d,run-2,0,base64ct-1.8.3,decode,standard,padded,64,88,65536,6018579,664.608706,external,avx512-vbmi,avx512-vbmi,x86_64,linux,0
1,commit-3-amd-9950x3d,run-2,1,base64ct-1.8.3,decode,standard,padded,64,88,65536,6009843,665.574791,external,avx512-vbmi,avx512-vbmi,x86_64,linux,0
1,commit-3-amd-9950x3d,run-2,2,base64ct-1.8.3,decode,standard,padded,64,88,65536,6022577,664.167515,external,avx512-vbmi,avx512-vbmi,x86_64,linux,0
1,commit-3-amd-9950x3d,run-2,3,base64ct-1.8.3,decode,standard,padded,64,88,65536,6010254,665.529277,external,avx512-vbmi,avx512-vbmi,x86_64,linux,0
1,commit-3-amd-9950x3d,run-2,4,base64ct-1.8.3,decode,standard,padded,64,88,65536,6009462,665.616989,external,avx512-vbmi,avx512-vbmi,x86_64,linux,0
1,commit-3-amd-9950x3d,run-2,0,base64-ng,encode,standard,padded,1024,1368,4096,3756401,1064.849040,auto,avx512-vbmi,avx512-vbmi,x86_64,linux,0
1,commit-3-amd-9950x3d,run-2,1,base64-ng,encode,standard,padded,1024,1368,4096,3743306,1068.574143,auto,avx512-vbmi,avx512-vbmi,x86_64,linux,0
1,commit-3-amd-9950x3d,run-2,2,base64-ng,encode,standard,padded,1024,1368,4096,3754227,1065.465674,auto,avx512-vbmi,avx512-vbmi,x86_64,linux,0
1,commit-3-amd-9950x3d,run-2,3,base64-ng,encode,standard,padded,1024,1368,4096,3752183,1066.046086,auto,avx512-vbmi,avx512-vbmi,x86_64,linux,0
1,commit-3-amd-9950x3d,run-2,4,base64-ng,encode,standard,padded,1024,1368,4096,3753986,1065.534075,auto,avx512-vbmi,avx512-vbmi,x86_64,linux,0
1,commit-3-amd-9950x3d,run-2,0,base64-ng,decode,standard,padded,1024,1368,4096,27332471,146.346080,auto,avx512-vbmi,avx512-vbmi,x86_64,linux,0
1,commit-3-amd-9950x3d,run-2,1,base64-ng,decode,standard,padded,1024,1368,4096,27207295,147.019393,auto,avx512-vbmi,avx512-vbmi,x86_64,linux,0
1,commit-3-amd-9950x3d,run-2,2,base64-ng,decode,standard,padded,1024,1368,4096,27289610,146.575931,auto,avx512-vbmi,avx512-vbmi,x86_64,linux,0
1,commit-3-amd-9950x3d,run-2,3,base64-ng,decode,standard,padded,1024,1368,4096,27202376,147.045979,auto,avx512-vbmi,avx512-vbmi,x86_64,linux,0
1,commit-3-amd-9950x3d,run-2,4,base64-ng,decode,standard,padded,1024,1368,4096,27330557,146.356329,auto,avx512-vbmi,avx512-vbmi,x86_64,linux,0
1,commit-3-amd-9950x3d,run-2,0,base64-ng,encode,standard,padded,1024,1368,4096,1966773,2033.788343,scalar,avx512-vbmi,avx512-vbmi,x86_64,linux,0
1,commit-3-amd-9950x3d,run-2,1,base64-ng,encode,standard,padded,1024,1368,4096,1964268,2036.382001,scalar,avx512-vbmi,avx512-vbmi,x86_64,linux,0
1,commit-3-amd-9950x3d,run-2,2,base64-ng,encode,standard,padded,1024,1368,4096,1967143,2033.405807,scalar,avx512-vbmi,avx512-vbmi,x86_64,linux,0
1,commit-3-amd-9950x3d,run-2,3,base64-ng,encode,standard,padded,1024,1368,4096,1972833,2027.541105,scalar,avx512-vbmi,avx512-vbmi,x86_64,linux,0
1,commit-3-amd-9950x3d,run-2,4,base64-ng,encode,standard,padded,1024,1368,4096,1978485,2021.748964,scalar,avx512-vbmi,avx512-vbmi,x86_64,linux,0
1,commit-3-amd-9950x3d,run-2,0,base64-ng,decode,standard,padded,1024,1368,4096,12941451,309.084352,scalar,avx512-vbmi,avx512-vbmi,x86_64,linux,0
1,commit-3-amd-9950x3d,run-2,1,base64-ng,decode,standard,padded,1024,1368,4096,12937313,309.183213,scalar,avx512-vbmi,avx512-vbmi,x86_64,linux,0
1,commit-3-amd-9950x3d,run-2,2,base64-ng,decode,standard,padded,1024,1368,4096,12931672,309.318084,scalar,avx512-vbmi,avx512-vbmi,x86_64,linux,0
1,commit-3-amd-9950x3d,run-2,3,base64-ng,decode,standard,padded,1024,1368,4096,12927525,309.417309,scalar,avx512-vbmi,avx512-vbmi,x86_64,linux,0
1,commit-3-amd-9950x3d,run-2,4,base64-ng,decode,standard,padded,1024,1368,4096,12930902,309.336503,scalar,avx512-vbmi,avx512-vbmi,x86_64,linux,0
1,commit-3-amd-9950x3d,run-2,0,base64-ng,encode,standard,padded,1024,1368,4096,11648818,343.382479,ssse3-sse4.1,avx512-vbmi,avx512-vbmi,x86_64,linux,0
1,commit-3-amd-9950x3d,run-2,1,base64-ng,encode,standard,padded,1024,1368,4096,11886726,336.509818,ssse3-sse4.1,avx512-vbmi,avx512-vbmi,x86_64,linux,0
1,commit-3-amd-9950x3d,run-2,2,base64-ng,encode,standard,padded,1024,1368,4096,11886315,336.521453,ssse3-sse4.1,avx512-vbmi,avx512-vbmi,x86_64,linux,0
1,commit-3-amd-9950x3d,run-2,3,base64-ng,encode,standard,padded,1024,1368,4096,11898889,336.165839,ssse3-sse4.1,avx512-vbmi,avx512-vbmi,x86_64,linux,0
1,commit-3-amd-9950x3d,run-2,4,base64-ng,encode,standard,padded,1024,1368,4096,11838966,337.867344,ssse3-sse4.1,avx512-vbmi,avx512-vbmi,x86_64,linux,0
1,commit-3-amd-9950x3d,run-2,0,base64-ng,decode,standard,padded,1024,1368,4096,50063029,79.899281,ssse3-sse4.1,avx512-vbmi,avx512-vbmi,x86_64,linux,0
1,commit-3-amd-9950x3d,run-2,1,base64-ng,decode,standard,padded,1024,1368,4096,50100318,79.839813,ssse3-sse4.1,avx512-vbmi,avx512-vbmi,x86_64,linux,0
1,commit-3-amd-9950x3d,run-2,2,base64-ng,decode,standard,padded,1024,1368,4096,50105098,79.832196,ssse3-sse4.1,avx512-vbmi,avx512-vbmi,x86_64,linux,0
1,commit-3-amd-9950x3d,run-2,3,base64-ng,decode,standard,padded,1024,1368,4096,50182774,79.708627,ssse3-sse4.1,avx512-vbmi,avx512-vbmi,x86_64,linux,0
1,commit-3-amd-9950x3d,run-2,4,base64-ng,decode,standard,padded,1024,1368,4096,50010190,79.983699,ssse3-sse4.1,avx512-vbmi,avx512-vbmi,x86_64,linux,0
1,commit-3-amd-9950x3d,run-2,0,base64-ng,encode,standard,padded,1024,1368,4096,6524782,613.047302,avx2,avx512-vbmi,avx512-vbmi,x86_64,linux,0
1,commit-3-amd-9950x3d,run-2,1,base64-ng,encode,standard,padded,1024,1368,4096,6546073,611.053375,avx2,avx512-vbmi,avx512-vbmi,x86_64,linux,0
1,commit-3-amd-9950x3d,run-2,2,base64-ng,encode,standard,padded,1024,1368,4096,6553666,610.345416,avx2,avx512-vbmi,avx512-vbmi,x86_64,linux,0
1,commit-3-amd-9950x3d,run-2,3,base64-ng,encode,standard,padded,1024,1368,4096,6550581,610.632858,avx2,avx512-vbmi,avx512-vbmi,x86_64,linux,0
1,commit-3-amd-9950x3d,run-2,4,base64-ng,encode,standard,padded,1024,1368,4096,6554088,610.306117,avx2,avx512-vbmi,avx512-vbmi,x86_64,linux,0
1,commit-3-amd-9950x3d,run-2,0,base64-ng,decode,standard,padded,1024,1368,4096,35266215,113.423003,avx2,avx512-vbmi,avx512-vbmi,x86_64,linux,0
1,commit-3-amd-9950x3d,run-2,1,base64-ng,decode,standard,padded,1024,1368,4096,35328242,113.223862,avx2,avx512-vbmi,avx512-vbmi,x86_64,linux,0
1,commit-3-amd-9950x3d,run-2,2,base64-ng,decode,standard,padded,1024,1368,4096,35343471,113.175076,avx2,avx512-vbmi,avx512-vbmi,x86_64,linux,0
1,commit-3-amd-9950x3d,run-2,3,base64-ng,decode,standard,padded,1024,1368,4096,35474086,112.758367,avx2,avx512-vbmi,avx512-vbmi,x86_64,linux,0
1,commit-3-amd-9950x3d,run-2,4,base64-ng,decode,standard,padded,1024,1368,4096,35397663,113.001810,avx2,avx512-vbmi,avx512-vbmi,x86_64,linux,0
1,commit-3-amd-9950x3d,run-2,0,base64-ng,encode,standard,padded,1024,1368,4096,3680578,1086.785825,avx512-vbmi,avx512-vbmi,avx512-vbmi,x86_64,linux,0
1,commit-3-amd-9950x3d,run-2,1,base64-ng,encode,standard,padded,1024,1368,4096,3654970,1094.400228,avx512-vbmi,avx512-vbmi,avx512-vbmi,x86_64,linux,0
1,commit-3-amd-9950x3d,run-2,2,base64-ng,encode,standard,padded,1024,1368,4096,3665500,1091.256309,avx512-vbmi,avx512-vbmi,avx512-vbmi,x86_64,linux,0
1,commit-3-amd-9950x3d,run-2,3,base64-ng,encode,standard,padded,1024,1368,4096,3653026,1094.982625,avx512-vbmi,avx512-vbmi,avx512-vbmi,x86_64,linux,0
1,commit-3-amd-9950x3d,run-2,4,base64-ng,encode,standard,padded,1024,1368,4096,3655321,1094.295139,avx512-vbmi,avx512-vbmi,avx512-vbmi,x86_64,linux,0
1,commit-3-amd-9950x3d,run-2,0,base64-ng,decode,standard,padded,1024,1368,4096,27441796,145.763054,avx512-vbmi,avx512-vbmi,avx512-vbmi,x86_64,linux,0
1,commit-3-amd-9950x3d,run-2,1,base64-ng,decode,standard,padded,1024,1368,4096,27293066,146.557371,avx512-vbmi,avx512-vbmi,avx512-vbmi,x86_64,linux,0
1,commit-3-amd-9950x3d,run-2,2,base64-ng,decode,standard,padded,1024,1368,4096,27355955,146.220448,avx512-vbmi,avx512-vbmi,avx512-vbmi,x86_64,linux,0
1,commit-3-amd-9950x3d,run-2,3,base64-ng,decode,standard,padded,1024,1368,4096,27464779,145.641077,avx512-vbmi,avx512-vbmi,avx512-vbmi,x86_64,linux,0
1,commit-3-amd-9950x3d,run-2,4,base64-ng,decode,standard,padded,1024,1368,4096,27450824,145.715116,avx512-vbmi,avx512-vbmi,avx512-vbmi,x86_64,linux,0
1,commit-3-amd-9950x3d,run-2,0,base64-0.23.0,encode,standard,padded,1024,1368,4096,839951,4762.182556,external,avx512-vbmi,avx512-vbmi,x86_64,linux,0
1,commit-3-amd-9950x3d,run-2,1,base64-0.23.0,encode,standard,padded,1024,1368,4096,838999,4767.586135,external,avx512-vbmi,avx512-vbmi,x86_64,linux,0
1,commit-3-amd-9950x3d,run-2,2,base64-0.23.0,encode,standard,padded,1024,1368,4096,844249,4737.938689,external,avx512-vbmi,avx512-vbmi,x86_64,linux,0
1,commit-3-amd-9950x3d,run-2,3,base64-0.23.0,encode,standard,padded,1024,1368,4096,849119,4710.764922,external,avx512-vbmi,avx512-vbmi,x86_64,linux,0
1,commit-3-amd-9950x3d,run-2,4,base64-0.23.0,encode,standard,padded,1024,1368,4096,854028,4683.687186,external,avx512-vbmi,avx512-vbmi,x86_64,linux,0
1,commit-3-amd-9950x3d,run-2,0,base64-0.23.0,decode,standard,padded,1024,1368,4096,1017896,3929.674544,external,avx512-vbmi,avx512-vbmi,x86_64,linux,0
1,commit-3-amd-9950x3d,run-2,1,base64-0.23.0,decode,standard,padded,1024,1368,4096,1015863,3937.538822,external,avx512-vbmi,avx512-vbmi,x86_64,linux,0
1,commit-3-amd-9950x3d,run-2,2,base64-0.23.0,decode,standard,padded,1024,1368,4096,1015452,3939.132524,external,avx512-vbmi,avx512-vbmi,x86_64,linux,0
1,commit-3-amd-9950x3d,run-2,3,base64-0.23.0,decode,standard,padded,1024,1368,4096,1017174,3932.463866,external,avx512-vbmi,avx512-vbmi,x86_64,linux,0
1,commit-3-amd-9950x3d,run-2,4,base64-0.23.0,decode,standard,padded,1024,1368,4096,1023276,3909.013795,external,avx512-vbmi,avx512-vbmi,x86_64,linux,0
1,commit-3-amd-9950x3d,run-2,0,base64ct-1.8.3,encode,standard,padded,1024,1368,4096,1383414,2891.397658,external,avx512-vbmi,avx512-vbmi,x86_64,linux,0
1,commit-3-amd-9950x3d,run-2,1,base64ct-1.8.3,encode,standard,padded,1024,1368,4096,1367083,2925.937928,external,avx512-vbmi,avx512-vbmi,x86_64,linux,0
1,commit-3-amd-9950x3d,run-2,2,base64ct-1.8.3,encode,standard,padded,1024,1368,4096,1366923,2926.280412,external,avx512-vbmi,avx512-vbmi,x86_64,linux,0
1,commit-3-amd-9950x3d,run-2,3,base64ct-1.8.3,encode,standard,padded,1024,1368,4096,1368716,2922.447023,external,avx512-vbmi,avx512-vbmi,x86_64,linux,0
1,commit-3-amd-9950x3d,run-2,4,base64ct-1.8.3,encode,standard,padded,1024,1368,4096,1367534,2924.972981,external,avx512-vbmi,avx512-vbmi,x86_64,linux,0
1,commit-3-amd-9950x3d,run-2,0,base64ct-1.8.3,decode,standard,padded,1024,1368,4096,4644613,861.212764,external,avx512-vbmi,avx512-vbmi,x86_64,linux,0
1,commit-3-amd-9950x3d,run-2,1,base64ct-1.8.3,decode,standard,padded,1024,1368,4096,4642609,861.584510,external,avx512-vbmi,avx512-vbmi,x86_64,linux,0
1,commit-3-amd-9950x3d,run-2,2,base64ct-1.8.3,decode,standard,padded,1024,1368,4096,4668879,856.736703,external,avx512-vbmi,avx512-vbmi,x86_64,linux,0
1,commit-3-amd-9950x3d,run-2,3,base64ct-1.8.3,decode,standard,padded,1024,1368,4096,4713052,848.706953,external,avx512-vbmi,avx512-vbmi,x86_64,linux,0
1,commit-3-amd-9950x3d,run-2,4,base64ct-1.8.3,decode,standard,padded,1024,1368,4096,4677284,855.197161,external,avx512-vbmi,avx512-vbmi,x86_64,linux,0
1,commit-3-amd-9950x3d,run-2,0,base64-ng,encode,standard,padded,65536,87384,64,3525296,1134.656494,auto,avx512-vbmi,avx512-vbmi,x86_64,linux,0
1,commit-3-amd-9950x3d,run-2,1,base64-ng,encode,standard,padded,65536,87384,64,3495961,1144.177524,auto,avx512-vbmi,avx512-vbmi,x86_64,linux,0
1,commit-3-amd-9950x3d,run-2,2,base64-ng,encode,standard,padded,65536,87384,64,3487325,1147.010961,auto,avx512-vbmi,avx512-vbmi,x86_64,linux,0
1,commit-3-amd-9950x3d,run-2,3,base64-ng,encode,standard,padded,65536,87384,64,3489949,1146.148554,auto,avx512-vbmi,avx512-vbmi,x86_64,linux,0
1,commit-3-amd-9950x3d,run-2,4,base64-ng,encode,standard,padded,65536,87384,64,3481824,1148.823146,auto,avx512-vbmi,avx512-vbmi,x86_64,linux,0
1,commit-3-amd-9950x3d,run-2,0,base64-ng,decode,standard,padded,65536,87384,64,26861485,148.912095,auto,avx512-vbmi,avx512-vbmi,x86_64,linux,0
1,commit-3-amd-9950x3d,run-2,1,base64-ng,decode,standard,padded,65536,87384,64,26815187,149.169200,auto,avx512-vbmi,avx512-vbmi,x86_64,linux,0
1,commit-3-amd-9950x3d,run-2,2,base64-ng,decode,standard,padded,65536,87384,64,26981881,148.247633,auto,avx512-vbmi,avx512-vbmi,x86_64,linux,0
1,commit-3-amd-9950x3d,run-2,3,base64-ng,decode,standard,padded,65536,87384,64,26974707,148.287060,auto,avx512-vbmi,avx512-vbmi,x86_64,linux,0
1,commit-3-amd-9950x3d,run-2,4,base64-ng,decode,standard,padded,65536,87384,64,26949760,148.424327,auto,avx512-vbmi,avx512-vbmi,x86_64,linux,0
1,commit-3-amd-9950x3d,run-2,0,base64-ng,encode,standard,padded,65536,87384,64,1793546,2230.218796,scalar,avx512-vbmi,avx512-vbmi,x86_64,linux,0
1,commit-3-amd-9950x3d,run-2,1,base64-ng,encode,standard,padded,65536,87384,64,1807502,2212.998934,scalar,avx512-vbmi,avx512-vbmi,x86_64,linux,0
1,commit-3-amd-9950x3d,run-2,2,base64-ng,encode,standard,padded,65536,87384,64,1813313,2205.907088,scalar,avx512-vbmi,avx512-vbmi,x86_64,linux,0
1,commit-3-amd-9950x3d,run-2,3,base64-ng,encode,standard,padded,65536,87384,64,1807252,2213.305062,scalar,avx512-vbmi,avx512-vbmi,x86_64,linux,0
1,commit-3-amd-9950x3d,run-2,4,base64-ng,encode,standard,padded,65536,87384,64,1815879,2202.789944,scalar,avx512-vbmi,avx512-vbmi,x86_64,linux,0
1,commit-3-amd-9950x3d,run-2,0,base64-ng,decode,standard,padded,65536,87384,64,12797530,312.560314,scalar,avx512-vbmi,avx512-vbmi,x86_64,linux,0
1,commit-3-amd-9950x3d,run-2,1,base64-ng,decode,standard,padded,65536,87384,64,12789625,312.753501,scalar,avx512-vbmi,avx512-vbmi,x86_64,linux,0
1,commit-3-amd-9950x3d,run-2,2,base64-ng,decode,standard,padded,65536,87384,64,12789696,312.751765,scalar,avx512-vbmi,avx512-vbmi,x86_64,linux,0
1,commit-3-amd-9950x3d,run-2,3,base64-ng,decode,standard,padded,65536,87384,64,12785146,312.863068,scalar,avx512-vbmi,avx512-vbmi,x86_64,linux,0
1,commit-3-amd-9950x3d,run-2,4,base64-ng,decode,standard,padded,65536,87384,64,12802900,312.429215,scalar,avx512-vbmi,avx512-vbmi,x86_64,linux,0
1,commit-3-amd-9950x3d,run-2,0,base64-ng,encode,standard,padded,65536,87384,64,12046767,332.039293,ssse3-sse4.1,avx512-vbmi,avx512-vbmi,x86_64,linux,0
1,commit-3-amd-9950x3d,run-2,1,base64-ng,encode,standard,padded,65536,87384,64,12029955,332.503322,ssse3-sse4.1,avx512-vbmi,avx512-vbmi,x86_64,linux,0
1,commit-3-amd-9950x3d,run-2,2,base64-ng,encode,standard,padded,65536,87384,64,12015007,332.916993,ssse3-sse4.1,avx512-vbmi,avx512-vbmi,x86_64,linux,0
1,commit-3-amd-9950x3d,run-2,3,base64-ng,encode,standard,padded,65536,87384,64,12019305,332.797945,ssse3-sse4.1,avx512-vbmi,avx512-vbmi,x86_64,linux,0
1,commit-3-amd-9950x3d,run-2,4,base64-ng,encode,standard,padded,65536,87384,64,11968359,334.214574,ssse3-sse4.1,avx512-vbmi,avx512-vbmi,x86_64,linux,0
1,commit-3-amd-9950x3d,run-2,0,base64-ng,decode,standard,padded,65536,87384,64,50858156,78.650119,ssse3-sse4.1,avx512-vbmi,avx512-vbmi,x86_64,linux,0
1,commit-3-amd-9950x3d,run-2,1,base64-ng,decode,standard,padded,65536,87384,64,50891929,78.597925,ssse3-sse4.1,avx512-vbmi,avx512-vbmi,x86_64,linux,0
1,commit-3-amd-9950x3d,run-2,2,base64-ng,decode,standard,padded,65536,87384,64,50908731,78.571984,ssse3-sse4.1,avx512-vbmi,avx512-vbmi,x86_64,linux,0
1,commit-3-amd-9950x3d,run-2,3,base64-ng,decode,standard,padded,65536,87384,64,50916205,78.560450,ssse3-sse4.1,avx512-vbmi,avx512-vbmi,x86_64,linux,0
1,commit-3-amd-9950x3d,run-2,4,base64-ng,decode,standard,padded,65536,87384,64,50885247,78.608246,ssse3-sse4.1,avx512-vbmi,avx512-vbmi,x86_64,linux,0
1,commit-3-amd-9950x3d,run-2,0,base64-ng,encode,standard,padded,65536,87384,64,6380291,626.930653,avx2,avx512-vbmi,avx512-vbmi,x86_64,linux,0
1,commit-3-amd-9950x3d,run-2,1,base64-ng,encode,standard,padded,65536,87384,64,6354242,629.500734,avx2,avx512-vbmi,avx512-vbmi,x86_64,linux,0
1,commit-3-amd-9950x3d,run-2,2,base64-ng,encode,standard,padded,65536,87384,64,6388456,626.129381,avx2,avx512-vbmi,avx512-vbmi,x86_64,linux,0
1,commit-3-amd-9950x3d,run-2,3,base64-ng,encode,standard,padded,65536,87384,64,6391662,625.815320,avx2,avx512-vbmi,avx512-vbmi,x86_64,linux,0
1,commit-3-amd-9950x3d,run-2,4,base64-ng,encode,standard,padded,65536,87384,64,6375922,627.360247,avx2,avx512-vbmi,avx512-vbmi,x86_64,linux,0
1,commit-3-amd-9950x3d,run-2,0,base64-ng,decode,standard,padded,65536,87384,64,35325777,113.231763,avx2,avx512-vbmi,avx512-vbmi,x86_64,linux,0
1,commit-3-amd-9950x3d,run-2,1,base64-ng,decode,standard,padded,65536,87384,64,35269341,113.412950,avx2,avx512-vbmi,avx512-vbmi,x86_64,linux,0
1,commit-3-amd-9950x3d,run-2,2,base64-ng,decode,standard,padded,65536,87384,64,35260525,113.441306,avx2,avx512-vbmi,avx512-vbmi,x86_64,linux,0
1,commit-3-amd-9950x3d,run-2,3,base64-ng,decode,standard,padded,65536,87384,64,35269631,113.412017,avx2,avx512-vbmi,avx512-vbmi,x86_64,linux,0
1,commit-3-amd-9950x3d,run-2,4,base64-ng,decode,standard,padded,65536,87384,64,35270283,113.409921,avx2,avx512-vbmi,avx512-vbmi,x86_64,linux,0
1,commit-3-amd-9950x3d,run-2,0,base64-ng,encode,standard,padded,65536,87384,64,3504327,1141.445989,avx512-vbmi,avx512-vbmi,avx512-vbmi,x86_64,linux,0
1,commit-3-amd-9950x3d,run-2,1,base64-ng,encode,standard,padded,65536,87384,64,3542138,1129.261480,avx512-vbmi,avx512-vbmi,avx512-vbmi,x86_64,linux,0
1,commit-3-amd-9950x3d,run-2,2,base64-ng,encode,standard,padded,65536,87384,64,3543982,1128.673904,avx512-vbmi,avx512-vbmi,avx512-vbmi,x86_64,linux,0
1,commit-3-amd-9950x3d,run-2,3,base64-ng,encode,standard,padded,65536,87384,64,3541727,1129.392525,avx512-vbmi,avx512-vbmi,avx512-vbmi,x86_64,linux,0
1,commit-3-amd-9950x3d,run-2,4,base64-ng,encode,standard,padded,65536,87384,64,3529003,1133.464607,avx512-vbmi,avx512-vbmi,avx512-vbmi,x86_64,linux,0
1,commit-3-amd-9950x3d,run-2,0,base64-ng,decode,standard,padded,65536,87384,64,27028118,147.994026,avx512-vbmi,avx512-vbmi,avx512-vbmi,x86_64,linux,0
1,commit-3-amd-9950x3d,run-2,1,base64-ng,decode,standard,padded,65536,87384,64,26948968,148.428689,avx512-vbmi,avx512-vbmi,avx512-vbmi,x86_64,linux,0
1,commit-3-amd-9950x3d,run-2,2,base64-ng,decode,standard,padded,65536,87384,64,26958236,148.377661,avx512-vbmi,avx512-vbmi,avx512-vbmi,x86_64,linux,0
1,commit-3-amd-9950x3d,run-2,3,base64-ng,decode,standard,padded,65536,87384,64,27022718,148.023600,avx512-vbmi,avx512-vbmi,avx512-vbmi,x86_64,linux,0
1,commit-3-amd-9950x3d,run-2,4,base64-ng,decode,standard,padded,65536,87384,64,26960731,148.363930,avx512-vbmi,avx512-vbmi,avx512-vbmi,x86_64,linux,0
1,commit-3-amd-9950x3d,run-2,0,base64-0.23.0,encode,standard,padded,65536,87384,64,787994,5076.180783,external,avx512-vbmi,avx512-vbmi,x86_64,linux,0
1,commit-3-amd-9950x3d,run-2,1,base64-0.23.0,encode,standard,padded,65536,87384,64,790247,5061.708554,external,avx512-vbmi,avx512-vbmi,x86_64,linux,0
1,commit-3-amd-9950x3d,run-2,2,base64-0.23.0,encode,standard,padded,65536,87384,64,792832,5045.205037,external,avx512-vbmi,avx512-vbmi,x86_64,linux,0
1,commit-3-amd-9950x3d,run-2,3,base64-0.23.0,encode,standard,padded,65536,87384,64,800798,4995.017470,external,avx512-vbmi,avx512-vbmi,x86_64,linux,0
1,commit-3-amd-9950x3d,run-2,4,base64-0.23.0,encode,standard,padded,65536,87384,64,800798,4995.017470,external,avx512-vbmi,avx512-vbmi,x86_64,linux,0
1,commit-3-amd-9950x3d,run-2,0,base64-0.23.0,decode,standard,padded,65536,87384,64,941763,4247.353103,external,avx512-vbmi,avx512-vbmi,x86_64,linux,0
1,commit-3-amd-9950x3d,run-2,1,base64-0.23.0,decode,standard,padded,65536,87384,64,943096,4241.349767,external,avx512-vbmi,avx512-vbmi,x86_64,linux,0
1,commit-3-amd-9950x3d,run-2,2,base64-0.23.0,decode,standard,padded,65536,87384,64,941292,4249.478377,external,avx512-vbmi,avx512-vbmi,x86_64,linux,0
1,commit-3-amd-9950x3d,run-2,3,base64-0.23.0,decode,standard,padded,65536,87384,64,944458,4235.233330,external,avx512-vbmi,avx512-vbmi,x86_64,linux,0
1,commit-3-amd-9950x3d,run-2,4,base64-0.23.0,decode,standard,padded,65536,87384,64,947183,4223.048767,external,avx512-vbmi,avx512-vbmi,x86_64,linux,0
1,commit-3-amd-9950x3d,run-2,0,base64ct-1.8.3,encode,standard,padded,65536,87384,64,1344751,2974.528370,external,avx512-vbmi,avx512-vbmi,x86_64,linux,0
1,commit-3-amd-9950x3d,run-2,1,base64ct-1.8.3,encode,standard,padded,65536,87384,64,1325255,3018.287047,external,avx512-vbmi,avx512-vbmi,x86_64,linux,0
1,commit-3-amd-9950x3d,run-2,2,base64ct-1.8.3,encode,standard,padded,65536,87384,64,1331447,3004.250263,external,avx512-vbmi,avx512-vbmi,x86_64,linux,0
1,commit-3-amd-9950x3d,run-2,3,base64ct-1.8.3,encode,standard,padded,65536,87384,64,1326587,3015.256444,external,avx512-vbmi,avx512-vbmi,x86_64,linux,0
1,commit-3-amd-9950x3d,run-2,4,base64ct-1.8.3,encode,standard,padded,65536,87384,64,1331055,3005.135024,external,avx512-vbmi,avx512-vbmi,x86_64,linux,0
1,commit-3-amd-9950x3d,run-2,0,base64ct-1.8.3,decode,standard,padded,65536,87384,64,4541990,880.671248,external,avx512-vbmi,avx512-vbmi,x86_64,linux,0
1,commit-3-amd-9950x3d,run-2,1,base64ct-1.8.3,decode,standard,padded,65536,87384,64,4531360,882.737191,external,avx512-vbmi,avx512-vbmi,x86_64,linux,0
1,commit-3-amd-9950x3d,run-2,2,base64ct-1.8.3,decode,standard,padded,65536,87384,64,4546308,879.834802,external,avx512-vbmi,avx512-vbmi,x86_64,linux,0
1,commit-3-amd-9950x3d,run-2,3,base64ct-1.8.3,decode,standard,padded,65536,87384,64,4544585,880.168376,external,avx512-vbmi,avx512-vbmi,x86_64,linux,0
1,commit-3-amd-9950x3d,run-2,4,base64ct-1.8.3,decode,standard,padded,65536,87384,64,4548572,879.396874,external,avx512-vbmi,avx512-vbmi,x86_64,linux,0
1,commit-3-amd-9950x3d,run-2,0,base64-ng,encode,standard,unpadded,1,2,4194304,35176806,113.711290,auto,avx512-vbmi,avx512-vbmi,x86_64,linux,0
1,commit-3-amd-9950x3d,run-2,1,base64-ng,encode,standard,unpadded,1,2,4194304,35164905,113.749774,auto,avx512-vbmi,avx512-vbmi,x86_64,linux,0
1,commit-3-amd-9950x3d,run-2,2,base64-ng,encode,standard,unpadded,1,2,4194304,35194660,113.653605,auto,avx512-vbmi,avx512-vbmi,x86_64,linux,0
1,commit-3-amd-9950x3d,run-2,3,base64-ng,encode,standard,unpadded,1,2,4194304,35190042,113.668520,auto,avx512-vbmi,avx512-vbmi,x86_64,linux,0
1,commit-3-amd-9950x3d,run-2,4,base64-ng,encode,standard,unpadded,1,2,4194304,35170675,113.731113,auto,avx512-vbmi,avx512-vbmi,x86_64,linux,0
1,commit-3-amd-9950x3d,run-2,0,base64-ng,decode,standard,unpadded,1,2,4194304,52997062,75.475882,auto,avx512-vbmi,avx512-vbmi,x86_64,linux,0
1,commit-3-amd-9950x3d,run-2,1,base64-ng,decode,standard,unpadded,1,2,4194304,53093143,75.339296,auto,avx512-vbmi,avx512-vbmi,x86_64,linux,0
1,commit-3-amd-9950x3d,run-2,2,base64-ng,decode,standard,unpadded,1,2,4194304,52821472,75.726780,auto,avx512-vbmi,avx512-vbmi,x86_64,linux,0
1,commit-3-amd-9950x3d,run-2,3,base64-ng,decode,standard,unpadded,1,2,4194304,52879139,75.644197,auto,avx512-vbmi,avx512-vbmi,x86_64,linux,0
1,commit-3-amd-9950x3d,run-2,4,base64-ng,decode,standard,unpadded,1,2,4194304,53286316,75.066176,auto,avx512-vbmi,avx512-vbmi,x86_64,linux,0
1,commit-3-amd-9950x3d,run-2,0,base64-ng,encode,standard,unpadded,1,2,4194304,25952112,154.130038,scalar,avx512-vbmi,avx512-vbmi,x86_64,linux,0
1,commit-3-amd-9950x3d,run-2,1,base64-ng,encode,standard,unpadded,1,2,4194304,25913971,154.356891,scalar,avx512-vbmi,avx512-vbmi,x86_64,linux,0
1,commit-3-amd-9950x3d,run-2,2,base64-ng,encode,standard,unpadded,1,2,4194304,26084562,153.347409,scalar,avx512-vbmi,avx512-vbmi,x86_64,linux,0
1,commit-3-amd-9950x3d,run-2,3,base64-ng,encode,standard,unpadded,1,2,4194304,26092837,153.298777,scalar,avx512-vbmi,avx512-vbmi,x86_64,linux,0
1,commit-3-amd-9950x3d,run-2,4,base64-ng,encode,standard,unpadded,1,2,4194304,26120619,153.135728,scalar,avx512-vbmi,avx512-vbmi,x86_64,linux,0
1,commit-3-amd-9950x3d,run-2,0,base64-ng,decode,standard,unpadded,1,2,4194304,34330563,116.514256,scalar,avx512-vbmi,avx512-vbmi,x86_64,linux,0
1,commit-3-amd-9950x3d,run-2,1,base64-ng,decode,standard,unpadded,1,2,4194304,34764972,115.058341,scalar,avx512-vbmi,avx512-vbmi,x86_64,linux,0
1,commit-3-amd-9950x3d,run-2,2,base64-ng,decode,standard,unpadded,1,2,4194304,34523277,115.863856,scalar,avx512-vbmi,avx512-vbmi,x86_64,linux,0
1,commit-3-amd-9950x3d,run-2,3,base64-ng,decode,standard,unpadded,1,2,4194304,34618006,115.546805,scalar,avx512-vbmi,avx512-vbmi,x86_64,linux,0
1,commit-3-amd-9950x3d,run-2,4,base64-ng,decode,standard,unpadded,1,2,4194304,34485716,115.990052,scalar,avx512-vbmi,avx512-vbmi,x86_64,linux,0
1,commit-3-amd-9950x3d,run-2,0,base64-ng,encode,standard,unpadded,1,2,4194304,32891244,121.612913,ssse3-sse4.1,avx512-vbmi,avx512-vbmi,x86_64,linux,0
1,commit-3-amd-9950x3d,run-2,1,base64-ng,encode,standard,unpadded,1,2,4194304,32916973,121.517856,ssse3-sse4.1,avx512-vbmi,avx512-vbmi,x86_64,linux,0
1,commit-3-amd-9950x3d,run-2,2,base64-ng,encode,standard,unpadded,1,2,4194304,32945146,121.413941,ssse3-sse4.1,avx512-vbmi,avx512-vbmi,x86_64,linux,0
1,commit-3-amd-9950x3d,run-2,3,base64-ng,encode,standard,unpadded,1,2,4194304,32923796,121.492674,ssse3-sse4.1,avx512-vbmi,avx512-vbmi,x86_64,linux,0
1,commit-3-amd-9950x3d,run-2,4,base64-ng,encode,standard,unpadded,1,2,4194304,32724902,122.231077,ssse3-sse4.1,avx512-vbmi,avx512-vbmi,x86_64,linux,0
1,commit-3-amd-9950x3d,run-2,0,base64-ng,decode,standard,unpadded,1,2,4194304,41881057,95.508573,ssse3-sse4.1,avx512-vbmi,avx512-vbmi,x86_64,linux,0
1,commit-3-amd-9950x3d,run-2,1,base64-ng,decode,standard,unpadded,1,2,4194304,41857232,95.562936,ssse3-sse4.1,avx512-vbmi,avx512-vbmi,x86_64,linux,0
1,commit-3-amd-9950x3d,run-2,2,base64-ng,decode,standard,unpadded,1,2,4194304,41779135,95.741571,ssse3-sse4.1,avx512-vbmi,avx512-vbmi,x86_64,linux,0
1,commit-3-amd-9950x3d,run-2,3,base64-ng,decode,standard,unpadded,1,2,4194304,41987838,95.265681,ssse3-sse4.1,avx512-vbmi,avx512-vbmi,x86_64,linux,0
1,commit-3-amd-9950x3d,run-2,4,base64-ng,decode,standard,unpadded,1,2,4194304,41903409,95.457627,ssse3-sse4.1,avx512-vbmi,avx512-vbmi,x86_64,linux,0
1,commit-3-amd-9950x3d,run-2,0,base64-ng,encode,standard,unpadded,1,2,4194304,32372087,123.563241,avx2,avx512-vbmi,avx512-vbmi,x86_64,linux,0
1,commit-3-amd-9950x3d,run-2,1,base64-ng,encode,standard,unpadded,1,2,4194304,32442419,123.295368,avx2,avx512-vbmi,avx512-vbmi,x86_64,linux,0
1,commit-3-amd-9950x3d,run-2,2,base64-ng,encode,standard,unpadded,1,2,4194304,32335087,123.704631,avx2,avx512-vbmi,avx512-vbmi,x86_64,linux,0
1,commit-3-amd-9950x3d,run-2,3,base64-ng,encode,standard,unpadded,1,2,4194304,32217747,124.155174,avx2,avx512-vbmi,avx512-vbmi,x86_64,linux,0
1,commit-3-amd-9950x3d,run-2,4,base64-ng,encode,standard,unpadded,1,2,4194304,32255417,124.010178,avx2,avx512-vbmi,avx512-vbmi,x86_64,linux,0
1,commit-3-amd-9950x3d,run-2,0,base64-ng,decode,standard,unpadded,1,2,4194304,44620835,89.644221,avx2,avx512-vbmi,avx512-vbmi,x86_64,linux,0
1,commit-3-amd-9950x3d,run-2,1,base64-ng,decode,standard,unpadded,1,2,4194304,44572894,89.740639,avx2,avx512-vbmi,avx512-vbmi,x86_64,linux,0
1,commit-3-amd-9950x3d,run-2,2,base64-ng,decode,standard,unpadded,1,2,4194304,44385171,90.120189,avx2,avx512-vbmi,avx512-vbmi,x86_64,linux,0
1,commit-3-amd-9950x3d,run-2,3,base64-ng,decode,standard,unpadded,1,2,4194304,44263973,90.366945,avx2,avx512-vbmi,avx512-vbmi,x86_64,linux,0
1,commit-3-amd-9950x3d,run-2,4,base64-ng,decode,standard,unpadded,1,2,4194304,44252872,90.389614,avx2,avx512-vbmi,avx512-vbmi,x86_64,linux,0
1,commit-3-amd-9950x3d,run-2,0,base64-ng,encode,standard,unpadded,1,2,4194304,34278025,116.692837,avx512-vbmi,avx512-vbmi,avx512-vbmi,x86_64,linux,0
1,commit-3-amd-9950x3d,run-2,1,base64-ng,encode,standard,unpadded,1,2,4194304,34053983,117.460563,avx512-vbmi,avx512-vbmi,avx512-vbmi,x86_64,linux,0
1,commit-3-amd-9950x3d,run-2,2,base64-ng,encode,standard,unpadded,1,2,4194304,34030890,117.540270,avx512-vbmi,avx512-vbmi,avx512-vbmi,x86_64,linux,0
1,commit-3-amd-9950x3d,run-2,3,base64-ng,encode,standard,unpadded,1,2,4194304,34037462,117.517575,avx512-vbmi,avx512-vbmi,avx512-vbmi,x86_64,linux,0
1,commit-3-amd-9950x3d,run-2,4,base64-ng,encode,standard,unpadded,1,2,4194304,34006393,117.624942,avx512-vbmi,avx512-vbmi,avx512-vbmi,x86_64,linux,0
1,commit-3-amd-9950x3d,run-2,0,base64-ng,decode,standard,unpadded,1,2,4194304,49449574,80.890485,avx512-vbmi,avx512-vbmi,avx512-vbmi,x86_64,linux,0
1,commit-3-amd-9950x3d,run-2,1,base64-ng,decode,standard,unpadded,1,2,4194304,49565282,80.701649,avx512-vbmi,avx512-vbmi,avx512-vbmi,x86_64,linux,0
1,commit-3-amd-9950x3d,run-2,2,base64-ng,decode,standard,unpadded,1,2,4194304,49571173,80.692059,avx512-vbmi,avx512-vbmi,avx512-vbmi,x86_64,linux,0
1,commit-3-amd-9950x3d,run-2,3,base64-ng,decode,standard,unpadded,1,2,4194304,49537149,80.747481,avx512-vbmi,avx512-vbmi,avx512-vbmi,x86_64,linux,0
1,commit-3-amd-9950x3d,run-2,4,base64-ng,decode,standard,unpadded,1,2,4194304,49753807,80.395858,avx512-vbmi,avx512-vbmi,avx512-vbmi,x86_64,linux,0
1,commit-3-amd-9950x3d,run-2,0,base64-0.23.0,encode,standard,unpadded,1,2,4194304,27004062,148.125863,external,avx512-vbmi,avx512-vbmi,x86_64,linux,0
1,commit-3-amd-9950x3d,run-2,1,base64-0.23.0,encode,standard,unpadded,1,2,4194304,27101546,147.593056,external,avx512-vbmi,avx512-vbmi,x86_64,linux,0
1,commit-3-amd-9950x3d,run-2,2,base64-0.23.0,encode,standard,unpadded,1,2,4194304,27111204,147.540478,external,avx512-vbmi,avx512-vbmi,x86_64,linux,0
1,commit-3-amd-9950x3d,run-2,3,base64-0.23.0,encode,standard,unpadded,1,2,4194304,27096105,147.622693,external,avx512-vbmi,avx512-vbmi,x86_64,linux,0
1,commit-3-amd-9950x3d,run-2,4,base64-0.23.0,encode,standard,unpadded,1,2,4194304,27090035,147.655771,external,avx512-vbmi,avx512-vbmi,x86_64,linux,0
1,commit-3-amd-9950x3d,run-2,0,base64-0.23.0,decode,standard,unpadded,1,2,4194304,50633192,78.999562,external,avx512-vbmi,avx512-vbmi,x86_64,linux,0
1,commit-3-amd-9950x3d,run-2,1,base64-0.23.0,decode,standard,unpadded,1,2,4194304,50615479,79.027208,external,avx512-vbmi,avx512-vbmi,x86_64,linux,0
1,commit-3-amd-9950x3d,run-2,2,base64-0.23.0,decode,standard,unpadded,1,2,4194304,50570113,79.098103,external,avx512-vbmi,avx512-vbmi,x86_64,linux,0
1,commit-3-amd-9950x3d,run-2,3,base64-0.23.0,decode,standard,unpadded,1,2,4194304,50534626,79.153648,external,avx512-vbmi,avx512-vbmi,x86_64,linux,0
1,commit-3-amd-9950x3d,run-2,4,base64-0.23.0,decode,standard,unpadded,1,2,4194304,50573509,79.092791,external,avx512-vbmi,avx512-vbmi,x86_64,linux,0
1,commit-3-amd-9950x3d,run-2,0,base64ct-1.8.3,encode,standard,unpadded,1,2,4194304,24534033,163.038829,external,avx512-vbmi,avx512-vbmi,x86_64,linux,0
1,commit-3-amd-9950x3d,run-2,1,base64ct-1.8.3,encode,standard,unpadded,1,2,4194304,24444614,163.635229,external,avx512-vbmi,avx512-vbmi,x86_64,linux,0
1,commit-3-amd-9950x3d,run-2,2,base64ct-1.8.3,encode,standard,unpadded,1,2,4194304,24467448,163.482518,external,avx512-vbmi,avx512-vbmi,x86_64,linux,0
1,commit-3-amd-9950x3d,run-2,3,base64ct-1.8.3,encode,standard,unpadded,1,2,4194304,24508074,163.211520,external,avx512-vbmi,avx512-vbmi,x86_64,linux,0
1,commit-3-amd-9950x3d,run-2,4,base64ct-1.8.3,encode,standard,unpadded,1,2,4194304,24477587,163.414801,external,avx512-vbmi,avx512-vbmi,x86_64,linux,0
1,commit-3-amd-9950x3d,run-2,0,base64ct-1.8.3,decode,standard,unpadded,1,2,4194304,100618684,39.754048,external,avx512-vbmi,avx512-vbmi,x86_64,linux,0
1,commit-3-amd-9950x3d,run-2,1,base64ct-1.8.3,decode,standard,unpadded,1,2,4194304,98899168,40.445234,external,avx512-vbmi,avx512-vbmi,x86_64,linux,0
1,commit-3-amd-9950x3d,run-2,2,base64ct-1.8.3,decode,standard,unpadded,1,2,4194304,98698000,40.527670,external,avx512-vbmi,avx512-vbmi,x86_64,linux,0
1,commit-3-amd-9950x3d,run-2,3,base64ct-1.8.3,decode,standard,unpadded,1,2,4194304,98670147,40.539111,external,avx512-vbmi,avx512-vbmi,x86_64,linux,0
1,commit-3-amd-9950x3d,run-2,4,base64ct-1.8.3,decode,standard,unpadded,1,2,4194304,98631664,40.554928,external,avx512-vbmi,avx512-vbmi,x86_64,linux,0
1,commit-3-amd-9950x3d,run-2,0,base64-ng,encode,standard,unpadded,2,3,2097152,20946981,190.958306,auto,avx512-vbmi,avx512-vbmi,x86_64,linux,0
1,commit-3-amd-9950x3d,run-2,1,base64-ng,encode,standard,unpadded,2,3,2097152,20931311,191.101265,auto,avx512-vbmi,avx512-vbmi,x86_64,linux,0
1,commit-3-amd-9950x3d,run-2,2,base64-ng,encode,standard,unpadded,2,3,2097152,20937152,191.047952,auto,avx512-vbmi,avx512-vbmi,x86_64,linux,0
1,commit-3-amd-9950x3d,run-2,3,base64-ng,encode,standard,unpadded,2,3,2097152,20933014,191.085718,auto,avx512-vbmi,avx512-vbmi,x86_64,linux,0
1,commit-3-amd-9950x3d,run-2,4,base64-ng,encode,standard,unpadded,2,3,2097152,20941891,191.004719,auto,avx512-vbmi,avx512-vbmi,x86_64,linux,0
1,commit-3-amd-9950x3d,run-2,0,base64-ng,decode,standard,unpadded,2,3,2097152,30653552,130.490587,auto,avx512-vbmi,avx512-vbmi,x86_64,linux,0
1,commit-3-amd-9950x3d,run-2,1,base64-ng,decode,standard,unpadded,2,3,2097152,30635138,130.569022,auto,avx512-vbmi,avx512-vbmi,x86_64,linux,0
1,commit-3-amd-9950x3d,run-2,2,base64-ng,decode,standard,unpadded,2,3,2097152,30518999,131.065898,auto,avx512-vbmi,avx512-vbmi,x86_64,linux,0
1,commit-3-amd-9950x3d,run-2,3,base64-ng,decode,standard,unpadded,2,3,2097152,30733032,130.153120,auto,avx512-vbmi,avx512-vbmi,x86_64,linux,0
1,commit-3-amd-9950x3d,run-2,4,base64-ng,decode,standard,unpadded,2,3,2097152,30567691,130.857120,auto,avx512-vbmi,avx512-vbmi,x86_64,linux,0
1,commit-3-amd-9950x3d,run-2,0,base64-ng,encode,standard,unpadded,2,3,2097152,18063773,221.437681,scalar,avx512-vbmi,avx512-vbmi,x86_64,linux,0
1,commit-3-amd-9950x3d,run-2,1,base64-ng,encode,standard,unpadded,2,3,2097152,18201643,219.760381,scalar,avx512-vbmi,avx512-vbmi,x86_64,linux,0
1,commit-3-amd-9950x3d,run-2,2,base64-ng,encode,standard,unpadded,2,3,2097152,18203516,219.737769,scalar,avx512-vbmi,avx512-vbmi,x86_64,linux,0
1,commit-3-amd-9950x3d,run-2,3,base64-ng,encode,standard,unpadded,2,3,2097152,18207363,219.691341,scalar,avx512-vbmi,avx512-vbmi,x86_64,linux,0
1,commit-3-amd-9950x3d,run-2,4,base64-ng,encode,standard,unpadded,2,3,2097152,18178089,220.045132,scalar,avx512-vbmi,avx512-vbmi,x86_64,linux,0
1,commit-3-amd-9950x3d,run-2,0,base64-ng,decode,standard,unpadded,2,3,2097152,21659322,184.677988,scalar,avx512-vbmi,avx512-vbmi,x86_64,linux,0
1,commit-3-amd-9950x3d,run-2,1,base64-ng,decode,standard,unpadded,2,3,2097152,21683688,184.470465,scalar,avx512-vbmi,avx512-vbmi,x86_64,linux,0
1,commit-3-amd-9950x3d,run-2,2,base64-ng,decode,standard,unpadded,2,3,2097152,21580944,185.348704,scalar,avx512-vbmi,avx512-vbmi,x86_64,linux,0
1,commit-3-amd-9950x3d,run-2,3,base64-ng,decode,standard,unpadded,2,3,2097152,21583599,185.325904,scalar,avx512-vbmi,avx512-vbmi,x86_64,linux,0
1,commit-3-amd-9950x3d,run-2,4,base64-ng,decode,standard,unpadded,2,3,2097152,21578269,185.371681,scalar,avx512-vbmi,avx512-vbmi,x86_64,linux,0
1,commit-3-amd-9950x3d,run-2,0,base64-ng,encode,standard,unpadded,2,3,2097152,21414220,186.791767,ssse3-sse4.1,avx512-vbmi,avx512-vbmi,x86_64,linux,0
1,commit-3-amd-9950x3d,run-2,1,base64-ng,encode,standard,unpadded,2,3,2097152,21415372,186.781719,ssse3-sse4.1,avx512-vbmi,avx512-vbmi,x86_64,linux,0
1,commit-3-amd-9950x3d,run-2,2,base64-ng,encode,standard,unpadded,2,3,2097152,21434739,186.612956,ssse3-sse4.1,avx512-vbmi,avx512-vbmi,x86_64,linux,0
1,commit-3-amd-9950x3d,run-2,3,base64-ng,encode,standard,unpadded,2,3,2097152,21498479,186.059674,ssse3-sse4.1,avx512-vbmi,avx512-vbmi,x86_64,linux,0
1,commit-3-amd-9950x3d,run-2,4,base64-ng,encode,standard,unpadded,2,3,2097152,21449296,186.486307,ssse3-sse4.1,avx512-vbmi,avx512-vbmi,x86_64,linux,0
1,commit-3-amd-9950x3d,run-2,0,base64-ng,decode,standard,unpadded,2,3,2097152,25226436,158.563818,ssse3-sse4.1,avx512-vbmi,avx512-vbmi,x86_64,linux,0
1,commit-3-amd-9950x3d,run-2,1,base64-ng,decode,standard,unpadded,2,3,2097152,25257415,158.369334,ssse3-sse4.1,avx512-vbmi,avx512-vbmi,x86_64,linux,0
1,commit-3-amd-9950x3d,run-2,2,base64-ng,decode,standard,unpadded,2,3,2097152,25254539,158.387369,ssse3-sse4.1,avx512-vbmi,avx512-vbmi,x86_64,linux,0
1,commit-3-amd-9950x3d,run-2,3,base64-ng,decode,standard,unpadded,2,3,2097152,25226737,158.561926,ssse3-sse4.1,avx512-vbmi,avx512-vbmi,x86_64,linux,0
1,commit-3-amd-9950x3d,run-2,4,base64-ng,decode,standard,unpadded,2,3,2097152,25278304,158.238464,ssse3-sse4.1,avx512-vbmi,avx512-vbmi,x86_64,linux,0
1,commit-3-amd-9950x3d,run-2,0,base64-ng,encode,standard,unpadded,2,3,2097152,21383512,187.060011,avx2,avx512-vbmi,avx512-vbmi,x86_64,linux,0
1,commit-3-amd-9950x3d,run-2,1,base64-ng,encode,standard,unpadded,2,3,2097152,21460107,186.392360,avx2,avx512-vbmi,avx512-vbmi,x86_64,linux,0
1,commit-3-amd-9950x3d,run-2,2,base64-ng,encode,standard,unpadded,2,3,2097152,21350391,187.350199,avx2,avx512-vbmi,avx512-vbmi,x86_64,linux,0
1,commit-3-amd-9950x3d,run-2,3,base64-ng,encode,standard,unpadded,2,3,2097152,21383382,187.061149,avx2,avx512-vbmi,avx512-vbmi,x86_64,linux,0
1,commit-3-amd-9950x3d,run-2,4,base64-ng,encode,standard,unpadded,2,3,2097152,21533785,185.754618,avx2,avx512-vbmi,avx512-vbmi,x86_64,linux,0
1,commit-3-amd-9950x3d,run-2,0,base64-ng,decode,standard,unpadded,2,3,2097152,26879107,148.814468,avx2,avx512-vbmi,avx512-vbmi,x86_64,linux,0
1,commit-3-amd-9950x3d,run-2,1,base64-ng,decode,standard,unpadded,2,3,2097152,26787615,149.322737,avx2,avx512-vbmi,avx512-vbmi,x86_64,linux,0
1,commit-3-amd-9950x3d,run-2,2,base64-ng,decode,standard,unpadded,2,3,2097152,26843751,149.010472,avx2,avx512-vbmi,avx512-vbmi,x86_64,linux,0
1,commit-3-amd-9950x3d,run-2,3,base64-ng,decode,standard,unpadded,2,3,2097152,26796752,149.271822,avx2,avx512-vbmi,avx512-vbmi,x86_64,linux,0
1,commit-3-amd-9950x3d,run-2,4,base64-ng,decode,standard,unpadded,2,3,2097152,26780832,149.360558,avx2,avx512-vbmi,avx512-vbmi,x86_64,linux,0
1,commit-3-amd-9950x3d,run-2,0,base64-ng,encode,standard,unpadded,2,3,2097152,22281352,179.522320,avx512-vbmi,avx512-vbmi,avx512-vbmi,x86_64,linux,0
1,commit-3-amd-9950x3d,run-2,1,base64-ng,encode,standard,unpadded,2,3,2097152,22305678,179.326537,avx512-vbmi,avx512-vbmi,avx512-vbmi,x86_64,linux,0
1,commit-3-amd-9950x3d,run-2,2,base64-ng,encode,standard,unpadded,2,3,2097152,22314365,179.256725,avx512-vbmi,avx512-vbmi,avx512-vbmi,x86_64,linux,0
1,commit-3-amd-9950x3d,run-2,3,base64-ng,encode,standard,unpadded,2,3,2097152,22333771,179.100968,avx512-vbmi,avx512-vbmi,avx512-vbmi,x86_64,linux,0
1,commit-3-amd-9950x3d,run-2,4,base64-ng,encode,standard,unpadded,2,3,2097152,22306449,179.320339,avx512-vbmi,avx512-vbmi,avx512-vbmi,x86_64,linux,0
1,commit-3-amd-9950x3d,run-2,0,base64-ng,decode,standard,unpadded,2,3,2097152,29443053,135.855477,avx512-vbmi,avx512-vbmi,avx512-vbmi,x86_64,linux,0
1,commit-3-amd-9950x3d,run-2,1,base64-ng,decode,standard,unpadded,2,3,2097152,29295957,136.537612,avx512-vbmi,avx512-vbmi,avx512-vbmi,x86_64,linux,0
1,commit-3-amd-9950x3d,run-2,2,base64-ng,decode,standard,unpadded,2,3,2097152,29409210,136.011814,avx512-vbmi,avx512-vbmi,avx512-vbmi,x86_64,linux,0
1,commit-3-amd-9950x3d,run-2,3,base64-ng,decode,standard,unpadded,2,3,2097152,29290005,136.565357,avx512-vbmi,avx512-vbmi,avx512-vbmi,x86_64,linux,0
1,commit-3-amd-9950x3d,run-2,4,base64-ng,decode,standard,unpadded,2,3,2097152,29449626,135.825154,avx512-vbmi,avx512-vbmi,avx512-vbmi,x86_64,linux,0
1,commit-3-amd-9950x3d,run-2,0,base64-0.23.0,encode,standard,unpadded,2,3,2097152,14580887,274.331733,external,avx512-vbmi,avx512-vbmi,x86_64,linux,0
1,commit-3-amd-9950x3d,run-2,1,base64-0.23.0,encode,standard,unpadded,2,3,2097152,14344192,278.858509,external,avx512-vbmi,avx512-vbmi,x86_64,linux,0
1,commit-3-amd-9950x3d,run-2,2,base64-0.23.0,encode,standard,unpadded,2,3,2097152,14110502,283.476803,external,avx512-vbmi,avx512-vbmi,x86_64,linux,0
1,commit-3-amd-9950x3d,run-2,3,base64-0.23.0,encode,standard,unpadded,2,3,2097152,14025402,285.196816,external,avx512-vbmi,avx512-vbmi,x86_64,linux,0
1,commit-3-amd-9950x3d,run-2,4,base64-0.23.0,encode,standard,unpadded,2,3,2097152,14019761,285.311568,external,avx512-vbmi,avx512-vbmi,x86_64,linux,0
1,commit-3-amd-9950x3d,run-2,0,base64-0.23.0,decode,standard,unpadded,2,3,2097152,25902449,154.425553,external,avx512-vbmi,avx512-vbmi,x86_64,linux,0
1,commit-3-amd-9950x3d,run-2,1,base64-0.23.0,decode,standard,unpadded,2,3,2097152,25815976,154.942815,external,avx512-vbmi,avx512-vbmi,x86_64,linux,0
1,commit-3-amd-9950x3d,run-2,2,base64-0.23.0,decode,standard,unpadded,2,3,2097152,25841073,154.792334,external,avx512-vbmi,avx512-vbmi,x86_64,linux,0
1,commit-3-amd-9950x3d,run-2,3,base64-0.23.0,decode,standard,unpadded,2,3,2097152,25777664,155.173099,external,avx512-vbmi,avx512-vbmi,x86_64,linux,0
1,commit-3-amd-9950x3d,run-2,4,base64-0.23.0,decode,standard,unpadded,2,3,2097152,25848888,154.745535,external,avx512-vbmi,avx512-vbmi,x86_64,linux,0
1,commit-3-amd-9950x3d,run-2,0,base64ct-1.8.3,encode,standard,unpadded,2,3,2097152,12617441,317.021494,external,avx512-vbmi,avx512-vbmi,x86_64,linux,0
1,commit-3-amd-9950x3d,run-2,1,base64ct-1.8.3,encode,standard,unpadded,2,3,2097152,12653219,316.125090,external,avx512-vbmi,avx512-vbmi,x86_64,linux,0
1,commit-3-amd-9950x3d,run-2,2,base64ct-1.8.3,encode,standard,unpadded,2,3,2097152,12677253,315.525769,external,avx512-vbmi,avx512-vbmi,x86_64,linux,0
1,commit-3-amd-9950x3d,run-2,3,base64ct-1.8.3,encode,standard,unpadded,2,3,2097152,12682544,315.394135,external,avx512-vbmi,avx512-vbmi,x86_64,linux,0
1,commit-3-amd-9950x3d,run-2,4,base64ct-1.8.3,encode,standard,unpadded,2,3,2097152,12685559,315.319175,external,avx512-vbmi,avx512-vbmi,x86_64,linux,0
1,commit-3-amd-9950x3d,run-2,0,base64ct-1.8.3,decode,standard,unpadded,2,3,2097152,57270406,69.844101,external,avx512-vbmi,avx512-vbmi,x86_64,linux,0
1,commit-3-amd-9950x3d,run-2,1,base64ct-1.8.3,decode,standard,unpadded,2,3,2097152,57441809,69.635690,external,avx512-vbmi,avx512-vbmi,x86_64,linux,0
1,commit-3-amd-9950x3d,run-2,2,base64ct-1.8.3,decode,standard,unpadded,2,3,2097152,57330008,69.771489,external,avx512-vbmi,avx512-vbmi,x86_64,linux,0
1,commit-3-amd-9950x3d,run-2,3,base64ct-1.8.3,decode,standard,unpadded,2,3,2097152,57225492,69.898918,external,avx512-vbmi,avx512-vbmi,x86_64,linux,0
1,commit-3-amd-9950x3d,run-2,4,base64ct-1.8.3,decode,standard,unpadded,2,3,2097152,57297727,69.810797,external,avx512-vbmi,avx512-vbmi,x86_64,linux,0
1,commit-3-amd-9950x3d,run-2,0,base64-ng,encode,standard,unpadded,3,4,1398101,18740948,213.436324,auto,avx512-vbmi,avx512-vbmi,x86_64,linux,0
1,commit-3-amd-9950x3d,run-2,1,base64-ng,encode,standard,unpadded,3,4,1398101,18158200,220.286099,auto,avx512-vbmi,avx512-vbmi,x86_64,linux,0
1,commit-3-amd-9950x3d,run-2,2,base64-ng,encode,standard,unpadded,3,4,1398101,18149354,220.393467,auto,avx512-vbmi,avx512-vbmi,x86_64,linux,0
1,commit-3-amd-9950x3d,run-2,3,base64-ng,encode,standard,unpadded,3,4,1398101,18147821,220.412084,auto,avx512-vbmi,avx512-vbmi,x86_64,linux,0
1,commit-3-amd-9950x3d,run-2,4,base64-ng,encode,standard,unpadded,3,4,1398101,18149004,220.397717,auto,avx512-vbmi,avx512-vbmi,x86_64,linux,0
1,commit-3-amd-9950x3d,run-2,0,base64-ng,decode,standard,unpadded,3,4,1398101,25929861,154.262263,auto,avx512-vbmi,avx512-vbmi,x86_64,linux,0
1,commit-3-amd-9950x3d,run-2,1,base64-ng,decode,standard,unpadded,3,4,1398101,26011043,153.780802,auto,avx512-vbmi,avx512-vbmi,x86_64,linux,0
1,commit-3-amd-9950x3d,run-2,2,base64-ng,decode,standard,unpadded,3,4,1398101,26089932,153.315810,auto,avx512-vbmi,avx512-vbmi,x86_64,linux,0
1,commit-3-amd-9950x3d,run-2,3,base64-ng,decode,standard,unpadded,3,4,1398101,25998279,153.856301,auto,avx512-vbmi,avx512-vbmi,x86_64,linux,0
1,commit-3-amd-9950x3d,run-2,4,base64-ng,decode,standard,unpadded,3,4,1398101,25976258,153.986731,auto,avx512-vbmi,avx512-vbmi,x86_64,linux,0
1,commit-3-amd-9950x3d,run-2,0,base64-ng,encode,standard,unpadded,3,4,1398101,17801920,224.694811,scalar,avx512-vbmi,avx512-vbmi,x86_64,linux,0
1,commit-3-amd-9950x3d,run-2,1,base64-ng,encode,standard,unpadded,3,4,1398101,17765152,225.159855,scalar,avx512-vbmi,avx512-vbmi,x86_64,linux,0
1,commit-3-amd-9950x3d,run-2,2,base64-ng,encode,standard,unpadded,3,4,1398101,17760743,225.215749,scalar,avx512-vbmi,avx512-vbmi,x86_64,linux,0
1,commit-3-amd-9950x3d,run-2,3,base64-ng,encode,standard,unpadded,3,4,1398101,17766624,225.141200,scalar,avx512-vbmi,avx512-vbmi,x86_64,linux,0
1,commit-3-amd-9950x3d,run-2,4,base64-ng,encode,standard,unpadded,3,4,1398101,17737780,225.507310,scalar,avx512-vbmi,avx512-vbmi,x86_64,linux,0
1,commit-3-amd-9950x3d,run-2,0,base64-ng,decode,standard,unpadded,3,4,1398101,19593192,204.152496,scalar,avx512-vbmi,avx512-vbmi,x86_64,linux,0
1,commit-3-amd-9950x3d,run-2,1,base64-ng,decode,standard,unpadded,3,4,1398101,19582722,204.261647,scalar,avx512-vbmi,avx512-vbmi,x86_64,linux,0
1,commit-3-amd-9950x3d,run-2,2,base64-ng,decode,standard,unpadded,3,4,1398101,19603441,204.045761,scalar,avx512-vbmi,avx512-vbmi,x86_64,linux,0
1,commit-3-amd-9950x3d,run-2,3,base64-ng,decode,standard,unpadded,3,4,1398101,19595486,204.128596,scalar,avx512-vbmi,avx512-vbmi,x86_64,linux,0
1,commit-3-amd-9950x3d,run-2,4,base64-ng,decode,standard,unpadded,3,4,1398101,19696206,203.084749,scalar,avx512-vbmi,avx512-vbmi,x86_64,linux,0
1,commit-3-amd-9950x3d,run-2,0,base64-ng,encode,standard,unpadded,3,4,1398101,20028812,199.712247,ssse3-sse4.1,avx512-vbmi,avx512-vbmi,x86_64,linux,0
1,commit-3-amd-9950x3d,run-2,1,base64-ng,encode,standard,unpadded,3,4,1398101,19998425,200.015704,ssse3-sse4.1,avx512-vbmi,avx512-vbmi,x86_64,linux,0
1,commit-3-amd-9950x3d,run-2,2,base64-ng,encode,standard,unpadded,3,4,1398101,19995370,200.046263,ssse3-sse4.1,avx512-vbmi,avx512-vbmi,x86_64,linux,0
1,commit-3-amd-9950x3d,run-2,3,base64-ng,encode,standard,unpadded,3,4,1398101,20008254,199.917446,ssse3-sse4.1,avx512-vbmi,avx512-vbmi,x86_64,linux,0
1,commit-3-amd-9950x3d,run-2,4,base64-ng,encode,standard,unpadded,3,4,1398101,20005779,199.942179,ssse3-sse4.1,avx512-vbmi,avx512-vbmi,x86_64,linux,0
1,commit-3-amd-9950x3d,run-2,0,base64-ng,decode,standard,unpadded,3,4,1398101,21966130,182.098487,ssse3-sse4.1,avx512-vbmi,avx512-vbmi,x86_64,linux,0
1,commit-3-amd-9950x3d,run-2,1,base64-ng,decode,standard,unpadded,3,4,1398101,21971088,182.057395,ssse3-sse4.1,avx512-vbmi,avx512-vbmi,x86_64,linux,0
1,commit-3-amd-9950x3d,run-2,2,base64-ng,decode,standard,unpadded,3,4,1398101,21995033,181.859197,ssse3-sse4.1,avx512-vbmi,avx512-vbmi,x86_64,linux,0
1,commit-3-amd-9950x3d,run-2,3,base64-ng,decode,standard,unpadded,3,4,1398101,21986007,181.933857,ssse3-sse4.1,avx512-vbmi,avx512-vbmi,x86_64,linux,0
1,commit-3-amd-9950x3d,run-2,4,base64-ng,decode,standard,unpadded,3,4,1398101,22006665,181.763073,ssse3-sse4.1,avx512-vbmi,avx512-vbmi,x86_64,linux,0
1,commit-3-amd-9950x3d,run-2,0,base64-ng,encode,standard,unpadded,3,4,1398101,19898858,201.016513,avx2,avx512-vbmi,avx512-vbmi,x86_64,linux,0
1,commit-3-amd-9950x3d,run-2,1,base64-ng,encode,standard,unpadded,3,4,1398101,19833264,201.681329,avx2,avx512-vbmi,avx512-vbmi,x86_64,linux,0
1,commit-3-amd-9950x3d,run-2,2,base64-ng,encode,standard,unpadded,3,4,1398101,19849495,201.516414,avx2,avx512-vbmi,avx512-vbmi,x86_64,linux,0
1,commit-3-amd-9950x3d,run-2,3,base64-ng,encode,standard,unpadded,3,4,1398101,19811243,201.905506,avx2,avx512-vbmi,avx512-vbmi,x86_64,linux,0
1,commit-3-amd-9950x3d,run-2,4,base64-ng,encode,standard,unpadded,3,4,1398101,19811994,201.897853,avx2,avx512-vbmi,avx512-vbmi,x86_64,linux,0
1,commit-3-amd-9950x3d,run-2,0,base64-ng,decode,standard,unpadded,3,4,1398101,22991259,173.979122,avx2,avx512-vbmi,avx512-vbmi,x86_64,linux,0
1,commit-3-amd-9950x3d,run-2,1,base64-ng,decode,standard,unpadded,3,4,1398101,22998272,173.926069,avx2,avx512-vbmi,avx512-vbmi,x86_64,linux,0
1,commit-3-amd-9950x3d,run-2,2,base64-ng,decode,standard,unpadded,3,4,1398101,22990778,173.982762,avx2,avx512-vbmi,avx512-vbmi,x86_64,linux,0
1,commit-3-amd-9950x3d,run-2,3,base64-ng,decode,standard,unpadded,3,4,1398101,22993543,173.961840,avx2,avx512-vbmi,avx512-vbmi,x86_64,linux,0
1,commit-3-amd-9950x3d,run-2,4,base64-ng,decode,standard,unpadded,3,4,1398101,22991138,173.980037,avx2,avx512-vbmi,avx512-vbmi,x86_64,linux,0
1,commit-3-amd-9950x3d,run-2,0,base64-ng,encode,standard,unpadded,3,4,1398101,20728981,192.966506,avx512-vbmi,avx512-vbmi,avx512-vbmi,x86_64,linux,0
1,commit-3-amd-9950x3d,run-2,1,base64-ng,encode,standard,unpadded,3,4,1398101,20723520,193.017356,avx512-vbmi,avx512-vbmi,avx512-vbmi,x86_64,linux,0
1,commit-3-amd-9950x3d,run-2,2,base64-ng,encode,standard,unpadded,3,4,1398101,20731114,192.946652,avx512-vbmi,avx512-vbmi,avx512-vbmi,x86_64,linux,0
1,commit-3-amd-9950x3d,run-2,3,base64-ng,encode,standard,unpadded,3,4,1398101,20749799,192.772906,avx512-vbmi,avx512-vbmi,avx512-vbmi,x86_64,linux,0
1,commit-3-amd-9950x3d,run-2,4,base64-ng,encode,standard,unpadded,3,4,1398101,20758737,192.689904,avx512-vbmi,avx512-vbmi,avx512-vbmi,x86_64,linux,0
1,commit-3-amd-9950x3d,run-2,0,base64-ng,decode,standard,unpadded,3,4,1398101,24858524,160.910561,avx512-vbmi,avx512-vbmi,avx512-vbmi,x86_64,linux,0
1,commit-3-amd-9950x3d,run-2,1,base64-ng,decode,standard,unpadded,3,4,1398101,24976426,160.150978,avx512-vbmi,avx512-vbmi,avx512-vbmi,x86_64,linux,0
1,commit-3-amd-9950x3d,run-2,2,base64-ng,decode,standard,unpadded,3,4,1398101,24902737,160.624876,avx512-vbmi,avx512-vbmi,avx512-vbmi,x86_64,linux,0
1,commit-3-amd-9950x3d,run-2,3,base64-ng,decode,standard,unpadded,3,4,1398101,24980563,160.124455,avx512-vbmi,avx512-vbmi,avx512-vbmi,x86_64,linux,0
1,commit-3-amd-9950x3d,run-2,4,base64-ng,decode,standard,unpadded,3,4,1398101,24817897,161.173972,avx512-vbmi,avx512-vbmi,avx512-vbmi,x86_64,linux,0
1,commit-3-amd-9950x3d,run-2,0,base64-0.23.0,encode,standard,unpadded,3,4,1398101,9531452,419.663137,external,avx512-vbmi,avx512-vbmi,x86_64,linux,0
1,commit-3-amd-9950x3d,run-2,1,base64-0.23.0,encode,standard,unpadded,3,4,1398101,9784599,408.805619,external,avx512-vbmi,avx512-vbmi,x86_64,linux,0
1,commit-3-amd-9950x3d,run-2,2,base64-0.23.0,encode,standard,unpadded,3,4,1398101,9530210,419.717828,external,avx512-vbmi,avx512-vbmi,x86_64,linux,0
1,commit-3-amd-9950x3d,run-2,3,base64-0.23.0,encode,standard,unpadded,3,4,1398101,9461981,422.744354,external,avx512-vbmi,avx512-vbmi,x86_64,linux,0
1,commit-3-amd-9950x3d,run-2,4,base64-0.23.0,encode,standard,unpadded,3,4,1398101,9366853,427.037666,external,avx512-vbmi,avx512-vbmi,x86_64,linux,0
1,commit-3-amd-9950x3d,run-2,0,base64-0.23.0,decode,standard,unpadded,3,4,1398101,17903401,223.421184,external,avx512-vbmi,avx512-vbmi,x86_64,linux,0
1,commit-3-amd-9950x3d,run-2,1,base64-0.23.0,decode,standard,unpadded,3,4,1398101,17845221,224.149594,external,avx512-vbmi,avx512-vbmi,x86_64,linux,0
1,commit-3-amd-9950x3d,run-2,2,base64-0.23.0,decode,standard,unpadded,3,4,1398101,17826968,224.379101,external,avx512-vbmi,avx512-vbmi,x86_64,linux,0
1,commit-3-amd-9950x3d,run-2,3,base64-0.23.0,decode,standard,unpadded,3,4,1398101,17839542,224.220950,external,avx512-vbmi,avx512-vbmi,x86_64,linux,0
1,commit-3-amd-9950x3d,run-2,4,base64-0.23.0,decode,standard,unpadded,3,4,1398101,17843208,224.174882,external,avx512-vbmi,avx512-vbmi,x86_64,linux,0
1,commit-3-amd-9950x3d,run-2,0,base64ct-1.8.3,encode,standard,unpadded,3,4,1398101,9749612,410.272639,external,avx512-vbmi,avx512-vbmi,x86_64,linux,0
1,commit-3-amd-9950x3d,run-2,1,base64ct-1.8.3,encode,standard,unpadded,3,4,1398101,9766604,409.558844,external,avx512-vbmi,avx512-vbmi,x86_64,linux,0
1,commit-3-amd-9950x3d,run-2,2,base64ct-1.8.3,encode,standard,unpadded,3,4,1398101,9761014,409.793393,external,avx512-vbmi,avx512-vbmi,x86_64,linux,0
1,commit-3-amd-9950x3d,run-2,3,base64ct-1.8.3,encode,standard,unpadded,3,4,1398101,9766154,409.577716,external,avx512-vbmi,avx512-vbmi,x86_64,linux,0
1,commit-3-amd-9950x3d,run-2,4,base64ct-1.8.3,encode,standard,unpadded,3,4,1398101,9762668,409.723965,external,avx512-vbmi,avx512-vbmi,x86_64,linux,0
1,commit-3-amd-9950x3d,run-2,0,base64ct-1.8.3,decode,standard,unpadded,3,4,1398101,24792830,161.336929,external,avx512-vbmi,avx512-vbmi,x86_64,linux,0
1,commit-3-amd-9950x3d,run-2,1,base64ct-1.8.3,decode,standard,unpadded,3,4,1398101,24773534,161.462593,external,avx512-vbmi,avx512-vbmi,x86_64,linux,0
1,commit-3-amd-9950x3d,run-2,2,base64ct-1.8.3,decode,standard,unpadded,3,4,1398101,24731895,161.734434,external,avx512-vbmi,avx512-vbmi,x86_64,linux,0
1,commit-3-amd-9950x3d,run-2,3,base64ct-1.8.3,decode,standard,unpadded,3,4,1398101,24737295,161.699129,external,avx512-vbmi,avx512-vbmi,x86_64,linux,0
1,commit-3-amd-9950x3d,run-2,4,base64ct-1.8.3,decode,standard,unpadded,3,4,1398101,24757744,161.565571,external,avx512-vbmi,avx512-vbmi,x86_64,linux,0
1,commit-3-amd-9950x3d,run-2,0,base64-ng,encode,standard,unpadded,11,15,381300,12784536,312.877697,auto,avx512-vbmi,avx512-vbmi,x86_64,linux,0
1,commit-3-amd-9950x3d,run-2,1,base64-ng,encode,standard,unpadded,11,15,381300,12692442,315.147880,auto,avx512-vbmi,avx512-vbmi,x86_64,linux,0
1,commit-3-amd-9950x3d,run-2,2,base64-ng,encode,standard,unpadded,11,15,381300,12671263,315.674624,auto,avx512-vbmi,avx512-vbmi,x86_64,linux,0
1,commit-3-amd-9950x3d,run-2,3,base64-ng,encode,standard,unpadded,11,15,381300,12672615,315.640946,auto,avx512-vbmi,avx512-vbmi,x86_64,linux,0
1,commit-3-amd-9950x3d,run-2,4,base64-ng,encode,standard,unpadded,11,15,381300,12653880,316.108276,auto,avx512-vbmi,avx512-vbmi,x86_64,linux,0
1,commit-3-amd-9950x3d,run-2,0,base64-ng,decode,standard,unpadded,11,15,381300,16759969,238.663698,auto,avx512-vbmi,avx512-vbmi,x86_64,linux,0
1,commit-3-amd-9950x3d,run-2,1,base64-ng,decode,standard,unpadded,11,15,381300,16745713,238.866878,auto,avx512-vbmi,avx512-vbmi,x86_64,linux,0
1,commit-3-amd-9950x3d,run-2,2,base64-ng,decode,standard,unpadded,11,15,381300,16747546,238.840734,auto,avx512-vbmi,avx512-vbmi,x86_64,linux,0
1,commit-3-amd-9950x3d,run-2,3,base64-ng,decode,standard,unpadded,11,15,381300,16750582,238.797445,auto,avx512-vbmi,avx512-vbmi,x86_64,linux,0
1,commit-3-amd-9950x3d,run-2,4,base64-ng,decode,standard,unpadded,11,15,381300,16751122,238.789747,auto,avx512-vbmi,avx512-vbmi,x86_64,linux,0
1,commit-3-amd-9950x3d,run-2,0,base64-ng,encode,standard,unpadded,11,15,381300,12800977,312.475851,scalar,avx512-vbmi,avx512-vbmi,x86_64,linux,0
1,commit-3-amd-9950x3d,run-2,1,base64-ng,encode,standard,unpadded,11,15,381300,12685008,315.332571,scalar,avx512-vbmi,avx512-vbmi,x86_64,linux,0
1,commit-3-amd-9950x3d,run-2,2,base64-ng,encode,standard,unpadded,11,15,381300,12608956,317.234526,scalar,avx512-vbmi,avx512-vbmi,x86_64,linux,0
1,commit-3-amd-9950x3d,run-2,3,base64-ng,encode,standard,unpadded,11,15,381300,12588306,317.754922,scalar,avx512-vbmi,avx512-vbmi,x86_64,linux,0
1,commit-3-amd-9950x3d,run-2,4,base64-ng,encode,standard,unpadded,11,15,381300,12529455,319.247420,scalar,avx512-vbmi,avx512-vbmi,x86_64,linux,0
1,commit-3-amd-9950x3d,run-2,0,base64-ng,decode,standard,unpadded,11,15,381300,15086439,265.138525,scalar,avx512-vbmi,avx512-vbmi,x86_64,linux,0
1,commit-3-amd-9950x3d,run-2,1,base64-ng,decode,standard,unpadded,11,15,381300,15114712,264.642567,scalar,avx512-vbmi,avx512-vbmi,x86_64,linux,0
1,commit-3-amd-9950x3d,run-2,2,base64-ng,decode,standard,unpadded,11,15,381300,15300522,261.428740,scalar,avx512-vbmi,avx512-vbmi,x86_64,linux,0
1,commit-3-amd-9950x3d,run-2,3,base64-ng,decode,standard,unpadded,11,15,381300,15334847,260.843567,scalar,avx512-vbmi,avx512-vbmi,x86_64,linux,0
1,commit-3-amd-9950x3d,run-2,4,base64-ng,decode,standard,unpadded,11,15,381300,15244616,262.387468,scalar,avx512-vbmi,avx512-vbmi,x86_64,linux,0
1,commit-3-amd-9950x3d,run-2,0,base64-ng,encode,standard,unpadded,11,15,381300,13440060,297.617435,ssse3-sse4.1,avx512-vbmi,avx512-vbmi,x86_64,linux,0
1,commit-3-amd-9950x3d,run-2,1,base64-ng,encode,standard,unpadded,11,15,381300,13389996,298.730200,ssse3-sse4.1,avx512-vbmi,avx512-vbmi,x86_64,linux,0
1,commit-3-amd-9950x3d,run-2,2,base64-ng,encode,standard,unpadded,11,15,381300,13491677,296.478798,ssse3-sse4.1,avx512-vbmi,avx512-vbmi,x86_64,linux,0
1,commit-3-amd-9950x3d,run-2,3,base64-ng,encode,standard,unpadded,11,15,381300,13483853,296.650830,ssse3-sse4.1,avx512-vbmi,avx512-vbmi,x86_64,linux,0
1,commit-3-amd-9950x3d,run-2,4,base64-ng,encode,standard,unpadded,11,15,381300,13477700,296.786261,ssse3-sse4.1,avx512-vbmi,avx512-vbmi,x86_64,linux,0
1,commit-3-amd-9950x3d,run-2,0,base64-ng,decode,standard,unpadded,11,15,381300,16066343,248.967434,ssse3-sse4.1,avx512-vbmi,avx512-vbmi,x86_64,linux,0
1,commit-3-amd-9950x3d,run-2,1,base64-ng,decode,standard,unpadded,11,15,381300,16042338,249.339977,ssse3-sse4.1,avx512-vbmi,avx512-vbmi,x86_64,linux,0
1,commit-3-amd-9950x3d,run-2,2,base64-ng,decode,standard,unpadded,11,15,381300,16047197,249.264478,ssse3-sse4.1,avx512-vbmi,avx512-vbmi,x86_64,linux,0
1,commit-3-amd-9950x3d,run-2,3,base64-ng,decode,standard,unpadded,11,15,381300,16029844,249.534318,ssse3-sse4.1,avx512-vbmi,avx512-vbmi,x86_64,linux,0
1,commit-3-amd-9950x3d,run-2,4,base64-ng,decode,standard,unpadded,11,15,381300,16112570,248.253146,ssse3-sse4.1,avx512-vbmi,avx512-vbmi,x86_64,linux,0
1,commit-3-amd-9950x3d,run-2,0,base64-ng,encode,standard,unpadded,11,15,381300,13410704,298.268919,avx2,avx512-vbmi,avx512-vbmi,x86_64,linux,0
1,commit-3-amd-9950x3d,run-2,1,base64-ng,encode,standard,unpadded,11,15,381300,13434800,297.733958,avx2,avx512-vbmi,avx512-vbmi,x86_64,linux,0
1,commit-3-amd-9950x3d,run-2,2,base64-ng,encode,standard,unpadded,11,15,381300,13490595,296.502577,avx2,avx512-vbmi,avx512-vbmi,x86_64,linux,0
1,commit-3-amd-9950x3d,run-2,3,base64-ng,encode,standard,unpadded,11,15,381300,13520190,295.853548,avx2,avx512-vbmi,avx512-vbmi,x86_64,linux,0
1,commit-3-amd-9950x3d,run-2,4,base64-ng,encode,standard,unpadded,11,15,381300,13510322,296.069641,avx2,avx512-vbmi,avx512-vbmi,x86_64,linux,0
1,commit-3-amd-9950x3d,run-2,0,base64-ng,decode,standard,unpadded,11,15,381300,16301746,245.372256,avx2,avx512-vbmi,avx512-vbmi,x86_64,linux,0
1,commit-3-amd-9950x3d,run-2,1,base64-ng,decode,standard,unpadded,11,15,381300,16302708,245.357776,avx2,avx512-vbmi,avx512-vbmi,x86_64,linux,0
1,commit-3-amd-9950x3d,run-2,2,base64-ng,decode,standard,unpadded,11,15,381300,16233117,246.409620,avx2,avx512-vbmi,avx512-vbmi,x86_64,linux,0
1,commit-3-amd-9950x3d,run-2,3,base64-ng,decode,standard,unpadded,11,15,381300,16268614,245.871971,avx2,avx512-vbmi,avx512-vbmi,x86_64,linux,0
1,commit-3-amd-9950x3d,run-2,4,base64-ng,decode,standard,unpadded,11,15,381300,16350508,244.640484,avx2,avx512-vbmi,avx512-vbmi,x86_64,linux,0
1,commit-3-amd-9950x3d,run-2,0,base64-ng,encode,standard,unpadded,11,15,381300,13727100,291.394117,avx512-vbmi,avx512-vbmi,avx512-vbmi,x86_64,linux,0
1,commit-3-amd-9950x3d,run-2,1,base64-ng,encode,standard,unpadded,11,15,381300,13639124,293.273687,avx512-vbmi,avx512-vbmi,avx512-vbmi,x86_64,linux,0
1,commit-3-amd-9950x3d,run-2,2,base64-ng,encode,standard,unpadded,11,15,381300,13649033,293.060775,avx512-vbmi,avx512-vbmi,avx512-vbmi,x86_64,linux,0
1,commit-3-amd-9950x3d,run-2,3,base64-ng,encode,standard,unpadded,11,15,381300,13683889,292.314282,avx512-vbmi,avx512-vbmi,avx512-vbmi,x86_64,linux,0
1,commit-3-amd-9950x3d,run-2,4,base64-ng,encode,standard,unpadded,11,15,381300,13699538,291.980371,avx512-vbmi,avx512-vbmi,avx512-vbmi,x86_64,linux,0
1,commit-3-amd-9950x3d,run-2,0,base64-ng,decode,standard,unpadded,11,15,381300,16792340,238.203621,avx512-vbmi,avx512-vbmi,avx512-vbmi,x86_64,linux,0
1,commit-3-amd-9950x3d,run-2,1,base64-ng,decode,standard,unpadded,11,15,381300,17050075,234.602850,avx512-vbmi,avx512-vbmi,avx512-vbmi,x86_64,linux,0
1,commit-3-amd-9950x3d,run-2,2,base64-ng,decode,standard,unpadded,11,15,381300,16962881,235.808775,avx512-vbmi,avx512-vbmi,avx512-vbmi,x86_64,linux,0
1,commit-3-amd-9950x3d,run-2,3,base64-ng,decode,standard,unpadded,11,15,381300,16911735,236.521929,avx512-vbmi,avx512-vbmi,avx512-vbmi,x86_64,linux,0
1,commit-3-amd-9950x3d,run-2,4,base64-ng,decode,standard,unpadded,11,15,381300,16840701,237.519577,avx512-vbmi,avx512-vbmi,avx512-vbmi,x86_64,linux,0
1,commit-3-amd-9950x3d,run-2,0,base64-0.23.0,encode,standard,unpadded,11,15,381300,3610917,1107.750797,external,avx512-vbmi,avx512-vbmi,x86_64,linux,0
1,commit-3-amd-9950x3d,run-2,1,base64-0.23.0,encode,standard,unpadded,11,15,381300,3658788,1093.257162,external,avx512-vbmi,avx512-vbmi,x86_64,linux,0
1,commit-3-amd-9950x3d,run-2,2,base64-0.23.0,encode,standard,unpadded,11,15,381300,3661612,1092.413993,external,avx512-vbmi,avx512-vbmi,x86_64,linux,0
1,commit-3-amd-9950x3d,run-2,3,base64-0.23.0,encode,standard,unpadded,11,15,381300,3658236,1093.422126,external,avx512-vbmi,avx512-vbmi,x86_64,linux,0
1,commit-3-amd-9950x3d,run-2,4,base64-0.23.0,encode,standard,unpadded,11,15,381300,3689656,1084.110872,external,avx512-vbmi,avx512-vbmi,x86_64,linux,0
1,commit-3-amd-9950x3d,run-2,0,base64-0.23.0,decode,standard,unpadded,11,15,381300,5796702,690.046890,external,avx512-vbmi,avx512-vbmi,x86_64,linux,0
1,commit-3-amd-9950x3d,run-2,1,base64-0.23.0,decode,standard,unpadded,11,15,381300,5780671,691.960533,external,avx512-vbmi,avx512-vbmi,x86_64,linux,0
1,commit-3-amd-9950x3d,run-2,2,base64-0.23.0,decode,standard,unpadded,11,15,381300,5750134,695.635299,external,avx512-vbmi,avx512-vbmi,x86_64,linux,0
1,commit-3-amd-9950x3d,run-2,3,base64-0.23.0,decode,standard,unpadded,11,15,381300,5763680,694.000393,external,avx512-vbmi,avx512-vbmi,x86_64,linux,0
1,commit-3-amd-9950x3d,run-2,4,base64-0.23.0,decode,standard,unpadded,11,15,381300,5758159,694.665810,external,avx512-vbmi,avx512-vbmi,x86_64,linux,0
1,commit-3-amd-9950x3d,run-2,0,base64ct-1.8.3,encode,standard,unpadded,11,15,381300,3778252,1058.689623,external,avx512-vbmi,avx512-vbmi,x86_64,linux,0
1,commit-3-amd-9950x3d,run-2,1,base64ct-1.8.3,encode,standard,unpadded,11,15,381300,3793020,1054.567649,external,avx512-vbmi,avx512-vbmi,x86_64,linux,0
1,commit-3-amd-9950x3d,run-2,2,base64ct-1.8.3,encode,standard,unpadded,11,15,381300,3783943,1057.097368,external,avx512-vbmi,avx512-vbmi,x86_64,linux,0
1,commit-3-amd-9950x3d,run-2,3,base64ct-1.8.3,encode,standard,unpadded,11,15,381300,3781689,1057.727430,external,avx512-vbmi,avx512-vbmi,x86_64,linux,0
1,commit-3-amd-9950x3d,run-2,4,base64ct-1.8.3,encode,standard,unpadded,11,15,381300,3790385,1055.300764,external,avx512-vbmi,avx512-vbmi,x86_64,linux,0
1,commit-3-amd-9950x3d,run-2,0,base64ct-1.8.3,decode,standard,unpadded,11,15,381300,13573190,294.698312,external,avx512-vbmi,avx512-vbmi,x86_64,linux,0
1,commit-3-amd-9950x3d,run-2,1,base64ct-1.8.3,decode,standard,unpadded,11,15,381300,13704277,291.879403,external,avx512-vbmi,avx512-vbmi,x86_64,linux,0
1,commit-3-amd-9950x3d,run-2,2,base64ct-1.8.3,decode,standard,unpadded,11,15,381300,13684430,292.302725,external,avx512-vbmi,avx512-vbmi,x86_64,linux,0
1,commit-3-amd-9950x3d,run-2,3,base64ct-1.8.3,decode,standard,unpadded,11,15,381300,13780220,290.270851,external,avx512-vbmi,avx512-vbmi,x86_64,linux,0
1,commit-3-amd-9950x3d,run-2,4,base64ct-1.8.3,decode,standard,unpadded,11,15,381300,13776523,290.348747,external,avx512-vbmi,avx512-vbmi,x86_64,linux,0
1,commit-3-amd-9950x3d,run-2,0,base64-ng,encode,standard,unpadded,12,16,349525,13089791,305.581364,auto,avx512-vbmi,avx512-vbmi,x86_64,linux,0
1,commit-3-amd-9950x3d,run-2,1,base64-ng,encode,standard,unpadded,12,16,349525,13104919,305.228608,auto,avx512-vbmi,avx512-vbmi,x86_64,linux,0
1,commit-3-amd-9950x3d,run-2,2,base64-ng,encode,standard,unpadded,12,16,349525,13109918,305.112220,auto,avx512-vbmi,avx512-vbmi,x86_64,linux,0
1,commit-3-amd-9950x3d,run-2,3,base64-ng,encode,standard,unpadded,12,16,349525,13146407,304.265354,auto,avx512-vbmi,avx512-vbmi,x86_64,linux,0
1,commit-3-amd-9950x3d,run-2,4,base64-ng,encode,standard,unpadded,12,16,349525,13290568,300.965029,auto,avx512-vbmi,avx512-vbmi,x86_64,linux,0
1,commit-3-amd-9950x3d,run-2,0,base64-ng,decode,standard,unpadded,12,16,349525,59061798,67.725608,auto,avx512-vbmi,avx512-vbmi,x86_64,linux,0
1,commit-3-amd-9950x3d,run-2,1,base64-ng,decode,standard,unpadded,12,16,349525,59105059,67.676037,auto,avx512-vbmi,avx512-vbmi,x86_64,linux,0
1,commit-3-amd-9950x3d,run-2,2,base64-ng,decode,standard,unpadded,12,16,349525,58809273,68.016420,auto,avx512-vbmi,avx512-vbmi,x86_64,linux,0
1,commit-3-amd-9950x3d,run-2,3,base64-ng,decode,standard,unpadded,12,16,349525,57845799,69.149294,auto,avx512-vbmi,avx512-vbmi,x86_64,linux,0
1,commit-3-amd-9950x3d,run-2,4,base64-ng,decode,standard,unpadded,12,16,349525,57796527,69.208245,auto,avx512-vbmi,avx512-vbmi,x86_64,linux,0
1,commit-3-amd-9950x3d,run-2,0,base64-ng,encode,standard,unpadded,12,16,349525,12463130,320.946358,scalar,avx512-vbmi,avx512-vbmi,x86_64,linux,0
1,commit-3-amd-9950x3d,run-2,1,base64-ng,encode,standard,unpadded,12,16,349525,12481545,320.472841,scalar,avx512-vbmi,avx512-vbmi,x86_64,linux,0
1,commit-3-amd-9950x3d,run-2,2,base64-ng,encode,standard,unpadded,12,16,349525,12510310,319.735977,scalar,avx512-vbmi,avx512-vbmi,x86_64,linux,0
1,commit-3-amd-9950x3d,run-2,3,base64-ng,encode,standard,unpadded,12,16,349525,12541819,318.932699,scalar,avx512-vbmi,avx512-vbmi,x86_64,linux,0
1,commit-3-amd-9950x3d,run-2,4,base64-ng,encode,standard,unpadded,12,16,349525,12478350,320.554896,scalar,avx512-vbmi,avx512-vbmi,x86_64,linux,0
1,commit-3-amd-9950x3d,run-2,0,base64-ng,decode,standard,unpadded,12,16,349525,14891862,268.602824,scalar,avx512-vbmi,avx512-vbmi,x86_64,linux,0
1,commit-3-amd-9950x3d,run-2,1,base64-ng,decode,standard,unpadded,12,16,349525,14874801,268.910904,scalar,avx512-vbmi,avx512-vbmi,x86_64,linux,0
1,commit-3-amd-9950x3d,run-2,2,base64-ng,decode,standard,unpadded,12,16,349525,14878216,268.849181,scalar,avx512-vbmi,avx512-vbmi,x86_64,linux,0
1,commit-3-amd-9950x3d,run-2,3,base64-ng,decode,standard,unpadded,12,16,349525,14880611,268.805910,scalar,avx512-vbmi,avx512-vbmi,x86_64,linux,0
1,commit-3-amd-9950x3d,run-2,4,base64-ng,decode,standard,unpadded,12,16,349525,14880030,268.816406,scalar,avx512-vbmi,avx512-vbmi,x86_64,linux,0
1,commit-3-amd-9950x3d,run-2,0,base64-ng,encode,standard,unpadded,12,16,349525,19327132,206.962739,ssse3-sse4.1,avx512-vbmi,avx512-vbmi,x86_64,linux,0
1,commit-3-amd-9950x3d,run-2,1,base64-ng,encode,standard,unpadded,12,16,349525,19070869,209.743782,ssse3-sse4.1,avx512-vbmi,avx512-vbmi,x86_64,linux,0
1,commit-3-amd-9950x3d,run-2,2,base64-ng,encode,standard,unpadded,12,16,349525,19127225,209.125798,ssse3-sse4.1,avx512-vbmi,avx512-vbmi,x86_64,linux,0
1,commit-3-amd-9950x3d,run-2,3,base64-ng,encode,standard,unpadded,12,16,349525,19079375,209.650273,ssse3-sse4.1,avx512-vbmi,avx512-vbmi,x86_64,linux,0
1,commit-3-amd-9950x3d,run-2,4,base64-ng,encode,standard,unpadded,12,16,349525,19072192,209.729232,ssse3-sse4.1,avx512-vbmi,avx512-vbmi,x86_64,linux,0
1,commit-3-amd-9950x3d,run-2,0,base64-ng,decode,standard,unpadded,12,16,349525,57433864,69.645256,ssse3-sse4.1,avx512-vbmi,avx512-vbmi,x86_64,linux,0
1,commit-3-amd-9950x3d,run-2,1,base64-ng,decode,standard,unpadded,12,16,349525,57457388,69.616743,ssse3-sse4.1,avx512-vbmi,avx512-vbmi,x86_64,linux,0
1,commit-3-amd-9950x3d,run-2,2,base64-ng,decode,standard,unpadded,12,16,349525,56977895,70.202597,ssse3-sse4.1,avx512-vbmi,avx512-vbmi,x86_64,linux,0
1,commit-3-amd-9950x3d,run-2,3,base64-ng,decode,standard,unpadded,12,16,349525,56490087,70.808816,ssse3-sse4.1,avx512-vbmi,avx512-vbmi,x86_64,linux,0
1,commit-3-amd-9950x3d,run-2,4,base64-ng,decode,standard,unpadded,12,16,349525,56342218,70.994652,ssse3-sse4.1,avx512-vbmi,avx512-vbmi,x86_64,linux,0
1,commit-3-amd-9950x3d,run-2,0,base64-ng,encode,standard,unpadded,12,16,349525,12890374,310.308777,avx2,avx512-vbmi,avx512-vbmi,x86_64,linux,0
1,commit-3-amd-9950x3d,run-2,1,base64-ng,encode,standard,unpadded,12,16,349525,12904331,309.973154,avx2,avx512-vbmi,avx512-vbmi,x86_64,linux,0
1,commit-3-amd-9950x3d,run-2,2,base64-ng,encode,standard,unpadded,12,16,349525,12894894,310.200005,avx2,avx512-vbmi,avx512-vbmi,x86_64,linux,0
1,commit-3-amd-9950x3d,run-2,3,base64-ng,encode,standard,unpadded,12,16,349525,12898661,310.109413,avx2,avx512-vbmi,avx512-vbmi,x86_64,linux,0
1,commit-3-amd-9950x3d,run-2,4,base64-ng,encode,standard,unpadded,12,16,349525,12912757,309.770887,avx2,avx512-vbmi,avx512-vbmi,x86_64,linux,0
1,commit-3-amd-9950x3d,run-2,0,base64-ng,decode,standard,unpadded,12,16,349525,57785356,69.221624,avx2,avx512-vbmi,avx512-vbmi,x86_64,linux,0
1,commit-3-amd-9950x3d,run-2,1,base64-ng,decode,standard,unpadded,12,16,349525,57403387,69.682233,avx2,avx512-vbmi,avx512-vbmi,x86_64,linux,0
1,commit-3-amd-9950x3d,run-2,2,base64-ng,decode,standard,unpadded,12,16,349525,56638586,70.623165,avx2,avx512-vbmi,avx512-vbmi,x86_64,linux,0
1,commit-3-amd-9950x3d,run-2,3,base64-ng,decode,standard,unpadded,12,16,349525,56786255,70.439514,avx2,avx512-vbmi,avx512-vbmi,x86_64,linux,0
1,commit-3-amd-9950x3d,run-2,4,base64-ng,decode,standard,unpadded,12,16,349525,56908324,70.288420,avx2,avx512-vbmi,avx512-vbmi,x86_64,linux,0
1,commit-3-amd-9950x3d,run-2,0,base64-ng,encode,standard,unpadded,12,16,349525,13121390,304.845461,avx512-vbmi,avx512-vbmi,avx512-vbmi,x86_64,linux,0
1,commit-3-amd-9950x3d,run-2,1,base64-ng,encode,standard,unpadded,12,16,349525,13133623,304.561520,avx512-vbmi,avx512-vbmi,avx512-vbmi,x86_64,linux,0
1,commit-3-amd-9950x3d,run-2,2,base64-ng,encode,standard,unpadded,12,16,349525,13152489,304.124655,avx512-vbmi,avx512-vbmi,avx512-vbmi,x86_64,linux,0
1,commit-3-amd-9950x3d,run-2,3,base64-ng,encode,standard,unpadded,12,16,349525,13147439,304.241471,avx512-vbmi,avx512-vbmi,avx512-vbmi,x86_64,linux,0
1,commit-3-amd-9950x3d,run-2,4,base64-ng,encode,standard,unpadded,12,16,349525,13138061,304.458640,avx512-vbmi,avx512-vbmi,avx512-vbmi,x86_64,linux,0
1,commit-3-amd-9950x3d,run-2,0,base64-ng,decode,standard,unpadded,12,16,349525,57311974,69.793377,avx512-vbmi,avx512-vbmi,avx512-vbmi,x86_64,linux,0
1,commit-3-amd-9950x3d,run-2,1,base64-ng,decode,standard,unpadded,12,16,349525,57457608,69.616476,avx512-vbmi,avx512-vbmi,avx512-vbmi,x86_64,linux,0
1,commit-3-amd-9950x3d,run-2,2,base64-ng,decode,standard,unpadded,12,16,349525,57397675,69.689167,avx512-vbmi,avx512-vbmi,avx512-vbmi,x86_64,linux,0
1,commit-3-amd-9950x3d,run-2,3,base64-ng,decode,standard,unpadded,12,16,349525,57359162,69.735959,avx512-vbmi,avx512-vbmi,avx512-vbmi,x86_64,linux,0
1,commit-3-amd-9950x3d,run-2,4,base64-ng,decode,standard,unpadded,12,16,349525,57483417,69.585219,avx512-vbmi,avx512-vbmi,avx512-vbmi,x86_64,linux,0
1,commit-3-amd-9950x3d,run-2,0,base64-0.23.0,encode,standard,unpadded,12,16,349525,3221505,1241.654502,external,avx512-vbmi,avx512-vbmi,x86_64,linux,0
1,commit-3-amd-9950x3d,run-2,1,base64-0.23.0,encode,standard,unpadded,12,16,349525,3311483,1207.916871,external,avx512-vbmi,avx512-vbmi,x86_64,linux,0
1,commit-3-amd-9950x3d,run-2,2,base64-0.23.0,encode,standard,unpadded,12,16,349525,3288160,1216.484656,external,avx512-vbmi,avx512-vbmi,x86_64,linux,0
1,commit-3-amd-9950x3d,run-2,3,base64-0.23.0,encode,standard,unpadded,12,16,349525,3300513,1211.931656,external,avx512-vbmi,avx512-vbmi,x86_64,linux,0
1,commit-3-amd-9950x3d,run-2,4,base64-0.23.0,encode,standard,unpadded,12,16,349525,3288872,1216.221302,external,avx512-vbmi,avx512-vbmi,x86_64,linux,0
1,commit-3-amd-9950x3d,run-2,0,base64-0.23.0,decode,standard,unpadded,12,16,349525,5311308,753.109438,external,avx512-vbmi,avx512-vbmi,x86_64,linux,0
1,commit-3-amd-9950x3d,run-2,1,base64-0.23.0,decode,standard,unpadded,12,16,349525,5366772,745.326275,external,avx512-vbmi,avx512-vbmi,x86_64,linux,0
1,commit-3-amd-9950x3d,run-2,2,base64-0.23.0,decode,standard,unpadded,12,16,349525,5359359,746.357202,external,avx512-vbmi,avx512-vbmi,x86_64,linux,0
1,commit-3-amd-9950x3d,run-2,3,base64-0.23.0,decode,standard,unpadded,12,16,349525,5346975,748.085821,external,avx512-vbmi,avx512-vbmi,x86_64,linux,0
1,commit-3-amd-9950x3d,run-2,4,base64-0.23.0,decode,standard,unpadded,12,16,349525,5364308,745.668628,external,avx512-vbmi,avx512-vbmi,x86_64,linux,0
1,commit-3-amd-9950x3d,run-2,0,base64ct-1.8.3,encode,standard,unpadded,12,16,349525,3670620,1089.733120,external,avx512-vbmi,avx512-vbmi,x86_64,linux,0
1,commit-3-amd-9950x3d,run-2,1,base64ct-1.8.3,encode,standard,unpadded,12,16,349525,3660380,1092.781674,external,avx512-vbmi,avx512-vbmi,x86_64,linux,0
1,commit-3-amd-9950x3d,run-2,2,base64ct-1.8.3,encode,standard,unpadded,12,16,349525,3674396,1088.613254,external,avx512-vbmi,avx512-vbmi,x86_64,linux,0
1,commit-3-amd-9950x3d,run-2,3,base64ct-1.8.3,encode,standard,unpadded,12,16,349525,3666973,1090.816918,external,avx512-vbmi,avx512-vbmi,x86_64,linux,0
1,commit-3-amd-9950x3d,run-2,4,base64ct-1.8.3,encode,standard,unpadded,12,16,349525,3663616,1091.816442,external,avx512-vbmi,avx512-vbmi,x86_64,linux,0
1,commit-3-amd-9950x3d,run-2,0,base64ct-1.8.3,decode,standard,unpadded,12,16,349525,9425592,424.376123,external,avx512-vbmi,avx512-vbmi,x86_64,linux,0
1,commit-3-amd-9950x3d,run-2,1,base64ct-1.8.3,decode,standard,unpadded,12,16,349525,9421214,424.573328,external,avx512-vbmi,avx512-vbmi,x86_64,linux,0
1,commit-3-amd-9950x3d,run-2,2,base64ct-1.8.3,decode,standard,unpadded,12,16,349525,9414382,424.881440,external,avx512-vbmi,avx512-vbmi,x86_64,linux,0
1,commit-3-amd-9950x3d,run-2,3,base64ct-1.8.3,decode,standard,unpadded,12,16,349525,9410615,425.051517,external,avx512-vbmi,avx512-vbmi,x86_64,linux,0
1,commit-3-amd-9950x3d,run-2,4,base64ct-1.8.3,decode,standard,unpadded,12,16,349525,9417597,424.736394,external,avx512-vbmi,avx512-vbmi,x86_64,linux,0
1,commit-3-amd-9950x3d,run-2,0,base64-ng,encode,standard,unpadded,15,20,279620,12495191,320.122852,auto,avx512-vbmi,avx512-vbmi,x86_64,linux,0
1,commit-3-amd-9950x3d,run-2,1,base64-ng,encode,standard,unpadded,15,20,279620,12423957,321.958309,auto,avx512-vbmi,avx512-vbmi,x86_64,linux,0
1,commit-3-amd-9950x3d,run-2,2,base64-ng,encode,standard,unpadded,15,20,279620,12425530,321.917551,auto,avx512-vbmi,avx512-vbmi,x86_64,linux,0
1,commit-3-amd-9950x3d,run-2,3,base64-ng,encode,standard,unpadded,15,20,279620,12435849,321.650431,auto,avx512-vbmi,avx512-vbmi,x86_64,linux,0
1,commit-3-amd-9950x3d,run-2,4,base64-ng,encode,standard,unpadded,15,20,279620,12435017,321.671951,auto,avx512-vbmi,avx512-vbmi,x86_64,linux,0
1,commit-3-amd-9950x3d,run-2,0,base64-ng,decode,standard,unpadded,15,20,279620,49055742,81.539816,auto,avx512-vbmi,avx512-vbmi,x86_64,linux,0
1,commit-3-amd-9950x3d,run-2,1,base64-ng,decode,standard,unpadded,15,20,279620,48992704,81.644732,auto,avx512-vbmi,avx512-vbmi,x86_64,linux,0
1,commit-3-amd-9950x3d,run-2,2,base64-ng,decode,standard,unpadded,15,20,279620,49214812,81.276267,auto,avx512-vbmi,avx512-vbmi,x86_64,linux,0
1,commit-3-amd-9950x3d,run-2,3,base64-ng,decode,standard,unpadded,15,20,279620,49173033,81.345322,auto,avx512-vbmi,avx512-vbmi,x86_64,linux,0
1,commit-3-amd-9950x3d,run-2,4,base64-ng,decode,standard,unpadded,15,20,279620,49023542,81.593374,auto,avx512-vbmi,avx512-vbmi,x86_64,linux,0
1,commit-3-amd-9950x3d,run-2,0,base64-ng,encode,standard,unpadded,15,20,279620,12112801,330.228837,scalar,avx512-vbmi,avx512-vbmi,x86_64,linux,0
1,commit-3-amd-9950x3d,run-2,1,base64-ng,encode,standard,unpadded,15,20,279620,12116037,330.140638,scalar,avx512-vbmi,avx512-vbmi,x86_64,linux,0
1,commit-3-amd-9950x3d,run-2,2,base64-ng,encode,standard,unpadded,15,20,279620,12111338,330.268727,scalar,avx512-vbmi,avx512-vbmi,x86_64,linux,0
1,commit-3-amd-9950x3d,run-2,3,base64-ng,encode,standard,unpadded,15,20,279620,12127960,329.816077,scalar,avx512-vbmi,avx512-vbmi,x86_64,linux,0
1,commit-3-amd-9950x3d,run-2,4,base64-ng,encode,standard,unpadded,15,20,279620,12127539,329.827526,scalar,avx512-vbmi,avx512-vbmi,x86_64,linux,0
1,commit-3-amd-9950x3d,run-2,0,base64-ng,decode,standard,unpadded,15,20,279620,14541363,275.077115,scalar,avx512-vbmi,avx512-vbmi,x86_64,linux,0
1,commit-3-amd-9950x3d,run-2,1,base64-ng,decode,standard,unpadded,15,20,279620,14524912,275.388669,scalar,avx512-vbmi,avx512-vbmi,x86_64,linux,0
1,commit-3-amd-9950x3d,run-2,2,base64-ng,decode,standard,unpadded,15,20,279620,14543877,275.029566,scalar,avx512-vbmi,avx512-vbmi,x86_64,linux,0
1,commit-3-amd-9950x3d,run-2,3,base64-ng,decode,standard,unpadded,15,20,279620,14542876,275.048497,scalar,avx512-vbmi,avx512-vbmi,x86_64,linux,0
1,commit-3-amd-9950x3d,run-2,4,base64-ng,decode,standard,unpadded,15,20,279620,14543797,275.031079,scalar,avx512-vbmi,avx512-vbmi,x86_64,linux,0
1,commit-3-amd-9950x3d,run-2,0,base64-ng,encode,standard,unpadded,15,20,279620,17231086,232.138368,ssse3-sse4.1,avx512-vbmi,avx512-vbmi,x86_64,linux,0
1,commit-3-amd-9950x3d,run-2,1,base64-ng,encode,standard,unpadded,15,20,279620,17143451,233.325028,ssse3-sse4.1,avx512-vbmi,avx512-vbmi,x86_64,linux,0
1,commit-3-amd-9950x3d,run-2,2,base64-ng,encode,standard,unpadded,15,20,279620,17212922,232.383333,ssse3-sse4.1,avx512-vbmi,avx512-vbmi,x86_64,linux,0
1,commit-3-amd-9950x3d,run-2,3,base64-ng,encode,standard,unpadded,15,20,279620,17192373,232.661087,ssse3-sse4.1,avx512-vbmi,avx512-vbmi,x86_64,linux,0
1,commit-3-amd-9950x3d,run-2,4,base64-ng,encode,standard,unpadded,15,20,279620,17221488,232.267745,ssse3-sse4.1,avx512-vbmi,avx512-vbmi,x86_64,linux,0
1,commit-3-amd-9950x3d,run-2,0,base64-ng,decode,standard,unpadded,15,20,279620,48440064,82.576195,ssse3-sse4.1,avx512-vbmi,avx512-vbmi,x86_64,linux,0
1,commit-3-amd-9950x3d,run-2,1,base64-ng,decode,standard,unpadded,15,20,279620,48441887,82.573088,ssse3-sse4.1,avx512-vbmi,avx512-vbmi,x86_64,linux,0
1,commit-3-amd-9950x3d,run-2,2,base64-ng,decode,standard,unpadded,15,20,279620,48518121,82.443345,ssse3-sse4.1,avx512-vbmi,avx512-vbmi,x86_64,linux,0
1,commit-3-amd-9950x3d,run-2,3,base64-ng,decode,standard,unpadded,15,20,279620,48654306,82.212583,ssse3-sse4.1,avx512-vbmi,avx512-vbmi,x86_64,linux,0
1,commit-3-amd-9950x3d,run-2,4,base64-ng,decode,standard,unpadded,15,20,279620,48411430,82.625037,ssse3-sse4.1,avx512-vbmi,avx512-vbmi,x86_64,linux,0
1,commit-3-amd-9950x3d,run-2,0,base64-ng,encode,standard,unpadded,15,20,279620,12468932,320.797017,avx2,avx512-vbmi,avx512-vbmi,x86_64,linux,0
1,commit-3-amd-9950x3d,run-2,1,base64-ng,encode,standard,unpadded,15,20,279620,12472699,320.700130,avx2,avx512-vbmi,avx512-vbmi,x86_64,linux,0
1,commit-3-amd-9950x3d,run-2,2,base64-ng,encode,standard,unpadded,15,20,279620,12478199,320.558775,avx2,avx512-vbmi,avx512-vbmi,x86_64,linux,0
1,commit-3-amd-9950x3d,run-2,3,base64-ng,encode,standard,unpadded,15,20,279620,12480223,320.506788,avx2,avx512-vbmi,avx512-vbmi,x86_64,linux,0
1,commit-3-amd-9950x3d,run-2,4,base64-ng,encode,standard,unpadded,15,20,279620,12475394,320.630850,avx2,avx512-vbmi,avx512-vbmi,x86_64,linux,0
1,commit-3-amd-9950x3d,run-2,0,base64-ng,decode,standard,unpadded,15,20,279620,48513913,82.450496,avx2,avx512-vbmi,avx512-vbmi,x86_64,linux,0
1,commit-3-amd-9950x3d,run-2,1,base64-ng,decode,standard,unpadded,15,20,279620,48621755,82.267622,avx2,avx512-vbmi,avx512-vbmi,x86_64,linux,0
1,commit-3-amd-9950x3d,run-2,2,base64-ng,decode,standard,unpadded,15,20,279620,48527108,82.428077,avx2,avx512-vbmi,avx512-vbmi,x86_64,linux,0
1,commit-3-amd-9950x3d,run-2,3,base64-ng,decode,standard,unpadded,15,20,279620,48701416,82.133057,avx2,avx512-vbmi,avx512-vbmi,x86_64,linux,0
1,commit-3-amd-9950x3d,run-2,4,base64-ng,decode,standard,unpadded,15,20,279620,48651903,82.216644,avx2,avx512-vbmi,avx512-vbmi,x86_64,linux,0
1,commit-3-amd-9950x3d,run-2,0,base64-ng,encode,standard,unpadded,15,20,279620,12671012,315.680877,avx512-vbmi,avx512-vbmi,avx512-vbmi,x86_64,linux,0
1,commit-3-amd-9950x3d,run-2,1,base64-ng,encode,standard,unpadded,15,20,279620,12683345,315.373916,avx512-vbmi,avx512-vbmi,avx512-vbmi,x86_64,linux,0
1,commit-3-amd-9950x3d,run-2,2,base64-ng,encode,standard,unpadded,15,20,279620,12658999,315.980449,avx512-vbmi,avx512-vbmi,avx512-vbmi,x86_64,linux,0
1,commit-3-amd-9950x3d,run-2,3,base64-ng,encode,standard,unpadded,15,20,279620,12669880,315.709082,avx512-vbmi,avx512-vbmi,avx512-vbmi,x86_64,linux,0
1,commit-3-amd-9950x3d,run-2,4,base64-ng,encode,standard,unpadded,15,20,279620,12689747,315.214810,avx512-vbmi,avx512-vbmi,avx512-vbmi,x86_64,linux,0
1,commit-3-amd-9950x3d,run-2,0,base64-ng,decode,standard,unpadded,15,20,279620,49287979,81.155614,avx512-vbmi,avx512-vbmi,avx512-vbmi,x86_64,linux,0
1,commit-3-amd-9950x3d,run-2,1,base64-ng,decode,standard,unpadded,15,20,279620,48950284,81.715485,avx512-vbmi,avx512-vbmi,avx512-vbmi,x86_64,linux,0
1,commit-3-amd-9950x3d,run-2,2,base64-ng,decode,standard,unpadded,15,20,279620,49129442,81.417497,avx512-vbmi,avx512-vbmi,avx512-vbmi,x86_64,linux,0
1,commit-3-amd-9950x3d,run-2,3,base64-ng,decode,standard,unpadded,15,20,279620,49529103,80.760521,avx512-vbmi,avx512-vbmi,avx512-vbmi,x86_64,linux,0
1,commit-3-amd-9950x3d,run-2,4,base64-ng,decode,standard,unpadded,15,20,279620,49258274,81.204554,avx512-vbmi,avx512-vbmi,avx512-vbmi,x86_64,linux,0
1,commit-3-amd-9950x3d,run-2,0,base64-0.23.0,encode,standard,unpadded,15,20,279620,2827613,1414.619393,external,avx512-vbmi,avx512-vbmi,x86_64,linux,0
1,commit-3-amd-9950x3d,run-2,1,base64-0.23.0,encode,standard,unpadded,15,20,279620,2901011,1378.828341,external,avx512-vbmi,avx512-vbmi,x86_64,linux,0
1,commit-3-amd-9950x3d,run-2,2,base64-0.23.0,encode,standard,unpadded,15,20,279620,2882065,1387.892426,external,avx512-vbmi,avx512-vbmi,x86_64,linux,0
1,commit-3-amd-9950x3d,run-2,3,base64-0.23.0,encode,standard,unpadded,15,20,279620,2877697,1389.999081,external,avx512-vbmi,avx512-vbmi,x86_64,linux,0
1,commit-3-amd-9950x3d,run-2,4,base64-0.23.0,encode,standard,unpadded,15,20,279620,2880452,1388.669620,external,avx512-vbmi,avx512-vbmi,x86_64,linux,0
1,commit-3-amd-9950x3d,run-2,0,base64-0.23.0,decode,standard,unpadded,15,20,279620,4588177,871.805117,external,avx512-vbmi,avx512-vbmi,x86_64,linux,0
1,commit-3-amd-9950x3d,run-2,1,base64-0.23.0,decode,standard,unpadded,15,20,279620,4618013,866.172569,external,avx512-vbmi,avx512-vbmi,x86_64,linux,0
1,commit-3-amd-9950x3d,run-2,2,base64-0.23.0,decode,standard,unpadded,15,20,279620,4596092,870.303768,external,avx512-vbmi,avx512-vbmi,x86_64,linux,0
1,commit-3-amd-9950x3d,run-2,3,base64-0.23.0,decode,standard,unpadded,15,20,279620,4591303,871.211546,external,avx512-vbmi,avx512-vbmi,x86_64,linux,0
1,commit-3-amd-9950x3d,run-2,4,base64-0.23.0,decode,standard,unpadded,15,20,279620,4587746,871.887019,external,avx512-vbmi,avx512-vbmi,x86_64,linux,0
1,commit-3-amd-9950x3d,run-2,0,base64ct-1.8.3,encode,standard,unpadded,15,20,279620,3331922,1200.507150,external,avx512-vbmi,avx512-vbmi,x86_64,linux,0
1,commit-3-amd-9950x3d,run-2,1,base64ct-1.8.3,encode,standard,unpadded,15,20,279620,3282359,1218.634581,external,avx512-vbmi,avx512-vbmi,x86_64,linux,0
1,commit-3-amd-9950x3d,run-2,2,base64ct-1.8.3,encode,standard,unpadded,15,20,279620,3281026,1219.129682,external,avx512-vbmi,avx512-vbmi,x86_64,linux,0
1,commit-3-amd-9950x3d,run-2,3,base64ct-1.8.3,encode,standard,unpadded,15,20,279620,3285525,1217.460280,external,avx512-vbmi,avx512-vbmi,x86_64,linux,0
1,commit-3-amd-9950x3d,run-2,4,base64ct-1.8.3,encode,standard,unpadded,15,20,279620,3285775,1217.367649,external,avx512-vbmi,avx512-vbmi,x86_64,linux,0
1,commit-3-amd-9950x3d,run-2,0,base64ct-1.8.3,decode,standard,unpadded,15,20,279620,8423316,474.871913,external,avx512-vbmi,avx512-vbmi,x86_64,linux,0
1,commit-3-amd-9950x3d,run-2,1,base64ct-1.8.3,decode,standard,unpadded,15,20,279620,8425430,474.752765,external,avx512-vbmi,avx512-vbmi,x86_64,linux,0
1,commit-3-amd-9950x3d,run-2,2,base64ct-1.8.3,decode,standard,unpadded,15,20,279620,8444135,473.701117,external,avx512-vbmi,avx512-vbmi,x86_64,linux,0
1,commit-3-amd-9950x3d,run-2,3,base64ct-1.8.3,decode,standard,unpadded,15,20,279620,8417014,475.227460,external,avx512-vbmi,avx512-vbmi,x86_64,linux,0
1,commit-3-amd-9950x3d,run-2,4,base64ct-1.8.3,decode,standard,unpadded,15,20,279620,8418588,475.138608,external,avx512-vbmi,avx512-vbmi,x86_64,linux,0
1,commit-3-amd-9950x3d,run-2,0,base64-ng,encode,standard,unpadded,16,22,262144,12411523,322.281158,auto,avx512-vbmi,avx512-vbmi,x86_64,linux,0
1,commit-3-amd-9950x3d,run-2,1,base64-ng,encode,standard,unpadded,16,22,262144,12415712,322.172422,auto,avx512-vbmi,avx512-vbmi,x86_64,linux,0
1,commit-3-amd-9950x3d,run-2,2,base64-ng,encode,standard,unpadded,16,22,262144,12399561,322.592066,auto,avx512-vbmi,avx512-vbmi,x86_64,linux,0
1,commit-3-amd-9950x3d,run-2,3,base64-ng,encode,standard,unpadded,16,22,262144,12389933,322.842747,auto,avx512-vbmi,avx512-vbmi,x86_64,linux,0
1,commit-3-amd-9950x3d,run-2,4,base64-ng,encode,standard,unpadded,16,22,262144,12436310,321.638814,auto,avx512-vbmi,avx512-vbmi,x86_64,linux,0
1,commit-3-amd-9950x3d,run-2,0,base64-ng,decode,standard,unpadded,16,22,262144,47911549,83.487178,auto,avx512-vbmi,avx512-vbmi,x86_64,linux,0
1,commit-3-amd-9950x3d,run-2,1,base64-ng,decode,standard,unpadded,16,22,262144,47684191,83.885244,auto,avx512-vbmi,avx512-vbmi,x86_64,linux,0
1,commit-3-amd-9950x3d,run-2,2,base64-ng,decode,standard,unpadded,16,22,262144,47768980,83.736349,auto,avx512-vbmi,avx512-vbmi,x86_64,linux,0
1,commit-3-amd-9950x3d,run-2,3,base64-ng,decode,standard,unpadded,16,22,262144,48038228,83.267018,auto,avx512-vbmi,avx512-vbmi,x86_64,linux,0
1,commit-3-amd-9950x3d,run-2,4,base64-ng,decode,standard,unpadded,16,22,262144,47530431,84.156611,auto,avx512-vbmi,avx512-vbmi,x86_64,linux,0
1,commit-3-amd-9950x3d,run-2,0,base64-ng,encode,standard,unpadded,16,22,262144,12112480,330.237903,scalar,avx512-vbmi,avx512-vbmi,x86_64,linux,0
1,commit-3-amd-9950x3d,run-2,1,base64-ng,encode,standard,unpadded,16,22,262144,12128901,329.790803,scalar,avx512-vbmi,avx512-vbmi,x86_64,linux,0
1,commit-3-amd-9950x3d,run-2,2,base64-ng,encode,standard,unpadded,16,22,262144,12127138,329.838747,scalar,avx512-vbmi,avx512-vbmi,x86_64,linux,0
1,commit-3-amd-9950x3d,run-2,3,base64-ng,encode,standard,unpadded,16,22,262144,12114404,330.185455,scalar,avx512-vbmi,avx512-vbmi,x86_64,linux,0
1,commit-3-amd-9950x3d,run-2,4,base64-ng,encode,standard,unpadded,16,22,262144,12119835,330.037496,scalar,avx512-vbmi,avx512-vbmi,x86_64,linux,0
1,commit-3-amd-9950x3d,run-2,0,base64-ng,decode,standard,unpadded,16,22,262144,14757790,271.043293,scalar,avx512-vbmi,avx512-vbmi,x86_64,linux,0
1,commit-3-amd-9950x3d,run-2,1,base64-ng,decode,standard,unpadded,16,22,262144,14772988,270.764452,scalar,avx512-vbmi,avx512-vbmi,x86_64,linux,0
1,commit-3-amd-9950x3d,run-2,2,base64-ng,decode,standard,unpadded,16,22,262144,14763150,270.944886,scalar,avx512-vbmi,avx512-vbmi,x86_64,linux,0
1,commit-3-amd-9950x3d,run-2,3,base64-ng,decode,standard,unpadded,16,22,262144,14777968,270.673208,scalar,avx512-vbmi,avx512-vbmi,x86_64,linux,0
1,commit-3-amd-9950x3d,run-2,4,base64-ng,decode,standard,unpadded,16,22,262144,14760616,270.991400,scalar,avx512-vbmi,avx512-vbmi,x86_64,linux,0
1,commit-3-amd-9950x3d,run-2,0,base64-ng,encode,standard,unpadded,16,22,262144,16676342,239.860756,ssse3-sse4.1,avx512-vbmi,avx512-vbmi,x86_64,linux,0
1,commit-3-amd-9950x3d,run-2,1,base64-ng,encode,standard,unpadded,16,22,262144,16763045,238.620131,ssse3-sse4.1,avx512-vbmi,avx512-vbmi,x86_64,linux,0
1,commit-3-amd-9950x3d,run-2,2,base64-ng,encode,standard,unpadded,16,22,262144,16705857,239.436983,ssse3-sse4.1,avx512-vbmi,avx512-vbmi,x86_64,linux,0
1,commit-3-amd-9950x3d,run-2,3,base64-ng,encode,standard,unpadded,16,22,262144,16686781,239.710703,ssse3-sse4.1,avx512-vbmi,avx512-vbmi,x86_64,linux,0
1,commit-3-amd-9950x3d,run-2,4,base64-ng,encode,standard,unpadded,16,22,262144,16839218,237.540722,ssse3-sse4.1,avx512-vbmi,avx512-vbmi,x86_64,linux,0
1,commit-3-amd-9950x3d,run-2,0,base64-ng,decode,standard,unpadded,16,22,262144,46880298,85.323690,ssse3-sse4.1,avx512-vbmi,avx512-vbmi,x86_64,linux,0
1,commit-3-amd-9950x3d,run-2,1,base64-ng,decode,standard,unpadded,16,22,262144,47112785,84.902644,ssse3-sse4.1,avx512-vbmi,avx512-vbmi,x86_64,linux,0
1,commit-3-amd-9950x3d,run-2,2,base64-ng,decode,standard,unpadded,16,22,262144,47128434,84.874452,ssse3-sse4.1,avx512-vbmi,avx512-vbmi,x86_64,linux,0
1,commit-3-amd-9950x3d,run-2,3,base64-ng,decode,standard,unpadded,16,22,262144,46978362,85.145583,ssse3-sse4.1,avx512-vbmi,avx512-vbmi,x86_64,linux,0
1,commit-3-amd-9950x3d,run-2,4,base64-ng,decode,standard,unpadded,16,22,262144,47083100,84.956173,ssse3-sse4.1,avx512-vbmi,avx512-vbmi,x86_64,linux,0
1,commit-3-amd-9950x3d,run-2,0,base64-ng,encode,standard,unpadded,16,22,262144,12420190,322.056265,avx2,avx512-vbmi,avx512-vbmi,x86_64,linux,0
1,commit-3-amd-9950x3d,run-2,1,base64-ng,encode,standard,unpadded,16,22,262144,12449976,321.285760,avx2,avx512-vbmi,avx512-vbmi,x86_64,linux,0
1,commit-3-amd-9950x3d,run-2,2,base64-ng,encode,standard,unpadded,16,22,262144,12410983,322.295180,avx2,avx512-vbmi,avx512-vbmi,x86_64,linux,0
1,commit-3-amd-9950x3d,run-2,3,base64-ng,encode,standard,unpadded,16,22,262144,12422504,321.996274,avx2,avx512-vbmi,avx512-vbmi,x86_64,linux,0
1,commit-3-amd-9950x3d,run-2,4,base64-ng,encode,standard,unpadded,16,22,262144,12422133,322.005891,avx2,avx512-vbmi,avx512-vbmi,x86_64,linux,0
1,commit-3-amd-9950x3d,run-2,0,base64-ng,decode,standard,unpadded,16,22,262144,47567421,84.091168,avx2,avx512-vbmi,avx512-vbmi,x86_64,linux,0
1,commit-3-amd-9950x3d,run-2,1,base64-ng,decode,standard,unpadded,16,22,262144,47117344,84.894429,avx2,avx512-vbmi,avx512-vbmi,x86_64,linux,0
1,commit-3-amd-9950x3d,run-2,2,base64-ng,decode,standard,unpadded,16,22,262144,47155555,84.825637,avx2,avx512-vbmi,avx512-vbmi,x86_64,linux,0
1,commit-3-amd-9950x3d,run-2,3,base64-ng,decode,standard,unpadded,16,22,262144,47111423,84.905098,avx2,avx512-vbmi,avx512-vbmi,x86_64,linux,0
1,commit-3-amd-9950x3d,run-2,4,base64-ng,decode,standard,unpadded,16,22,262144,46952644,85.192220,avx2,avx512-vbmi,avx512-vbmi,x86_64,linux,0
1,commit-3-amd-9950x3d,run-2,0,base64-ng,encode,standard,unpadded,16,22,262144,12591542,317.673562,avx512-vbmi,avx512-vbmi,avx512-vbmi,x86_64,linux,0
1,commit-3-amd-9950x3d,run-2,1,base64-ng,encode,standard,unpadded,16,22,262144,12595550,317.572476,avx512-vbmi,avx512-vbmi,avx512-vbmi,x86_64,linux,0
1,commit-3-amd-9950x3d,run-2,2,base64-ng,encode,standard,unpadded,16,22,262144,12580341,317.956405,avx512-vbmi,avx512-vbmi,avx512-vbmi,x86_64,linux,0
1,commit-3-amd-9950x3d,run-2,3,base64-ng,encode,standard,unpadded,16,22,262144,12584700,317.846274,avx512-vbmi,avx512-vbmi,avx512-vbmi,x86_64,linux,0
1,commit-3-amd-9950x3d,run-2,4,base64-ng,encode,standard,unpadded,16,22,262144,12575882,318.069142,avx512-vbmi,avx512-vbmi,avx512-vbmi,x86_64,linux,0
1,commit-3-amd-9950x3d,run-2,0,base64-ng,decode,standard,unpadded,16,22,262144,47468455,84.266488,avx512-vbmi,avx512-vbmi,avx512-vbmi,x86_64,linux,0
1,commit-3-amd-9950x3d,run-2,1,base64-ng,decode,standard,unpadded,16,22,262144,47426956,84.340222,avx512-vbmi,avx512-vbmi,avx512-vbmi,x86_64,linux,0
1,commit-3-amd-9950x3d,run-2,2,base64-ng,decode,standard,unpadded,16,22,262144,47307763,84.552719,avx512-vbmi,avx512-vbmi,avx512-vbmi,x86_64,linux,0
1,commit-3-amd-9950x3d,run-2,3,base64-ng,decode,standard,unpadded,16,22,262144,47382763,84.418885,avx512-vbmi,avx512-vbmi,avx512-vbmi,x86_64,linux,0
1,commit-3-amd-9950x3d,run-2,4,base64-ng,decode,standard,unpadded,16,22,262144,47334703,84.504597,avx512-vbmi,avx512-vbmi,avx512-vbmi,x86_64,linux,0
1,commit-3-amd-9950x3d,run-2,0,base64-0.23.0,encode,standard,unpadded,16,22,262144,2782548,1437.531356,external,avx512-vbmi,avx512-vbmi,x86_64,linux,0
1,commit-3-amd-9950x3d,run-2,1,base64-0.23.0,encode,standard,unpadded,16,22,262144,2872687,1392.424584,external,avx512-vbmi,avx512-vbmi,x86_64,linux,0
1,commit-3-amd-9950x3d,run-2,2,base64-0.23.0,encode,standard,unpadded,16,22,262144,2856758,1400.188605,external,avx512-vbmi,avx512-vbmi,x86_64,linux,0
1,commit-3-amd-9950x3d,run-2,3,base64-0.23.0,encode,standard,unpadded,16,22,262144,2848743,1404.128066,external,avx512-vbmi,avx512-vbmi,x86_64,linux,0
1,commit-3-amd-9950x3d,run-2,4,base64-0.23.0,encode,standard,unpadded,16,22,262144,2856637,1400.247914,external,avx512-vbmi,avx512-vbmi,x86_64,linux,0
1,commit-3-amd-9950x3d,run-2,0,base64-0.23.0,decode,standard,unpadded,16,22,262144,4207350,950.717197,external,avx512-vbmi,avx512-vbmi,x86_64,linux,0
1,commit-3-amd-9950x3d,run-2,1,base64-0.23.0,decode,standard,unpadded,16,22,262144,4218000,948.316738,external,avx512-vbmi,avx512-vbmi,x86_64,linux,0
1,commit-3-amd-9950x3d,run-2,2,base64-0.23.0,decode,standard,unpadded,16,22,262144,4193494,953.858525,external,avx512-vbmi,avx512-vbmi,x86_64,linux,0
1,commit-3-amd-9950x3d,run-2,3,base64-0.23.0,decode,standard,unpadded,16,22,262144,4185208,955.747002,external,avx512-vbmi,avx512-vbmi,x86_64,linux,0
1,commit-3-amd-9950x3d,run-2,4,base64-0.23.0,decode,standard,unpadded,16,22,262144,4206098,951.000191,external,avx512-vbmi,avx512-vbmi,x86_64,linux,0
1,commit-3-amd-9950x3d,run-2,0,base64ct-1.8.3,encode,standard,unpadded,16,22,262144,3222817,1241.150211,external,avx512-vbmi,avx512-vbmi,x86_64,linux,0
1,commit-3-amd-9950x3d,run-2,1,base64ct-1.8.3,encode,standard,unpadded,16,22,262144,3222256,1241.366297,external,avx512-vbmi,avx512-vbmi,x86_64,linux,0
1,commit-3-amd-9950x3d,run-2,2,base64ct-1.8.3,encode,standard,unpadded,16,22,262144,3242243,1233.713821,external,avx512-vbmi,avx512-vbmi,x86_64,linux,0
1,commit-3-amd-9950x3d,run-2,3,base64ct-1.8.3,encode,standard,unpadded,16,22,262144,3242544,1233.599297,external,avx512-vbmi,avx512-vbmi,x86_64,linux,0
1,commit-3-amd-9950x3d,run-2,4,base64ct-1.8.3,encode,standard,unpadded,16,22,262144,3235731,1236.196705,external,avx512-vbmi,avx512-vbmi,x86_64,linux,0
1,commit-3-amd-9950x3d,run-2,0,base64ct-1.8.3,decode,standard,unpadded,16,22,262144,10097788,396.126360,external,avx512-vbmi,avx512-vbmi,x86_64,linux,0
1,commit-3-amd-9950x3d,run-2,1,base64ct-1.8.3,decode,standard,unpadded,16,22,262144,10035200,398.596939,external,avx512-vbmi,avx512-vbmi,x86_64,linux,0
1,commit-3-amd-9950x3d,run-2,2,base64ct-1.8.3,decode,standard,unpadded,16,22,262144,10006807,399.727905,external,avx512-vbmi,avx512-vbmi,x86_64,linux,0
1,commit-3-amd-9950x3d,run-2,3,base64ct-1.8.3,decode,standard,unpadded,16,22,262144,10001998,399.920096,external,avx512-vbmi,avx512-vbmi,x86_64,linux,0
1,commit-3-amd-9950x3d,run-2,4,base64ct-1.8.3,decode,standard,unpadded,16,22,262144,9992600,400.296219,external,avx512-vbmi,avx512-vbmi,x86_64,linux,0
1,commit-3-amd-9950x3d,run-2,0,base64-ng,encode,standard,unpadded,23,31,182361,12719613,314.474902,auto,avx512-vbmi,avx512-vbmi,x86_64,linux,0
1,commit-3-amd-9950x3d,run-2,1,base64-ng,encode,standard,unpadded,23,31,182361,12704274,314.854595,auto,avx512-vbmi,avx512-vbmi,x86_64,linux,0
1,commit-3-amd-9950x3d,run-2,2,base64-ng,encode,standard,unpadded,23,31,182361,12730313,314.210581,auto,avx512-vbmi,avx512-vbmi,x86_64,linux,0
1,commit-3-amd-9950x3d,run-2,3,base64-ng,encode,standard,unpadded,23,31,182361,12715295,314.581694,auto,avx512-vbmi,avx512-vbmi,x86_64,linux,0
1,commit-3-amd-9950x3d,run-2,4,base64-ng,encode,standard,unpadded,23,31,182361,12714554,314.600028,auto,avx512-vbmi,avx512-vbmi,x86_64,linux,0
1,commit-3-amd-9950x3d,run-2,0,base64-ng,decode,standard,unpadded,23,31,182361,37711448,106.068562,auto,avx512-vbmi,avx512-vbmi,x86_64,linux,0
1,commit-3-amd-9950x3d,run-2,1,base64-ng,decode,standard,unpadded,23,31,182361,37559742,106.496979,auto,avx512-vbmi,avx512-vbmi,x86_64,linux,0
1,commit-3-amd-9950x3d,run-2,2,base64-ng,decode,standard,unpadded,23,31,182361,37563720,106.485701,auto,avx512-vbmi,avx512-vbmi,x86_64,linux,0
1,commit-3-amd-9950x3d,run-2,3,base64-ng,decode,standard,unpadded,23,31,182361,37644282,106.257812,auto,avx512-vbmi,avx512-vbmi,x86_64,linux,0
1,commit-3-amd-9950x3d,run-2,4,base64-ng,decode,standard,unpadded,23,31,182361,37603274,106.373691,auto,avx512-vbmi,avx512-vbmi,x86_64,linux,0
1,commit-3-amd-9950x3d,run-2,0,base64-ng,encode,standard,unpadded,23,31,182361,12526801,319.315286,scalar,avx512-vbmi,avx512-vbmi,x86_64,linux,0
1,commit-3-amd-9950x3d,run-2,1,base64-ng,encode,standard,unpadded,23,31,182361,12511361,319.709346,scalar,avx512-vbmi,avx512-vbmi,x86_64,linux,0
1,commit-3-amd-9950x3d,run-2,2,base64-ng,encode,standard,unpadded,23,31,182361,12533083,319.155235,scalar,avx512-vbmi,avx512-vbmi,x86_64,linux,0
1,commit-3-amd-9950x3d,run-2,3,base64-ng,encode,standard,unpadded,23,31,182361,12511321,319.710368,scalar,avx512-vbmi,avx512-vbmi,x86_64,linux,0
1,commit-3-amd-9950x3d,run-2,4,base64-ng,encode,standard,unpadded,23,31,182361,12525308,319.353348,scalar,avx512-vbmi,avx512-vbmi,x86_64,linux,0
1,commit-3-amd-9950x3d,run-2,0,base64-ng,decode,standard,unpadded,23,31,182361,14219386,281.306032,scalar,avx512-vbmi,avx512-vbmi,x86_64,linux,0
1,commit-3-amd-9950x3d,run-2,1,base64-ng,decode,standard,unpadded,23,31,182361,14249834,280.704957,scalar,avx512-vbmi,avx512-vbmi,x86_64,linux,0
1,commit-3-amd-9950x3d,run-2,2,base64-ng,decode,standard,unpadded,23,31,182361,14261445,280.476421,scalar,avx512-vbmi,avx512-vbmi,x86_64,linux,0
1,commit-3-amd-9950x3d,run-2,3,base64-ng,decode,standard,unpadded,23,31,182361,14256847,280.566878,scalar,avx512-vbmi,avx512-vbmi,x86_64,linux,0
1,commit-3-amd-9950x3d,run-2,4,base64-ng,decode,standard,unpadded,23,31,182361,14260254,280.499846,scalar,avx512-vbmi,avx512-vbmi,x86_64,linux,0
1,commit-3-amd-9950x3d,run-2,0,base64-ng,encode,standard,unpadded,23,31,182361,14882074,268.779677,ssse3-sse4.1,avx512-vbmi,avx512-vbmi,x86_64,linux,0
1,commit-3-amd-9950x3d,run-2,1,base64-ng,encode,standard,unpadded,23,31,182361,14887504,268.681644,ssse3-sse4.1,avx512-vbmi,avx512-vbmi,x86_64,linux,0
1,commit-3-amd-9950x3d,run-2,2,base64-ng,encode,standard,unpadded,23,31,182361,14817763,269.946216,ssse3-sse4.1,avx512-vbmi,avx512-vbmi,x86_64,linux,0
1,commit-3-amd-9950x3d,run-2,3,base64-ng,encode,standard,unpadded,23,31,182361,14882224,268.776968,ssse3-sse4.1,avx512-vbmi,avx512-vbmi,x86_64,linux,0
1,commit-3-amd-9950x3d,run-2,4,base64-ng,encode,standard,unpadded,23,31,182361,14882975,268.763406,ssse3-sse4.1,avx512-vbmi,avx512-vbmi,x86_64,linux,0
1,commit-3-amd-9950x3d,run-2,0,base64-ng,decode,standard,unpadded,23,31,182361,37324801,107.167324,ssse3-sse4.1,avx512-vbmi,avx512-vbmi,x86_64,linux,0
1,commit-3-amd-9950x3d,run-2,1,base64-ng,decode,standard,unpadded,23,31,182361,37278303,107.300996,ssse3-sse4.1,avx512-vbmi,avx512-vbmi,x86_64,linux,0
1,commit-3-amd-9950x3d,run-2,2,base64-ng,decode,standard,unpadded,23,31,182361,37316624,107.190807,ssse3-sse4.1,avx512-vbmi,avx512-vbmi,x86_64,linux,0
1,commit-3-amd-9950x3d,run-2,3,base64-ng,decode,standard,unpadded,23,31,182361,37201749,107.521801,ssse3-sse4.1,avx512-vbmi,avx512-vbmi,x86_64,linux,0
1,commit-3-amd-9950x3d,run-2,4,base64-ng,decode,standard,unpadded,23,31,182361,38238380,104.606917,ssse3-sse4.1,avx512-vbmi,avx512-vbmi,x86_64,linux,0
1,commit-3-amd-9950x3d,run-2,0,base64-ng,encode,standard,unpadded,23,31,182361,12214092,327.490496,avx2,avx512-vbmi,avx512-vbmi,x86_64,linux,0
1,commit-3-amd-9950x3d,run-2,1,base64-ng,encode,standard,unpadded,23,31,182361,12226104,327.168740,avx2,avx512-vbmi,avx512-vbmi,x86_64,linux,0
1,commit-3-amd-9950x3d,run-2,2,base64-ng,encode,standard,unpadded,23,31,182361,12036939,332.310320,avx2,avx512-vbmi,avx512-vbmi,x86_64,linux,0
1,commit-3-amd-9950x3d,run-2,3,base64-ng,encode,standard,unpadded,23,31,182361,12059430,331.690556,avx2,avx512-vbmi,avx512-vbmi,x86_64,linux,0
1,commit-3-amd-9950x3d,run-2,4,base64-ng,encode,standard,unpadded,23,31,182361,12166582,328.769333,avx2,avx512-vbmi,avx512-vbmi,x86_64,linux,0
1,commit-3-amd-9950x3d,run-2,0,base64-ng,decode,standard,unpadded,23,31,182361,38274779,104.507437,avx2,avx512-vbmi,avx512-vbmi,x86_64,linux,0
1,commit-3-amd-9950x3d,run-2,1,base64-ng,decode,standard,unpadded,23,31,182361,38008858,105.238601,avx2,avx512-vbmi,avx512-vbmi,x86_64,linux,0
1,commit-3-amd-9950x3d,run-2,2,base64-ng,decode,standard,unpadded,23,31,182361,38175151,104.780176,avx2,avx512-vbmi,avx512-vbmi,x86_64,linux,0
1,commit-3-amd-9950x3d,run-2,3,base64-ng,decode,standard,unpadded,23,31,182361,38326356,104.366798,avx2,avx512-vbmi,avx512-vbmi,x86_64,linux,0
1,commit-3-amd-9950x3d,run-2,4,base64-ng,decode,standard,unpadded,23,31,182361,38318151,104.389146,avx2,avx512-vbmi,avx512-vbmi,x86_64,linux,0
1,commit-3-amd-9950x3d,run-2,0,base64-ng,encode,standard,unpadded,23,31,182361,12263375,326.174405,avx512-vbmi,avx512-vbmi,avx512-vbmi,x86_64,linux,0
1,commit-3-amd-9950x3d,run-2,1,base64-ng,encode,standard,unpadded,23,31,182361,12216617,327.422808,avx512-vbmi,avx512-vbmi,avx512-vbmi,x86_64,linux,0
1,commit-3-amd-9950x3d,run-2,2,base64-ng,encode,standard,unpadded,23,31,182361,12234601,326.941520,avx512-vbmi,avx512-vbmi,avx512-vbmi,x86_64,linux,0
1,commit-3-amd-9950x3d,run-2,3,base64-ng,encode,standard,unpadded,23,31,182361,12268955,326.026059,avx512-vbmi,avx512-vbmi,avx512-vbmi,x86_64,linux,0
1,commit-3-amd-9950x3d,run-2,4,base64-ng,encode,standard,unpadded,23,31,182361,12320382,324.665181,avx512-vbmi,avx512-vbmi,avx512-vbmi,x86_64,linux,0
1,commit-3-amd-9950x3d,run-2,0,base64-ng,decode,standard,unpadded,23,31,182361,38297501,104.445432,avx512-vbmi,avx512-vbmi,avx512-vbmi,x86_64,linux,0
1,commit-3-amd-9950x3d,run-2,1,base64-ng,decode,standard,unpadded,23,31,182361,38465267,103.989894,avx512-vbmi,avx512-vbmi,avx512-vbmi,x86_64,linux,0
1,commit-3-amd-9950x3d,run-2,2,base64-ng,decode,standard,unpadded,23,31,182361,38818361,103.043996,avx512-vbmi,avx512-vbmi,avx512-vbmi,x86_64,linux,0
1,commit-3-amd-9950x3d,run-2,3,base64-ng,decode,standard,unpadded,23,31,182361,38321066,104.381205,avx512-vbmi,avx512-vbmi,avx512-vbmi,x86_64,linux,0
1,commit-3-amd-9950x3d,run-2,4,base64-ng,decode,standard,unpadded,23,31,182361,38655475,103.478202,avx512-vbmi,avx512-vbmi,avx512-vbmi,x86_64,linux,0
1,commit-3-amd-9950x3d,run-2,0,base64-0.23.0,encode,standard,unpadded,23,31,182361,2324336,1720.921178,external,avx512-vbmi,avx512-vbmi,x86_64,linux,0
1,commit-3-amd-9950x3d,run-2,1,base64-0.23.0,encode,standard,unpadded,23,31,182361,2349773,1702.291688,external,avx512-vbmi,avx512-vbmi,x86_64,linux,0
1,commit-3-amd-9950x3d,run-2,2,base64-0.23.0,encode,standard,unpadded,23,31,182361,2366124,1690.528073,external,avx512-vbmi,avx512-vbmi,x86_64,linux,0
1,commit-3-amd-9950x3d,run-2,3,base64-0.23.0,encode,standard,unpadded,23,31,182361,2355404,1698.222066,external,avx512-vbmi,avx512-vbmi,x86_64,linux,0
1,commit-3-amd-9950x3d,run-2,4,base64-0.23.0,encode,standard,unpadded,23,31,182361,2483956,1610.334099,external,avx512-vbmi,avx512-vbmi,x86_64,linux,0
1,commit-3-amd-9950x3d,run-2,0,base64-0.23.0,decode,standard,unpadded,23,31,182361,3461606,1155.532734,external,avx512-vbmi,avx512-vbmi,x86_64,linux,0
1,commit-3-amd-9950x3d,run-2,1,base64-0.23.0,decode,standard,unpadded,23,31,182361,3446317,1160.659059,external,avx512-vbmi,avx512-vbmi,x86_64,linux,0
1,commit-3-amd-9950x3d,run-2,2,base64-0.23.0,decode,standard,unpadded,23,31,182361,3476474,1150.590813,external,avx512-vbmi,avx512-vbmi,x86_64,linux,0
1,commit-3-amd-9950x3d,run-2,3,base64-0.23.0,decode,standard,unpadded,23,31,182361,3448341,1159.977811,external,avx512-vbmi,avx512-vbmi,x86_64,linux,0
1,commit-3-amd-9950x3d,run-2,4,base64-0.23.0,decode,standard,unpadded,23,31,182361,3454252,1157.992829,external,avx512-vbmi,avx512-vbmi,x86_64,linux,0
1,commit-3-amd-9950x3d,run-2,0,base64ct-1.8.3,encode,standard,unpadded,23,31,182361,2818085,1419.403264,external,avx512-vbmi,avx512-vbmi,x86_64,linux,0
1,commit-3-amd-9950x3d,run-2,1,base64ct-1.8.3,encode,standard,unpadded,23,31,182361,2833373,1411.744605,external,avx512-vbmi,avx512-vbmi,x86_64,linux,0
1,commit-3-amd-9950x3d,run-2,2,base64ct-1.8.3,encode,standard,unpadded,23,31,182361,2803257,1426.911284,external,avx512-vbmi,avx512-vbmi,x86_64,linux,0
1,commit-3-amd-9950x3d,run-2,3,base64ct-1.8.3,encode,standard,unpadded,23,31,182361,2800381,1428.376727,external,avx512-vbmi,avx512-vbmi,x86_64,linux,0
1,commit-3-amd-9950x3d,run-2,4,base64ct-1.8.3,encode,standard,unpadded,23,31,182361,2802836,1427.125614,external,avx512-vbmi,avx512-vbmi,x86_64,linux,0
1,commit-3-amd-9950x3d,run-2,0,base64ct-1.8.3,decode,standard,unpadded,23,31,182361,9009981,443.951996,external,avx512-vbmi,avx512-vbmi,x86_64,linux,0
1,commit-3-amd-9950x3d,run-2,1,base64ct-1.8.3,decode,standard,unpadded,23,31,182361,9059554,441.522733,external,avx512-vbmi,avx512-vbmi,x86_64,linux,0
1,commit-3-amd-9950x3d,run-2,2,base64ct-1.8.3,decode,standard,unpadded,23,31,182361,9068160,441.103713,external,avx512-vbmi,avx512-vbmi,x86_64,linux,0
1,commit-3-amd-9950x3d,run-2,3,base64ct-1.8.3,decode,standard,unpadded,23,31,182361,9133884,437.929696,external,avx512-vbmi,avx512-vbmi,x86_64,linux,0
1,commit-3-amd-9950x3d,run-2,4,base64ct-1.8.3,decode,standard,unpadded,23,31,182361,9085632,440.255455,external,avx512-vbmi,avx512-vbmi,x86_64,linux,0
1,commit-3-amd-9950x3d,run-2,0,base64-ng,encode,standard,unpadded,24,32,174762,13078138,305.852771,auto,avx512-vbmi,avx512-vbmi,x86_64,linux,0
1,commit-3-amd-9950x3d,run-2,1,base64-ng,encode,standard,unpadded,24,32,174762,13027023,307.052866,auto,avx512-vbmi,avx512-vbmi,x86_64,linux,0
1,commit-3-amd-9950x3d,run-2,2,base64-ng,encode,standard,unpadded,24,32,174762,13062229,306.225281,auto,avx512-vbmi,avx512-vbmi,x86_64,linux,0
1,commit-3-amd-9950x3d,run-2,3,base64-ng,encode,standard,unpadded,24,32,174762,13016312,307.305536,auto,avx512-vbmi,avx512-vbmi,x86_64,linux,0
1,commit-3-amd-9950x3d,run-2,4,base64-ng,encode,standard,unpadded,24,32,174762,13189818,303.263073,auto,avx512-vbmi,avx512-vbmi,x86_64,linux,0
1,commit-3-amd-9950x3d,run-2,0,base64-ng,decode,standard,unpadded,24,32,174762,38964026,102.658404,auto,avx512-vbmi,avx512-vbmi,x86_64,linux,0
1,commit-3-amd-9950x3d,run-2,1,base64-ng,decode,standard,unpadded,24,32,174762,38992860,102.582492,auto,avx512-vbmi,avx512-vbmi,x86_64,linux,0
1,commit-3-amd-9950x3d,run-2,2,base64-ng,decode,standard,unpadded,24,32,174762,39013980,102.526959,auto,avx512-vbmi,avx512-vbmi,x86_64,linux,0
1,commit-3-amd-9950x3d,run-2,3,base64-ng,decode,standard,unpadded,24,32,174762,38961121,102.666059,auto,avx512-vbmi,avx512-vbmi,x86_64,linux,0
1,commit-3-amd-9950x3d,run-2,4,base64-ng,decode,standard,unpadded,24,32,174762,38937176,102.729195,auto,avx512-vbmi,avx512-vbmi,x86_64,linux,0
1,commit-3-amd-9950x3d,run-2,0,base64-ng,encode,standard,unpadded,24,32,174762,12562628,318.403501,scalar,avx512-vbmi,avx512-vbmi,x86_64,linux,0
1,commit-3-amd-9950x3d,run-2,1,base64-ng,encode,standard,unpadded,24,32,174762,12679007,315.480916,scalar,avx512-vbmi,avx512-vbmi,x86_64,linux,0
1,commit-3-amd-9950x3d,run-2,2,base64-ng,encode,standard,unpadded,24,32,174762,12606791,317.288098,scalar,avx512-vbmi,avx512-vbmi,x86_64,linux,0
1,commit-3-amd-9950x3d,run-2,3,base64-ng,encode,standard,unpadded,24,32,174762,12620557,316.942013,scalar,avx512-vbmi,avx512-vbmi,x86_64,linux,0
1,commit-3-amd-9950x3d,run-2,4,base64-ng,encode,standard,unpadded,24,32,174762,12602954,317.384697,scalar,avx512-vbmi,avx512-vbmi,x86_64,linux,0
1,commit-3-amd-9950x3d,run-2,0,base64-ng,decode,standard,unpadded,24,32,174762,14231960,281.056491,scalar,avx512-vbmi,avx512-vbmi,x86_64,linux,0
1,commit-3-amd-9950x3d,run-2,1,base64-ng,decode,standard,unpadded,24,32,174762,14224406,281.205749,scalar,avx512-vbmi,avx512-vbmi,x86_64,linux,0
1,commit-3-amd-9950x3d,run-2,2,base64-ng,decode,standard,unpadded,24,32,174762,14326598,279.199901,scalar,avx512-vbmi,avx512-vbmi,x86_64,linux,0
1,commit-3-amd-9950x3d,run-2,3,base64-ng,decode,standard,unpadded,24,32,174762,14282827,280.055534,scalar,avx512-vbmi,avx512-vbmi,x86_64,linux,0
1,commit-3-amd-9950x3d,run-2,4,base64-ng,decode,standard,unpadded,24,32,174762,14298986,279.739049,scalar,avx512-vbmi,avx512-vbmi,x86_64,linux,0
1,commit-3-amd-9950x3d,run-2,0,base64-ng,encode,standard,unpadded,24,32,174762,15751631,253.940988,ssse3-sse4.1,avx512-vbmi,avx512-vbmi,x86_64,linux,0
1,commit-3-amd-9950x3d,run-2,1,base64-ng,encode,standard,unpadded,24,32,174762,15440094,259.064792,ssse3-sse4.1,avx512-vbmi,avx512-vbmi,x86_64,linux,0
1,commit-3-amd-9950x3d,run-2,2,base64-ng,encode,standard,unpadded,24,32,174762,15333734,260.861754,ssse3-sse4.1,avx512-vbmi,avx512-vbmi,x86_64,linux,0
1,commit-3-amd-9950x3d,run-2,3,base64-ng,encode,standard,unpadded,24,32,174762,15273461,261.891181,ssse3-sse4.1,avx512-vbmi,avx512-vbmi,x86_64,linux,0
1,commit-3-amd-9950x3d,run-2,4,base64-ng,encode,standard,unpadded,24,32,174762,15445184,258.979417,ssse3-sse4.1,avx512-vbmi,avx512-vbmi,x86_64,linux,0
1,commit-3-amd-9950x3d,run-2,0,base64-ng,decode,standard,unpadded,24,32,174762,53006610,75.461999,ssse3-sse4.1,avx512-vbmi,avx512-vbmi,x86_64,linux,0
1,commit-3-amd-9950x3d,run-2,1,base64-ng,decode,standard,unpadded,24,32,174762,52948871,75.544288,ssse3-sse4.1,avx512-vbmi,avx512-vbmi,x86_64,linux,0
1,commit-3-amd-9950x3d,run-2,2,base64-ng,decode,standard,unpadded,24,32,174762,52918665,75.587408,ssse3-sse4.1,avx512-vbmi,avx512-vbmi,x86_64,linux,0
1,commit-3-amd-9950x3d,run-2,3,base64-ng,decode,standard,unpadded,24,32,174762,52947548,75.546175,ssse3-sse4.1,avx512-vbmi,avx512-vbmi,x86_64,linux,0
1,commit-3-amd-9950x3d,run-2,4,base64-ng,decode,standard,unpadded,24,32,174762,52928032,75.574031,ssse3-sse4.1,avx512-vbmi,avx512-vbmi,x86_64,linux,0
1,commit-3-amd-9950x3d,run-2,0,base64-ng,encode,standard,unpadded,24,32,174762,9554044,418.669282,avx2,avx512-vbmi,avx512-vbmi,x86_64,linux,0
1,commit-3-amd-9950x3d,run-2,1,base64-ng,encode,standard,unpadded,24,32,174762,9521233,420.112053,avx2,avx512-vbmi,avx512-vbmi,x86_64,linux,0
1,commit-3-amd-9950x3d,run-2,2,base64-ng,encode,standard,unpadded,24,32,174762,9604630,416.464220,avx2,avx512-vbmi,avx512-vbmi,x86_64,linux,0
1,commit-3-amd-9950x3d,run-2,3,base64-ng,encode,standard,unpadded,24,32,174762,9532364,419.621485,avx2,avx512-vbmi,avx512-vbmi,x86_64,linux,0
1,commit-3-amd-9950x3d,run-2,4,base64-ng,encode,standard,unpadded,24,32,174762,9525080,419.942378,avx2,avx512-vbmi,avx512-vbmi,x86_64,linux,0
1,commit-3-amd-9950x3d,run-2,0,base64-ng,decode,standard,unpadded,24,32,174762,38078429,105.045950,avx2,avx512-vbmi,avx512-vbmi,x86_64,linux,0
1,commit-3-amd-9950x3d,run-2,1,base64-ng,decode,standard,unpadded,24,32,174762,37881979,105.590702,avx2,avx512-vbmi,avx512-vbmi,x86_64,linux,0
1,commit-3-amd-9950x3d,run-2,2,base64-ng,decode,standard,unpadded,24,32,174762,37923297,105.475659,avx2,avx512-vbmi,avx512-vbmi,x86_64,linux,0
1,commit-3-amd-9950x3d,run-2,3,base64-ng,decode,standard,unpadded,24,32,174762,37830071,105.735586,avx2,avx512-vbmi,avx512-vbmi,x86_64,linux,0
1,commit-3-amd-9950x3d,run-2,4,base64-ng,decode,standard,unpadded,24,32,174762,37978020,105.323678,avx2,avx512-vbmi,avx512-vbmi,x86_64,linux,0
1,commit-3-amd-9950x3d,run-2,0,base64-ng,encode,standard,unpadded,24,32,174762,11960714,334.426920,avx512-vbmi,avx512-vbmi,avx512-vbmi,x86_64,linux,0
1,commit-3-amd-9950x3d,run-2,1,base64-ng,encode,standard,unpadded,24,32,174762,11956507,334.544591,avx512-vbmi,avx512-vbmi,avx512-vbmi,x86_64,linux,0
1,commit-3-amd-9950x3d,run-2,2,base64-ng,encode,standard,unpadded,24,32,174762,11953442,334.630372,avx512-vbmi,avx512-vbmi,avx512-vbmi,x86_64,linux,0
1,commit-3-amd-9950x3d,run-2,3,base64-ng,encode,standard,unpadded,24,32,174762,11952930,334.644706,avx512-vbmi,avx512-vbmi,avx512-vbmi,x86_64,linux,0
1,commit-3-amd-9950x3d,run-2,4,base64-ng,encode,standard,unpadded,24,32,174762,11949583,334.738437,avx512-vbmi,avx512-vbmi,avx512-vbmi,x86_64,linux,0
1,commit-3-amd-9950x3d,run-2,0,base64-ng,decode,standard,unpadded,24,32,174762,38188286,104.743762,avx512-vbmi,avx512-vbmi,avx512-vbmi,x86_64,linux,0
1,commit-3-amd-9950x3d,run-2,1,base64-ng,decode,standard,unpadded,24,32,174762,38248750,104.578182,avx512-vbmi,avx512-vbmi,avx512-vbmi,x86_64,linux,0
1,commit-3-amd-9950x3d,run-2,2,base64-ng,decode,standard,unpadded,24,32,174762,38226848,104.638100,avx512-vbmi,avx512-vbmi,avx512-vbmi,x86_64,linux,0
1,commit-3-amd-9950x3d,run-2,3,base64-ng,decode,standard,unpadded,24,32,174762,38044886,105.138566,avx512-vbmi,avx512-vbmi,avx512-vbmi,x86_64,linux,0
1,commit-3-amd-9950x3d,run-2,4,base64-ng,decode,standard,unpadded,24,32,174762,38070594,105.067568,avx512-vbmi,avx512-vbmi,avx512-vbmi,x86_64,linux,0
1,commit-3-amd-9950x3d,run-2,0,base64-0.23.0,encode,standard,unpadded,24,32,174762,2180084,1834.784688,external,avx512-vbmi,avx512-vbmi,x86_64,linux,0
1,commit-3-amd-9950x3d,run-2,1,base64-0.23.0,encode,standard,unpadded,24,32,174762,2216823,1804.377138,external,avx512-vbmi,avx512-vbmi,x86_64,linux,0
1,commit-3-amd-9950x3d,run-2,2,base64-0.23.0,encode,standard,unpadded,24,32,174762,2249595,1778.091052,external,avx512-vbmi,avx512-vbmi,x86_64,linux,0
1,commit-3-amd-9950x3d,run-2,3,base64-0.23.0,encode,standard,unpadded,24,32,174762,2233895,1790.587624,external,avx512-vbmi,avx512-vbmi,x86_64,linux,0
1,commit-3-amd-9950x3d,run-2,4,base64-0.23.0,encode,standard,unpadded,24,32,174762,2243192,1783.166462,external,avx512-vbmi,avx512-vbmi,x86_64,linux,0
1,commit-3-amd-9950x3d,run-2,0,base64-0.23.0,decode,standard,unpadded,24,32,174762,3474039,1151.393160,external,avx512-vbmi,avx512-vbmi,x86_64,linux,0
1,commit-3-amd-9950x3d,run-2,1,base64-0.23.0,decode,standard,unpadded,24,32,174762,3365755,1188.436099,external,avx512-vbmi,avx512-vbmi,x86_64,linux,0
1,commit-3-amd-9950x3d,run-2,2,base64-0.23.0,decode,standard,unpadded,24,32,174762,3393158,1178.838339,external,avx512-vbmi,avx512-vbmi,x86_64,linux,0
1,commit-3-amd-9950x3d,run-2,3,base64-0.23.0,decode,standard,unpadded,24,32,174762,3362429,1189.611659,external,avx512-vbmi,avx512-vbmi,x86_64,linux,0
1,commit-3-amd-9950x3d,run-2,4,base64-0.23.0,decode,standard,unpadded,24,32,174762,3369172,1187.230792,external,avx512-vbmi,avx512-vbmi,x86_64,linux,0
1,commit-3-amd-9950x3d,run-2,0,base64ct-1.8.3,encode,standard,unpadded,24,32,174762,2889219,1384.451902,external,avx512-vbmi,avx512-vbmi,x86_64,linux,0
1,commit-3-amd-9950x3d,run-2,1,base64ct-1.8.3,encode,standard,unpadded,24,32,174762,2825549,1415.648690,external,avx512-vbmi,avx512-vbmi,x86_64,linux,0
1,commit-3-amd-9950x3d,run-2,2,base64ct-1.8.3,encode,standard,unpadded,24,32,174762,2828304,1414.269732,external,avx512-vbmi,avx512-vbmi,x86_64,linux,0
1,commit-3-amd-9950x3d,run-2,3,base64ct-1.8.3,encode,standard,unpadded,24,32,174762,2819898,1418.485612,external,avx512-vbmi,avx512-vbmi,x86_64,linux,0
1,commit-3-amd-9950x3d,run-2,4,base64ct-1.8.3,encode,standard,unpadded,24,32,174762,2814357,1421.278374,external,avx512-vbmi,avx512-vbmi,x86_64,linux,0
1,commit-3-amd-9950x3d,run-2,0,base64ct-1.8.3,decode,standard,unpadded,24,32,174762,7321101,546.363824,external,avx512-vbmi,avx512-vbmi,x86_64,linux,0
1,commit-3-amd-9950x3d,run-2,1,base64ct-1.8.3,decode,standard,unpadded,24,32,174762,7220873,553.947527,external,avx512-vbmi,avx512-vbmi,x86_64,linux,0
1,commit-3-amd-9950x3d,run-2,2,base64ct-1.8.3,decode,standard,unpadded,24,32,174762,7207688,554.960861,external,avx512-vbmi,avx512-vbmi,x86_64,linux,0
1,commit-3-amd-9950x3d,run-2,3,base64ct-1.8.3,decode,standard,unpadded,24,32,174762,7228938,553.329513,external,avx512-vbmi,avx512-vbmi,x86_64,linux,0
1,commit-3-amd-9950x3d,run-2,4,base64ct-1.8.3,decode,standard,unpadded,24,32,174762,7222035,553.858399,external,avx512-vbmi,avx512-vbmi,x86_64,linux,0
1,commit-3-amd-9950x3d,run-2,0,base64-ng,encode,standard,unpadded,31,42,135300,11831321,338.085340,auto,avx512-vbmi,avx512-vbmi,x86_64,linux,0
1,commit-3-amd-9950x3d,run-2,1,base64-ng,encode,standard,unpadded,31,42,135300,11773793,339.737261,auto,avx512-vbmi,avx512-vbmi,x86_64,linux,0
1,commit-3-amd-9950x3d,run-2,2,base64-ng,encode,standard,unpadded,31,42,135300,11786477,339.371653,auto,avx512-vbmi,avx512-vbmi,x86_64,linux,0
1,commit-3-amd-9950x3d,run-2,3,base64-ng,encode,standard,unpadded,31,42,135300,11785055,339.412602,auto,avx512-vbmi,avx512-vbmi,x86_64,linux,0
1,commit-3-amd-9950x3d,run-2,4,base64-ng,encode,standard,unpadded,31,42,135300,11773032,339.759221,auto,avx512-vbmi,avx512-vbmi,x86_64,linux,0
1,commit-3-amd-9950x3d,run-2,0,base64-ng,decode,standard,unpadded,31,42,135300,33774326,118.433042,auto,avx512-vbmi,avx512-vbmi,x86_64,linux,0
1,commit-3-amd-9950x3d,run-2,1,base64-ng,decode,standard,unpadded,31,42,135300,33792390,118.369733,auto,avx512-vbmi,avx512-vbmi,x86_64,linux,0
1,commit-3-amd-9950x3d,run-2,2,base64-ng,decode,standard,unpadded,31,42,135300,33714965,118.641564,auto,avx512-vbmi,avx512-vbmi,x86_64,linux,0
1,commit-3-amd-9950x3d,run-2,3,base64-ng,decode,standard,unpadded,31,42,135300,33611029,119.008442,auto,avx512-vbmi,avx512-vbmi,x86_64,linux,0
1,commit-3-amd-9950x3d,run-2,4,base64-ng,decode,standard,unpadded,31,42,135300,33694376,118.714060,auto,avx512-vbmi,avx512-vbmi,x86_64,linux,0
1,commit-3-amd-9950x3d,run-2,0,base64-ng,encode,standard,unpadded,31,42,135300,11603322,344.728534,scalar,avx512-vbmi,avx512-vbmi,x86_64,linux,0
1,commit-3-amd-9950x3d,run-2,1,base64-ng,encode,standard,unpadded,31,42,135300,11604304,344.699362,scalar,avx512-vbmi,avx512-vbmi,x86_64,linux,0
1,commit-3-amd-9950x3d,run-2,2,base64-ng,encode,standard,unpadded,31,42,135300,11634741,343.797613,scalar,avx512-vbmi,avx512-vbmi,x86_64,linux,0
1,commit-3-amd-9950x3d,run-2,3,base64-ng,encode,standard,unpadded,31,42,135300,11602491,344.753225,scalar,avx512-vbmi,avx512-vbmi,x86_64,linux,0
1,commit-3-amd-9950x3d,run-2,4,base64-ng,encode,standard,unpadded,31,42,135300,11601920,344.770192,scalar,avx512-vbmi,avx512-vbmi,x86_64,linux,0
1,commit-3-amd-9950x3d,run-2,0,base64-ng,decode,standard,unpadded,31,42,135300,14211612,281.459710,scalar,avx512-vbmi,avx512-vbmi,x86_64,linux,0
1,commit-3-amd-9950x3d,run-2,1,base64-ng,decode,standard,unpadded,31,42,135300,14191814,281.852354,scalar,avx512-vbmi,avx512-vbmi,x86_64,linux,0
1,commit-3-amd-9950x3d,run-2,2,base64-ng,decode,standard,unpadded,31,42,135300,14206161,281.567708,scalar,avx512-vbmi,avx512-vbmi,x86_64,linux,0
1,commit-3-amd-9950x3d,run-2,3,base64-ng,decode,standard,unpadded,31,42,135300,14192015,281.848362,scalar,avx512-vbmi,avx512-vbmi,x86_64,linux,0
1,commit-3-amd-9950x3d,run-2,4,base64-ng,decode,standard,unpadded,31,42,135300,14226490,281.165360,scalar,avx512-vbmi,avx512-vbmi,x86_64,linux,0
1,commit-3-amd-9950x3d,run-2,0,base64-ng,encode,standard,unpadded,31,42,135300,14300860,279.703192,ssse3-sse4.1,avx512-vbmi,avx512-vbmi,x86_64,linux,0
1,commit-3-amd-9950x3d,run-2,1,base64-ng,encode,standard,unpadded,31,42,135300,14367576,278.404387,ssse3-sse4.1,avx512-vbmi,avx512-vbmi,x86_64,linux,0
1,commit-3-amd-9950x3d,run-2,2,base64-ng,encode,standard,unpadded,31,42,135300,14333020,279.075602,ssse3-sse4.1,avx512-vbmi,avx512-vbmi,x86_64,linux,0
1,commit-3-amd-9950x3d,run-2,3,base64-ng,encode,standard,unpadded,31,42,135300,14346306,278.817152,ssse3-sse4.1,avx512-vbmi,avx512-vbmi,x86_64,linux,0
1,commit-3-amd-9950x3d,run-2,4,base64-ng,encode,standard,unpadded,31,42,135300,14367566,278.404581,ssse3-sse4.1,avx512-vbmi,avx512-vbmi,x86_64,linux,0
1,commit-3-amd-9950x3d,run-2,0,base64-ng,decode,standard,unpadded,31,42,135300,45452510,88.003857,ssse3-sse4.1,avx512-vbmi,avx512-vbmi,x86_64,linux,0
1,commit-3-amd-9950x3d,run-2,1,base64-ng,decode,standard,unpadded,31,42,135300,45200185,88.495129,ssse3-sse4.1,avx512-vbmi,avx512-vbmi,x86_64,linux,0
1,commit-3-amd-9950x3d,run-2,2,base64-ng,decode,standard,unpadded,31,42,135300,45035876,88.817994,ssse3-sse4.1,avx512-vbmi,avx512-vbmi,x86_64,linux,0
1,commit-3-amd-9950x3d,run-2,3,base64-ng,decode,standard,unpadded,31,42,135300,45293220,88.313354,ssse3-sse4.1,avx512-vbmi,avx512-vbmi,x86_64,linux,0
1,commit-3-amd-9950x3d,run-2,4,base64-ng,decode,standard,unpadded,31,42,135300,45245991,88.405538,ssse3-sse4.1,avx512-vbmi,avx512-vbmi,x86_64,linux,0
1,commit-3-amd-9950x3d,run-2,0,base64-ng,encode,standard,unpadded,31,42,135300,9816218,407.488524,avx2,avx512-vbmi,avx512-vbmi,x86_64,linux,0
1,commit-3-amd-9950x3d,run-2,1,base64-ng,encode,standard,unpadded,31,42,135300,9931615,402.753851,avx2,avx512-vbmi,avx512-vbmi,x86_64,linux,0
1,commit-3-amd-9950x3d,run-2,2,base64-ng,encode,standard,unpadded,31,42,135300,9926386,402.966013,avx2,avx512-vbmi,avx512-vbmi,x86_64,linux,0
1,commit-3-amd-9950x3d,run-2,3,base64-ng,encode,standard,unpadded,31,42,135300,9859400,405.703814,avx2,avx512-vbmi,avx512-vbmi,x86_64,linux,0
1,commit-3-amd-9950x3d,run-2,4,base64-ng,encode,standard,unpadded,31,42,135300,9863717,405.526252,avx2,avx512-vbmi,avx512-vbmi,x86_64,linux,0
1,commit-3-amd-9950x3d,run-2,0,base64-ng,decode,standard,unpadded,31,42,135300,33412826,119.714393,avx2,avx512-vbmi,avx512-vbmi,x86_64,linux,0
1,commit-3-amd-9950x3d,run-2,1,base64-ng,decode,standard,unpadded,31,42,135300,33335902,119.990639,avx2,avx512-vbmi,avx512-vbmi,x86_64,linux,0
1,commit-3-amd-9950x3d,run-2,2,base64-ng,decode,standard,unpadded,31,42,135300,34225617,116.871412,avx2,avx512-vbmi,avx512-vbmi,x86_64,linux,0
1,commit-3-amd-9950x3d,run-2,3,base64-ng,decode,standard,unpadded,31,42,135300,34276392,116.698286,avx2,avx512-vbmi,avx512-vbmi,x86_64,linux,0
1,commit-3-amd-9950x3d,run-2,4,base64-ng,decode,standard,unpadded,31,42,135300,34186132,117.006399,avx2,avx512-vbmi,avx512-vbmi,x86_64,linux,0
1,commit-3-amd-9950x3d,run-2,0,base64-ng,encode,standard,unpadded,31,42,135300,11888839,336.449689,avx512-vbmi,avx512-vbmi,avx512-vbmi,x86_64,linux,0
1,commit-3-amd-9950x3d,run-2,1,base64-ng,encode,standard,unpadded,31,42,135300,11862490,337.197012,avx512-vbmi,avx512-vbmi,avx512-vbmi,x86_64,linux,0
1,commit-3-amd-9950x3d,run-2,2,base64-ng,encode,standard,unpadded,31,42,135300,11833395,338.026085,avx512-vbmi,avx512-vbmi,avx512-vbmi,x86_64,linux,0
1,commit-3-amd-9950x3d,run-2,3,base64-ng,encode,standard,unpadded,31,42,135300,11749718,340.433378,avx512-vbmi,avx512-vbmi,avx512-vbmi,x86_64,linux,0
1,commit-3-amd-9950x3d,run-2,4,base64-ng,encode,standard,unpadded,31,42,135300,11823216,338.317103,avx512-vbmi,avx512-vbmi,avx512-vbmi,x86_64,linux,0
1,commit-3-amd-9950x3d,run-2,0,base64-ng,decode,standard,unpadded,31,42,135300,33582375,119.109985,avx512-vbmi,avx512-vbmi,avx512-vbmi,x86_64,linux,0
1,commit-3-amd-9950x3d,run-2,1,base64-ng,decode,standard,unpadded,31,42,135300,33773165,118.437114,avx512-vbmi,avx512-vbmi,avx512-vbmi,x86_64,linux,0
1,commit-3-amd-9950x3d,run-2,2,base64-ng,decode,standard,unpadded,31,42,135300,34113395,117.255881,avx512-vbmi,avx512-vbmi,avx512-vbmi,x86_64,linux,0
1,commit-3-amd-9950x3d,run-2,3,base64-ng,decode,standard,unpadded,31,42,135300,33823419,118.261143,avx512-vbmi,avx512-vbmi,avx512-vbmi,x86_64,linux,0
1,commit-3-amd-9950x3d,run-2,4,base64-ng,decode,standard,unpadded,31,42,135300,33726848,118.599763,avx512-vbmi,avx512-vbmi,avx512-vbmi,x86_64,linux,0
1,commit-3-amd-9950x3d,run-2,0,base64-0.23.0,encode,standard,unpadded,31,42,135300,2090646,1913.282395,external,avx512-vbmi,avx512-vbmi,x86_64,linux,0
1,commit-3-amd-9950x3d,run-2,1,base64-0.23.0,encode,standard,unpadded,31,42,135300,2138305,1870.638747,external,avx512-vbmi,avx512-vbmi,x86_64,linux,0
1,commit-3-amd-9950x3d,run-2,2,base64-0.23.0,encode,standard,unpadded,31,42,135300,2108629,1896.965367,external,avx512-vbmi,avx512-vbmi,x86_64,linux,0
1,commit-3-amd-9950x3d,run-2,3,base64-0.23.0,encode,standard,unpadded,31,42,135300,2099472,1905.239120,external,avx512-vbmi,avx512-vbmi,x86_64,linux,0
1,commit-3-amd-9950x3d,run-2,4,base64-0.23.0,encode,standard,unpadded,31,42,135300,2118238,1888.360130,external,avx512-vbmi,avx512-vbmi,x86_64,linux,0
1,commit-3-amd-9950x3d,run-2,0,base64-0.23.0,decode,standard,unpadded,31,42,135300,2664355,1501.300009,external,avx512-vbmi,avx512-vbmi,x86_64,linux,0
1,commit-3-amd-9950x3d,run-2,1,base64-0.23.0,decode,standard,unpadded,31,42,135300,2749095,1455.022902,external,avx512-vbmi,avx512-vbmi,x86_64,linux,0
1,commit-3-amd-9950x3d,run-2,2,base64-0.23.0,decode,standard,unpadded,31,42,135300,2667040,1499.788599,external,avx512-vbmi,avx512-vbmi,x86_64,linux,0
1,commit-3-amd-9950x3d,run-2,3,base64-0.23.0,decode,standard,unpadded,31,42,135300,2666860,1499.889827,external,avx512-vbmi,avx512-vbmi,x86_64,linux,0
1,commit-3-amd-9950x3d,run-2,4,base64-0.23.0,decode,standard,unpadded,31,42,135300,2671469,1497.302116,external,avx512-vbmi,avx512-vbmi,x86_64,linux,0
1,commit-3-amd-9950x3d,run-2,0,base64ct-1.8.3,encode,standard,unpadded,31,42,135300,2971934,1345.923626,external,avx512-vbmi,avx512-vbmi,x86_64,linux,0
1,commit-3-amd-9950x3d,run-2,1,base64ct-1.8.3,encode,standard,unpadded,31,42,135300,2952969,1354.567618,external,avx512-vbmi,avx512-vbmi,x86_64,linux,0
1,commit-3-amd-9950x3d,run-2,2,base64ct-1.8.3,encode,standard,unpadded,31,42,135300,3070590,1302.680001,external,avx512-vbmi,avx512-vbmi,x86_64,linux,0
1,commit-3-amd-9950x3d,run-2,3,base64ct-1.8.3,encode,standard,unpadded,31,42,135300,2965352,1348.911086,external,avx512-vbmi,avx512-vbmi,x86_64,linux,0
1,commit-3-amd-9950x3d,run-2,4,base64ct-1.8.3,encode,standard,unpadded,31,42,135300,2966615,1348.336803,external,avx512-vbmi,avx512-vbmi,x86_64,linux,0
1,commit-3-amd-9950x3d,run-2,0,base64ct-1.8.3,decode,standard,unpadded,31,42,135300,7384841,541.649602,external,avx512-vbmi,avx512-vbmi,x86_64,linux,0
1,commit-3-amd-9950x3d,run-2,1,base64ct-1.8.3,decode,standard,unpadded,31,42,135300,7400741,540.485903,external,avx512-vbmi,avx512-vbmi,x86_64,linux,0
1,commit-3-amd-9950x3d,run-2,2,base64ct-1.8.3,decode,standard,unpadded,31,42,135300,7399920,540.545869,external,avx512-vbmi,avx512-vbmi,x86_64,linux,0
1,commit-3-amd-9950x3d,run-2,3,base64ct-1.8.3,decode,standard,unpadded,31,42,135300,7414317,539.496246,external,avx512-vbmi,avx512-vbmi,x86_64,linux,0
1,commit-3-amd-9950x3d,run-2,4,base64ct-1.8.3,decode,standard,unpadded,31,42,135300,7377668,542.176225,external,avx512-vbmi,avx512-vbmi,x86_64,linux,0
1,commit-3-amd-9950x3d,run-2,0,base64-ng,encode,standard,unpadded,32,43,131072,11769104,339.872942,auto,avx512-vbmi,avx512-vbmi,x86_64,linux,0
1,commit-3-amd-9950x3d,run-2,1,base64-ng,encode,standard,unpadded,32,43,131072,11735360,340.850217,auto,avx512-vbmi,avx512-vbmi,x86_64,linux,0
1,commit-3-amd-9950x3d,run-2,2,base64-ng,encode,standard,unpadded,32,43,131072,11729029,341.034198,auto,avx512-vbmi,avx512-vbmi,x86_64,linux,0
1,commit-3-amd-9950x3d,run-2,3,base64-ng,encode,standard,unpadded,32,43,131072,11726905,341.095967,auto,avx512-vbmi,avx512-vbmi,x86_64,linux,0
1,commit-3-amd-9950x3d,run-2,4,base64-ng,encode,standard,unpadded,32,43,131072,11895492,336.261838,auto,avx512-vbmi,avx512-vbmi,x86_64,linux,0
1,commit-3-amd-9950x3d,run-2,0,base64-ng,decode,standard,unpadded,32,43,131072,33654872,118.853520,auto,avx512-vbmi,avx512-vbmi,x86_64,linux,0
1,commit-3-amd-9950x3d,run-2,1,base64-ng,decode,standard,unpadded,32,43,131072,33081372,120.913969,auto,avx512-vbmi,avx512-vbmi,x86_64,linux,0
1,commit-3-amd-9950x3d,run-2,2,base64-ng,decode,standard,unpadded,32,43,131072,33015859,121.153898,auto,avx512-vbmi,avx512-vbmi,x86_64,linux,0
1,commit-3-amd-9950x3d,run-2,3,base64-ng,decode,standard,unpadded,32,43,131072,33044102,121.050347,auto,avx512-vbmi,avx512-vbmi,x86_64,linux,0
1,commit-3-amd-9950x3d,run-2,4,base64-ng,decode,standard,unpadded,32,43,131072,33000891,121.208849,auto,avx512-vbmi,avx512-vbmi,x86_64,linux,0
1,commit-3-amd-9950x3d,run-2,0,base64-ng,encode,standard,unpadded,32,43,131072,11539041,346.649258,scalar,avx512-vbmi,avx512-vbmi,x86_64,linux,0
1,commit-3-amd-9950x3d,run-2,1,base64-ng,encode,standard,unpadded,32,43,131072,11532589,346.843194,scalar,avx512-vbmi,avx512-vbmi,x86_64,linux,0
1,commit-3-amd-9950x3d,run-2,2,base64-ng,encode,standard,unpadded,32,43,131072,11522390,347.150201,scalar,avx512-vbmi,avx512-vbmi,x86_64,linux,0
1,commit-3-amd-9950x3d,run-2,3,base64-ng,encode,standard,unpadded,32,43,131072,11529373,346.939942,scalar,avx512-vbmi,avx512-vbmi,x86_64,linux,0
1,commit-3-amd-9950x3d,run-2,4,base64-ng,encode,standard,unpadded,32,43,131072,11521828,347.167134,scalar,avx512-vbmi,avx512-vbmi,x86_64,linux,0
1,commit-3-amd-9950x3d,run-2,0,base64-ng,decode,standard,unpadded,32,43,131072,14258971,280.525151,scalar,avx512-vbmi,avx512-vbmi,x86_64,linux,0
1,commit-3-amd-9950x3d,run-2,1,base64-ng,decode,standard,unpadded,32,43,131072,14341587,278.909161,scalar,avx512-vbmi,avx512-vbmi,x86_64,linux,0
1,commit-3-amd-9950x3d,run-2,2,base64-ng,decode,standard,unpadded,32,43,131072,14234184,281.013650,scalar,avx512-vbmi,avx512-vbmi,x86_64,linux,0
1,commit-3-amd-9950x3d,run-2,3,base64-ng,decode,standard,unpadded,32,43,131072,14174492,282.197062,scalar,avx512-vbmi,avx512-vbmi,x86_64,linux,0
1,commit-3-amd-9950x3d,run-2,4,base64-ng,decode,standard,unpadded,32,43,131072,14243011,280.839494,scalar,avx512-vbmi,avx512-vbmi,x86_64,linux,0
1,commit-3-amd-9950x3d,run-2,0,base64-ng,encode,standard,unpadded,32,43,131072,14248741,280.726557,ssse3-sse4.1,avx512-vbmi,avx512-vbmi,x86_64,linux,0
1,commit-3-amd-9950x3d,run-2,1,base64-ng,encode,standard,unpadded,32,43,131072,14289488,279.926055,ssse3-sse4.1,avx512-vbmi,avx512-vbmi,x86_64,linux,0
1,commit-3-amd-9950x3d,run-2,2,base64-ng,encode,standard,unpadded,32,43,131072,14225458,281.186026,ssse3-sse4.1,avx512-vbmi,avx512-vbmi,x86_64,linux,0
1,commit-3-amd-9950x3d,run-2,3,base64-ng,encode,standard,unpadded,32,43,131072,14284940,280.015177,ssse3-sse4.1,avx512-vbmi,avx512-vbmi,x86_64,linux,0
1,commit-3-amd-9950x3d,run-2,4,base64-ng,encode,standard,unpadded,32,43,131072,14202434,281.641865,ssse3-sse4.1,avx512-vbmi,avx512-vbmi,x86_64,linux,0
1,commit-3-amd-9950x3d,run-2,0,base64-ng,decode,standard,unpadded,32,43,131072,45079538,88.732054,ssse3-sse4.1,avx512-vbmi,avx512-vbmi,x86_64,linux,0
1,commit-3-amd-9950x3d,run-2,1,base64-ng,decode,standard,unpadded,32,43,131072,45073196,88.744539,ssse3-sse4.1,avx512-vbmi,avx512-vbmi,x86_64,linux,0
1,commit-3-amd-9950x3d,run-2,2,base64-ng,decode,standard,unpadded,32,43,131072,45173334,88.547815,ssse3-sse4.1,avx512-vbmi,avx512-vbmi,x86_64,linux,0
1,commit-3-amd-9950x3d,run-2,3,base64-ng,decode,standard,unpadded,32,43,131072,45301366,88.297558,ssse3-sse4.1,avx512-vbmi,avx512-vbmi,x86_64,linux,0
1,commit-3-amd-9950x3d,run-2,4,base64-ng,decode,standard,unpadded,32,43,131072,45200516,88.494565,ssse3-sse4.1,avx512-vbmi,avx512-vbmi,x86_64,linux,0
1,commit-3-amd-9950x3d,run-2,0,base64-ng,encode,standard,unpadded,32,43,131072,9931775,402.747747,avx2,avx512-vbmi,avx512-vbmi,x86_64,linux,0
1,commit-3-amd-9950x3d,run-2,1,base64-ng,encode,standard,unpadded,32,43,131072,9842127,406.416215,avx2,avx512-vbmi,avx512-vbmi,x86_64,linux,0
1,commit-3-amd-9950x3d,run-2,2,base64-ng,encode,standard,unpadded,32,43,131072,9851324,406.036793,avx2,avx512-vbmi,avx512-vbmi,x86_64,linux,0
1,commit-3-amd-9950x3d,run-2,3,base64-ng,encode,standard,unpadded,32,43,131072,9865421,405.456594,avx2,avx512-vbmi,avx512-vbmi,x86_64,linux,0
1,commit-3-amd-9950x3d,run-2,4,base64-ng,encode,standard,unpadded,32,43,131072,9956001,401.767738,avx2,avx512-vbmi,avx512-vbmi,x86_64,linux,0
1,commit-3-amd-9950x3d,run-2,0,base64-ng,decode,standard,unpadded,32,43,131072,32803069,121.939810,avx2,avx512-vbmi,avx512-vbmi,x86_64,linux,0
1,commit-3-amd-9950x3d,run-2,1,base64-ng,decode,standard,unpadded,32,43,131072,32723259,122.237214,avx2,avx512-vbmi,avx512-vbmi,x86_64,linux,0
1,commit-3-amd-9950x3d,run-2,2,base64-ng,decode,standard,unpadded,32,43,131072,32753014,122.126165,avx2,avx512-vbmi,avx512-vbmi,x86_64,linux,0
1,commit-3-amd-9950x3d,run-2,3,base64-ng,decode,standard,unpadded,32,43,131072,33173295,120.578917,avx2,avx512-vbmi,avx512-vbmi,x86_64,linux,0
1,commit-3-amd-9950x3d,run-2,4,base64-ng,decode,standard,unpadded,32,43,131072,32855066,121.746826,avx2,avx512-vbmi,avx512-vbmi,x86_64,linux,0
1,commit-3-amd-9950x3d,run-2,0,base64-ng,encode,standard,unpadded,32,43,131072,11737815,340.778927,avx512-vbmi,avx512-vbmi,avx512-vbmi,x86_64,linux,0
1,commit-3-amd-9950x3d,run-2,1,base64-ng,encode,standard,unpadded,32,43,131072,11671501,342.715131,avx512-vbmi,avx512-vbmi,avx512-vbmi,x86_64,linux,0
1,commit-3-amd-9950x3d,run-2,2,base64-ng,encode,standard,unpadded,32,43,131072,11668415,342.805771,avx512-vbmi,avx512-vbmi,avx512-vbmi,x86_64,linux,0
1,commit-3-amd-9950x3d,run-2,3,base64-ng,encode,standard,unpadded,32,43,131072,11762221,340.071828,avx512-vbmi,avx512-vbmi,avx512-vbmi,x86_64,linux,0
1,commit-3-amd-9950x3d,run-2,4,base64-ng,encode,standard,unpadded,32,43,131072,11668715,342.796958,avx512-vbmi,avx512-vbmi,avx512-vbmi,x86_64,linux,0
1,commit-3-amd-9950x3d,run-2,0,base64-ng,decode,standard,unpadded,32,43,131072,33126086,120.750758,avx512-vbmi,avx512-vbmi,avx512-vbmi,x86_64,linux,0
1,commit-3-amd-9950x3d,run-2,1,base64-ng,decode,standard,unpadded,32,43,131072,32818368,121.882965,avx512-vbmi,avx512-vbmi,avx512-vbmi,x86_64,linux,0
1,commit-3-amd-9950x3d,run-2,2,base64-ng,decode,standard,unpadded,32,43,131072,32854816,121.747752,avx512-vbmi,avx512-vbmi,avx512-vbmi,x86_64,linux,0
1,commit-3-amd-9950x3d,run-2,3,base64-ng,decode,standard,unpadded,32,43,131072,32793651,121.974830,avx512-vbmi,avx512-vbmi,avx512-vbmi,x86_64,linux,0
1,commit-3-amd-9950x3d,run-2,4,base64-ng,decode,standard,unpadded,32,43,131072,32831692,121.833502,avx512-vbmi,avx512-vbmi,avx512-vbmi,x86_64,linux,0
1,commit-3-amd-9950x3d,run-2,0,base64-0.23.0,encode,standard,unpadded,32,43,131072,2091096,1912.872484,external,avx512-vbmi,avx512-vbmi,x86_64,linux,0
1,commit-3-amd-9950x3d,run-2,1,base64-0.23.0,encode,standard,unpadded,32,43,131072,2135530,1873.071322,external,avx512-vbmi,avx512-vbmi,x86_64,linux,0
1,commit-3-amd-9950x3d,run-2,2,base64-0.23.0,encode,standard,unpadded,32,43,131072,2105583,1899.711386,external,avx512-vbmi,avx512-vbmi,x86_64,linux,0
1,commit-3-amd-9950x3d,run-2,3,base64-0.23.0,encode,standard,unpadded,32,43,131072,2117366,1889.139620,external,avx512-vbmi,avx512-vbmi,x86_64,linux,0
1,commit-3-amd-9950x3d,run-2,4,base64-0.23.0,encode,standard,unpadded,32,43,131072,2107437,1898.040131,external,avx512-vbmi,avx512-vbmi,x86_64,linux,0
1,commit-3-amd-9950x3d,run-2,0,base64-0.23.0,decode,standard,unpadded,32,43,131072,2614732,1529.793493,external,avx512-vbmi,avx512-vbmi,x86_64,linux,0
1,commit-3-amd-9950x3d,run-2,1,base64-0.23.0,decode,standard,unpadded,32,43,131072,2634850,1518.112986,external,avx512-vbmi,avx512-vbmi,x86_64,linux,0
1,commit-3-amd-9950x3d,run-2,2,base64-0.23.0,decode,standard,unpadded,32,43,131072,2628849,1521.578455,external,avx512-vbmi,avx512-vbmi,x86_64,linux,0
1,commit-3-amd-9950x3d,run-2,3,base64-0.23.0,decode,standard,unpadded,32,43,131072,2630953,1520.361633,external,avx512-vbmi,avx512-vbmi,x86_64,linux,0
1,commit-3-amd-9950x3d,run-2,4,base64-0.23.0,decode,standard,unpadded,32,43,131072,2629910,1520.964596,external,avx512-vbmi,avx512-vbmi,x86_64,linux,0
1,commit-3-amd-9950x3d,run-2,0,base64ct-1.8.3,encode,standard,unpadded,32,43,131072,2900340,1379.148652,external,avx512-vbmi,avx512-vbmi,x86_64,linux,0
1,commit-3-amd-9950x3d,run-2,1,base64ct-1.8.3,encode,standard,unpadded,32,43,131072,2879831,1388.970394,external,avx512-vbmi,avx512-vbmi,x86_64,linux,0
1,commit-3-amd-9950x3d,run-2,2,base64ct-1.8.3,encode,standard,unpadded,32,43,131072,2879300,1389.226548,external,avx512-vbmi,avx512-vbmi,x86_64,linux,0
1,commit-3-amd-9950x3d,run-2,3,base64ct-1.8.3,encode,standard,unpadded,32,43,131072,2882175,1387.840780,external,avx512-vbmi,avx512-vbmi,x86_64,linux,0
1,commit-3-amd-9950x3d,run-2,4,base64ct-1.8.3,encode,standard,unpadded,32,43,131072,2899458,1379.568181,external,avx512-vbmi,avx512-vbmi,x86_64,linux,0
1,commit-3-amd-9950x3d,run-2,0,base64ct-1.8.3,decode,standard,unpadded,32,43,131072,7519184,531.972618,external,avx512-vbmi,avx512-vbmi,x86_64,linux,0
1,commit-3-amd-9950x3d,run-2,1,base64ct-1.8.3,decode,standard,unpadded,32,43,131072,7527580,531.379275,external,avx512-vbmi,avx512-vbmi,x86_64,linux,0
1,commit-3-amd-9950x3d,run-2,2,base64ct-1.8.3,decode,standard,unpadded,32,43,131072,7476233,535.028804,external,avx512-vbmi,avx512-vbmi,x86_64,linux,0
1,commit-3-amd-9950x3d,run-2,3,base64ct-1.8.3,decode,standard,unpadded,32,43,131072,7468168,535.606591,external,avx512-vbmi,avx512-vbmi,x86_64,linux,0
1,commit-3-amd-9950x3d,run-2,4,base64ct-1.8.3,decode,standard,unpadded,32,43,131072,7454442,536.592813,external,avx512-vbmi,avx512-vbmi,x86_64,linux,0
1,commit-3-amd-9950x3d,run-2,0,base64-ng,encode,standard,unpadded,47,63,89240,11316001,353.479742,auto,avx512-vbmi,avx512-vbmi,x86_64,linux,0
1,commit-3-amd-9950x3d,run-2,1,base64-ng,encode,standard,unpadded,47,63,89240,11299620,353.992180,auto,avx512-vbmi,avx512-vbmi,x86_64,linux,0
1,commit-3-amd-9950x3d,run-2,2,base64-ng,encode,standard,unpadded,47,63,89240,11290333,354.283360,auto,avx512-vbmi,avx512-vbmi,x86_64,linux,0
1,commit-3-amd-9950x3d,run-2,3,base64-ng,encode,standard,unpadded,47,63,89240,11288980,354.325821,auto,avx512-vbmi,avx512-vbmi,x86_64,linux,0
1,commit-3-amd-9950x3d,run-2,4,base64-ng,encode,standard,unpadded,47,63,89240,11291104,354.259168,auto,avx512-vbmi,avx512-vbmi,x86_64,linux,0
1,commit-3-amd-9950x3d,run-2,0,base64-ng,decode,standard,unpadded,47,63,89240,38551360,103.757095,auto,avx512-vbmi,avx512-vbmi,x86_64,linux,0
1,commit-3-amd-9950x3d,run-2,1,base64-ng,decode,standard,unpadded,47,63,89240,38596284,103.636327,auto,avx512-vbmi,avx512-vbmi,x86_64,linux,0
1,commit-3-amd-9950x3d,run-2,2,base64-ng,decode,standard,unpadded,47,63,89240,38628514,103.549857,auto,avx512-vbmi,avx512-vbmi,x86_64,linux,0
1,commit-3-amd-9950x3d,run-2,3,base64-ng,decode,standard,unpadded,47,63,89240,38492348,103.916163,auto,avx512-vbmi,avx512-vbmi,x86_64,linux,0
1,commit-3-amd-9950x3d,run-2,4,base64-ng,decode,standard,unpadded,47,63,89240,38561869,103.728819,auto,avx512-vbmi,avx512-vbmi,x86_64,linux,0
1,commit-3-amd-9950x3d,run-2,0,base64-ng,encode,standard,unpadded,47,63,89240,11196847,357.241383,scalar,avx512-vbmi,avx512-vbmi,x86_64,linux,0
1,commit-3-amd-9950x3d,run-2,1,base64-ng,encode,standard,unpadded,47,63,89240,11194853,357.305014,scalar,avx512-vbmi,avx512-vbmi,x86_64,linux,0
1,commit-3-amd-9950x3d,run-2,2,base64-ng,encode,standard,unpadded,47,63,89240,11193581,357.345617,scalar,avx512-vbmi,avx512-vbmi,x86_64,linux,0
1,commit-3-amd-9950x3d,run-2,3,base64-ng,encode,standard,unpadded,47,63,89240,11221994,356.440853,scalar,avx512-vbmi,avx512-vbmi,x86_64,linux,0
1,commit-3-amd-9950x3d,run-2,4,base64-ng,encode,standard,unpadded,47,63,89240,11220401,356.491458,scalar,avx512-vbmi,avx512-vbmi,x86_64,linux,0
1,commit-3-amd-9950x3d,run-2,0,base64-ng,decode,standard,unpadded,47,63,89240,13910345,287.554127,scalar,avx512-vbmi,avx512-vbmi,x86_64,linux,0
1,commit-3-amd-9950x3d,run-2,1,base64-ng,decode,standard,unpadded,47,63,89240,13929551,287.157649,scalar,avx512-vbmi,avx512-vbmi,x86_64,linux,0
1,commit-3-amd-9950x3d,run-2,2,base64-ng,decode,standard,unpadded,47,63,89240,13944710,286.845486,scalar,avx512-vbmi,avx512-vbmi,x86_64,linux,0
1,commit-3-amd-9950x3d,run-2,3,base64-ng,decode,standard,unpadded,47,63,89240,13963185,286.465954,scalar,avx512-vbmi,avx512-vbmi,x86_64,linux,0
1,commit-3-amd-9950x3d,run-2,4,base64-ng,decode,standard,unpadded,47,63,89240,13960079,286.529690,scalar,avx512-vbmi,avx512-vbmi,x86_64,linux,0
1,commit-3-amd-9950x3d,run-2,0,base64-ng,encode,standard,unpadded,47,63,89240,13805889,289.729775,ssse3-sse4.1,avx512-vbmi,avx512-vbmi,x86_64,linux,0
1,commit-3-amd-9950x3d,run-2,1,base64-ng,encode,standard,unpadded,47,63,89240,13796520,289.926526,ssse3-sse4.1,avx512-vbmi,avx512-vbmi,x86_64,linux,0
1,commit-3-amd-9950x3d,run-2,2,base64-ng,encode,standard,unpadded,47,63,89240,13923469,287.283084,ssse3-sse4.1,avx512-vbmi,avx512-vbmi,x86_64,linux,0
1,commit-3-amd-9950x3d,run-2,3,base64-ng,encode,standard,unpadded,47,63,89240,13813232,289.575757,ssse3-sse4.1,avx512-vbmi,avx512-vbmi,x86_64,linux,0
1,commit-3-amd-9950x3d,run-2,4,base64-ng,encode,standard,unpadded,47,63,89240,13752438,290.855855,ssse3-sse4.1,avx512-vbmi,avx512-vbmi,x86_64,linux,0
1,commit-3-amd-9950x3d,run-2,0,base64-ng,decode,standard,unpadded,47,63,89240,44213017,90.470576,ssse3-sse4.1,avx512-vbmi,avx512-vbmi,x86_64,linux,0
1,commit-3-amd-9950x3d,run-2,1,base64-ng,decode,standard,unpadded,47,63,89240,44242883,90.409504,ssse3-sse4.1,avx512-vbmi,avx512-vbmi,x86_64,linux,0
1,commit-3-amd-9950x3d,run-2,2,base64-ng,decode,standard,unpadded,47,63,89240,44122235,90.656720,ssse3-sse4.1,avx512-vbmi,avx512-vbmi,x86_64,linux,0
1,commit-3-amd-9950x3d,run-2,3,base64-ng,decode,standard,unpadded,47,63,89240,44181748,90.534605,ssse3-sse4.1,avx512-vbmi,avx512-vbmi,x86_64,linux,0
1,commit-3-amd-9950x3d,run-2,4,base64-ng,decode,standard,unpadded,47,63,89240,43982041,90.945691,ssse3-sse4.1,avx512-vbmi,avx512-vbmi,x86_64,linux,0
1,commit-3-amd-9950x3d,run-2,0,base64-ng,encode,standard,unpadded,47,63,89240,10152672,393.982699,avx2,avx512-vbmi,avx512-vbmi,x86_64,linux,0
1,commit-3-amd-9950x3d,run-2,1,base64-ng,encode,standard,unpadded,47,63,89240,10226661,391.132268,avx2,avx512-vbmi,avx512-vbmi,x86_64,linux,0
1,commit-3-amd-9950x3d,run-2,2,base64-ng,encode,standard,unpadded,47,63,89240,10172298,393.222565,avx2,avx512-vbmi,avx512-vbmi,x86_64,linux,0
1,commit-3-amd-9950x3d,run-2,3,base64-ng,encode,standard,unpadded,47,63,89240,10156729,393.825326,avx2,avx512-vbmi,avx512-vbmi,x86_64,linux,0
1,commit-3-amd-9950x3d,run-2,4,base64-ng,encode,standard,unpadded,47,63,89240,10182437,392.831020,avx2,avx512-vbmi,avx512-vbmi,x86_64,linux,0
1,commit-3-amd-9950x3d,run-2,0,base64-ng,decode,standard,unpadded,47,63,89240,38464686,103.990895,avx2,avx512-vbmi,avx512-vbmi,x86_64,linux,0
1,commit-3-amd-9950x3d,run-2,1,base64-ng,decode,standard,unpadded,47,63,89240,38401076,104.163152,avx2,avx512-vbmi,avx512-vbmi,x86_64,linux,0
1,commit-3-amd-9950x3d,run-2,2,base64-ng,decode,standard,unpadded,47,63,89240,38457613,104.010020,avx2,avx512-vbmi,avx512-vbmi,x86_64,linux,0
1,commit-3-amd-9950x3d,run-2,3,base64-ng,decode,standard,unpadded,47,63,89240,38377051,104.228361,avx2,avx512-vbmi,avx512-vbmi,x86_64,linux,0
1,commit-3-amd-9950x3d,run-2,4,base64-ng,decode,standard,unpadded,47,63,89240,38415564,104.123868,avx2,avx512-vbmi,avx512-vbmi,x86_64,linux,0
1,commit-3-amd-9950x3d,run-2,0,base64-ng,encode,standard,unpadded,47,63,89240,11367258,351.885838,avx512-vbmi,avx512-vbmi,avx512-vbmi,x86_64,linux,0
1,commit-3-amd-9950x3d,run-2,1,base64-ng,encode,standard,unpadded,47,63,89240,11383137,351.394972,avx512-vbmi,avx512-vbmi,avx512-vbmi,x86_64,linux,0
1,commit-3-amd-9950x3d,run-2,2,base64-ng,encode,standard,unpadded,47,63,89240,11370123,351.797172,avx512-vbmi,avx512-vbmi,avx512-vbmi,x86_64,linux,0
1,commit-3-amd-9950x3d,run-2,3,base64-ng,encode,standard,unpadded,47,63,89240,11381244,351.453419,avx512-vbmi,avx512-vbmi,avx512-vbmi,x86_64,linux,0
1,commit-3-amd-9950x3d,run-2,4,base64-ng,encode,standard,unpadded,47,63,89240,11378329,351.543457,avx512-vbmi,avx512-vbmi,avx512-vbmi,x86_64,linux,0
1,commit-3-amd-9950x3d,run-2,0,base64-ng,decode,standard,unpadded,47,63,89240,38508538,103.872474,avx512-vbmi,avx512-vbmi,avx512-vbmi,x86_64,linux,0
1,commit-3-amd-9950x3d,run-2,1,base64-ng,decode,standard,unpadded,47,63,89240,38507837,103.874365,avx512-vbmi,avx512-vbmi,avx512-vbmi,x86_64,linux,0
1,commit-3-amd-9950x3d,run-2,2,base64-ng,decode,standard,unpadded,47,63,89240,38550728,103.758796,avx512-vbmi,avx512-vbmi,avx512-vbmi,x86_64,linux,0
1,commit-3-amd-9950x3d,run-2,3,base64-ng,decode,standard,unpadded,47,63,89240,38569633,103.707938,avx512-vbmi,avx512-vbmi,avx512-vbmi,x86_64,linux,0
1,commit-3-amd-9950x3d,run-2,4,base64-ng,decode,standard,unpadded,47,63,89240,38514720,103.855801,avx512-vbmi,avx512-vbmi,avx512-vbmi,x86_64,linux,0
1,commit-3-amd-9950x3d,run-2,0,base64-0.23.0,encode,standard,unpadded,47,63,89240,1523097,2626.212980,external,avx512-vbmi,avx512-vbmi,x86_64,linux,0
1,commit-3-amd-9950x3d,run-2,1,base64-0.23.0,encode,standard,unpadded,47,63,89240,1554667,2572.883525,external,avx512-vbmi,avx512-vbmi,x86_64,linux,0
1,commit-3-amd-9950x3d,run-2,2,base64-0.23.0,encode,standard,unpadded,47,63,89240,1563743,2557.950451,external,avx512-vbmi,avx512-vbmi,x86_64,linux,0
1,commit-3-amd-9950x3d,run-2,3,base64-0.23.0,encode,standard,unpadded,47,63,89240,1563473,2558.392190,external,avx512-vbmi,avx512-vbmi,x86_64,linux,0
1,commit-3-amd-9950x3d,run-2,4,base64-0.23.0,encode,standard,unpadded,47,63,89240,1560568,2563.154641,external,avx512-vbmi,avx512-vbmi,x86_64,linux,0
1,commit-3-amd-9950x3d,run-2,0,base64-0.23.0,decode,standard,unpadded,47,63,89240,2160267,1851.612376,external,avx512-vbmi,avx512-vbmi,x86_64,linux,0
1,commit-3-amd-9950x3d,run-2,1,base64-0.23.0,decode,standard,unpadded,47,63,89240,2173281,1840.524586,external,avx512-vbmi,avx512-vbmi,x86_64,linux,0
1,commit-3-amd-9950x3d,run-2,2,base64-0.23.0,decode,standard,unpadded,47,63,89240,2167059,1845.809049,external,avx512-vbmi,avx512-vbmi,x86_64,linux,0
1,commit-3-amd-9950x3d,run-2,3,base64-0.23.0,decode,standard,unpadded,47,63,89240,2161870,1850.239428,external,avx512-vbmi,avx512-vbmi,x86_64,linux,0
1,commit-3-amd-9950x3d,run-2,4,base64-0.23.0,decode,standard,unpadded,47,63,89240,2169053,1844.112206,external,avx512-vbmi,avx512-vbmi,x86_64,linux,0
1,commit-3-amd-9950x3d,run-2,0,base64ct-1.8.3,encode,standard,unpadded,47,63,89240,2428261,1647.259958,external,avx512-vbmi,avx512-vbmi,x86_64,linux,0
1,commit-3-amd-9950x3d,run-2,1,base64ct-1.8.3,encode,standard,unpadded,47,63,89240,2411750,1658.537208,external,avx512-vbmi,avx512-vbmi,x86_64,linux,0
1,commit-3-amd-9950x3d,run-2,2,base64ct-1.8.3,encode,standard,unpadded,47,63,89240,2417650,1654.489737,external,avx512-vbmi,avx512-vbmi,x86_64,linux,0
1,commit-3-amd-9950x3d,run-2,3,base64ct-1.8.3,encode,standard,unpadded,47,63,89240,2420486,1652.551228,external,avx512-vbmi,avx512-vbmi,x86_64,linux,0
1,commit-3-amd-9950x3d,run-2,4,base64ct-1.8.3,encode,standard,unpadded,47,63,89240,2425396,1649.205784,external,avx512-vbmi,avx512-vbmi,x86_64,linux,0
1,commit-3-amd-9950x3d,run-2,0,base64ct-1.8.3,decode,standard,unpadded,47,63,89240,6554318,610.281209,external,avx512-vbmi,avx512-vbmi,x86_64,linux,0
1,commit-3-amd-9950x3d,run-2,1,base64ct-1.8.3,decode,standard,unpadded,47,63,89240,6528639,612.681619,external,avx512-vbmi,avx512-vbmi,x86_64,linux,0
1,commit-3-amd-9950x3d,run-2,2,base64ct-1.8.3,decode,standard,unpadded,47,63,89240,6516877,613.787419,external,avx512-vbmi,avx512-vbmi,x86_64,linux,0
1,commit-3-amd-9950x3d,run-2,3,base64ct-1.8.3,decode,standard,unpadded,47,63,89240,6547114,610.952721,external,avx512-vbmi,avx512-vbmi,x86_64,linux,0
1,commit-3-amd-9950x3d,run-2,4,base64ct-1.8.3,decode,standard,unpadded,47,63,89240,6539520,611.662188,external,avx512-vbmi,avx512-vbmi,x86_64,linux,0
1,commit-3-amd-9950x3d,run-2,0,base64-ng,encode,standard,unpadded,48,64,87381,6083652,657.497296,auto,avx512-vbmi,avx512-vbmi,x86_64,linux,0
1,commit-3-amd-9950x3d,run-2,1,base64-ng,encode,standard,unpadded,48,64,87381,6043877,661.824313,auto,avx512-vbmi,avx512-vbmi,x86_64,linux,0
1,commit-3-amd-9950x3d,run-2,2,base64-ng,encode,standard,unpadded,48,64,87381,6041222,662.115172,auto,avx512-vbmi,avx512-vbmi,x86_64,linux,0
1,commit-3-amd-9950x3d,run-2,3,base64-ng,encode,standard,unpadded,48,64,87381,6047063,661.475619,auto,avx512-vbmi,avx512-vbmi,x86_64,linux,0
1,commit-3-amd-9950x3d,run-2,4,base64-ng,encode,standard,unpadded,48,64,87381,6053315,660.792432,auto,avx512-vbmi,avx512-vbmi,x86_64,linux,0
1,commit-3-amd-9950x3d,run-2,0,base64-ng,decode,standard,unpadded,48,64,87381,28409408,140.797891,auto,avx512-vbmi,avx512-vbmi,x86_64,linux,0
1,commit-3-amd-9950x3d,run-2,1,base64-ng,decode,standard,unpadded,48,64,87381,28227516,141.705162,auto,avx512-vbmi,avx512-vbmi,x86_64,linux,0
1,commit-3-amd-9950x3d,run-2,2,base64-ng,decode,standard,unpadded,48,64,87381,28245499,141.614943,auto,avx512-vbmi,avx512-vbmi,x86_64,linux,0
1,commit-3-amd-9950x3d,run-2,3,base64-ng,decode,standard,unpadded,48,64,87381,28640212,139.663238,auto,avx512-vbmi,avx512-vbmi,x86_64,linux,0
1,commit-3-amd-9950x3d,run-2,4,base64-ng,decode,standard,unpadded,48,64,87381,28755359,139.103975,auto,avx512-vbmi,avx512-vbmi,x86_64,linux,0
1,commit-3-amd-9950x3d,run-2,0,base64-ng,encode,standard,unpadded,48,64,87381,11206295,356.940875,scalar,avx512-vbmi,avx512-vbmi,x86_64,linux,0
1,commit-3-amd-9950x3d,run-2,1,base64-ng,encode,standard,unpadded,48,64,87381,11216263,356.623658,scalar,avx512-vbmi,avx512-vbmi,x86_64,linux,0
1,commit-3-amd-9950x3d,run-2,2,base64-ng,encode,standard,unpadded,48,64,87381,11190395,357.448038,scalar,avx512-vbmi,avx512-vbmi,x86_64,linux,0
1,commit-3-amd-9950x3d,run-2,3,base64-ng,encode,standard,unpadded,48,64,87381,11216163,356.626838,scalar,avx512-vbmi,avx512-vbmi,x86_64,linux,0
1,commit-3-amd-9950x3d,run-2,4,base64-ng,encode,standard,unpadded,48,64,87381,11212506,356.743153,scalar,avx512-vbmi,avx512-vbmi,x86_64,linux,0
1,commit-3-amd-9950x3d,run-2,0,base64-ng,decode,standard,unpadded,48,64,87381,13897040,287.829980,scalar,avx512-vbmi,avx512-vbmi,x86_64,linux,0
1,commit-3-amd-9950x3d,run-2,1,base64-ng,decode,standard,unpadded,48,64,87381,13894515,287.882286,scalar,avx512-vbmi,avx512-vbmi,x86_64,linux,0
1,commit-3-amd-9950x3d,run-2,2,base64-ng,decode,standard,unpadded,48,64,87381,13898122,287.807571,scalar,avx512-vbmi,avx512-vbmi,x86_64,linux,0
1,commit-3-amd-9950x3d,run-2,3,base64-ng,decode,standard,unpadded,48,64,87381,13920724,287.340281,scalar,avx512-vbmi,avx512-vbmi,x86_64,linux,0
1,commit-3-amd-9950x3d,run-2,4,base64-ng,decode,standard,unpadded,48,64,87381,13898302,287.803844,scalar,avx512-vbmi,avx512-vbmi,x86_64,linux,0
1,commit-3-amd-9950x3d,run-2,0,base64-ng,encode,standard,unpadded,48,64,87381,14251738,280.666452,ssse3-sse4.1,avx512-vbmi,avx512-vbmi,x86_64,linux,0
1,commit-3-amd-9950x3d,run-2,1,base64-ng,encode,standard,unpadded,48,64,87381,14256627,280.570204,ssse3-sse4.1,avx512-vbmi,avx512-vbmi,x86_64,linux,0
1,commit-3-amd-9950x3d,run-2,2,base64-ng,encode,standard,unpadded,48,64,87381,14266795,280.370240,ssse3-sse4.1,avx512-vbmi,avx512-vbmi,x86_64,linux,0
1,commit-3-amd-9950x3d,run-2,3,base64-ng,encode,standard,unpadded,48,64,87381,14175053,282.184817,ssse3-sse4.1,avx512-vbmi,avx512-vbmi,x86_64,linux,0
1,commit-3-amd-9950x3d,run-2,4,base64-ng,encode,standard,unpadded,48,64,87381,14241278,280.872597,ssse3-sse4.1,avx512-vbmi,avx512-vbmi,x86_64,linux,0
1,commit-3-amd-9950x3d,run-2,0,base64-ng,decode,standard,unpadded,48,64,87381,53313708,75.027322,ssse3-sse4.1,avx512-vbmi,avx512-vbmi,x86_64,linux,0
1,commit-3-amd-9950x3d,run-2,1,base64-ng,decode,standard,unpadded,48,64,87381,52905500,75.606218,ssse3-sse4.1,avx512-vbmi,avx512-vbmi,x86_64,linux,0
1,commit-3-amd-9950x3d,run-2,2,base64-ng,decode,standard,unpadded,48,64,87381,53292979,75.056505,ssse3-sse4.1,avx512-vbmi,avx512-vbmi,x86_64,linux,0
1,commit-3-amd-9950x3d,run-2,3,base64-ng,decode,standard,unpadded,48,64,87381,53058267,75.388530,ssse3-sse4.1,avx512-vbmi,avx512-vbmi,x86_64,linux,0
1,commit-3-amd-9950x3d,run-2,4,base64-ng,decode,standard,unpadded,48,64,87381,53300573,75.045811,ssse3-sse4.1,avx512-vbmi,avx512-vbmi,x86_64,linux,0
1,commit-3-amd-9950x3d,run-2,0,base64-ng,encode,standard,unpadded,48,64,87381,8256452,484.467752,avx2,avx512-vbmi,avx512-vbmi,x86_64,linux,0
1,commit-3-amd-9950x3d,run-2,1,base64-ng,encode,standard,unpadded,48,64,87381,8166874,489.781615,avx2,avx512-vbmi,avx512-vbmi,x86_64,linux,0
1,commit-3-amd-9950x3d,run-2,2,base64-ng,encode,standard,unpadded,48,64,87381,8141887,491.284728,avx2,avx512-vbmi,avx512-vbmi,x86_64,linux,0
1,commit-3-amd-9950x3d,run-2,3,base64-ng,encode,standard,unpadded,48,64,87381,8093255,494.236836,avx2,avx512-vbmi,avx512-vbmi,x86_64,linux,0
1,commit-3-amd-9950x3d,run-2,4,base64-ng,encode,standard,unpadded,48,64,87381,8038321,497.614457,avx2,avx512-vbmi,avx512-vbmi,x86_64,linux,0
1,commit-3-amd-9950x3d,run-2,0,base64-ng,decode,standard,unpadded,48,64,87381,37445377,106.821858,avx2,avx512-vbmi,avx512-vbmi,x86_64,linux,0
1,commit-3-amd-9950x3d,run-2,1,base64-ng,decode,standard,unpadded,48,64,87381,37507734,106.644265,avx2,avx512-vbmi,avx512-vbmi,x86_64,linux,0
1,commit-3-amd-9950x3d,run-2,2,base64-ng,decode,standard,unpadded,48,64,87381,37551648,106.519553,avx2,avx512-vbmi,avx512-vbmi,x86_64,linux,0
1,commit-3-amd-9950x3d,run-2,3,base64-ng,decode,standard,unpadded,48,64,87381,37465295,106.765067,avx2,avx512-vbmi,avx512-vbmi,x86_64,linux,0
1,commit-3-amd-9950x3d,run-2,4,base64-ng,decode,standard,unpadded,48,64,87381,37683435,106.147031,avx2,avx512-vbmi,avx512-vbmi,x86_64,linux,0
1,commit-3-amd-9950x3d,run-2,0,base64-ng,encode,standard,unpadded,48,64,87381,5169210,773.809681,avx512-vbmi,avx512-vbmi,avx512-vbmi,x86_64,linux,0
1,commit-3-amd-9950x3d,run-2,1,base64-ng,encode,standard,unpadded,48,64,87381,5205829,768.366526,avx512-vbmi,avx512-vbmi,avx512-vbmi,x86_64,linux,0
1,commit-3-amd-9950x3d,run-2,2,base64-ng,encode,standard,unpadded,48,64,87381,5238741,763.539320,avx512-vbmi,avx512-vbmi,avx512-vbmi,x86_64,linux,0
1,commit-3-amd-9950x3d,run-2,3,base64-ng,encode,standard,unpadded,48,64,87381,5309144,753.414249,avx512-vbmi,avx512-vbmi,avx512-vbmi,x86_64,linux,0
1,commit-3-amd-9950x3d,run-2,4,base64-ng,encode,standard,unpadded,48,64,87381,5261474,760.240332,avx512-vbmi,avx512-vbmi,avx512-vbmi,x86_64,linux,0
1,commit-3-amd-9950x3d,run-2,0,base64-ng,decode,standard,unpadded,48,64,87381,29105238,137.431783,avx512-vbmi,avx512-vbmi,avx512-vbmi,x86_64,linux,0
1,commit-3-amd-9950x3d,run-2,1,base64-ng,decode,standard,unpadded,48,64,87381,28847834,138.658062,avx512-vbmi,avx512-vbmi,avx512-vbmi,x86_64,linux,0
1,commit-3-amd-9950x3d,run-2,2,base64-ng,decode,standard,unpadded,48,64,87381,28801636,138.880470,avx512-vbmi,avx512-vbmi,avx512-vbmi,x86_64,linux,0
1,commit-3-amd-9950x3d,run-2,3,base64-ng,decode,standard,unpadded,48,64,87381,28893228,138.440217,avx512-vbmi,avx512-vbmi,avx512-vbmi,x86_64,linux,0
1,commit-3-amd-9950x3d,run-2,4,base64-ng,decode,standard,unpadded,48,64,87381,28841040,138.690725,avx512-vbmi,avx512-vbmi,avx512-vbmi,x86_64,linux,0
1,commit-3-amd-9950x3d,run-2,0,base64-0.23.0,encode,standard,unpadded,48,64,87381,1518499,2634.170152,external,avx512-vbmi,avx512-vbmi,x86_64,linux,0
1,commit-3-amd-9950x3d,run-2,1,base64-0.23.0,encode,standard,unpadded,48,64,87381,1541231,2595.318120,external,avx512-vbmi,avx512-vbmi,x86_64,linux,0
1,commit-3-amd-9950x3d,run-2,2,base64-0.23.0,encode,standard,unpadded,48,64,87381,1555318,2571.811515,external,avx512-vbmi,avx512-vbmi,x86_64,linux,0
1,commit-3-amd-9950x3d,run-2,3,base64-0.23.0,encode,standard,unpadded,48,64,87381,1555489,2571.528787,external,avx512-vbmi,avx512-vbmi,x86_64,linux,0
1,commit-3-amd-9950x3d,run-2,4,base64-0.23.0,encode,standard,unpadded,48,64,87381,1557091,2568.883091,external,avx512-vbmi,avx512-vbmi,x86_64,linux,0
1,commit-3-amd-9950x3d,run-2,0,base64-0.23.0,decode,standard,unpadded,48,64,87381,2198308,1819.574300,external,avx512-vbmi,avx512-vbmi,x86_64,linux,0
1,commit-3-amd-9950x3d,run-2,1,base64-0.23.0,decode,standard,unpadded,48,64,87381,2208537,1811.146809,external,avx512-vbmi,avx512-vbmi,x86_64,linux,0
1,commit-3-amd-9950x3d,run-2,2,base64-0.23.0,decode,standard,unpadded,48,64,87381,2181637,1833.478595,external,avx512-vbmi,avx512-vbmi,x86_64,linux,0
1,commit-3-amd-9950x3d,run-2,3,base64-0.23.0,decode,standard,unpadded,48,64,87381,2194661,1822.597996,external,avx512-vbmi,avx512-vbmi,x86_64,linux,0
1,commit-3-amd-9950x3d,run-2,4,base64-0.23.0,decode,standard,unpadded,48,64,87381,2186846,1829.111305,external,avx512-vbmi,avx512-vbmi,x86_64,linux,0
1,commit-3-amd-9950x3d,run-2,0,base64ct-1.8.3,encode,standard,unpadded,48,64,87381,2523099,1585.345934,external,avx512-vbmi,avx512-vbmi,x86_64,linux,0
1,commit-3-amd-9950x3d,run-2,1,base64ct-1.8.3,encode,standard,unpadded,48,64,87381,2504655,1597.020245,external,avx512-vbmi,avx512-vbmi,x86_64,linux,0
1,commit-3-amd-9950x3d,run-2,2,base64ct-1.8.3,encode,standard,unpadded,48,64,87381,2517639,1588.784072,external,avx512-vbmi,avx512-vbmi,x86_64,linux,0
1,commit-3-amd-9950x3d,run-2,3,base64ct-1.8.3,encode,standard,unpadded,48,64,87381,2532577,1579.412883,external,avx512-vbmi,avx512-vbmi,x86_64,linux,0
1,commit-3-amd-9950x3d,run-2,4,base64ct-1.8.3,encode,standard,unpadded,48,64,87381,2523510,1585.087731,external,avx512-vbmi,avx512-vbmi,x86_64,linux,0
1,commit-3-amd-9950x3d,run-2,0,base64ct-1.8.3,decode,standard,unpadded,48,64,87381,5847007,684.108081,external,avx512-vbmi,avx512-vbmi,x86_64,linux,0
1,commit-3-amd-9950x3d,run-2,1,base64ct-1.8.3,decode,standard,unpadded,48,64,87381,5853889,683.303824,external,avx512-vbmi,avx512-vbmi,x86_64,linux,0
1,commit-3-amd-9950x3d,run-2,2,base64ct-1.8.3,decode,standard,unpadded,48,64,87381,5885509,679.632763,external,avx512-vbmi,avx512-vbmi,x86_64,linux,0
1,commit-3-amd-9950x3d,run-2,3,base64ct-1.8.3,decode,standard,unpadded,48,64,87381,5860051,682.585312,external,avx512-vbmi,avx512-vbmi,x86_64,linux,0
1,commit-3-amd-9950x3d,run-2,4,base64ct-1.8.3,decode,standard,unpadded,48,64,87381,5878295,680.466826,external,avx512-vbmi,avx512-vbmi,x86_64,linux,0
1,commit-3-amd-9950x3d,run-2,0,base64-ng,encode,standard,unpadded,63,84,66576,7418635,539.180690,auto,avx512-vbmi,avx512-vbmi,x86_64,linux,0
1,commit-3-amd-9950x3d,run-2,1,base64-ng,encode,standard,unpadded,63,84,66576,7404458,540.213037,auto,avx512-vbmi,avx512-vbmi,x86_64,linux,0
1,commit-3-amd-9950x3d,run-2,2,base64-ng,encode,standard,unpadded,63,84,66576,7366236,543.016100,auto,avx512-vbmi,avx512-vbmi,x86_64,linux,0
1,commit-3-amd-9950x3d,run-2,3,base64-ng,encode,standard,unpadded,63,84,66576,7390431,541.238358,auto,avx512-vbmi,avx512-vbmi,x86_64,linux,0
1,commit-3-amd-9950x3d,run-2,4,base64-ng,encode,standard,unpadded,63,84,66576,7319078,546.514840,auto,avx512-vbmi,avx512-vbmi,x86_64,linux,0
1,commit-3-amd-9950x3d,run-2,0,base64-ng,decode,standard,unpadded,63,84,66576,34652760,115.430481,auto,avx512-vbmi,avx512-vbmi,x86_64,linux,0
1,commit-3-amd-9950x3d,run-2,1,base64-ng,decode,standard,unpadded,63,84,66576,34866423,114.723117,auto,avx512-vbmi,avx512-vbmi,x86_64,linux,0
1,commit-3-amd-9950x3d,run-2,2,base64-ng,decode,standard,unpadded,63,84,66576,34737259,115.149694,auto,avx512-vbmi,avx512-vbmi,x86_64,linux,0
1,commit-3-amd-9950x3d,run-2,3,base64-ng,decode,standard,unpadded,63,84,66576,34648863,115.443463,auto,avx512-vbmi,avx512-vbmi,x86_64,linux,0
1,commit-3-amd-9950x3d,run-2,4,base64-ng,decode,standard,unpadded,63,84,66576,34308352,116.589242,auto,avx512-vbmi,avx512-vbmi,x86_64,linux,0
1,commit-3-amd-9950x3d,run-2,0,base64-ng,encode,standard,unpadded,63,84,66576,4255961,939.854651,scalar,avx512-vbmi,avx512-vbmi,x86_64,linux,0
1,commit-3-amd-9950x3d,run-2,1,base64-ng,encode,standard,unpadded,63,84,66576,4243999,942.503696,scalar,avx512-vbmi,avx512-vbmi,x86_64,linux,0
1,commit-3-amd-9950x3d,run-2,2,base64-ng,encode,standard,unpadded,63,84,66576,4207821,950.607153,scalar,avx512-vbmi,avx512-vbmi,x86_64,linux,0
1,commit-3-amd-9950x3d,run-2,3,base64-ng,encode,standard,unpadded,63,84,66576,4233249,944.897109,scalar,avx512-vbmi,avx512-vbmi,x86_64,linux,0
1,commit-3-amd-9950x3d,run-2,4,base64-ng,encode,standard,unpadded,63,84,66576,4276881,935.257432,scalar,avx512-vbmi,avx512-vbmi,x86_64,linux,0
1,commit-3-amd-9950x3d,run-2,0,base64-ng,decode,standard,unpadded,63,84,66576,13922718,287.299128,scalar,avx512-vbmi,avx512-vbmi,x86_64,linux,0
1,commit-3-amd-9950x3d,run-2,1,base64-ng,decode,standard,unpadded,63,84,66576,13918250,287.391356,scalar,avx512-vbmi,avx512-vbmi,x86_64,linux,0
1,commit-3-amd-9950x3d,run-2,2,base64-ng,decode,standard,unpadded,63,84,66576,13921316,287.328062,scalar,avx512-vbmi,avx512-vbmi,x86_64,linux,0
1,commit-3-amd-9950x3d,run-2,3,base64-ng,decode,standard,unpadded,63,84,66576,13952184,286.692373,scalar,avx512-vbmi,avx512-vbmi,x86_64,linux,0
1,commit-3-amd-9950x3d,run-2,4,base64-ng,decode,standard,unpadded,63,84,66576,13941053,286.921278,scalar,avx512-vbmi,avx512-vbmi,x86_64,linux,0
1,commit-3-amd-9950x3d,run-2,0,base64-ng,encode,standard,unpadded,63,84,66576,13589271,294.348736,ssse3-sse4.1,avx512-vbmi,avx512-vbmi,x86_64,linux,0
1,commit-3-amd-9950x3d,run-2,1,base64-ng,encode,standard,unpadded,63,84,66576,13458785,297.202514,ssse3-sse4.1,avx512-vbmi,avx512-vbmi,x86_64,linux,0
1,commit-3-amd-9950x3d,run-2,2,base64-ng,encode,standard,unpadded,63,84,66576,13571487,294.734449,ssse3-sse4.1,avx512-vbmi,avx512-vbmi,x86_64,linux,0
1,commit-3-amd-9950x3d,run-2,3,base64-ng,encode,standard,unpadded,63,84,66576,13484524,296.635220,ssse3-sse4.1,avx512-vbmi,avx512-vbmi,x86_64,linux,0
1,commit-3-amd-9950x3d,run-2,4,base64-ng,encode,standard,unpadded,63,84,66576,13507927,296.121288,ssse3-sse4.1,avx512-vbmi,avx512-vbmi,x86_64,linux,0
1,commit-3-amd-9950x3d,run-2,0,base64-ng,decode,standard,unpadded,63,84,66576,49969443,80.048616,ssse3-sse4.1,avx512-vbmi,avx512-vbmi,x86_64,linux,0
1,commit-3-amd-9950x3d,run-2,1,base64-ng,decode,standard,unpadded,63,84,66576,50076023,79.878243,ssse3-sse4.1,avx512-vbmi,avx512-vbmi,x86_64,linux,0
1,commit-3-amd-9950x3d,run-2,2,base64-ng,decode,standard,unpadded,63,84,66576,50213082,79.660212,ssse3-sse4.1,avx512-vbmi,avx512-vbmi,x86_64,linux,0
1,commit-3-amd-9950x3d,run-2,3,base64-ng,decode,standard,unpadded,63,84,66576,50110128,79.823878,ssse3-sse4.1,avx512-vbmi,avx512-vbmi,x86_64,linux,0
1,commit-3-amd-9950x3d,run-2,4,base64-ng,decode,standard,unpadded,63,84,66576,50120106,79.807986,ssse3-sse4.1,avx512-vbmi,avx512-vbmi,x86_64,linux,0
1,commit-3-amd-9950x3d,run-2,0,base64-ng,encode,standard,unpadded,63,84,66576,8676993,460.987434,avx2,avx512-vbmi,avx512-vbmi,x86_64,linux,0
1,commit-3-amd-9950x3d,run-2,1,base64-ng,encode,standard,unpadded,63,84,66576,8666644,461.537908,avx2,avx512-vbmi,avx512-vbmi,x86_64,linux,0
1,commit-3-amd-9950x3d,run-2,2,base64-ng,encode,standard,unpadded,63,84,66576,8610489,464.547918,avx2,avx512-vbmi,avx512-vbmi,x86_64,linux,0
1,commit-3-amd-9950x3d,run-2,3,base64-ng,encode,standard,unpadded,63,84,66576,8642388,462.833275,avx2,avx512-vbmi,avx512-vbmi,x86_64,linux,0
1,commit-3-amd-9950x3d,run-2,4,base64-ng,encode,standard,unpadded,63,84,66576,8640465,462.936282,avx2,avx512-vbmi,avx512-vbmi,x86_64,linux,0
1,commit-3-amd-9950x3d,run-2,0,base64-ng,decode,standard,unpadded,63,84,66576,40059148,99.851967,avx2,avx512-vbmi,avx512-vbmi,x86_64,linux,0
1,commit-3-amd-9950x3d,run-2,1,base64-ng,decode,standard,unpadded,63,84,66576,39808296,100.481185,avx2,avx512-vbmi,avx512-vbmi,x86_64,linux,0
1,commit-3-amd-9950x3d,run-2,2,base64-ng,decode,standard,unpadded,63,84,66576,39965321,100.086391,avx2,avx512-vbmi,avx512-vbmi,x86_64,linux,0
1,commit-3-amd-9950x3d,run-2,3,base64-ng,decode,standard,unpadded,63,84,66576,39790752,100.525487,avx2,avx512-vbmi,avx512-vbmi,x86_64,linux,0
1,commit-3-amd-9950x3d,run-2,4,base64-ng,decode,standard,unpadded,63,84,66576,40188771,99.529910,avx2,avx512-vbmi,avx512-vbmi,x86_64,linux,0
1,commit-3-amd-9950x3d,run-2,0,base64-ng,encode,standard,unpadded,63,84,66576,6507280,614.693811,avx512-vbmi,avx512-vbmi,avx512-vbmi,x86_64,linux,0
1,commit-3-amd-9950x3d,run-2,1,base64-ng,encode,standard,unpadded,63,84,66576,6520414,613.455640,avx512-vbmi,avx512-vbmi,avx512-vbmi,x86_64,linux,0
1,commit-3-amd-9950x3d,run-2,2,base64-ng,encode,standard,unpadded,63,84,66576,6501859,615.206319,avx512-vbmi,avx512-vbmi,avx512-vbmi,x86_64,linux,0
1,commit-3-amd-9950x3d,run-2,3,base64-ng,encode,standard,unpadded,63,84,66576,6496439,615.719587,avx512-vbmi,avx512-vbmi,avx512-vbmi,x86_64,linux,0
1,commit-3-amd-9950x3d,run-2,4,base64-ng,encode,standard,unpadded,63,84,66576,6498894,615.486995,avx512-vbmi,avx512-vbmi,avx512-vbmi,x86_64,linux,0
1,commit-3-amd-9950x3d,run-2,0,base64-ng,decode,standard,unpadded,63,84,66576,33894142,118.014043,avx512-vbmi,avx512-vbmi,avx512-vbmi,x86_64,linux,0
1,commit-3-amd-9950x3d,run-2,1,base64-ng,decode,standard,unpadded,63,84,66576,33860139,118.132555,avx512-vbmi,avx512-vbmi,avx512-vbmi,x86_64,linux,0
1,commit-3-amd-9950x3d,run-2,2,base64-ng,decode,standard,unpadded,63,84,66576,33873203,118.086995,avx512-vbmi,avx512-vbmi,avx512-vbmi,x86_64,linux,0
1,commit-3-amd-9950x3d,run-2,3,base64-ng,decode,standard,unpadded,63,84,66576,33972089,117.743267,avx512-vbmi,avx512-vbmi,avx512-vbmi,x86_64,linux,0
1,commit-3-amd-9950x3d,run-2,4,base64-ng,decode,standard,unpadded,63,84,66576,33951430,117.814912,avx512-vbmi,avx512-vbmi,avx512-vbmi,x86_64,linux,0
1,commit-3-amd-9950x3d,run-2,0,base64-0.23.0,encode,standard,unpadded,63,84,66576,1274469,3138.550048,external,avx512-vbmi,avx512-vbmi,x86_64,linux,0
1,commit-3-amd-9950x3d,run-2,1,base64-0.23.0,encode,standard,unpadded,63,84,66576,1287143,3107.645958,external,avx512-vbmi,avx512-vbmi,x86_64,linux,0
1,commit-3-amd-9950x3d,run-2,2,base64-0.23.0,encode,standard,unpadded,63,84,66576,1298725,3079.932042,external,avx512-vbmi,avx512-vbmi,x86_64,linux,0
1,commit-3-amd-9950x3d,run-2,3,base64-0.23.0,encode,standard,unpadded,63,84,66576,1310878,3051.378344,external,avx512-vbmi,avx512-vbmi,x86_64,linux,0
1,commit-3-amd-9950x3d,run-2,4,base64-0.23.0,encode,standard,unpadded,63,84,66576,1312611,3047.349703,external,avx512-vbmi,avx512-vbmi,x86_64,linux,0
1,commit-3-amd-9950x3d,run-2,0,base64-0.23.0,decode,standard,unpadded,63,84,66576,1841346,2172.315655,external,avx512-vbmi,avx512-vbmi,x86_64,linux,0
1,commit-3-amd-9950x3d,run-2,1,base64-0.23.0,decode,standard,unpadded,63,84,66576,1862095,2148.109920,external,avx512-vbmi,avx512-vbmi,x86_64,linux,0
1,commit-3-amd-9950x3d,run-2,2,base64-0.23.0,decode,standard,unpadded,63,84,66576,1858809,2151.907346,external,avx512-vbmi,avx512-vbmi,x86_64,linux,0
1,commit-3-amd-9950x3d,run-2,3,base64-0.23.0,decode,standard,unpadded,63,84,66576,1863859,2146.076898,external,avx512-vbmi,avx512-vbmi,x86_64,linux,0
1,commit-3-amd-9950x3d,run-2,4,base64-0.23.0,decode,standard,unpadded,63,84,66576,1851195,2160.758181,external,avx512-vbmi,avx512-vbmi,x86_64,linux,0
1,commit-3-amd-9950x3d,run-2,0,base64ct-1.8.3,encode,standard,unpadded,63,84,66576,1739504,2299.497294,external,avx512-vbmi,avx512-vbmi,x86_64,linux,0
1,commit-3-amd-9950x3d,run-2,1,base64ct-1.8.3,encode,standard,unpadded,63,84,66576,1720980,2324.248243,external,avx512-vbmi,avx512-vbmi,x86_64,linux,0
1,commit-3-amd-9950x3d,run-2,2,base64ct-1.8.3,encode,standard,unpadded,63,84,66576,1731639,2309.941472,external,avx512-vbmi,avx512-vbmi,x86_64,linux,0
1,commit-3-amd-9950x3d,run-2,3,base64ct-1.8.3,encode,standard,unpadded,63,84,66576,1740397,2298.317419,external,avx512-vbmi,avx512-vbmi,x86_64,linux,0
1,commit-3-amd-9950x3d,run-2,4,base64ct-1.8.3,encode,standard,unpadded,63,84,66576,1770492,2259.250390,external,avx512-vbmi,avx512-vbmi,x86_64,linux,0
1,commit-3-amd-9950x3d,run-2,0,base64ct-1.8.3,decode,standard,unpadded,63,84,66576,5608377,713.216095,external,avx512-vbmi,avx512-vbmi,x86_64,linux,0
1,commit-3-amd-9950x3d,run-2,1,base64ct-1.8.3,decode,standard,unpadded,63,84,66576,5567721,718.424063,external,avx512-vbmi,avx512-vbmi,x86_64,linux,0
1,commit-3-amd-9950x3d,run-2,2,base64ct-1.8.3,decode,standard,unpadded,63,84,66576,5522386,724.321831,external,avx512-vbmi,avx512-vbmi,x86_64,linux,0
1,commit-3-amd-9950x3d,run-2,3,base64ct-1.8.3,decode,standard,unpadded,63,84,66576,5527675,723.628784,external,avx512-vbmi,avx512-vbmi,x86_64,linux,0
1,commit-3-amd-9950x3d,run-2,4,base64ct-1.8.3,decode,standard,unpadded,63,84,66576,5520081,724.624284,external,avx512-vbmi,avx512-vbmi,x86_64,linux,0
1,commit-3-amd-9950x3d,run-2,0,base64-ng,encode,standard,unpadded,64,86,65536,7280425,549.418475,auto,avx512-vbmi,avx512-vbmi,x86_64,linux,0
1,commit-3-amd-9950x3d,run-2,1,base64-ng,encode,standard,unpadded,64,86,65536,7270777,550.147529,auto,avx512-vbmi,avx512-vbmi,x86_64,linux,0
1,commit-3-amd-9950x3d,run-2,2,base64-ng,encode,standard,unpadded,64,86,65536,7250859,551.658776,auto,avx512-vbmi,avx512-vbmi,x86_64,linux,0
1,commit-3-amd-9950x3d,run-2,3,base64-ng,encode,standard,unpadded,64,86,65536,7239066,552.557471,auto,avx512-vbmi,avx512-vbmi,x86_64,linux,0
1,commit-3-amd-9950x3d,run-2,4,base64-ng,encode,standard,unpadded,64,86,65536,7215983,554.325031,auto,avx512-vbmi,avx512-vbmi,x86_64,linux,0
1,commit-3-amd-9950x3d,run-2,0,base64-ng,decode,standard,unpadded,64,86,65536,33855450,118.149367,auto,avx512-vbmi,avx512-vbmi,x86_64,linux,0
1,commit-3-amd-9950x3d,run-2,1,base64-ng,decode,standard,unpadded,64,86,65536,33791229,118.373913,auto,avx512-vbmi,avx512-vbmi,x86_64,linux,0
1,commit-3-amd-9950x3d,run-2,2,base64-ng,decode,standard,unpadded,64,86,65536,33864767,118.116862,auto,avx512-vbmi,avx512-vbmi,x86_64,linux,0
1,commit-3-amd-9950x3d,run-2,3,base64-ng,decode,standard,unpadded,64,86,65536,33826004,118.252218,auto,avx512-vbmi,avx512-vbmi,x86_64,linux,0
1,commit-3-amd-9950x3d,run-2,4,base64-ng,decode,standard,unpadded,64,86,65536,33874545,118.082767,auto,avx512-vbmi,avx512-vbmi,x86_64,linux,0
1,commit-3-amd-9950x3d,run-2,0,base64-ng,encode,standard,unpadded,64,86,65536,4318479,926.252044,scalar,avx512-vbmi,avx512-vbmi,x86_64,linux,0
1,commit-3-amd-9950x3d,run-2,1,base64-ng,encode,standard,unpadded,64,86,65536,4315404,926.912057,scalar,avx512-vbmi,avx512-vbmi,x86_64,linux,0
1,commit-3-amd-9950x3d,run-2,2,base64-ng,encode,standard,unpadded,64,86,65536,4315123,926.972418,scalar,avx512-vbmi,avx512-vbmi,x86_64,linux,0
1,commit-3-amd-9950x3d,run-2,3,base64-ng,encode,standard,unpadded,64,86,65536,4315804,926.826149,scalar,avx512-vbmi,avx512-vbmi,x86_64,linux,0
1,commit-3-amd-9950x3d,run-2,4,base64-ng,encode,standard,unpadded,64,86,65536,4318950,926.151032,scalar,avx512-vbmi,avx512-vbmi,x86_64,linux,0
1,commit-3-amd-9950x3d,run-2,0,base64-ng,decode,standard,unpadded,64,86,65536,14144235,282.800731,scalar,avx512-vbmi,avx512-vbmi,x86_64,linux,0
1,commit-3-amd-9950x3d,run-2,1,base64-ng,decode,standard,unpadded,64,86,65536,14045449,284.789756,scalar,avx512-vbmi,avx512-vbmi,x86_64,linux,0
1,commit-3-amd-9950x3d,run-2,2,base64-ng,decode,standard,unpadded,64,86,65536,14143194,282.821547,scalar,avx512-vbmi,avx512-vbmi,x86_64,linux,0
1,commit-3-amd-9950x3d,run-2,3,base64-ng,decode,standard,unpadded,64,86,65536,14123816,283.209580,scalar,avx512-vbmi,avx512-vbmi,x86_64,linux,0
1,commit-3-amd-9950x3d,run-2,4,base64-ng,decode,standard,unpadded,64,86,65536,14085104,283.987963,scalar,avx512-vbmi,avx512-vbmi,x86_64,linux,0
1,commit-3-amd-9950x3d,run-2,0,base64-ng,encode,standard,unpadded,64,86,65536,13514350,295.981679,ssse3-sse4.1,avx512-vbmi,avx512-vbmi,x86_64,linux,0
1,commit-3-amd-9950x3d,run-2,1,base64-ng,encode,standard,unpadded,64,86,65536,13530580,295.626647,ssse3-sse4.1,avx512-vbmi,avx512-vbmi,x86_64,linux,0
1,commit-3-amd-9950x3d,run-2,2,base64-ng,encode,standard,unpadded,64,86,65536,13507486,296.132086,ssse3-sse4.1,avx512-vbmi,avx512-vbmi,x86_64,linux,0
1,commit-3-amd-9950x3d,run-2,3,base64-ng,encode,standard,unpadded,64,86,65536,13580714,294.535324,ssse3-sse4.1,avx512-vbmi,avx512-vbmi,x86_64,linux,0
1,commit-3-amd-9950x3d,run-2,4,base64-ng,encode,standard,unpadded,64,86,65536,13545719,295.296248,ssse3-sse4.1,avx512-vbmi,avx512-vbmi,x86_64,linux,0
1,commit-3-amd-9950x3d,run-2,0,base64-ng,decode,standard,unpadded,64,86,65536,49598183,80.648116,ssse3-sse4.1,avx512-vbmi,avx512-vbmi,x86_64,linux,0
1,commit-3-amd-9950x3d,run-2,1,base64-ng,decode,standard,unpadded,64,86,65536,49716496,80.456193,ssse3-sse4.1,avx512-vbmi,avx512-vbmi,x86_64,linux,0
1,commit-3-amd-9950x3d,run-2,2,base64-ng,decode,standard,unpadded,64,86,65536,49774075,80.363121,ssse3-sse4.1,avx512-vbmi,avx512-vbmi,x86_64,linux,0
1,commit-3-amd-9950x3d,run-2,3,base64-ng,decode,standard,unpadded,64,86,65536,49556866,80.715354,ssse3-sse4.1,avx512-vbmi,avx512-vbmi,x86_64,linux,0
1,commit-3-amd-9950x3d,run-2,4,base64-ng,decode,standard,unpadded,64,86,65536,49730694,80.433223,ssse3-sse4.1,avx512-vbmi,avx512-vbmi,x86_64,linux,0
1,commit-3-amd-9950x3d,run-2,0,base64-ng,encode,standard,unpadded,64,86,65536,8677685,460.952431,avx2,avx512-vbmi,avx512-vbmi,x86_64,linux,0
1,commit-3-amd-9950x3d,run-2,1,base64-ng,encode,standard,unpadded,64,86,65536,8672084,461.250145,avx2,avx512-vbmi,avx512-vbmi,x86_64,linux,0
1,commit-3-amd-9950x3d,run-2,2,base64-ng,encode,standard,unpadded,64,86,65536,8722439,458.587329,avx2,avx512-vbmi,avx512-vbmi,x86_64,linux,0
1,commit-3-amd-9950x3d,run-2,3,base64-ng,encode,standard,unpadded,64,86,65536,8705938,459.456523,avx2,avx512-vbmi,avx512-vbmi,x86_64,linux,0
1,commit-3-amd-9950x3d,run-2,4,base64-ng,encode,standard,unpadded,64,86,65536,8694577,460.056884,avx2,avx512-vbmi,avx512-vbmi,x86_64,linux,0
1,commit-3-amd-9950x3d,run-2,0,base64-ng,decode,standard,unpadded,64,86,65536,39646210,100.892368,avx2,avx512-vbmi,avx512-vbmi,x86_64,linux,0
1,commit-3-amd-9950x3d,run-2,1,base64-ng,decode,standard,unpadded,64,86,65536,39718125,100.709689,avx2,avx512-vbmi,avx512-vbmi,x86_64,linux,0
1,commit-3-amd-9950x3d,run-2,2,base64-ng,decode,standard,unpadded,64,86,65536,39603800,101.000409,avx2,avx512-vbmi,avx512-vbmi,x86_64,linux,0
1,commit-3-amd-9950x3d,run-2,3,base64-ng,decode,standard,unpadded,64,86,65536,39505686,101.251248,avx2,avx512-vbmi,avx512-vbmi,x86_64,linux,0
1,commit-3-amd-9950x3d,run-2,4,base64-ng,decode,standard,unpadded,64,86,65536,39502289,101.259955,avx2,avx512-vbmi,avx512-vbmi,x86_64,linux,0
1,commit-3-amd-9950x3d,run-2,0,base64-ng,encode,standard,unpadded,64,86,65536,6584755,607.463755,avx512-vbmi,avx512-vbmi,avx512-vbmi,x86_64,linux,0
1,commit-3-amd-9950x3d,run-2,1,base64-ng,encode,standard,unpadded,64,86,65536,6571039,608.731739,avx512-vbmi,avx512-vbmi,avx512-vbmi,x86_64,linux,0
1,commit-3-amd-9950x3d,run-2,2,base64-ng,encode,standard,unpadded,64,86,65536,6571410,608.697372,avx512-vbmi,avx512-vbmi,avx512-vbmi,x86_64,linux,0
1,commit-3-amd-9950x3d,run-2,3,base64-ng,encode,standard,unpadded,64,86,65536,6584084,607.525663,avx512-vbmi,avx512-vbmi,avx512-vbmi,x86_64,linux,0
1,commit-3-amd-9950x3d,run-2,4,base64-ng,encode,standard,unpadded,64,86,65536,6569907,608.836624,avx512-vbmi,avx512-vbmi,avx512-vbmi,x86_64,linux,0
1,commit-3-amd-9950x3d,run-2,0,base64-ng,decode,standard,unpadded,64,86,65536,33853126,118.157478,avx512-vbmi,avx512-vbmi,avx512-vbmi,x86_64,linux,0
1,commit-3-amd-9950x3d,run-2,1,base64-ng,decode,standard,unpadded,64,86,65536,33804945,118.325884,avx512-vbmi,avx512-vbmi,avx512-vbmi,x86_64,linux,0
1,commit-3-amd-9950x3d,run-2,2,base64-ng,decode,standard,unpadded,64,86,65536,33840170,118.202716,avx512-vbmi,avx512-vbmi,avx512-vbmi,x86_64,linux,0
1,commit-3-amd-9950x3d,run-2,3,base64-ng,decode,standard,unpadded,64,86,65536,33848356,118.174129,avx512-vbmi,avx512-vbmi,avx512-vbmi,x86_64,linux,0
1,commit-3-amd-9950x3d,run-2,4,base64-ng,decode,standard,unpadded,64,86,65536,33852794,118.158637,avx512-vbmi,avx512-vbmi,avx512-vbmi,x86_64,linux,0
1,commit-3-amd-9950x3d,run-2,0,base64-0.23.0,encode,standard,unpadded,64,86,65536,1279288,3126.739249,external,avx512-vbmi,avx512-vbmi,x86_64,linux,0
1,commit-3-amd-9950x3d,run-2,1,base64-0.23.0,encode,standard,unpadded,64,86,65536,1294537,3089.907820,external,avx512-vbmi,avx512-vbmi,x86_64,linux,0
1,commit-3-amd-9950x3d,run-2,2,base64-0.23.0,encode,standard,unpadded,64,86,65536,1305838,3063.167100,external,avx512-vbmi,avx512-vbmi,x86_64,linux,0
1,commit-3-amd-9950x3d,run-2,3,base64-0.23.0,encode,standard,unpadded,64,86,65536,1314765,3042.368788,external,avx512-vbmi,avx512-vbmi,x86_64,linux,0
1,commit-3-amd-9950x3d,run-2,4,base64-0.23.0,encode,standard,unpadded,64,86,65536,1317180,3036.790720,external,avx512-vbmi,avx512-vbmi,x86_64,linux,0
1,commit-3-amd-9950x3d,run-2,0,base64-0.23.0,decode,standard,unpadded,64,86,65536,1791452,2232.825663,external,avx512-vbmi,avx512-vbmi,x86_64,linux,0
1,commit-3-amd-9950x3d,run-2,1,base64-0.23.0,decode,standard,unpadded,64,86,65536,1797223,2225.655915,external,avx512-vbmi,avx512-vbmi,x86_64,linux,0
1,commit-3-amd-9950x3d,run-2,2,base64-0.23.0,decode,standard,unpadded,64,86,65536,1798706,2223.820902,external,avx512-vbmi,avx512-vbmi,x86_64,linux,0
1,commit-3-amd-9950x3d,run-2,3,base64-0.23.0,decode,standard,unpadded,64,86,65536,1791192,2233.149768,external,avx512-vbmi,avx512-vbmi,x86_64,linux,0
1,commit-3-amd-9950x3d,run-2,4,base64-0.23.0,decode,standard,unpadded,64,86,65536,1793015,2230.879273,external,avx512-vbmi,avx512-vbmi,x86_64,linux,0
1,commit-3-amd-9950x3d,run-2,0,base64ct-1.8.3,encode,standard,unpadded,64,86,65536,1722813,2321.784198,external,avx512-vbmi,avx512-vbmi,x86_64,linux,0
1,commit-3-amd-9950x3d,run-2,1,base64ct-1.8.3,encode,standard,unpadded,64,86,65536,1727532,2315.441914,external,avx512-vbmi,avx512-vbmi,x86_64,linux,0
1,commit-3-amd-9950x3d,run-2,2,base64ct-1.8.3,encode,standard,unpadded,64,86,65536,1716832,2329.872696,external,avx512-vbmi,avx512-vbmi,x86_64,linux,0
1,commit-3-amd-9950x3d,run-2,3,base64ct-1.8.3,encode,standard,unpadded,64,86,65536,1719056,2326.858462,external,avx512-vbmi,avx512-vbmi,x86_64,linux,0
1,commit-3-amd-9950x3d,run-2,4,base64ct-1.8.3,encode,standard,unpadded,64,86,65536,1732732,2308.493177,external,avx512-vbmi,avx512-vbmi,x86_64,linux,0
1,commit-3-amd-9950x3d,run-2,0,base64ct-1.8.3,decode,standard,unpadded,64,86,65536,6009432,665.620312,external,avx512-vbmi,avx512-vbmi,x86_64,linux,0
1,commit-3-amd-9950x3d,run-2,1,base64ct-1.8.3,decode,standard,unpadded,64,86,65536,6025833,663.808639,external,avx512-vbmi,avx512-vbmi,x86_64,linux,0
1,commit-3-amd-9950x3d,run-2,2,base64ct-1.8.3,decode,standard,unpadded,64,86,65536,6016084,664.884333,external,avx512-vbmi,avx512-vbmi,x86_64,linux,0
1,commit-3-amd-9950x3d,run-2,3,base64ct-1.8.3,decode,standard,unpadded,64,86,65536,6008030,665.775637,external,avx512-vbmi,avx512-vbmi,x86_64,linux,0
1,commit-3-amd-9950x3d,run-2,4,base64ct-1.8.3,decode,standard,unpadded,64,86,65536,6012979,665.227668,external,avx512-vbmi,avx512-vbmi,x86_64,linux,0
1,commit-3-amd-9950x3d,run-2,0,base64-ng,encode,standard,unpadded,1024,1366,4096,3799742,1052.703052,auto,avx512-vbmi,avx512-vbmi,x86_64,linux,0
1,commit-3-amd-9950x3d,run-2,1,base64-ng,encode,standard,unpadded,1024,1366,4096,3779705,1058.283649,auto,avx512-vbmi,avx512-vbmi,x86_64,linux,0
1,commit-3-amd-9950x3d,run-2,2,base64-ng,encode,standard,unpadded,1024,1366,4096,3731284,1072.017032,auto,avx512-vbmi,avx512-vbmi,x86_64,linux,0
1,commit-3-amd-9950x3d,run-2,3,base64-ng,encode,standard,unpadded,1024,1366,4096,3766209,1062.075950,auto,avx512-vbmi,avx512-vbmi,x86_64,linux,0
1,commit-3-amd-9950x3d,run-2,4,base64-ng,encode,standard,unpadded,1024,1366,4096,3765037,1062.406558,auto,avx512-vbmi,avx512-vbmi,x86_64,linux,0
1,commit-3-amd-9950x3d,run-2,0,base64-ng,decode,standard,unpadded,1024,1366,4096,26901019,148.693252,auto,avx512-vbmi,avx512-vbmi,x86_64,linux,0
1,commit-3-amd-9950x3d,run-2,1,base64-ng,decode,standard,unpadded,1024,1366,4096,26954810,148.396520,auto,avx512-vbmi,avx512-vbmi,x86_64,linux,0
1,commit-3-amd-9950x3d,run-2,2,base64-ng,decode,standard,unpadded,1024,1366,4096,26907862,148.655438,auto,avx512-vbmi,avx512-vbmi,x86_64,linux,0
1,commit-3-amd-9950x3d,run-2,3,base64-ng,decode,standard,unpadded,1024,1366,4096,26895468,148.723941,auto,avx512-vbmi,avx512-vbmi,x86_64,linux,0
1,commit-3-amd-9950x3d,run-2,4,base64-ng,decode,standard,unpadded,1024,1366,4096,26945983,148.445132,auto,avx512-vbmi,avx512-vbmi,x86_64,linux,0
1,commit-3-amd-9950x3d,run-2,0,base64-ng,encode,standard,unpadded,1024,1366,4096,1953087,2048.039847,scalar,avx512-vbmi,avx512-vbmi,x86_64,linux,0
1,commit-3-amd-9950x3d,run-2,1,base64-ng,encode,standard,unpadded,1024,1366,4096,1991759,2008.275098,scalar,avx512-vbmi,avx512-vbmi,x86_64,linux,0
1,commit-3-amd-9950x3d,run-2,2,base64-ng,encode,standard,unpadded,1024,1366,4096,1993763,2006.256511,scalar,avx512-vbmi,avx512-vbmi,x86_64,linux,0
1,commit-3-amd-9950x3d,run-2,3,base64-ng,encode,standard,unpadded,1024,1366,4096,1999053,2000.947449,scalar,avx512-vbmi,avx512-vbmi,x86_64,linux,0
1,commit-3-amd-9950x3d,run-2,4,base64-ng,encode,standard,unpadded,1024,1366,4096,1993463,2006.558436,scalar,avx512-vbmi,avx512-vbmi,x86_64,linux,0
1,commit-3-amd-9950x3d,run-2,0,base64-ng,decode,standard,unpadded,1024,1366,4096,13746777,290.977296,scalar,avx512-vbmi,avx512-vbmi,x86_64,linux,0
1,commit-3-amd-9950x3d,run-2,1,base64-ng,decode,standard,unpadded,1024,1366,4096,13765692,290.577473,scalar,avx512-vbmi,avx512-vbmi,x86_64,linux,0
1,commit-3-amd-9950x3d,run-2,2,base64-ng,decode,standard,unpadded,1024,1366,4096,13797032,289.917426,scalar,avx512-vbmi,avx512-vbmi,x86_64,linux,0
1,commit-3-amd-9950x3d,run-2,3,base64-ng,decode,standard,unpadded,1024,1366,4096,13785980,290.149848,scalar,avx512-vbmi,avx512-vbmi,x86_64,linux,0
1,commit-3-amd-9950x3d,run-2,4,base64-ng,decode,standard,unpadded,1024,1366,4096,13773527,290.412180,scalar,avx512-vbmi,avx512-vbmi,x86_64,linux,0
1,commit-3-amd-9950x3d,run-2,0,base64-ng,encode,standard,unpadded,1024,1366,4096,12660292,315.948479,ssse3-sse4.1,avx512-vbmi,avx512-vbmi,x86_64,linux,0
1,commit-3-amd-9950x3d,run-2,1,base64-ng,encode,standard,unpadded,1024,1366,4096,12562588,318.405730,ssse3-sse4.1,avx512-vbmi,avx512-vbmi,x86_64,linux,0
1,commit-3-amd-9950x3d,run-2,2,base64-ng,encode,standard,unpadded,1024,1366,4096,12697872,315.013413,ssse3-sse4.1,avx512-vbmi,avx512-vbmi,x86_64,linux,0
1,commit-3-amd-9950x3d,run-2,3,base64-ng,encode,standard,unpadded,1024,1366,4096,12104335,330.460120,ssse3-sse4.1,avx512-vbmi,avx512-vbmi,x86_64,linux,0
1,commit-3-amd-9950x3d,run-2,4,base64-ng,encode,standard,unpadded,1024,1366,4096,12194755,328.009870,ssse3-sse4.1,avx512-vbmi,avx512-vbmi,x86_64,linux,0
1,commit-3-amd-9950x3d,run-2,0,base64-ng,decode,standard,unpadded,1024,1366,4096,50020358,79.967440,ssse3-sse4.1,avx512-vbmi,avx512-vbmi,x86_64,linux,0
1,commit-3-amd-9950x3d,run-2,1,base64-ng,decode,standard,unpadded,1024,1366,4096,49560693,80.709122,ssse3-sse4.1,avx512-vbmi,avx512-vbmi,x86_64,linux,0
1,commit-3-amd-9950x3d,run-2,2,base64-ng,decode,standard,unpadded,1024,1366,4096,49673235,80.526263,ssse3-sse4.1,avx512-vbmi,avx512-vbmi,x86_64,linux,0
1,commit-3-amd-9950x3d,run-2,3,base64-ng,decode,standard,unpadded,1024,1366,4096,49749809,80.402319,ssse3-sse4.1,avx512-vbmi,avx512-vbmi,x86_64,linux,0
1,commit-3-amd-9950x3d,run-2,4,base64-ng,decode,standard,unpadded,1024,1366,4096,49632518,80.592325,ssse3-sse4.1,avx512-vbmi,avx512-vbmi,x86_64,linux,0
1,commit-3-amd-9950x3d,run-2,0,base64-ng,encode,standard,unpadded,1024,1366,4096,6494405,615.914776,avx2,avx512-vbmi,avx512-vbmi,x86_64,linux,0
1,commit-3-amd-9950x3d,run-2,1,base64-ng,encode,standard,unpadded,1024,1366,4096,6515234,613.945716,avx2,avx512-vbmi,avx512-vbmi,x86_64,linux,0
1,commit-3-amd-9950x3d,run-2,2,base64-ng,encode,standard,unpadded,1024,1366,4096,6532877,612.287664,avx2,avx512-vbmi,avx512-vbmi,x86_64,linux,0
1,commit-3-amd-9950x3d,run-2,3,base64-ng,encode,standard,unpadded,1024,1366,4096,6508451,614.585560,avx2,avx512-vbmi,avx512-vbmi,x86_64,linux,0
1,commit-3-amd-9950x3d,run-2,4,base64-ng,encode,standard,unpadded,1024,1366,4096,6468456,618.385593,avx2,avx512-vbmi,avx512-vbmi,x86_64,linux,0
1,commit-3-amd-9950x3d,run-2,0,base64-ng,decode,standard,unpadded,1024,1366,4096,34652790,115.430821,avx2,avx512-vbmi,avx512-vbmi,x86_64,linux,0
1,commit-3-amd-9950x3d,run-2,1,base64-ng,decode,standard,unpadded,1024,1366,4096,34650336,115.438996,avx2,avx512-vbmi,avx512-vbmi,x86_64,linux,0
1,commit-3-amd-9950x3d,run-2,2,base64-ng,decode,standard,unpadded,1024,1366,4096,34704738,115.258038,avx2,avx512-vbmi,avx512-vbmi,x86_64,linux,0
1,commit-3-amd-9950x3d,run-2,3,base64-ng,decode,standard,unpadded,1024,1366,4096,34653662,115.427916,avx2,avx512-vbmi,avx512-vbmi,x86_64,linux,0
1,commit-3-amd-9950x3d,run-2,4,base64-ng,decode,standard,unpadded,1024,1366,4096,34595422,115.622235,avx2,avx512-vbmi,avx512-vbmi,x86_64,linux,0
1,commit-3-amd-9950x3d,run-2,0,base64-ng,encode,standard,unpadded,1024,1366,4096,3676100,1088.109681,avx512-vbmi,avx512-vbmi,avx512-vbmi,x86_64,linux,0
1,commit-3-amd-9950x3d,run-2,1,base64-ng,encode,standard,unpadded,1024,1366,4096,3698291,1081.580654,avx512-vbmi,avx512-vbmi,avx512-vbmi,x86_64,linux,0
1,commit-3-amd-9950x3d,run-2,2,base64-ng,encode,standard,unpadded,1024,1366,4096,3758555,1064.238783,avx512-vbmi,avx512-vbmi,avx512-vbmi,x86_64,linux,0
1,commit-3-amd-9950x3d,run-2,3,base64-ng,encode,standard,unpadded,1024,1366,4096,3763183,1062.929972,avx512-vbmi,avx512-vbmi,avx512-vbmi,x86_64,linux,0
1,commit-3-amd-9950x3d,run-2,4,base64-ng,encode,standard,unpadded,1024,1366,4096,3756471,1064.829197,avx512-vbmi,avx512-vbmi,avx512-vbmi,x86_64,linux,0
1,commit-3-amd-9950x3d,run-2,0,base64-ng,decode,standard,unpadded,1024,1366,4096,26905086,148.670775,avx512-vbmi,avx512-vbmi,avx512-vbmi,x86_64,linux,0
1,commit-3-amd-9950x3d,run-2,1,base64-ng,decode,standard,unpadded,1024,1366,4096,26804858,149.226681,avx512-vbmi,avx512-vbmi,avx512-vbmi,x86_64,linux,0
1,commit-3-amd-9950x3d,run-2,2,base64-ng,decode,standard,unpadded,1024,1366,4096,26871062,148.859022,avx512-vbmi,avx512-vbmi,avx512-vbmi,x86_64,linux,0
1,commit-3-amd-9950x3d,run-2,3,base64-ng,decode,standard,unpadded,1024,1366,4096,26806901,149.215308,avx512-vbmi,avx512-vbmi,avx512-vbmi,x86_64,linux,0
1,commit-3-amd-9950x3d,run-2,4,base64-ng,decode,standard,unpadded,1024,1366,4096,26859510,148.923044,avx512-vbmi,avx512-vbmi,avx512-vbmi,x86_64,linux,0
1,commit-3-amd-9950x3d,run-2,0,base64-0.23.0,encode,standard,unpadded,1024,1366,4096,810596,4934.640684,external,avx512-vbmi,avx512-vbmi,x86_64,linux,0
1,commit-3-amd-9950x3d,run-2,1,base64-0.23.0,encode,standard,unpadded,1024,1366,4096,814644,4910.120249,external,avx512-vbmi,avx512-vbmi,x86_64,linux,0
1,commit-3-amd-9950x3d,run-2,2,base64-0.23.0,encode,standard,unpadded,1024,1366,4096,820665,4874.096008,external,avx512-vbmi,avx512-vbmi,x86_64,linux,0
1,commit-3-amd-9950x3d,run-2,3,base64-0.23.0,encode,standard,unpadded,1024,1366,4096,822368,4864.002490,external,avx512-vbmi,avx512-vbmi,x86_64,linux,0
1,commit-3-amd-9950x3d,run-2,4,base64-0.23.0,encode,standard,unpadded,1024,1366,4096,821787,4867.441320,external,avx512-vbmi,avx512-vbmi,x86_64,linux,0
1,commit-3-amd-9950x3d,run-2,0,base64-0.23.0,decode,standard,unpadded,1024,1366,4096,990875,4036.836130,external,avx512-vbmi,avx512-vbmi,x86_64,linux,0
1,commit-3-amd-9950x3d,run-2,1,base64-0.23.0,decode,standard,unpadded,1024,1366,4096,995294,4018.913005,external,avx512-vbmi,avx512-vbmi,x86_64,linux,0
1,commit-3-amd-9950x3d,run-2,2,base64-0.23.0,decode,standard,unpadded,1024,1366,4096,997958,4008.184713,external,avx512-vbmi,avx512-vbmi,x86_64,linux,0
1,commit-3-amd-9950x3d,run-2,3,base64-0.23.0,decode,standard,unpadded,1024,1366,4096,999090,4003.643315,external,avx512-vbmi,avx512-vbmi,x86_64,linux,0
1,commit-3-amd-9950x3d,run-2,4,base64-0.23.0,decode,standard,unpadded,1024,1366,4096,1001325,3994.707013,external,avx512-vbmi,avx512-vbmi,x86_64,linux,0
1,commit-3-amd-9950x3d,run-2,0,base64ct-1.8.3,encode,standard,unpadded,1024,1366,4096,1362474,2935.835840,external,avx512-vbmi,avx512-vbmi,x86_64,linux,0
1,commit-3-amd-9950x3d,run-2,1,base64ct-1.8.3,encode,standard,unpadded,1024,1366,4096,1346685,2970.256593,external,avx512-vbmi,avx512-vbmi,x86_64,linux,0
1,commit-3-amd-9950x3d,run-2,2,base64ct-1.8.3,encode,standard,unpadded,1024,1366,4096,1351684,2959.271546,external,avx512-vbmi,avx512-vbmi,x86_64,linux,0
1,commit-3-amd-9950x3d,run-2,3,base64ct-1.8.3,encode,standard,unpadded,1024,1366,4096,1354700,2952.683251,external,avx512-vbmi,avx512-vbmi,x86_64,linux,0
1,commit-3-amd-9950x3d,run-2,4,base64ct-1.8.3,encode,standard,unpadded,1024,1366,4096,1355111,2951.787713,external,avx512-vbmi,avx512-vbmi,x86_64,linux,0
1,commit-3-amd-9950x3d,run-2,0,base64ct-1.8.3,decode,standard,unpadded,1024,1366,4096,4630878,863.767087,external,avx512-vbmi,avx512-vbmi,x86_64,linux,0
1,commit-3-amd-9950x3d,run-2,1,base64ct-1.8.3,decode,standard,unpadded,1024,1366,4096,4642819,861.545539,external,avx512-vbmi,avx512-vbmi,x86_64,linux,0
1,commit-3-amd-9950x3d,run-2,2,base64ct-1.8.3,decode,standard,unpadded,1024,1366,4096,4654021,859.471842,external,avx512-vbmi,avx512-vbmi,x86_64,linux,0
1,commit-3-amd-9950x3d,run-2,3,base64ct-1.8.3,decode,standard,unpadded,1024,1366,4096,4630406,863.855135,external,avx512-vbmi,avx512-vbmi,x86_64,linux,0
1,commit-3-amd-9950x3d,run-2,4,base64ct-1.8.3,decode,standard,unpadded,1024,1366,4096,4625668,864.739968,external,avx512-vbmi,avx512-vbmi,x86_64,linux,0
1,commit-3-amd-9950x3d,run-2,0,base64-ng,encode,standard,unpadded,65536,87382,64,3538531,1130.412592,auto,avx512-vbmi,avx512-vbmi,x86_64,linux,0
1,commit-3-amd-9950x3d,run-2,1,base64-ng,encode,standard,unpadded,65536,87382,64,3518113,1136.973144,auto,avx512-vbmi,avx512-vbmi,x86_64,linux,0
1,commit-3-amd-9950x3d,run-2,2,base64-ng,encode,standard,unpadded,65536,87382,64,3501170,1142.475230,auto,avx512-vbmi,avx512-vbmi,x86_64,linux,0
1,commit-3-amd-9950x3d,run-2,3,base64-ng,encode,standard,unpadded,65536,87382,64,3525777,1134.501700,auto,avx512-vbmi,avx512-vbmi,x86_64,linux,0
1,commit-3-amd-9950x3d,run-2,4,base64-ng,encode,standard,unpadded,65536,87382,64,3513133,1138.584847,auto,avx512-vbmi,avx512-vbmi,x86_64,linux,0
1,commit-3-amd-9950x3d,run-2,0,base64-ng,decode,standard,unpadded,65536,87382,64,26422468,151.386313,auto,avx512-vbmi,avx512-vbmi,x86_64,linux,0
1,commit-3-amd-9950x3d,run-2,1,base64-ng,decode,standard,unpadded,65536,87382,64,26406818,151.476032,auto,avx512-vbmi,avx512-vbmi,x86_64,linux,0
1,commit-3-amd-9950x3d,run-2,2,base64-ng,decode,standard,unpadded,65536,87382,64,26387843,151.584955,auto,avx512-vbmi,avx512-vbmi,x86_64,linux,0
1,commit-3-amd-9950x3d,run-2,3,base64-ng,decode,standard,unpadded,65536,87382,64,26447244,151.244493,auto,avx512-vbmi,avx512-vbmi,x86_64,linux,0
1,commit-3-amd-9950x3d,run-2,4,base64-ng,decode,standard,unpadded,65536,87382,64,26412580,151.442987,auto,avx512-vbmi,avx512-vbmi,x86_64,linux,0
1,commit-3-amd-9950x3d,run-2,0,base64-ng,encode,standard,unpadded,65536,87382,64,1802322,2219.359249,scalar,avx512-vbmi,avx512-vbmi,x86_64,linux,0
1,commit-3-amd-9950x3d,run-2,1,base64-ng,encode,standard,unpadded,65536,87382,64,1805369,2215.613539,scalar,avx512-vbmi,avx512-vbmi,x86_64,linux,0
1,commit-3-amd-9950x3d,run-2,2,base64-ng,encode,standard,unpadded,65536,87382,64,1820657,2197.009102,scalar,avx512-vbmi,avx512-vbmi,x86_64,linux,0
1,commit-3-amd-9950x3d,run-2,3,base64-ng,encode,standard,unpadded,65536,87382,64,1826198,2190.342997,scalar,avx512-vbmi,avx512-vbmi,x86_64,linux,0
1,commit-3-amd-9950x3d,run-2,4,base64-ng,encode,standard,unpadded,65536,87382,64,1819896,2197.927794,scalar,avx512-vbmi,avx512-vbmi,x86_64,linux,0
1,commit-3-amd-9950x3d,run-2,0,base64-ng,decode,standard,unpadded,65536,87382,64,13642491,293.201586,scalar,avx512-vbmi,avx512-vbmi,x86_64,linux,0
1,commit-3-amd-9950x3d,run-2,1,base64-ng,decode,standard,unpadded,65536,87382,64,13680812,292.380306,scalar,avx512-vbmi,avx512-vbmi,x86_64,linux,0
1,commit-3-amd-9950x3d,run-2,2,base64-ng,decode,standard,unpadded,65536,87382,64,13677326,292.454826,scalar,avx512-vbmi,avx512-vbmi,x86_64,linux,0
1,commit-3-amd-9950x3d,run-2,3,base64-ng,decode,standard,unpadded,65536,87382,64,13645897,293.128403,scalar,avx512-vbmi,avx512-vbmi,x86_64,linux,0
1,commit-3-amd-9950x3d,run-2,4,base64-ng,decode,standard,unpadded,65536,87382,64,13648813,293.065778,scalar,avx512-vbmi,avx512-vbmi,x86_64,linux,0
1,commit-3-amd-9950x3d,run-2,0,base64-ng,encode,standard,unpadded,65536,87382,64,12094527,330.728105,ssse3-sse4.1,avx512-vbmi,avx512-vbmi,x86_64,linux,0
1,commit-3-amd-9950x3d,run-2,1,base64-ng,encode,standard,unpadded,65536,87382,64,12054982,331.813021,ssse3-sse4.1,avx512-vbmi,avx512-vbmi,x86_64,linux,0
1,commit-3-amd-9950x3d,run-2,2,base64-ng,encode,standard,unpadded,65536,87382,64,12029154,332.525463,ssse3-sse4.1,avx512-vbmi,avx512-vbmi,x86_64,linux,0
1,commit-3-amd-9950x3d,run-2,3,base64-ng,encode,standard,unpadded,65536,87382,64,11999237,333.354529,ssse3-sse4.1,avx512-vbmi,avx512-vbmi,x86_64,linux,0
1,commit-3-amd-9950x3d,run-2,4,base64-ng,encode,standard,unpadded,65536,87382,64,12040815,332.203426,ssse3-sse4.1,avx512-vbmi,avx512-vbmi,x86_64,linux,0
1,commit-3-amd-9950x3d,run-2,0,base64-ng,decode,standard,unpadded,65536,87382,64,49979070,80.033502,ssse3-sse4.1,avx512-vbmi,avx512-vbmi,x86_64,linux,0
1,commit-3-amd-9950x3d,run-2,1,base64-ng,decode,standard,unpadded,65536,87382,64,50089468,79.857107,ssse3-sse4.1,avx512-vbmi,avx512-vbmi,x86_64,linux,0
1,commit-3-amd-9950x3d,run-2,2,base64-ng,decode,standard,unpadded,65536,87382,64,50120928,79.806982,ssse3-sse4.1,avx512-vbmi,avx512-vbmi,x86_64,linux,0
1,commit-3-amd-9950x3d,run-2,3,base64-ng,decode,standard,unpadded,65536,87382,64,50191361,79.694990,ssse3-sse4.1,avx512-vbmi,avx512-vbmi,x86_64,linux,0
1,commit-3-amd-9950x3d,run-2,4,base64-ng,decode,standard,unpadded,65536,87382,64,50924931,78.546989,ssse3-sse4.1,avx512-vbmi,avx512-vbmi,x86_64,linux,0
1,commit-3-amd-9950x3d,run-2,0,base64-ng,encode,standard,unpadded,65536,87382,64,6398204,625.175440,avx2,avx512-vbmi,avx512-vbmi,x86_64,linux,0
1,commit-3-amd-9950x3d,run-2,1,base64-ng,encode,standard,unpadded,65536,87382,64,6395198,625.469297,avx2,avx512-vbmi,avx512-vbmi,x86_64,linux,0
1,commit-3-amd-9950x3d,run-2,2,base64-ng,encode,standard,unpadded,65536,87382,64,6403585,624.650098,avx2,avx512-vbmi,avx512-vbmi,x86_64,linux,0
1,commit-3-amd-9950x3d,run-2,3,base64-ng,encode,standard,unpadded,65536,87382,64,6401911,624.813435,avx2,avx512-vbmi,avx512-vbmi,x86_64,linux,0
1,commit-3-amd-9950x3d,run-2,4,base64-ng,encode,standard,unpadded,65536,87382,64,6367205,628.219132,avx2,avx512-vbmi,avx512-vbmi,x86_64,linux,0
1,commit-3-amd-9950x3d,run-2,0,base64-ng,decode,standard,unpadded,65536,87382,64,34574944,115.690715,avx2,avx512-vbmi,avx512-vbmi,x86_64,linux,0
1,commit-3-amd-9950x3d,run-2,1,base64-ng,decode,standard,unpadded,65536,87382,64,34500975,115.938752,avx2,avx512-vbmi,avx512-vbmi,x86_64,linux,0
1,commit-3-amd-9950x3d,run-2,2,base64-ng,decode,standard,unpadded,65536,87382,64,34550407,115.772876,avx2,avx512-vbmi,avx512-vbmi,x86_64,linux,0
1,commit-3-amd-9950x3d,run-2,3,base64-ng,decode,standard,unpadded,65536,87382,64,34479575,116.010711,avx2,avx512-vbmi,avx512-vbmi,x86_64,linux,0
1,commit-3-amd-9950x3d,run-2,4,base64-ng,decode,standard,unpadded,65536,87382,64,34536732,115.818717,avx2,avx512-vbmi,avx512-vbmi,x86_64,linux,0
1,commit-3-amd-9950x3d,run-2,0,base64-ng,encode,standard,unpadded,65536,87382,64,3455975,1157.415780,avx512-vbmi,avx512-vbmi,avx512-vbmi,x86_64,linux,0
1,commit-3-amd-9950x3d,run-2,1,base64-ng,encode,standard,unpadded,65536,87382,64,3480692,1149.196769,avx512-vbmi,avx512-vbmi,avx512-vbmi,x86_64,linux,0
1,commit-3-amd-9950x3d,run-2,2,base64-ng,encode,standard,unpadded,65536,87382,64,3466225,1153.993177,avx512-vbmi,avx512-vbmi,avx512-vbmi,x86_64,linux,0
1,commit-3-amd-9950x3d,run-2,3,base64-ng,encode,standard,unpadded,65536,87382,64,3452810,1158.476719,avx512-vbmi,avx512-vbmi,avx512-vbmi,x86_64,linux,0
1,commit-3-amd-9950x3d,run-2,4,base64-ng,encode,standard,unpadded,65536,87382,64,3493926,1144.843938,avx512-vbmi,avx512-vbmi,avx512-vbmi,x86_64,linux,0
1,commit-3-amd-9950x3d,run-2,0,base64-ng,decode,standard,unpadded,65536,87382,64,27216572,146.969280,avx512-vbmi,avx512-vbmi,avx512-vbmi,x86_64,linux,0
1,commit-3-amd-9950x3d,run-2,1,base64-ng,decode,standard,unpadded,65536,87382,64,27252711,146.774389,avx512-vbmi,avx512-vbmi,avx512-vbmi,x86_64,linux,0
1,commit-3-amd-9950x3d,run-2,2,base64-ng,decode,standard,unpadded,65536,87382,64,27261687,146.726063,avx512-vbmi,avx512-vbmi,avx512-vbmi,x86_64,linux,0
1,commit-3-amd-9950x3d,run-2,3,base64-ng,decode,standard,unpadded,65536,87382,64,27077691,147.723083,avx512-vbmi,avx512-vbmi,avx512-vbmi,x86_64,linux,0
1,commit-3-amd-9950x3d,run-2,4,base64-ng,decode,standard,unpadded,65536,87382,64,27150478,147.327056,avx512-vbmi,avx512-vbmi,avx512-vbmi,x86_64,linux,0
1,commit-3-amd-9950x3d,run-2,0,base64-0.23.0,encode,standard,unpadded,65536,87382,64,789416,5067.036898,external,avx512-vbmi,avx512-vbmi,x86_64,linux,0
1,commit-3-amd-9950x3d,run-2,1,base64-0.23.0,encode,standard,unpadded,65536,87382,64,788835,5070.768919,external,avx512-vbmi,avx512-vbmi,x86_64,linux,0
1,commit-3-amd-9950x3d,run-2,2,base64-0.23.0,encode,standard,unpadded,65536,87382,64,792712,5045.968776,external,avx512-vbmi,avx512-vbmi,x86_64,linux,0
1,commit-3-amd-9950x3d,run-2,3,base64-0.23.0,encode,standard,unpadded,65536,87382,64,802801,4982.554830,external,avx512-vbmi,avx512-vbmi,x86_64,linux,0
1,commit-3-amd-9950x3d,run-2,4,base64-0.23.0,encode,standard,unpadded,65536,87382,64,803012,4981.245610,external,avx512-vbmi,avx512-vbmi,x86_64,linux,0
1,commit-3-amd-9950x3d,run-2,0,base64-0.23.0,decode,standard,unpadded,65536,87382,64,940971,4250.928031,external,avx512-vbmi,avx512-vbmi,x86_64,linux,0
1,commit-3-amd-9950x3d,run-2,1,base64-0.23.0,decode,standard,unpadded,65536,87382,64,942574,4243.698638,external,avx512-vbmi,avx512-vbmi,x86_64,linux,0
1,commit-3-amd-9950x3d,run-2,2,base64-0.23.0,decode,standard,unpadded,65536,87382,64,943957,4237.481156,external,avx512-vbmi,avx512-vbmi,x86_64,linux,0
1,commit-3-amd-9950x3d,run-2,3,base64-0.23.0,decode,standard,unpadded,65536,87382,64,945600,4230.118443,external,avx512-vbmi,avx512-vbmi,x86_64,linux,0
1,commit-3-amd-9950x3d,run-2,4,base64-0.23.0,decode,standard,unpadded,65536,87382,64,948205,4218.497055,external,avx512-vbmi,avx512-vbmi,x86_64,linux,0
1,commit-3-amd-9950x3d,run-2,0,base64ct-1.8.3,encode,standard,unpadded,65536,87382,64,1335945,2994.135238,external,avx512-vbmi,avx512-vbmi,x86_64,linux,0
1,commit-3-amd-9950x3d,run-2,1,base64ct-1.8.3,encode,standard,unpadded,65536,87382,64,1319253,3032.018877,external,avx512-vbmi,avx512-vbmi,x86_64,linux,0
1,commit-3-amd-9950x3d,run-2,2,base64ct-1.8.3,encode,standard,unpadded,65536,87382,64,1327068,3014.163555,external,avx512-vbmi,avx512-vbmi,x86_64,linux,0
1,commit-3-amd-9950x3d,run-2,3,base64ct-1.8.3,encode,standard,unpadded,65536,87382,64,1330605,3006.151337,external,avx512-vbmi,avx512-vbmi,x86_64,linux,0
1,commit-3-amd-9950x3d,run-2,4,base64ct-1.8.3,encode,standard,unpadded,65536,87382,64,1326166,3016.213657,external,avx512-vbmi,avx512-vbmi,x86_64,linux,0
1,commit-3-amd-9950x3d,run-2,0,base64ct-1.8.3,decode,standard,unpadded,65536,87382,64,4529055,883.186448,external,avx512-vbmi,avx512-vbmi,x86_64,linux,0
1,commit-3-amd-9950x3d,run-2,1,base64ct-1.8.3,decode,standard,unpadded,65536,87382,64,4531760,882.659276,external,avx512-vbmi,avx512-vbmi,x86_64,linux,0
1,commit-3-amd-9950x3d,run-2,2,base64ct-1.8.3,decode,standard,unpadded,65536,87382,64,4541308,880.803504,external,avx512-vbmi,avx512-vbmi,x86_64,linux,0
1,commit-3-amd-9950x3d,run-2,3,base64ct-1.8.3,decode,standard,unpadded,65536,87382,64,4538704,881.308849,external,avx512-vbmi,avx512-vbmi,x86_64,linux,0
1,commit-3-amd-9950x3d,run-2,4,base64ct-1.8.3,decode,standard,unpadded,65536,87382,64,4533925,882.237796,external,avx512-vbmi,avx512-vbmi,x86_64,linux,0
1,commit-3-amd-9950x3d,run-2,0,base64-ng,encode,url-safe,padded,1,4,4194304,35248262,113.480772,auto,avx512-vbmi,avx512-vbmi,x86_64,linux,0
1,commit-3-amd-9950x3d,run-2,1,base64-ng,encode,url-safe,padded,1,4,4194304,35298335,113.319793,auto,avx512-vbmi,avx512-vbmi,x86_64,linux,0
1,commit-3-amd-9950x3d,run-2,2,base64-ng,encode,url-safe,padded,1,4,4194304,35385410,113.040940,auto,avx512-vbmi,avx512-vbmi,x86_64,linux,0
1,commit-3-amd-9950x3d,run-2,3,base64-ng,encode,url-safe,padded,1,4,4194304,35387403,113.034573,auto,avx512-vbmi,avx512-vbmi,x86_64,linux,0
1,commit-3-amd-9950x3d,run-2,4,base64-ng,encode,url-safe,padded,1,4,4194304,35296131,113.326869,auto,avx512-vbmi,avx512-vbmi,x86_64,linux,0
1,commit-3-amd-9950x3d,run-2,0,base64-ng,decode,url-safe,padded,1,4,4194304,56757761,70.474944,auto,avx512-vbmi,avx512-vbmi,x86_64,linux,0
1,commit-3-amd-9950x3d,run-2,1,base64-ng,decode,url-safe,padded,1,4,4194304,56830819,70.384346,auto,avx512-vbmi,avx512-vbmi,x86_64,linux,0
1,commit-3-amd-9950x3d,run-2,2,base64-ng,decode,url-safe,padded,1,4,4194304,56588142,70.686187,auto,avx512-vbmi,avx512-vbmi,x86_64,linux,0
1,commit-3-amd-9950x3d,run-2,3,base64-ng,decode,url-safe,padded,1,4,4194304,56470490,70.833457,auto,avx512-vbmi,avx512-vbmi,x86_64,linux,0
1,commit-3-amd-9950x3d,run-2,4,base64-ng,decode,url-safe,padded,1,4,4194304,56428801,70.885788,auto,avx512-vbmi,avx512-vbmi,x86_64,linux,0
1,commit-3-amd-9950x3d,run-2,0,base64-ng,encode,url-safe,padded,1,4,4194304,26305578,152.059004,scalar,avx512-vbmi,avx512-vbmi,x86_64,linux,0
1,commit-3-amd-9950x3d,run-2,1,base64-ng,encode,url-safe,padded,1,4,4194304,26330655,151.914185,scalar,avx512-vbmi,avx512-vbmi,x86_64,linux,0
1,commit-3-amd-9950x3d,run-2,2,base64-ng,encode,url-safe,padded,1,4,4194304,26287003,152.166453,scalar,avx512-vbmi,avx512-vbmi,x86_64,linux,0
1,commit-3-amd-9950x3d,run-2,3,base64-ng,encode,url-safe,padded,1,4,4194304,26266534,152.285033,scalar,avx512-vbmi,avx512-vbmi,x86_64,linux,0
1,commit-3-amd-9950x3d,run-2,4,base64-ng,encode,url-safe,padded,1,4,4194304,26287493,152.163616,scalar,avx512-vbmi,avx512-vbmi,x86_64,linux,0
1,commit-3-amd-9950x3d,run-2,0,base64-ng,decode,url-safe,padded,1,4,4194304,38128984,104.907070,scalar,avx512-vbmi,avx512-vbmi,x86_64,linux,0
1,commit-3-amd-9950x3d,run-2,1,base64-ng,decode,url-safe,padded,1,4,4194304,38167006,104.802562,scalar,avx512-vbmi,avx512-vbmi,x86_64,linux,0
1,commit-3-amd-9950x3d,run-2,2,base64-ng,decode,url-safe,padded,1,4,4194304,38106030,104.970263,scalar,avx512-vbmi,avx512-vbmi,x86_64,linux,0
1,commit-3-amd-9950x3d,run-2,3,base64-ng,decode,url-safe,padded,1,4,4194304,38183466,104.757384,scalar,avx512-vbmi,avx512-vbmi,x86_64,linux,0
1,commit-3-amd-9950x3d,run-2,4,base64-ng,decode,url-safe,padded,1,4,4194304,38166715,104.803361,scalar,avx512-vbmi,avx512-vbmi,x86_64,linux,0
1,commit-3-amd-9950x3d,run-2,0,base64-ng,encode,url-safe,padded,1,4,4194304,32732786,122.201636,ssse3-sse4.1,avx512-vbmi,avx512-vbmi,x86_64,linux,0
1,commit-3-amd-9950x3d,run-2,1,base64-ng,encode,url-safe,padded,1,4,4194304,32735351,122.192061,ssse3-sse4.1,avx512-vbmi,avx512-vbmi,x86_64,linux,0
1,commit-3-amd-9950x3d,run-2,2,base64-ng,encode,url-safe,padded,1,4,4194304,32721334,122.244405,ssse3-sse4.1,avx512-vbmi,avx512-vbmi,x86_64,linux,0
1,commit-3-amd-9950x3d,run-2,3,base64-ng,encode,url-safe,padded,1,4,4194304,32723980,122.234520,ssse3-sse4.1,avx512-vbmi,avx512-vbmi,x86_64,linux,0
1,commit-3-amd-9950x3d,run-2,4,base64-ng,encode,url-safe,padded,1,4,4194304,32894571,121.600613,ssse3-sse4.1,avx512-vbmi,avx512-vbmi,x86_64,linux,0
1,commit-3-amd-9950x3d,run-2,0,base64-ng,decode,url-safe,padded,1,4,4194304,45500230,87.911644,ssse3-sse4.1,avx512-vbmi,avx512-vbmi,x86_64,linux,0
1,commit-3-amd-9950x3d,run-2,1,base64-ng,decode,url-safe,padded,1,4,4194304,45435998,88.035923,ssse3-sse4.1,avx512-vbmi,avx512-vbmi,x86_64,linux,0
1,commit-3-amd-9950x3d,run-2,2,base64-ng,decode,url-safe,padded,1,4,4194304,45576704,87.764135,ssse3-sse4.1,avx512-vbmi,avx512-vbmi,x86_64,linux,0
1,commit-3-amd-9950x3d,run-2,3,base64-ng,decode,url-safe,padded,1,4,4194304,45937833,87.074199,ssse3-sse4.1,avx512-vbmi,avx512-vbmi,x86_64,linux,0
1,commit-3-amd-9950x3d,run-2,4,base64-ng,decode,url-safe,padded,1,4,4194304,45740311,87.450214,ssse3-sse4.1,avx512-vbmi,avx512-vbmi,x86_64,linux,0
1,commit-3-amd-9950x3d,run-2,0,base64-ng,encode,url-safe,padded,1,4,4194304,33285537,120.172314,avx2,avx512-vbmi,avx512-vbmi,x86_64,linux,0
1,commit-3-amd-9950x3d,run-2,1,base64-ng,encode,url-safe,padded,1,4,4194304,33446630,119.593514,avx2,avx512-vbmi,avx512-vbmi,x86_64,linux,0
1,commit-3-amd-9950x3d,run-2,2,base64-ng,encode,url-safe,padded,1,4,4194304,33279575,120.193843,avx2,avx512-vbmi,avx512-vbmi,x86_64,linux,0
1,commit-3-amd-9950x3d,run-2,3,base64-ng,encode,url-safe,padded,1,4,4194304,33540126,119.260136,avx2,avx512-vbmi,avx512-vbmi,x86_64,linux,0
1,commit-3-amd-9950x3d,run-2,4,base64-ng,encode,url-safe,padded,1,4,4194304,33608174,119.018665,avx2,avx512-vbmi,avx512-vbmi,x86_64,linux,0
1,commit-3-amd-9950x3d,run-2,0,base64-ng,decode,url-safe,padded,1,4,4194304,49790997,80.335808,avx2,avx512-vbmi,avx512-vbmi,x86_64,linux,0
1,commit-3-amd-9950x3d,run-2,1,base64-ng,decode,url-safe,padded,1,4,4194304,49761962,80.382683,avx2,avx512-vbmi,avx512-vbmi,x86_64,linux,0
1,commit-3-amd-9950x3d,run-2,2,base64-ng,decode,url-safe,padded,1,4,4194304,49881607,80.189878,avx2,avx512-vbmi,avx512-vbmi,x86_64,linux,0
1,commit-3-amd-9950x3d,run-2,3,base64-ng,decode,url-safe,padded,1,4,4194304,49668175,80.534467,avx2,avx512-vbmi,avx512-vbmi,x86_64,linux,0
1,commit-3-amd-9950x3d,run-2,4,base64-ng,decode,url-safe,padded,1,4,4194304,49585460,80.668809,avx2,avx512-vbmi,avx512-vbmi,x86_64,linux,0
1,commit-3-amd-9950x3d,run-2,0,base64-ng,encode,url-safe,padded,1,4,4194304,34683288,115.329319,avx512-vbmi,avx512-vbmi,avx512-vbmi,x86_64,linux,0
1,commit-3-amd-9950x3d,run-2,1,base64-ng,encode,url-safe,padded,1,4,4194304,34669422,115.375445,avx512-vbmi,avx512-vbmi,avx512-vbmi,x86_64,linux,0
1,commit-3-amd-9950x3d,run-2,2,base64-ng,encode,url-safe,padded,1,4,4194304,34701572,115.268553,avx512-vbmi,avx512-vbmi,avx512-vbmi,x86_64,linux,0
1,commit-3-amd-9950x3d,run-2,3,base64-ng,encode,url-safe,padded,1,4,4194304,34582458,115.665578,avx512-vbmi,avx512-vbmi,avx512-vbmi,x86_64,linux,0
1,commit-3-amd-9950x3d,run-2,4,base64-ng,encode,url-safe,padded,1,4,4194304,34670133,115.373079,avx512-vbmi,avx512-vbmi,avx512-vbmi,x86_64,linux,0
1,commit-3-amd-9950x3d,run-2,0,base64-ng,decode,url-safe,padded,1,4,4194304,55288105,72.348293,avx512-vbmi,avx512-vbmi,avx512-vbmi,x86_64,linux,0
1,commit-3-amd-9950x3d,run-2,1,base64-ng,decode,url-safe,padded,1,4,4194304,55342617,72.277030,avx512-vbmi,avx512-vbmi,avx512-vbmi,x86_64,linux,0
1,commit-3-amd-9950x3d,run-2,2,base64-ng,decode,url-safe,padded,1,4,4194304,55160955,72.515061,avx512-vbmi,avx512-vbmi,avx512-vbmi,x86_64,linux,0
1,commit-3-amd-9950x3d,run-2,3,base64-ng,decode,url-safe,padded,1,4,4194304,55157459,72.519657,avx512-vbmi,avx512-vbmi,avx512-vbmi,x86_64,linux,0
1,commit-3-amd-9950x3d,run-2,4,base64-ng,decode,url-safe,padded,1,4,4194304,54744221,73.067073,avx512-vbmi,avx512-vbmi,avx512-vbmi,x86_64,linux,0
1,commit-3-amd-9950x3d,run-2,0,base64-0.23.0,encode,url-safe,padded,1,4,4194304,26888885,148.760352,external,avx512-vbmi,avx512-vbmi,x86_64,linux,0
1,commit-3-amd-9950x3d,run-2,1,base64-0.23.0,encode,url-safe,padded,1,4,4194304,27128647,147.445613,external,avx512-vbmi,avx512-vbmi,x86_64,linux,0
1,commit-3-amd-9950x3d,run-2,2,base64-0.23.0,encode,url-safe,padded,1,4,4194304,27074305,147.741558,external,avx512-vbmi,avx512-vbmi,x86_64,linux,0
1,commit-3-amd-9950x3d,run-2,3,base64-0.23.0,encode,url-safe,padded,1,4,4194304,27155879,147.297755,external,avx512-vbmi,avx512-vbmi,x86_64,linux,0
1,commit-3-amd-9950x3d,run-2,4,base64-0.23.0,encode,url-safe,padded,1,4,4194304,27070237,147.763760,external,avx512-vbmi,avx512-vbmi,x86_64,linux,0
1,commit-3-amd-9950x3d,run-2,0,base64-0.23.0,decode,url-safe,padded,1,4,4194304,51710740,77.353370,external,avx512-vbmi,avx512-vbmi,x86_64,linux,0
1,commit-3-amd-9950x3d,run-2,1,base64-0.23.0,decode,url-safe,padded,1,4,4194304,51677177,77.403609,external,avx512-vbmi,avx512-vbmi,x86_64,linux,0
1,commit-3-amd-9950x3d,run-2,2,base64-0.23.0,decode,url-safe,padded,1,4,4194304,51579644,77.549973,external,avx512-vbmi,avx512-vbmi,x86_64,linux,0
1,commit-3-amd-9950x3d,run-2,3,base64-0.23.0,decode,url-safe,padded,1,4,4194304,51651299,77.442389,external,avx512-vbmi,avx512-vbmi,x86_64,linux,0
1,commit-3-amd-9950x3d,run-2,4,base64-0.23.0,decode,url-safe,padded,1,4,4194304,51565487,77.571264,external,avx512-vbmi,avx512-vbmi,x86_64,linux,0
1,commit-3-amd-9950x3d,run-2,0,base64ct-1.8.3,encode,url-safe,padded,1,4,4194304,32624612,122.606822,external,avx512-vbmi,avx512-vbmi,x86_64,linux,0
1,commit-3-amd-9950x3d,run-2,1,base64ct-1.8.3,encode,url-safe,padded,1,4,4194304,32531738,122.956849,external,avx512-vbmi,avx512-vbmi,x86_64,linux,0
1,commit-3-amd-9950x3d,run-2,2,base64ct-1.8.3,encode,url-safe,padded,1,4,4194304,32664828,122.455872,external,avx512-vbmi,avx512-vbmi,x86_64,linux,0
1,commit-3-amd-9950x3d,run-2,3,base64ct-1.8.3,encode,url-safe,padded,1,4,4194304,32615475,122.641170,external,avx512-vbmi,avx512-vbmi,x86_64,linux,0
1,commit-3-amd-9950x3d,run-2,4,base64ct-1.8.3,encode,url-safe,padded,1,4,4194304,32562085,122.842257,external,avx512-vbmi,avx512-vbmi,x86_64,linux,0
1,commit-3-amd-9950x3d,run-2,0,base64ct-1.8.3,decode,url-safe,padded,1,4,4194304,105472953,37.924415,external,avx512-vbmi,avx512-vbmi,x86_64,linux,0
1,commit-3-amd-9950x3d,run-2,1,base64ct-1.8.3,decode,url-safe,padded,1,4,4194304,105330595,37.975671,external,avx512-vbmi,avx512-vbmi,x86_64,linux,0
1,commit-3-amd-9950x3d,run-2,2,base64ct-1.8.3,decode,url-safe,padded,1,4,4194304,104667166,38.216378,external,avx512-vbmi,avx512-vbmi,x86_64,linux,0
1,commit-3-amd-9950x3d,run-2,3,base64ct-1.8.3,decode,url-safe,padded,1,4,4194304,104595351,38.242617,external,avx512-vbmi,avx512-vbmi,x86_64,linux,0
1,commit-3-amd-9950x3d,run-2,4,base64ct-1.8.3,decode,url-safe,padded,1,4,4194304,104642479,38.225394,external,avx512-vbmi,avx512-vbmi,x86_64,linux,0
1,commit-3-amd-9950x3d,run-2,0,base64-ng,encode,url-safe,padded,2,4,2097152,20983910,190.622243,auto,avx512-vbmi,avx512-vbmi,x86_64,linux,0
1,commit-3-amd-9950x3d,run-2,1,base64-ng,encode,url-safe,padded,2,4,2097152,20973651,190.715484,auto,avx512-vbmi,avx512-vbmi,x86_64,linux,0
1,commit-3-amd-9950x3d,run-2,2,base64-ng,encode,url-safe,padded,2,4,2097152,20966367,190.781741,auto,avx512-vbmi,avx512-vbmi,x86_64,linux,0
1,commit-3-amd-9950x3d,run-2,3,base64-ng,encode,url-safe,padded,2,4,2097152,20961378,190.827149,auto,avx512-vbmi,avx512-vbmi,x86_64,linux,0
1,commit-3-amd-9950x3d,run-2,4,base64-ng,encode,url-safe,padded,2,4,2097152,20950697,190.924436,auto,avx512-vbmi,avx512-vbmi,x86_64,linux,0
1,commit-3-amd-9950x3d,run-2,0,base64-ng,decode,url-safe,padded,2,4,2097152,32479119,123.156050,auto,avx512-vbmi,avx512-vbmi,x86_64,linux,0
1,commit-3-amd-9950x3d,run-2,1,base64-ng,decode,url-safe,padded,2,4,2097152,32615866,122.639699,auto,avx512-vbmi,avx512-vbmi,x86_64,linux,0
1,commit-3-amd-9950x3d,run-2,2,base64-ng,decode,url-safe,padded,2,4,2097152,32664768,122.456097,auto,avx512-vbmi,avx512-vbmi,x86_64,linux,0
1,commit-3-amd-9950x3d,run-2,3,base64-ng,decode,url-safe,padded,2,4,2097152,32583385,122.761954,auto,avx512-vbmi,avx512-vbmi,x86_64,linux,0
1,commit-3-amd-9950x3d,run-2,4,base64-ng,decode,url-safe,padded,2,4,2097152,32580019,122.774637,auto,avx512-vbmi,avx512-vbmi,x86_64,linux,0
1,commit-3-amd-9950x3d,run-2,0,base64-ng,encode,url-safe,padded,2,4,2097152,17936574,223.008028,scalar,avx512-vbmi,avx512-vbmi,x86_64,linux,0
1,commit-3-amd-9950x3d,run-2,1,base64-ng,encode,url-safe,padded,2,4,2097152,17920353,223.209889,scalar,avx512-vbmi,avx512-vbmi,x86_64,linux,0
1,commit-3-amd-9950x3d,run-2,2,base64-ng,encode,url-safe,padded,2,4,2097152,17918360,223.234716,scalar,avx512-vbmi,avx512-vbmi,x86_64,linux,0
1,commit-3-amd-9950x3d,run-2,3,base64-ng,encode,url-safe,padded,2,4,2097152,17906778,223.379103,scalar,avx512-vbmi,avx512-vbmi,x86_64,linux,0
1,commit-3-amd-9950x3d,run-2,4,base64-ng,encode,url-safe,padded,2,4,2097152,17909924,223.339865,scalar,avx512-vbmi,avx512-vbmi,x86_64,linux,0
1,commit-3-amd-9950x3d,run-2,0,base64-ng,decode,url-safe,padded,2,4,2097152,23226271,172.218778,scalar,avx512-vbmi,avx512-vbmi,x86_64,linux,0
1,commit-3-amd-9950x3d,run-2,1,base64-ng,decode,url-safe,padded,2,4,2097152,23259173,171.975160,scalar,avx512-vbmi,avx512-vbmi,x86_64,linux,0
1,commit-3-amd-9950x3d,run-2,2,base64-ng,decode,url-safe,padded,2,4,2097152,23275524,171.854348,scalar,avx512-vbmi,avx512-vbmi,x86_64,linux,0
1,commit-3-amd-9950x3d,run-2,3,base64-ng,decode,url-safe,padded,2,4,2097152,23191055,172.480295,scalar,avx512-vbmi,avx512-vbmi,x86_64,linux,0
1,commit-3-amd-9950x3d,run-2,4,base64-ng,decode,url-safe,padded,2,4,2097152,23209279,172.344863,scalar,avx512-vbmi,avx512-vbmi,x86_64,linux,0
1,commit-3-amd-9950x3d,run-2,0,base64-ng,encode,url-safe,padded,2,4,2097152,21280208,187.968088,ssse3-sse4.1,avx512-vbmi,avx512-vbmi,x86_64,linux,0
1,commit-3-amd-9950x3d,run-2,1,base64-ng,encode,url-safe,padded,2,4,2097152,21274146,188.021648,ssse3-sse4.1,avx512-vbmi,avx512-vbmi,x86_64,linux,0
1,commit-3-amd-9950x3d,run-2,2,base64-ng,encode,url-safe,padded,2,4,2097152,21267864,188.077185,ssse3-sse4.1,avx512-vbmi,avx512-vbmi,x86_64,linux,0
1,commit-3-amd-9950x3d,run-2,3,base64-ng,encode,url-safe,padded,2,4,2097152,21305165,187.747901,ssse3-sse4.1,avx512-vbmi,avx512-vbmi,x86_64,linux,0
1,commit-3-amd-9950x3d,run-2,4,base64-ng,encode,url-safe,padded,2,4,2097152,21300847,187.785960,ssse3-sse4.1,avx512-vbmi,avx512-vbmi,x86_64,linux,0
1,commit-3-amd-9950x3d,run-2,0,base64-ng,decode,url-safe,padded,2,4,2097152,27149487,147.332434,ssse3-sse4.1,avx512-vbmi,avx512-vbmi,x86_64,linux,0
1,commit-3-amd-9950x3d,run-2,1,base64-ng,decode,url-safe,padded,2,4,2097152,27110603,147.543749,ssse3-sse4.1,avx512-vbmi,avx512-vbmi,x86_64,linux,0
1,commit-3-amd-9950x3d,run-2,2,base64-ng,decode,url-safe,padded,2,4,2097152,27155938,147.297435,ssse3-sse4.1,avx512-vbmi,avx512-vbmi,x86_64,linux,0
1,commit-3-amd-9950x3d,run-2,3,base64-ng,decode,url-safe,padded,2,4,2097152,27203968,147.037373,ssse3-sse4.1,avx512-vbmi,avx512-vbmi,x86_64,linux,0
1,commit-3-amd-9950x3d,run-2,4,base64-ng,decode,url-safe,padded,2,4,2097152,27166889,147.238059,ssse3-sse4.1,avx512-vbmi,avx512-vbmi,x86_64,linux,0
1,commit-3-amd-9950x3d,run-2,0,base64-ng,encode,url-safe,padded,2,4,2097152,21205958,188.626234,avx2,avx512-vbmi,avx512-vbmi,x86_64,linux,0
1,commit-3-amd-9950x3d,run-2,1,base64-ng,encode,url-safe,padded,2,4,2097152,21202592,188.656179,avx2,avx512-vbmi,avx512-vbmi,x86_64,linux,0
1,commit-3-amd-9950x3d,run-2,2,base64-ng,encode,url-safe,padded,2,4,2097152,21192462,188.746357,avx2,avx512-vbmi,avx512-vbmi,x86_64,linux,0
1,commit-3-amd-9950x3d,run-2,3,base64-ng,encode,url-safe,padded,2,4,2097152,21181722,188.842059,avx2,avx512-vbmi,avx512-vbmi,x86_64,linux,0
1,commit-3-amd-9950x3d,run-2,4,base64-ng,encode,url-safe,padded,2,4,2097152,21164089,188.999394,avx2,avx512-vbmi,avx512-vbmi,x86_64,linux,0
1,commit-3-amd-9950x3d,run-2,0,base64-ng,decode,url-safe,padded,2,4,2097152,28421250,140.739763,avx2,avx512-vbmi,avx512-vbmi,x86_64,linux,0
1,commit-3-amd-9950x3d,run-2,1,base64-ng,decode,url-safe,padded,2,4,2097152,28435968,140.666919,avx2,avx512-vbmi,avx512-vbmi,x86_64,linux,0
1,commit-3-amd-9950x3d,run-2,2,base64-ng,decode,url-safe,padded,2,4,2097152,28447870,140.608067,avx2,avx512-vbmi,avx512-vbmi,x86_64,linux,0
1,commit-3-amd-9950x3d,run-2,3,base64-ng,decode,url-safe,padded,2,4,2097152,28416060,140.765469,avx2,avx512-vbmi,avx512-vbmi,x86_64,linux,0
1,commit-3-amd-9950x3d,run-2,4,base64-ng,decode,url-safe,padded,2,4,2097152,28481774,140.440690,avx2,avx512-vbmi,avx512-vbmi,x86_64,linux,0
1,commit-3-amd-9950x3d,run-2,0,base64-ng,encode,url-safe,padded,2,4,2097152,22143844,180.637111,avx512-vbmi,avx512-vbmi,avx512-vbmi,x86_64,linux,0
1,commit-3-amd-9950x3d,run-2,1,base64-ng,encode,url-safe,padded,2,4,2097152,22140979,180.660485,avx512-vbmi,avx512-vbmi,avx512-vbmi,x86_64,linux,0
1,commit-3-amd-9950x3d,run-2,2,base64-ng,encode,url-safe,padded,2,4,2097152,22129146,180.757088,avx512-vbmi,avx512-vbmi,avx512-vbmi,x86_64,linux,0
1,commit-3-amd-9950x3d,run-2,3,base64-ng,encode,url-safe,padded,2,4,2097152,22128385,180.763305,avx512-vbmi,avx512-vbmi,avx512-vbmi,x86_64,linux,0
1,commit-3-amd-9950x3d,run-2,4,base64-ng,encode,url-safe,padded,2,4,2097152,22102987,180.971015,avx512-vbmi,avx512-vbmi,avx512-vbmi,x86_64,linux,0
1,commit-3-amd-9950x3d,run-2,0,base64-ng,decode,url-safe,padded,2,4,2097152,31555370,126.761309,avx512-vbmi,avx512-vbmi,avx512-vbmi,x86_64,linux,0
1,commit-3-amd-9950x3d,run-2,1,base64-ng,decode,url-safe,padded,2,4,2097152,31584365,126.644940,avx512-vbmi,avx512-vbmi,avx512-vbmi,x86_64,linux,0
1,commit-3-amd-9950x3d,run-2,2,base64-ng,decode,url-safe,padded,2,4,2097152,31578814,126.667202,avx512-vbmi,avx512-vbmi,avx512-vbmi,x86_64,linux,0
1,commit-3-amd-9950x3d,run-2,3,base64-ng,decode,url-safe,padded,2,4,2097152,31541514,126.816994,avx512-vbmi,avx512-vbmi,avx512-vbmi,x86_64,linux,0
1,commit-3-amd-9950x3d,run-2,4,base64-ng,decode,url-safe,padded,2,4,2097152,31539550,126.824891,avx512-vbmi,avx512-vbmi,avx512-vbmi,x86_64,linux,0
1,commit-3-amd-9950x3d,run-2,0,base64-0.23.0,encode,url-safe,padded,2,4,2097152,14604661,273.885166,external,avx512-vbmi,avx512-vbmi,x86_64,linux,0
1,commit-3-amd-9950x3d,run-2,1,base64-0.23.0,encode,url-safe,padded,2,4,2097152,14501859,275.826706,external,avx512-vbmi,avx512-vbmi,x86_64,linux,0
1,commit-3-amd-9950x3d,run-2,2,base64-0.23.0,encode,url-safe,padded,2,4,2097152,14078190,284.127434,external,avx512-vbmi,avx512-vbmi,x86_64,linux,0
1,commit-3-amd-9950x3d,run-2,3,base64-0.23.0,encode,url-safe,padded,2,4,2097152,14086086,283.968165,external,avx512-vbmi,avx512-vbmi,x86_64,linux,0
1,commit-3-amd-9950x3d,run-2,4,base64-0.23.0,encode,url-safe,padded,2,4,2097152,14050037,284.696759,external,avx512-vbmi,avx512-vbmi,x86_64,linux,0
1,commit-3-amd-9950x3d,run-2,0,base64-0.23.0,decode,url-safe,padded,2,4,2097152,26181464,152.779845,external,avx512-vbmi,avx512-vbmi,x86_64,linux,0
1,commit-3-amd-9950x3d,run-2,1,base64-0.23.0,decode,url-safe,padded,2,4,2097152,26197955,152.683673,external,avx512-vbmi,avx512-vbmi,x86_64,linux,0
1,commit-3-amd-9950x3d,run-2,2,base64-0.23.0,decode,url-safe,padded,2,4,2097152,26156677,152.924624,external,avx512-vbmi,avx512-vbmi,x86_64,linux,0
1,commit-3-amd-9950x3d,run-2,3,base64-0.23.0,decode,url-safe,padded,2,4,2097152,26151638,152.954090,external,avx512-vbmi,avx512-vbmi,x86_64,linux,0
1,commit-3-amd-9950x3d,run-2,4,base64-0.23.0,decode,url-safe,padded,2,4,2097152,26190801,152.725379,external,avx512-vbmi,avx512-vbmi,x86_64,linux,0
1,commit-3-amd-9950x3d,run-2,0,base64ct-1.8.3,encode,url-safe,padded,2,4,2097152,16948684,236.006524,external,avx512-vbmi,avx512-vbmi,x86_64,linux,0
1,commit-3-amd-9950x3d,run-2,1,base64ct-1.8.3,encode,url-safe,padded,2,4,2097152,16969604,235.715577,external,avx512-vbmi,avx512-vbmi,x86_64,linux,0
1,commit-3-amd-9950x3d,run-2,2,base64ct-1.8.3,encode,url-safe,padded,2,4,2097152,16946089,236.042664,external,avx512-vbmi,avx512-vbmi,x86_64,linux,0
1,commit-3-amd-9950x3d,run-2,3,base64ct-1.8.3,encode,url-safe,padded,2,4,2097152,16950137,235.986293,external,avx512-vbmi,avx512-vbmi,x86_64,linux,0
1,commit-3-amd-9950x3d,run-2,4,base64ct-1.8.3,encode,url-safe,padded,2,4,2097152,16914099,236.489097,external,avx512-vbmi,avx512-vbmi,x86_64,linux,0
1,commit-3-amd-9950x3d,run-2,0,base64ct-1.8.3,decode,url-safe,padded,2,4,2097152,55993151,71.437308,external,avx512-vbmi,avx512-vbmi,x86_64,linux,0
1,commit-3-amd-9950x3d,run-2,1,base64ct-1.8.3,decode,url-safe,padded,2,4,2097152,55869168,71.595840,external,avx512-vbmi,avx512-vbmi,x86_64,linux,0
1,commit-3-amd-9950x3d,run-2,2,base64ct-1.8.3,decode,url-safe,padded,2,4,2097152,56112176,71.285776,external,avx512-vbmi,avx512-vbmi,x86_64,linux,0
1,commit-3-amd-9950x3d,run-2,3,base64ct-1.8.3,decode,url-safe,padded,2,4,2097152,55843971,71.628144,external,avx512-vbmi,avx512-vbmi,x86_64,linux,0
1,commit-3-amd-9950x3d,run-2,4,base64ct-1.8.3,decode,url-safe,padded,2,4,2097152,56247531,71.114233,external,avx512-vbmi,avx512-vbmi,x86_64,linux,0
1,commit-3-amd-9950x3d,run-2,0,base64-ng,encode,url-safe,padded,3,4,1398101,18368787,217.760653,auto,avx512-vbmi,avx512-vbmi,x86_64,linux,0
1,commit-3-amd-9950x3d,run-2,1,base64-ng,encode,url-safe,padded,3,4,1398101,18393063,217.473242,auto,avx512-vbmi,avx512-vbmi,x86_64,linux,0
1,commit-3-amd-9950x3d,run-2,2,base64-ng,encode,url-safe,padded,3,4,1398101,18410106,217.271918,auto,avx512-vbmi,avx512-vbmi,x86_64,linux,0
1,commit-3-amd-9950x3d,run-2,3,base64-ng,encode,url-safe,padded,3,4,1398101,18396299,217.434988,auto,avx512-vbmi,avx512-vbmi,x86_64,linux,0
1,commit-3-amd-9950x3d,run-2,4,base64-ng,encode,url-safe,padded,3,4,1398101,18399866,217.392836,auto,avx512-vbmi,avx512-vbmi,x86_64,linux,0
1,commit-3-amd-9950x3d,run-2,0,base64-ng,decode,url-safe,padded,3,4,1398101,24572485,162.783660,auto,avx512-vbmi,avx512-vbmi,x86_64,linux,0
1,commit-3-amd-9950x3d,run-2,1,base64-ng,decode,url-safe,padded,3,4,1398101,24486123,163.357794,auto,avx512-vbmi,avx512-vbmi,x86_64,linux,0
1,commit-3-amd-9950x3d,run-2,2,base64-ng,decode,url-safe,padded,3,4,1398101,24552698,162.914847,auto,avx512-vbmi,avx512-vbmi,x86_64,linux,0
1,commit-3-amd-9950x3d,run-2,3,base64-ng,decode,url-safe,padded,3,4,1398101,24507673,163.214151,auto,avx512-vbmi,avx512-vbmi,x86_64,linux,0
1,commit-3-amd-9950x3d,run-2,4,base64-ng,decode,url-safe,padded,3,4,1398101,24620486,162.466291,auto,avx512-vbmi,avx512-vbmi,x86_64,linux,0
1,commit-3-amd-9950x3d,run-2,0,base64-ng,encode,url-safe,padded,3,4,1398101,18016976,222.012787,scalar,avx512-vbmi,avx512-vbmi,x86_64,linux,0
1,commit-3-amd-9950x3d,run-2,1,base64-ng,encode,url-safe,padded,3,4,1398101,18016013,222.024654,scalar,avx512-vbmi,avx512-vbmi,x86_64,linux,0
1,commit-3-amd-9950x3d,run-2,2,base64-ng,encode,url-safe,padded,3,4,1398101,18056029,221.532600,scalar,avx512-vbmi,avx512-vbmi,x86_64,linux,0
1,commit-3-amd-9950x3d,run-2,3,base64-ng,encode,url-safe,padded,3,4,1398101,17998871,222.236108,scalar,avx512-vbmi,avx512-vbmi,x86_64,linux,0
1,commit-3-amd-9950x3d,run-2,4,base64-ng,encode,url-safe,padded,3,4,1398101,17975447,222.525707,scalar,avx512-vbmi,avx512-vbmi,x86_64,linux,0
1,commit-3-amd-9950x3d,run-2,0,base64-ng,decode,url-safe,padded,3,4,1398101,18134927,220.568798,scalar,avx512-vbmi,avx512-vbmi,x86_64,linux,0
1,commit-3-amd-9950x3d,run-2,1,base64-ng,decode,url-safe,padded,3,4,1398101,18132233,220.601569,scalar,avx512-vbmi,avx512-vbmi,x86_64,linux,0
1,commit-3-amd-9950x3d,run-2,2,base64-ng,decode,url-safe,padded,3,4,1398101,18125169,220.687545,scalar,avx512-vbmi,avx512-vbmi,x86_64,linux,0
1,commit-3-amd-9950x3d,run-2,3,base64-ng,decode,url-safe,padded,3,4,1398101,18161026,220.251821,scalar,avx512-vbmi,avx512-vbmi,x86_64,linux,0
1,commit-3-amd-9950x3d,run-2,4,base64-ng,decode,url-safe,padded,3,4,1398101,18132112,220.603041,scalar,avx512-vbmi,avx512-vbmi,x86_64,linux,0
1,commit-3-amd-9950x3d,run-2,0,base64-ng,encode,url-safe,padded,3,4,1398101,20258314,197.449751,ssse3-sse4.1,avx512-vbmi,avx512-vbmi,x86_64,linux,0
1,commit-3-amd-9950x3d,run-2,1,base64-ng,encode,url-safe,padded,3,4,1398101,20238888,197.639270,ssse3-sse4.1,avx512-vbmi,avx512-vbmi,x86_64,linux,0
1,commit-3-amd-9950x3d,run-2,2,base64-ng,encode,url-safe,padded,3,4,1398101,20208971,197.931851,ssse3-sse4.1,avx512-vbmi,avx512-vbmi,x86_64,linux,0
1,commit-3-amd-9950x3d,run-2,3,base64-ng,encode,url-safe,padded,3,4,1398101,20213811,197.884459,ssse3-sse4.1,avx512-vbmi,avx512-vbmi,x86_64,linux,0
1,commit-3-amd-9950x3d,run-2,4,base64-ng,encode,url-safe,padded,3,4,1398101,20216766,197.855535,ssse3-sse4.1,avx512-vbmi,avx512-vbmi,x86_64,linux,0
1,commit-3-amd-9950x3d,run-2,0,base64-ng,decode,url-safe,padded,3,4,1398101,20589408,194.274602,ssse3-sse4.1,avx512-vbmi,avx512-vbmi,x86_64,linux,0
1,commit-3-amd-9950x3d,run-2,1,base64-ng,decode,url-safe,padded,3,4,1398101,20595299,194.219033,ssse3-sse4.1,avx512-vbmi,avx512-vbmi,x86_64,linux,0
1,commit-3-amd-9950x3d,run-2,2,base64-ng,decode,url-safe,padded,3,4,1398101,20599747,194.177096,ssse3-sse4.1,avx512-vbmi,avx512-vbmi,x86_64,linux,0
1,commit-3-amd-9950x3d,run-2,3,base64-ng,decode,url-safe,padded,3,4,1398101,20575872,194.402407,ssse3-sse4.1,avx512-vbmi,avx512-vbmi,x86_64,linux,0
1,commit-3-amd-9950x3d,run-2,4,base64-ng,decode,url-safe,padded,3,4,1398101,20629313,193.898801,ssse3-sse4.1,avx512-vbmi,avx512-vbmi,x86_64,linux,0
1,commit-3-amd-9950x3d,run-2,0,base64-ng,encode,url-safe,padded,3,4,1398101,20183123,198.185338,avx2,avx512-vbmi,avx512-vbmi,x86_64,linux,0
1,commit-3-amd-9950x3d,run-2,1,base64-ng,encode,url-safe,padded,3,4,1398101,20166802,198.345729,avx2,avx512-vbmi,avx512-vbmi,x86_64,linux,0
1,commit-3-amd-9950x3d,run-2,2,base64-ng,encode,url-safe,padded,3,4,1398101,20110997,198.896109,avx2,avx512-vbmi,avx512-vbmi,x86_64,linux,0
1,commit-3-amd-9950x3d,run-2,3,base64-ng,encode,url-safe,padded,3,4,1398101,20109124,198.914634,avx2,avx512-vbmi,avx512-vbmi,x86_64,linux,0
1,commit-3-amd-9950x3d,run-2,4,base64-ng,encode,url-safe,padded,3,4,1398101,20115766,198.848955,avx2,avx512-vbmi,avx512-vbmi,x86_64,linux,0
1,commit-3-amd-9950x3d,run-2,0,base64-ng,decode,url-safe,padded,3,4,1398101,21993360,181.873031,avx2,avx512-vbmi,avx512-vbmi,x86_64,linux,0
1,commit-3-amd-9950x3d,run-2,1,base64-ng,decode,url-safe,padded,3,4,1398101,21990525,181.896478,avx2,avx512-vbmi,avx512-vbmi,x86_64,linux,0
1,commit-3-amd-9950x3d,run-2,2,base64-ng,decode,url-safe,padded,3,4,1398101,21980426,181.980051,avx2,avx512-vbmi,avx512-vbmi,x86_64,linux,0
1,commit-3-amd-9950x3d,run-2,3,base64-ng,decode,url-safe,padded,3,4,1398101,21924631,182.443164,avx2,avx512-vbmi,avx512-vbmi,x86_64,linux,0
1,commit-3-amd-9950x3d,run-2,4,base64-ng,decode,url-safe,padded,3,4,1398101,21964686,182.110459,avx2,avx512-vbmi,avx512-vbmi,x86_64,linux,0
1,commit-3-amd-9950x3d,run-2,0,base64-ng,encode,url-safe,padded,3,4,1398101,20435538,195.737399,avx512-vbmi,avx512-vbmi,avx512-vbmi,x86_64,linux,0
1,commit-3-amd-9950x3d,run-2,1,base64-ng,encode,url-safe,padded,3,4,1398101,20403919,196.040724,avx512-vbmi,avx512-vbmi,avx512-vbmi,x86_64,linux,0
1,commit-3-amd-9950x3d,run-2,2,base64-ng,encode,url-safe,padded,3,4,1398101,20437251,195.720992,avx512-vbmi,avx512-vbmi,avx512-vbmi,x86_64,linux,0
1,commit-3-amd-9950x3d,run-2,3,base64-ng,encode,url-safe,padded,3,4,1398101,20380454,196.266435,avx512-vbmi,avx512-vbmi,avx512-vbmi,x86_64,linux,0
1,commit-3-amd-9950x3d,run-2,4,base64-ng,encode,url-safe,padded,3,4,1398101,20404790,196.032355,avx512-vbmi,avx512-vbmi,avx512-vbmi,x86_64,linux,0
1,commit-3-amd-9950x3d,run-2,0,base64-ng,decode,url-safe,padded,3,4,1398101,23762891,168.329647,avx512-vbmi,avx512-vbmi,avx512-vbmi,x86_64,linux,0
1,commit-3-amd-9950x3d,run-2,1,base64-ng,decode,url-safe,padded,3,4,1398101,23728837,168.571222,avx512-vbmi,avx512-vbmi,avx512-vbmi,x86_64,linux,0
1,commit-3-amd-9950x3d,run-2,2,base64-ng,decode,url-safe,padded,3,4,1398101,23745769,168.451022,avx512-vbmi,avx512-vbmi,avx512-vbmi,x86_64,linux,0
1,commit-3-amd-9950x3d,run-2,3,base64-ng,decode,url-safe,padded,3,4,1398101,23759725,168.352077,avx512-vbmi,avx512-vbmi,avx512-vbmi,x86_64,linux,0
1,commit-3-amd-9950x3d,run-2,4,base64-ng,decode,url-safe,padded,3,4,1398101,23808187,168.009393,avx512-vbmi,avx512-vbmi,avx512-vbmi,x86_64,linux,0
1,commit-3-amd-9950x3d,run-2,0,base64-0.23.0,encode,url-safe,padded,3,4,1398101,9527755,419.825976,external,avx512-vbmi,avx512-vbmi,x86_64,linux,0
1,commit-3-amd-9950x3d,run-2,1,base64-0.23.0,encode,url-safe,padded,3,4,1398101,9742880,410.556124,external,avx512-vbmi,avx512-vbmi,x86_64,linux,0
1,commit-3-amd-9950x3d,run-2,2,base64-0.23.0,encode,url-safe,padded,3,4,1398101,9414242,424.888063,external,avx512-vbmi,avx512-vbmi,x86_64,linux,0
1,commit-3-amd-9950x3d,run-2,3,base64-0.23.0,encode,url-safe,padded,3,4,1398101,9639976,414.938693,external,avx512-vbmi,avx512-vbmi,x86_64,linux,0
1,commit-3-amd-9950x3d,run-2,4,base64-0.23.0,encode,url-safe,padded,3,4,1398101,9574002,417.798017,external,avx512-vbmi,avx512-vbmi,x86_64,linux,0
1,commit-3-amd-9950x3d,run-2,0,base64-0.23.0,decode,url-safe,padded,3,4,1398101,17819313,224.475492,external,avx512-vbmi,avx512-vbmi,x86_64,linux,0
1,commit-3-amd-9950x3d,run-2,1,base64-0.23.0,decode,url-safe,padded,3,4,1398101,17790499,224.839059,external,avx512-vbmi,avx512-vbmi,x86_64,linux,0
1,commit-3-amd-9950x3d,run-2,2,base64-0.23.0,decode,url-safe,padded,3,4,1398101,17794406,224.789692,external,avx512-vbmi,avx512-vbmi,x86_64,linux,0
1,commit-3-amd-9950x3d,run-2,3,base64-0.23.0,decode,url-safe,padded,3,4,1398101,17818702,224.483189,external,avx512-vbmi,avx512-vbmi,x86_64,linux,0
1,commit-3-amd-9950x3d,run-2,4,base64-0.23.0,decode,url-safe,padded,3,4,1398101,17826557,224.384274,external,avx512-vbmi,avx512-vbmi,x86_64,linux,0
1,commit-3-amd-9950x3d,run-2,0,base64ct-1.8.3,encode,url-safe,padded,3,4,1398101,6913504,578.577672,external,avx512-vbmi,avx512-vbmi,x86_64,linux,0
1,commit-3-amd-9950x3d,run-2,1,base64ct-1.8.3,encode,url-safe,padded,3,4,1398101,6896202,580.029275,external,avx512-vbmi,avx512-vbmi,x86_64,linux,0
1,commit-3-amd-9950x3d,run-2,2,base64ct-1.8.3,encode,url-safe,padded,3,4,1398101,6915779,578.387344,external,avx512-vbmi,avx512-vbmi,x86_64,linux,0
1,commit-3-amd-9950x3d,run-2,3,base64ct-1.8.3,encode,url-safe,padded,3,4,1398101,6911380,578.755480,external,avx512-vbmi,avx512-vbmi,x86_64,linux,0
1,commit-3-amd-9950x3d,run-2,4,base64ct-1.8.3,encode,url-safe,padded,3,4,1398101,6917081,578.278474,external,avx512-vbmi,avx512-vbmi,x86_64,linux,0
1,commit-3-amd-9950x3d,run-2,0,base64ct-1.8.3,decode,url-safe,padded,3,4,1398101,22886863,174.772709,external,avx512-vbmi,avx512-vbmi,x86_64,linux,0
1,commit-3-amd-9950x3d,run-2,1,base64ct-1.8.3,decode,url-safe,padded,3,4,1398101,22851876,175.040292,external,avx512-vbmi,avx512-vbmi,x86_64,linux,0
1,commit-3-amd-9950x3d,run-2,2,base64ct-1.8.3,decode,url-safe,padded,3,4,1398101,22878637,174.835548,external,avx512-vbmi,avx512-vbmi,x86_64,linux,0
1,commit-3-amd-9950x3d,run-2,3,base64ct-1.8.3,decode,url-safe,padded,3,4,1398101,22909545,174.599672,external,avx512-vbmi,avx512-vbmi,x86_64,linux,0
1,commit-3-amd-9950x3d,run-2,4,base64ct-1.8.3,decode,url-safe,padded,3,4,1398101,22888075,174.763454,external,avx512-vbmi,avx512-vbmi,x86_64,linux,0
1,commit-3-amd-9950x3d,run-2,0,base64-ng,encode,url-safe,padded,11,16,381300,12928937,309.383222,auto,avx512-vbmi,avx512-vbmi,x86_64,linux,0
1,commit-3-amd-9950x3d,run-2,1,base64-ng,encode,url-safe,padded,11,16,381300,12863053,310.967869,auto,avx512-vbmi,avx512-vbmi,x86_64,linux,0
1,commit-3-amd-9950x3d,run-2,2,base64-ng,encode,url-safe,padded,11,16,381300,12863374,310.960109,auto,avx512-vbmi,avx512-vbmi,x86_64,linux,0
1,commit-3-amd-9950x3d,run-2,3,base64-ng,encode,url-safe,padded,11,16,381300,12858024,311.089494,auto,avx512-vbmi,avx512-vbmi,x86_64,linux,0
1,commit-3-amd-9950x3d,run-2,4,base64-ng,encode,url-safe,padded,11,16,381300,12845551,311.391562,auto,avx512-vbmi,avx512-vbmi,x86_64,linux,0
1,commit-3-amd-9950x3d,run-2,0,base64-ng,decode,url-safe,padded,11,16,381300,61860427,64.661632,auto,avx512-vbmi,avx512-vbmi,x86_64,linux,0
1,commit-3-amd-9950x3d,run-2,1,base64-ng,decode,url-safe,padded,11,16,381300,61973118,64.544053,auto,avx512-vbmi,avx512-vbmi,x86_64,linux,0
1,commit-3-amd-9950x3d,run-2,2,base64-ng,decode,url-safe,padded,11,16,381300,62285988,64.219840,auto,avx512-vbmi,avx512-vbmi,x86_64,linux,0
1,commit-3-amd-9950x3d,run-2,3,base64-ng,decode,url-safe,padded,11,16,381300,62250801,64.256140,auto,avx512-vbmi,avx512-vbmi,x86_64,linux,0
1,commit-3-amd-9950x3d,run-2,4,base64-ng,decode,url-safe,padded,11,16,381300,62226125,64.281621,auto,avx512-vbmi,avx512-vbmi,x86_64,linux,0
1,commit-3-amd-9950x3d,run-2,0,base64-ng,encode,url-safe,padded,11,16,381300,12763417,313.395401,scalar,avx512-vbmi,avx512-vbmi,x86_64,linux,0
1,commit-3-amd-9950x3d,run-2,1,base64-ng,encode,url-safe,padded,11,16,381300,12769888,313.236591,scalar,avx512-vbmi,avx512-vbmi,x86_64,linux,0
1,commit-3-amd-9950x3d,run-2,2,base64-ng,encode,url-safe,padded,11,16,381300,12761903,313.432580,scalar,avx512-vbmi,avx512-vbmi,x86_64,linux,0
1,commit-3-amd-9950x3d,run-2,3,base64-ng,encode,url-safe,padded,11,16,381300,12755902,313.580034,scalar,avx512-vbmi,avx512-vbmi,x86_64,linux,0
1,commit-3-amd-9950x3d,run-2,4,base64-ng,encode,url-safe,padded,11,16,381300,12746715,313.806042,scalar,avx512-vbmi,avx512-vbmi,x86_64,linux,0
1,commit-3-amd-9950x3d,run-2,0,base64-ng,decode,url-safe,padded,11,16,381300,14469157,276.449843,scalar,avx512-vbmi,avx512-vbmi,x86_64,linux,0
1,commit-3-amd-9950x3d,run-2,1,base64-ng,decode,url-safe,padded,11,16,381300,14471431,276.406403,scalar,avx512-vbmi,avx512-vbmi,x86_64,linux,0
1,commit-3-amd-9950x3d,run-2,2,base64-ng,decode,url-safe,padded,11,16,381300,14477663,276.287422,scalar,avx512-vbmi,avx512-vbmi,x86_64,linux,0
1,commit-3-amd-9950x3d,run-2,3,base64-ng,decode,url-safe,padded,11,16,381300,14483172,276.182330,scalar,avx512-vbmi,avx512-vbmi,x86_64,linux,0
1,commit-3-amd-9950x3d,run-2,4,base64-ng,decode,url-safe,padded,11,16,381300,14502640,275.811589,scalar,avx512-vbmi,avx512-vbmi,x86_64,linux,0
1,commit-3-amd-9950x3d,run-2,0,base64-ng,encode,url-safe,padded,11,16,381300,13365510,299.277483,ssse3-sse4.1,avx512-vbmi,avx512-vbmi,x86_64,linux,0
1,commit-3-amd-9950x3d,run-2,1,base64-ng,encode,url-safe,padded,11,16,381300,13361542,299.366359,ssse3-sse4.1,avx512-vbmi,avx512-vbmi,x86_64,linux,0
1,commit-3-amd-9950x3d,run-2,2,base64-ng,encode,url-safe,padded,11,16,381300,13368254,299.216052,ssse3-sse4.1,avx512-vbmi,avx512-vbmi,x86_64,linux,0
1,commit-3-amd-9950x3d,run-2,3,base64-ng,encode,url-safe,padded,11,16,381300,13377572,299.007636,ssse3-sse4.1,avx512-vbmi,avx512-vbmi,x86_64,linux,0
1,commit-3-amd-9950x3d,run-2,4,base64-ng,encode,url-safe,padded,11,16,381300,13356553,299.478180,ssse3-sse4.1,avx512-vbmi,avx512-vbmi,x86_64,linux,0
1,commit-3-amd-9950x3d,run-2,0,base64-ng,decode,url-safe,padded,11,16,381300,63163620,63.327532,ssse3-sse4.1,avx512-vbmi,avx512-vbmi,x86_64,linux,0
1,commit-3-amd-9950x3d,run-2,1,base64-ng,decode,url-safe,padded,11,16,381300,62433164,64.068452,ssse3-sse4.1,avx512-vbmi,avx512-vbmi,x86_64,linux,0
1,commit-3-amd-9950x3d,run-2,2,base64-ng,decode,url-safe,padded,11,16,381300,63425793,63.065765,ssse3-sse4.1,avx512-vbmi,avx512-vbmi,x86_64,linux,0
1,commit-3-amd-9950x3d,run-2,3,base64-ng,decode,url-safe,padded,11,16,381300,63719456,62.775115,ssse3-sse4.1,avx512-vbmi,avx512-vbmi,x86_64,linux,0
1,commit-3-amd-9950x3d,run-2,4,base64-ng,decode,url-safe,padded,11,16,381300,62874244,63.618995,ssse3-sse4.1,avx512-vbmi,avx512-vbmi,x86_64,linux,0
1,commit-3-amd-9950x3d,run-2,0,base64-ng,encode,url-safe,padded,11,16,381300,13692415,292.132263,avx2,avx512-vbmi,avx512-vbmi,x86_64,linux,0
1,commit-3-amd-9950x3d,run-2,1,base64-ng,encode,url-safe,padded,11,16,381300,13555758,295.077279,avx2,avx512-vbmi,avx512-vbmi,x86_64,linux,0
1,commit-3-amd-9950x3d,run-2,2,base64-ng,encode,url-safe,padded,11,16,381300,13543334,295.347969,avx2,avx512-vbmi,avx512-vbmi,x86_64,linux,0
1,commit-3-amd-9950x3d,run-2,3,base64-ng,encode,url-safe,padded,11,16,381300,13596825,294.186046,avx2,avx512-vbmi,avx512-vbmi,x86_64,linux,0
1,commit-3-amd-9950x3d,run-2,4,base64-ng,encode,url-safe,padded,11,16,381300,13754512,290.813384,avx2,avx512-vbmi,avx512-vbmi,x86_64,linux,0
1,commit-3-amd-9950x3d,run-2,0,base64-ng,decode,url-safe,padded,11,16,381300,63278445,63.212618,avx2,avx512-vbmi,avx512-vbmi,x86_64,linux,0
1,commit-3-amd-9950x3d,run-2,1,base64-ng,decode,url-safe,padded,11,16,381300,63362674,63.128589,avx2,avx512-vbmi,avx512-vbmi,x86_64,linux,0
1,commit-3-amd-9950x3d,run-2,2,base64-ng,decode,url-safe,padded,11,16,381300,63609349,62.883778,avx2,avx512-vbmi,avx512-vbmi,x86_64,linux,0
1,commit-3-amd-9950x3d,run-2,3,base64-ng,decode,url-safe,padded,11,16,381300,63089560,63.401872,avx2,avx512-vbmi,avx512-vbmi,x86_64,linux,0
1,commit-3-amd-9950x3d,run-2,4,base64-ng,decode,url-safe,padded,11,16,381300,63503590,62.988505,avx2,avx512-vbmi,avx512-vbmi,x86_64,linux,0
1,commit-3-amd-9950x3d,run-2,0,base64-ng,encode,url-safe,padded,11,16,381300,13684810,292.294609,avx512-vbmi,avx512-vbmi,avx512-vbmi,x86_64,linux,0
1,commit-3-amd-9950x3d,run-2,1,base64-ng,encode,url-safe,padded,11,16,381300,13771634,290.451822,avx512-vbmi,avx512-vbmi,avx512-vbmi,x86_64,linux,0
1,commit-3-amd-9950x3d,run-2,2,base64-ng,encode,url-safe,padded,11,16,381300,13767146,290.546507,avx512-vbmi,avx512-vbmi,avx512-vbmi,x86_64,linux,0
1,commit-3-amd-9950x3d,run-2,3,base64-ng,encode,url-safe,padded,11,16,381300,13595032,294.224845,avx512-vbmi,avx512-vbmi,avx512-vbmi,x86_64,linux,0
1,commit-3-amd-9950x3d,run-2,4,base64-ng,encode,url-safe,padded,11,16,381300,13625078,293.576021,avx512-vbmi,avx512-vbmi,avx512-vbmi,x86_64,linux,0
1,commit-3-amd-9950x3d,run-2,0,base64-ng,decode,url-safe,padded,11,16,381300,64047834,62.453262,avx512-vbmi,avx512-vbmi,avx512-vbmi,x86_64,linux,0
1,commit-3-amd-9950x3d,run-2,1,base64-ng,decode,url-safe,padded,11,16,381300,63899304,62.598431,avx512-vbmi,avx512-vbmi,avx512-vbmi,x86_64,linux,0
1,commit-3-amd-9950x3d,run-2,2,base64-ng,decode,url-safe,padded,11,16,381300,63770432,62.724935,avx512-vbmi,avx512-vbmi,avx512-vbmi,x86_64,linux,0
1,commit-3-amd-9950x3d,run-2,3,base64-ng,decode,url-safe,padded,11,16,381300,63813804,62.682303,avx512-vbmi,avx512-vbmi,avx512-vbmi,x86_64,linux,0
1,commit-3-amd-9950x3d,run-2,4,base64-ng,decode,url-safe,padded,11,16,381300,63296750,63.194338,avx512-vbmi,avx512-vbmi,avx512-vbmi,x86_64,linux,0
1,commit-3-amd-9950x3d,run-2,0,base64-0.23.0,encode,url-safe,padded,11,16,381300,3513093,1138.596725,external,avx512-vbmi,avx512-vbmi,x86_64,linux,0
1,commit-3-amd-9950x3d,run-2,1,base64-0.23.0,encode,url-safe,padded,11,16,381300,3591140,1113.851363,external,avx512-vbmi,avx512-vbmi,x86_64,linux,0
1,commit-3-amd-9950x3d,run-2,2,base64-0.23.0,encode,url-safe,padded,11,16,381300,3618361,1105.471838,external,avx512-vbmi,avx512-vbmi,x86_64,linux,0
1,commit-3-amd-9950x3d,run-2,3,base64-0.23.0,encode,url-safe,padded,11,16,381300,3593744,1113.044275,external,avx512-vbmi,avx512-vbmi,x86_64,linux,0
1,commit-3-amd-9950x3d,run-2,4,base64-0.23.0,encode,url-safe,padded,11,16,381300,3589677,1114.305322,external,avx512-vbmi,avx512-vbmi,x86_64,linux,0
1,commit-3-amd-9950x3d,run-2,0,base64-0.23.0,decode,url-safe,padded,11,16,381300,5865351,681.970471,external,avx512-vbmi,avx512-vbmi,x86_64,linux,0
1,commit-3-amd-9950x3d,run-2,1,base64-0.23.0,decode,url-safe,padded,11,16,381300,5838320,685.127945,external,avx512-vbmi,avx512-vbmi,x86_64,linux,0
1,commit-3-amd-9950x3d,run-2,2,base64-0.23.0,decode,url-safe,padded,11,16,381300,5847507,684.051543,external,avx512-vbmi,avx512-vbmi,x86_64,linux,0
1,commit-3-amd-9950x3d,run-2,3,base64-0.23.0,decode,url-safe,padded,11,16,381300,5820677,687.204630,external,avx512-vbmi,avx512-vbmi,x86_64,linux,0
1,commit-3-amd-9950x3d,run-2,4,base64-0.23.0,decode,url-safe,padded,11,16,381300,5816088,687.746847,external,avx512-vbmi,avx512-vbmi,x86_64,linux,0
1,commit-3-amd-9950x3d,run-2,0,base64ct-1.8.3,encode,url-safe,padded,11,16,381300,4499961,888.895745,external,avx512-vbmi,avx512-vbmi,x86_64,linux,0
1,commit-3-amd-9950x3d,run-2,1,base64ct-1.8.3,encode,url-safe,padded,11,16,381300,4492567,890.358716,external,avx512-vbmi,avx512-vbmi,x86_64,linux,0
1,commit-3-amd-9950x3d,run-2,2,base64ct-1.8.3,encode,url-safe,padded,11,16,381300,4442302,900.433196,external,avx512-vbmi,avx512-vbmi,x86_64,linux,0
1,commit-3-amd-9950x3d,run-2,3,base64ct-1.8.3,encode,url-safe,padded,11,16,381300,4442793,900.333683,external,avx512-vbmi,avx512-vbmi,x86_64,linux,0
1,commit-3-amd-9950x3d,run-2,4,base64ct-1.8.3,encode,url-safe,padded,11,16,381300,4449375,899.001812,external,avx512-vbmi,avx512-vbmi,x86_64,linux,0
1,commit-3-amd-9950x3d,run-2,0,base64ct-1.8.3,decode,url-safe,padded,11,16,381300,13581506,294.517868,external,avx512-vbmi,avx512-vbmi,x86_64,linux,0
1,commit-3-amd-9950x3d,run-2,1,base64ct-1.8.3,decode,url-safe,padded,11,16,381300,13516824,295.927223,external,avx512-vbmi,avx512-vbmi,x86_64,linux,0
1,commit-3-amd-9950x3d,run-2,2,base64ct-1.8.3,decode,url-safe,padded,11,16,381300,13512085,296.031011,external,avx512-vbmi,avx512-vbmi,x86_64,linux,0
1,commit-3-amd-9950x3d,run-2,3,base64ct-1.8.3,decode,url-safe,padded,11,16,381300,13511885,296.035393,external,avx512-vbmi,avx512-vbmi,x86_64,linux,0
1,commit-3-amd-9950x3d,run-2,4,base64ct-1.8.3,decode,url-safe,padded,11,16,381300,13513528,295.999400,external,avx512-vbmi,avx512-vbmi,x86_64,linux,0
1,commit-3-amd-9950x3d,run-2,0,base64-ng,encode,url-safe,padded,12,16,349525,12974754,308.290715,auto,avx512-vbmi,avx512-vbmi,x86_64,linux,0
1,commit-3-amd-9950x3d,run-2,1,base64-ng,encode,url-safe,padded,12,16,349525,12989371,307.943794,auto,avx512-vbmi,avx512-vbmi,x86_64,linux,0
1,commit-3-amd-9950x3d,run-2,2,base64-ng,encode,url-safe,padded,12,16,349525,12978080,308.211707,auto,avx512-vbmi,avx512-vbmi,x86_64,linux,0
1,commit-3-amd-9950x3d,run-2,3,base64-ng,encode,url-safe,padded,12,16,349525,12966518,308.486533,auto,avx512-vbmi,avx512-vbmi,x86_64,linux,0
1,commit-3-amd-9950x3d,run-2,4,base64-ng,encode,url-safe,padded,12,16,349525,12954175,308.780465,auto,avx512-vbmi,avx512-vbmi,x86_64,linux,0
1,commit-3-amd-9950x3d,run-2,0,base64-ng,decode,url-safe,padded,12,16,349525,57011198,70.161588,auto,avx512-vbmi,avx512-vbmi,x86_64,linux,0
1,commit-3-amd-9950x3d,run-2,1,base64-ng,decode,url-safe,padded,12,16,349525,56771627,70.457663,auto,avx512-vbmi,avx512-vbmi,x86_64,linux,0
1,commit-3-amd-9950x3d,run-2,2,base64-ng,decode,url-safe,padded,12,16,349525,56588452,70.685733,auto,avx512-vbmi,avx512-vbmi,x86_64,linux,0
1,commit-3-amd-9950x3d,run-2,3,base64-ng,decode,url-safe,padded,12,16,349525,56643025,70.617630,auto,avx512-vbmi,avx512-vbmi,x86_64,linux,0
1,commit-3-amd-9950x3d,run-2,4,base64-ng,decode,url-safe,padded,12,16,349525,56742603,70.493703,auto,avx512-vbmi,avx512-vbmi,x86_64,linux,0
1,commit-3-amd-9950x3d,run-2,0,base64-ng,encode,url-safe,padded,12,16,349525,12592274,317.654793,scalar,avx512-vbmi,avx512-vbmi,x86_64,linux,0
1,commit-3-amd-9950x3d,run-2,1,base64-ng,encode,url-safe,padded,12,16,349525,12602233,317.403764,scalar,avx512-vbmi,avx512-vbmi,x86_64,linux,0
1,commit-3-amd-9950x3d,run-2,2,base64-ng,encode,url-safe,padded,12,16,349525,12591332,317.678557,scalar,avx512-vbmi,avx512-vbmi,x86_64,linux,0
1,commit-3-amd-9950x3d,run-2,3,base64-ng,encode,url-safe,padded,12,16,349525,12599277,317.478232,scalar,avx512-vbmi,avx512-vbmi,x86_64,linux,0
1,commit-3-amd-9950x3d,run-2,4,base64-ng,encode,url-safe,padded,12,16,349525,12616169,317.053155,scalar,avx512-vbmi,avx512-vbmi,x86_64,linux,0
1,commit-3-amd-9950x3d,run-2,0,base64-ng,decode,url-safe,padded,12,16,349525,13841816,288.979147,scalar,avx512-vbmi,avx512-vbmi,x86_64,linux,0
1,commit-3-amd-9950x3d,run-2,1,base64-ng,decode,url-safe,padded,12,16,349525,13845743,288.897186,scalar,avx512-vbmi,avx512-vbmi,x86_64,linux,0
1,commit-3-amd-9950x3d,run-2,2,base64-ng,decode,url-safe,padded,12,16,349525,13848929,288.830724,scalar,avx512-vbmi,avx512-vbmi,x86_64,linux,0
1,commit-3-amd-9950x3d,run-2,3,base64-ng,decode,url-safe,padded,12,16,349525,13825936,289.311059,scalar,avx512-vbmi,avx512-vbmi,x86_64,linux,0
1,commit-3-amd-9950x3d,run-2,4,base64-ng,decode,url-safe,padded,12,16,349525,13852285,288.760749,scalar,avx512-vbmi,avx512-vbmi,x86_64,linux,0
1,commit-3-amd-9950x3d,run-2,0,base64-ng,encode,url-safe,padded,12,16,349525,19011317,210.400794,ssse3-sse4.1,avx512-vbmi,avx512-vbmi,x86_64,linux,0
1,commit-3-amd-9950x3d,run-2,1,base64-ng,encode,url-safe,padded,12,16,349525,18782546,212.963471,ssse3-sse4.1,avx512-vbmi,avx512-vbmi,x86_64,linux,0
1,commit-3-amd-9950x3d,run-2,2,base64-ng,encode,url-safe,padded,12,16,349525,18803776,212.723029,ssse3-sse4.1,avx512-vbmi,avx512-vbmi,x86_64,linux,0
1,commit-3-amd-9950x3d,run-2,3,base64-ng,encode,url-safe,padded,12,16,349525,18696724,213.941019,ssse3-sse4.1,avx512-vbmi,avx512-vbmi,x86_64,linux,0
1,commit-3-amd-9950x3d,run-2,4,base64-ng,encode,url-safe,padded,12,16,349525,18798086,212.787418,ssse3-sse4.1,avx512-vbmi,avx512-vbmi,x86_64,linux,0
1,commit-3-amd-9950x3d,run-2,0,base64-ng,decode,url-safe,padded,12,16,349525,56153824,71.232837,ssse3-sse4.1,avx512-vbmi,avx512-vbmi,x86_64,linux,0
1,commit-3-amd-9950x3d,run-2,1,base64-ng,decode,url-safe,padded,12,16,349525,56237442,71.126923,ssse3-sse4.1,avx512-vbmi,avx512-vbmi,x86_64,linux,0
1,commit-3-amd-9950x3d,run-2,2,base64-ng,decode,url-safe,padded,12,16,349525,55956102,71.484540,ssse3-sse4.1,avx512-vbmi,avx512-vbmi,x86_64,linux,0
1,commit-3-amd-9950x3d,run-2,3,base64-ng,decode,url-safe,padded,12,16,349525,55806991,71.675539,ssse3-sse4.1,avx512-vbmi,avx512-vbmi,x86_64,linux,0
1,commit-3-amd-9950x3d,run-2,4,base64-ng,decode,url-safe,padded,12,16,349525,56136271,71.255110,ssse3-sse4.1,avx512-vbmi,avx512-vbmi,x86_64,linux,0
1,commit-3-amd-9950x3d,run-2,0,base64-ng,encode,url-safe,padded,12,16,349525,13136248,304.500660,avx2,avx512-vbmi,avx512-vbmi,x86_64,linux,0
1,commit-3-amd-9950x3d,run-2,1,base64-ng,encode,url-safe,padded,12,16,349525,13145955,304.275816,avx2,avx512-vbmi,avx512-vbmi,x86_64,linux,0
1,commit-3-amd-9950x3d,run-2,2,base64-ng,encode,url-safe,padded,12,16,349525,13135827,304.510419,avx2,avx512-vbmi,avx512-vbmi,x86_64,linux,0
1,commit-3-amd-9950x3d,run-2,3,base64-ng,encode,url-safe,padded,12,16,349525,13145014,304.297598,avx2,avx512-vbmi,avx512-vbmi,x86_64,linux,0
1,commit-3-amd-9950x3d,run-2,4,base64-ng,encode,url-safe,padded,12,16,349525,13142409,304.357914,avx2,avx512-vbmi,avx512-vbmi,x86_64,linux,0
1,commit-3-amd-9950x3d,run-2,0,base64-ng,decode,url-safe,padded,12,16,349525,56408644,70.911050,avx2,avx512-vbmi,avx512-vbmi,x86_64,linux,0
1,commit-3-amd-9950x3d,run-2,1,base64-ng,decode,url-safe,padded,12,16,349525,57108782,70.041700,avx2,avx512-vbmi,avx512-vbmi,x86_64,linux,0
1,commit-3-amd-9950x3d,run-2,2,base64-ng,decode,url-safe,padded,12,16,349525,58586454,68.275103,avx2,avx512-vbmi,avx512-vbmi,x86_64,linux,0
1,commit-3-amd-9950x3d,run-2,3,base64-ng,decode,url-safe,padded,12,16,349525,58312167,68.596253,avx2,avx512-vbmi,avx512-vbmi,x86_64,linux,0
1,commit-3-amd-9950x3d,run-2,4,base64-ng,decode,url-safe,padded,12,16,349525,56874531,70.330183,avx2,avx512-vbmi,avx512-vbmi,x86_64,linux,0
1,commit-3-amd-9950x3d,run-2,0,base64-ng,encode,url-safe,padded,12,16,349525,13202051,302.982937,avx512-vbmi,avx512-vbmi,avx512-vbmi,x86_64,linux,0
1,commit-3-amd-9950x3d,run-2,1,base64-ng,encode,url-safe,padded,12,16,349525,13212933,302.733404,avx512-vbmi,avx512-vbmi,avx512-vbmi,x86_64,linux,0
1,commit-3-amd-9950x3d,run-2,2,base64-ng,encode,url-safe,padded,12,16,349525,13202092,302.981996,avx512-vbmi,avx512-vbmi,avx512-vbmi,x86_64,linux,0
1,commit-3-amd-9950x3d,run-2,3,base64-ng,encode,url-safe,padded,12,16,349525,13198936,303.054442,avx512-vbmi,avx512-vbmi,avx512-vbmi,x86_64,linux,0
1,commit-3-amd-9950x3d,run-2,4,base64-ng,encode,url-safe,padded,12,16,349525,13179820,303.493992,avx512-vbmi,avx512-vbmi,avx512-vbmi,x86_64,linux,0
1,commit-3-amd-9950x3d,run-2,0,base64-ng,decode,url-safe,padded,12,16,349525,58908910,67.901378,avx512-vbmi,avx512-vbmi,avx512-vbmi,x86_64,linux,0
1,commit-3-amd-9950x3d,run-2,1,base64-ng,decode,url-safe,padded,12,16,349525,58567408,68.297306,avx512-vbmi,avx512-vbmi,avx512-vbmi,x86_64,linux,0
1,commit-3-amd-9950x3d,run-2,2,base64-ng,decode,url-safe,padded,12,16,349525,57690988,69.334853,avx512-vbmi,avx512-vbmi,avx512-vbmi,x86_64,linux,0
1,commit-3-amd-9950x3d,run-2,3,base64-ng,decode,url-safe,padded,12,16,349525,57699533,69.324585,avx512-vbmi,avx512-vbmi,avx512-vbmi,x86_64,linux,0
1,commit-3-amd-9950x3d,run-2,4,base64-ng,decode,url-safe,padded,12,16,349525,57850828,69.143283,avx512-vbmi,avx512-vbmi,avx512-vbmi,x86_64,linux,0
1,commit-3-amd-9950x3d,run-2,0,base64-0.23.0,encode,url-safe,padded,12,16,349525,3239809,1234.639507,external,avx512-vbmi,avx512-vbmi,x86_64,linux,0
1,commit-3-amd-9950x3d,run-2,1,base64-0.23.0,encode,url-safe,padded,12,16,349525,3294762,1214.047080,external,avx512-vbmi,avx512-vbmi,x86_64,linux,0
1,commit-3-amd-9950x3d,run-2,2,base64-0.23.0,encode,url-safe,padded,12,16,349525,3292518,1214.874508,external,avx512-vbmi,avx512-vbmi,x86_64,linux,0
1,commit-3-amd-9950x3d,run-2,3,base64-0.23.0,encode,url-safe,padded,12,16,349525,3280475,1219.334452,external,avx512-vbmi,avx512-vbmi,x86_64,linux,0
1,commit-3-amd-9950x3d,run-2,4,base64-0.23.0,encode,url-safe,padded,12,16,349525,3312736,1207.459992,external,avx512-vbmi,avx512-vbmi,x86_64,linux,0
1,commit-3-amd-9950x3d,run-2,0,base64-0.23.0,decode,url-safe,padded,12,16,349525,5313181,752.843953,external,avx512-vbmi,avx512-vbmi,x86_64,linux,0
1,commit-3-amd-9950x3d,run-2,1,base64-0.23.0,decode,url-safe,padded,12,16,349525,5368947,745.024338,external,avx512-vbmi,avx512-vbmi,x86_64,linux,0
1,commit-3-amd-9950x3d,run-2,2,base64-0.23.0,decode,url-safe,padded,12,16,349525,5355020,746.961951,external,avx512-vbmi,avx512-vbmi,x86_64,linux,0
1,commit-3-amd-9950x3d,run-2,3,base64-0.23.0,decode,url-safe,padded,12,16,349525,5395686,741.332276,external,avx512-vbmi,avx512-vbmi,x86_64,linux,0
1,commit-3-amd-9950x3d,run-2,4,base64-0.23.0,decode,url-safe,padded,12,16,349525,5459607,732.652769,external,avx512-vbmi,avx512-vbmi,x86_64,linux,0
1,commit-3-amd-9950x3d,run-2,0,base64ct-1.8.3,encode,url-safe,padded,12,16,349525,3042388,1314.755444,external,avx512-vbmi,avx512-vbmi,x86_64,linux,0
1,commit-3-amd-9950x3d,run-2,1,base64ct-1.8.3,encode,url-safe,padded,12,16,349525,3016508,1326.035331,external,avx512-vbmi,avx512-vbmi,x86_64,linux,0
1,commit-3-amd-9950x3d,run-2,2,base64ct-1.8.3,encode,url-safe,padded,12,16,349525,3037297,1316.959186,external,avx512-vbmi,avx512-vbmi,x86_64,linux,0
1,commit-3-amd-9950x3d,run-2,3,base64ct-1.8.3,encode,url-safe,padded,12,16,349525,3034201,1318.302968,external,avx512-vbmi,avx512-vbmi,x86_64,linux,0
1,commit-3-amd-9950x3d,run-2,4,base64ct-1.8.3,encode,url-safe,padded,12,16,349525,3034863,1318.015405,external,avx512-vbmi,avx512-vbmi,x86_64,linux,0
1,commit-3-amd-9950x3d,run-2,0,base64ct-1.8.3,decode,url-safe,padded,12,16,349525,9038995,442.526651,external,avx512-vbmi,avx512-vbmi,x86_64,linux,0
1,commit-3-amd-9950x3d,run-2,1,base64ct-1.8.3,decode,url-safe,padded,12,16,349525,9055306,441.729543,external,avx512-vbmi,avx512-vbmi,x86_64,linux,0
1,commit-3-amd-9950x3d,run-2,2,base64ct-1.8.3,decode,url-safe,padded,12,16,349525,9065314,441.241879,external,avx512-vbmi,avx512-vbmi,x86_64,linux,0
1,commit-3-amd-9950x3d,run-2,3,base64ct-1.8.3,decode,url-safe,padded,12,16,349525,9050997,441.939842,external,avx512-vbmi,avx512-vbmi,x86_64,linux,0
1,commit-3-amd-9950x3d,run-2,4,base64ct-1.8.3,decode,url-safe,padded,12,16,349525,9111521,439.004222,external,avx512-vbmi,avx512-vbmi,x86_64,linux,0
1,commit-3-amd-9950x3d,run-2,0,base64-ng,encode,url-safe,padded,15,20,279620,12834570,311.657982,auto,avx512-vbmi,avx512-vbmi,x86_64,linux,0
1,commit-3-amd-9950x3d,run-2,1,base64-ng,encode,url-safe,padded,15,20,279620,12906586,309.918997,auto,avx512-vbmi,avx512-vbmi,x86_64,linux,0
1,commit-3-amd-9950x3d,run-2,2,base64-ng,encode,url-safe,padded,15,20,279620,12800255,312.493477,auto,avx512-vbmi,avx512-vbmi,x86_64,linux,0
1,commit-3-amd-9950x3d,run-2,3,base64-ng,encode,url-safe,padded,15,20,279620,12760039,313.478367,auto,avx512-vbmi,avx512-vbmi,x86_64,linux,0
1,commit-3-amd-9950x3d,run-2,4,base64-ng,encode,url-safe,padded,15,20,279620,12925401,309.467860,auto,avx512-vbmi,avx512-vbmi,x86_64,linux,0
1,commit-3-amd-9950x3d,run-2,0,base64-ng,decode,url-safe,padded,15,20,279620,49391776,80.985065,auto,avx512-vbmi,avx512-vbmi,x86_64,linux,0
1,commit-3-amd-9950x3d,run-2,1,base64-ng,decode,url-safe,padded,15,20,279620,49457468,80.877496,auto,avx512-vbmi,avx512-vbmi,x86_64,linux,0
1,commit-3-amd-9950x3d,run-2,2,base64-ng,decode,url-safe,padded,15,20,279620,49012922,81.611053,auto,avx512-vbmi,avx512-vbmi,x86_64,linux,0
1,commit-3-amd-9950x3d,run-2,3,base64-ng,decode,url-safe,padded,15,20,279620,49373130,81.015649,auto,avx512-vbmi,avx512-vbmi,x86_64,linux,0
1,commit-3-amd-9950x3d,run-2,4,base64-ng,decode,url-safe,padded,15,20,279620,49400191,80.971270,auto,avx512-vbmi,avx512-vbmi,x86_64,linux,0
1,commit-3-amd-9950x3d,run-2,0,base64-ng,encode,url-safe,padded,15,20,279620,12274836,325.869623,scalar,avx512-vbmi,avx512-vbmi,x86_64,linux,0
1,commit-3-amd-9950x3d,run-2,1,base64-ng,encode,url-safe,padded,15,20,279620,12286478,325.560847,scalar,avx512-vbmi,avx512-vbmi,x86_64,linux,0
1,commit-3-amd-9950x3d,run-2,2,base64-ng,encode,url-safe,padded,15,20,279620,12262163,326.206411,scalar,avx512-vbmi,avx512-vbmi,x86_64,linux,0
1,commit-3-amd-9950x3d,run-2,3,base64-ng,encode,url-safe,padded,15,20,279620,12271570,325.956352,scalar,avx512-vbmi,avx512-vbmi,x86_64,linux,0
1,commit-3-amd-9950x3d,run-2,4,base64-ng,encode,url-safe,padded,15,20,279620,12262283,326.203219,scalar,avx512-vbmi,avx512-vbmi,x86_64,linux,0
1,commit-3-amd-9950x3d,run-2,0,base64-ng,decode,url-safe,padded,15,20,279620,13527835,295.686352,scalar,avx512-vbmi,avx512-vbmi,x86_64,linux,0
1,commit-3-amd-9950x3d,run-2,1,base64-ng,decode,url-safe,padded,15,20,279620,13527844,295.686156,scalar,avx512-vbmi,avx512-vbmi,x86_64,linux,0
1,commit-3-amd-9950x3d,run-2,2,base64-ng,decode,url-safe,padded,15,20,279620,13510563,296.064360,scalar,avx512-vbmi,avx512-vbmi,x86_64,linux,0
1,commit-3-amd-9950x3d,run-2,3,base64-ng,decode,url-safe,padded,15,20,279620,13537243,295.480859,scalar,avx512-vbmi,avx512-vbmi,x86_64,linux,0
1,commit-3-amd-9950x3d,run-2,4,base64-ng,decode,url-safe,padded,15,20,279620,13528967,295.661612,scalar,avx512-vbmi,avx512-vbmi,x86_64,linux,0
1,commit-3-amd-9950x3d,run-2,0,base64-ng,encode,url-safe,padded,15,20,279620,17120598,233.636476,ssse3-sse4.1,avx512-vbmi,avx512-vbmi,x86_64,linux,0
1,commit-3-amd-9950x3d,run-2,1,base64-ng,encode,url-safe,padded,15,20,279620,17107453,233.815997,ssse3-sse4.1,avx512-vbmi,avx512-vbmi,x86_64,linux,0
1,commit-3-amd-9950x3d,run-2,2,base64-ng,encode,url-safe,padded,15,20,279620,17086603,234.101312,ssse3-sse4.1,avx512-vbmi,avx512-vbmi,x86_64,linux,0
1,commit-3-amd-9950x3d,run-2,3,base64-ng,encode,url-safe,padded,15,20,279620,17056788,234.510518,ssse3-sse4.1,avx512-vbmi,avx512-vbmi,x86_64,linux,0
1,commit-3-amd-9950x3d,run-2,4,base64-ng,encode,url-safe,padded,15,20,279620,17057218,234.504606,ssse3-sse4.1,avx512-vbmi,avx512-vbmi,x86_64,linux,0
1,commit-3-amd-9950x3d,run-2,0,base64-ng,decode,url-safe,padded,15,20,279620,48599444,82.305390,ssse3-sse4.1,avx512-vbmi,avx512-vbmi,x86_64,linux,0
1,commit-3-amd-9950x3d,run-2,1,base64-ng,decode,url-safe,padded,15,20,279620,48657122,82.207825,ssse3-sse4.1,avx512-vbmi,avx512-vbmi,x86_64,linux,0
1,commit-3-amd-9950x3d,run-2,2,base64-ng,decode,url-safe,padded,15,20,279620,48692549,82.148014,ssse3-sse4.1,avx512-vbmi,avx512-vbmi,x86_64,linux,0
1,commit-3-amd-9950x3d,run-2,3,base64-ng,decode,url-safe,padded,15,20,279620,48564177,82.365160,ssse3-sse4.1,avx512-vbmi,avx512-vbmi,x86_64,linux,0
1,commit-3-amd-9950x3d,run-2,4,base64-ng,decode,url-safe,padded,15,20,279620,48513972,82.450396,ssse3-sse4.1,avx512-vbmi,avx512-vbmi,x86_64,linux,0
1,commit-3-amd-9950x3d,run-2,0,base64-ng,encode,url-safe,padded,15,20,279620,12675801,315.561611,avx2,avx512-vbmi,avx512-vbmi,x86_64,linux,0
1,commit-3-amd-9950x3d,run-2,1,base64-ng,encode,url-safe,padded,15,20,279620,12680349,315.448430,avx2,avx512-vbmi,avx512-vbmi,x86_64,linux,0
1,commit-3-amd-9950x3d,run-2,2,base64-ng,encode,url-safe,padded,15,20,279620,12676492,315.544410,avx2,avx512-vbmi,avx512-vbmi,x86_64,linux,0
1,commit-3-amd-9950x3d,run-2,3,base64-ng,encode,url-safe,padded,15,20,279620,12674539,315.593031,avx2,avx512-vbmi,avx512-vbmi,x86_64,linux,0
1,commit-3-amd-9950x3d,run-2,4,base64-ng,encode,url-safe,padded,15,20,279620,12669469,315.719324,avx2,avx512-vbmi,avx512-vbmi,x86_64,linux,0
1,commit-3-amd-9950x3d,run-2,0,base64-ng,decode,url-safe,padded,15,20,279620,49019384,81.600295,avx2,avx512-vbmi,avx512-vbmi,x86_64,linux,0
1,commit-3-amd-9950x3d,run-2,1,base64-ng,decode,url-safe,padded,15,20,279620,48812915,81.945448,avx2,avx512-vbmi,avx512-vbmi,x86_64,linux,0
1,commit-3-amd-9950x3d,run-2,2,base64-ng,decode,url-safe,padded,15,20,279620,48793018,81.978864,avx2,avx512-vbmi,avx512-vbmi,x86_64,linux,0
1,commit-3-amd-9950x3d,run-2,3,base64-ng,decode,url-safe,padded,15,20,279620,48781005,81.999052,avx2,avx512-vbmi,avx512-vbmi,x86_64,linux,0
1,commit-3-amd-9950x3d,run-2,4,base64-ng,decode,url-safe,padded,15,20,279620,48872207,81.846031,avx2,avx512-vbmi,avx512-vbmi,x86_64,linux,0
1,commit-3-amd-9950x3d,run-2,0,base64-ng,encode,url-safe,padded,15,20,279620,12703563,314.871992,avx512-vbmi,avx512-vbmi,avx512-vbmi,x86_64,linux,0
1,commit-3-amd-9950x3d,run-2,1,base64-ng,encode,url-safe,padded,15,20,279620,12706348,314.802978,avx512-vbmi,avx512-vbmi,avx512-vbmi,x86_64,linux,0
1,commit-3-amd-9950x3d,run-2,2,base64-ng,encode,url-safe,padded,15,20,279620,12733410,314.133935,avx512-vbmi,avx512-vbmi,avx512-vbmi,x86_64,linux,0
1,commit-3-amd-9950x3d,run-2,3,base64-ng,encode,url-safe,padded,15,20,279620,12718141,314.511074,avx512-vbmi,avx512-vbmi,avx512-vbmi,x86_64,linux,0
1,commit-3-amd-9950x3d,run-2,4,base64-ng,encode,url-safe,padded,15,20,279620,12714294,314.606237,avx512-vbmi,avx512-vbmi,avx512-vbmi,x86_64,linux,0
1,commit-3-amd-9950x3d,run-2,0,base64-ng,decode,url-safe,padded,15,20,279620,48758844,82.036321,avx512-vbmi,avx512-vbmi,avx512-vbmi,x86_64,linux,0
1,commit-3-amd-9950x3d,run-2,1,base64-ng,decode,url-safe,padded,15,20,279620,48865765,81.856821,avx512-vbmi,avx512-vbmi,avx512-vbmi,x86_64,linux,0
1,commit-3-amd-9950x3d,run-2,2,base64-ng,decode,url-safe,padded,15,20,279620,48985289,81.657091,avx512-vbmi,avx512-vbmi,avx512-vbmi,x86_64,linux,0
1,commit-3-amd-9950x3d,run-2,3,base64-ng,decode,url-safe,padded,15,20,279620,48952990,81.710968,avx512-vbmi,avx512-vbmi,avx512-vbmi,x86_64,linux,0
1,commit-3-amd-9950x3d,run-2,4,base64-ng,decode,url-safe,padded,15,20,279620,48862739,81.861890,avx512-vbmi,avx512-vbmi,avx512-vbmi,x86_64,linux,0
1,commit-3-amd-9950x3d,run-2,0,base64-0.23.0,encode,url-safe,padded,15,20,279620,2786305,1435.591647,external,avx512-vbmi,avx512-vbmi,x86_64,linux,0
1,commit-3-amd-9950x3d,run-2,1,base64-0.23.0,encode,url-safe,padded,15,20,279620,2849805,1403.603469,external,avx512-vbmi,avx512-vbmi,x86_64,linux,0
1,commit-3-amd-9950x3d,run-2,2,base64-0.23.0,encode,url-safe,padded,15,20,279620,2847310,1404.833399,external,avx512-vbmi,avx512-vbmi,x86_64,linux,0
1,commit-3-amd-9950x3d,run-2,3,base64-0.23.0,encode,url-safe,padded,15,20,279620,2867157,1395.108878,external,avx512-vbmi,avx512-vbmi,x86_64,linux,0
1,commit-3-amd-9950x3d,run-2,4,base64-0.23.0,encode,url-safe,padded,15,20,279620,2856668,1400.231383,external,avx512-vbmi,avx512-vbmi,x86_64,linux,0
1,commit-3-amd-9950x3d,run-2,0,base64-0.23.0,decode,url-safe,padded,15,20,279620,4578308,873.684380,external,avx512-vbmi,avx512-vbmi,x86_64,linux,0
1,commit-3-amd-9950x3d,run-2,1,base64-0.23.0,decode,url-safe,padded,15,20,279620,4610799,867.527772,external,avx512-vbmi,avx512-vbmi,x86_64,linux,0
1,commit-3-amd-9950x3d,run-2,2,base64-0.23.0,decode,url-safe,padded,15,20,279620,4609587,867.755872,external,avx512-vbmi,avx512-vbmi,x86_64,linux,0
1,commit-3-amd-9950x3d,run-2,3,base64-0.23.0,decode,url-safe,padded,15,20,279620,4598837,869.784292,external,avx512-vbmi,avx512-vbmi,x86_64,linux,0
1,commit-3-amd-9950x3d,run-2,4,base64-0.23.0,decode,url-safe,padded,15,20,279620,4608495,867.961490,external,avx512-vbmi,avx512-vbmi,x86_64,linux,0
1,commit-3-amd-9950x3d,run-2,0,base64ct-1.8.3,encode,url-safe,padded,15,20,279620,2743494,1457.993415,external,avx512-vbmi,avx512-vbmi,x86_64,linux,0
1,commit-3-amd-9950x3d,run-2,1,base64ct-1.8.3,encode,url-safe,padded,15,20,279620,2735088,1462.474401,external,avx512-vbmi,avx512-vbmi,x86_64,linux,0
1,commit-3-amd-9950x3d,run-2,2,base64ct-1.8.3,encode,url-safe,padded,15,20,279620,2755657,1451.558080,external,avx512-vbmi,avx512-vbmi,x86_64,linux,0
1,commit-3-amd-9950x3d,run-2,3,base64ct-1.8.3,encode,url-safe,padded,15,20,279620,2748454,1455.362246,external,avx512-vbmi,avx512-vbmi,x86_64,linux,0
1,commit-3-amd-9950x3d,run-2,4,base64ct-1.8.3,encode,url-safe,padded,15,20,279620,2746400,1456.450694,external,avx512-vbmi,avx512-vbmi,x86_64,linux,0
1,commit-3-amd-9950x3d,run-2,0,base64ct-1.8.3,decode,url-safe,padded,15,20,279620,8075832,495.304532,external,avx512-vbmi,avx512-vbmi,x86_64,linux,0
1,commit-3-amd-9950x3d,run-2,1,base64ct-1.8.3,decode,url-safe,padded,15,20,279620,8067427,495.820562,external,avx512-vbmi,avx512-vbmi,x86_64,linux,0
1,commit-3-amd-9950x3d,run-2,2,base64ct-1.8.3,decode,url-safe,padded,15,20,279620,8065693,495.927155,external,avx512-vbmi,avx512-vbmi,x86_64,linux,0
1,commit-3-amd-9950x3d,run-2,3,base64ct-1.8.3,decode,url-safe,padded,15,20,279620,8063308,496.073843,external,avx512-vbmi,avx512-vbmi,x86_64,linux,0
1,commit-3-amd-9950x3d,run-2,4,base64ct-1.8.3,decode,url-safe,padded,15,20,279620,8058459,496.372344,external,avx512-vbmi,avx512-vbmi,x86_64,linux,0
1,commit-3-amd-9950x3d,run-2,0,base64-ng,encode,url-safe,padded,16,24,262144,12621879,316.910026,auto,avx512-vbmi,avx512-vbmi,x86_64,linux,0
1,commit-3-amd-9950x3d,run-2,1,base64-ng,encode,url-safe,padded,16,24,262144,12624234,316.850908,auto,avx512-vbmi,avx512-vbmi,x86_64,linux,0
1,commit-3-amd-9950x3d,run-2,2,base64-ng,encode,url-safe,padded,16,24,262144,12640985,316.431038,auto,avx512-vbmi,avx512-vbmi,x86_64,linux,0
1,commit-3-amd-9950x3d,run-2,3,base64-ng,encode,url-safe,padded,16,24,262144,12687674,315.266612,auto,avx512-vbmi,avx512-vbmi,x86_64,linux,0
1,commit-3-amd-9950x3d,run-2,4,base64-ng,encode,url-safe,padded,16,24,262144,12641737,316.412215,auto,avx512-vbmi,avx512-vbmi,x86_64,linux,0
1,commit-3-amd-9950x3d,run-2,0,base64-ng,decode,url-safe,padded,16,24,262144,48359372,82.714060,auto,avx512-vbmi,avx512-vbmi,x86_64,linux,0
1,commit-3-amd-9950x3d,run-2,1,base64-ng,decode,url-safe,padded,16,24,262144,48346738,82.735675,auto,avx512-vbmi,avx512-vbmi,x86_64,linux,0
1,commit-3-amd-9950x3d,run-2,2,base64-ng,decode,url-safe,padded,16,24,262144,48014583,83.308023,auto,avx512-vbmi,avx512-vbmi,x86_64,linux,0
1,commit-3-amd-9950x3d,run-2,3,base64-ng,decode,url-safe,padded,16,24,262144,48279652,82.850639,auto,avx512-vbmi,avx512-vbmi,x86_64,linux,0
1,commit-3-amd-9950x3d,run-2,4,base64-ng,decode,url-safe,padded,16,24,262144,48279061,82.851653,auto,avx512-vbmi,avx512-vbmi,x86_64,linux,0
1,commit-3-amd-9950x3d,run-2,0,base64-ng,encode,url-safe,padded,16,24,262144,12303831,325.101995,scalar,avx512-vbmi,avx512-vbmi,x86_64,linux,0
1,commit-3-amd-9950x3d,run-2,1,base64-ng,encode,url-safe,padded,16,24,262144,12300795,325.182234,scalar,avx512-vbmi,avx512-vbmi,x86_64,linux,0
1,commit-3-amd-9950x3d,run-2,2,base64-ng,encode,url-safe,padded,16,24,262144,12301807,325.155483,scalar,avx512-vbmi,avx512-vbmi,x86_64,linux,0
1,commit-3-amd-9950x3d,run-2,3,base64-ng,encode,url-safe,padded,16,24,262144,12302619,325.134022,scalar,avx512-vbmi,avx512-vbmi,x86_64,linux,0
1,commit-3-amd-9950x3d,run-2,4,base64-ng,encode,url-safe,padded,16,24,262144,12308340,324.982898,scalar,avx512-vbmi,avx512-vbmi,x86_64,linux,0
1,commit-3-amd-9950x3d,run-2,0,base64-ng,decode,url-safe,padded,16,24,262144,14143864,282.808149,scalar,avx512-vbmi,avx512-vbmi,x86_64,linux,0
1,commit-3-amd-9950x3d,run-2,1,base64-ng,decode,url-safe,padded,16,24,262144,14097156,283.745175,scalar,avx512-vbmi,avx512-vbmi,x86_64,linux,0
1,commit-3-amd-9950x3d,run-2,2,base64-ng,decode,url-safe,padded,16,24,262144,14053665,284.623264,scalar,avx512-vbmi,avx512-vbmi,x86_64,linux,0
1,commit-3-amd-9950x3d,run-2,3,base64-ng,decode,url-safe,padded,16,24,262144,14049757,284.702433,scalar,avx512-vbmi,avx512-vbmi,x86_64,linux,0
1,commit-3-amd-9950x3d,run-2,4,base64-ng,decode,url-safe,padded,16,24,262144,14128966,283.106350,scalar,avx512-vbmi,avx512-vbmi,x86_64,linux,0
1,commit-3-amd-9950x3d,run-2,0,base64-ng,encode,url-safe,padded,16,24,262144,16939427,236.135496,ssse3-sse4.1,avx512-vbmi,avx512-vbmi,x86_64,linux,0
1,commit-3-amd-9950x3d,run-2,1,base64-ng,encode,url-safe,padded,16,24,262144,16667134,239.993271,ssse3-sse4.1,avx512-vbmi,avx512-vbmi,x86_64,linux,0
1,commit-3-amd-9950x3d,run-2,2,base64-ng,encode,url-safe,padded,16,24,262144,16662125,240.065418,ssse3-sse4.1,avx512-vbmi,avx512-vbmi,x86_64,linux,0
1,commit-3-amd-9950x3d,run-2,3,base64-ng,encode,url-safe,padded,16,24,262144,16578868,241.270996,ssse3-sse4.1,avx512-vbmi,avx512-vbmi,x86_64,linux,0
1,commit-3-amd-9950x3d,run-2,4,base64-ng,encode,url-safe,padded,16,24,262144,16621257,240.655686,ssse3-sse4.1,avx512-vbmi,avx512-vbmi,x86_64,linux,0
1,commit-3-amd-9950x3d,run-2,0,base64-ng,decode,url-safe,padded,16,24,262144,47663221,83.922150,ssse3-sse4.1,avx512-vbmi,avx512-vbmi,x86_64,linux,0
1,commit-3-amd-9950x3d,run-2,1,base64-ng,decode,url-safe,padded,16,24,262144,47725970,83.811811,ssse3-sse4.1,avx512-vbmi,avx512-vbmi,x86_64,linux,0
1,commit-3-amd-9950x3d,run-2,2,base64-ng,decode,url-safe,padded,16,24,262144,47815749,83.654446,ssse3-sse4.1,avx512-vbmi,avx512-vbmi,x86_64,linux,0
1,commit-3-amd-9950x3d,run-2,3,base64-ng,decode,url-safe,padded,16,24,262144,47877094,83.547260,ssse3-sse4.1,avx512-vbmi,avx512-vbmi,x86_64,linux,0
1,commit-3-amd-9950x3d,run-2,4,base64-ng,decode,url-safe,padded,16,24,262144,47752950,83.764459,ssse3-sse4.1,avx512-vbmi,avx512-vbmi,x86_64,linux,0
1,commit-3-amd-9950x3d,run-2,0,base64-ng,encode,url-safe,padded,16,24,262144,12690700,315.191439,avx2,avx512-vbmi,avx512-vbmi,x86_64,linux,0
1,commit-3-amd-9950x3d,run-2,1,base64-ng,encode,url-safe,padded,16,24,262144,12670240,315.700413,avx2,avx512-vbmi,avx512-vbmi,x86_64,linux,0
1,commit-3-amd-9950x3d,run-2,2,base64-ng,encode,url-safe,padded,16,24,262144,12657386,316.021017,avx2,avx512-vbmi,avx512-vbmi,x86_64,linux,0
1,commit-3-amd-9950x3d,run-2,3,base64-ng,encode,url-safe,padded,16,24,262144,12660532,315.942490,avx2,avx512-vbmi,avx512-vbmi,x86_64,linux,0
1,commit-3-amd-9950x3d,run-2,4,base64-ng,encode,url-safe,padded,16,24,262144,12658087,316.003516,avx2,avx512-vbmi,avx512-vbmi,x86_64,linux,0
1,commit-3-amd-9950x3d,run-2,0,base64-ng,decode,url-safe,padded,16,24,262144,47716471,83.828496,avx2,avx512-vbmi,avx512-vbmi,x86_64,linux,0
1,commit-3-amd-9950x3d,run-2,1,base64-ng,decode,url-safe,padded,16,24,262144,47549247,84.123309,avx2,avx512-vbmi,avx512-vbmi,x86_64,linux,0
1,commit-3-amd-9950x3d,run-2,2,base64-ng,decode,url-safe,padded,16,24,262144,47596226,84.040277,avx2,avx512-vbmi,avx512-vbmi,x86_64,linux,0
1,commit-3-amd-9950x3d,run-2,3,base64-ng,decode,url-safe,padded,16,24,262144,47715280,83.830588,avx2,avx512-vbmi,avx512-vbmi,x86_64,linux,0
1,commit-3-amd-9950x3d,run-2,4,base64-ng,decode,url-safe,padded,16,24,262144,47605011,84.024768,avx2,avx512-vbmi,avx512-vbmi,x86_64,linux,0
1,commit-3-amd-9950x3d,run-2,0,base64-ng,encode,url-safe,padded,16,24,262144,12698363,315.001233,avx512-vbmi,avx512-vbmi,avx512-vbmi,x86_64,linux,0
1,commit-3-amd-9950x3d,run-2,1,base64-ng,encode,url-safe,padded,16,24,262144,12700988,314.936129,avx512-vbmi,avx512-vbmi,avx512-vbmi,x86_64,linux,0
1,commit-3-amd-9950x3d,run-2,2,base64-ng,encode,url-safe,padded,16,24,262144,12722789,314.396474,avx512-vbmi,avx512-vbmi,avx512-vbmi,x86_64,linux,0
1,commit-3-amd-9950x3d,run-2,3,base64-ng,encode,url-safe,padded,16,24,262144,12714624,314.598371,avx512-vbmi,avx512-vbmi,avx512-vbmi,x86_64,linux,0
1,commit-3-amd-9950x3d,run-2,4,base64-ng,encode,url-safe,padded,16,24,262144,12712129,314.660117,avx512-vbmi,avx512-vbmi,avx512-vbmi,x86_64,linux,0
1,commit-3-amd-9950x3d,run-2,0,base64-ng,decode,url-safe,padded,16,24,262144,47855624,83.584742,avx512-vbmi,avx512-vbmi,avx512-vbmi,x86_64,linux,0
1,commit-3-amd-9950x3d,run-2,1,base64-ng,decode,url-safe,padded,16,24,262144,47932128,83.451334,avx512-vbmi,avx512-vbmi,avx512-vbmi,x86_64,linux,0
1,commit-3-amd-9950x3d,run-2,2,base64-ng,decode,url-safe,padded,16,24,262144,48193399,82.998919,avx512-vbmi,avx512-vbmi,avx512-vbmi,x86_64,linux,0
1,commit-3-amd-9950x3d,run-2,3,base64-ng,decode,url-safe,padded,16,24,262144,47925776,83.462394,avx512-vbmi,avx512-vbmi,avx512-vbmi,x86_64,linux,0
1,commit-3-amd-9950x3d,run-2,4,base64-ng,decode,url-safe,padded,16,24,262144,48243313,82.913045,avx512-vbmi,avx512-vbmi,avx512-vbmi,x86_64,linux,0
1,commit-3-amd-9950x3d,run-2,0,base64-0.23.0,encode,url-safe,padded,16,24,262144,2750968,1454.033635,external,avx512-vbmi,avx512-vbmi,x86_64,linux,0
1,commit-3-amd-9950x3d,run-2,1,base64-0.23.0,encode,url-safe,padded,16,24,262144,2832953,1411.954240,external,avx512-vbmi,avx512-vbmi,x86_64,linux,0
1,commit-3-amd-9950x3d,run-2,2,base64-0.23.0,encode,url-safe,padded,16,24,262144,2840457,1408.224099,external,avx512-vbmi,avx512-vbmi,x86_64,linux,0
1,commit-3-amd-9950x3d,run-2,3,base64-0.23.0,encode,url-safe,padded,16,24,262144,2822503,1417.181842,external,avx512-vbmi,avx512-vbmi,x86_64,linux,0
1,commit-3-amd-9950x3d,run-2,4,base64-0.23.0,encode,url-safe,padded,16,24,262144,2819117,1418.883998,external,avx512-vbmi,avx512-vbmi,x86_64,linux,0
1,commit-3-amd-9950x3d,run-2,0,base64-0.23.0,decode,url-safe,padded,16,24,262144,4418798,905.223547,external,avx512-vbmi,avx512-vbmi,x86_64,linux,0
1,commit-3-amd-9950x3d,run-2,1,base64-0.23.0,decode,url-safe,padded,16,24,262144,4411103,906.802675,external,avx512-vbmi,avx512-vbmi,x86_64,linux,0
1,commit-3-amd-9950x3d,run-2,2,base64-0.23.0,decode,url-safe,padded,16,24,262144,4408228,907.394082,external,avx512-vbmi,avx512-vbmi,x86_64,linux,0
1,commit-3-amd-9950x3d,run-2,3,base64-0.23.0,decode,url-safe,padded,16,24,262144,4406745,907.699447,external,avx512-vbmi,avx512-vbmi,x86_64,linux,0
1,commit-3-amd-9950x3d,run-2,4,base64-0.23.0,decode,url-safe,padded,16,24,262144,4425640,903.824080,external,avx512-vbmi,avx512-vbmi,x86_64,linux,0
1,commit-3-amd-9950x3d,run-2,0,base64ct-1.8.3,encode,url-safe,padded,16,24,262144,3735752,1070.734888,external,avx512-vbmi,avx512-vbmi,x86_64,linux,0
1,commit-3-amd-9950x3d,run-2,1,base64ct-1.8.3,encode,url-safe,padded,16,24,262144,3715564,1076.552577,external,avx512-vbmi,avx512-vbmi,x86_64,linux,0
1,commit-3-amd-9950x3d,run-2,2,base64ct-1.8.3,encode,url-safe,padded,16,24,262144,3713731,1077.083935,external,avx512-vbmi,avx512-vbmi,x86_64,linux,0
1,commit-3-amd-9950x3d,run-2,3,base64ct-1.8.3,encode,url-safe,padded,16,24,262144,3712629,1077.403640,external,avx512-vbmi,avx512-vbmi,x86_64,linux,0
1,commit-3-amd-9950x3d,run-2,4,base64ct-1.8.3,encode,url-safe,padded,16,24,262144,3726675,1073.342859,external,avx512-vbmi,avx512-vbmi,x86_64,linux,0
1,commit-3-amd-9950x3d,run-2,0,base64ct-1.8.3,decode,url-safe,padded,16,24,262144,10376463,385.487810,external,avx512-vbmi,avx512-vbmi,x86_64,linux,0
1,commit-3-amd-9950x3d,run-2,1,base64ct-1.8.3,decode,url-safe,padded,16,24,262144,10332851,387.114844,external,avx512-vbmi,avx512-vbmi,x86_64,linux,0
1,commit-3-amd-9950x3d,run-2,2,base64ct-1.8.3,decode,url-safe,padded,16,24,262144,10328493,387.278183,external,avx512-vbmi,avx512-vbmi,x86_64,linux,0
1,commit-3-amd-9950x3d,run-2,3,base64ct-1.8.3,decode,url-safe,padded,16,24,262144,10339032,386.883414,external,avx512-vbmi,avx512-vbmi,x86_64,linux,0
1,commit-3-amd-9950x3d,run-2,4,base64ct-1.8.3,decode,url-safe,padded,16,24,262144,10331799,387.154260,external,avx512-vbmi,avx512-vbmi,x86_64,linux,0
1,commit-3-amd-9950x3d,run-2,0,base64-ng,encode,url-safe,padded,23,32,182361,12850610,311.269196,auto,avx512-vbmi,avx512-vbmi,x86_64,linux,0
1,commit-3-amd-9950x3d,run-2,1,base64-ng,encode,url-safe,padded,23,32,182361,12832005,311.720502,auto,avx512-vbmi,avx512-vbmi,x86_64,linux,0
1,commit-3-amd-9950x3d,run-2,2,base64-ng,encode,url-safe,padded,23,32,182361,12836704,311.606394,auto,avx512-vbmi,avx512-vbmi,x86_64,linux,0
1,commit-3-amd-9950x3d,run-2,3,base64-ng,encode,url-safe,padded,23,32,182361,12841663,311.486063,auto,avx512-vbmi,avx512-vbmi,x86_64,linux,0
1,commit-3-amd-9950x3d,run-2,4,base64-ng,encode,url-safe,padded,23,32,182361,12856882,311.117349,auto,avx512-vbmi,avx512-vbmi,x86_64,linux,0
1,commit-3-amd-9950x3d,run-2,0,base64-ng,decode,url-safe,padded,23,32,182361,40259214,99.356114,auto,avx512-vbmi,avx512-vbmi,x86_64,linux,0
1,commit-3-amd-9950x3d,run-2,1,base64-ng,decode,url-safe,padded,23,32,182361,40266628,99.337820,auto,avx512-vbmi,avx512-vbmi,x86_64,linux,0
1,commit-3-amd-9950x3d,run-2,2,base64-ng,decode,url-safe,padded,23,32,182361,40221253,99.449887,auto,avx512-vbmi,avx512-vbmi,x86_64,linux,0
1,commit-3-amd-9950x3d,run-2,3,base64-ng,decode,url-safe,padded,23,32,182361,41217247,97.046730,auto,avx512-vbmi,avx512-vbmi,x86_64,linux,0
1,commit-3-amd-9950x3d,run-2,4,base64-ng,decode,url-safe,padded,23,32,182361,40839767,97.943728,auto,avx512-vbmi,avx512-vbmi,x86_64,linux,0
1,commit-3-amd-9950x3d,run-2,0,base64-ng,encode,url-safe,padded,23,32,182361,12939808,309.123524,scalar,avx512-vbmi,avx512-vbmi,x86_64,linux,0
1,commit-3-amd-9950x3d,run-2,1,base64-ng,encode,url-safe,padded,23,32,182361,12917486,309.657703,scalar,avx512-vbmi,avx512-vbmi,x86_64,linux,0
1,commit-3-amd-9950x3d,run-2,2,base64-ng,encode,url-safe,padded,23,32,182361,12955597,308.746795,scalar,avx512-vbmi,avx512-vbmi,x86_64,linux,0
1,commit-3-amd-9950x3d,run-2,3,base64-ng,encode,url-safe,padded,23,32,182361,12942293,309.064170,scalar,avx512-vbmi,avx512-vbmi,x86_64,linux,0
1,commit-3-amd-9950x3d,run-2,4,base64-ng,encode,url-safe,padded,23,32,182361,12864796,310.925960,scalar,avx512-vbmi,avx512-vbmi,x86_64,linux,0
1,commit-3-amd-9950x3d,run-2,0,base64-ng,decode,url-safe,padded,23,32,182361,13860151,288.597076,scalar,avx512-vbmi,avx512-vbmi,x86_64,linux,0
1,commit-3-amd-9950x3d,run-2,1,base64-ng,decode,url-safe,padded,23,32,182361,13930873,287.131973,scalar,avx512-vbmi,avx512-vbmi,x86_64,linux,0
1,commit-3-amd-9950x3d,run-2,2,base64-ng,decode,url-safe,padded,23,32,182361,13883114,288.119729,scalar,avx512-vbmi,avx512-vbmi,x86_64,linux,0
1,commit-3-amd-9950x3d,run-2,3,base64-ng,decode,url-safe,padded,23,32,182361,13916818,287.421956,scalar,avx512-vbmi,avx512-vbmi,x86_64,linux,0
1,commit-3-amd-9950x3d,run-2,4,base64-ng,decode,url-safe,padded,23,32,182361,13941544,286.912199,scalar,avx512-vbmi,avx512-vbmi,x86_64,linux,0
1,commit-3-amd-9950x3d,run-2,0,base64-ng,encode,url-safe,padded,23,32,182361,15591680,256.547020,ssse3-sse4.1,avx512-vbmi,avx512-vbmi,x86_64,linux,0
1,commit-3-amd-9950x3d,run-2,1,base64-ng,encode,url-safe,padded,23,32,182361,15665388,255.339928,ssse3-sse4.1,avx512-vbmi,avx512-vbmi,x86_64,linux,0
1,commit-3-amd-9950x3d,run-2,2,base64-ng,encode,url-safe,padded,23,32,182361,15564879,256.988766,ssse3-sse4.1,avx512-vbmi,avx512-vbmi,x86_64,linux,0
1,commit-3-amd-9950x3d,run-2,3,base64-ng,encode,url-safe,padded,23,32,182361,15464681,258.653835,ssse3-sse4.1,avx512-vbmi,avx512-vbmi,x86_64,linux,0
1,commit-3-amd-9950x3d,run-2,4,base64-ng,encode,url-safe,padded,23,32,182361,15554190,257.165371,ssse3-sse4.1,avx512-vbmi,avx512-vbmi,x86_64,linux,0
1,commit-3-amd-9950x3d,run-2,0,base64-ng,decode,url-safe,padded,23,32,182361,56758643,70.473832,ssse3-sse4.1,avx512-vbmi,avx512-vbmi,x86_64,linux,0
1,commit-3-amd-9950x3d,run-2,1,base64-ng,decode,url-safe,padded,23,32,182361,57211254,69.916297,ssse3-sse4.1,avx512-vbmi,avx512-vbmi,x86_64,linux,0
1,commit-3-amd-9950x3d,run-2,2,base64-ng,decode,url-safe,padded,23,32,182361,57609605,69.432850,ssse3-sse4.1,avx512-vbmi,avx512-vbmi,x86_64,linux,0
1,commit-3-amd-9950x3d,run-2,3,base64-ng,decode,url-safe,padded,23,32,182361,57389279,69.699413,ssse3-sse4.1,avx512-vbmi,avx512-vbmi,x86_64,linux,0
1,commit-3-amd-9950x3d,run-2,4,base64-ng,decode,url-safe,padded,23,32,182361,57107148,70.043754,ssse3-sse4.1,avx512-vbmi,avx512-vbmi,x86_64,linux,0
1,commit-3-amd-9950x3d,run-2,0,base64-ng,encode,url-safe,padded,23,32,182361,12395002,322.710641,avx2,avx512-vbmi,avx512-vbmi,x86_64,linux,0
1,commit-3-amd-9950x3d,run-2,1,base64-ng,encode,url-safe,padded,23,32,182361,12412626,322.252442,avx2,avx512-vbmi,avx512-vbmi,x86_64,linux,0
1,commit-3-amd-9950x3d,run-2,2,base64-ng,encode,url-safe,padded,23,32,182361,12410922,322.296687,avx2,avx512-vbmi,avx512-vbmi,x86_64,linux,0
1,commit-3-amd-9950x3d,run-2,3,base64-ng,encode,url-safe,padded,23,32,182361,12375605,323.216444,avx2,avx512-vbmi,avx512-vbmi,x86_64,linux,0
1,commit-3-amd-9950x3d,run-2,4,base64-ng,encode,url-safe,padded,23,32,182361,12338306,324.193536,avx2,avx512-vbmi,avx512-vbmi,x86_64,linux,0
1,commit-3-amd-9950x3d,run-2,0,base64-ng,decode,url-safe,padded,23,32,182361,42866652,93.312607,avx2,avx512-vbmi,avx512-vbmi,x86_64,linux,0
1,commit-3-amd-9950x3d,run-2,1,base64-ng,decode,url-safe,padded,23,32,182361,42583539,93.932988,avx2,avx512-vbmi,avx512-vbmi,x86_64,linux,0
1,commit-3-amd-9950x3d,run-2,2,base64-ng,decode,url-safe,padded,23,32,182361,42580754,93.939131,avx2,avx512-vbmi,avx512-vbmi,x86_64,linux,0
1,commit-3-amd-9950x3d,run-2,3,base64-ng,decode,url-safe,padded,23,32,182361,42457012,94.212919,avx2,avx512-vbmi,avx512-vbmi,x86_64,linux,0
1,commit-3-amd-9950x3d,run-2,4,base64-ng,decode,url-safe,padded,23,32,182361,42456059,94.215034,avx2,avx512-vbmi,avx512-vbmi,x86_64,linux,0
1,commit-3-amd-9950x3d,run-2,0,base64-ng,encode,url-safe,padded,23,32,182361,12178956,328.435298,avx512-vbmi,avx512-vbmi,avx512-vbmi,x86_64,linux,0
1,commit-3-amd-9950x3d,run-2,1,base64-ng,encode,url-safe,padded,23,32,182361,12180068,328.405313,avx512-vbmi,avx512-vbmi,avx512-vbmi,x86_64,linux,0
1,commit-3-amd-9950x3d,run-2,2,base64-ng,encode,url-safe,padded,23,32,182361,12142677,329.416573,avx512-vbmi,avx512-vbmi,avx512-vbmi,x86_64,linux,0
1,commit-3-amd-9950x3d,run-2,3,base64-ng,encode,url-safe,padded,23,32,182361,12191880,328.087140,avx512-vbmi,avx512-vbmi,avx512-vbmi,x86_64,linux,0
1,commit-3-amd-9950x3d,run-2,4,base64-ng,encode,url-safe,padded,23,32,182361,12218009,327.385505,avx512-vbmi,avx512-vbmi,avx512-vbmi,x86_64,linux,0
1,commit-3-amd-9950x3d,run-2,0,base64-ng,decode,url-safe,padded,23,32,182361,41882821,95.504528,avx512-vbmi,avx512-vbmi,avx512-vbmi,x86_64,linux,0
1,commit-3-amd-9950x3d,run-2,1,base64-ng,decode,url-safe,padded,23,32,182361,41662645,96.009244,avx512-vbmi,avx512-vbmi,avx512-vbmi,x86_64,linux,0
1,commit-3-amd-9950x3d,run-2,2,base64-ng,decode,url-safe,padded,23,32,182361,41614856,96.119497,avx512-vbmi,avx512-vbmi,avx512-vbmi,x86_64,linux,0
1,commit-3-amd-9950x3d,run-2,3,base64-ng,decode,url-safe,padded,23,32,182361,41574840,96.212013,avx512-vbmi,avx512-vbmi,avx512-vbmi,x86_64,linux,0
1,commit-3-amd-9950x3d,run-2,4,base64-ng,decode,url-safe,padded,23,32,182361,41518204,96.343258,avx512-vbmi,avx512-vbmi,avx512-vbmi,x86_64,linux,0
1,commit-3-amd-9950x3d,run-2,0,base64-0.23.0,encode,url-safe,padded,23,32,182361,2311902,1730.176732,external,avx512-vbmi,avx512-vbmi,x86_64,linux,0
1,commit-3-amd-9950x3d,run-2,1,base64-0.23.0,encode,url-safe,padded,23,32,182361,2346707,1704.515752,external,avx512-vbmi,avx512-vbmi,x86_64,linux,0
1,commit-3-amd-9950x3d,run-2,2,base64-0.23.0,encode,url-safe,padded,23,32,182361,2342499,1707.577696,external,avx512-vbmi,avx512-vbmi,x86_64,linux,0
1,commit-3-amd-9950x3d,run-2,3,base64-0.23.0,encode,url-safe,padded,23,32,182361,2328984,1717.486701,external,avx512-vbmi,avx512-vbmi,x86_64,linux,0
1,commit-3-amd-9950x3d,run-2,4,base64-0.23.0,encode,url-safe,padded,23,32,182361,2320178,1724.005247,external,avx512-vbmi,avx512-vbmi,x86_64,linux,0
1,commit-3-amd-9950x3d,run-2,0,base64-0.23.0,decode,url-safe,padded,23,32,182361,3515388,1137.854213,external,avx512-vbmi,avx512-vbmi,x86_64,linux,0
1,commit-3-amd-9950x3d,run-2,1,base64-0.23.0,decode,url-safe,padded,23,32,182361,3515137,1137.935462,external,avx512-vbmi,avx512-vbmi,x86_64,linux,0
1,commit-3-amd-9950x3d,run-2,2,base64-0.23.0,decode,url-safe,padded,23,32,182361,3523413,1135.262612,external,avx512-vbmi,avx512-vbmi,x86_64,linux,0
1,commit-3-amd-9950x3d,run-2,3,base64-0.23.0,decode,url-safe,padded,23,32,182361,3501331,1142.422423,external,avx512-vbmi,avx512-vbmi,x86_64,linux,0
1,commit-3-amd-9950x3d,run-2,4,base64-0.23.0,decode,url-safe,padded,23,32,182361,3489940,1146.151237,external,avx512-vbmi,avx512-vbmi,x86_64,linux,0
1,commit-3-amd-9950x3d,run-2,0,base64ct-1.8.3,encode,url-safe,padded,23,32,182361,3138758,1274.389120,external,avx512-vbmi,avx512-vbmi,x86_64,linux,0
1,commit-3-amd-9950x3d,run-2,1,base64ct-1.8.3,encode,url-safe,padded,23,32,182361,3103221,1288.982978,external,avx512-vbmi,avx512-vbmi,x86_64,linux,0
1,commit-3-amd-9950x3d,run-2,2,base64ct-1.8.3,encode,url-safe,padded,23,32,182361,3110616,1285.918624,external,avx512-vbmi,avx512-vbmi,x86_64,linux,0
1,commit-3-amd-9950x3d,run-2,3,base64ct-1.8.3,encode,url-safe,padded,23,32,182361,3107249,1287.312039,external,avx512-vbmi,avx512-vbmi,x86_64,linux,0
1,commit-3-amd-9950x3d,run-2,4,base64ct-1.8.3,encode,url-safe,padded,23,32,182361,3105215,1288.155263,external,avx512-vbmi,avx512-vbmi,x86_64,linux,0
1,commit-3-amd-9950x3d,run-2,0,base64ct-1.8.3,decode,url-safe,padded,23,32,182361,9130287,438.102225,external,avx512-vbmi,avx512-vbmi,x86_64,linux,0
1,commit-3-amd-9950x3d,run-2,1,base64ct-1.8.3,decode,url-safe,padded,23,32,182361,9097225,439.694417,external,avx512-vbmi,avx512-vbmi,x86_64,linux,0
1,commit-3-amd-9950x3d,run-2,2,base64ct-1.8.3,decode,url-safe,padded,23,32,182361,9085071,440.282640,external,avx512-vbmi,avx512-vbmi,x86_64,linux,0
1,commit-3-amd-9950x3d,run-2,3,base64ct-1.8.3,decode,url-safe,padded,23,32,182361,9097706,439.671171,external,avx512-vbmi,avx512-vbmi,x86_64,linux,0
1,commit-3-amd-9950x3d,run-2,4,base64ct-1.8.3,decode,url-safe,padded,23,32,182361,9095100,439.797149,external,avx512-vbmi,avx512-vbmi,x86_64,linux,0
1,commit-3-amd-9950x3d,run-2,0,base64-ng,encode,url-safe,padded,24,32,174762,13028625,307.015110,auto,avx512-vbmi,avx512-vbmi,x86_64,linux,0
1,commit-3-amd-9950x3d,run-2,1,base64-ng,encode,url-safe,padded,24,32,174762,12917687,309.651778,auto,avx512-vbmi,avx512-vbmi,x86_64,linux,0
1,commit-3-amd-9950x3d,run-2,2,base64-ng,encode,url-safe,padded,24,32,174762,12868554,310.834049,auto,avx512-vbmi,avx512-vbmi,x86_64,linux,0
1,commit-3-amd-9950x3d,run-2,3,base64-ng,encode,url-safe,padded,24,32,174762,12870618,310.784202,auto,avx512-vbmi,avx512-vbmi,x86_64,linux,0
1,commit-3-amd-9950x3d,run-2,4,base64-ng,encode,url-safe,padded,24,32,174762,12800345,312.490385,auto,avx512-vbmi,avx512-vbmi,x86_64,linux,0
1,commit-3-amd-9950x3d,run-2,0,base64-ng,decode,url-safe,padded,24,32,174762,38167626,104.800459,auto,avx512-vbmi,avx512-vbmi,x86_64,linux,0
1,commit-3-amd-9950x3d,run-2,1,base64-ng,decode,url-safe,padded,24,32,174762,38105029,104.972620,auto,avx512-vbmi,avx512-vbmi,x86_64,linux,0
1,commit-3-amd-9950x3d,run-2,2,base64-ng,decode,url-safe,padded,24,32,174762,38117392,104.938573,auto,avx512-vbmi,avx512-vbmi,x86_64,linux,0
1,commit-3-amd-9950x3d,run-2,3,base64-ng,decode,url-safe,padded,24,32,174762,38144042,104.865256,auto,avx512-vbmi,avx512-vbmi,x86_64,linux,0
1,commit-3-amd-9950x3d,run-2,4,base64-ng,decode,url-safe,padded,24,32,174762,38285649,104.477392,auto,avx512-vbmi,avx512-vbmi,x86_64,linux,0
1,commit-3-amd-9950x3d,run-2,0,base64-ng,encode,url-safe,padded,24,32,174762,12616278,317.049509,scalar,avx512-vbmi,avx512-vbmi,x86_64,linux,0
1,commit-3-amd-9950x3d,run-2,1,base64-ng,encode,url-safe,padded,24,32,174762,12617400,317.021315,scalar,avx512-vbmi,avx512-vbmi,x86_64,linux,0
1,commit-3-amd-9950x3d,run-2,2,base64-ng,encode,url-safe,padded,24,32,174762,12623403,316.870557,scalar,avx512-vbmi,avx512-vbmi,x86_64,linux,0
1,commit-3-amd-9950x3d,run-2,3,base64-ng,encode,url-safe,padded,24,32,174762,12621679,316.913839,scalar,avx512-vbmi,avx512-vbmi,x86_64,linux,0
1,commit-3-amd-9950x3d,run-2,4,base64-ng,encode,url-safe,padded,24,32,174762,12621329,316.922627,scalar,avx512-vbmi,avx512-vbmi,x86_64,linux,0
1,commit-3-amd-9950x3d,run-2,0,base64-ng,decode,url-safe,padded,24,32,174762,13226358,302.425259,scalar,avx512-vbmi,avx512-vbmi,x86_64,linux,0
1,commit-3-amd-9950x3d,run-2,1,base64-ng,decode,url-safe,padded,24,32,174762,13254260,301.788613,scalar,avx512-vbmi,avx512-vbmi,x86_64,linux,0
1,commit-3-amd-9950x3d,run-2,2,base64-ng,decode,url-safe,padded,24,32,174762,13253378,301.808697,scalar,avx512-vbmi,avx512-vbmi,x86_64,linux,0
1,commit-3-amd-9950x3d,run-2,3,base64-ng,decode,url-safe,padded,24,32,174762,13242708,302.051872,scalar,avx512-vbmi,avx512-vbmi,x86_64,linux,0
1,commit-3-amd-9950x3d,run-2,4,base64-ng,decode,url-safe,padded,24,32,174762,13247447,301.943819,scalar,avx512-vbmi,avx512-vbmi,x86_64,linux,0
1,commit-3-amd-9950x3d,run-2,0,base64-ng,encode,url-safe,padded,24,32,174762,15558557,257.092270,ssse3-sse4.1,avx512-vbmi,avx512-vbmi,x86_64,linux,0
1,commit-3-amd-9950x3d,run-2,1,base64-ng,encode,url-safe,padded,24,32,174762,15053187,265.723447,ssse3-sse4.1,avx512-vbmi,avx512-vbmi,x86_64,linux,0
1,commit-3-amd-9950x3d,run-2,2,base64-ng,encode,url-safe,padded,24,32,174762,14999775,266.669649,ssse3-sse4.1,avx512-vbmi,avx512-vbmi,x86_64,linux,0
1,commit-3-amd-9950x3d,run-2,3,base64-ng,encode,url-safe,padded,24,32,174762,15194793,263.247070,ssse3-sse4.1,avx512-vbmi,avx512-vbmi,x86_64,linux,0
1,commit-3-amd-9950x3d,run-2,4,base64-ng,encode,url-safe,padded,24,32,174762,15027709,266.173955,ssse3-sse4.1,avx512-vbmi,avx512-vbmi,x86_64,linux,0
1,commit-3-amd-9950x3d,run-2,0,base64-ng,decode,url-safe,padded,24,32,174762,52581680,76.071832,ssse3-sse4.1,avx512-vbmi,avx512-vbmi,x86_64,linux,0
1,commit-3-amd-9950x3d,run-2,1,base64-ng,decode,url-safe,padded,24,32,174762,52600826,76.044143,ssse3-sse4.1,avx512-vbmi,avx512-vbmi,x86_64,linux,0
1,commit-3-amd-9950x3d,run-2,2,base64-ng,decode,url-safe,padded,24,32,174762,52580939,76.072904,ssse3-sse4.1,avx512-vbmi,avx512-vbmi,x86_64,linux,0
1,commit-3-amd-9950x3d,run-2,3,base64-ng,decode,url-safe,padded,24,32,174762,52603782,76.039870,ssse3-sse4.1,avx512-vbmi,avx512-vbmi,x86_64,linux,0
1,commit-3-amd-9950x3d,run-2,4,base64-ng,decode,url-safe,padded,24,32,174762,52428662,76.293855,ssse3-sse4.1,avx512-vbmi,avx512-vbmi,x86_64,linux,0
1,commit-3-amd-9950x3d,run-2,0,base64-ng,encode,url-safe,padded,24,32,174762,9399494,425.553199,avx2,avx512-vbmi,avx512-vbmi,x86_64,linux,0
1,commit-3-amd-9950x3d,run-2,1,base64-ng,encode,url-safe,padded,24,32,174762,9407228,425.203337,avx2,avx512-vbmi,avx512-vbmi,x86_64,linux,0
1,commit-3-amd-9950x3d,run-2,2,base64-ng,encode,url-safe,padded,24,32,174762,9393392,425.829641,avx2,avx512-vbmi,avx512-vbmi,x86_64,linux,0
1,commit-3-amd-9950x3d,run-2,3,base64-ng,encode,url-safe,padded,24,32,174762,9408340,425.153081,avx2,avx512-vbmi,avx512-vbmi,x86_64,linux,0
1,commit-3-amd-9950x3d,run-2,4,base64-ng,encode,url-safe,padded,24,32,174762,9400956,425.487019,avx2,avx512-vbmi,avx512-vbmi,x86_64,linux,0
1,commit-3-amd-9950x3d,run-2,0,base64-ng,decode,url-safe,padded,24,32,174762,39331387,101.699560,avx2,avx512-vbmi,avx512-vbmi,x86_64,linux,0
1,commit-3-amd-9950x3d,run-2,1,base64-ng,decode,url-safe,padded,24,32,174762,39387222,101.555391,avx2,avx512-vbmi,avx512-vbmi,x86_64,linux,0
1,commit-3-amd-9950x3d,run-2,2,base64-ng,decode,url-safe,padded,24,32,174762,39274681,101.846397,avx2,avx512-vbmi,avx512-vbmi,x86_64,linux,0
1,commit-3-amd-9950x3d,run-2,3,base64-ng,decode,url-safe,padded,24,32,174762,39282826,101.825280,avx2,avx512-vbmi,avx512-vbmi,x86_64,linux,0
1,commit-3-amd-9950x3d,run-2,4,base64-ng,decode,url-safe,padded,24,32,174762,39394586,101.536408,avx2,avx512-vbmi,avx512-vbmi,x86_64,linux,0
1,commit-3-amd-9950x3d,run-2,0,base64-ng,encode,url-safe,padded,24,32,174762,12010659,333.036242,avx512-vbmi,avx512-vbmi,avx512-vbmi,x86_64,linux,0
1,commit-3-amd-9950x3d,run-2,1,base64-ng,encode,url-safe,padded,24,32,174762,12010929,333.028756,avx512-vbmi,avx512-vbmi,avx512-vbmi,x86_64,linux,0
1,commit-3-amd-9950x3d,run-2,2,base64-ng,encode,url-safe,padded,24,32,174762,12014186,332.938473,avx512-vbmi,avx512-vbmi,avx512-vbmi,x86_64,linux,0
1,commit-3-amd-9950x3d,run-2,3,base64-ng,encode,url-safe,padded,24,32,174762,12023403,332.683246,avx512-vbmi,avx512-vbmi,avx512-vbmi,x86_64,linux,0
1,commit-3-amd-9950x3d,run-2,4,base64-ng,encode,url-safe,padded,24,32,174762,12024726,332.646643,avx512-vbmi,avx512-vbmi,avx512-vbmi,x86_64,linux,0
1,commit-3-amd-9950x3d,run-2,0,base64-ng,decode,url-safe,padded,24,32,174762,39388625,101.551774,avx512-vbmi,avx512-vbmi,avx512-vbmi,x86_64,linux,0
1,commit-3-amd-9950x3d,run-2,1,base64-ng,decode,url-safe,padded,24,32,174762,38375108,104.233837,avx512-vbmi,avx512-vbmi,avx512-vbmi,x86_64,linux,0
1,commit-3-amd-9950x3d,run-2,2,base64-ng,decode,url-safe,padded,24,32,174762,38071797,105.064249,avx512-vbmi,avx512-vbmi,avx512-vbmi,x86_64,linux,0
1,commit-3-amd-9950x3d,run-2,3,base64-ng,decode,url-safe,padded,24,32,174762,38115839,104.942849,avx512-vbmi,avx512-vbmi,avx512-vbmi,x86_64,linux,0
1,commit-3-amd-9950x3d,run-2,4,base64-ng,decode,url-safe,padded,24,32,174762,38149793,104.849448,avx512-vbmi,avx512-vbmi,avx512-vbmi,x86_64,linux,0
1,commit-3-amd-9950x3d,run-2,0,base64-0.23.0,encode,url-safe,padded,24,32,174762,2168672,1844.439704,external,avx512-vbmi,avx512-vbmi,x86_64,linux,0
1,commit-3-amd-9950x3d,run-2,1,base64-0.23.0,encode,url-safe,padded,24,32,174762,2237352,1787.820934,external,avx512-vbmi,avx512-vbmi,x86_64,linux,0
1,commit-3-amd-9950x3d,run-2,2,base64-0.23.0,encode,url-safe,padded,24,32,174762,2214559,1806.221799,external,avx512-vbmi,avx512-vbmi,x86_64,linux,0
1,commit-3-amd-9950x3d,run-2,3,base64-0.23.0,encode,url-safe,padded,24,32,174762,2231801,1792.267653,external,avx512-vbmi,avx512-vbmi,x86_64,linux,0
1,commit-3-amd-9950x3d,run-2,4,base64-0.23.0,encode,url-safe,padded,24,32,174762,2228946,1794.563323,external,avx512-vbmi,avx512-vbmi,x86_64,linux,0
1,commit-3-amd-9950x3d,run-2,0,base64-0.23.0,decode,url-safe,padded,24,32,174762,3395471,1178.035313,external,avx512-vbmi,avx512-vbmi,x86_64,linux,0
1,commit-3-amd-9950x3d,run-2,1,base64-0.23.0,decode,url-safe,padded,24,32,174762,3388969,1180.295465,external,avx512-vbmi,avx512-vbmi,x86_64,linux,0
1,commit-3-amd-9950x3d,run-2,2,base64-0.23.0,decode,url-safe,padded,24,32,174762,3372679,1185.996278,external,avx512-vbmi,avx512-vbmi,x86_64,linux,0
1,commit-3-amd-9950x3d,run-2,3,base64-0.23.0,decode,url-safe,padded,24,32,174762,3371497,1186.412072,external,avx512-vbmi,avx512-vbmi,x86_64,linux,0
1,commit-3-amd-9950x3d,run-2,4,base64-0.23.0,decode,url-safe,padded,24,32,174762,3371316,1186.475768,external,avx512-vbmi,avx512-vbmi,x86_64,linux,0
1,commit-3-amd-9950x3d,run-2,0,base64ct-1.8.3,encode,url-safe,padded,24,32,174762,2471682,1618.324987,external,avx512-vbmi,avx512-vbmi,x86_64,linux,0
1,commit-3-amd-9950x3d,run-2,1,base64ct-1.8.3,encode,url-safe,padded,24,32,174762,2448819,1633.434215,external,avx512-vbmi,avx512-vbmi,x86_64,linux,0
1,commit-3-amd-9950x3d,run-2,2,base64ct-1.8.3,encode,url-safe,padded,24,32,174762,2454100,1629.919213,external,avx512-vbmi,avx512-vbmi,x86_64,linux,0
1,commit-3-amd-9950x3d,run-2,3,base64ct-1.8.3,encode,url-safe,padded,24,32,174762,2448389,1633.721088,external,avx512-vbmi,avx512-vbmi,x86_64,linux,0
1,commit-3-amd-9950x3d,run-2,4,base64ct-1.8.3,encode,url-safe,padded,24,32,174762,2450683,1632.191818,external,avx512-vbmi,avx512-vbmi,x86_64,linux,0
1,commit-3-amd-9950x3d,run-2,0,base64ct-1.8.3,decode,url-safe,padded,24,32,174762,7062625,566.359497,external,avx512-vbmi,avx512-vbmi,x86_64,linux,0
1,commit-3-amd-9950x3d,run-2,1,base64ct-1.8.3,decode,url-safe,padded,24,32,174762,7045963,567.698800,external,avx512-vbmi,avx512-vbmi,x86_64,linux,0
1,commit-3-amd-9950x3d,run-2,2,base64ct-1.8.3,decode,url-safe,padded,24,32,174762,7038359,568.312122,external,avx512-vbmi,avx512-vbmi,x86_64,linux,0
1,commit-3-amd-9950x3d,run-2,3,base64ct-1.8.3,decode,url-safe,padded,24,32,174762,7049830,567.387404,external,avx512-vbmi,avx512-vbmi,x86_64,linux,0
1,commit-3-amd-9950x3d,run-2,4,base64ct-1.8.3,decode,url-safe,padded,24,32,174762,7039621,568.210240,external,avx512-vbmi,avx512-vbmi,x86_64,linux,0
1,commit-3-amd-9950x3d,run-2,0,base64-ng,encode,url-safe,padded,31,44,135300,11988026,333.665958,auto,avx512-vbmi,avx512-vbmi,x86_64,linux,0
1,commit-3-amd-9950x3d,run-2,1,base64-ng,encode,url-safe,padded,31,44,135300,11963560,334.348320,auto,avx512-vbmi,avx512-vbmi,x86_64,linux,0
1,commit-3-amd-9950x3d,run-2,2,base64-ng,encode,url-safe,padded,31,44,135300,11958961,334.476899,auto,avx512-vbmi,avx512-vbmi,x86_64,linux,0
1,commit-3-amd-9950x3d,run-2,3,base64-ng,encode,url-safe,padded,31,44,135300,11966496,334.266287,auto,avx512-vbmi,avx512-vbmi,x86_64,linux,0
1,commit-3-amd-9950x3d,run-2,4,base64-ng,encode,url-safe,padded,31,44,135300,11967778,334.230480,auto,avx512-vbmi,avx512-vbmi,x86_64,linux,0
1,commit-3-amd-9950x3d,run-2,0,base64-ng,decode,url-safe,padded,31,44,135300,34410725,116.242718,auto,avx512-vbmi,avx512-vbmi,x86_64,linux,0
1,commit-3-amd-9950x3d,run-2,1,base64-ng,decode,url-safe,padded,31,44,135300,34535159,115.823882,auto,avx512-vbmi,avx512-vbmi,x86_64,linux,0
1,commit-3-amd-9950x3d,run-2,2,base64-ng,decode,url-safe,padded,31,44,135300,34482470,116.000860,auto,avx512-vbmi,avx512-vbmi,x86_64,linux,0
1,commit-3-amd-9950x3d,run-2,3,base64-ng,decode,url-safe,padded,31,44,135300,34261264,116.749814,auto,avx512-vbmi,avx512-vbmi,x86_64,linux,0
1,commit-3-amd-9950x3d,run-2,4,base64-ng,decode,url-safe,padded,31,44,135300,34221449,116.885646,auto,avx512-vbmi,avx512-vbmi,x86_64,linux,0
1,commit-3-amd-9950x3d,run-2,0,base64-ng,encode,url-safe,padded,31,44,135300,11826452,338.224531,scalar,avx512-vbmi,avx512-vbmi,x86_64,linux,0
1,commit-3-amd-9950x3d,run-2,1,base64-ng,encode,url-safe,padded,31,44,135300,11796105,339.094658,scalar,avx512-vbmi,avx512-vbmi,x86_64,linux,0
1,commit-3-amd-9950x3d,run-2,2,base64-ng,encode,url-safe,padded,31,44,135300,11799271,339.003671,scalar,avx512-vbmi,avx512-vbmi,x86_64,linux,0
1,commit-3-amd-9950x3d,run-2,3,base64-ng,encode,url-safe,padded,31,44,135300,11812676,338.618970,scalar,avx512-vbmi,avx512-vbmi,x86_64,linux,0
1,commit-3-amd-9950x3d,run-2,4,base64-ng,encode,url-safe,padded,31,44,135300,11815381,338.541447,scalar,avx512-vbmi,avx512-vbmi,x86_64,linux,0
1,commit-3-amd-9950x3d,run-2,0,base64-ng,decode,url-safe,padded,31,44,135300,14933260,267.858203,scalar,avx512-vbmi,avx512-vbmi,x86_64,linux,0
1,commit-3-amd-9950x3d,run-2,1,base64-ng,decode,url-safe,padded,31,44,135300,14921858,268.062877,scalar,avx512-vbmi,avx512-vbmi,x86_64,linux,0
1,commit-3-amd-9950x3d,run-2,2,base64-ng,decode,url-safe,padded,31,44,135300,14916379,268.161340,scalar,avx512-vbmi,avx512-vbmi,x86_64,linux,0
1,commit-3-amd-9950x3d,run-2,3,base64-ng,decode,url-safe,padded,31,44,135300,14914826,268.189263,scalar,avx512-vbmi,avx512-vbmi,x86_64,linux,0
1,commit-3-amd-9950x3d,run-2,4,base64-ng,decode,url-safe,padded,31,44,135300,14899848,268.458858,scalar,avx512-vbmi,avx512-vbmi,x86_64,linux,0
1,commit-3-amd-9950x3d,run-2,0,base64-ng,encode,url-safe,padded,31,44,135300,15382015,260.043706,ssse3-sse4.1,avx512-vbmi,avx512-vbmi,x86_64,linux,0
1,commit-3-amd-9950x3d,run-2,1,base64-ng,encode,url-safe,padded,31,44,135300,15252732,262.247851,ssse3-sse4.1,avx512-vbmi,avx512-vbmi,x86_64,linux,0
1,commit-3-amd-9950x3d,run-2,2,base64-ng,encode,url-safe,padded,31,44,135300,14443127,276.948073,ssse3-sse4.1,avx512-vbmi,avx512-vbmi,x86_64,linux,0
1,commit-3-amd-9950x3d,run-2,3,base64-ng,encode,url-safe,padded,31,44,135300,14545410,275.000580,ssse3-sse4.1,avx512-vbmi,avx512-vbmi,x86_64,linux,0
1,commit-3-amd-9950x3d,run-2,4,base64-ng,encode,url-safe,padded,31,44,135300,14558174,274.759471,ssse3-sse4.1,avx512-vbmi,avx512-vbmi,x86_64,linux,0
1,commit-3-amd-9950x3d,run-2,0,base64-ng,decode,url-safe,padded,31,44,135300,45528333,87.857295,ssse3-sse4.1,avx512-vbmi,avx512-vbmi,x86_64,linux,0
1,commit-3-amd-9950x3d,run-2,1,base64-ng,decode,url-safe,padded,31,44,135300,45571203,87.774645,ssse3-sse4.1,avx512-vbmi,avx512-vbmi,x86_64,linux,0
1,commit-3-amd-9950x3d,run-2,2,base64-ng,decode,url-safe,padded,31,44,135300,45457089,87.994992,ssse3-sse4.1,avx512-vbmi,avx512-vbmi,x86_64,linux,0
1,commit-3-amd-9950x3d,run-2,3,base64-ng,decode,url-safe,padded,31,44,135300,45594527,87.729744,ssse3-sse4.1,avx512-vbmi,avx512-vbmi,x86_64,linux,0
1,commit-3-amd-9950x3d,run-2,4,base64-ng,decode,url-safe,padded,31,44,135300,45523914,87.865823,ssse3-sse4.1,avx512-vbmi,avx512-vbmi,x86_64,linux,0
1,commit-3-amd-9950x3d,run-2,0,base64-ng,encode,url-safe,padded,31,44,135300,9819073,407.370042,avx2,avx512-vbmi,avx512-vbmi,x86_64,linux,0
1,commit-3-amd-9950x3d,run-2,1,base64-ng,encode,url-safe,padded,31,44,135300,9818853,407.379170,avx2,avx512-vbmi,avx512-vbmi,x86_64,linux,0
1,commit-3-amd-9950x3d,run-2,2,base64-ng,encode,url-safe,padded,31,44,135300,9808694,407.801098,avx2,avx512-vbmi,avx512-vbmi,x86_64,linux,0
1,commit-3-amd-9950x3d,run-2,3,base64-ng,encode,url-safe,padded,31,44,135300,9895237,404.234500,avx2,avx512-vbmi,avx512-vbmi,x86_64,linux,0
1,commit-3-amd-9950x3d,run-2,4,base64-ng,encode,url-safe,padded,31,44,135300,9888864,404.495014,avx2,avx512-vbmi,avx512-vbmi,x86_64,linux,0
1,commit-3-amd-9950x3d,run-2,0,base64-ng,decode,url-safe,padded,31,44,135300,34804827,114.926478,avx2,avx512-vbmi,avx512-vbmi,x86_64,linux,0
1,commit-3-amd-9950x3d,run-2,1,base64-ng,decode,url-safe,padded,31,44,135300,33811577,118.302562,avx2,avx512-vbmi,avx512-vbmi,x86_64,linux,0
1,commit-3-amd-9950x3d,run-2,2,base64-ng,decode,url-safe,padded,31,44,135300,33794314,118.362994,avx2,avx512-vbmi,avx512-vbmi,x86_64,linux,0
1,commit-3-amd-9950x3d,run-2,3,base64-ng,decode,url-safe,padded,31,44,135300,33926012,117.903519,avx2,avx512-vbmi,avx512-vbmi,x86_64,linux,0
1,commit-3-amd-9950x3d,run-2,4,base64-ng,decode,url-safe,padded,31,44,135300,33874235,118.083735,avx2,avx512-vbmi,avx512-vbmi,x86_64,linux,0
1,commit-3-amd-9950x3d,run-2,0,base64-ng,encode,url-safe,padded,31,44,135300,12026639,332.594683,avx512-vbmi,avx512-vbmi,avx512-vbmi,x86_64,linux,0
1,commit-3-amd-9950x3d,run-2,1,base64-ng,encode,url-safe,padded,31,44,135300,12052969,331.868122,avx512-vbmi,avx512-vbmi,avx512-vbmi,x86_64,linux,0
1,commit-3-amd-9950x3d,run-2,2,base64-ng,encode,url-safe,padded,31,44,135300,11891385,336.377654,avx512-vbmi,avx512-vbmi,avx512-vbmi,x86_64,linux,0
1,commit-3-amd-9950x3d,run-2,3,base64-ng,encode,url-safe,padded,31,44,135300,11906432,335.952549,avx512-vbmi,avx512-vbmi,avx512-vbmi,x86_64,linux,0
1,commit-3-amd-9950x3d,run-2,4,base64-ng,encode,url-safe,padded,31,44,135300,11893038,336.330901,avx512-vbmi,avx512-vbmi,avx512-vbmi,x86_64,linux,0
1,commit-3-amd-9950x3d,run-2,0,base64-ng,decode,url-safe,padded,31,44,135300,34123805,117.220110,avx512-vbmi,avx512-vbmi,avx512-vbmi,x86_64,linux,0
1,commit-3-amd-9950x3d,run-2,1,base64-ng,decode,url-safe,padded,31,44,135300,34140577,117.162524,avx512-vbmi,avx512-vbmi,avx512-vbmi,x86_64,linux,0
1,commit-3-amd-9950x3d,run-2,2,base64-ng,decode,url-safe,padded,31,44,135300,34093678,117.323692,avx512-vbmi,avx512-vbmi,avx512-vbmi,x86_64,linux,0
1,commit-3-amd-9950x3d,run-2,3,base64-ng,decode,url-safe,padded,31,44,135300,34139044,117.167786,avx512-vbmi,avx512-vbmi,avx512-vbmi,x86_64,linux,0
1,commit-3-amd-9950x3d,run-2,4,base64-ng,decode,url-safe,padded,31,44,135300,34122573,117.224343,avx512-vbmi,avx512-vbmi,avx512-vbmi,x86_64,linux,0
1,commit-3-amd-9950x3d,run-2,0,base64-0.23.0,encode,url-safe,padded,31,44,135300,2096326,1908.098352,external,avx512-vbmi,avx512-vbmi,x86_64,linux,0
1,commit-3-amd-9950x3d,run-2,1,base64-0.23.0,encode,url-safe,padded,31,44,135300,2127094,1880.498081,external,avx512-vbmi,avx512-vbmi,x86_64,linux,0
1,commit-3-amd-9950x3d,run-2,2,base64-0.23.0,encode,url-safe,padded,31,44,135300,2123227,1883.923003,external,avx512-vbmi,avx512-vbmi,x86_64,linux,0
1,commit-3-amd-9950x3d,run-2,3,base64-0.23.0,encode,url-safe,padded,31,44,135300,2131763,1876.379403,external,avx512-vbmi,avx512-vbmi,x86_64,linux,0
1,commit-3-amd-9950x3d,run-2,4,base64-0.23.0,encode,url-safe,padded,31,44,135300,2121013,1885.889519,external,avx512-vbmi,avx512-vbmi,x86_64,linux,0
1,commit-3-amd-9950x3d,run-2,0,base64-0.23.0,decode,url-safe,padded,31,44,135300,2743674,1457.897762,external,avx512-vbmi,avx512-vbmi,x86_64,linux,0
1,commit-3-amd-9950x3d,run-2,1,base64-0.23.0,decode,url-safe,padded,31,44,135300,2748213,1455.489871,external,avx512-vbmi,avx512-vbmi,x86_64,linux,0
1,commit-3-amd-9950x3d,run-2,2,base64-0.23.0,decode,url-safe,padded,31,44,135300,2740719,1459.469645,external,avx512-vbmi,avx512-vbmi,x86_64,linux,0
1,commit-3-amd-9950x3d,run-2,3,base64-0.23.0,decode,url-safe,padded,31,44,135300,2736692,1461.617232,external,avx512-vbmi,avx512-vbmi,x86_64,linux,0
1,commit-3-amd-9950x3d,run-2,4,base64-0.23.0,decode,url-safe,padded,31,44,135300,2743395,1458.046029,external,avx512-vbmi,avx512-vbmi,x86_64,linux,0
1,commit-3-amd-9950x3d,run-2,0,base64ct-1.8.3,encode,url-safe,padded,31,44,135300,3240430,1234.402899,external,avx512-vbmi,avx512-vbmi,x86_64,linux,0
1,commit-3-amd-9950x3d,run-2,1,base64ct-1.8.3,encode,url-safe,padded,31,44,135300,3226113,1239.880992,external,avx512-vbmi,avx512-vbmi,x86_64,linux,0
1,commit-3-amd-9950x3d,run-2,2,base64ct-1.8.3,encode,url-safe,padded,31,44,135300,3228157,1239.095925,external,avx512-vbmi,avx512-vbmi,x86_64,linux,0
1,commit-3-amd-9950x3d,run-2,3,base64ct-1.8.3,encode,url-safe,padded,31,44,135300,3233717,1236.965444,external,avx512-vbmi,avx512-vbmi,x86_64,linux,0
1,commit-3-amd-9950x3d,run-2,4,base64ct-1.8.3,encode,url-safe,padded,31,44,135300,3236072,1236.065262,external,avx512-vbmi,avx512-vbmi,x86_64,linux,0
1,commit-3-amd-9950x3d,run-2,0,base64ct-1.8.3,decode,url-safe,padded,31,44,135300,7520526,531.877183,external,avx512-vbmi,avx512-vbmi,x86_64,linux,0
1,commit-3-amd-9950x3d,run-2,1,base64ct-1.8.3,decode,url-safe,padded,31,44,135300,7511820,532.493615,external,avx512-vbmi,avx512-vbmi,x86_64,linux,0
1,commit-3-amd-9950x3d,run-2,2,base64ct-1.8.3,decode,url-safe,padded,31,44,135300,7509786,532.637839,external,avx512-vbmi,avx512-vbmi,x86_64,linux,0
1,commit-3-amd-9950x3d,run-2,3,base64ct-1.8.3,decode,url-safe,padded,31,44,135300,7508013,532.763620,external,avx512-vbmi,avx512-vbmi,x86_64,linux,0
1,commit-3-amd-9950x3d,run-2,4,base64ct-1.8.3,decode,url-safe,padded,31,44,135300,7517892,532.063534,external,avx512-vbmi,avx512-vbmi,x86_64,linux,0
1,commit-3-amd-9950x3d,run-2,0,base64-ng,encode,url-safe,padded,32,44,131072,11856158,337.377420,auto,avx512-vbmi,avx512-vbmi,x86_64,linux,0
1,commit-3-amd-9950x3d,run-2,1,base64-ng,encode,url-safe,padded,32,44,131072,11848965,337.582228,auto,avx512-vbmi,avx512-vbmi,x86_64,linux,0
1,commit-3-amd-9950x3d,run-2,2,base64-ng,encode,url-safe,padded,32,44,131072,11845107,337.692180,auto,avx512-vbmi,avx512-vbmi,x86_64,linux,0
1,commit-3-amd-9950x3d,run-2,3,base64-ng,encode,url-safe,padded,32,44,131072,11840669,337.818750,auto,avx512-vbmi,avx512-vbmi,x86_64,linux,0
1,commit-3-amd-9950x3d,run-2,4,base64-ng,encode,url-safe,padded,32,44,131072,11863932,337.156349,auto,avx512-vbmi,avx512-vbmi,x86_64,linux,0
1,commit-3-amd-9950x3d,run-2,0,base64-ng,decode,url-safe,padded,32,44,131072,33688866,118.733590,auto,avx512-vbmi,avx512-vbmi,x86_64,linux,0
1,commit-3-amd-9950x3d,run-2,1,base64-ng,decode,url-safe,padded,32,44,131072,33797010,118.353665,auto,avx512-vbmi,avx512-vbmi,x86_64,linux,0
1,commit-3-amd-9950x3d,run-2,2,base64-ng,decode,url-safe,padded,32,44,131072,33629524,118.943105,auto,avx512-vbmi,avx512-vbmi,x86_64,linux,0
1,commit-3-amd-9950x3d,run-2,3,base64-ng,decode,url-safe,padded,32,44,131072,33736315,118.566595,auto,avx512-vbmi,avx512-vbmi,x86_64,linux,0
1,commit-3-amd-9950x3d,run-2,4,base64-ng,decode,url-safe,padded,32,44,131072,33636908,118.916994,auto,avx512-vbmi,avx512-vbmi,x86_64,linux,0
1,commit-3-amd-9950x3d,run-2,0,base64-ng,encode,url-safe,padded,32,44,131072,11682761,342.384818,scalar,avx512-vbmi,avx512-vbmi,x86_64,linux,0
1,commit-3-amd-9950x3d,run-2,1,base64-ng,encode,url-safe,padded,32,44,131072,11698482,341.924704,scalar,avx512-vbmi,avx512-vbmi,x86_64,linux,0
1,commit-3-amd-9950x3d,run-2,2,base64-ng,encode,url-safe,padded,32,44,131072,11692189,342.108736,scalar,avx512-vbmi,avx512-vbmi,x86_64,linux,0
1,commit-3-amd-9950x3d,run-2,3,base64-ng,encode,url-safe,padded,32,44,131072,11689615,342.184067,scalar,avx512-vbmi,avx512-vbmi,x86_64,linux,0
1,commit-3-amd-9950x3d,run-2,4,base64-ng,encode,url-safe,padded,32,44,131072,11707698,341.655550,scalar,avx512-vbmi,avx512-vbmi,x86_64,linux,0
1,commit-3-amd-9950x3d,run-2,0,base64-ng,decode,url-safe,padded,32,44,131072,14754784,271.098513,scalar,avx512-vbmi,avx512-vbmi,x86_64,linux,0
1,commit-3-amd-9950x3d,run-2,1,base64-ng,decode,url-safe,padded,32,44,131072,14773991,270.746070,scalar,avx512-vbmi,avx512-vbmi,x86_64,linux,0
1,commit-3-amd-9950x3d,run-2,2,base64-ng,decode,url-safe,padded,32,44,131072,14764694,270.916553,scalar,avx512-vbmi,avx512-vbmi,x86_64,linux,0
1,commit-3-amd-9950x3d,run-2,3,base64-ng,decode,url-safe,padded,32,44,131072,14762359,270.959404,scalar,avx512-vbmi,avx512-vbmi,x86_64,linux,0
1,commit-3-amd-9950x3d,run-2,4,base64-ng,decode,url-safe,padded,32,44,131072,14762939,270.948759,scalar,avx512-vbmi,avx512-vbmi,x86_64,linux,0
1,commit-3-amd-9950x3d,run-2,0,base64-ng,encode,url-safe,padded,32,44,131072,14844323,269.463282,ssse3-sse4.1,avx512-vbmi,avx512-vbmi,x86_64,linux,0
1,commit-3-amd-9950x3d,run-2,1,base64-ng,encode,url-safe,padded,32,44,131072,15042716,265.909428,ssse3-sse4.1,avx512-vbmi,avx512-vbmi,x86_64,linux,0
1,commit-3-amd-9950x3d,run-2,2,base64-ng,encode,url-safe,padded,32,44,131072,15130692,264.363322,ssse3-sse4.1,avx512-vbmi,avx512-vbmi,x86_64,linux,0
1,commit-3-amd-9950x3d,run-2,3,base64-ng,encode,url-safe,padded,32,44,131072,15028429,266.162218,ssse3-sse4.1,avx512-vbmi,avx512-vbmi,x86_64,linux,0
1,commit-3-amd-9950x3d,run-2,4,base64-ng,encode,url-safe,padded,32,44,131072,15046874,265.835947,ssse3-sse4.1,avx512-vbmi,avx512-vbmi,x86_64,linux,0
1,commit-3-amd-9950x3d,run-2,0,base64-ng,decode,url-safe,padded,32,44,131072,44405570,90.078790,ssse3-sse4.1,avx512-vbmi,avx512-vbmi,x86_64,linux,0
1,commit-3-amd-9950x3d,run-2,1,base64-ng,decode,url-safe,padded,32,44,131072,44388918,90.112582,ssse3-sse4.1,avx512-vbmi,avx512-vbmi,x86_64,linux,0
1,commit-3-amd-9950x3d,run-2,2,base64-ng,decode,url-safe,padded,32,44,131072,44328555,90.235290,ssse3-sse4.1,avx512-vbmi,avx512-vbmi,x86_64,linux,0
1,commit-3-amd-9950x3d,run-2,3,base64-ng,decode,url-safe,padded,32,44,131072,44316671,90.259487,ssse3-sse4.1,avx512-vbmi,avx512-vbmi,x86_64,linux,0
1,commit-3-amd-9950x3d,run-2,4,base64-ng,decode,url-safe,padded,32,44,131072,44518893,89.849494,ssse3-sse4.1,avx512-vbmi,avx512-vbmi,x86_64,linux,0
1,commit-3-amd-9950x3d,run-2,0,base64-ng,encode,url-safe,padded,32,44,131072,9791361,408.523391,avx2,avx512-vbmi,avx512-vbmi,x86_64,linux,0
1,commit-3-amd-9950x3d,run-2,1,base64-ng,encode,url-safe,padded,32,44,131072,9772015,409.332159,avx2,avx512-vbmi,avx512-vbmi,x86_64,linux,0
1,commit-3-amd-9950x3d,run-2,2,base64-ng,encode,url-safe,padded,32,44,131072,10019921,399.204744,avx2,avx512-vbmi,avx512-vbmi,x86_64,linux,0
1,commit-3-amd-9950x3d,run-2,3,base64-ng,encode,url-safe,padded,32,44,131072,9993943,400.242427,avx2,avx512-vbmi,avx512-vbmi,x86_64,linux,0
1,commit-3-amd-9950x3d,run-2,4,base64-ng,encode,url-safe,padded,32,44,131072,10004532,399.818802,avx2,avx512-vbmi,avx512-vbmi,x86_64,linux,0
1,commit-3-amd-9950x3d,run-2,0,base64-ng,decode,url-safe,padded,32,44,131072,33165210,120.608312,avx2,avx512-vbmi,avx512-vbmi,x86_64,linux,0
1,commit-3-amd-9950x3d,run-2,1,base64-ng,decode,url-safe,padded,32,44,131072,33157235,120.637321,avx2,avx512-vbmi,avx512-vbmi,x86_64,linux,0
1,commit-3-amd-9950x3d,run-2,2,base64-ng,decode,url-safe,padded,32,44,131072,33196198,120.495727,avx2,avx512-vbmi,avx512-vbmi,x86_64,linux,0
1,commit-3-amd-9950x3d,run-2,3,base64-ng,decode,url-safe,padded,32,44,131072,33240772,120.334149,avx2,avx512-vbmi,avx512-vbmi,x86_64,linux,0
1,commit-3-amd-9950x3d,run-2,4,base64-ng,decode,url-safe,padded,32,44,131072,33171282,120.586235,avx2,avx512-vbmi,avx512-vbmi,x86_64,linux,0
1,commit-3-amd-9950x3d,run-2,0,base64-ng,encode,url-safe,padded,32,44,131072,11776699,339.653752,avx512-vbmi,avx512-vbmi,avx512-vbmi,x86_64,linux,0
1,commit-3-amd-9950x3d,run-2,1,base64-ng,encode,url-safe,padded,32,44,131072,11787188,339.351506,avx512-vbmi,avx512-vbmi,avx512-vbmi,x86_64,linux,0
1,commit-3-amd-9950x3d,run-2,2,base64-ng,encode,url-safe,padded,32,44,131072,11799852,338.987303,avx512-vbmi,avx512-vbmi,avx512-vbmi,x86_64,linux,0
1,commit-3-amd-9950x3d,run-2,3,base64-ng,encode,url-safe,padded,32,44,131072,11802948,338.898384,avx512-vbmi,avx512-vbmi,avx512-vbmi,x86_64,linux,0
1,commit-3-amd-9950x3d,run-2,4,base64-ng,encode,url-safe,padded,32,44,131072,11808409,338.741654,avx512-vbmi,avx512-vbmi,avx512-vbmi,x86_64,linux,0
1,commit-3-amd-9950x3d,run-2,0,base64-ng,decode,url-safe,padded,32,44,131072,33421643,119.682925,avx512-vbmi,avx512-vbmi,avx512-vbmi,x86_64,linux,0
1,commit-3-amd-9950x3d,run-2,1,base64-ng,decode,url-safe,padded,32,44,131072,33418587,119.693870,avx512-vbmi,avx512-vbmi,avx512-vbmi,x86_64,linux,0
1,commit-3-amd-9950x3d,run-2,2,base64-ng,decode,url-safe,padded,32,44,131072,33398059,119.767439,avx512-vbmi,avx512-vbmi,avx512-vbmi,x86_64,linux,0
1,commit-3-amd-9950x3d,run-2,3,base64-ng,decode,url-safe,padded,32,44,131072,33506613,119.379419,avx512-vbmi,avx512-vbmi,avx512-vbmi,x86_64,linux,0
1,commit-3-amd-9950x3d,run-2,4,base64-ng,decode,url-safe,padded,32,44,131072,33498257,119.409198,avx512-vbmi,avx512-vbmi,avx512-vbmi,x86_64,linux,0
1,commit-3-amd-9950x3d,run-2,0,base64-0.23.0,encode,url-safe,padded,32,44,131072,2073053,1929.521339,external,avx512-vbmi,avx512-vbmi,x86_64,linux,0
1,commit-3-amd-9950x3d,run-2,1,base64-0.23.0,encode,url-safe,padded,32,44,131072,2093551,1910.629357,external,avx512-vbmi,avx512-vbmi,x86_64,linux,0
1,commit-3-amd-9950x3d,run-2,2,base64-0.23.0,encode,url-safe,padded,32,44,131072,2095354,1908.985307,external,avx512-vbmi,avx512-vbmi,x86_64,linux,0
1,commit-3-amd-9950x3d,run-2,3,base64-0.23.0,encode,url-safe,padded,32,44,131072,2102769,1902.253647,external,avx512-vbmi,avx512-vbmi,x86_64,linux,0
1,commit-3-amd-9950x3d,run-2,4,base64-0.23.0,encode,url-safe,padded,32,44,131072,2095424,1908.921536,external,avx512-vbmi,avx512-vbmi,x86_64,linux,0
1,commit-3-amd-9950x3d,run-2,0,base64-0.23.0,decode,url-safe,padded,32,44,131072,2666780,1499.936253,external,avx512-vbmi,avx512-vbmi,x86_64,linux,0
1,commit-3-amd-9950x3d,run-2,1,base64-0.23.0,decode,url-safe,padded,32,44,131072,2678772,1493.221521,external,avx512-vbmi,avx512-vbmi,x86_64,linux,0
1,commit-3-amd-9950x3d,run-2,2,base64-0.23.0,decode,url-safe,padded,32,44,131072,2674685,1495.503209,external,avx512-vbmi,avx512-vbmi,x86_64,linux,0
1,commit-3-amd-9950x3d,run-2,3,base64-0.23.0,decode,url-safe,padded,32,44,131072,2677500,1493.930906,external,avx512-vbmi,avx512-vbmi,x86_64,linux,0
1,commit-3-amd-9950x3d,run-2,4,base64-0.23.0,decode,url-safe,padded,32,44,131072,2662362,1502.425290,external,avx512-vbmi,avx512-vbmi,x86_64,linux,0
1,commit-3-amd-9950x3d,run-2,0,base64ct-1.8.3,encode,url-safe,padded,32,44,131072,3164687,1263.948062,external,avx512-vbmi,avx512-vbmi,x86_64,linux,0
1,commit-3-amd-9950x3d,run-2,1,base64ct-1.8.3,encode,url-safe,padded,32,44,131072,3139590,1274.051707,external,avx512-vbmi,avx512-vbmi,x86_64,linux,0
1,commit-3-amd-9950x3d,run-2,2,base64ct-1.8.3,encode,url-safe,padded,32,44,131072,3138749,1274.393078,external,avx512-vbmi,avx512-vbmi,x86_64,linux,0
1,commit-3-amd-9950x3d,run-2,3,base64ct-1.8.3,encode,url-safe,padded,32,44,131072,3132297,1277.018112,external,avx512-vbmi,avx512-vbmi,x86_64,linux,0
1,commit-3-amd-9950x3d,run-2,4,base64ct-1.8.3,encode,url-safe,padded,32,44,131072,3140942,1273.503299,external,avx512-vbmi,avx512-vbmi,x86_64,linux,0
1,commit-3-amd-9950x3d,run-2,0,base64ct-1.8.3,decode,url-safe,padded,32,44,131072,7602030,526.175245,external,avx512-vbmi,avx512-vbmi,x86_64,linux,0
1,commit-3-amd-9950x3d,run-2,1,base64ct-1.8.3,decode,url-safe,padded,32,44,131072,7595799,526.606878,external,avx512-vbmi,avx512-vbmi,x86_64,linux,0
1,commit-3-amd-9950x3d,run-2,2,base64ct-1.8.3,decode,url-safe,padded,32,44,131072,7595468,526.629827,external,avx512-vbmi,avx512-vbmi,x86_64,linux,0
1,commit-3-amd-9950x3d,run-2,3,base64ct-1.8.3,decode,url-safe,padded,32,44,131072,7587563,527.178489,external,avx512-vbmi,avx512-vbmi,x86_64,linux,0
1,commit-3-amd-9950x3d,run-2,4,base64ct-1.8.3,decode,url-safe,padded,32,44,131072,7581341,527.611144,external,avx512-vbmi,avx512-vbmi,x86_64,linux,0
1,commit-3-amd-9950x3d,run-2,0,base64-ng,encode,url-safe,padded,47,64,89240,11466484,348.840770,auto,avx512-vbmi,avx512-vbmi,x86_64,linux,0
1,commit-3-amd-9950x3d,run-2,1,base64-ng,encode,url-safe,padded,47,64,89240,11436318,349.760921,auto,avx512-vbmi,avx512-vbmi,x86_64,linux,0
1,commit-3-amd-9950x3d,run-2,2,base64-ng,encode,url-safe,padded,47,64,89240,11416590,350.365312,auto,avx512-vbmi,avx512-vbmi,x86_64,linux,0
1,commit-3-amd-9950x3d,run-2,3,base64-ng,encode,url-safe,padded,47,64,89240,11424165,350.132995,auto,avx512-vbmi,avx512-vbmi,x86_64,linux,0
1,commit-3-amd-9950x3d,run-2,4,base64-ng,encode,url-safe,padded,47,64,89240,11404418,350.739258,auto,avx512-vbmi,avx512-vbmi,x86_64,linux,0
1,commit-3-amd-9950x3d,run-2,0,base64-ng,decode,url-safe,padded,47,64,89240,29471397,135.724042,auto,avx512-vbmi,avx512-vbmi,x86_64,linux,0
1,commit-3-amd-9950x3d,run-2,1,base64-ng,decode,url-safe,padded,47,64,89240,29372271,136.182085,auto,avx512-vbmi,avx512-vbmi,x86_64,linux,0
1,commit-3-amd-9950x3d,run-2,2,base64-ng,decode,url-safe,padded,47,64,89240,29373753,136.175214,auto,avx512-vbmi,avx512-vbmi,x86_64,linux,0
1,commit-3-amd-9950x3d,run-2,3,base64-ng,decode,url-safe,padded,47,64,89240,29335431,136.353105,auto,avx512-vbmi,avx512-vbmi,x86_64,linux,0
1,commit-3-amd-9950x3d,run-2,4,base64-ng,decode,url-safe,padded,47,64,89240,29329009,136.382962,auto,avx512-vbmi,avx512-vbmi,x86_64,linux,0
1,commit-3-amd-9950x3d,run-2,0,base64-ng,encode,url-safe,padded,47,64,89240,11323155,353.256412,scalar,avx512-vbmi,avx512-vbmi,x86_64,linux,0
1,commit-3-amd-9950x3d,run-2,1,base64-ng,encode,url-safe,padded,47,64,89240,11333515,352.933500,scalar,avx512-vbmi,avx512-vbmi,x86_64,linux,0
1,commit-3-amd-9950x3d,run-2,2,base64-ng,encode,url-safe,padded,47,64,89240,11324327,353.219852,scalar,avx512-vbmi,avx512-vbmi,x86_64,linux,0
1,commit-3-amd-9950x3d,run-2,3,base64-ng,encode,url-safe,padded,47,64,89240,11325489,353.183612,scalar,avx512-vbmi,avx512-vbmi,x86_64,linux,0
1,commit-3-amd-9950x3d,run-2,4,base64-ng,encode,url-safe,padded,47,64,89240,11332663,352.960033,scalar,avx512-vbmi,avx512-vbmi,x86_64,linux,0
1,commit-3-amd-9950x3d,run-2,0,base64-ng,decode,url-safe,padded,47,64,89240,13104828,305.229272,scalar,avx512-vbmi,avx512-vbmi,x86_64,linux,0
1,commit-3-amd-9950x3d,run-2,1,base64-ng,decode,url-safe,padded,47,64,89240,13125086,304.758164,scalar,avx512-vbmi,avx512-vbmi,x86_64,linux,0
1,commit-3-amd-9950x3d,run-2,2,base64-ng,decode,url-safe,padded,47,64,89240,13111491,305.074161,scalar,avx512-vbmi,avx512-vbmi,x86_64,linux,0
1,commit-3-amd-9950x3d,run-2,3,base64-ng,decode,url-safe,padded,47,64,89240,13121961,304.830742,scalar,avx512-vbmi,avx512-vbmi,x86_64,linux,0
1,commit-3-amd-9950x3d,run-2,4,base64-ng,decode,url-safe,padded,47,64,89240,13121650,304.837967,scalar,avx512-vbmi,avx512-vbmi,x86_64,linux,0
1,commit-3-amd-9950x3d,run-2,0,base64-ng,encode,url-safe,padded,47,64,89240,14184300,282.000318,ssse3-sse4.1,avx512-vbmi,avx512-vbmi,x86_64,linux,0
1,commit-3-amd-9950x3d,run-2,1,base64-ng,encode,url-safe,padded,47,64,89240,14108258,283.520270,ssse3-sse4.1,avx512-vbmi,avx512-vbmi,x86_64,linux,0
1,commit-3-amd-9950x3d,run-2,2,base64-ng,encode,url-safe,padded,47,64,89240,14122915,283.226027,ssse3-sse4.1,avx512-vbmi,avx512-vbmi,x86_64,linux,0
1,commit-3-amd-9950x3d,run-2,3,base64-ng,encode,url-safe,padded,47,64,89240,14262758,280.449063,ssse3-sse4.1,avx512-vbmi,avx512-vbmi,x86_64,linux,0
1,commit-3-amd-9950x3d,run-2,4,base64-ng,encode,url-safe,padded,47,64,89240,14229095,281.112545,ssse3-sse4.1,avx512-vbmi,avx512-vbmi,x86_64,linux,0
1,commit-3-amd-9950x3d,run-2,0,base64-ng,decode,url-safe,padded,47,64,89240,52853231,75.680844,ssse3-sse4.1,avx512-vbmi,avx512-vbmi,x86_64,linux,0
1,commit-3-amd-9950x3d,run-2,1,base64-ng,decode,url-safe,padded,47,64,89240,52809729,75.743186,ssse3-sse4.1,avx512-vbmi,avx512-vbmi,x86_64,linux,0
1,commit-3-amd-9950x3d,run-2,2,base64-ng,decode,url-safe,padded,47,64,89240,52859733,75.671535,ssse3-sse4.1,avx512-vbmi,avx512-vbmi,x86_64,linux,0
1,commit-3-amd-9950x3d,run-2,3,base64-ng,decode,url-safe,padded,47,64,89240,52852880,75.681346,ssse3-sse4.1,avx512-vbmi,avx512-vbmi,x86_64,linux,0
1,commit-3-amd-9950x3d,run-2,4,base64-ng,decode,url-safe,padded,47,64,89240,53066983,75.376004,ssse3-sse4.1,avx512-vbmi,avx512-vbmi,x86_64,linux,0
1,commit-3-amd-9950x3d,run-2,0,base64-ng,encode,url-safe,padded,47,64,89240,10326408,387.354161,avx2,avx512-vbmi,avx512-vbmi,x86_64,linux,0
1,commit-3-amd-9950x3d,run-2,1,base64-ng,encode,url-safe,padded,47,64,89240,10296031,388.496996,avx2,avx512-vbmi,avx512-vbmi,x86_64,linux,0
1,commit-3-amd-9950x3d,run-2,2,base64-ng,encode,url-safe,padded,47,64,89240,10318314,387.658014,avx2,avx512-vbmi,avx512-vbmi,x86_64,linux,0
1,commit-3-amd-9950x3d,run-2,3,base64-ng,encode,url-safe,padded,47,64,89240,10317462,387.690026,avx2,avx512-vbmi,avx512-vbmi,x86_64,linux,0
1,commit-3-amd-9950x3d,run-2,4,base64-ng,encode,url-safe,padded,47,64,89240,10292235,388.640282,avx2,avx512-vbmi,avx512-vbmi,x86_64,linux,0
1,commit-3-amd-9950x3d,run-2,0,base64-ng,decode,url-safe,padded,47,64,89240,37439777,106.837632,avx2,avx512-vbmi,avx512-vbmi,x86_64,linux,0
1,commit-3-amd-9950x3d,run-2,1,base64-ng,decode,url-safe,padded,47,64,89240,37606641,106.363584,avx2,avx512-vbmi,avx512-vbmi,x86_64,linux,0
1,commit-3-amd-9950x3d,run-2,2,base64-ng,decode,url-safe,padded,47,64,89240,37710657,106.070205,avx2,avx512-vbmi,avx512-vbmi,x86_64,linux,0
1,commit-3-amd-9950x3d,run-2,3,base64-ng,decode,url-safe,padded,47,64,89240,37451920,106.802992,avx2,avx512-vbmi,avx512-vbmi,x86_64,linux,0
1,commit-3-amd-9950x3d,run-2,4,base64-ng,decode,url-safe,padded,47,64,89240,37443263,106.827685,avx2,avx512-vbmi,avx512-vbmi,x86_64,linux,0
1,commit-3-amd-9950x3d,run-2,0,base64-ng,encode,url-safe,padded,47,64,89240,11498484,347.869955,avx512-vbmi,avx512-vbmi,avx512-vbmi,x86_64,linux,0
1,commit-3-amd-9950x3d,run-2,1,base64-ng,encode,url-safe,padded,47,64,89240,11523542,347.113510,avx512-vbmi,avx512-vbmi,avx512-vbmi,x86_64,linux,0
1,commit-3-amd-9950x3d,run-2,2,base64-ng,encode,url-safe,padded,47,64,89240,11565230,345.862306,avx512-vbmi,avx512-vbmi,avx512-vbmi,x86_64,linux,0
1,commit-3-amd-9950x3d,run-2,3,base64-ng,encode,url-safe,padded,47,64,89240,11582112,345.358179,avx512-vbmi,avx512-vbmi,avx512-vbmi,x86_64,linux,0
1,commit-3-amd-9950x3d,run-2,4,base64-ng,encode,url-safe,padded,47,64,89240,11524744,347.077307,avx512-vbmi,avx512-vbmi,avx512-vbmi,x86_64,linux,0
1,commit-3-amd-9950x3d,run-2,0,base64-ng,decode,url-safe,padded,47,64,89240,29413198,135.992595,avx512-vbmi,avx512-vbmi,avx512-vbmi,x86_64,linux,0
1,commit-3-amd-9950x3d,run-2,1,base64-ng,decode,url-safe,padded,47,64,89240,29894955,133.801075,avx512-vbmi,avx512-vbmi,avx512-vbmi,x86_64,linux,0
1,commit-3-amd-9950x3d,run-2,2,base64-ng,decode,url-safe,padded,47,64,89240,30267636,132.153602,avx512-vbmi,avx512-vbmi,avx512-vbmi,x86_64,linux,0
1,commit-3-amd-9950x3d,run-2,3,base64-ng,decode,url-safe,padded,47,64,89240,30256074,132.204103,avx512-vbmi,avx512-vbmi,avx512-vbmi,x86_64,linux,0
1,commit-3-amd-9950x3d,run-2,4,base64-ng,decode,url-safe,padded,47,64,89240,29855349,133.978575,avx512-vbmi,avx512-vbmi,avx512-vbmi,x86_64,linux,0
1,commit-3-amd-9950x3d,run-2,0,base64-0.23.0,encode,url-safe,padded,47,64,89240,1561689,2561.314776,external,avx512-vbmi,avx512-vbmi,x86_64,linux,0
1,commit-3-amd-9950x3d,run-2,1,base64-0.23.0,encode,url-safe,padded,47,64,89240,1564966,2555.951447,external,avx512-vbmi,avx512-vbmi,x86_64,linux,0
1,commit-3-amd-9950x3d,run-2,2,base64-0.23.0,encode,url-safe,padded,47,64,89240,1596876,2504.876466,external,avx512-vbmi,avx512-vbmi,x86_64,linux,0
1,commit-3-amd-9950x3d,run-2,3,base64-0.23.0,encode,url-safe,padded,47,64,89240,1600393,2499.371787,external,avx512-vbmi,avx512-vbmi,x86_64,linux,0
1,commit-3-amd-9950x3d,run-2,4,base64-0.23.0,encode,url-safe,padded,47,64,89240,1588330,2518.353939,external,avx512-vbmi,avx512-vbmi,x86_64,linux,0
1,commit-3-amd-9950x3d,run-2,0,base64-0.23.0,decode,url-safe,padded,47,64,89240,2251277,1776.759196,external,avx512-vbmi,avx512-vbmi,x86_64,linux,0
1,commit-3-amd-9950x3d,run-2,1,base64-0.23.0,decode,url-safe,padded,47,64,89240,2239756,1785.898603,external,avx512-vbmi,avx512-vbmi,x86_64,linux,0
1,commit-3-amd-9950x3d,run-2,2,base64-0.23.0,decode,url-safe,padded,47,64,89240,2237972,1787.322233,external,avx512-vbmi,avx512-vbmi,x86_64,linux,0
1,commit-3-amd-9950x3d,run-2,3,base64-0.23.0,decode,url-safe,padded,47,64,89240,2248302,1779.110240,external,avx512-vbmi,avx512-vbmi,x86_64,linux,0
1,commit-3-amd-9950x3d,run-2,4,base64-0.23.0,decode,url-safe,padded,47,64,89240,2242962,1783.345911,external,avx512-vbmi,avx512-vbmi,x86_64,linux,0
1,commit-3-amd-9950x3d,run-2,0,base64ct-1.8.3,encode,url-safe,padded,47,64,89240,2653906,1507.203764,external,avx512-vbmi,avx512-vbmi,x86_64,linux,0
1,commit-3-amd-9950x3d,run-2,1,base64ct-1.8.3,encode,url-safe,padded,47,64,89240,2611345,1531.768921,external,avx512-vbmi,avx512-vbmi,x86_64,linux,0
1,commit-3-amd-9950x3d,run-2,2,base64ct-1.8.3,encode,url-safe,padded,47,64,89240,2642524,1513.695661,external,avx512-vbmi,avx512-vbmi,x86_64,linux,0
1,commit-3-amd-9950x3d,run-2,3,base64ct-1.8.3,encode,url-safe,padded,47,64,89240,2618650,1527.495890,external,avx512-vbmi,avx512-vbmi,x86_64,linux,0
1,commit-3-amd-9950x3d,run-2,4,base64ct-1.8.3,encode,url-safe,padded,47,64,89240,2628758,1521.622421,external,avx512-vbmi,avx512-vbmi,x86_64,linux,0
1,commit-3-amd-9950x3d,run-2,0,base64ct-1.8.3,decode,url-safe,padded,47,64,89240,6694171,597.531362,external,avx512-vbmi,avx512-vbmi,x86_64,linux,0
1,commit-3-amd-9950x3d,run-2,1,base64ct-1.8.3,decode,url-safe,padded,47,64,89240,6698058,597.184604,external,avx512-vbmi,avx512-vbmi,x86_64,linux,0
1,commit-3-amd-9950x3d,run-2,2,base64ct-1.8.3,decode,url-safe,padded,47,64,89240,6691967,597.728159,external,avx512-vbmi,avx512-vbmi,x86_64,linux,0
1,commit-3-amd-9950x3d,run-2,3,base64ct-1.8.3,decode,url-safe,padded,47,64,89240,6694943,597.462460,external,avx512-vbmi,avx512-vbmi,x86_64,linux,0
1,commit-3-amd-9950x3d,run-2,4,base64ct-1.8.3,decode,url-safe,padded,47,64,89240,6682429,598.581311,external,avx512-vbmi,avx512-vbmi,x86_64,linux,0
1,commit-3-amd-9950x3d,run-2,0,base64-ng,encode,url-safe,padded,48,64,87381,6241198,640.900151,auto,avx512-vbmi,avx512-vbmi,x86_64,linux,0
1,commit-3-amd-9950x3d,run-2,1,base64-ng,encode,url-safe,padded,48,64,87381,6451875,619.972449,auto,avx512-vbmi,avx512-vbmi,x86_64,linux,0
1,commit-3-amd-9950x3d,run-2,2,base64-ng,encode,url-safe,padded,48,64,87381,6390289,625.947393,auto,avx512-vbmi,avx512-vbmi,x86_64,linux,0
1,commit-3-amd-9950x3d,run-2,3,base64-ng,encode,url-safe,padded,48,64,87381,6354912,629.431964,auto,avx512-vbmi,avx512-vbmi,x86_64,linux,0
1,commit-3-amd-9950x3d,run-2,4,base64-ng,encode,url-safe,padded,48,64,87381,6269441,638.012981,auto,avx512-vbmi,avx512-vbmi,x86_64,linux,0
1,commit-3-amd-9950x3d,run-2,0,base64-ng,decode,url-safe,padded,48,64,87381,28903077,138.393042,auto,avx512-vbmi,avx512-vbmi,x86_64,linux,0
1,commit-3-amd-9950x3d,run-2,1,base64-ng,decode,url-safe,padded,48,64,87381,28974241,138.053133,auto,avx512-vbmi,avx512-vbmi,x86_64,linux,0
1,commit-3-amd-9950x3d,run-2,2,base64-ng,decode,url-safe,padded,48,64,87381,28871428,138.544749,auto,avx512-vbmi,avx512-vbmi,x86_64,linux,0
1,commit-3-amd-9950x3d,run-2,3,base64-ng,decode,url-safe,padded,48,64,87381,28874403,138.530474,auto,avx512-vbmi,avx512-vbmi,x86_64,linux,0
1,commit-3-amd-9950x3d,run-2,4,base64-ng,decode,url-safe,padded,48,64,87381,28855247,138.622440,auto,avx512-vbmi,avx512-vbmi,x86_64,linux,0
1,commit-3-amd-9950x3d,run-2,0,base64-ng,encode,url-safe,padded,48,64,87381,11543369,346.517966,scalar,avx512-vbmi,avx512-vbmi,x86_64,linux,0
1,commit-3-amd-9950x3d,run-2,1,base64-ng,encode,url-safe,padded,48,64,87381,11548579,346.361638,scalar,avx512-vbmi,avx512-vbmi,x86_64,linux,0
1,commit-3-amd-9950x3d,run-2,2,base64-ng,encode,url-safe,padded,48,64,87381,11612820,344.445599,scalar,avx512-vbmi,avx512-vbmi,x86_64,linux,0
1,commit-3-amd-9950x3d,run-2,3,base64-ng,encode,url-safe,padded,48,64,87381,11709763,341.593996,scalar,avx512-vbmi,avx512-vbmi,x86_64,linux,0
1,commit-3-amd-9950x3d,run-2,4,base64-ng,encode,url-safe,padded,48,64,87381,11620264,344.224945,scalar,avx512-vbmi,avx512-vbmi,x86_64,linux,0
1,commit-3-amd-9950x3d,run-2,0,base64-ng,decode,url-safe,padded,48,64,87381,13100250,305.336520,scalar,avx512-vbmi,avx512-vbmi,x86_64,linux,0
1,commit-3-amd-9950x3d,run-2,1,base64-ng,decode,url-safe,padded,48,64,87381,13084911,305.694455,scalar,avx512-vbmi,avx512-vbmi,x86_64,linux,0
1,commit-3-amd-9950x3d,run-2,2,base64-ng,decode,url-safe,padded,48,64,87381,13187524,303.315826,scalar,avx512-vbmi,avx512-vbmi,x86_64,linux,0
1,commit-3-amd-9950x3d,run-2,3,base64-ng,decode,url-safe,padded,48,64,87381,12973301,308.324361,scalar,avx512-vbmi,avx512-vbmi,x86_64,linux,0
1,commit-3-amd-9950x3d,run-2,4,base64-ng,decode,url-safe,padded,48,64,87381,12911354,309.803661,scalar,avx512-vbmi,avx512-vbmi,x86_64,linux,0
1,commit-3-amd-9950x3d,run-2,0,base64-ng,encode,url-safe,padded,48,64,87381,14617696,273.639891,ssse3-sse4.1,avx512-vbmi,avx512-vbmi,x86_64,linux,0
1,commit-3-amd-9950x3d,run-2,1,base64-ng,encode,url-safe,padded,48,64,87381,14629539,273.418372,ssse3-sse4.1,avx512-vbmi,avx512-vbmi,x86_64,linux,0
1,commit-3-amd-9950x3d,run-2,2,base64-ng,encode,url-safe,padded,48,64,87381,14869951,268.997843,ssse3-sse4.1,avx512-vbmi,avx512-vbmi,x86_64,linux,0
1,commit-3-amd-9950x3d,run-2,3,base64-ng,encode,url-safe,padded,48,64,87381,14804899,270.179806,ssse3-sse4.1,avx512-vbmi,avx512-vbmi,x86_64,linux,0
1,commit-3-amd-9950x3d,run-2,4,base64-ng,encode,url-safe,padded,48,64,87381,14528197,275.325613,ssse3-sse4.1,avx512-vbmi,avx512-vbmi,x86_64,linux,0
1,commit-3-amd-9950x3d,run-2,0,base64-ng,decode,url-safe,padded,48,64,87381,52701365,75.899073,ssse3-sse4.1,avx512-vbmi,avx512-vbmi,x86_64,linux,0
1,commit-3-amd-9950x3d,run-2,1,base64-ng,decode,url-safe,padded,48,64,87381,52818876,75.730213,ssse3-sse4.1,avx512-vbmi,avx512-vbmi,x86_64,linux,0
1,commit-3-amd-9950x3d,run-2,2,base64-ng,decode,url-safe,padded,48,64,87381,52790703,75.770628,ssse3-sse4.1,avx512-vbmi,avx512-vbmi,x86_64,linux,0
1,commit-3-amd-9950x3d,run-2,3,base64-ng,decode,url-safe,padded,48,64,87381,52619662,76.016922,ssse3-sse4.1,avx512-vbmi,avx512-vbmi,x86_64,linux,0
1,commit-3-amd-9950x3d,run-2,4,base64-ng,decode,url-safe,padded,48,64,87381,52630633,76.001076,ssse3-sse4.1,avx512-vbmi,avx512-vbmi,x86_64,linux,0
1,commit-3-amd-9950x3d,run-2,0,base64-ng,encode,url-safe,padded,48,64,87381,8023814,498.514141,avx2,avx512-vbmi,avx512-vbmi,x86_64,linux,0
1,commit-3-amd-9950x3d,run-2,1,base64-ng,encode,url-safe,padded,48,64,87381,7991313,500.541618,avx2,avx512-vbmi,avx512-vbmi,x86_64,linux,0
1,commit-3-amd-9950x3d,run-2,2,base64-ng,encode,url-safe,padded,48,64,87381,7976435,501.475251,avx2,avx512-vbmi,avx512-vbmi,x86_64,linux,0
1,commit-3-amd-9950x3d,run-2,3,base64-ng,encode,url-safe,padded,48,64,87381,8005580,499.649587,avx2,avx512-vbmi,avx512-vbmi,x86_64,linux,0
1,commit-3-amd-9950x3d,run-2,4,base64-ng,encode,url-safe,padded,48,64,87381,8037571,497.660890,avx2,avx512-vbmi,avx512-vbmi,x86_64,linux,0
1,commit-3-amd-9950x3d,run-2,0,base64-ng,decode,url-safe,padded,48,64,87381,36873611,108.478249,avx2,avx512-vbmi,avx512-vbmi,x86_64,linux,0
1,commit-3-amd-9950x3d,run-2,1,base64-ng,decode,url-safe,padded,48,64,87381,36787640,108.731757,avx2,avx512-vbmi,avx512-vbmi,x86_64,linux,0
1,commit-3-amd-9950x3d,run-2,2,base64-ng,decode,url-safe,padded,48,64,87381,36752052,108.837045,avx2,avx512-vbmi,avx512-vbmi,x86_64,linux,0
1,commit-3-amd-9950x3d,run-2,3,base64-ng,decode,url-safe,padded,48,64,87381,36431199,109.795583,avx2,avx512-vbmi,avx512-vbmi,x86_64,linux,0
1,commit-3-amd-9950x3d,run-2,4,base64-ng,decode,url-safe,padded,48,64,87381,36413595,109.848663,avx2,avx512-vbmi,avx512-vbmi,x86_64,linux,0
1,commit-3-amd-9950x3d,run-2,0,base64-ng,encode,url-safe,padded,48,64,87381,5048654,792.287358,avx512-vbmi,avx512-vbmi,avx512-vbmi,x86_64,linux,0
1,commit-3-amd-9950x3d,run-2,1,base64-ng,encode,url-safe,padded,48,64,87381,5054715,791.337344,avx512-vbmi,avx512-vbmi,avx512-vbmi,x86_64,linux,0
1,commit-3-amd-9950x3d,run-2,2,base64-ng,encode,url-safe,padded,48,64,87381,5094099,785.219278,avx512-vbmi,avx512-vbmi,avx512-vbmi,x86_64,linux,0
1,commit-3-amd-9950x3d,run-2,3,base64-ng,encode,url-safe,padded,48,64,87381,5177837,772.520406,avx512-vbmi,avx512-vbmi,avx512-vbmi,x86_64,linux,0
1,commit-3-amd-9950x3d,run-2,4,base64-ng,encode,url-safe,padded,48,64,87381,5070715,788.840379,avx512-vbmi,avx512-vbmi,avx512-vbmi,x86_64,linux,0
1,commit-3-amd-9950x3d,run-2,0,base64-ng,decode,url-safe,padded,48,64,87381,28125053,142.221412,avx512-vbmi,avx512-vbmi,avx512-vbmi,x86_64,linux,0
1,commit-3-amd-9950x3d,run-2,1,base64-ng,decode,url-safe,padded,48,64,87381,28169848,141.995255,avx512-vbmi,avx512-vbmi,avx512-vbmi,x86_64,linux,0
1,commit-3-amd-9950x3d,run-2,2,base64-ng,decode,url-safe,padded,48,64,87381,28169908,141.994952,avx512-vbmi,avx512-vbmi,avx512-vbmi,x86_64,linux,0
1,commit-3-amd-9950x3d,run-2,3,base64-ng,decode,url-safe,padded,48,64,87381,28155811,142.066046,avx512-vbmi,avx512-vbmi,avx512-vbmi,x86_64,linux,0
1,commit-3-amd-9950x3d,run-2,4,base64-ng,decode,url-safe,padded,48,64,87381,28064218,142.529706,avx512-vbmi,avx512-vbmi,avx512-vbmi,x86_64,linux,0
1,commit-3-amd-9950x3d,run-2,0,base64-0.23.0,encode,url-safe,padded,48,64,87381,1507959,2652.581895,external,avx512-vbmi,avx512-vbmi,x86_64,linux,0
1,commit-3-amd-9950x3d,run-2,1,base64-0.23.0,encode,url-safe,padded,48,64,87381,1537494,2601.626245,external,avx512-vbmi,avx512-vbmi,x86_64,linux,0
1,commit-3-amd-9950x3d,run-2,2,base64-0.23.0,encode,url-safe,padded,48,64,87381,1544968,2589.040512,external,avx512-vbmi,avx512-vbmi,x86_64,linux,0
1,commit-3-amd-9950x3d,run-2,3,base64-0.23.0,encode,url-safe,padded,48,64,87381,1544117,2590.467394,external,avx512-vbmi,avx512-vbmi,x86_64,linux,0
1,commit-3-amd-9950x3d,run-2,4,base64-0.23.0,encode,url-safe,padded,48,64,87381,1547292,2585.151827,external,avx512-vbmi,avx512-vbmi,x86_64,linux,0
1,commit-3-amd-9950x3d,run-2,0,base64-0.23.0,decode,url-safe,padded,48,64,87381,2167590,1845.360396,external,avx512-vbmi,avx512-vbmi,x86_64,linux,0
1,commit-3-amd-9950x3d,run-2,1,base64-0.23.0,decode,url-safe,padded,48,64,87381,2164304,1848.162153,external,avx512-vbmi,avx512-vbmi,x86_64,linux,0
1,commit-3-amd-9950x3d,run-2,2,base64-0.23.0,decode,url-safe,padded,48,64,87381,2154315,1856.731602,external,avx512-vbmi,avx512-vbmi,x86_64,linux,0
1,commit-3-amd-9950x3d,run-2,3,base64-0.23.0,decode,url-safe,padded,48,64,87381,2156810,1854.583733,external,avx512-vbmi,avx512-vbmi,x86_64,linux,0
1,commit-3-amd-9950x3d,run-2,4,base64-0.23.0,decode,url-safe,padded,48,64,87381,2159435,1852.329309,external,avx512-vbmi,avx512-vbmi,x86_64,linux,0
1,commit-3-amd-9950x3d,run-2,0,base64ct-1.8.3,encode,url-safe,padded,48,64,87381,2300701,1738.593907,external,avx512-vbmi,avx512-vbmi,x86_64,linux,0
1,commit-3-amd-9950x3d,run-2,1,base64ct-1.8.3,encode,url-safe,padded,48,64,87381,2295421,1742.593076,external,avx512-vbmi,avx512-vbmi,x86_64,linux,0
1,commit-3-amd-9950x3d,run-2,2,base64ct-1.8.3,encode,url-safe,padded,48,64,87381,2300961,1738.397453,external,avx512-vbmi,avx512-vbmi,x86_64,linux,0
1,commit-3-amd-9950x3d,run-2,3,base64ct-1.8.3,encode,url-safe,padded,48,64,87381,2301763,1737.791745,external,avx512-vbmi,avx512-vbmi,x86_64,linux,0
1,commit-3-amd-9950x3d,run-2,4,base64ct-1.8.3,encode,url-safe,padded,48,64,87381,2299138,1739.775838,external,avx512-vbmi,avx512-vbmi,x86_64,linux,0
1,commit-3-amd-9950x3d,run-2,0,base64ct-1.8.3,decode,url-safe,padded,48,64,87381,5732661,697.753581,external,avx512-vbmi,avx512-vbmi,x86_64,linux,0
1,commit-3-amd-9950x3d,run-2,1,base64ct-1.8.3,decode,url-safe,padded,48,64,87381,5729124,698.184354,external,avx512-vbmi,avx512-vbmi,x86_64,linux,0
1,commit-3-amd-9950x3d,run-2,2,base64ct-1.8.3,decode,url-safe,padded,48,64,87381,5725097,698.675453,external,avx512-vbmi,avx512-vbmi,x86_64,linux,0
1,commit-3-amd-9950x3d,run-2,3,base64ct-1.8.3,decode,url-safe,padded,48,64,87381,5738232,697.076162,external,avx512-vbmi,avx512-vbmi,x86_64,linux,0
1,commit-3-amd-9950x3d,run-2,4,base64ct-1.8.3,decode,url-safe,padded,48,64,87381,5754151,695.147684,external,avx512-vbmi,avx512-vbmi,x86_64,linux,0
1,commit-3-amd-9950x3d,run-2,0,base64-ng,encode,url-safe,padded,63,84,66576,7267771,550.372974,auto,avx512-vbmi,avx512-vbmi,x86_64,linux,0
1,commit-3-amd-9950x3d,run-2,1,base64-ng,encode,url-safe,padded,63,84,66576,7233126,553.009133,auto,avx512-vbmi,avx512-vbmi,x86_64,linux,0
1,commit-3-amd-9950x3d,run-2,2,base64-ng,encode,url-safe,padded,63,84,66576,7222866,553.794677,auto,avx512-vbmi,avx512-vbmi,x86_64,linux,0
1,commit-3-amd-9950x3d,run-2,3,base64-ng,encode,url-safe,padded,63,84,66576,7210934,554.711046,auto,avx512-vbmi,avx512-vbmi,x86_64,linux,0
1,commit-3-amd-9950x3d,run-2,4,base64-ng,encode,url-safe,padded,63,84,66576,7223357,553.757033,auto,avx512-vbmi,avx512-vbmi,x86_64,linux,0
1,commit-3-amd-9950x3d,run-2,0,base64-ng,decode,url-safe,padded,63,84,66576,33364025,119.889154,auto,avx512-vbmi,avx512-vbmi,x86_64,linux,0
1,commit-3-amd-9950x3d,run-2,1,base64-ng,decode,url-safe,padded,63,84,66576,33305685,120.099158,auto,avx512-vbmi,avx512-vbmi,x86_64,linux,0
1,commit-3-amd-9950x3d,run-2,2,base64-ng,decode,url-safe,padded,63,84,66576,35728585,111.954748,auto,avx512-vbmi,avx512-vbmi,x86_64,linux,0
1,commit-3-amd-9950x3d,run-2,3,base64-ng,decode,url-safe,padded,63,84,66576,33575593,119.133703,auto,avx512-vbmi,avx512-vbmi,x86_64,linux,0
1,commit-3-amd-9950x3d,run-2,4,base64-ng,decode,url-safe,padded,63,84,66576,33691492,118.723883,auto,avx512-vbmi,avx512-vbmi,x86_64,linux,0
1,commit-3-amd-9950x3d,run-2,0,base64-ng,encode,url-safe,padded,63,84,66576,4292360,931.884730,scalar,avx512-vbmi,avx512-vbmi,x86_64,linux,0
1,commit-3-amd-9950x3d,run-2,1,base64-ng,encode,url-safe,padded,63,84,66576,4222519,947.298222,scalar,avx512-vbmi,avx512-vbmi,x86_64,linux,0
1,commit-3-amd-9950x3d,run-2,2,base64-ng,encode,url-safe,padded,63,84,66576,4219903,947.885471,scalar,avx512-vbmi,avx512-vbmi,x86_64,linux,0
1,commit-3-amd-9950x3d,run-2,3,base64-ng,encode,url-safe,padded,63,84,66576,4219303,948.020263,scalar,avx512-vbmi,avx512-vbmi,x86_64,linux,0
1,commit-3-amd-9950x3d,run-2,4,base64-ng,encode,url-safe,padded,63,84,66576,4220945,947.651472,scalar,avx512-vbmi,avx512-vbmi,x86_64,linux,0
1,commit-3-amd-9950x3d,run-2,0,base64-ng,decode,url-safe,padded,63,84,66576,12657647,316.013295,scalar,avx512-vbmi,avx512-vbmi,x86_64,linux,0
1,commit-3-amd-9950x3d,run-2,1,base64-ng,decode,url-safe,padded,63,84,66576,12703503,314.872578,scalar,avx512-vbmi,avx512-vbmi,x86_64,linux,0
1,commit-3-amd-9950x3d,run-2,2,base64-ng,decode,url-safe,padded,63,84,66576,12669980,315.705687,scalar,avx512-vbmi,avx512-vbmi,x86_64,linux,0
1,commit-3-amd-9950x3d,run-2,3,base64-ng,decode,url-safe,padded,63,84,66576,12610999,317.182227,scalar,avx512-vbmi,avx512-vbmi,x86_64,linux,0
1,commit-3-amd-9950x3d,run-2,4,base64-ng,decode,url-safe,padded,63,84,66576,12676031,315.554983,scalar,avx512-vbmi,avx512-vbmi,x86_64,linux,0
1,commit-3-amd-9950x3d,run-2,0,base64-ng,encode,url-safe,padded,63,84,66576,13447423,297.453627,ssse3-sse4.1,avx512-vbmi,avx512-vbmi,x86_64,linux,0
1,commit-3-amd-9950x3d,run-2,1,base64-ng,encode,url-safe,padded,63,84,66576,13425533,297.938617,ssse3-sse4.1,avx512-vbmi,avx512-vbmi,x86_64,linux,0
1,commit-3-amd-9950x3d,run-2,2,base64-ng,encode,url-safe,padded,63,84,66576,13417978,298.106372,ssse3-sse4.1,avx512-vbmi,avx512-vbmi,x86_64,linux,0
1,commit-3-amd-9950x3d,run-2,3,base64-ng,encode,url-safe,padded,63,84,66576,13406156,298.369252,ssse3-sse4.1,avx512-vbmi,avx512-vbmi,x86_64,linux,0
1,commit-3-amd-9950x3d,run-2,4,base64-ng,encode,url-safe,padded,63,84,66576,13374597,299.073291,ssse3-sse4.1,avx512-vbmi,avx512-vbmi,x86_64,linux,0
1,commit-3-amd-9950x3d,run-2,0,base64-ng,decode,url-safe,padded,63,84,66576,49558280,80.712743,ssse3-sse4.1,avx512-vbmi,avx512-vbmi,x86_64,linux,0
1,commit-3-amd-9950x3d,run-2,1,base64-ng,decode,url-safe,padded,63,84,66576,50105269,79.831619,ssse3-sse4.1,avx512-vbmi,avx512-vbmi,x86_64,linux,0
1,commit-3-amd-9950x3d,run-2,2,base64-ng,decode,url-safe,padded,63,84,66576,49510319,80.790930,ssse3-sse4.1,avx512-vbmi,avx512-vbmi,x86_64,linux,0
1,commit-3-amd-9950x3d,run-2,3,base64-ng,decode,url-safe,padded,63,84,66576,49456457,80.878918,ssse3-sse4.1,avx512-vbmi,avx512-vbmi,x86_64,linux,0
1,commit-3-amd-9950x3d,run-2,4,base64-ng,decode,url-safe,padded,63,84,66576,49405261,80.962729,ssse3-sse4.1,avx512-vbmi,avx512-vbmi,x86_64,linux,0
1,commit-3-amd-9950x3d,run-2,0,base64-ng,encode,url-safe,padded,63,84,66576,8613313,464.395610,avx2,avx512-vbmi,avx512-vbmi,x86_64,linux,0
1,commit-3-amd-9950x3d,run-2,1,base64-ng,encode,url-safe,padded,63,84,66576,8577045,466.359305,avx2,avx512-vbmi,avx512-vbmi,x86_64,linux,0
1,commit-3-amd-9950x3d,run-2,2,base64-ng,encode,url-safe,padded,63,84,66576,8548893,467.895053,avx2,avx512-vbmi,avx512-vbmi,x86_64,linux,0
1,commit-3-amd-9950x3d,run-2,3,base64-ng,encode,url-safe,padded,63,84,66576,8626248,463.699252,avx2,avx512-vbmi,avx512-vbmi,x86_64,linux,0
1,commit-3-amd-9950x3d,run-2,4,base64-ng,encode,url-safe,padded,63,84,66576,8575583,466.438811,avx2,avx512-vbmi,avx512-vbmi,x86_64,linux,0
1,commit-3-amd-9950x3d,run-2,0,base64-ng,decode,url-safe,padded,63,84,66576,40581791,98.565998,avx2,avx512-vbmi,avx512-vbmi,x86_64,linux,0
1,commit-3-amd-9950x3d,run-2,1,base64-ng,decode,url-safe,padded,63,84,66576,40648507,98.404223,avx2,avx512-vbmi,avx512-vbmi,x86_64,linux,0
1,commit-3-amd-9950x3d,run-2,2,base64-ng,decode,url-safe,padded,63,84,66576,40653026,98.393284,avx2,avx512-vbmi,avx512-vbmi,x86_64,linux,0
1,commit-3-amd-9950x3d,run-2,3,base64-ng,decode,url-safe,padded,63,84,66576,40595638,98.532378,avx2,avx512-vbmi,avx512-vbmi,x86_64,linux,0
1,commit-3-amd-9950x3d,run-2,4,base64-ng,decode,url-safe,padded,63,84,66576,40755689,98.145433,avx2,avx512-vbmi,avx512-vbmi,x86_64,linux,0
1,commit-3-amd-9950x3d,run-2,0,base64-ng,encode,url-safe,padded,63,84,66576,6486941,616.621107,avx512-vbmi,avx512-vbmi,avx512-vbmi,x86_64,linux,0
1,commit-3-amd-9950x3d,run-2,1,base64-ng,encode,url-safe,padded,63,84,66576,6537756,611.828392,avx512-vbmi,avx512-vbmi,avx512-vbmi,x86_64,linux,0
1,commit-3-amd-9950x3d,run-2,2,base64-ng,encode,url-safe,padded,63,84,66576,6473565,617.895200,avx512-vbmi,avx512-vbmi,avx512-vbmi,x86_64,linux,0
1,commit-3-amd-9950x3d,run-2,3,base64-ng,encode,url-safe,padded,63,84,66576,6491590,616.179509,avx512-vbmi,avx512-vbmi,avx512-vbmi,x86_64,linux,0
1,commit-3-amd-9950x3d,run-2,4,base64-ng,encode,url-safe,padded,63,84,66576,6539359,611.678414,avx512-vbmi,avx512-vbmi,avx512-vbmi,x86_64,linux,0
1,commit-3-amd-9950x3d,run-2,0,base64-ng,decode,url-safe,padded,63,84,66576,33371950,119.860684,avx512-vbmi,avx512-vbmi,avx512-vbmi,x86_64,linux,0
1,commit-3-amd-9950x3d,run-2,1,base64-ng,decode,url-safe,padded,63,84,66576,33411615,119.718390,avx512-vbmi,avx512-vbmi,avx512-vbmi,x86_64,linux,0
1,commit-3-amd-9950x3d,run-2,2,base64-ng,decode,url-safe,padded,63,84,66576,34382091,116.339194,avx512-vbmi,avx512-vbmi,avx512-vbmi,x86_64,linux,0
1,commit-3-amd-9950x3d,run-2,3,base64-ng,decode,url-safe,padded,63,84,66576,33440930,119.613442,avx512-vbmi,avx512-vbmi,avx512-vbmi,x86_64,linux,0
1,commit-3-amd-9950x3d,run-2,4,base64-ng,decode,url-safe,padded,63,84,66576,33467400,119.518837,avx512-vbmi,avx512-vbmi,avx512-vbmi,x86_64,linux,0
1,commit-3-amd-9950x3d,run-2,0,base64-0.23.0,encode,url-safe,padded,63,84,66576,1275141,3136.896030,external,avx512-vbmi,avx512-vbmi,x86_64,linux,0
1,commit-3-amd-9950x3d,run-2,1,base64-0.23.0,encode,url-safe,padded,63,84,66576,1293855,3091.524739,external,avx512-vbmi,avx512-vbmi,x86_64,linux,0
1,commit-3-amd-9950x3d,run-2,2,base64-0.23.0,encode,url-safe,padded,63,84,66576,1308854,3056.096968,external,avx512-vbmi,avx512-vbmi,x86_64,linux,0
1,commit-3-amd-9950x3d,run-2,3,base64-0.23.0,encode,url-safe,padded,63,84,66576,1311348,3050.284700,external,avx512-vbmi,avx512-vbmi,x86_64,linux,0
1,commit-3-amd-9950x3d,run-2,4,base64-0.23.0,encode,url-safe,padded,63,84,66576,1313883,3044.399495,external,avx512-vbmi,avx512-vbmi,x86_64,linux,0
1,commit-3-amd-9950x3d,run-2,0,base64-0.23.0,decode,url-safe,padded,63,84,66576,1837920,2176.364989,external,avx512-vbmi,avx512-vbmi,x86_64,linux,0
1,commit-3-amd-9950x3d,run-2,1,base64-0.23.0,decode,url-safe,padded,63,84,66576,1859841,2150.713282,external,avx512-vbmi,avx512-vbmi,x86_64,linux,0
1,commit-3-amd-9950x3d,run-2,2,base64-0.23.0,decode,url-safe,padded,63,84,66576,1849983,2162.173783,external,avx512-vbmi,avx512-vbmi,x86_64,linux,0
1,commit-3-amd-9950x3d,run-2,3,base64-0.23.0,decode,url-safe,padded,63,84,66576,1854240,2157.209822,external,avx512-vbmi,avx512-vbmi,x86_64,linux,0
1,commit-3-amd-9950x3d,run-2,4,base64-0.23.0,decode,url-safe,padded,63,84,66576,1852417,2159.332775,external,avx512-vbmi,avx512-vbmi,x86_64,linux,0
1,commit-3-amd-9950x3d,run-2,0,base64ct-1.8.3,encode,url-safe,padded,63,84,66576,1601204,2498.110635,external,avx512-vbmi,avx512-vbmi,x86_64,linux,0
1,commit-3-amd-9950x3d,run-2,1,base64ct-1.8.3,encode,url-safe,padded,63,84,66576,1581096,2529.881007,external,avx512-vbmi,avx512-vbmi,x86_64,linux,0
1,commit-3-amd-9950x3d,run-2,2,base64ct-1.8.3,encode,url-safe,padded,63,84,66576,1588741,2517.707254,external,avx512-vbmi,avx512-vbmi,x86_64,linux,0
1,commit-3-amd-9950x3d,run-2,3,base64ct-1.8.3,encode,url-safe,padded,63,84,66576,1591476,2513.380498,external,avx512-vbmi,avx512-vbmi,x86_64,linux,0
1,commit-3-amd-9950x3d,run-2,4,base64ct-1.8.3,encode,url-safe,padded,63,84,66576,1590484,2514.948117,external,avx512-vbmi,avx512-vbmi,x86_64,linux,0
1,commit-3-amd-9950x3d,run-2,0,base64ct-1.8.3,decode,url-safe,padded,63,84,66576,5433528,736.167135,external,avx512-vbmi,avx512-vbmi,x86_64,linux,0
1,commit-3-amd-9950x3d,run-2,1,base64ct-1.8.3,decode,url-safe,padded,63,84,66576,5438398,735.507909,external,avx512-vbmi,avx512-vbmi,x86_64,linux,0
1,commit-3-amd-9950x3d,run-2,2,base64ct-1.8.3,decode,url-safe,padded,63,84,66576,5440330,735.246711,external,avx512-vbmi,avx512-vbmi,x86_64,linux,0
1,commit-3-amd-9950x3d,run-2,3,base64ct-1.8.3,decode,url-safe,padded,63,84,66576,5436654,735.743849,external,avx512-vbmi,avx512-vbmi,x86_64,linux,0
1,commit-3-amd-9950x3d,run-2,4,base64ct-1.8.3,decode,url-safe,padded,63,84,66576,5436534,735.760089,external,avx512-vbmi,avx512-vbmi,x86_64,linux,0
1,commit-3-amd-9950x3d,run-2,0,base64-ng,encode,url-safe,padded,64,88,65536,7336410,545.225798,auto,avx512-vbmi,avx512-vbmi,x86_64,linux,0
1,commit-3-amd-9950x3d,run-2,1,base64-ng,encode,url-safe,padded,64,88,65536,7318747,546.541642,auto,avx512-vbmi,avx512-vbmi,x86_64,linux,0
1,commit-3-amd-9950x3d,run-2,2,base64-ng,encode,url-safe,padded,64,88,65536,7305803,547.509973,auto,avx512-vbmi,avx512-vbmi,x86_64,linux,0
1,commit-3-amd-9950x3d,run-2,3,base64-ng,encode,url-safe,padded,64,88,65536,7323927,546.155089,auto,avx512-vbmi,avx512-vbmi,x86_64,linux,0
1,commit-3-amd-9950x3d,run-2,4,base64-ng,encode,url-safe,padded,64,88,65536,7302466,547.760168,auto,avx512-vbmi,avx512-vbmi,x86_64,linux,0
1,commit-3-amd-9950x3d,run-2,0,base64-ng,decode,url-safe,padded,64,88,65536,33950609,117.818211,auto,avx512-vbmi,avx512-vbmi,x86_64,linux,0
1,commit-3-amd-9950x3d,run-2,1,base64-ng,decode,url-safe,padded,64,88,65536,33965747,117.765701,auto,avx512-vbmi,avx512-vbmi,x86_64,linux,0
1,commit-3-amd-9950x3d,run-2,2,base64-ng,decode,url-safe,padded,64,88,65536,33928066,117.896493,auto,avx512-vbmi,avx512-vbmi,x86_64,linux,0
1,commit-3-amd-9950x3d,run-2,3,base64-ng,decode,url-safe,padded,64,88,65536,34073972,117.391656,auto,avx512-vbmi,avx512-vbmi,x86_64,linux,0
1,commit-3-amd-9950x3d,run-2,4,base64-ng,decode,url-safe,padded,64,88,65536,34016313,117.590640,auto,avx512-vbmi,avx512-vbmi,x86_64,linux,0
1,commit-3-amd-9950x3d,run-2,0,base64-ng,encode,url-safe,padded,64,88,65536,4362782,916.846178,scalar,avx512-vbmi,avx512-vbmi,x86_64,linux,0
1,commit-3-amd-9950x3d,run-2,1,base64-ng,encode,url-safe,padded,64,88,65536,4365297,916.317950,scalar,avx512-vbmi,avx512-vbmi,x86_64,linux,0
1,commit-3-amd-9950x3d,run-2,2,base64-ng,encode,url-safe,padded,64,88,65536,4366229,916.122356,scalar,avx512-vbmi,avx512-vbmi,x86_64,linux,0
1,commit-3-amd-9950x3d,run-2,3,base64-ng,encode,url-safe,padded,64,88,65536,4369265,915.485785,scalar,avx512-vbmi,avx512-vbmi,x86_64,linux,0
1,commit-3-amd-9950x3d,run-2,4,base64-ng,encode,url-safe,padded,64,88,65536,4365478,916.279958,scalar,avx512-vbmi,avx512-vbmi,x86_64,linux,0
1,commit-3-amd-9950x3d,run-2,0,base64-ng,decode,url-safe,padded,64,88,65536,13593799,294.251813,scalar,avx512-vbmi,avx512-vbmi,x86_64,linux,0
1,commit-3-amd-9950x3d,run-2,1,base64-ng,decode,url-safe,padded,64,88,65536,13622964,293.621858,scalar,avx512-vbmi,avx512-vbmi,x86_64,linux,0
1,commit-3-amd-9950x3d,run-2,2,base64-ng,decode,url-safe,padded,64,88,65536,13577278,294.609862,scalar,avx512-vbmi,avx512-vbmi,x86_64,linux,0
1,commit-3-amd-9950x3d,run-2,3,base64-ng,decode,url-safe,padded,64,88,65536,13611542,293.868248,scalar,avx512-vbmi,avx512-vbmi,x86_64,linux,0
1,commit-3-amd-9950x3d,run-2,4,base64-ng,decode,url-safe,padded,64,88,65536,13567550,294.821099,scalar,avx512-vbmi,avx512-vbmi,x86_64,linux,0
1,commit-3-amd-9950x3d,run-2,0,base64-ng,encode,url-safe,padded,64,88,65536,13242167,302.065364,ssse3-sse4.1,avx512-vbmi,avx512-vbmi,x86_64,linux,0
1,commit-3-amd-9950x3d,run-2,1,base64-ng,encode,url-safe,padded,64,88,65536,13224934,302.458976,ssse3-sse4.1,avx512-vbmi,avx512-vbmi,x86_64,linux,0
1,commit-3-amd-9950x3d,run-2,2,base64-ng,encode,url-safe,padded,64,88,65536,13552903,295.139720,ssse3-sse4.1,avx512-vbmi,avx512-vbmi,x86_64,linux,0
1,commit-3-amd-9950x3d,run-2,3,base64-ng,encode,url-safe,padded,64,88,65536,13561729,294.947643,ssse3-sse4.1,avx512-vbmi,avx512-vbmi,x86_64,linux,0
1,commit-3-amd-9950x3d,run-2,4,base64-ng,encode,url-safe,padded,64,88,65536,13668159,292.650971,ssse3-sse4.1,avx512-vbmi,avx512-vbmi,x86_64,linux,0
1,commit-3-amd-9950x3d,run-2,0,base64-ng,decode,url-safe,padded,64,88,65536,49576574,80.683268,ssse3-sse4.1,avx512-vbmi,avx512-vbmi,x86_64,linux,0
1,commit-3-amd-9950x3d,run-2,1,base64-ng,decode,url-safe,padded,64,88,65536,49485753,80.831346,ssse3-sse4.1,avx512-vbmi,avx512-vbmi,x86_64,linux,0
1,commit-3-amd-9950x3d,run-2,2,base64-ng,decode,url-safe,padded,64,88,65536,49484961,80.832639,ssse3-sse4.1,avx512-vbmi,avx512-vbmi,x86_64,linux,0
1,commit-3-amd-9950x3d,run-2,3,base64-ng,decode,url-safe,padded,64,88,65536,49613002,80.624027,ssse3-sse4.1,avx512-vbmi,avx512-vbmi,x86_64,linux,0
1,commit-3-amd-9950x3d,run-2,4,base64-ng,decode,url-safe,padded,64,88,65536,49836072,80.263148,ssse3-sse4.1,avx512-vbmi,avx512-vbmi,x86_64,linux,0
1,commit-3-amd-9950x3d,run-2,0,base64-ng,encode,url-safe,padded,64,88,65536,8703143,459.604076,avx2,avx512-vbmi,avx512-vbmi,x86_64,linux,0
1,commit-3-amd-9950x3d,run-2,1,base64-ng,encode,url-safe,padded,64,88,65536,8737127,457.816397,avx2,avx512-vbmi,avx512-vbmi,x86_64,linux,0
1,commit-3-amd-9950x3d,run-2,2,base64-ng,encode,url-safe,padded,64,88,65536,8700528,459.742213,avx2,avx512-vbmi,avx512-vbmi,x86_64,linux,0
1,commit-3-amd-9950x3d,run-2,3,base64-ng,encode,url-safe,padded,64,88,65536,8717530,458.845567,avx2,avx512-vbmi,avx512-vbmi,x86_64,linux,0
1,commit-3-amd-9950x3d,run-2,4,base64-ng,encode,url-safe,padded,64,88,65536,8716639,458.892470,avx2,avx512-vbmi,avx512-vbmi,x86_64,linux,0
1,commit-3-amd-9950x3d,run-2,0,base64-ng,decode,url-safe,padded,64,88,65536,40738376,98.187517,avx2,avx512-vbmi,avx512-vbmi,x86_64,linux,0
1,commit-3-amd-9950x3d,run-2,1,base64-ng,decode,url-safe,padded,64,88,65536,40819128,97.993274,avx2,avx512-vbmi,avx512-vbmi,x86_64,linux,0
1,commit-3-amd-9950x3d,run-2,2,base64-ng,decode,url-safe,padded,64,88,65536,40520917,98.714449,avx2,avx512-vbmi,avx512-vbmi,x86_64,linux,0
1,commit-3-amd-9950x3d,run-2,3,base64-ng,decode,url-safe,padded,64,88,65536,42780610,93.500303,avx2,avx512-vbmi,avx512-vbmi,x86_64,linux,0
1,commit-3-amd-9950x3d,run-2,4,base64-ng,decode,url-safe,padded,64,88,65536,40548519,98.647253,avx2,avx512-vbmi,avx512-vbmi,x86_64,linux,0
1,commit-3-amd-9950x3d,run-2,0,base64-ng,encode,url-safe,padded,64,88,65536,6606546,605.460100,avx512-vbmi,avx512-vbmi,avx512-vbmi,x86_64,linux,0
1,commit-3-amd-9950x3d,run-2,1,base64-ng,encode,url-safe,padded,64,88,65536,6611926,604.967448,avx512-vbmi,avx512-vbmi,avx512-vbmi,x86_64,linux,0
1,commit-3-amd-9950x3d,run-2,2,base64-ng,encode,url-safe,padded,64,88,65536,6617808,604.429745,avx512-vbmi,avx512-vbmi,avx512-vbmi,x86_64,linux,0
1,commit-3-amd-9950x3d,run-2,3,base64-ng,encode,url-safe,padded,64,88,65536,6610694,605.080193,avx512-vbmi,avx512-vbmi,avx512-vbmi,x86_64,linux,0
1,commit-3-amd-9950x3d,run-2,4,base64-ng,encode,url-safe,padded,64,88,65536,6631804,603.154134,avx512-vbmi,avx512-vbmi,avx512-vbmi,x86_64,linux,0
1,commit-3-amd-9950x3d,run-2,0,base64-ng,decode,url-safe,padded,64,88,65536,34431815,116.171628,avx512-vbmi,avx512-vbmi,avx512-vbmi,x86_64,linux,0
1,commit-3-amd-9950x3d,run-2,1,base64-ng,decode,url-safe,padded,64,88,65536,34407720,116.252980,avx512-vbmi,avx512-vbmi,avx512-vbmi,x86_64,linux,0
1,commit-3-amd-9950x3d,run-2,2,base64-ng,decode,url-safe,padded,64,88,65536,34358838,116.418372,avx512-vbmi,avx512-vbmi,avx512-vbmi,x86_64,linux,0
1,commit-3-amd-9950x3d,run-2,3,base64-ng,decode,url-safe,padded,64,88,65536,34378014,116.353434,avx512-vbmi,avx512-vbmi,avx512-vbmi,x86_64,linux,0
1,commit-3-amd-9950x3d,run-2,4,base64-ng,decode,url-safe,padded,64,88,65536,34384796,116.330485,avx512-vbmi,avx512-vbmi,avx512-vbmi,x86_64,linux,0
1,commit-3-amd-9950x3d,run-2,0,base64-0.23.0,encode,url-safe,padded,64,88,65536,1292663,3094.387323,external,avx512-vbmi,avx512-vbmi,x86_64,linux,0
1,commit-3-amd-9950x3d,run-2,1,base64-0.23.0,encode,url-safe,padded,64,88,65536,1315175,3041.420343,external,avx512-vbmi,avx512-vbmi,x86_64,linux,0
1,commit-3-amd-9950x3d,run-2,2,base64-0.23.0,encode,url-safe,padded,64,88,65536,1326707,3014.983715,external,avx512-vbmi,avx512-vbmi,x86_64,linux,0
1,commit-3-amd-9950x3d,run-2,3,base64-0.23.0,encode,url-safe,padded,64,88,65536,1329052,3009.664031,external,avx512-vbmi,avx512-vbmi,x86_64,linux,0
1,commit-3-amd-9950x3d,run-2,4,base64-0.23.0,encode,url-safe,padded,64,88,65536,1332538,3001.790568,external,avx512-vbmi,avx512-vbmi,x86_64,linux,0
1,commit-3-amd-9950x3d,run-2,0,base64-0.23.0,decode,url-safe,padded,64,88,65536,1858709,2152.031329,external,avx512-vbmi,avx512-vbmi,x86_64,linux,0
1,commit-3-amd-9950x3d,run-2,1,base64-0.23.0,decode,url-safe,padded,64,88,65536,1853209,2158.418182,external,avx512-vbmi,avx512-vbmi,x86_64,linux,0
1,commit-3-amd-9950x3d,run-2,2,base64-0.23.0,decode,url-safe,padded,64,88,65536,1856595,2154.481726,external,avx512-vbmi,avx512-vbmi,x86_64,linux,0
1,commit-3-amd-9950x3d,run-2,3,base64-0.23.0,decode,url-safe,padded,64,88,65536,1860663,2149.771345,external,avx512-vbmi,avx512-vbmi,x86_64,linux,0
1,commit-3-amd-9950x3d,run-2,4,base64-0.23.0,decode,url-safe,padded,64,88,65536,1863297,2146.732378,external,avx512-vbmi,avx512-vbmi,x86_64,linux,0
1,commit-3-amd-9950x3d,run-2,0,base64ct-1.8.3,encode,url-safe,padded,64,88,65536,1921457,2081.753586,external,avx512-vbmi,avx512-vbmi,x86_64,linux,0
1,commit-3-amd-9950x3d,run-2,1,base64ct-1.8.3,encode,url-safe,padded,64,88,65536,1907110,2097.414412,external,avx512-vbmi,avx512-vbmi,x86_64,linux,0
1,commit-3-amd-9950x3d,run-2,2,base64ct-1.8.3,encode,url-safe,padded,64,88,65536,1915396,2088.341001,external,avx512-vbmi,avx512-vbmi,x86_64,linux,0
1,commit-3-amd-9950x3d,run-2,3,base64ct-1.8.3,encode,url-safe,padded,64,88,65536,1913452,2090.462682,external,avx512-vbmi,avx512-vbmi,x86_64,linux,0
1,commit-3-amd-9950x3d,run-2,4,base64ct-1.8.3,encode,url-safe,padded,64,88,65536,1919082,2084.329904,external,avx512-vbmi,avx512-vbmi,x86_64,linux,0
1,commit-3-amd-9950x3d,run-2,0,base64ct-1.8.3,decode,url-safe,padded,64,88,65536,6045791,661.617314,external,avx512-vbmi,avx512-vbmi,x86_64,linux,0
1,commit-3-amd-9950x3d,run-2,1,base64ct-1.8.3,decode,url-safe,padded,64,88,65536,6044548,661.753368,external,avx512-vbmi,avx512-vbmi,x86_64,linux,0
1,commit-3-amd-9950x3d,run-2,2,base64ct-1.8.3,decode,url-safe,padded,64,88,65536,6037014,662.579215,external,avx512-vbmi,avx512-vbmi,x86_64,linux,0
1,commit-3-amd-9950x3d,run-2,3,base64ct-1.8.3,decode,url-safe,padded,64,88,65536,6046051,661.588862,external,avx512-vbmi,avx512-vbmi,x86_64,linux,0
1,commit-3-amd-9950x3d,run-2,4,base64ct-1.8.3,decode,url-safe,padded,64,88,65536,6089143,656.906891,external,avx512-vbmi,avx512-vbmi,x86_64,linux,0
1,commit-3-amd-9950x3d,run-2,0,base64-ng,encode,url-safe,padded,1024,1368,4096,3749578,1066.786716,auto,avx512-vbmi,avx512-vbmi,x86_64,linux,0
1,commit-3-amd-9950x3d,run-2,1,base64-ng,encode,url-safe,padded,1024,1368,4096,3733498,1071.381316,auto,avx512-vbmi,avx512-vbmi,x86_64,linux,0
1,commit-3-amd-9950x3d,run-2,2,base64-ng,encode,url-safe,padded,1024,1368,4096,3705926,1079.352367,auto,avx512-vbmi,avx512-vbmi,x86_64,linux,0
1,commit-3-amd-9950x3d,run-2,3,base64-ng,encode,url-safe,padded,1024,1368,4096,3742184,1068.894528,auto,avx512-vbmi,avx512-vbmi,x86_64,linux,0
1,commit-3-amd-9950x3d,run-2,4,base64-ng,encode,url-safe,padded,1024,1368,4096,3711436,1077.749960,auto,avx512-vbmi,avx512-vbmi,x86_64,linux,0
1,commit-3-amd-9950x3d,run-2,0,base64-ng,decode,url-safe,padded,1024,1368,4096,27631324,144.763240,auto,avx512-vbmi,avx512-vbmi,x86_64,linux,0
1,commit-3-amd-9950x3d,run-2,1,base64-ng,decode,url-safe,padded,1024,1368,4096,27627366,144.783980,auto,avx512-vbmi,avx512-vbmi,x86_64,linux,0
1,commit-3-amd-9950x3d,run-2,2,base64-ng,decode,url-safe,padded,1024,1368,4096,27612378,144.862569,auto,avx512-vbmi,avx512-vbmi,x86_64,linux,0
1,commit-3-amd-9950x3d,run-2,3,base64-ng,decode,url-safe,padded,1024,1368,4096,27605324,144.899585,auto,avx512-vbmi,avx512-vbmi,x86_64,linux,0
1,commit-3-amd-9950x3d,run-2,4,base64-ng,decode,url-safe,padded,1024,1368,4096,27475701,145.583183,auto,avx512-vbmi,avx512-vbmi,x86_64,linux,0
1,commit-3-amd-9950x3d,run-2,0,base64-ng,encode,url-safe,padded,1024,1368,4096,1949870,2051.418813,scalar,avx512-vbmi,avx512-vbmi,x86_64,linux,0
1,commit-3-amd-9950x3d,run-2,1,base64-ng,encode,url-safe,padded,1024,1368,4096,1970990,2029.436983,scalar,avx512-vbmi,avx512-vbmi,x86_64,linux,0
1,commit-3-amd-9950x3d,run-2,2,base64-ng,encode,url-safe,padded,1024,1368,4096,1974628,2025.698005,scalar,avx512-vbmi,avx512-vbmi,x86_64,linux,0
1,commit-3-amd-9950x3d,run-2,3,base64-ng,encode,url-safe,padded,1024,1368,4096,1971221,2029.199161,scalar,avx512-vbmi,avx512-vbmi,x86_64,linux,0
1,commit-3-amd-9950x3d,run-2,4,base64-ng,encode,url-safe,padded,1024,1368,4096,1980328,2019.867416,scalar,avx512-vbmi,avx512-vbmi,x86_64,linux,0
1,commit-3-amd-9950x3d,run-2,0,base64-ng,decode,url-safe,padded,1024,1368,4096,12900555,310.064179,scalar,avx512-vbmi,avx512-vbmi,x86_64,linux,0
1,commit-3-amd-9950x3d,run-2,1,base64-ng,decode,url-safe,padded,1024,1368,4096,12884323,310.454806,scalar,avx512-vbmi,avx512-vbmi,x86_64,linux,0
1,commit-3-amd-9950x3d,run-2,2,base64-ng,decode,url-safe,padded,1024,1368,4096,12890635,310.302790,scalar,avx512-vbmi,avx512-vbmi,x86_64,linux,0
1,commit-3-amd-9950x3d,run-2,3,base64-ng,decode,url-safe,padded,1024,1368,4096,12878232,310.601642,scalar,avx512-vbmi,avx512-vbmi,x86_64,linux,0
1,commit-3-amd-9950x3d,run-2,4,base64-ng,decode,url-safe,padded,1024,1368,4096,12951731,308.839027,scalar,avx512-vbmi,avx512-vbmi,x86_64,linux,0
1,commit-3-amd-9950x3d,run-2,0,base64-ng,encode,url-safe,padded,1024,1368,4096,11859374,337.285931,ssse3-sse4.1,avx512-vbmi,avx512-vbmi,x86_64,linux,0
1,commit-3-amd-9950x3d,run-2,1,base64-ng,encode,url-safe,padded,1024,1368,4096,11889231,336.438917,ssse3-sse4.1,avx512-vbmi,avx512-vbmi,x86_64,linux,0
1,commit-3-amd-9950x3d,run-2,2,base64-ng,encode,url-safe,padded,1024,1368,4096,11845658,337.676472,ssse3-sse4.1,avx512-vbmi,avx512-vbmi,x86_64,linux,0
1,commit-3-amd-9950x3d,run-2,3,base64-ng,encode,url-safe,padded,1024,1368,4096,11835600,337.963432,ssse3-sse4.1,avx512-vbmi,avx512-vbmi,x86_64,linux,0
1,commit-3-amd-9950x3d,run-2,4,base64-ng,encode,url-safe,padded,1024,1368,4096,11854144,337.434740,ssse3-sse4.1,avx512-vbmi,avx512-vbmi,x86_64,linux,0
1,commit-3-amd-9950x3d,run-2,0,base64-ng,decode,url-safe,padded,1024,1368,4096,50001844,79.997050,ssse3-sse4.1,avx512-vbmi,avx512-vbmi,x86_64,linux,0
1,commit-3-amd-9950x3d,run-2,1,base64-ng,decode,url-safe,padded,1024,1368,4096,50074110,79.881599,ssse3-sse4.1,avx512-vbmi,avx512-vbmi,x86_64,linux,0
1,commit-3-amd-9950x3d,run-2,2,base64-ng,decode,url-safe,padded,1024,1368,4096,50129114,79.793950,ssse3-sse4.1,avx512-vbmi,avx512-vbmi,x86_64,linux,0
1,commit-3-amd-9950x3d,run-2,3,base64-ng,decode,url-safe,padded,1024,1368,4096,49921644,80.125566,ssse3-sse4.1,avx512-vbmi,avx512-vbmi,x86_64,linux,0
1,commit-3-amd-9950x3d,run-2,4,base64-ng,decode,url-safe,padded,1024,1368,4096,50081044,79.870539,ssse3-sse4.1,avx512-vbmi,avx512-vbmi,x86_64,linux,0
1,commit-3-amd-9950x3d,run-2,0,base64-ng,encode,url-safe,padded,1024,1368,4096,6422229,622.836713,avx2,avx512-vbmi,avx512-vbmi,x86_64,linux,0
1,commit-3-amd-9950x3d,run-2,1,base64-ng,encode,url-safe,padded,1024,1368,4096,6409556,624.068188,avx2,avx512-vbmi,avx512-vbmi,x86_64,linux,0
1,commit-3-amd-9950x3d,run-2,2,base64-ng,encode,url-safe,padded,1024,1368,4096,6427048,622.369710,avx2,avx512-vbmi,avx512-vbmi,x86_64,linux,0
1,commit-3-amd-9950x3d,run-2,3,base64-ng,encode,url-safe,padded,1024,1368,4096,6431337,621.954657,avx2,avx512-vbmi,avx512-vbmi,x86_64,linux,0
1,commit-3-amd-9950x3d,run-2,4,base64-ng,encode,url-safe,padded,1024,1368,4096,6432870,621.806441,avx2,avx512-vbmi,avx512-vbmi,x86_64,linux,0
1,commit-3-amd-9950x3d,run-2,0,base64-ng,decode,url-safe,padded,1024,1368,4096,35386672,113.036908,avx2,avx512-vbmi,avx512-vbmi,x86_64,linux,0
1,commit-3-amd-9950x3d,run-2,1,base64-ng,decode,url-safe,padded,1024,1368,4096,35402162,112.987450,avx2,avx512-vbmi,avx512-vbmi,x86_64,linux,0
1,commit-3-amd-9950x3d,run-2,2,base64-ng,decode,url-safe,padded,1024,1368,4096,35394998,113.010319,avx2,avx512-vbmi,avx512-vbmi,x86_64,linux,0
1,commit-3-amd-9950x3d,run-2,3,base64-ng,decode,url-safe,padded,1024,1368,4096,35375401,113.072923,avx2,avx512-vbmi,avx512-vbmi,x86_64,linux,0
1,commit-3-amd-9950x3d,run-2,4,base64-ng,decode,url-safe,padded,1024,1368,4096,35432849,112.889596,avx2,avx512-vbmi,avx512-vbmi,x86_64,linux,0
1,commit-3-amd-9950x3d,run-2,0,base64-ng,encode,url-safe,padded,1024,1368,4096,3691168,1083.667825,avx512-vbmi,avx512-vbmi,avx512-vbmi,x86_64,linux,0
1,commit-3-amd-9950x3d,run-2,1,base64-ng,encode,url-safe,padded,1024,1368,4096,3637146,1099.763386,avx512-vbmi,avx512-vbmi,avx512-vbmi,x86_64,linux,0
1,commit-3-amd-9950x3d,run-2,2,base64-ng,encode,url-safe,padded,1024,1368,4096,3686911,1084.919056,avx512-vbmi,avx512-vbmi,avx512-vbmi,x86_64,linux,0
1,commit-3-amd-9950x3d,run-2,3,base64-ng,encode,url-safe,padded,1024,1368,4096,3679296,1087.164501,avx512-vbmi,avx512-vbmi,avx512-vbmi,x86_64,linux,0
1,commit-3-amd-9950x3d,run-2,4,base64-ng,encode,url-safe,padded,1024,1368,4096,3677974,1087.555268,avx512-vbmi,avx512-vbmi,avx512-vbmi,x86_64,linux,0
1,commit-3-amd-9950x3d,run-2,0,base64-ng,decode,url-safe,padded,1024,1368,4096,27430926,145.820816,avx512-vbmi,avx512-vbmi,avx512-vbmi,x86_64,linux,0
1,commit-3-amd-9950x3d,run-2,1,base64-ng,decode,url-safe,padded,1024,1368,4096,27330738,146.355360,avx512-vbmi,avx512-vbmi,avx512-vbmi,x86_64,linux,0
1,commit-3-amd-9950x3d,run-2,2,base64-ng,decode,url-safe,padded,1024,1368,4096,27369461,146.148293,avx512-vbmi,avx512-vbmi,avx512-vbmi,x86_64,linux,0
1,commit-3-amd-9950x3d,run-2,3,base64-ng,decode,url-safe,padded,1024,1368,4096,27506789,145.418646,avx512-vbmi,avx512-vbmi,avx512-vbmi,x86_64,linux,0
1,commit-3-amd-9950x3d,run-2,4,base64-ng,decode,url-safe,padded,1024,1368,4096,27335446,146.330153,avx512-vbmi,avx512-vbmi,avx512-vbmi,x86_64,linux,0
1,commit-3-amd-9950x3d,run-2,0,base64-0.23.0,encode,url-safe,padded,1024,1368,4096,813541,4916.777397,external,avx512-vbmi,avx512-vbmi,x86_64,linux,0
1,commit-3-amd-9950x3d,run-2,1,base64-0.23.0,encode,url-safe,padded,1024,1368,4096,812911,4920.587863,external,avx512-vbmi,avx512-vbmi,x86_64,linux,0
1,commit-3-amd-9950x3d,run-2,2,base64-0.23.0,encode,url-safe,padded,1024,1368,4096,820715,4873.799065,external,avx512-vbmi,avx512-vbmi,x86_64,linux,0
1,commit-3-amd-9950x3d,run-2,3,base64-0.23.0,encode,url-safe,padded,1024,1368,4096,824612,4850.766179,external,avx512-vbmi,avx512-vbmi,x86_64,linux,0
1,commit-3-amd-9950x3d,run-2,4,base64-0.23.0,encode,url-safe,padded,1024,1368,4096,828149,4830.048699,external,avx512-vbmi,avx512-vbmi,x86_64,linux,0
1,commit-3-amd-9950x3d,run-2,0,base64-0.23.0,decode,url-safe,padded,1024,1368,4096,1018537,3927.201466,external,avx512-vbmi,avx512-vbmi,x86_64,linux,0
1,commit-3-amd-9950x3d,run-2,1,base64-0.23.0,decode,url-safe,padded,1024,1368,4096,1020681,3918.952151,external,avx512-vbmi,avx512-vbmi,x86_64,linux,0
1,commit-3-amd-9950x3d,run-2,2,base64-0.23.0,decode,url-safe,padded,1024,1368,4096,1019369,3923.996119,external,avx512-vbmi,avx512-vbmi,x86_64,linux,0
1,commit-3-amd-9950x3d,run-2,3,base64-0.23.0,decode,url-safe,padded,1024,1368,4096,1017104,3932.734509,external,avx512-vbmi,avx512-vbmi,x86_64,linux,0
1,commit-3-amd-9950x3d,run-2,4,base64-0.23.0,decode,url-safe,padded,1024,1368,4096,1020090,3921.222637,external,avx512-vbmi,avx512-vbmi,x86_64,linux,0
1,commit-3-amd-9950x3d,run-2,0,base64ct-1.8.3,encode,url-safe,padded,1024,1368,4096,1377914,2902.938790,external,avx512-vbmi,avx512-vbmi,x86_64,linux,0
1,commit-3-amd-9950x3d,run-2,1,base64ct-1.8.3,encode,url-safe,padded,1024,1368,4096,1350933,2960.916641,external,avx512-vbmi,avx512-vbmi,x86_64,linux,0
1,commit-3-amd-9950x3d,run-2,2,base64ct-1.8.3,encode,url-safe,padded,1024,1368,4096,1366372,2927.460457,external,avx512-vbmi,avx512-vbmi,x86_64,linux,0
1,commit-3-amd-9950x3d,run-2,3,base64ct-1.8.3,encode,url-safe,padded,1024,1368,4096,1366101,2928.041192,external,avx512-vbmi,avx512-vbmi,x86_64,linux,0
1,commit-3-amd-9950x3d,run-2,4,base64ct-1.8.3,encode,url-safe,padded,1024,1368,4096,1367915,2924.158299,external,avx512-vbmi,avx512-vbmi,x86_64,linux,0
1,commit-3-amd-9950x3d,run-2,0,base64ct-1.8.3,decode,url-safe,padded,1024,1368,4096,4617682,866.235484,external,avx512-vbmi,avx512-vbmi,x86_64,linux,0
1,commit-3-amd-9950x3d,run-2,1,base64ct-1.8.3,decode,url-safe,padded,1024,1368,4096,4624515,864.955568,external,avx512-vbmi,avx512-vbmi,x86_64,linux,0
1,commit-3-amd-9950x3d,run-2,2,base64ct-1.8.3,decode,url-safe,padded,1024,1368,4096,4628172,864.272114,external,avx512-vbmi,avx512-vbmi,x86_64,linux,0
1,commit-3-amd-9950x3d,run-2,3,base64ct-1.8.3,decode,url-safe,padded,1024,1368,4096,4624105,865.032260,external,avx512-vbmi,avx512-vbmi,x86_64,linux,0
1,commit-3-amd-9950x3d,run-2,4,base64ct-1.8.3,decode,url-safe,padded,1024,1368,4096,4622582,865.317262,external,avx512-vbmi,avx512-vbmi,x86_64,linux,0
1,commit-3-amd-9950x3d,run-2,0,base64-ng,encode,url-safe,padded,65536,87384,64,3544082,1128.642057,auto,avx512-vbmi,avx512-vbmi,x86_64,linux,0
1,commit-3-amd-9950x3d,run-2,1,base64-ng,encode,url-safe,padded,65536,87384,64,3527410,1133.976487,auto,avx512-vbmi,avx512-vbmi,x86_64,linux,0
1,commit-3-amd-9950x3d,run-2,2,base64-ng,encode,url-safe,padded,65536,87384,64,3521409,1135.908950,auto,avx512-vbmi,avx512-vbmi,x86_64,linux,0
1,commit-3-amd-9950x3d,run-2,3,base64-ng,encode,url-safe,padded,65536,87384,64,3514656,1138.091466,auto,avx512-vbmi,avx512-vbmi,x86_64,linux,0
1,commit-3-amd-9950x3d,run-2,4,base64-ng,encode,url-safe,padded,65536,87384,64,3513294,1138.532670,auto,avx512-vbmi,avx512-vbmi,x86_64,linux,0
1,commit-3-amd-9950x3d,run-2,0,base64-ng,decode,url-safe,padded,65536,87384,64,26910096,148.643097,auto,avx512-vbmi,avx512-vbmi,x86_64,linux,0
1,commit-3-amd-9950x3d,run-2,1,base64-ng,decode,url-safe,padded,65536,87384,64,26861835,148.910154,auto,avx512-vbmi,avx512-vbmi,x86_64,linux,0
1,commit-3-amd-9950x3d,run-2,2,base64-ng,decode,url-safe,padded,65536,87384,64,26828974,149.092545,auto,avx512-vbmi,avx512-vbmi,x86_64,linux,0
1,commit-3-amd-9950x3d,run-2,3,base64-ng,decode,url-safe,padded,65536,87384,64,26844031,149.008917,auto,avx512-vbmi,avx512-vbmi,x86_64,linux,0
1,commit-3-amd-9950x3d,run-2,4,base64-ng,decode,url-safe,padded,65536,87384,64,26861896,148.909816,auto,avx512-vbmi,avx512-vbmi,x86_64,linux,0
1,commit-3-amd-9950x3d,run-2,0,base64-ng,encode,url-safe,padded,65536,87384,64,1794367,2229.198375,scalar,avx512-vbmi,avx512-vbmi,x86_64,linux,0
1,commit-3-amd-9950x3d,run-2,1,base64-ng,encode,url-safe,padded,65536,87384,64,1804056,2217.226073,scalar,avx512-vbmi,avx512-vbmi,x86_64,linux,0
1,commit-3-amd-9950x3d,run-2,2,base64-ng,encode,url-safe,padded,65536,87384,64,1817191,2201.199544,scalar,avx512-vbmi,avx512-vbmi,x86_64,linux,0
1,commit-3-amd-9950x3d,run-2,3,base64-ng,encode,url-safe,padded,65536,87384,64,1818093,2200.107475,scalar,avx512-vbmi,avx512-vbmi,x86_64,linux,0
1,commit-3-amd-9950x3d,run-2,4,base64-ng,encode,url-safe,padded,65536,87384,64,1814685,2204.239303,scalar,avx512-vbmi,avx512-vbmi,x86_64,linux,0
1,commit-3-amd-9950x3d,run-2,0,base64-ng,decode,url-safe,padded,65536,87384,64,12775329,313.103483,scalar,avx512-vbmi,avx512-vbmi,x86_64,linux,0
1,commit-3-amd-9950x3d,run-2,1,base64-ng,decode,url-safe,padded,65536,87384,64,12784415,312.880957,scalar,avx512-vbmi,avx512-vbmi,x86_64,linux,0
1,commit-3-amd-9950x3d,run-2,2,base64-ng,decode,url-safe,padded,65536,87384,64,12788514,312.780672,scalar,avx512-vbmi,avx512-vbmi,x86_64,linux,0
1,commit-3-amd-9950x3d,run-2,3,base64-ng,decode,url-safe,padded,65536,87384,64,12779777,312.994507,scalar,avx512-vbmi,avx512-vbmi,x86_64,linux,0
1,commit-3-amd-9950x3d,run-2,4,base64-ng,decode,url-safe,padded,65536,87384,64,12776090,313.084833,scalar,avx512-vbmi,avx512-vbmi,x86_64,linux,0
1,commit-3-amd-9950x3d,run-2,0,base64-ng,encode,url-safe,padded,65536,87384,64,11776348,339.663875,ssse3-sse4.1,avx512-vbmi,avx512-vbmi,x86_64,linux,0
1,commit-3-amd-9950x3d,run-2,1,base64-ng,encode,url-safe,padded,65536,87384,64,11750960,340.397721,ssse3-sse4.1,avx512-vbmi,avx512-vbmi,x86_64,linux,0
1,commit-3-amd-9950x3d,run-2,2,base64-ng,encode,url-safe,padded,65536,87384,64,11742665,340.638177,ssse3-sse4.1,avx512-vbmi,avx512-vbmi,x86_64,linux,0
1,commit-3-amd-9950x3d,run-2,3,base64-ng,encode,url-safe,padded,65536,87384,64,11732395,340.936356,ssse3-sse4.1,avx512-vbmi,avx512-vbmi,x86_64,linux,0
1,commit-3-amd-9950x3d,run-2,4,base64-ng,encode,url-safe,padded,65536,87384,64,11745830,340.546390,ssse3-sse4.1,avx512-vbmi,avx512-vbmi,x86_64,linux,0
1,commit-3-amd-9950x3d,run-2,0,base64-ng,decode,url-safe,padded,65536,87384,64,49967179,80.052548,ssse3-sse4.1,avx512-vbmi,avx512-vbmi,x86_64,linux,0
1,commit-3-amd-9950x3d,run-2,1,base64-ng,decode,url-safe,padded,65536,87384,64,49957691,80.067752,ssse3-sse4.1,avx512-vbmi,avx512-vbmi,x86_64,linux,0
1,commit-3-amd-9950x3d,run-2,2,base64-ng,decode,url-safe,padded,65536,87384,64,49833227,80.267730,ssse3-sse4.1,avx512-vbmi,avx512-vbmi,x86_64,linux,0
1,commit-3-amd-9950x3d,run-2,3,base64-ng,decode,url-safe,padded,65536,87384,64,50066075,79.894420,ssse3-sse4.1,avx512-vbmi,avx512-vbmi,x86_64,linux,0
1,commit-3-amd-9950x3d,run-2,4,base64-ng,decode,url-safe,padded,65536,87384,64,50564744,79.106502,ssse3-sse4.1,avx512-vbmi,avx512-vbmi,x86_64,linux,0
1,commit-3-amd-9950x3d,run-2,0,base64-ng,encode,url-safe,padded,65536,87384,64,6327251,632.186079,avx2,avx512-vbmi,avx512-vbmi,x86_64,linux,0
1,commit-3-amd-9950x3d,run-2,1,base64-ng,encode,url-safe,padded,65536,87384,64,6361786,628.754252,avx2,avx512-vbmi,avx512-vbmi,x86_64,linux,0
1,commit-3-amd-9950x3d,run-2,2,base64-ng,encode,url-safe,padded,65536,87384,64,6325688,632.342284,avx2,avx512-vbmi,avx512-vbmi,x86_64,linux,0
1,commit-3-amd-9950x3d,run-2,3,base64-ng,encode,url-safe,padded,65536,87384,64,6333412,631.571103,avx2,avx512-vbmi,avx512-vbmi,x86_64,linux,0
1,commit-3-amd-9950x3d,run-2,4,base64-ng,encode,url-safe,padded,65536,87384,64,6338061,631.107842,avx2,avx512-vbmi,avx512-vbmi,x86_64,linux,0
1,commit-3-amd-9950x3d,run-2,0,base64-ng,decode,url-safe,padded,65536,87384,64,35134808,113.847214,avx2,avx512-vbmi,avx512-vbmi,x86_64,linux,0
1,commit-3-amd-9950x3d,run-2,1,base64-ng,decode,url-safe,padded,65536,87384,64,35182518,113.692829,avx2,avx512-vbmi,avx512-vbmi,x86_64,linux,0
1,commit-3-amd-9950x3d,run-2,2,base64-ng,decode,url-safe,padded,65536,87384,64,35179813,113.701571,avx2,avx512-vbmi,avx512-vbmi,x86_64,linux,0
1,commit-3-amd-9950x3d,run-2,3,base64-ng,decode,url-safe,padded,65536,87384,64,35215009,113.587931,avx2,avx512-vbmi,avx512-vbmi,x86_64,linux,0
1,commit-3-amd-9950x3d,run-2,4,base64-ng,decode,url-safe,padded,65536,87384,64,35177278,113.709765,avx2,avx512-vbmi,avx512-vbmi,x86_64,linux,0
1,commit-3-amd-9950x3d,run-2,0,base64-ng,encode,url-safe,padded,65536,87384,64,3457248,1156.989606,avx512-vbmi,avx512-vbmi,avx512-vbmi,x86_64,linux,0
1,commit-3-amd-9950x3d,run-2,1,base64-ng,encode,url-safe,padded,65536,87384,64,3513123,1138.588088,avx512-vbmi,avx512-vbmi,avx512-vbmi,x86_64,linux,0
1,commit-3-amd-9950x3d,run-2,2,base64-ng,encode,url-safe,padded,65536,87384,64,3513002,1138.627305,avx512-vbmi,avx512-vbmi,avx512-vbmi,x86_64,linux,0
1,commit-3-amd-9950x3d,run-2,3,base64-ng,encode,url-safe,padded,65536,87384,64,3543240,1128.910263,avx512-vbmi,avx512-vbmi,avx512-vbmi,x86_64,linux,0
1,commit-3-amd-9950x3d,run-2,4,base64-ng,encode,url-safe,padded,65536,87384,64,3519926,1136.387526,avx512-vbmi,avx512-vbmi,avx512-vbmi,x86_64,linux,0
1,commit-3-amd-9950x3d,run-2,0,base64-ng,decode,url-safe,padded,65536,87384,64,27121413,147.484941,avx512-vbmi,avx512-vbmi,avx512-vbmi,x86_64,linux,0
1,commit-3-amd-9950x3d,run-2,1,base64-ng,decode,url-safe,padded,65536,87384,64,26984777,148.231723,avx512-vbmi,avx512-vbmi,avx512-vbmi,x86_64,linux,0
1,commit-3-amd-9950x3d,run-2,2,base64-ng,decode,url-safe,padded,65536,87384,64,27053746,147.853831,avx512-vbmi,avx512-vbmi,avx512-vbmi,x86_64,linux,0
1,commit-3-amd-9950x3d,run-2,3,base64-ng,decode,url-safe,padded,65536,87384,64,27022738,148.023490,avx512-vbmi,avx512-vbmi,avx512-vbmi,x86_64,linux,0
1,commit-3-amd-9950x3d,run-2,4,base64-ng,decode,url-safe,padded,65536,87384,64,27056421,147.839213,avx512-vbmi,avx512-vbmi,avx512-vbmi,x86_64,linux,0
1,commit-3-amd-9950x3d,run-2,0,base64-0.23.0,encode,url-safe,padded,65536,87384,64,791911,5051.072658,external,avx512-vbmi,avx512-vbmi,x86_64,linux,0
1,commit-3-amd-9950x3d,run-2,1,base64-0.23.0,encode,url-safe,padded,65536,87384,64,791510,5053.631666,external,avx512-vbmi,avx512-vbmi,x86_64,linux,0
1,commit-3-amd-9950x3d,run-2,2,base64-0.23.0,encode,url-safe,padded,65536,87384,64,794616,5033.877999,external,avx512-vbmi,avx512-vbmi,x86_64,linux,0
1,commit-3-amd-9950x3d,run-2,3,base64-0.23.0,encode,url-safe,padded,65536,87384,64,801889,4988.221562,external,avx512-vbmi,avx512-vbmi,x86_64,linux,0
1,commit-3-amd-9950x3d,run-2,4,base64-0.23.0,encode,url-safe,padded,65536,87384,64,805496,4965.884374,external,avx512-vbmi,avx512-vbmi,x86_64,linux,0
1,commit-3-amd-9950x3d,run-2,0,base64-0.23.0,decode,url-safe,padded,65536,87384,64,942364,4244.644320,external,avx512-vbmi,avx512-vbmi,x86_64,linux,0
1,commit-3-amd-9950x3d,run-2,1,base64-0.23.0,decode,url-safe,padded,65536,87384,64,942805,4242.658874,external,avx512-vbmi,avx512-vbmi,x86_64,linux,0
1,commit-3-amd-9950x3d,run-2,2,base64-0.23.0,decode,url-safe,padded,65536,87384,64,949768,4211.554822,external,avx512-vbmi,avx512-vbmi,x86_64,linux,0
1,commit-3-amd-9950x3d,run-2,3,base64-0.23.0,decode,url-safe,padded,65536,87384,64,948325,4217.963251,external,avx512-vbmi,avx512-vbmi,x86_64,linux,0
1,commit-3-amd-9950x3d,run-2,4,base64-0.23.0,decode,url-safe,padded,65536,87384,64,951050,4205.877714,external,avx512-vbmi,avx512-vbmi,x86_64,linux,0
1,commit-3-amd-9950x3d,run-2,0,base64ct-1.8.3,encode,url-safe,padded,65536,87384,64,1340513,2983.932271,external,avx512-vbmi,avx512-vbmi,x86_64,linux,0
1,commit-3-amd-9950x3d,run-2,1,base64ct-1.8.3,encode,url-safe,padded,65536,87384,64,1332688,3001.452703,external,avx512-vbmi,avx512-vbmi,x86_64,linux,0
1,commit-3-amd-9950x3d,run-2,2,base64ct-1.8.3,encode,url-safe,padded,65536,87384,64,1331236,3004.726435,external,avx512-vbmi,avx512-vbmi,x86_64,linux,0
1,commit-3-amd-9950x3d,run-2,3,base64ct-1.8.3,encode,url-safe,padded,65536,87384,64,1330705,3005.925431,external,avx512-vbmi,avx512-vbmi,x86_64,linux,0
1,commit-3-amd-9950x3d,run-2,4,base64ct-1.8.3,encode,url-safe,padded,65536,87384,64,1334973,2996.315281,external,avx512-vbmi,avx512-vbmi,x86_64,linux,0
1,commit-3-amd-9950x3d,run-2,0,base64ct-1.8.3,decode,url-safe,padded,65536,87384,64,4528545,883.285912,external,avx512-vbmi,avx512-vbmi,x86_64,linux,0
1,commit-3-amd-9950x3d,run-2,1,base64ct-1.8.3,decode,url-safe,padded,65536,87384,64,4546198,879.856091,external,avx512-vbmi,avx512-vbmi,x86_64,linux,0
1,commit-3-amd-9950x3d,run-2,2,base64ct-1.8.3,decode,url-safe,padded,65536,87384,64,4556447,877.876995,external,avx512-vbmi,avx512-vbmi,x86_64,linux,0
1,commit-3-amd-9950x3d,run-2,3,base64ct-1.8.3,decode,url-safe,padded,65536,87384,64,4557960,877.585587,external,avx512-vbmi,avx512-vbmi,x86_64,linux,0
1,commit-3-amd-9950x3d,run-2,4,base64ct-1.8.3,decode,url-safe,padded,65536,87384,64,4542692,880.535154,external,avx512-vbmi,avx512-vbmi,x86_64,linux,0
1,commit-3-amd-9950x3d,run-2,0,base64-ng,encode,url-safe,unpadded,1,2,4194304,35218987,113.575101,auto,avx512-vbmi,avx512-vbmi,x86_64,linux,0
1,commit-3-amd-9950x3d,run-2,1,base64-ng,encode,url-safe,unpadded,1,2,4194304,35209960,113.604219,auto,avx512-vbmi,avx512-vbmi,x86_64,linux,0
1,commit-3-amd-9950x3d,run-2,2,base64-ng,encode,url-safe,unpadded,1,2,4194304,35218846,113.575556,auto,avx512-vbmi,avx512-vbmi,x86_64,linux,0
1,commit-3-amd-9950x3d,run-2,3,base64-ng,encode,url-safe,unpadded,1,2,4194304,35280372,113.377489,auto,avx512-vbmi,avx512-vbmi,x86_64,linux,0
1,commit-3-amd-9950x3d,run-2,4,base64-ng,encode,url-safe,unpadded,1,2,4194304,35708809,112.017178,auto,avx512-vbmi,avx512-vbmi,x86_64,linux,0
1,commit-3-amd-9950x3d,run-2,0,base64-ng,decode,url-safe,unpadded,1,2,4194304,52242382,76.566187,auto,avx512-vbmi,avx512-vbmi,x86_64,linux,0
1,commit-3-amd-9950x3d,run-2,1,base64-ng,decode,url-safe,unpadded,1,2,4194304,52199852,76.628570,auto,avx512-vbmi,avx512-vbmi,x86_64,linux,0
1,commit-3-amd-9950x3d,run-2,2,base64-ng,decode,url-safe,unpadded,1,2,4194304,52134639,76.724421,auto,avx512-vbmi,avx512-vbmi,x86_64,linux,0
1,commit-3-amd-9950x3d,run-2,3,base64-ng,decode,url-safe,unpadded,1,2,4194304,52063244,76.829634,auto,avx512-vbmi,avx512-vbmi,x86_64,linux,0
1,commit-3-amd-9950x3d,run-2,4,base64-ng,decode,url-safe,unpadded,1,2,4194304,51996218,76.928672,auto,avx512-vbmi,avx512-vbmi,x86_64,linux,0
1,commit-3-amd-9950x3d,run-2,0,base64-ng,encode,url-safe,unpadded,1,2,4194304,26104930,153.227762,scalar,avx512-vbmi,avx512-vbmi,x86_64,linux,0
1,commit-3-amd-9950x3d,run-2,1,base64-ng,encode,url-safe,unpadded,1,2,4194304,25789026,155.104733,scalar,avx512-vbmi,avx512-vbmi,x86_64,linux,0
1,commit-3-amd-9950x3d,run-2,2,base64-ng,encode,url-safe,unpadded,1,2,4194304,25836856,154.817599,scalar,avx512-vbmi,avx512-vbmi,x86_64,linux,0
1,commit-3-amd-9950x3d,run-2,3,base64-ng,encode,url-safe,unpadded,1,2,4194304,25927988,154.273444,scalar,avx512-vbmi,avx512-vbmi,x86_64,linux,0
1,commit-3-amd-9950x3d,run-2,4,base64-ng,encode,url-safe,unpadded,1,2,4194304,25915053,154.350446,scalar,avx512-vbmi,avx512-vbmi,x86_64,linux,0
1,commit-3-amd-9950x3d,run-2,0,base64-ng,decode,url-safe,unpadded,1,2,4194304,34550038,115.774113,scalar,avx512-vbmi,avx512-vbmi,x86_64,linux,0
1,commit-3-amd-9950x3d,run-2,1,base64-ng,decode,url-safe,unpadded,1,2,4194304,34511394,115.903751,scalar,avx512-vbmi,avx512-vbmi,x86_64,linux,0
1,commit-3-amd-9950x3d,run-2,2,base64-ng,decode,url-safe,unpadded,1,2,4194304,34446953,116.120575,scalar,avx512-vbmi,avx512-vbmi,x86_64,linux,0
1,commit-3-amd-9950x3d,run-2,3,base64-ng,decode,url-safe,unpadded,1,2,4194304,34462162,116.069328,scalar,avx512-vbmi,avx512-vbmi,x86_64,linux,0
1,commit-3-amd-9950x3d,run-2,4,base64-ng,decode,url-safe,unpadded,1,2,4194304,34547683,115.782005,scalar,avx512-vbmi,avx512-vbmi,x86_64,linux,0
1,commit-3-amd-9950x3d,run-2,0,base64-ng,encode,url-safe,unpadded,1,2,4194304,32875235,121.672134,ssse3-sse4.1,avx512-vbmi,avx512-vbmi,x86_64,linux,0
1,commit-3-amd-9950x3d,run-2,1,base64-ng,encode,url-safe,unpadded,1,2,4194304,32832785,121.829446,ssse3-sse4.1,avx512-vbmi,avx512-vbmi,x86_64,linux,0
1,commit-3-amd-9950x3d,run-2,2,base64-ng,encode,url-safe,unpadded,1,2,4194304,32717819,122.257538,ssse3-sse4.1,avx512-vbmi,avx512-vbmi,x86_64,linux,0
1,commit-3-amd-9950x3d,run-2,3,base64-ng,encode,url-safe,unpadded,1,2,4194304,32729080,122.215473,ssse3-sse4.1,avx512-vbmi,avx512-vbmi,x86_64,linux,0
1,commit-3-amd-9950x3d,run-2,4,base64-ng,encode,url-safe,unpadded,1,2,4194304,32827705,121.848299,ssse3-sse4.1,avx512-vbmi,avx512-vbmi,x86_64,linux,0
1,commit-3-amd-9950x3d,run-2,0,base64-ng,decode,url-safe,unpadded,1,2,4194304,42385847,94.371123,ssse3-sse4.1,avx512-vbmi,avx512-vbmi,x86_64,linux,0
1,commit-3-amd-9950x3d,run-2,1,base64-ng,decode,url-safe,unpadded,1,2,4194304,42327948,94.500211,ssse3-sse4.1,avx512-vbmi,avx512-vbmi,x86_64,linux,0
1,commit-3-amd-9950x3d,run-2,2,base64-ng,decode,url-safe,unpadded,1,2,4194304,42290017,94.584970,ssse3-sse4.1,avx512-vbmi,avx512-vbmi,x86_64,linux,0
1,commit-3-amd-9950x3d,run-2,3,base64-ng,decode,url-safe,unpadded,1,2,4194304,42272374,94.624447,ssse3-sse4.1,avx512-vbmi,avx512-vbmi,x86_64,linux,0
1,commit-3-amd-9950x3d,run-2,4,base64-ng,decode,url-safe,unpadded,1,2,4194304,42232910,94.712867,ssse3-sse4.1,avx512-vbmi,avx512-vbmi,x86_64,linux,0
1,commit-3-amd-9950x3d,run-2,0,base64-ng,encode,url-safe,unpadded,1,2,4194304,33070372,120.954188,avx2,avx512-vbmi,avx512-vbmi,x86_64,linux,0
1,commit-3-amd-9950x3d,run-2,1,base64-ng,encode,url-safe,unpadded,1,2,4194304,32911143,121.539383,avx2,avx512-vbmi,avx512-vbmi,x86_64,linux,0
1,commit-3-amd-9950x3d,run-2,2,base64-ng,encode,url-safe,unpadded,1,2,4194304,32882499,121.645256,avx2,avx512-vbmi,avx512-vbmi,x86_64,linux,0
1,commit-3-amd-9950x3d,run-2,3,base64-ng,encode,url-safe,unpadded,1,2,4194304,33075742,120.934551,avx2,avx512-vbmi,avx512-vbmi,x86_64,linux,0
1,commit-3-amd-9950x3d,run-2,4,base64-ng,encode,url-safe,unpadded,1,2,4194304,32977117,121.296231,avx2,avx512-vbmi,avx512-vbmi,x86_64,linux,0
1,commit-3-amd-9950x3d,run-2,0,base64-ng,decode,url-safe,unpadded,1,2,4194304,44868822,89.148763,avx2,avx512-vbmi,avx512-vbmi,x86_64,linux,0
1,commit-3-amd-9950x3d,run-2,1,base64-ng,decode,url-safe,unpadded,1,2,4194304,44874262,89.137956,avx2,avx512-vbmi,avx512-vbmi,x86_64,linux,0
1,commit-3-amd-9950x3d,run-2,2,base64-ng,decode,url-safe,unpadded,1,2,4194304,45056655,88.777118,avx2,avx512-vbmi,avx512-vbmi,x86_64,linux,0
1,commit-3-amd-9950x3d,run-2,3,base64-ng,decode,url-safe,unpadded,1,2,4194304,44755208,89.375073,avx2,avx512-vbmi,avx512-vbmi,x86_64,linux,0
1,commit-3-amd-9950x3d,run-2,4,base64-ng,decode,url-safe,unpadded,1,2,4194304,44669136,89.547288,avx2,avx512-vbmi,avx512-vbmi,x86_64,linux,0
1,commit-3-amd-9950x3d,run-2,0,base64-ng,encode,url-safe,unpadded,1,2,4194304,33938937,117.858730,avx512-vbmi,avx512-vbmi,avx512-vbmi,x86_64,linux,0
1,commit-3-amd-9950x3d,run-2,1,base64-ng,encode,url-safe,unpadded,1,2,4194304,33806167,118.321607,avx512-vbmi,avx512-vbmi,avx512-vbmi,x86_64,linux,0
1,commit-3-amd-9950x3d,run-2,2,base64-ng,encode,url-safe,unpadded,1,2,4194304,33700318,118.693242,avx512-vbmi,avx512-vbmi,avx512-vbmi,x86_64,linux,0
1,commit-3-amd-9950x3d,run-2,3,base64-ng,encode,url-safe,unpadded,1,2,4194304,33676162,118.778381,avx512-vbmi,avx512-vbmi,avx512-vbmi,x86_64,linux,0
1,commit-3-amd-9950x3d,run-2,4,base64-ng,encode,url-safe,unpadded,1,2,4194304,33861291,118.128987,avx512-vbmi,avx512-vbmi,avx512-vbmi,x86_64,linux,0
1,commit-3-amd-9950x3d,run-2,0,base64-ng,decode,url-safe,unpadded,1,2,4194304,49896175,80.166466,avx512-vbmi,avx512-vbmi,avx512-vbmi,x86_64,linux,0
1,commit-3-amd-9950x3d,run-2,1,base64-ng,decode,url-safe,unpadded,1,2,4194304,49765479,80.377002,avx512-vbmi,avx512-vbmi,avx512-vbmi,x86_64,linux,0
1,commit-3-amd-9950x3d,run-2,2,base64-ng,decode,url-safe,unpadded,1,2,4194304,49755661,80.392862,avx512-vbmi,avx512-vbmi,avx512-vbmi,x86_64,linux,0
1,commit-3-amd-9950x3d,run-2,3,base64-ng,decode,url-safe,unpadded,1,2,4194304,49805725,80.312052,avx512-vbmi,avx512-vbmi,avx512-vbmi,x86_64,linux,0
1,commit-3-amd-9950x3d,run-2,4,base64-ng,decode,url-safe,unpadded,1,2,4194304,49342873,81.065405,avx512-vbmi,avx512-vbmi,avx512-vbmi,x86_64,linux,0
1,commit-3-amd-9950x3d,run-2,0,base64-0.23.0,encode,url-safe,unpadded,1,2,4194304,27239476,146.845703,external,avx512-vbmi,avx512-vbmi,x86_64,linux,0
1,commit-3-amd-9950x3d,run-2,1,base64-0.23.0,encode,url-safe,unpadded,1,2,4194304,27464049,145.644948,external,avx512-vbmi,avx512-vbmi,x86_64,linux,0
1,commit-3-amd-9950x3d,run-2,2,base64-0.23.0,encode,url-safe,unpadded,1,2,4194304,27218627,146.958184,external,avx512-vbmi,avx512-vbmi,x86_64,linux,0
1,commit-3-amd-9950x3d,run-2,3,base64-0.23.0,encode,url-safe,unpadded,1,2,4194304,27364061,146.177134,external,avx512-vbmi,avx512-vbmi,x86_64,linux,0
1,commit-3-amd-9950x3d,run-2,4,base64-0.23.0,encode,url-safe,unpadded,1,2,4194304,27343892,146.284955,external,avx512-vbmi,avx512-vbmi,x86_64,linux,0
1,commit-3-amd-9950x3d,run-2,0,base64-0.23.0,decode,url-safe,unpadded,1,2,4194304,50674060,78.935850,external,avx512-vbmi,avx512-vbmi,x86_64,linux,0
1,commit-3-amd-9950x3d,run-2,1,base64-0.23.0,decode,url-safe,unpadded,1,2,4194304,50426674,79.323098,external,avx512-vbmi,avx512-vbmi,x86_64,linux,0
1,commit-3-amd-9950x3d,run-2,2,base64-0.23.0,decode,url-safe,unpadded,1,2,4194304,50389274,79.381973,external,avx512-vbmi,avx512-vbmi,x86_64,linux,0
1,commit-3-amd-9950x3d,run-2,3,base64-0.23.0,decode,url-safe,unpadded,1,2,4194304,50421474,79.331279,external,avx512-vbmi,avx512-vbmi,x86_64,linux,0
1,commit-3-amd-9950x3d,run-2,4,base64-0.23.0,decode,url-safe,unpadded,1,2,4194304,50410474,79.348589,external,avx512-vbmi,avx512-vbmi,x86_64,linux,0
1,commit-3-amd-9950x3d,run-2,0,base64ct-1.8.3,encode,url-safe,unpadded,1,2,4194304,24577545,162.750185,external,avx512-vbmi,avx512-vbmi,x86_64,linux,0
1,commit-3-amd-9950x3d,run-2,1,base64ct-1.8.3,encode,url-safe,unpadded,1,2,4194304,24617630,162.485178,external,avx512-vbmi,avx512-vbmi,x86_64,linux,0
1,commit-3-amd-9950x3d,run-2,2,base64ct-1.8.3,encode,url-safe,unpadded,1,2,4194304,24604065,162.574762,external,avx512-vbmi,avx512-vbmi,x86_64,linux,0
1,commit-3-amd-9950x3d,run-2,3,base64ct-1.8.3,encode,url-safe,unpadded,1,2,4194304,24612812,162.516985,external,avx512-vbmi,avx512-vbmi,x86_64,linux,0
1,commit-3-amd-9950x3d,run-2,4,base64ct-1.8.3,encode,url-safe,unpadded,1,2,4194304,24659860,162.206923,external,avx512-vbmi,avx512-vbmi,x86_64,linux,0
1,commit-3-amd-9950x3d,run-2,0,base64ct-1.8.3,decode,url-safe,unpadded,1,2,4194304,99341341,40.265210,external,avx512-vbmi,avx512-vbmi,x86_64,linux,0
1,commit-3-amd-9950x3d,run-2,1,base64ct-1.8.3,decode,url-safe,unpadded,1,2,4194304,98719491,40.518847,external,avx512-vbmi,avx512-vbmi,x86_64,linux,0
1,commit-3-amd-9950x3d,run-2,2,base64ct-1.8.3,decode,url-safe,unpadded,1,2,4194304,98912184,40.439912,external,avx512-vbmi,avx512-vbmi,x86_64,linux,0
1,commit-3-amd-9950x3d,run-2,3,base64ct-1.8.3,decode,url-safe,unpadded,1,2,4194304,100037362,39.985061,external,avx512-vbmi,avx512-vbmi,x86_64,linux,0
1,commit-3-amd-9950x3d,run-2,4,base64ct-1.8.3,decode,url-safe,unpadded,1,2,4194304,98979901,40.412245,external,avx512-vbmi,avx512-vbmi,x86_64,linux,0
1,commit-3-amd-9950x3d,run-2,0,base64-ng,encode,url-safe,unpadded,2,3,2097152,20926171,191.148204,auto,avx512-vbmi,avx512-vbmi,x86_64,linux,0
1,commit-3-amd-9950x3d,run-2,1,base64-ng,encode,url-safe,unpadded,2,3,2097152,20927594,191.135206,auto,avx512-vbmi,avx512-vbmi,x86_64,linux,0
1,commit-3-amd-9950x3d,run-2,2,base64-ng,encode,url-safe,unpadded,2,3,2097152,20932534,191.090099,auto,avx512-vbmi,avx512-vbmi,x86_64,linux,0
1,commit-3-amd-9950x3d,run-2,3,base64-ng,encode,url-safe,unpadded,2,3,2097152,20909561,191.300047,auto,avx512-vbmi,avx512-vbmi,x86_64,linux,0
1,commit-3-amd-9950x3d,run-2,4,base64-ng,encode,url-safe,unpadded,2,3,2097152,20917525,191.227213,auto,avx512-vbmi,avx512-vbmi,x86_64,linux,0
1,commit-3-amd-9950x3d,run-2,0,base64-ng,decode,url-safe,unpadded,2,3,2097152,30663501,130.448249,auto,avx512-vbmi,avx512-vbmi,x86_64,linux,0
1,commit-3-amd-9950x3d,run-2,1,base64-ng,decode,url-safe,unpadded,2,3,2097152,30603849,130.702514,auto,avx512-vbmi,avx512-vbmi,x86_64,linux,0
1,commit-3-amd-9950x3d,run-2,2,base64-ng,decode,url-safe,unpadded,2,3,2097152,30649254,130.508886,auto,avx512-vbmi,avx512-vbmi,x86_64,linux,0
1,commit-3-amd-9950x3d,run-2,3,base64-ng,decode,url-safe,unpadded,2,3,2097152,30708025,130.259110,auto,avx512-vbmi,avx512-vbmi,x86_64,linux,0
1,commit-3-amd-9950x3d,run-2,4,base64-ng,decode,url-safe,unpadded,2,3,2097152,30667158,130.432693,auto,avx512-vbmi,avx512-vbmi,x86_64,linux,0
1,commit-3-amd-9950x3d,run-2,0,base64-ng,encode,url-safe,unpadded,2,3,2097152,17835543,224.271277,scalar,avx512-vbmi,avx512-vbmi,x86_64,linux,0
1,commit-3-amd-9950x3d,run-2,1,base64-ng,encode,url-safe,unpadded,2,3,2097152,17784668,224.912829,scalar,avx512-vbmi,avx512-vbmi,x86_64,linux,0
1,commit-3-amd-9950x3d,run-2,2,base64-ng,encode,url-safe,unpadded,2,3,2097152,17807631,224.622804,scalar,avx512-vbmi,avx512-vbmi,x86_64,linux,0
1,commit-3-amd-9950x3d,run-2,3,base64-ng,encode,url-safe,unpadded,2,3,2097152,17817170,224.502544,scalar,avx512-vbmi,avx512-vbmi,x86_64,linux,0
1,commit-3-amd-9950x3d,run-2,4,base64-ng,encode,url-safe,unpadded,2,3,2097152,17824643,224.408422,scalar,avx512-vbmi,avx512-vbmi,x86_64,linux,0
1,commit-3-amd-9950x3d,run-2,0,base64-ng,decode,url-safe,unpadded,2,3,2097152,21455728,186.430402,scalar,avx512-vbmi,avx512-vbmi,x86_64,linux,0
1,commit-3-amd-9950x3d,run-2,1,base64-ng,decode,url-safe,unpadded,2,3,2097152,21387219,187.027589,scalar,avx512-vbmi,avx512-vbmi,x86_64,linux,0
1,commit-3-amd-9950x3d,run-2,2,base64-ng,decode,url-safe,unpadded,2,3,2097152,21352244,187.333940,scalar,avx512-vbmi,avx512-vbmi,x86_64,linux,0
1,commit-3-amd-9950x3d,run-2,3,base64-ng,decode,url-safe,unpadded,2,3,2097152,21342095,187.423025,scalar,avx512-vbmi,avx512-vbmi,x86_64,linux,0
1,commit-3-amd-9950x3d,run-2,4,base64-ng,decode,url-safe,unpadded,2,3,2097152,21456921,186.420037,scalar,avx512-vbmi,avx512-vbmi,x86_64,linux,0
1,commit-3-amd-9950x3d,run-2,0,base64-ng,encode,url-safe,unpadded,2,3,2097152,21533956,185.753143,ssse3-sse4.1,avx512-vbmi,avx512-vbmi,x86_64,linux,0
1,commit-3-amd-9950x3d,run-2,1,base64-ng,encode,url-safe,unpadded,2,3,2097152,21444567,186.527431,ssse3-sse4.1,avx512-vbmi,avx512-vbmi,x86_64,linux,0
1,commit-3-amd-9950x3d,run-2,2,base64-ng,encode,url-safe,unpadded,2,3,2097152,21488901,186.142605,ssse3-sse4.1,avx512-vbmi,avx512-vbmi,x86_64,linux,0
1,commit-3-amd-9950x3d,run-2,3,base64-ng,encode,url-safe,unpadded,2,3,2097152,21394543,186.963564,ssse3-sse4.1,avx512-vbmi,avx512-vbmi,x86_64,linux,0
1,commit-3-amd-9950x3d,run-2,4,base64-ng,encode,url-safe,unpadded,2,3,2097152,21431433,186.641743,ssse3-sse4.1,avx512-vbmi,avx512-vbmi,x86_64,linux,0
1,commit-3-amd-9950x3d,run-2,0,base64-ng,decode,url-safe,unpadded,2,3,2097152,25258827,158.360481,ssse3-sse4.1,avx512-vbmi,avx512-vbmi,x86_64,linux,0
1,commit-3-amd-9950x3d,run-2,1,base64-ng,decode,url-safe,unpadded,2,3,2097152,25296529,158.124460,ssse3-sse4.1,avx512-vbmi,avx512-vbmi,x86_64,linux,0
1,commit-3-amd-9950x3d,run-2,2,base64-ng,decode,url-safe,unpadded,2,3,2097152,25290628,158.161355,ssse3-sse4.1,avx512-vbmi,avx512-vbmi,x86_64,linux,0
1,commit-3-amd-9950x3d,run-2,3,base64-ng,decode,url-safe,unpadded,2,3,2097152,25234482,158.513260,ssse3-sse4.1,avx512-vbmi,avx512-vbmi,x86_64,linux,0
1,commit-3-amd-9950x3d,run-2,4,base64-ng,decode,url-safe,unpadded,2,3,2097152,25258346,158.363497,ssse3-sse4.1,avx512-vbmi,avx512-vbmi,x86_64,linux,0
1,commit-3-amd-9950x3d,run-2,0,base64-ng,encode,url-safe,unpadded,2,3,2097152,21400615,186.910516,avx2,avx512-vbmi,avx512-vbmi,x86_64,linux,0
1,commit-3-amd-9950x3d,run-2,1,base64-ng,encode,url-safe,unpadded,2,3,2097152,21362473,187.244239,avx2,avx512-vbmi,avx512-vbmi,x86_64,linux,0
1,commit-3-amd-9950x3d,run-2,2,base64-ng,encode,url-safe,unpadded,2,3,2097152,21351242,187.342732,avx2,avx512-vbmi,avx512-vbmi,x86_64,linux,0
1,commit-3-amd-9950x3d,run-2,3,base64-ng,encode,url-safe,unpadded,2,3,2097152,21351332,187.341942,avx2,avx512-vbmi,avx512-vbmi,x86_64,linux,0
1,commit-3-amd-9950x3d,run-2,4,base64-ng,encode,url-safe,unpadded,2,3,2097152,21336784,187.469677,avx2,avx512-vbmi,avx512-vbmi,x86_64,linux,0
1,commit-3-amd-9950x3d,run-2,0,base64-ng,decode,url-safe,unpadded,2,3,2097152,26692546,149.854570,avx2,avx512-vbmi,avx512-vbmi,x86_64,linux,0
1,commit-3-amd-9950x3d,run-2,1,base64-ng,decode,url-safe,unpadded,2,3,2097152,26721872,149.690112,avx2,avx512-vbmi,avx512-vbmi,x86_64,linux,0
1,commit-3-amd-9950x3d,run-2,2,base64-ng,decode,url-safe,unpadded,2,3,2097152,26691094,149.862722,avx2,avx512-vbmi,avx512-vbmi,x86_64,linux,0
1,commit-3-amd-9950x3d,run-2,3,base64-ng,decode,url-safe,unpadded,2,3,2097152,26697436,149.827122,avx2,avx512-vbmi,avx512-vbmi,x86_64,linux,0
1,commit-3-amd-9950x3d,run-2,4,base64-ng,decode,url-safe,unpadded,2,3,2097152,26686575,149.888099,avx2,avx512-vbmi,avx512-vbmi,x86_64,linux,0
1,commit-3-amd-9950x3d,run-2,0,base64-ng,encode,url-safe,unpadded,2,3,2097152,22266164,179.644774,avx512-vbmi,avx512-vbmi,avx512-vbmi,x86_64,linux,0
1,commit-3-amd-9950x3d,run-2,1,base64-ng,encode,url-safe,unpadded,2,3,2097152,22259952,179.694907,avx512-vbmi,avx512-vbmi,avx512-vbmi,x86_64,linux,0
1,commit-3-amd-9950x3d,run-2,2,base64-ng,encode,url-safe,unpadded,2,3,2097152,22284349,179.498176,avx512-vbmi,avx512-vbmi,avx512-vbmi,x86_64,linux,0
1,commit-3-amd-9950x3d,run-2,3,base64-ng,encode,url-safe,unpadded,2,3,2097152,22268669,179.624566,avx512-vbmi,avx512-vbmi,avx512-vbmi,x86_64,linux,0
1,commit-3-amd-9950x3d,run-2,4,base64-ng,encode,url-safe,unpadded,2,3,2097152,22261125,179.685438,avx512-vbmi,avx512-vbmi,avx512-vbmi,x86_64,linux,0
1,commit-3-amd-9950x3d,run-2,0,base64-ng,decode,url-safe,unpadded,2,3,2097152,29536560,135.425385,avx512-vbmi,avx512-vbmi,avx512-vbmi,x86_64,linux,0
1,commit-3-amd-9950x3d,run-2,1,base64-ng,decode,url-safe,unpadded,2,3,2097152,29574882,135.249906,avx512-vbmi,avx512-vbmi,avx512-vbmi,x86_64,linux,0
1,commit-3-amd-9950x3d,run-2,2,base64-ng,decode,url-safe,unpadded,2,3,2097152,29567318,135.284506,avx512-vbmi,avx512-vbmi,avx512-vbmi,x86_64,linux,0
1,commit-3-amd-9950x3d,run-2,3,base64-ng,decode,url-safe,unpadded,2,3,2097152,29477148,135.698338,avx512-vbmi,avx512-vbmi,avx512-vbmi,x86_64,linux,0
1,commit-3-amd-9950x3d,run-2,4,base64-ng,decode,url-safe,unpadded,2,3,2097152,29557460,135.329626,avx512-vbmi,avx512-vbmi,avx512-vbmi,x86_64,linux,0
1,commit-3-amd-9950x3d,run-2,0,base64-0.23.0,encode,url-safe,unpadded,2,3,2097152,14157210,282.541546,external,avx512-vbmi,avx512-vbmi,x86_64,linux,0
1,commit-3-amd-9950x3d,run-2,1,base64-0.23.0,encode,url-safe,unpadded,2,3,2097152,15107819,264.763564,external,avx512-vbmi,avx512-vbmi,x86_64,linux,0
1,commit-3-amd-9950x3d,run-2,2,base64-0.23.0,encode,url-safe,unpadded,2,3,2097152,14202595,281.638672,external,avx512-vbmi,avx512-vbmi,x86_64,linux,0
1,commit-3-amd-9950x3d,run-2,3,base64-0.23.0,encode,url-safe,unpadded,2,3,2097152,14189040,281.907726,external,avx512-vbmi,avx512-vbmi,x86_64,linux,0
1,commit-3-amd-9950x3d,run-2,4,base64-0.23.0,encode,url-safe,unpadded,2,3,2097152,14362416,278.504675,external,avx512-vbmi,avx512-vbmi,x86_64,linux,0
1,commit-3-amd-9950x3d,run-2,0,base64-0.23.0,decode,url-safe,unpadded,2,3,2097152,25905155,154.409422,external,avx512-vbmi,avx512-vbmi,x86_64,linux,0
1,commit-3-amd-9950x3d,run-2,1,base64-0.23.0,decode,url-safe,unpadded,2,3,2097152,25838148,154.809857,external,avx512-vbmi,avx512-vbmi,x86_64,linux,0
1,commit-3-amd-9950x3d,run-2,2,base64-0.23.0,decode,url-safe,unpadded,2,3,2097152,25834882,154.829428,external,avx512-vbmi,avx512-vbmi,x86_64,linux,0
1,commit-3-amd-9950x3d,run-2,3,base64-0.23.0,decode,url-safe,unpadded,2,3,2097152,25799235,155.043357,external,avx512-vbmi,avx512-vbmi,x86_64,linux,0
1,commit-3-amd-9950x3d,run-2,4,base64-0.23.0,decode,url-safe,unpadded,2,3,2097152,25790188,155.097745,external,avx512-vbmi,avx512-vbmi,x86_64,linux,0
1,commit-3-amd-9950x3d,run-2,0,base64ct-1.8.3,encode,url-safe,unpadded,2,3,2097152,12756663,313.561627,external,avx512-vbmi,avx512-vbmi,x86_64,linux,0
1,commit-3-amd-9950x3d,run-2,1,base64ct-1.8.3,encode,url-safe,unpadded,2,3,2097152,12805405,312.368098,external,avx512-vbmi,avx512-vbmi,x86_64,linux,0
1,commit-3-amd-9950x3d,run-2,2,base64ct-1.8.3,encode,url-safe,unpadded,2,3,2097152,12814953,312.135362,external,avx512-vbmi,avx512-vbmi,x86_64,linux,0
1,commit-3-amd-9950x3d,run-2,3,base64ct-1.8.3,encode,url-safe,unpadded,2,3,2097152,13253118,301.815769,external,avx512-vbmi,avx512-vbmi,x86_64,linux,0
1,commit-3-amd-9950x3d,run-2,4,base64ct-1.8.3,encode,url-safe,unpadded,2,3,2097152,12830071,311.767565,external,avx512-vbmi,avx512-vbmi,x86_64,linux,0
1,commit-3-amd-9950x3d,run-2,0,base64ct-1.8.3,decode,url-safe,unpadded,2,3,2097152,57152384,69.988332,external,avx512-vbmi,avx512-vbmi,x86_64,linux,0
1,commit-3-amd-9950x3d,run-2,1,base64ct-1.8.3,decode,url-safe,unpadded,2,3,2097152,57176009,69.959413,external,avx512-vbmi,avx512-vbmi,x86_64,linux,0
1,commit-3-amd-9950x3d,run-2,2,base64ct-1.8.3,decode,url-safe,unpadded,2,3,2097152,56929004,70.262954,external,avx512-vbmi,avx512-vbmi,x86_64,linux,0
1,commit-3-amd-9950x3d,run-2,3,base64ct-1.8.3,decode,url-safe,unpadded,2,3,2097152,57110896,70.039174,external,avx512-vbmi,avx512-vbmi,x86_64,linux,0
1,commit-3-amd-9950x3d,run-2,4,base64ct-1.8.3,decode,url-safe,unpadded,2,3,2097152,57012391,70.160187,external,avx512-vbmi,avx512-vbmi,x86_64,linux,0
1,commit-3-amd-9950x3d,run-2,0,base64-ng,encode,url-safe,unpadded,3,4,1398101,18042443,221.699414,auto,avx512-vbmi,avx512-vbmi,x86_64,linux,0
1,commit-3-amd-9950x3d,run-2,1,base64-ng,encode,url-safe,unpadded,3,4,1398101,18060858,221.473368,auto,avx512-vbmi,avx512-vbmi,x86_64,linux,0
1,commit-3-amd-9950x3d,run-2,2,base64-ng,encode,url-safe,unpadded,3,4,1398101,18100292,220.990857,auto,avx512-vbmi,avx512-vbmi,x86_64,linux,0
1,commit-3-amd-9950x3d,run-2,3,base64-ng,encode,url-safe,unpadded,3,4,1398101,18081627,221.218978,auto,avx512-vbmi,avx512-vbmi,x86_64,linux,0
1,commit-3-amd-9950x3d,run-2,4,base64-ng,encode,url-safe,unpadded,3,4,1398101,18075005,221.300024,auto,avx512-vbmi,avx512-vbmi,x86_64,linux,0
1,commit-3-amd-9950x3d,run-2,0,base64-ng,decode,url-safe,unpadded,3,4,1398101,25522213,156.726184,auto,avx512-vbmi,avx512-vbmi,x86_64,linux,0
1,commit-3-amd-9950x3d,run-2,1,base64-ng,decode,url-safe,unpadded,3,4,1398101,25509269,156.805710,auto,avx512-vbmi,avx512-vbmi,x86_64,linux,0
1,commit-3-amd-9950x3d,run-2,2,base64-ng,decode,url-safe,unpadded,3,4,1398101,25580944,156.366358,auto,avx512-vbmi,avx512-vbmi,x86_64,linux,0
1,commit-3-amd-9950x3d,run-2,3,base64-ng,decode,url-safe,unpadded,3,4,1398101,25617182,156.145163,auto,avx512-vbmi,avx512-vbmi,x86_64,linux,0
1,commit-3-amd-9950x3d,run-2,4,base64-ng,decode,url-safe,unpadded,3,4,1398101,25587526,156.326135,auto,avx512-vbmi,avx512-vbmi,x86_64,linux,0
1,commit-3-amd-9950x3d,run-2,0,base64-ng,encode,url-safe,unpadded,3,4,1398101,17823251,224.425894,scalar,avx512-vbmi,avx512-vbmi,x86_64,linux,0
1,commit-3-amd-9950x3d,run-2,1,base64-ng,encode,url-safe,unpadded,3,4,1398101,17791240,224.829694,scalar,avx512-vbmi,avx512-vbmi,x86_64,linux,0
1,commit-3-amd-9950x3d,run-2,2,base64-ng,encode,url-safe,unpadded,3,4,1398101,17806299,224.639553,scalar,avx512-vbmi,avx512-vbmi,x86_64,linux,0
1,commit-3-amd-9950x3d,run-2,3,base64-ng,encode,url-safe,unpadded,3,4,1398101,17745054,225.414870,scalar,avx512-vbmi,avx512-vbmi,x86_64,linux,0
1,commit-3-amd-9950x3d,run-2,4,base64-ng,encode,url-safe,unpadded,3,4,1398101,17756605,225.268234,scalar,avx512-vbmi,avx512-vbmi,x86_64,linux,0
1,commit-3-amd-9950x3d,run-2,0,base64-ng,decode,url-safe,unpadded,3,4,1398101,19512039,205.001591,scalar,avx512-vbmi,avx512-vbmi,x86_64,linux,0
1,commit-3-amd-9950x3d,run-2,1,base64-ng,decode,url-safe,unpadded,3,4,1398101,19513622,204.984961,scalar,avx512-vbmi,avx512-vbmi,x86_64,linux,0
1,commit-3-amd-9950x3d,run-2,2,base64-ng,decode,url-safe,unpadded,3,4,1398101,19502972,205.096897,scalar,avx512-vbmi,avx512-vbmi,x86_64,linux,0
1,commit-3-amd-9950x3d,run-2,3,base64-ng,decode,url-safe,unpadded,3,4,1398101,19508102,205.042963,scalar,avx512-vbmi,avx512-vbmi,x86_64,linux,0
1,commit-3-amd-9950x3d,run-2,4,base64-ng,decode,url-safe,unpadded,3,4,1398101,19458268,205.568093,scalar,avx512-vbmi,avx512-vbmi,x86_64,linux,0
1,commit-3-amd-9950x3d,run-2,0,base64-ng,encode,url-safe,unpadded,3,4,1398101,19990110,200.098901,ssse3-sse4.1,avx512-vbmi,avx512-vbmi,x86_64,linux,0
1,commit-3-amd-9950x3d,run-2,1,base64-ng,encode,url-safe,unpadded,3,4,1398101,19973528,200.265023,ssse3-sse4.1,avx512-vbmi,avx512-vbmi,x86_64,linux,0
1,commit-3-amd-9950x3d,run-2,2,base64-ng,encode,url-safe,unpadded,3,4,1398101,20024866,199.751601,ssse3-sse4.1,avx512-vbmi,avx512-vbmi,x86_64,linux,0
1,commit-3-amd-9950x3d,run-2,3,base64-ng,encode,url-safe,unpadded,3,4,1398101,20029895,199.701449,ssse3-sse4.1,avx512-vbmi,avx512-vbmi,x86_64,linux,0
1,commit-3-amd-9950x3d,run-2,4,base64-ng,encode,url-safe,unpadded,3,4,1398101,20010728,199.892730,ssse3-sse4.1,avx512-vbmi,avx512-vbmi,x86_64,linux,0
1,commit-3-amd-9950x3d,run-2,0,base64-ng,decode,url-safe,unpadded,3,4,1398101,21998871,181.827470,ssse3-sse4.1,avx512-vbmi,avx512-vbmi,x86_64,linux,0
1,commit-3-amd-9950x3d,run-2,1,base64-ng,decode,url-safe,unpadded,3,4,1398101,21882832,182.791654,ssse3-sse4.1,avx512-vbmi,avx512-vbmi,x86_64,linux,0
1,commit-3-amd-9950x3d,run-2,2,base64-ng,decode,url-safe,unpadded,3,4,1398101,21945330,182.271082,ssse3-sse4.1,avx512-vbmi,avx512-vbmi,x86_64,linux,0
1,commit-3-amd-9950x3d,run-2,3,base64-ng,decode,url-safe,unpadded,3,4,1398101,21913781,182.533496,ssse3-sse4.1,avx512-vbmi,avx512-vbmi,x86_64,linux,0
1,commit-3-amd-9950x3d,run-2,4,base64-ng,decode,url-safe,unpadded,3,4,1398101,21949959,182.232643,ssse3-sse4.1,avx512-vbmi,avx512-vbmi,x86_64,linux,0
1,commit-3-amd-9950x3d,run-2,0,base64-ng,encode,url-safe,unpadded,3,4,1398101,19853233,201.478472,avx2,avx512-vbmi,avx512-vbmi,x86_64,linux,0
1,commit-3-amd-9950x3d,run-2,1,base64-ng,encode,url-safe,unpadded,3,4,1398101,19825530,201.760006,avx2,avx512-vbmi,avx512-vbmi,x86_64,linux,0
1,commit-3-amd-9950x3d,run-2,2,base64-ng,encode,url-safe,unpadded,3,4,1398101,19837853,201.634675,avx2,avx512-vbmi,avx512-vbmi,x86_64,linux,0
1,commit-3-amd-9950x3d,run-2,3,base64-ng,encode,url-safe,unpadded,3,4,1398101,19795864,202.062362,avx2,avx512-vbmi,avx512-vbmi,x86_64,linux,0
1,commit-3-amd-9950x3d,run-2,4,base64-ng,encode,url-safe,unpadded,3,4,1398101,19787298,202.149836,avx2,avx512-vbmi,avx512-vbmi,x86_64,linux,0
1,commit-3-amd-9950x3d,run-2,0,base64-ng,decode,url-safe,unpadded,3,4,1398101,22853680,175.026475,avx2,avx512-vbmi,avx512-vbmi,x86_64,linux,0
1,commit-3-amd-9950x3d,run-2,1,base64-ng,decode,url-safe,unpadded,3,4,1398101,22898084,174.687063,avx2,avx512-vbmi,avx512-vbmi,x86_64,linux,0
1,commit-3-amd-9950x3d,run-2,2,base64-ng,decode,url-safe,unpadded,3,4,1398101,22850574,175.050266,avx2,avx512-vbmi,avx512-vbmi,x86_64,linux,0
1,commit-3-amd-9950x3d,run-2,3,base64-ng,decode,url-safe,unpadded,3,4,1398101,22782827,175.570795,avx2,avx512-vbmi,avx512-vbmi,x86_64,linux,0
1,commit-3-amd-9950x3d,run-2,4,base64-ng,decode,url-safe,unpadded,3,4,1398101,22821249,175.275203,avx2,avx512-vbmi,avx512-vbmi,x86_64,linux,0
1,commit-3-amd-9950x3d,run-2,0,base64-ng,encode,url-safe,unpadded,3,4,1398101,20720535,193.045163,avx512-vbmi,avx512-vbmi,avx512-vbmi,x86_64,linux,0
1,commit-3-amd-9950x3d,run-2,1,base64-ng,encode,url-safe,unpadded,3,4,1398101,20762754,192.652624,avx512-vbmi,avx512-vbmi,avx512-vbmi,x86_64,linux,0
1,commit-3-amd-9950x3d,run-2,2,base64-ng,encode,url-safe,unpadded,3,4,1398101,20706699,193.174153,avx512-vbmi,avx512-vbmi,avx512-vbmi,x86_64,linux,0
1,commit-3-amd-9950x3d,run-2,3,base64-ng,encode,url-safe,unpadded,3,4,1398101,20744380,192.823263,avx512-vbmi,avx512-vbmi,avx512-vbmi,x86_64,linux,0
1,commit-3-amd-9950x3d,run-2,4,base64-ng,encode,url-safe,unpadded,3,4,1398101,20743478,192.831648,avx512-vbmi,avx512-vbmi,avx512-vbmi,x86_64,linux,0
1,commit-3-amd-9950x3d,run-2,0,base64-ng,decode,url-safe,unpadded,3,4,1398101,24752544,161.599513,avx512-vbmi,avx512-vbmi,avx512-vbmi,x86_64,linux,0
1,commit-3-amd-9950x3d,run-2,1,base64-ng,decode,url-safe,unpadded,3,4,1398101,24743437,161.658990,avx512-vbmi,avx512-vbmi,avx512-vbmi,x86_64,linux,0
1,commit-3-amd-9950x3d,run-2,2,base64-ng,decode,url-safe,unpadded,3,4,1398101,24856009,160.926843,avx512-vbmi,avx512-vbmi,avx512-vbmi,x86_64,linux,0
1,commit-3-amd-9950x3d,run-2,3,base64-ng,decode,url-safe,unpadded,3,4,1398101,24850319,160.963690,avx512-vbmi,avx512-vbmi,avx512-vbmi,x86_64,linux,0
1,commit-3-amd-9950x3d,run-2,4,base64-ng,decode,url-safe,unpadded,3,4,1398101,24694325,161.980497,avx512-vbmi,avx512-vbmi,avx512-vbmi,x86_64,linux,0
1,commit-3-amd-9950x3d,run-2,0,base64-0.23.0,encode,url-safe,unpadded,3,4,1398101,9565276,418.179156,external,avx512-vbmi,avx512-vbmi,x86_64,linux,0
1,commit-3-amd-9950x3d,run-2,1,base64-0.23.0,encode,url-safe,unpadded,3,4,1398101,9667508,413.756994,external,avx512-vbmi,avx512-vbmi,x86_64,linux,0
1,commit-3-amd-9950x3d,run-2,2,base64-0.23.0,encode,url-safe,unpadded,3,4,1398101,9627252,415.487103,external,avx512-vbmi,avx512-vbmi,x86_64,linux,0
1,commit-3-amd-9950x3d,run-2,3,base64-0.23.0,encode,url-safe,unpadded,3,4,1398101,9548304,418.922465,external,avx512-vbmi,avx512-vbmi,x86_64,linux,0
1,commit-3-amd-9950x3d,run-2,4,base64-0.23.0,encode,url-safe,unpadded,3,4,1398101,9563542,418.254978,external,avx512-vbmi,avx512-vbmi,x86_64,linux,0
1,commit-3-amd-9950x3d,run-2,0,base64-0.23.0,decode,url-safe,unpadded,3,4,1398101,18056229,221.530146,external,avx512-vbmi,avx512-vbmi,x86_64,linux,0
1,commit-3-amd-9950x3d,run-2,1,base64-0.23.0,decode,url-safe,unpadded,3,4,1398101,18006105,222.146824,external,avx512-vbmi,avx512-vbmi,x86_64,linux,0
1,commit-3-amd-9950x3d,run-2,2,base64-0.23.0,decode,url-safe,unpadded,3,4,1398101,18004692,222.164258,external,avx512-vbmi,avx512-vbmi,x86_64,linux,0
1,commit-3-amd-9950x3d,run-2,3,base64-0.23.0,decode,url-safe,unpadded,3,4,1398101,18001787,222.200110,external,avx512-vbmi,avx512-vbmi,x86_64,linux,0
1,commit-3-amd-9950x3d,run-2,4,base64-0.23.0,decode,url-safe,unpadded,3,4,1398101,18007488,222.129763,external,avx512-vbmi,avx512-vbmi,x86_64,linux,0
1,commit-3-amd-9950x3d,run-2,0,base64ct-1.8.3,encode,url-safe,unpadded,3,4,1398101,9770382,409.400476,external,avx512-vbmi,avx512-vbmi,x86_64,linux,0
1,commit-3-amd-9950x3d,run-2,1,base64ct-1.8.3,encode,url-safe,unpadded,3,4,1398101,10007849,399.686191,external,avx512-vbmi,avx512-vbmi,x86_64,linux,0
1,commit-3-amd-9950x3d,run-2,2,base64ct-1.8.3,encode,url-safe,unpadded,3,4,1398101,10001276,399.948871,external,avx512-vbmi,avx512-vbmi,x86_64,linux,0
1,commit-3-amd-9950x3d,run-2,3,base64ct-1.8.3,encode,url-safe,unpadded,3,4,1398101,9829493,406.938491,external,avx512-vbmi,avx512-vbmi,x86_64,linux,0
1,commit-3-amd-9950x3d,run-2,4,base64ct-1.8.3,encode,url-safe,unpadded,3,4,1398101,9808443,407.811826,external,avx512-vbmi,avx512-vbmi,x86_64,linux,0
1,commit-3-amd-9950x3d,run-2,0,base64ct-1.8.3,decode,url-safe,unpadded,3,4,1398101,24817627,161.175726,external,avx512-vbmi,avx512-vbmi,x86_64,linux,0
1,commit-3-amd-9950x3d,run-2,1,base64ct-1.8.3,decode,url-safe,unpadded,3,4,1398101,24699685,161.945347,external,avx512-vbmi,avx512-vbmi,x86_64,linux,0
1,commit-3-amd-9950x3d,run-2,2,base64ct-1.8.3,decode,url-safe,unpadded,3,4,1398101,24685568,162.037959,external,avx512-vbmi,avx512-vbmi,x86_64,linux,0
1,commit-3-amd-9950x3d,run-2,3,base64ct-1.8.3,decode,url-safe,unpadded,3,4,1398101,24717940,161.825745,external,avx512-vbmi,avx512-vbmi,x86_64,linux,0
1,commit-3-amd-9950x3d,run-2,4,base64ct-1.8.3,decode,url-safe,unpadded,3,4,1398101,24737717,161.696370,external,avx512-vbmi,avx512-vbmi,x86_64,linux,0
1,commit-3-amd-9950x3d,run-2,0,base64-ng,encode,url-safe,unpadded,11,15,381300,12762905,313.407973,auto,avx512-vbmi,avx512-vbmi,x86_64,linux,0
1,commit-3-amd-9950x3d,run-2,1,base64-ng,encode,url-safe,unpadded,11,15,381300,12668858,315.734550,auto,avx512-vbmi,avx512-vbmi,x86_64,linux,0
1,commit-3-amd-9950x3d,run-2,2,base64-ng,encode,url-safe,unpadded,11,15,381300,12652097,316.152823,auto,avx512-vbmi,avx512-vbmi,x86_64,linux,0
1,commit-3-amd-9950x3d,run-2,3,base64-ng,encode,url-safe,unpadded,11,15,381300,12635796,316.560681,auto,avx512-vbmi,avx512-vbmi,x86_64,linux,0
1,commit-3-amd-9950x3d,run-2,4,base64-ng,encode,url-safe,unpadded,11,15,381300,12643290,316.373047,auto,avx512-vbmi,avx512-vbmi,x86_64,linux,0
1,commit-3-amd-9950x3d,run-2,0,base64-ng,decode,url-safe,unpadded,11,15,381300,16752044,238.776605,auto,avx512-vbmi,avx512-vbmi,x86_64,linux,0
1,commit-3-amd-9950x3d,run-2,1,base64-ng,decode,url-safe,unpadded,11,15,381300,16749790,238.808736,auto,avx512-vbmi,avx512-vbmi,x86_64,linux,0
1,commit-3-amd-9950x3d,run-2,2,base64-ng,decode,url-safe,unpadded,11,15,381300,16744250,238.887749,auto,avx512-vbmi,avx512-vbmi,x86_64,linux,0
1,commit-3-amd-9950x3d,run-2,3,base64-ng,decode,url-safe,unpadded,11,15,381300,16763045,238.619904,auto,avx512-vbmi,avx512-vbmi,x86_64,linux,0
1,commit-3-amd-9950x3d,run-2,4,base64-ng,decode,url-safe,unpadded,11,15,381300,16749289,238.815880,auto,avx512-vbmi,avx512-vbmi,x86_64,linux,0
1,commit-3-amd-9950x3d,run-2,0,base64-ng,encode,url-safe,unpadded,11,15,381300,12561787,318.425729,scalar,avx512-vbmi,avx512-vbmi,x86_64,linux,0
1,commit-3-amd-9950x3d,run-2,1,base64-ng,encode,url-safe,unpadded,11,15,381300,12579760,317.970787,scalar,avx512-vbmi,avx512-vbmi,x86_64,linux,0
1,commit-3-amd-9950x3d,run-2,2,base64-ng,encode,url-safe,unpadded,11,15,381300,12588667,317.745809,scalar,avx512-vbmi,avx512-vbmi,x86_64,linux,0
1,commit-3-amd-9950x3d,run-2,3,base64-ng,encode,url-safe,unpadded,11,15,381300,12573469,318.129880,scalar,avx512-vbmi,avx512-vbmi,x86_64,linux,0
1,commit-3-amd-9950x3d,run-2,4,base64-ng,encode,url-safe,unpadded,11,15,381300,12582957,317.889999,scalar,avx512-vbmi,avx512-vbmi,x86_64,linux,0
1,commit-3-amd-9950x3d,run-2,0,base64-ng,decode,url-safe,unpadded,11,15,381300,15097720,264.940414,scalar,avx512-vbmi,avx512-vbmi,x86_64,linux,0
1,commit-3-amd-9950x3d,run-2,1,base64-ng,decode,url-safe,unpadded,11,15,381300,15103250,264.843407,scalar,avx512-vbmi,avx512-vbmi,x86_64,linux,0
1,commit-3-amd-9950x3d,run-2,2,base64-ng,decode,url-safe,unpadded,11,15,381300,15111276,264.702742,scalar,avx512-vbmi,avx512-vbmi,x86_64,linux,0
1,commit-3-amd-9950x3d,run-2,3,base64-ng,decode,url-safe,unpadded,11,15,381300,15131564,264.347835,scalar,avx512-vbmi,avx512-vbmi,x86_64,linux,0
1,commit-3-amd-9950x3d,run-2,4,base64-ng,decode,url-safe,unpadded,11,15,381300,15119101,264.565743,scalar,avx512-vbmi,avx512-vbmi,x86_64,linux,0
1,commit-3-amd-9950x3d,run-2,0,base64-ng,encode,url-safe,unpadded,11,15,381300,13178949,303.514050,ssse3-sse4.1,avx512-vbmi,avx512-vbmi,x86_64,linux,0
1,commit-3-amd-9950x3d,run-2,1,base64-ng,encode,url-safe,unpadded,11,15,381300,13158539,303.984826,ssse3-sse4.1,avx512-vbmi,avx512-vbmi,x86_64,linux,0
1,commit-3-amd-9950x3d,run-2,2,base64-ng,encode,url-safe,unpadded,11,15,381300,13144323,304.313595,ssse3-sse4.1,avx512-vbmi,avx512-vbmi,x86_64,linux,0
1,commit-3-amd-9950x3d,run-2,3,base64-ng,encode,url-safe,unpadded,11,15,381300,13135307,304.522474,ssse3-sse4.1,avx512-vbmi,avx512-vbmi,x86_64,linux,0
1,commit-3-amd-9950x3d,run-2,4,base64-ng,encode,url-safe,unpadded,11,15,381300,13139404,304.427521,ssse3-sse4.1,avx512-vbmi,avx512-vbmi,x86_64,linux,0
1,commit-3-amd-9950x3d,run-2,0,base64-ng,decode,url-safe,unpadded,11,15,381300,15785846,253.391309,ssse3-sse4.1,avx512-vbmi,avx512-vbmi,x86_64,linux,0
1,commit-3-amd-9950x3d,run-2,1,base64-ng,decode,url-safe,unpadded,11,15,381300,15987996,250.187465,ssse3-sse4.1,avx512-vbmi,avx512-vbmi,x86_64,linux,0
1,commit-3-amd-9950x3d,run-2,2,base64-ng,decode,url-safe,unpadded,11,15,381300,15856949,252.255096,ssse3-sse4.1,avx512-vbmi,avx512-vbmi,x86_64,linux,0
1,commit-3-amd-9950x3d,run-2,3,base64-ng,decode,url-safe,unpadded,11,15,381300,15847612,252.403718,ssse3-sse4.1,avx512-vbmi,avx512-vbmi,x86_64,linux,0
1,commit-3-amd-9950x3d,run-2,4,base64-ng,decode,url-safe,unpadded,11,15,381300,15921110,251.238525,ssse3-sse4.1,avx512-vbmi,avx512-vbmi,x86_64,linux,0
1,commit-3-amd-9950x3d,run-2,0,base64-ng,encode,url-safe,unpadded,11,15,381300,13844561,288.921851,avx2,avx512-vbmi,avx512-vbmi,x86_64,linux,0
1,commit-3-amd-9950x3d,run-2,1,base64-ng,encode,url-safe,unpadded,11,15,381300,13636009,293.340682,avx2,avx512-vbmi,avx512-vbmi,x86_64,linux,0
1,commit-3-amd-9950x3d,run-2,2,base64-ng,encode,url-safe,unpadded,11,15,381300,13517826,295.905287,avx2,avx512-vbmi,avx512-vbmi,x86_64,linux,0
1,commit-3-amd-9950x3d,run-2,3,base64-ng,encode,url-safe,unpadded,11,15,381300,13513688,295.995896,avx2,avx512-vbmi,avx512-vbmi,x86_64,linux,0
1,commit-3-amd-9950x3d,run-2,4,base64-ng,encode,url-safe,unpadded,11,15,381300,13266883,301.502334,avx2,avx512-vbmi,avx512-vbmi,x86_64,linux,0
1,commit-3-amd-9950x3d,run-2,0,base64-ng,decode,url-safe,unpadded,11,15,381300,16147917,247.709732,avx2,avx512-vbmi,avx512-vbmi,x86_64,linux,0
1,commit-3-amd-9950x3d,run-2,1,base64-ng,decode,url-safe,unpadded,11,15,381300,16175730,247.283813,avx2,avx512-vbmi,avx512-vbmi,x86_64,linux,0
1,commit-3-amd-9950x3d,run-2,2,base64-ng,decode,url-safe,unpadded,11,15,381300,16272672,245.810656,avx2,avx512-vbmi,avx512-vbmi,x86_64,linux,0
1,commit-3-amd-9950x3d,run-2,3,base64-ng,decode,url-safe,unpadded,11,15,381300,16374804,244.277500,avx2,avx512-vbmi,avx512-vbmi,x86_64,linux,0
1,commit-3-amd-9950x3d,run-2,4,base64-ng,decode,url-safe,unpadded,11,15,381300,16254818,246.080650,avx2,avx512-vbmi,avx512-vbmi,x86_64,linux,0
1,commit-3-amd-9950x3d,run-2,0,base64-ng,encode,url-safe,unpadded,11,15,381300,13641158,293.229958,avx512-vbmi,avx512-vbmi,avx512-vbmi,x86_64,linux,0
1,commit-3-amd-9950x3d,run-2,1,base64-ng,encode,url-safe,unpadded,11,15,381300,13694238,292.093374,avx512-vbmi,avx512-vbmi,avx512-vbmi,x86_64,linux,0
1,commit-3-amd-9950x3d,run-2,2,base64-ng,encode,url-safe,unpadded,11,15,381300,13715719,291.635910,avx512-vbmi,avx512-vbmi,avx512-vbmi,x86_64,linux,0
1,commit-3-amd-9950x3d,run-2,3,base64-ng,encode,url-safe,unpadded,11,15,381300,13702914,291.908435,avx512-vbmi,avx512-vbmi,avx512-vbmi,x86_64,linux,0
1,commit-3-amd-9950x3d,run-2,4,base64-ng,encode,url-safe,unpadded,11,15,381300,13577037,294.614811,avx512-vbmi,avx512-vbmi,avx512-vbmi,x86_64,linux,0
1,commit-3-amd-9950x3d,run-2,0,base64-ng,decode,url-safe,unpadded,11,15,381300,16792661,238.199067,avx512-vbmi,avx512-vbmi,avx512-vbmi,x86_64,linux,0
1,commit-3-amd-9950x3d,run-2,1,base64-ng,decode,url-safe,unpadded,11,15,381300,16777893,238.408731,avx512-vbmi,avx512-vbmi,avx512-vbmi,x86_64,linux,0
1,commit-3-amd-9950x3d,run-2,2,base64-ng,decode,url-safe,unpadded,11,15,381300,16733659,239.038945,avx512-vbmi,avx512-vbmi,avx512-vbmi,x86_64,linux,0
1,commit-3-amd-9950x3d,run-2,3,base64-ng,decode,url-safe,unpadded,11,15,381300,16714945,239.306572,avx512-vbmi,avx512-vbmi,avx512-vbmi,x86_64,linux,0
1,commit-3-amd-9950x3d,run-2,4,base64-ng,decode,url-safe,unpadded,11,15,381300,16837335,237.567061,avx512-vbmi,avx512-vbmi,avx512-vbmi,x86_64,linux,0
1,commit-3-amd-9950x3d,run-2,0,base64-0.23.0,encode,url-safe,unpadded,11,15,381300,3630995,1101.625363,external,avx512-vbmi,avx512-vbmi,x86_64,linux,0
1,commit-3-amd-9950x3d,run-2,1,base64-0.23.0,encode,url-safe,unpadded,11,15,381300,3702008,1080.493663,external,avx512-vbmi,avx512-vbmi,x86_64,linux,0
1,commit-3-amd-9950x3d,run-2,2,base64-0.23.0,encode,url-safe,unpadded,11,15,381300,3659579,1093.020860,external,avx512-vbmi,avx512-vbmi,x86_64,linux,0
1,commit-3-amd-9950x3d,run-2,3,base64-0.23.0,encode,url-safe,unpadded,11,15,381300,3621478,1104.520360,external,avx512-vbmi,avx512-vbmi,x86_64,linux,0
1,commit-3-amd-9950x3d,run-2,4,base64-0.23.0,encode,url-safe,unpadded,11,15,381300,3621867,1104.401731,external,avx512-vbmi,avx512-vbmi,x86_64,linux,0
1,commit-3-amd-9950x3d,run-2,0,base64-0.23.0,decode,url-safe,unpadded,11,15,381300,5760864,694.339631,external,avx512-vbmi,avx512-vbmi,x86_64,linux,0
1,commit-3-amd-9950x3d,run-2,1,base64-0.23.0,decode,url-safe,unpadded,11,15,381300,5643444,708.786370,external,avx512-vbmi,avx512-vbmi,x86_64,linux,0
1,commit-3-amd-9950x3d,run-2,2,base64-0.23.0,decode,url-safe,unpadded,11,15,381300,5652050,707.707148,external,avx512-vbmi,avx512-vbmi,x86_64,linux,0
1,commit-3-amd-9950x3d,run-2,3,base64-0.23.0,decode,url-safe,unpadded,11,15,381300,5725197,698.665249,external,avx512-vbmi,avx512-vbmi,x86_64,linux,0
1,commit-3-amd-9950x3d,run-2,4,base64-0.23.0,decode,url-safe,unpadded,11,15,381300,5625880,710.999201,external,avx512-vbmi,avx512-vbmi,x86_64,linux,0
1,commit-3-amd-9950x3d,run-2,0,base64ct-1.8.3,encode,url-safe,unpadded,11,15,381300,3755359,1065.143488,external,avx512-vbmi,avx512-vbmi,x86_64,linux,0
1,commit-3-amd-9950x3d,run-2,1,base64ct-1.8.3,encode,url-safe,unpadded,11,15,381300,3822806,1046.350818,external,avx512-vbmi,avx512-vbmi,x86_64,linux,0
1,commit-3-amd-9950x3d,run-2,2,base64ct-1.8.3,encode,url-safe,unpadded,11,15,381300,3766029,1062.125699,external,avx512-vbmi,avx512-vbmi,x86_64,linux,0
1,commit-3-amd-9950x3d,run-2,3,base64ct-1.8.3,encode,url-safe,unpadded,11,15,381300,3763815,1062.750477,external,avx512-vbmi,avx512-vbmi,x86_64,linux,0
1,commit-3-amd-9950x3d,run-2,4,base64ct-1.8.3,encode,url-safe,unpadded,11,15,381300,3815722,1048.293399,external,avx512-vbmi,avx512-vbmi,x86_64,linux,0
1,commit-3-amd-9950x3d,run-2,0,base64ct-1.8.3,decode,url-safe,unpadded,11,15,381300,13895918,287.854044,external,avx512-vbmi,avx512-vbmi,x86_64,linux,0
1,commit-3-amd-9950x3d,run-2,1,base64ct-1.8.3,decode,url-safe,unpadded,11,15,381300,13692104,292.138899,external,avx512-vbmi,avx512-vbmi,x86_64,linux,0
1,commit-3-amd-9950x3d,run-2,2,base64ct-1.8.3,decode,url-safe,unpadded,11,15,381300,13680572,292.385157,external,avx512-vbmi,avx512-vbmi,x86_64,linux,0
1,commit-3-amd-9950x3d,run-2,3,base64ct-1.8.3,decode,url-safe,unpadded,11,15,381300,13562621,294.927963,external,avx512-vbmi,avx512-vbmi,x86_64,linux,0
1,commit-3-amd-9950x3d,run-2,4,base64ct-1.8.3,decode,url-safe,unpadded,11,15,381300,13542372,295.368949,external,avx512-vbmi,avx512-vbmi,x86_64,linux,0
1,commit-3-amd-9950x3d,run-2,0,base64-ng,encode,url-safe,unpadded,12,16,349525,13172396,303.665042,auto,avx512-vbmi,avx512-vbmi,x86_64,linux,0
1,commit-3-amd-9950x3d,run-2,1,base64-ng,encode,url-safe,unpadded,12,16,349525,13202692,302.968227,auto,avx512-vbmi,avx512-vbmi,x86_64,linux,0
1,commit-3-amd-9950x3d,run-2,2,base64-ng,encode,url-safe,unpadded,12,16,349525,13108045,305.155817,auto,avx512-vbmi,avx512-vbmi,x86_64,linux,0
1,commit-3-amd-9950x3d,run-2,3,base64-ng,encode,url-safe,unpadded,12,16,349525,13165163,303.831877,auto,avx512-vbmi,avx512-vbmi,x86_64,linux,0
1,commit-3-amd-9950x3d,run-2,4,base64-ng,encode,url-safe,unpadded,12,16,349525,13072919,305.975749,auto,avx512-vbmi,avx512-vbmi,x86_64,linux,0
1,commit-3-amd-9950x3d,run-2,0,base64-ng,decode,url-safe,unpadded,12,16,349525,58561917,68.303710,auto,avx512-vbmi,avx512-vbmi,x86_64,linux,0
1,commit-3-amd-9950x3d,run-2,1,base64-ng,decode,url-safe,unpadded,12,16,349525,57858063,69.134637,auto,avx512-vbmi,avx512-vbmi,x86_64,linux,0
1,commit-3-amd-9950x3d,run-2,2,base64-ng,decode,url-safe,unpadded,12,16,349525,57954234,69.019913,auto,avx512-vbmi,avx512-vbmi,x86_64,linux,0
1,commit-3-amd-9950x3d,run-2,3,base64-ng,decode,url-safe,unpadded,12,16,349525,57661022,69.370886,auto,avx512-vbmi,avx512-vbmi,x86_64,linux,0
1,commit-3-amd-9950x3d,run-2,4,base64-ng,decode,url-safe,unpadded,12,16,349525,57758896,69.253335,auto,avx512-vbmi,avx512-vbmi,x86_64,linux,0
1,commit-3-amd-9950x3d,run-2,0,base64-ng,encode,url-safe,unpadded,12,16,349525,12699165,314.981039,scalar,avx512-vbmi,avx512-vbmi,x86_64,linux,0
1,commit-3-amd-9950x3d,run-2,1,base64-ng,encode,url-safe,unpadded,12,16,349525,12535808,319.085629,scalar,avx512-vbmi,avx512-vbmi,x86_64,linux,0
1,commit-3-amd-9950x3d,run-2,2,base64-ng,encode,url-safe,unpadded,12,16,349525,12561706,318.427782,scalar,avx512-vbmi,avx512-vbmi,x86_64,linux,0
1,commit-3-amd-9950x3d,run-2,3,base64-ng,encode,url-safe,unpadded,12,16,349525,12544474,318.865198,scalar,avx512-vbmi,avx512-vbmi,x86_64,linux,0
1,commit-3-amd-9950x3d,run-2,4,base64-ng,encode,url-safe,unpadded,12,16,349525,12520057,319.487059,scalar,avx512-vbmi,avx512-vbmi,x86_64,linux,0
1,commit-3-amd-9950x3d,run-2,0,base64-ng,decode,url-safe,unpadded,12,16,349525,14912992,268.222244,scalar,avx512-vbmi,avx512-vbmi,x86_64,linux,0
1,commit-3-amd-9950x3d,run-2,1,base64-ng,decode,url-safe,unpadded,12,16,349525,14933651,267.851190,scalar,avx512-vbmi,avx512-vbmi,x86_64,linux,0
1,commit-3-amd-9950x3d,run-2,2,base64-ng,decode,url-safe,unpadded,12,16,349525,14904226,268.380001,scalar,avx512-vbmi,avx512-vbmi,x86_64,linux,0
1,commit-3-amd-9950x3d,run-2,3,base64-ng,decode,url-safe,unpadded,12,16,349525,14910929,268.259354,scalar,avx512-vbmi,avx512-vbmi,x86_64,linux,0
1,commit-3-amd-9950x3d,run-2,4,base64-ng,decode,url-safe,unpadded,12,16,349525,14903124,268.399846,scalar,avx512-vbmi,avx512-vbmi,x86_64,linux,0
1,commit-3-amd-9950x3d,run-2,0,base64-ng,encode,url-safe,unpadded,12,16,349525,18694311,213.968634,ssse3-sse4.1,avx512-vbmi,avx512-vbmi,x86_64,linux,0
1,commit-3-amd-9950x3d,run-2,1,base64-ng,encode,url-safe,unpadded,12,16,349525,18686987,214.052495,ssse3-sse4.1,avx512-vbmi,avx512-vbmi,x86_64,linux,0
1,commit-3-amd-9950x3d,run-2,2,base64-ng,encode,url-safe,unpadded,12,16,349525,18757639,213.246251,ssse3-sse4.1,avx512-vbmi,avx512-vbmi,x86_64,linux,0
1,commit-3-amd-9950x3d,run-2,3,base64-ng,encode,url-safe,unpadded,12,16,349525,18727052,213.594547,ssse3-sse4.1,avx512-vbmi,avx512-vbmi,x86_64,linux,0
1,commit-3-amd-9950x3d,run-2,4,base64-ng,encode,url-safe,unpadded,12,16,349525,18461121,216.671360,ssse3-sse4.1,avx512-vbmi,avx512-vbmi,x86_64,linux,0
1,commit-3-amd-9950x3d,run-2,0,base64-ng,decode,url-safe,unpadded,12,16,349525,55744204,71.756271,ssse3-sse4.1,avx512-vbmi,avx512-vbmi,x86_64,linux,0
1,commit-3-amd-9950x3d,run-2,1,base64-ng,decode,url-safe,unpadded,12,16,349525,55181505,72.487986,ssse3-sse4.1,avx512-vbmi,avx512-vbmi,x86_64,linux,0
1,commit-3-amd-9950x3d,run-2,2,base64-ng,decode,url-safe,unpadded,12,16,349525,55270662,72.371056,ssse3-sse4.1,avx512-vbmi,avx512-vbmi,x86_64,linux,0
1,commit-3-amd-9950x3d,run-2,3,base64-ng,decode,url-safe,unpadded,12,16,349525,55116341,72.573689,ssse3-sse4.1,avx512-vbmi,avx512-vbmi,x86_64,linux,0
1,commit-3-amd-9950x3d,run-2,4,base64-ng,decode,url-safe,unpadded,12,16,349525,55171616,72.500979,ssse3-sse4.1,avx512-vbmi,avx512-vbmi,x86_64,linux,0
1,commit-3-amd-9950x3d,run-2,0,base64-ng,encode,url-safe,unpadded,12,16,349525,12913068,309.763426,avx2,avx512-vbmi,avx512-vbmi,x86_64,linux,0
1,commit-3-amd-9950x3d,run-2,1,base64-ng,encode,url-safe,unpadded,12,16,349525,12926834,309.433554,avx2,avx512-vbmi,avx512-vbmi,x86_64,linux,0
1,commit-3-amd-9950x3d,run-2,2,base64-ng,encode,url-safe,unpadded,12,16,349525,12944437,309.012759,avx2,avx512-vbmi,avx512-vbmi,x86_64,linux,0
1,commit-3-amd-9950x3d,run-2,3,base64-ng,encode,url-safe,unpadded,12,16,349525,12938546,309.153454,avx2,avx512-vbmi,avx512-vbmi,x86_64,linux,0
1,commit-3-amd-9950x3d,run-2,4,base64-ng,encode,url-safe,unpadded,12,16,349525,12927525,309.417014,avx2,avx512-vbmi,avx512-vbmi,x86_64,linux,0
1,commit-3-amd-9950x3d,run-2,0,base64-ng,decode,url-safe,unpadded,12,16,349525,55545259,72.013278,avx2,avx512-vbmi,avx512-vbmi,x86_64,linux,0
1,commit-3-amd-9950x3d,run-2,1,base64-ng,decode,url-safe,unpadded,12,16,349525,55494283,72.079428,avx2,avx512-vbmi,avx512-vbmi,x86_64,linux,0
1,commit-3-amd-9950x3d,run-2,2,base64-ng,decode,url-safe,unpadded,12,16,349525,55598659,71.944113,avx2,avx512-vbmi,avx512-vbmi,x86_64,linux,0
1,commit-3-amd-9950x3d,run-2,3,base64-ng,decode,url-safe,unpadded,12,16,349525,55623637,71.911806,avx2,avx512-vbmi,avx512-vbmi,x86_64,linux,0
1,commit-3-amd-9950x3d,run-2,4,base64-ng,decode,url-safe,unpadded,12,16,349525,55407159,72.192768,avx2,avx512-vbmi,avx512-vbmi,x86_64,linux,0
1,commit-3-amd-9950x3d,run-2,0,base64-ng,encode,url-safe,unpadded,12,16,349525,13158329,303.989677,avx512-vbmi,avx512-vbmi,avx512-vbmi,x86_64,linux,0
1,commit-3-amd-9950x3d,run-2,1,base64-ng,encode,url-safe,unpadded,12,16,349525,13163549,303.869130,avx512-vbmi,avx512-vbmi,avx512-vbmi,x86_64,linux,0
1,commit-3-amd-9950x3d,run-2,2,base64-ng,encode,url-safe,unpadded,12,16,349525,13171945,303.675439,avx512-vbmi,avx512-vbmi,avx512-vbmi,x86_64,linux,0
1,commit-3-amd-9950x3d,run-2,3,base64-ng,encode,url-safe,unpadded,12,16,349525,13164851,303.839078,avx512-vbmi,avx512-vbmi,avx512-vbmi,x86_64,linux,0
1,commit-3-amd-9950x3d,run-2,4,base64-ng,encode,url-safe,unpadded,12,16,349525,13154072,304.088056,avx512-vbmi,avx512-vbmi,avx512-vbmi,x86_64,linux,0
1,commit-3-amd-9950x3d,run-2,0,base64-ng,decode,url-safe,unpadded,12,16,349525,56211303,71.159998,avx512-vbmi,avx512-vbmi,avx512-vbmi,x86_64,linux,0
1,commit-3-amd-9950x3d,run-2,1,base64-ng,decode,url-safe,unpadded,12,16,349525,55902511,71.553068,avx512-vbmi,avx512-vbmi,avx512-vbmi,x86_64,linux,0
1,commit-3-amd-9950x3d,run-2,2,base64-ng,decode,url-safe,unpadded,12,16,349525,56100354,71.300730,avx512-vbmi,avx512-vbmi,avx512-vbmi,x86_64,linux,0
1,commit-3-amd-9950x3d,run-2,3,base64-ng,decode,url-safe,unpadded,12,16,349525,55876733,71.586078,avx512-vbmi,avx512-vbmi,avx512-vbmi,x86_64,linux,0
1,commit-3-amd-9950x3d,run-2,4,base64-ng,decode,url-safe,unpadded,12,16,349525,56005586,71.421379,avx512-vbmi,avx512-vbmi,avx512-vbmi,x86_64,linux,0
1,commit-3-amd-9950x3d,run-2,0,base64-0.23.0,encode,url-safe,unpadded,12,16,349525,3255859,1228.553259,external,avx512-vbmi,avx512-vbmi,x86_64,linux,0
1,commit-3-amd-9950x3d,run-2,1,base64-0.23.0,encode,url-safe,unpadded,12,16,349525,3268353,1223.856843,external,avx512-vbmi,avx512-vbmi,x86_64,linux,0
1,commit-3-amd-9950x3d,run-2,2,base64-0.23.0,encode,url-safe,unpadded,12,16,349525,3246051,1232.265354,external,avx512-vbmi,avx512-vbmi,x86_64,linux,0
1,commit-3-amd-9950x3d,run-2,3,base64-0.23.0,encode,url-safe,unpadded,12,16,349525,3288711,1216.280842,external,avx512-vbmi,avx512-vbmi,x86_64,linux,0
1,commit-3-amd-9950x3d,run-2,4,base64-0.23.0,encode,url-safe,unpadded,12,16,349525,3294762,1214.047080,external,avx512-vbmi,avx512-vbmi,x86_64,linux,0
1,commit-3-amd-9950x3d,run-2,0,base64-0.23.0,decode,url-safe,unpadded,12,16,349525,5302522,754.357301,external,avx512-vbmi,avx512-vbmi,x86_64,linux,0
1,commit-3-amd-9950x3d,run-2,1,base64-0.23.0,decode,url-safe,unpadded,12,16,349525,5296390,755.230673,external,avx512-vbmi,avx512-vbmi,x86_64,linux,0
1,commit-3-amd-9950x3d,run-2,2,base64-0.23.0,decode,url-safe,unpadded,12,16,349525,5262556,760.086199,external,avx512-vbmi,avx512-vbmi,x86_64,linux,0
1,commit-3-amd-9950x3d,run-2,3,base64-0.23.0,decode,url-safe,unpadded,12,16,349525,5278827,757.743375,external,avx512-vbmi,avx512-vbmi,x86_64,linux,0
1,commit-3-amd-9950x3d,run-2,4,base64-0.23.0,decode,url-safe,unpadded,12,16,349525,5278716,757.759308,external,avx512-vbmi,avx512-vbmi,x86_64,linux,0
1,commit-3-amd-9950x3d,run-2,0,base64ct-1.8.3,encode,url-safe,unpadded,12,16,349525,3701007,1080.785901,external,avx512-vbmi,avx512-vbmi,x86_64,linux,0
1,commit-3-amd-9950x3d,run-2,1,base64ct-1.8.3,encode,url-safe,unpadded,12,16,349525,3693923,1082.858572,external,avx512-vbmi,avx512-vbmi,x86_64,linux,0
1,commit-3-amd-9950x3d,run-2,2,base64ct-1.8.3,encode,url-safe,unpadded,12,16,349525,3701518,1080.636697,external,avx512-vbmi,avx512-vbmi,x86_64,linux,0
1,commit-3-amd-9950x3d,run-2,3,base64ct-1.8.3,encode,url-safe,unpadded,12,16,349525,3712839,1077.341674,external,avx512-vbmi,avx512-vbmi,x86_64,linux,0
1,commit-3-amd-9950x3d,run-2,4,base64ct-1.8.3,encode,url-safe,unpadded,12,16,349525,3704994,1079.622851,external,avx512-vbmi,avx512-vbmi,x86_64,linux,0
1,commit-3-amd-9950x3d,run-2,0,base64ct-1.8.3,decode,url-safe,unpadded,12,16,349525,9425613,424.375177,external,avx512-vbmi,avx512-vbmi,x86_64,linux,0
1,commit-3-amd-9950x3d,run-2,1,base64ct-1.8.3,decode,url-safe,unpadded,12,16,349525,9410384,425.061951,external,avx512-vbmi,avx512-vbmi,x86_64,linux,0
1,commit-3-amd-9950x3d,run-2,2,base64ct-1.8.3,decode,url-safe,unpadded,12,16,349525,9411917,424.992718,external,avx512-vbmi,avx512-vbmi,x86_64,linux,0
1,commit-3-amd-9950x3d,run-2,3,base64ct-1.8.3,decode,url-safe,unpadded,12,16,349525,9399403,425.558537,external,avx512-vbmi,avx512-vbmi,x86_64,linux,0
1,commit-3-amd-9950x3d,run-2,4,base64ct-1.8.3,decode,url-safe,unpadded,12,16,349525,9415544,424.829005,external,avx512-vbmi,avx512-vbmi,x86_64,linux,0
1,commit-3-amd-9950x3d,run-2,0,base64-ng,encode,url-safe,unpadded,15,20,279620,12511021,319.717806,auto,avx512-vbmi,avx512-vbmi,x86_64,linux,0
1,commit-3-amd-9950x3d,run-2,1,base64-ng,encode,url-safe,unpadded,15,20,279620,12472238,320.711983,auto,avx512-vbmi,avx512-vbmi,x86_64,linux,0
1,commit-3-amd-9950x3d,run-2,2,base64-ng,encode,url-safe,unpadded,15,20,279620,12456429,321.119013,auto,avx512-vbmi,avx512-vbmi,x86_64,linux,0
1,commit-3-amd-9950x3d,run-2,3,base64-ng,encode,url-safe,unpadded,15,20,279620,12464063,320.922334,auto,avx512-vbmi,avx512-vbmi,x86_64,linux,0
1,commit-3-amd-9950x3d,run-2,4,base64-ng,encode,url-safe,unpadded,15,20,279620,12457219,321.098649,auto,avx512-vbmi,avx512-vbmi,x86_64,linux,0
1,commit-3-amd-9950x3d,run-2,0,base64-ng,decode,url-safe,unpadded,15,20,279620,48617689,82.274503,auto,avx512-vbmi,avx512-vbmi,x86_64,linux,0
1,commit-3-amd-9950x3d,run-2,1,base64-ng,decode,url-safe,unpadded,15,20,279620,48454141,82.552205,auto,avx512-vbmi,avx512-vbmi,x86_64,linux,0
1,commit-3-amd-9950x3d,run-2,2,base64-ng,decode,url-safe,unpadded,15,20,279620,48354864,82.721692,auto,avx512-vbmi,avx512-vbmi,x86_64,linux,0
1,commit-3-amd-9950x3d,run-2,3,base64-ng,decode,url-safe,unpadded,15,20,279620,48395510,82.652217,auto,avx512-vbmi,avx512-vbmi,x86_64,linux,0
1,commit-3-amd-9950x3d,run-2,4,base64-ng,decode,url-safe,unpadded,15,20,279620,48587853,82.325024,auto,avx512-vbmi,avx512-vbmi,x86_64,linux,0
1,commit-3-amd-9950x3d,run-2,0,base64-ng,encode,url-safe,unpadded,15,20,279620,12119074,330.057906,scalar,avx512-vbmi,avx512-vbmi,x86_64,linux,0
1,commit-3-amd-9950x3d,run-2,1,base64-ng,encode,url-safe,unpadded,15,20,279620,12118031,330.086314,scalar,avx512-vbmi,avx512-vbmi,x86_64,linux,0
1,commit-3-amd-9950x3d,run-2,2,base64-ng,encode,url-safe,unpadded,15,20,279620,12135494,329.611319,scalar,avx512-vbmi,avx512-vbmi,x86_64,linux,0
1,commit-3-amd-9950x3d,run-2,3,base64-ng,encode,url-safe,unpadded,15,20,279620,12127950,329.816349,scalar,avx512-vbmi,avx512-vbmi,x86_64,linux,0
1,commit-3-amd-9950x3d,run-2,4,base64-ng,encode,url-safe,unpadded,15,20,279620,12126136,329.865687,scalar,avx512-vbmi,avx512-vbmi,x86_64,linux,0
1,commit-3-amd-9950x3d,run-2,0,base64-ng,decode,url-safe,unpadded,15,20,279620,14528989,275.311392,scalar,avx512-vbmi,avx512-vbmi,x86_64,linux,0
1,commit-3-amd-9950x3d,run-2,1,base64-ng,decode,url-safe,unpadded,15,20,279620,14520223,275.477600,scalar,avx512-vbmi,avx512-vbmi,x86_64,linux,0
1,commit-3-amd-9950x3d,run-2,2,base64-ng,decode,url-safe,unpadded,15,20,279620,14525453,275.378412,scalar,avx512-vbmi,avx512-vbmi,x86_64,linux,0
1,commit-3-amd-9950x3d,run-2,3,base64-ng,decode,url-safe,unpadded,15,20,279620,14508200,275.705889,scalar,avx512-vbmi,avx512-vbmi,x86_64,linux,0
1,commit-3-amd-9950x3d,run-2,4,base64-ng,decode,url-safe,unpadded,15,20,279620,14508992,275.690840,scalar,avx512-vbmi,avx512-vbmi,x86_64,linux,0
1,commit-3-amd-9950x3d,run-2,0,base64-ng,encode,url-safe,unpadded,15,20,279620,16773695,238.468399,ssse3-sse4.1,avx512-vbmi,avx512-vbmi,x86_64,linux,0
1,commit-3-amd-9950x3d,run-2,1,base64-ng,encode,url-safe,unpadded,15,20,279620,16711919,239.349903,ssse3-sse4.1,avx512-vbmi,avx512-vbmi,x86_64,linux,0
1,commit-3-amd-9950x3d,run-2,2,base64-ng,encode,url-safe,unpadded,15,20,279620,16715385,239.300272,ssse3-sse4.1,avx512-vbmi,avx512-vbmi,x86_64,linux,0
1,commit-3-amd-9950x3d,run-2,3,base64-ng,encode,url-safe,unpadded,15,20,279620,16736274,239.001595,ssse3-sse4.1,avx512-vbmi,avx512-vbmi,x86_64,linux,0
1,commit-3-amd-9950x3d,run-2,4,base64-ng,encode,url-safe,unpadded,15,20,279620,16723240,239.187872,ssse3-sse4.1,avx512-vbmi,avx512-vbmi,x86_64,linux,0
1,commit-3-amd-9950x3d,run-2,0,base64-ng,decode,url-safe,unpadded,15,20,279620,47755625,83.759687,ssse3-sse4.1,avx512-vbmi,avx512-vbmi,x86_64,linux,0
1,commit-3-amd-9950x3d,run-2,1,base64-ng,decode,url-safe,unpadded,15,20,279620,47795842,83.689208,ssse3-sse4.1,avx512-vbmi,avx512-vbmi,x86_64,linux,0
1,commit-3-amd-9950x3d,run-2,2,base64-ng,decode,url-safe,unpadded,15,20,279620,47719949,83.822306,ssse3-sse4.1,avx512-vbmi,avx512-vbmi,x86_64,linux,0
1,commit-3-amd-9950x3d,run-2,3,base64-ng,decode,url-safe,unpadded,15,20,279620,47708087,83.843148,ssse3-sse4.1,avx512-vbmi,avx512-vbmi,x86_64,linux,0
1,commit-3-amd-9950x3d,run-2,4,base64-ng,decode,url-safe,unpadded,15,20,279620,47739957,83.787176,ssse3-sse4.1,avx512-vbmi,avx512-vbmi,x86_64,linux,0
1,commit-3-amd-9950x3d,run-2,0,base64-ng,encode,url-safe,unpadded,15,20,279620,12465304,320.890384,avx2,avx512-vbmi,avx512-vbmi,x86_64,linux,0
1,commit-3-amd-9950x3d,run-2,1,base64-ng,encode,url-safe,unpadded,15,20,279620,12456468,321.118008,avx2,avx512-vbmi,avx512-vbmi,x86_64,linux,0
1,commit-3-amd-9950x3d,run-2,2,base64-ng,encode,url-safe,unpadded,15,20,279620,12470264,320.762751,avx2,avx512-vbmi,avx512-vbmi,x86_64,linux,0
1,commit-3-amd-9950x3d,run-2,3,base64-ng,encode,url-safe,unpadded,15,20,279620,12471817,320.722809,avx2,avx512-vbmi,avx512-vbmi,x86_64,linux,0
1,commit-3-amd-9950x3d,run-2,4,base64-ng,encode,url-safe,unpadded,15,20,279620,12465886,320.875402,avx2,avx512-vbmi,avx512-vbmi,x86_64,linux,0
1,commit-3-amd-9950x3d,run-2,0,base64-ng,decode,url-safe,unpadded,15,20,279620,47967805,83.389185,avx2,avx512-vbmi,avx512-vbmi,x86_64,linux,0
1,commit-3-amd-9950x3d,run-2,1,base64-ng,decode,url-safe,unpadded,15,20,279620,47956684,83.408523,avx2,avx512-vbmi,avx512-vbmi,x86_64,linux,0
1,commit-3-amd-9950x3d,run-2,2,base64-ng,decode,url-safe,unpadded,15,20,279620,47873127,83.554103,avx2,avx512-vbmi,avx512-vbmi,x86_64,linux,0
1,commit-3-amd-9950x3d,run-2,3,base64-ng,decode,url-safe,unpadded,15,20,279620,48045251,83.254767,avx2,avx512-vbmi,avx512-vbmi,x86_64,linux,0
1,commit-3-amd-9950x3d,run-2,4,base64-ng,decode,url-safe,unpadded,15,20,279620,48056362,83.235518,avx2,avx512-vbmi,avx512-vbmi,x86_64,linux,0
1,commit-3-amd-9950x3d,run-2,0,base64-ng,encode,url-safe,unpadded,15,20,279620,12637649,316.514265,avx512-vbmi,avx512-vbmi,avx512-vbmi,x86_64,linux,0
1,commit-3-amd-9950x3d,run-2,1,base64-ng,encode,url-safe,unpadded,15,20,279620,12642359,316.396345,avx512-vbmi,avx512-vbmi,avx512-vbmi,x86_64,linux,0
1,commit-3-amd-9950x3d,run-2,2,base64-ng,encode,url-safe,unpadded,15,20,279620,12639673,316.463581,avx512-vbmi,avx512-vbmi,avx512-vbmi,x86_64,linux,0
1,commit-3-amd-9950x3d,run-2,3,base64-ng,encode,url-safe,unpadded,15,20,279620,12635755,316.561708,avx512-vbmi,avx512-vbmi,avx512-vbmi,x86_64,linux,0
1,commit-3-amd-9950x3d,run-2,4,base64-ng,encode,url-safe,unpadded,15,20,279620,12647899,316.257758,avx512-vbmi,avx512-vbmi,avx512-vbmi,x86_64,linux,0
1,commit-3-amd-9950x3d,run-2,0,base64-ng,decode,url-safe,unpadded,15,20,279620,48467716,82.529084,avx512-vbmi,avx512-vbmi,avx512-vbmi,x86_64,linux,0
1,commit-3-amd-9950x3d,run-2,1,base64-ng,decode,url-safe,unpadded,15,20,279620,48360745,82.711633,avx512-vbmi,avx512-vbmi,avx512-vbmi,x86_64,linux,0
1,commit-3-amd-9950x3d,run-2,2,base64-ng,decode,url-safe,unpadded,15,20,279620,48450233,82.558864,avx512-vbmi,avx512-vbmi,avx512-vbmi,x86_64,linux,0
1,commit-3-amd-9950x3d,run-2,3,base64-ng,decode,url-safe,unpadded,15,20,279620,48233907,82.929135,avx512-vbmi,avx512-vbmi,avx512-vbmi,x86_64,linux,0
1,commit-3-amd-9950x3d,run-2,4,base64-ng,decode,url-safe,unpadded,15,20,279620,48352680,82.725429,avx512-vbmi,avx512-vbmi,avx512-vbmi,x86_64,linux,0
1,commit-3-amd-9950x3d,run-2,0,base64-0.23.0,encode,url-safe,unpadded,15,20,279620,2860975,1398.123432,external,avx512-vbmi,avx512-vbmi,x86_64,linux,0
1,commit-3-amd-9950x3d,run-2,1,base64-0.23.0,encode,url-safe,unpadded,15,20,279620,2887235,1385.407210,external,avx512-vbmi,avx512-vbmi,x86_64,linux,0
1,commit-3-amd-9950x3d,run-2,2,base64-0.23.0,encode,url-safe,unpadded,15,20,279620,2878108,1389.800586,external,avx512-vbmi,avx512-vbmi,x86_64,linux,0
1,commit-3-amd-9950x3d,run-2,3,base64-0.23.0,encode,url-safe,unpadded,15,20,279620,2875312,1391.152051,external,avx512-vbmi,avx512-vbmi,x86_64,linux,0
1,commit-3-amd-9950x3d,run-2,4,base64-0.23.0,encode,url-safe,unpadded,15,20,279620,2842080,1407.418576,external,avx512-vbmi,avx512-vbmi,x86_64,linux,0
1,commit-3-amd-9950x3d,run-2,0,base64-0.23.0,decode,url-safe,unpadded,15,20,279620,4567778,875.698465,external,avx512-vbmi,avx512-vbmi,x86_64,linux,0
1,commit-3-amd-9950x3d,run-2,1,base64-0.23.0,decode,url-safe,unpadded,15,20,279620,4555496,878.059422,external,avx512-vbmi,avx512-vbmi,x86_64,linux,0
1,commit-3-amd-9950x3d,run-2,2,base64-0.23.0,decode,url-safe,unpadded,15,20,279620,4546789,879.740886,external,avx512-vbmi,avx512-vbmi,x86_64,linux,0
1,commit-3-amd-9950x3d,run-2,3,base64-0.23.0,decode,url-safe,unpadded,15,20,279620,4569151,875.435324,external,avx512-vbmi,avx512-vbmi,x86_64,linux,0
1,commit-3-amd-9950x3d,run-2,4,base64-0.23.0,decode,url-safe,unpadded,15,20,279620,4537181,881.603838,external,avx512-vbmi,avx512-vbmi,x86_64,linux,0
1,commit-3-amd-9950x3d,run-2,0,base64ct-1.8.3,encode,url-safe,unpadded,15,20,279620,3292688,1214.811785,external,avx512-vbmi,avx512-vbmi,x86_64,linux,0
1,commit-3-amd-9950x3d,run-2,1,base64ct-1.8.3,encode,url-safe,unpadded,15,20,279620,3296775,1213.305787,external,avx512-vbmi,avx512-vbmi,x86_64,linux,0
1,commit-3-amd-9950x3d,run-2,2,base64ct-1.8.3,encode,url-safe,unpadded,15,20,279620,3297528,1213.028725,external,avx512-vbmi,avx512-vbmi,x86_64,linux,0
1,commit-3-amd-9950x3d,run-2,3,base64ct-1.8.3,encode,url-safe,unpadded,15,20,279620,3289632,1215.940320,external,avx512-vbmi,avx512-vbmi,x86_64,linux,0
1,commit-3-amd-9950x3d,run-2,4,base64ct-1.8.3,encode,url-safe,unpadded,15,20,279620,3291586,1215.218495,external,avx512-vbmi,avx512-vbmi,x86_64,linux,0
1,commit-3-amd-9950x3d,run-2,0,base64ct-1.8.3,decode,url-safe,unpadded,15,20,279620,8409921,475.628271,external,avx512-vbmi,avx512-vbmi,x86_64,linux,0
1,commit-3-amd-9950x3d,run-2,1,base64ct-1.8.3,decode,url-safe,unpadded,15,20,279620,8397197,476.348975,external,avx512-vbmi,avx512-vbmi,x86_64,linux,0
1,commit-3-amd-9950x3d,run-2,2,base64ct-1.8.3,decode,url-safe,unpadded,15,20,279620,8391437,476.675948,external,avx512-vbmi,avx512-vbmi,x86_64,linux,0
1,commit-3-amd-9950x3d,run-2,3,base64ct-1.8.3,decode,url-safe,unpadded,15,20,279620,8389161,476.805271,external,avx512-vbmi,avx512-vbmi,x86_64,linux,0
1,commit-3-amd-9950x3d,run-2,4,base64ct-1.8.3,decode,url-safe,unpadded,15,20,279620,8409260,475.665657,external,avx512-vbmi,avx512-vbmi,x86_64,linux,0
1,commit-3-amd-9950x3d,run-2,0,base64-ng,encode,url-safe,unpadded,16,22,262144,12417074,322.137083,auto,avx512-vbmi,avx512-vbmi,x86_64,linux,0
1,commit-3-amd-9950x3d,run-2,1,base64-ng,encode,url-safe,unpadded,16,22,262144,12341421,324.111786,auto,avx512-vbmi,avx512-vbmi,x86_64,linux,0
1,commit-3-amd-9950x3d,run-2,2,base64-ng,encode,url-safe,unpadded,16,22,262144,12337504,324.214687,auto,avx512-vbmi,avx512-vbmi,x86_64,linux,0
1,commit-3-amd-9950x3d,run-2,3,base64-ng,encode,url-safe,unpadded,16,22,262144,12323407,324.585563,auto,avx512-vbmi,avx512-vbmi,x86_64,linux,0
1,commit-3-amd-9950x3d,run-2,4,base64-ng,encode,url-safe,unpadded,16,22,262144,12320923,324.651002,auto,avx512-vbmi,avx512-vbmi,x86_64,linux,0
1,commit-3-amd-9950x3d,run-2,0,base64-ng,decode,url-safe,unpadded,16,22,262144,47460240,84.281074,auto,avx512-vbmi,avx512-vbmi,x86_64,linux,0
1,commit-3-amd-9950x3d,run-2,1,base64-ng,decode,url-safe,unpadded,16,22,262144,47336537,84.501323,auto,avx512-vbmi,avx512-vbmi,x86_64,linux,0
1,commit-3-amd-9950x3d,run-2,2,base64-ng,decode,url-safe,unpadded,16,22,262144,47205491,84.735905,auto,avx512-vbmi,avx512-vbmi,x86_64,linux,0
1,commit-3-amd-9950x3d,run-2,3,base64-ng,decode,url-safe,unpadded,16,22,262144,47251197,84.653940,auto,avx512-vbmi,avx512-vbmi,x86_64,linux,0
1,commit-3-amd-9950x3d,run-2,4,base64-ng,decode,url-safe,unpadded,16,22,262144,47176014,84.788851,auto,avx512-vbmi,avx512-vbmi,x86_64,linux,0
1,commit-3-amd-9950x3d,run-2,0,base64-ng,encode,url-safe,unpadded,16,22,262144,12103384,330.486086,scalar,avx512-vbmi,avx512-vbmi,x86_64,linux,0
1,commit-3-amd-9950x3d,run-2,1,base64-ng,encode,url-safe,unpadded,16,22,262144,12088606,330.890096,scalar,avx512-vbmi,avx512-vbmi,x86_64,linux,0
1,commit-3-amd-9950x3d,run-2,2,base64-ng,encode,url-safe,unpadded,16,22,262144,12105438,330.430010,scalar,avx512-vbmi,avx512-vbmi,x86_64,linux,0
1,commit-3-amd-9950x3d,run-2,3,base64-ng,encode,url-safe,unpadded,16,22,262144,12101350,330.541634,scalar,avx512-vbmi,avx512-vbmi,x86_64,linux,0
1,commit-3-amd-9950x3d,run-2,4,base64-ng,encode,url-safe,unpadded,16,22,262144,12092573,330.781547,scalar,avx512-vbmi,avx512-vbmi,x86_64,linux,0
1,commit-3-amd-9950x3d,run-2,0,base64-ng,decode,url-safe,unpadded,16,22,262144,14743233,271.310913,scalar,avx512-vbmi,avx512-vbmi,x86_64,linux,0
1,commit-3-amd-9950x3d,run-2,1,base64-ng,decode,url-safe,unpadded,16,22,262144,14754704,271.099983,scalar,avx512-vbmi,avx512-vbmi,x86_64,linux,0
1,commit-3-amd-9950x3d,run-2,2,base64-ng,decode,url-safe,unpadded,16,22,262144,14774080,270.744439,scalar,avx512-vbmi,avx512-vbmi,x86_64,linux,0
1,commit-3-amd-9950x3d,run-2,3,base64-ng,decode,url-safe,unpadded,16,22,262144,14782116,270.597254,scalar,avx512-vbmi,avx512-vbmi,x86_64,linux,0
1,commit-3-amd-9950x3d,run-2,4,base64-ng,decode,url-safe,unpadded,16,22,262144,14776164,270.706254,scalar,avx512-vbmi,avx512-vbmi,x86_64,linux,0
1,commit-3-amd-9950x3d,run-2,0,base64-ng,encode,url-safe,unpadded,16,22,262144,17039736,234.745421,ssse3-sse4.1,avx512-vbmi,avx512-vbmi,x86_64,linux,0
1,commit-3-amd-9950x3d,run-2,1,base64-ng,encode,url-safe,unpadded,16,22,262144,17012695,235.118539,ssse3-sse4.1,avx512-vbmi,avx512-vbmi,x86_64,linux,0
1,commit-3-amd-9950x3d,run-2,2,base64-ng,encode,url-safe,unpadded,16,22,262144,16990323,235.428132,ssse3-sse4.1,avx512-vbmi,avx512-vbmi,x86_64,linux,0
1,commit-3-amd-9950x3d,run-2,3,base64-ng,encode,url-safe,unpadded,16,22,262144,16995944,235.350269,ssse3-sse4.1,avx512-vbmi,avx512-vbmi,x86_64,linux,0
1,commit-3-amd-9950x3d,run-2,4,base64-ng,encode,url-safe,unpadded,16,22,262144,17005431,235.218972,ssse3-sse4.1,avx512-vbmi,avx512-vbmi,x86_64,linux,0
1,commit-3-amd-9950x3d,run-2,0,base64-ng,decode,url-safe,unpadded,16,22,262144,46820797,85.432121,ssse3-sse4.1,avx512-vbmi,avx512-vbmi,x86_64,linux,0
1,commit-3-amd-9950x3d,run-2,1,base64-ng,decode,url-safe,unpadded,16,22,262144,46881821,85.320918,ssse3-sse4.1,avx512-vbmi,avx512-vbmi,x86_64,linux,0
1,commit-3-amd-9950x3d,run-2,2,base64-ng,decode,url-safe,unpadded,16,22,262144,46979906,85.142784,ssse3-sse4.1,avx512-vbmi,avx512-vbmi,x86_64,linux,0
1,commit-3-amd-9950x3d,run-2,3,base64-ng,decode,url-safe,unpadded,16,22,262144,46999402,85.107466,ssse3-sse4.1,avx512-vbmi,avx512-vbmi,x86_64,linux,0
1,commit-3-amd-9950x3d,run-2,4,base64-ng,decode,url-safe,unpadded,16,22,262144,46993301,85.118515,ssse3-sse4.1,avx512-vbmi,avx512-vbmi,x86_64,linux,0
1,commit-3-amd-9950x3d,run-2,0,base64-ng,encode,url-safe,unpadded,16,22,262144,12392417,322.778034,avx2,avx512-vbmi,avx512-vbmi,x86_64,linux,0
1,commit-3-amd-9950x3d,run-2,1,base64-ng,encode,url-safe,unpadded,16,22,262144,12417986,322.113425,avx2,avx512-vbmi,avx512-vbmi,x86_64,linux,0
1,commit-3-amd-9950x3d,run-2,2,base64-ng,encode,url-safe,unpadded,16,22,262144,12409831,322.325099,avx2,avx512-vbmi,avx512-vbmi,x86_64,linux,0
1,commit-3-amd-9950x3d,run-2,3,base64-ng,encode,url-safe,unpadded,16,22,262144,12400212,322.575130,avx2,avx512-vbmi,avx512-vbmi,x86_64,linux,0
1,commit-3-amd-9950x3d,run-2,4,base64-ng,encode,url-safe,unpadded,16,22,262144,12403328,322.494092,avx2,avx512-vbmi,avx512-vbmi,x86_64,linux,0
1,commit-3-amd-9950x3d,run-2,0,base64-ng,decode,url-safe,unpadded,16,22,262144,46876791,85.330073,avx2,avx512-vbmi,avx512-vbmi,x86_64,linux,0
1,commit-3-amd-9950x3d,run-2,1,base64-ng,decode,url-safe,unpadded,16,22,262144,47064796,84.989214,avx2,avx512-vbmi,avx512-vbmi,x86_64,linux,0
1,commit-3-amd-9950x3d,run-2,2,base64-ng,decode,url-safe,unpadded,16,22,262144,47053263,85.010045,avx2,avx512-vbmi,avx512-vbmi,x86_64,linux,0
1,commit-3-amd-9950x3d,run-2,3,base64-ng,decode,url-safe,unpadded,16,22,262144,46946293,85.203745,avx2,avx512-vbmi,avx512-vbmi,x86_64,linux,0
1,commit-3-amd-9950x3d,run-2,4,base64-ng,decode,url-safe,unpadded,16,22,262144,46940501,85.214259,avx2,avx512-vbmi,avx512-vbmi,x86_64,linux,0
1,commit-3-amd-9950x3d,run-2,0,base64-ng,encode,url-safe,unpadded,16,22,262144,12539013,319.004375,avx512-vbmi,avx512-vbmi,avx512-vbmi,x86_64,linux,0
1,commit-3-amd-9950x3d,run-2,1,base64-ng,encode,url-safe,unpadded,16,22,262144,12552920,318.650959,avx512-vbmi,avx512-vbmi,avx512-vbmi,x86_64,linux,0
1,commit-3-amd-9950x3d,run-2,2,base64-ng,encode,url-safe,unpadded,16,22,262144,12562268,318.413841,avx512-vbmi,avx512-vbmi,avx512-vbmi,x86_64,linux,0
1,commit-3-amd-9950x3d,run-2,3,base64-ng,encode,url-safe,unpadded,16,22,262144,12560284,318.464137,avx512-vbmi,avx512-vbmi,avx512-vbmi,x86_64,linux,0
1,commit-3-amd-9950x3d,run-2,4,base64-ng,encode,url-safe,unpadded,16,22,262144,12563028,318.394578,avx512-vbmi,avx512-vbmi,avx512-vbmi,x86_64,linux,0
1,commit-3-amd-9950x3d,run-2,0,base64-ng,decode,url-safe,unpadded,16,22,262144,47309055,84.550410,avx512-vbmi,avx512-vbmi,avx512-vbmi,x86_64,linux,0
1,commit-3-amd-9950x3d,run-2,1,base64-ng,decode,url-safe,unpadded,16,22,262144,47350102,84.477115,avx512-vbmi,avx512-vbmi,avx512-vbmi,x86_64,linux,0
1,commit-3-amd-9950x3d,run-2,2,base64-ng,decode,url-safe,unpadded,16,22,262144,47275372,84.610651,avx512-vbmi,avx512-vbmi,avx512-vbmi,x86_64,linux,0
1,commit-3-amd-9950x3d,run-2,3,base64-ng,decode,url-safe,unpadded,16,22,262144,47199689,84.746321,avx512-vbmi,avx512-vbmi,avx512-vbmi,x86_64,linux,0
1,commit-3-amd-9950x3d,run-2,4,base64-ng,decode,url-safe,unpadded,16,22,262144,47249333,84.657280,avx512-vbmi,avx512-vbmi,avx512-vbmi,x86_64,linux,0
1,commit-3-amd-9950x3d,run-2,0,base64-0.23.0,encode,url-safe,unpadded,16,22,262144,2776246,1440.794512,external,avx512-vbmi,avx512-vbmi,x86_64,linux,0
1,commit-3-amd-9950x3d,run-2,1,base64-0.23.0,encode,url-safe,unpadded,16,22,262144,2870333,1393.566530,external,avx512-vbmi,avx512-vbmi,x86_64,linux,0
1,commit-3-amd-9950x3d,run-2,2,base64-0.23.0,encode,url-safe,unpadded,16,22,262144,2833013,1411.924336,external,avx512-vbmi,avx512-vbmi,x86_64,linux,0
1,commit-3-amd-9950x3d,run-2,3,base64-0.23.0,encode,url-safe,unpadded,16,22,262144,2834085,1411.390272,external,avx512-vbmi,avx512-vbmi,x86_64,linux,0
1,commit-3-amd-9950x3d,run-2,4,base64-0.23.0,encode,url-safe,unpadded,16,22,262144,2836069,1410.402920,external,avx512-vbmi,avx512-vbmi,x86_64,linux,0
1,commit-3-amd-9950x3d,run-2,0,base64-0.23.0,decode,url-safe,unpadded,16,22,262144,4190758,954.481266,external,avx512-vbmi,avx512-vbmi,x86_64,linux,0
1,commit-3-amd-9950x3d,run-2,1,base64-0.23.0,decode,url-safe,unpadded,16,22,262144,4174949,958.095536,external,avx512-vbmi,avx512-vbmi,x86_64,linux,0
1,commit-3-amd-9950x3d,run-2,2,base64-0.23.0,decode,url-safe,unpadded,16,22,262144,4169588,959.327396,external,avx512-vbmi,avx512-vbmi,x86_64,linux,0
1,commit-3-amd-9950x3d,run-2,3,base64-0.23.0,decode,url-safe,unpadded,16,22,262144,4172845,958.578620,external,avx512-vbmi,avx512-vbmi,x86_64,linux,0
1,commit-3-amd-9950x3d,run-2,4,base64-0.23.0,decode,url-safe,unpadded,16,22,262144,4170991,959.004707,external,avx512-vbmi,avx512-vbmi,x86_64,linux,0
1,commit-3-amd-9950x3d,run-2,0,base64ct-1.8.3,encode,url-safe,unpadded,16,22,262144,3296035,1213.579346,external,avx512-vbmi,avx512-vbmi,x86_64,linux,0
1,commit-3-amd-9950x3d,run-2,1,base64ct-1.8.3,encode,url-safe,unpadded,16,22,262144,3228046,1239.139715,external,avx512-vbmi,avx512-vbmi,x86_64,linux,0
1,commit-3-amd-9950x3d,run-2,2,base64ct-1.8.3,encode,url-safe,unpadded,16,22,262144,3229459,1238.597548,external,avx512-vbmi,avx512-vbmi,x86_64,linux,0
1,commit-3-amd-9950x3d,run-2,3,base64ct-1.8.3,encode,url-safe,unpadded,16,22,262144,3215442,1243.996937,external,avx512-vbmi,avx512-vbmi,x86_64,linux,0
1,commit-3-amd-9950x3d,run-2,4,base64ct-1.8.3,encode,url-safe,unpadded,16,22,262144,3214511,1244.357229,external,avx512-vbmi,avx512-vbmi,x86_64,linux,0
1,commit-3-amd-9950x3d,run-2,0,base64ct-1.8.3,decode,url-safe,unpadded,16,22,262144,10047243,398.119166,external,avx512-vbmi,avx512-vbmi,x86_64,linux,0
1,commit-3-amd-9950x3d,run-2,1,base64ct-1.8.3,decode,url-safe,unpadded,16,22,262144,9992790,400.288608,external,avx512-vbmi,avx512-vbmi,x86_64,linux,0
1,commit-3-amd-9950x3d,run-2,2,base64ct-1.8.3,decode,url-safe,unpadded,16,22,262144,10083211,396.699028,external,avx512-vbmi,avx512-vbmi,x86_64,linux,0
1,commit-3-amd-9950x3d,run-2,3,base64ct-1.8.3,decode,url-safe,unpadded,16,22,262144,10002960,399.881635,external,avx512-vbmi,avx512-vbmi,x86_64,linux,0
1,commit-3-amd-9950x3d,run-2,4,base64ct-1.8.3,decode,url-safe,unpadded,16,22,262144,10004613,399.815565,external,avx512-vbmi,avx512-vbmi,x86_64,linux,0
1,commit-3-amd-9950x3d,run-2,0,base64-ng,encode,url-safe,unpadded,23,31,182361,12734952,314.096123,auto,avx512-vbmi,avx512-vbmi,x86_64,linux,0
1,commit-3-amd-9950x3d,run-2,1,base64-ng,encode,url-safe,unpadded,23,31,182361,12724753,314.347873,auto,avx512-vbmi,avx512-vbmi,x86_64,linux,0
1,commit-3-amd-9950x3d,run-2,2,base64-ng,encode,url-safe,unpadded,23,31,182361,12718411,314.504622,auto,avx512-vbmi,avx512-vbmi,x86_64,linux,0
1,commit-3-amd-9950x3d,run-2,3,base64-ng,encode,url-safe,unpadded,23,31,182361,12715576,314.574743,auto,avx512-vbmi,avx512-vbmi,x86_64,linux,0
1,commit-3-amd-9950x3d,run-2,4,base64-ng,encode,url-safe,unpadded,23,31,182361,12715696,314.571774,auto,avx512-vbmi,avx512-vbmi,x86_64,linux,0
1,commit-3-amd-9950x3d,run-2,0,base64-ng,decode,url-safe,unpadded,23,31,182361,37651886,106.236353,auto,avx512-vbmi,avx512-vbmi,x86_64,linux,0
1,commit-3-amd-9950x3d,run-2,1,base64-ng,decode,url-safe,unpadded,23,31,182361,37422285,106.888156,auto,avx512-vbmi,avx512-vbmi,x86_64,linux,0
1,commit-3-amd-9950x3d,run-2,2,base64-ng,decode,url-safe,unpadded,23,31,182361,37310173,107.209341,auto,avx512-vbmi,avx512-vbmi,x86_64,linux,0
1,commit-3-amd-9950x3d,run-2,3,base64-ng,decode,url-safe,unpadded,23,31,182361,37352683,107.087329,auto,avx512-vbmi,avx512-vbmi,x86_64,linux,0
1,commit-3-amd-9950x3d,run-2,4,base64-ng,decode,url-safe,unpadded,23,31,182361,37405933,106.934882,auto,avx512-vbmi,avx512-vbmi,x86_64,linux,0
1,commit-3-amd-9950x3d,run-2,0,base64-ng,encode,url-safe,unpadded,23,31,182361,12505761,319.852510,scalar,avx512-vbmi,avx512-vbmi,x86_64,linux,0
1,commit-3-amd-9950x3d,run-2,1,base64-ng,encode,url-safe,unpadded,23,31,182361,12497996,320.051234,scalar,avx512-vbmi,avx512-vbmi,x86_64,linux,0
1,commit-3-amd-9950x3d,run-2,2,base64-ng,encode,url-safe,unpadded,23,31,182361,12517644,319.548874,scalar,avx512-vbmi,avx512-vbmi,x86_64,linux,0
1,commit-3-amd-9950x3d,run-2,3,base64-ng,encode,url-safe,unpadded,23,31,182361,12506613,319.830720,scalar,avx512-vbmi,avx512-vbmi,x86_64,linux,0
1,commit-3-amd-9950x3d,run-2,4,base64-ng,encode,url-safe,unpadded,23,31,182361,12512354,319.683974,scalar,avx512-vbmi,avx512-vbmi,x86_64,linux,0
1,commit-3-amd-9950x3d,run-2,0,base64-ng,decode,url-safe,unpadded,23,31,182361,14201473,281.660856,scalar,avx512-vbmi,avx512-vbmi,x86_64,linux,0
1,commit-3-amd-9950x3d,run-2,1,base64-ng,decode,url-safe,unpadded,23,31,182361,14218545,281.322670,scalar,avx512-vbmi,avx512-vbmi,x86_64,linux,0
1,commit-3-amd-9950x3d,run-2,2,base64-ng,decode,url-safe,unpadded,23,31,182361,14220198,281.289968,scalar,avx512-vbmi,avx512-vbmi,x86_64,linux,0
1,commit-3-amd-9950x3d,run-2,3,base64-ng,decode,url-safe,unpadded,23,31,182361,14230177,281.092712,scalar,avx512-vbmi,avx512-vbmi,x86_64,linux,0
1,commit-3-amd-9950x3d,run-2,4,base64-ng,decode,url-safe,unpadded,23,31,182361,14227061,281.154277,scalar,avx512-vbmi,avx512-vbmi,x86_64,linux,0
1,commit-3-amd-9950x3d,run-2,0,base64-ng,encode,url-safe,unpadded,23,31,182361,14665888,272.741688,ssse3-sse4.1,avx512-vbmi,avx512-vbmi,x86_64,linux,0
1,commit-3-amd-9950x3d,run-2,1,base64-ng,encode,url-safe,unpadded,23,31,182361,14660807,272.836212,ssse3-sse4.1,avx512-vbmi,avx512-vbmi,x86_64,linux,0
1,commit-3-amd-9950x3d,run-2,2,base64-ng,encode,url-safe,unpadded,23,31,182361,14659295,272.864353,ssse3-sse4.1,avx512-vbmi,avx512-vbmi,x86_64,linux,0
1,commit-3-amd-9950x3d,run-2,3,base64-ng,encode,url-safe,unpadded,23,31,182361,14707074,271.977896,ssse3-sse4.1,avx512-vbmi,avx512-vbmi,x86_64,linux,0
1,commit-3-amd-9950x3d,run-2,4,base64-ng,encode,url-safe,unpadded,23,31,182361,14656720,272.912292,ssse3-sse4.1,avx512-vbmi,avx512-vbmi,x86_64,linux,0
1,commit-3-amd-9950x3d,run-2,0,base64-ng,decode,url-safe,unpadded,23,31,182361,36993817,108.126151,ssse3-sse4.1,avx512-vbmi,avx512-vbmi,x86_64,linux,0
1,commit-3-amd-9950x3d,run-2,1,base64-ng,decode,url-safe,unpadded,23,31,182361,36997474,108.115463,ssse3-sse4.1,avx512-vbmi,avx512-vbmi,x86_64,linux,0
1,commit-3-amd-9950x3d,run-2,2,base64-ng,decode,url-safe,unpadded,23,31,182361,36954894,108.240036,ssse3-sse4.1,avx512-vbmi,avx512-vbmi,x86_64,linux,0
1,commit-3-amd-9950x3d,run-2,3,base64-ng,decode,url-safe,unpadded,23,31,182361,36939486,108.285184,ssse3-sse4.1,avx512-vbmi,avx512-vbmi,x86_64,linux,0
1,commit-3-amd-9950x3d,run-2,4,base64-ng,decode,url-safe,unpadded,23,31,182361,36992535,108.129898,ssse3-sse4.1,avx512-vbmi,avx512-vbmi,x86_64,linux,0
1,commit-3-amd-9950x3d,run-2,0,base64-ng,encode,url-safe,unpadded,23,31,182361,11872870,336.902455,avx2,avx512-vbmi,avx512-vbmi,x86_64,linux,0
1,commit-3-amd-9950x3d,run-2,1,base64-ng,encode,url-safe,unpadded,23,31,182361,11878320,336.747877,avx2,avx512-vbmi,avx512-vbmi,x86_64,linux,0
1,commit-3-amd-9950x3d,run-2,2,base64-ng,encode,url-safe,unpadded,23,31,182361,11870675,336.964751,avx2,avx512-vbmi,avx512-vbmi,x86_64,linux,0
1,commit-3-amd-9950x3d,run-2,3,base64-ng,encode,url-safe,unpadded,23,31,182361,11875765,336.820327,avx2,avx512-vbmi,avx512-vbmi,x86_64,linux,0
1,commit-3-amd-9950x3d,run-2,4,base64-ng,encode,url-safe,unpadded,23,31,182361,11868131,337.036981,avx2,avx512-vbmi,avx512-vbmi,x86_64,linux,0
1,commit-3-amd-9950x3d,run-2,0,base64-ng,decode,url-safe,unpadded,23,31,182361,37112311,107.780921,avx2,avx512-vbmi,avx512-vbmi,x86_64,linux,0
1,commit-3-amd-9950x3d,run-2,1,base64-ng,decode,url-safe,unpadded,23,31,182361,37088306,107.850681,avx2,avx512-vbmi,avx512-vbmi,x86_64,linux,0
1,commit-3-amd-9950x3d,run-2,2,base64-ng,decode,url-safe,unpadded,23,31,182361,37097973,107.822577,avx2,avx512-vbmi,avx512-vbmi,x86_64,linux,0
1,commit-3-amd-9950x3d,run-2,3,base64-ng,decode,url-safe,unpadded,23,31,182361,38427827,104.091211,avx2,avx512-vbmi,avx512-vbmi,x86_64,linux,0
1,commit-3-amd-9950x3d,run-2,4,base64-ng,decode,url-safe,unpadded,23,31,182361,38342226,104.323600,avx2,avx512-vbmi,avx512-vbmi,x86_64,linux,0
1,commit-3-amd-9950x3d,run-2,0,base64-ng,encode,url-safe,unpadded,23,31,182361,12560955,318.447049,avx512-vbmi,avx512-vbmi,avx512-vbmi,x86_64,linux,0
1,commit-3-amd-9950x3d,run-2,1,base64-ng,encode,url-safe,unpadded,23,31,182361,12399662,322.589361,avx512-vbmi,avx512-vbmi,avx512-vbmi,x86_64,linux,0
1,commit-3-amd-9950x3d,run-2,2,base64-ng,encode,url-safe,unpadded,23,31,182361,12088686,330.887827,avx512-vbmi,avx512-vbmi,avx512-vbmi,x86_64,linux,0
1,commit-3-amd-9950x3d,run-2,3,base64-ng,encode,url-safe,unpadded,23,31,182361,12147987,329.272582,avx512-vbmi,avx512-vbmi,avx512-vbmi,x86_64,linux,0
1,commit-3-amd-9950x3d,run-2,4,base64-ng,encode,url-safe,unpadded,23,31,182361,12207680,327.662508,avx512-vbmi,avx512-vbmi,avx512-vbmi,x86_64,linux,0
1,commit-3-amd-9950x3d,run-2,0,base64-ng,decode,url-safe,unpadded,23,31,182361,37905243,105.526274,avx512-vbmi,avx512-vbmi,avx512-vbmi,x86_64,linux,0
1,commit-3-amd-9950x3d,run-2,1,base64-ng,decode,url-safe,unpadded,23,31,182361,38215057,104.670760,avx512-vbmi,avx512-vbmi,avx512-vbmi,x86_64,linux,0
1,commit-3-amd-9950x3d,run-2,2,base64-ng,decode,url-safe,unpadded,23,31,182361,38379786,104.221505,avx512-vbmi,avx512-vbmi,avx512-vbmi,x86_64,linux,0
1,commit-3-amd-9950x3d,run-2,3,base64-ng,decode,url-safe,unpadded,23,31,182361,38059403,105.098838,avx512-vbmi,avx512-vbmi,avx512-vbmi,x86_64,linux,0
1,commit-3-amd-9950x3d,run-2,4,base64-ng,decode,url-safe,unpadded,23,31,182361,37864236,105.640559,avx512-vbmi,avx512-vbmi,avx512-vbmi,x86_64,linux,0
1,commit-3-amd-9950x3d,run-2,0,base64-0.23.0,encode,url-safe,unpadded,23,31,182361,2318455,1725.286472,external,avx512-vbmi,avx512-vbmi,x86_64,linux,0
1,commit-3-amd-9950x3d,run-2,1,base64-0.23.0,encode,url-safe,unpadded,23,31,182361,2370883,1687.134728,external,avx512-vbmi,avx512-vbmi,x86_64,linux,0
1,commit-3-amd-9950x3d,run-2,2,base64-0.23.0,encode,url-safe,unpadded,23,31,182361,2348270,1703.381232,external,avx512-vbmi,avx512-vbmi,x86_64,linux,0
1,commit-3-amd-9950x3d,run-2,3,base64-0.23.0,encode,url-safe,unpadded,23,31,182361,2365564,1690.928272,external,avx512-vbmi,avx512-vbmi,x86_64,linux,0
1,commit-3-amd-9950x3d,run-2,4,base64-0.23.0,encode,url-safe,unpadded,23,31,182361,2368027,1689.169526,external,avx512-vbmi,avx512-vbmi,x86_64,linux,0
1,commit-3-amd-9950x3d,run-2,0,base64-0.23.0,decode,url-safe,unpadded,23,31,182361,3446067,1160.743261,external,avx512-vbmi,avx512-vbmi,x86_64,linux,0
1,commit-3-amd-9950x3d,run-2,1,base64-0.23.0,decode,url-safe,unpadded,23,31,182361,3438874,1163.171156,external,avx512-vbmi,avx512-vbmi,x86_64,linux,0
1,commit-3-amd-9950x3d,run-2,2,base64-0.23.0,decode,url-safe,unpadded,23,31,182361,3416201,1170.891012,external,avx512-vbmi,avx512-vbmi,x86_64,linux,0
1,commit-3-amd-9950x3d,run-2,3,base64-0.23.0,decode,url-safe,unpadded,23,31,182361,3435877,1164.185751,external,avx512-vbmi,avx512-vbmi,x86_64,linux,0
1,commit-3-amd-9950x3d,run-2,4,base64-0.23.0,decode,url-safe,unpadded,23,31,182361,3430237,1166.099907,external,avx512-vbmi,avx512-vbmi,x86_64,linux,0
1,commit-3-amd-9950x3d,run-2,0,base64ct-1.8.3,encode,url-safe,unpadded,23,31,182361,2813215,1421.860415,external,avx512-vbmi,avx512-vbmi,x86_64,linux,0
1,commit-3-amd-9950x3d,run-2,1,base64ct-1.8.3,encode,url-safe,unpadded,23,31,182361,2799450,1428.851755,external,avx512-vbmi,avx512-vbmi,x86_64,linux,0
1,commit-3-amd-9950x3d,run-2,2,base64ct-1.8.3,encode,url-safe,unpadded,23,31,182361,2800682,1428.223214,external,avx512-vbmi,avx512-vbmi,x86_64,linux,0
1,commit-3-amd-9950x3d,run-2,3,base64ct-1.8.3,encode,url-safe,unpadded,23,31,182361,2805932,1425.550956,external,avx512-vbmi,avx512-vbmi,x86_64,linux,0
1,commit-3-amd-9950x3d,run-2,4,base64ct-1.8.3,encode,url-safe,unpadded,23,31,182361,2790634,1433.365696,external,avx512-vbmi,avx512-vbmi,x86_64,linux,0
1,commit-3-amd-9950x3d,run-2,0,base64ct-1.8.3,decode,url-safe,unpadded,23,31,182361,9046810,442.144695,external,avx512-vbmi,avx512-vbmi,x86_64,linux,0
1,commit-3-amd-9950x3d,run-2,1,base64ct-1.8.3,decode,url-safe,unpadded,23,31,182361,9050827,441.948459,external,avx512-vbmi,avx512-vbmi,x86_64,linux,0
1,commit-3-amd-9950x3d,run-2,2,base64ct-1.8.3,decode,url-safe,unpadded,23,31,182361,9074683,440.786642,external,avx512-vbmi,avx512-vbmi,x86_64,linux,0
1,commit-3-amd-9950x3d,run-2,3,base64ct-1.8.3,decode,url-safe,unpadded,23,31,182361,8986246,445.124588,external,avx512-vbmi,avx512-vbmi,x86_64,linux,0
1,commit-3-amd-9950x3d,run-2,4,base64ct-1.8.3,decode,url-safe,unpadded,23,31,182361,9099149,439.601445,external,avx512-vbmi,avx512-vbmi,x86_64,linux,0
1,commit-3-amd-9950x3d,run-2,0,base64-ng,encode,url-safe,unpadded,24,32,174762,13125468,304.749876,auto,avx512-vbmi,avx512-vbmi,x86_64,linux,0
1,commit-3-amd-9950x3d,run-2,1,base64-ng,encode,url-safe,unpadded,24,32,174762,13242227,302.062843,auto,avx512-vbmi,avx512-vbmi,x86_64,linux,0
1,commit-3-amd-9950x3d,run-2,2,base64-ng,encode,url-safe,unpadded,24,32,174762,13014559,307.346929,auto,avx512-vbmi,avx512-vbmi,x86_64,linux,0
1,commit-3-amd-9950x3d,run-2,3,base64-ng,encode,url-safe,unpadded,24,32,174762,13019739,307.224649,auto,avx512-vbmi,avx512-vbmi,x86_64,linux,0
1,commit-3-amd-9950x3d,run-2,4,base64-ng,encode,url-safe,unpadded,24,32,174762,12891477,310.281339,auto,avx512-vbmi,avx512-vbmi,x86_64,linux,0
1,commit-3-amd-9950x3d,run-2,0,base64-ng,decode,url-safe,unpadded,24,32,174762,38571007,103.704442,auto,avx512-vbmi,avx512-vbmi,x86_64,linux,0
1,commit-3-amd-9950x3d,run-2,1,base64-ng,decode,url-safe,unpadded,24,32,174762,38640067,103.519094,auto,avx512-vbmi,avx512-vbmi,x86_64,linux,0
1,commit-3-amd-9950x3d,run-2,2,base64-ng,decode,url-safe,unpadded,24,32,174762,38633925,103.535552,auto,avx512-vbmi,avx512-vbmi,x86_64,linux,0
1,commit-3-amd-9950x3d,run-2,3,base64-ng,decode,url-safe,unpadded,24,32,174762,38746777,103.233999,auto,avx512-vbmi,avx512-vbmi,x86_64,linux,0
1,commit-3-amd-9950x3d,run-2,4,base64-ng,decode,url-safe,unpadded,24,32,174762,38586255,103.663461,auto,avx512-vbmi,avx512-vbmi,x86_64,linux,0
1,commit-3-amd-9950x3d,run-2,0,base64-ng,encode,url-safe,unpadded,24,32,174762,12933477,309.273735,scalar,avx512-vbmi,avx512-vbmi,x86_64,linux,0
1,commit-3-amd-9950x3d,run-2,1,base64-ng,encode,url-safe,unpadded,24,32,174762,12784886,312.868237,scalar,avx512-vbmi,avx512-vbmi,x86_64,linux,0
1,commit-3-amd-9950x3d,run-2,2,base64-ng,encode,url-safe,unpadded,24,32,174762,12760891,313.456540,scalar,avx512-vbmi,avx512-vbmi,x86_64,linux,0
1,commit-3-amd-9950x3d,run-2,3,base64-ng,encode,url-safe,unpadded,24,32,174762,12707531,314.772771,scalar,avx512-vbmi,avx512-vbmi,x86_64,linux,0
1,commit-3-amd-9950x3d,run-2,4,base64-ng,encode,url-safe,unpadded,24,32,174762,12737567,314.030516,scalar,avx512-vbmi,avx512-vbmi,x86_64,linux,0
1,commit-3-amd-9950x3d,run-2,0,base64-ng,decode,url-safe,unpadded,24,32,174762,14326017,279.211224,scalar,avx512-vbmi,avx512-vbmi,x86_64,linux,0
1,commit-3-amd-9950x3d,run-2,1,base64-ng,decode,url-safe,unpadded,24,32,174762,14335625,279.024091,scalar,avx512-vbmi,avx512-vbmi,x86_64,linux,0
1,commit-3-amd-9950x3d,run-2,2,base64-ng,decode,url-safe,unpadded,24,32,174762,14364830,278.456810,scalar,avx512-vbmi,avx512-vbmi,x86_64,linux,0
1,commit-3-amd-9950x3d,run-2,3,base64-ng,decode,url-safe,unpadded,24,32,174762,14345103,278.839737,scalar,avx512-vbmi,avx512-vbmi,x86_64,linux,0
1,commit-3-amd-9950x3d,run-2,4,base64-ng,decode,url-safe,unpadded,24,32,174762,14375912,278.242155,scalar,avx512-vbmi,avx512-vbmi,x86_64,linux,0
1,commit-3-amd-9950x3d,run-2,0,base64-ng,encode,url-safe,unpadded,24,32,174762,15334586,260.847260,ssse3-sse4.1,avx512-vbmi,avx512-vbmi,x86_64,linux,0
1,commit-3-amd-9950x3d,run-2,1,base64-ng,encode,url-safe,unpadded,24,32,174762,15293068,261.555415,ssse3-sse4.1,avx512-vbmi,avx512-vbmi,x86_64,linux,0
1,commit-3-amd-9950x3d,run-2,2,base64-ng,encode,url-safe,unpadded,24,32,174762,15383969,260.009932,ssse3-sse4.1,avx512-vbmi,avx512-vbmi,x86_64,linux,0
1,commit-3-amd-9950x3d,run-2,3,base64-ng,encode,url-safe,unpadded,24,32,174762,15194562,263.251072,ssse3-sse4.1,avx512-vbmi,avx512-vbmi,x86_64,linux,0
1,commit-3-amd-9950x3d,run-2,4,base64-ng,encode,url-safe,unpadded,24,32,174762,15176398,263.566147,ssse3-sse4.1,avx512-vbmi,avx512-vbmi,x86_64,linux,0
1,commit-3-amd-9950x3d,run-2,0,base64-ng,decode,url-safe,unpadded,24,32,174762,52593172,76.055210,ssse3-sse4.1,avx512-vbmi,avx512-vbmi,x86_64,linux,0
1,commit-3-amd-9950x3d,run-2,1,base64-ng,decode,url-safe,unpadded,24,32,174762,52243805,76.563810,ssse3-sse4.1,avx512-vbmi,avx512-vbmi,x86_64,linux,0
1,commit-3-amd-9950x3d,run-2,2,base64-ng,decode,url-safe,unpadded,24,32,174762,52339635,76.423627,ssse3-sse4.1,avx512-vbmi,avx512-vbmi,x86_64,linux,0
1,commit-3-amd-9950x3d,run-2,3,base64-ng,decode,url-safe,unpadded,24,32,174762,52346458,76.413666,ssse3-sse4.1,avx512-vbmi,avx512-vbmi,x86_64,linux,0
1,commit-3-amd-9950x3d,run-2,4,base64-ng,decode,url-safe,unpadded,24,32,174762,52288629,76.498176,ssse3-sse4.1,avx512-vbmi,avx512-vbmi,x86_64,linux,0
1,commit-3-amd-9950x3d,run-2,0,base64-ng,encode,url-safe,unpadded,24,32,174762,9524890,419.950754,avx2,avx512-vbmi,avx512-vbmi,x86_64,linux,0
1,commit-3-amd-9950x3d,run-2,1,base64-ng,encode,url-safe,unpadded,24,32,174762,9554686,418.641151,avx2,avx512-vbmi,avx512-vbmi,x86_64,linux,0
1,commit-3-amd-9950x3d,run-2,2,base64-ng,encode,url-safe,unpadded,24,32,174762,9504933,420.832503,avx2,avx512-vbmi,avx512-vbmi,x86_64,linux,0
1,commit-3-amd-9950x3d,run-2,3,base64-ng,encode,url-safe,unpadded,24,32,174762,9519309,420.196964,avx2,avx512-vbmi,avx512-vbmi,x86_64,linux,0
1,commit-3-amd-9950x3d,run-2,4,base64-ng,encode,url-safe,unpadded,24,32,174762,9512737,420.487263,avx2,avx512-vbmi,avx512-vbmi,x86_64,linux,0
1,commit-3-amd-9950x3d,run-2,0,base64-ng,decode,url-safe,unpadded,24,32,174762,38316718,104.392676,avx2,avx512-vbmi,avx512-vbmi,x86_64,linux,0
1,commit-3-amd-9950x3d,run-2,1,base64-ng,decode,url-safe,unpadded,24,32,174762,38210058,104.684079,avx2,avx512-vbmi,avx512-vbmi,x86_64,linux,0
1,commit-3-amd-9950x3d,run-2,2,base64-ng,decode,url-safe,unpadded,24,32,174762,38284898,104.479441,avx2,avx512-vbmi,avx512-vbmi,x86_64,linux,0
1,commit-3-amd-9950x3d,run-2,3,base64-ng,decode,url-safe,unpadded,24,32,174762,38270782,104.517978,avx2,avx512-vbmi,avx512-vbmi,x86_64,linux,0
1,commit-3-amd-9950x3d,run-2,4,base64-ng,decode,url-safe,unpadded,24,32,174762,37935490,105.441758,avx2,avx512-vbmi,avx512-vbmi,x86_64,linux,0
1,commit-3-amd-9950x3d,run-2,0,base64-ng,encode,url-safe,unpadded,24,32,174762,11954022,334.614136,avx512-vbmi,avx512-vbmi,avx512-vbmi,x86_64,linux,0
1,commit-3-amd-9950x3d,run-2,1,base64-ng,encode,url-safe,unpadded,24,32,174762,11938503,335.049105,avx512-vbmi,avx512-vbmi,avx512-vbmi,x86_64,linux,0
1,commit-3-amd-9950x3d,run-2,2,base64-ng,encode,url-safe,unpadded,24,32,174762,11950726,334.706422,avx512-vbmi,avx512-vbmi,avx512-vbmi,x86_64,linux,0
1,commit-3-amd-9950x3d,run-2,3,base64-ng,encode,url-safe,unpadded,24,32,174762,11942501,334.936940,avx512-vbmi,avx512-vbmi,avx512-vbmi,x86_64,linux,0
1,commit-3-amd-9950x3d,run-2,4,base64-ng,encode,url-safe,unpadded,24,32,174762,11932943,335.205216,avx512-vbmi,avx512-vbmi,avx512-vbmi,x86_64,linux,0
1,commit-3-amd-9950x3d,run-2,0,base64-ng,decode,url-safe,unpadded,24,32,174762,38303283,104.429292,avx512-vbmi,avx512-vbmi,avx512-vbmi,x86_64,linux,0
1,commit-3-amd-9950x3d,run-2,1,base64-ng,decode,url-safe,unpadded,24,32,174762,38009529,105.236367,avx512-vbmi,avx512-vbmi,avx512-vbmi,x86_64,linux,0
1,commit-3-amd-9950x3d,run-2,2,base64-ng,decode,url-safe,unpadded,24,32,174762,37982138,105.312259,avx512-vbmi,avx512-vbmi,avx512-vbmi,x86_64,linux,0
1,commit-3-amd-9950x3d,run-2,3,base64-ng,decode,url-safe,unpadded,24,32,174762,37991746,105.285625,avx512-vbmi,avx512-vbmi,avx512-vbmi,x86_64,linux,0
1,commit-3-amd-9950x3d,run-2,4,base64-ng,decode,url-safe,unpadded,24,32,174762,38015771,105.219088,avx512-vbmi,avx512-vbmi,avx512-vbmi,x86_64,linux,0
1,commit-3-amd-9950x3d,run-2,0,base64-0.23.0,encode,url-safe,unpadded,24,32,174762,2170196,1843.144463,external,avx512-vbmi,avx512-vbmi,x86_64,linux,0
1,commit-3-amd-9950x3d,run-2,1,base64-0.23.0,encode,url-safe,unpadded,24,32,174762,2242531,1783.692061,external,avx512-vbmi,avx512-vbmi,x86_64,linux,0
1,commit-3-amd-9950x3d,run-2,2,base64-0.23.0,encode,url-safe,unpadded,24,32,174762,2212746,1807.701716,external,avx512-vbmi,avx512-vbmi,x86_64,linux,0
1,commit-3-amd-9950x3d,run-2,3,base64-0.23.0,encode,url-safe,unpadded,24,32,174762,2235097,1789.624675,external,avx512-vbmi,avx512-vbmi,x86_64,linux,0
1,commit-3-amd-9950x3d,run-2,4,base64-0.23.0,encode,url-safe,unpadded,24,32,174762,2248603,1778.875480,external,avx512-vbmi,avx512-vbmi,x86_64,linux,0
1,commit-3-amd-9950x3d,run-2,0,base64-0.23.0,decode,url-safe,unpadded,24,32,174762,3363671,1189.172408,external,avx512-vbmi,avx512-vbmi,x86_64,linux,0
1,commit-3-amd-9950x3d,run-2,1,base64-0.23.0,decode,url-safe,unpadded,24,32,174762,3384692,1181.786922,external,avx512-vbmi,avx512-vbmi,x86_64,linux,0
1,commit-3-amd-9950x3d,run-2,2,base64-0.23.0,decode,url-safe,unpadded,24,32,174762,3374933,1185.204193,external,avx512-vbmi,avx512-vbmi,x86_64,linux,0
1,commit-3-amd-9950x3d,run-2,3,base64-0.23.0,decode,url-safe,unpadded,24,32,174762,3375484,1185.010725,external,avx512-vbmi,avx512-vbmi,x86_64,linux,0
1,commit-3-amd-9950x3d,run-2,4,base64-0.23.0,decode,url-safe,unpadded,24,32,174762,3372949,1185.901341,external,avx512-vbmi,avx512-vbmi,x86_64,linux,0
1,commit-3-amd-9950x3d,run-2,0,base64ct-1.8.3,encode,url-safe,unpadded,24,32,174762,2791374,1432.980583,external,avx512-vbmi,avx512-vbmi,x86_64,linux,0
1,commit-3-amd-9950x3d,run-2,1,base64ct-1.8.3,encode,url-safe,unpadded,24,32,174762,2774232,1441.834980,external,avx512-vbmi,avx512-vbmi,x86_64,linux,0
1,commit-3-amd-9950x3d,run-2,2,base64ct-1.8.3,encode,url-safe,unpadded,24,32,174762,2776376,1440.721553,external,avx512-vbmi,avx512-vbmi,x86_64,linux,0
1,commit-3-amd-9950x3d,run-2,3,base64ct-1.8.3,encode,url-safe,unpadded,24,32,174762,2789832,1433.772622,external,avx512-vbmi,avx512-vbmi,x86_64,linux,0
1,commit-3-amd-9950x3d,run-2,4,base64ct-1.8.3,encode,url-safe,unpadded,24,32,174762,2784331,1436.605325,external,avx512-vbmi,avx512-vbmi,x86_64,linux,0
1,commit-3-amd-9950x3d,run-2,0,base64ct-1.8.3,decode,url-safe,unpadded,24,32,174762,7223688,553.731659,external,avx512-vbmi,avx512-vbmi,x86_64,linux,0
1,commit-3-amd-9950x3d,run-2,1,base64ct-1.8.3,decode,url-safe,unpadded,24,32,174762,7184474,556.754014,external,avx512-vbmi,avx512-vbmi,x86_64,linux,0
1,commit-3-amd-9950x3d,run-2,2,base64ct-1.8.3,decode,url-safe,unpadded,24,32,174762,7180586,557.055474,external,avx512-vbmi,avx512-vbmi,x86_64,linux,0
1,commit-3-amd-9950x3d,run-2,3,base64ct-1.8.3,decode,url-safe,unpadded,24,32,174762,7189083,556.397073,external,avx512-vbmi,avx512-vbmi,x86_64,linux,0
1,commit-3-amd-9950x3d,run-2,4,base64ct-1.8.3,decode,url-safe,unpadded,24,32,174762,7192429,556.138231,external,avx512-vbmi,avx512-vbmi,x86_64,linux,0
1,commit-3-amd-9950x3d,run-2,0,base64-ng,encode,url-safe,unpadded,31,42,135300,11780556,339.542224,auto,avx512-vbmi,avx512-vbmi,x86_64,linux,0
1,commit-3-amd-9950x3d,run-2,1,base64-ng,encode,url-safe,unpadded,31,42,135300,11743937,340.600957,auto,avx512-vbmi,avx512-vbmi,x86_64,linux,0
1,commit-3-amd-9950x3d,run-2,2,base64-ng,encode,url-safe,unpadded,31,42,135300,11735161,340.855672,auto,avx512-vbmi,avx512-vbmi,x86_64,linux,0
1,commit-3-amd-9950x3d,run-2,3,base64-ng,encode,url-safe,unpadded,31,42,135300,11759406,340.152911,auto,avx512-vbmi,avx512-vbmi,x86_64,linux,0
1,commit-3-amd-9950x3d,run-2,4,base64-ng,encode,url-safe,unpadded,31,42,135300,11757372,340.211757,auto,avx512-vbmi,avx512-vbmi,x86_64,linux,0
1,commit-3-amd-9950x3d,run-2,0,base64-ng,decode,url-safe,unpadded,31,42,135300,33305004,120.101958,auto,avx512-vbmi,avx512-vbmi,x86_64,linux,0
1,commit-3-amd-9950x3d,run-2,1,base64-ng,decode,url-safe,unpadded,31,42,135300,33334019,119.997417,auto,avx512-vbmi,avx512-vbmi,x86_64,linux,0
1,commit-3-amd-9950x3d,run-2,2,base64-ng,decode,url-safe,unpadded,31,42,135300,33235713,120.352351,auto,avx512-vbmi,avx512-vbmi,x86_64,linux,0
1,commit-3-amd-9950x3d,run-2,3,base64-ng,decode,url-safe,unpadded,31,42,135300,33460697,119.543122,auto,avx512-vbmi,avx512-vbmi,x86_64,linux,0
1,commit-3-amd-9950x3d,run-2,4,base64-ng,decode,url-safe,unpadded,31,42,135300,33307969,120.091267,auto,avx512-vbmi,avx512-vbmi,x86_64,linux,0
1,commit-3-amd-9950x3d,run-2,0,base64-ng,encode,url-safe,unpadded,31,42,135300,11589547,345.138269,scalar,avx512-vbmi,avx512-vbmi,x86_64,linux,0
1,commit-3-amd-9950x3d,run-2,1,base64-ng,encode,url-safe,unpadded,31,42,135300,11597571,344.899478,scalar,avx512-vbmi,avx512-vbmi,x86_64,linux,0
1,commit-3-amd-9950x3d,run-2,2,base64-ng,encode,url-safe,unpadded,31,42,135300,11597872,344.890527,scalar,avx512-vbmi,avx512-vbmi,x86_64,linux,0
1,commit-3-amd-9950x3d,run-2,3,base64-ng,encode,url-safe,unpadded,31,42,135300,11591500,345.080118,scalar,avx512-vbmi,avx512-vbmi,x86_64,linux,0
1,commit-3-amd-9950x3d,run-2,4,base64-ng,encode,url-safe,unpadded,31,42,135300,11587051,345.212616,scalar,avx512-vbmi,avx512-vbmi,x86_64,linux,0
1,commit-3-amd-9950x3d,run-2,0,base64-ng,decode,url-safe,unpadded,31,42,135300,14174782,282.191020,scalar,avx512-vbmi,avx512-vbmi,x86_64,linux,0
1,commit-3-amd-9950x3d,run-2,1,base64-ng,decode,url-safe,unpadded,31,42,135300,14196203,281.765215,scalar,avx512-vbmi,avx512-vbmi,x86_64,linux,0
1,commit-3-amd-9950x3d,run-2,2,base64-ng,decode,url-safe,unpadded,31,42,135300,14332810,279.079691,scalar,avx512-vbmi,avx512-vbmi,x86_64,linux,0
1,commit-3-amd-9950x3d,run-2,3,base64-ng,decode,url-safe,unpadded,31,42,135300,14243944,280.820831,scalar,avx512-vbmi,avx512-vbmi,x86_64,linux,0
1,commit-3-amd-9950x3d,run-2,4,base64-ng,decode,url-safe,unpadded,31,42,135300,14240647,280.885846,scalar,avx512-vbmi,avx512-vbmi,x86_64,linux,0
1,commit-3-amd-9950x3d,run-2,0,base64-ng,encode,url-safe,unpadded,31,42,135300,14504714,275.772151,ssse3-sse4.1,avx512-vbmi,avx512-vbmi,x86_64,linux,0
1,commit-3-amd-9950x3d,run-2,1,base64-ng,encode,url-safe,unpadded,31,42,135300,14183950,282.008621,ssse3-sse4.1,avx512-vbmi,avx512-vbmi,x86_64,linux,0
1,commit-3-amd-9950x3d,run-2,2,base64-ng,encode,url-safe,unpadded,31,42,135300,14169212,282.301951,ssse3-sse4.1,avx512-vbmi,avx512-vbmi,x86_64,linux,0
1,commit-3-amd-9950x3d,run-2,3,base64-ng,encode,url-safe,unpadded,31,42,135300,14058524,284.524619,ssse3-sse4.1,avx512-vbmi,avx512-vbmi,x86_64,linux,0
1,commit-3-amd-9950x3d,run-2,4,base64-ng,encode,url-safe,unpadded,31,42,135300,14076578,284.159700,ssse3-sse4.1,avx512-vbmi,avx512-vbmi,x86_64,linux,0
1,commit-3-amd-9950x3d,run-2,0,base64-ng,decode,url-safe,unpadded,31,42,135300,45065522,88.759566,ssse3-sse4.1,avx512-vbmi,avx512-vbmi,x86_64,linux,0
1,commit-3-amd-9950x3d,run-2,1,base64-ng,decode,url-safe,unpadded,31,42,135300,44791607,89.302359,ssse3-sse4.1,avx512-vbmi,avx512-vbmi,x86_64,linux,0
1,commit-3-amd-9950x3d,run-2,2,base64-ng,decode,url-safe,unpadded,31,42,135300,44778522,89.328455,ssse3-sse4.1,avx512-vbmi,avx512-vbmi,x86_64,linux,0
1,commit-3-amd-9950x3d,run-2,3,base64-ng,decode,url-safe,unpadded,31,42,135300,44705775,89.473814,ssse3-sse4.1,avx512-vbmi,avx512-vbmi,x86_64,linux,0
1,commit-3-amd-9950x3d,run-2,4,base64-ng,decode,url-safe,unpadded,31,42,135300,44682992,89.519435,ssse3-sse4.1,avx512-vbmi,avx512-vbmi,x86_64,linux,0
1,commit-3-amd-9950x3d,run-2,0,base64-ng,encode,url-safe,unpadded,31,42,135300,9796942,408.290279,avx2,avx512-vbmi,avx512-vbmi,x86_64,linux,0
1,commit-3-amd-9950x3d,run-2,1,base64-ng,encode,url-safe,unpadded,31,42,135300,9780721,408.967415,avx2,avx512-vbmi,avx512-vbmi,x86_64,linux,0
1,commit-3-amd-9950x3d,run-2,2,base64-ng,encode,url-safe,unpadded,31,42,135300,9755945,410.006020,avx2,avx512-vbmi,avx512-vbmi,x86_64,linux,0
1,commit-3-amd-9950x3d,run-2,3,base64-ng,encode,url-safe,unpadded,31,42,135300,9746948,410.384480,avx2,avx512-vbmi,avx512-vbmi,x86_64,linux,0
1,commit-3-amd-9950x3d,run-2,4,base64-ng,encode,url-safe,unpadded,31,42,135300,9744092,410.504764,avx2,avx512-vbmi,avx512-vbmi,x86_64,linux,0
1,commit-3-amd-9950x3d,run-2,0,base64-ng,decode,url-safe,unpadded,31,42,135300,33085200,120.899864,avx2,avx512-vbmi,avx512-vbmi,x86_64,linux,0
1,commit-3-amd-9950x3d,run-2,1,base64-ng,decode,url-safe,unpadded,31,42,135300,32978810,121.289888,avx2,avx512-vbmi,avx512-vbmi,x86_64,linux,0
1,commit-3-amd-9950x3d,run-2,2,base64-ng,decode,url-safe,unpadded,31,42,135300,32971526,121.316684,avx2,avx512-vbmi,avx512-vbmi,x86_64,linux,0
1,commit-3-amd-9950x3d,run-2,3,base64-ng,decode,url-safe,unpadded,31,42,135300,33001923,121.204943,avx2,avx512-vbmi,avx512-vbmi,x86_64,linux,0
1,commit-3-amd-9950x3d,run-2,4,base64-ng,decode,url-safe,unpadded,31,42,135300,33074670,120.938355,avx2,avx512-vbmi,avx512-vbmi,x86_64,linux,0
1,commit-3-amd-9950x3d,run-2,0,base64-ng,encode,url-safe,unpadded,31,42,135300,11731373,340.965732,avx512-vbmi,avx512-vbmi,avx512-vbmi,x86_64,linux,0
1,commit-3-amd-9950x3d,run-2,1,base64-ng,encode,url-safe,unpadded,31,42,135300,11726504,341.107306,avx512-vbmi,avx512-vbmi,avx512-vbmi,x86_64,linux,0
1,commit-3-amd-9950x3d,run-2,2,base64-ng,encode,url-safe,unpadded,31,42,135300,11726505,341.107277,avx512-vbmi,avx512-vbmi,avx512-vbmi,x86_64,linux,0
1,commit-3-amd-9950x3d,run-2,3,base64-ng,encode,url-safe,unpadded,31,42,135300,11721915,341.240845,avx512-vbmi,avx512-vbmi,avx512-vbmi,x86_64,linux,0
1,commit-3-amd-9950x3d,run-2,4,base64-ng,encode,url-safe,unpadded,31,42,135300,11712879,341.504099,avx512-vbmi,avx512-vbmi,avx512-vbmi,x86_64,linux,0
1,commit-3-amd-9950x3d,run-2,0,base64-ng,decode,url-safe,unpadded,31,42,135300,33172304,120.582405,avx512-vbmi,avx512-vbmi,avx512-vbmi,x86_64,linux,0
1,commit-3-amd-9950x3d,run-2,1,base64-ng,decode,url-safe,unpadded,31,42,135300,33150413,120.662032,avx512-vbmi,avx512-vbmi,avx512-vbmi,x86_64,linux,0
1,commit-3-amd-9950x3d,run-2,2,base64-ng,decode,url-safe,unpadded,31,42,135300,33221286,120.404616,avx512-vbmi,avx512-vbmi,avx512-vbmi,x86_64,linux,0
1,commit-3-amd-9950x3d,run-2,3,base64-ng,decode,url-safe,unpadded,31,42,135300,33169439,120.592820,avx512-vbmi,avx512-vbmi,avx512-vbmi,x86_64,linux,0
1,commit-3-amd-9950x3d,run-2,4,base64-ng,decode,url-safe,unpadded,31,42,135300,33222549,120.400039,avx512-vbmi,avx512-vbmi,avx512-vbmi,x86_64,linux,0
1,commit-3-amd-9950x3d,run-2,0,base64-0.23.0,encode,url-safe,unpadded,31,42,135300,2072582,1929.957987,external,avx512-vbmi,avx512-vbmi,x86_64,linux,0
1,commit-3-amd-9950x3d,run-2,1,base64-0.23.0,encode,url-safe,unpadded,31,42,135300,2094042,1910.179540,external,avx512-vbmi,avx512-vbmi,x86_64,linux,0
1,commit-3-amd-9950x3d,run-2,2,base64-0.23.0,encode,url-safe,unpadded,31,42,135300,2102799,1902.224694,external,avx512-vbmi,avx512-vbmi,x86_64,linux,0
1,commit-3-amd-9950x3d,run-2,3,base64-0.23.0,encode,url-safe,unpadded,31,42,135300,2108359,1897.208296,external,avx512-vbmi,avx512-vbmi,x86_64,linux,0
1,commit-3-amd-9950x3d,run-2,4,base64-0.23.0,encode,url-safe,unpadded,31,42,135300,2108338,1897.227193,external,avx512-vbmi,avx512-vbmi,x86_64,linux,0
1,commit-3-amd-9950x3d,run-2,0,base64-0.23.0,decode,url-safe,unpadded,31,42,135300,2642704,1513.599777,external,avx512-vbmi,avx512-vbmi,x86_64,linux,0
1,commit-3-amd-9950x3d,run-2,1,base64-0.23.0,decode,url-safe,unpadded,31,42,135300,2667441,1499.563134,external,avx512-vbmi,avx512-vbmi,x86_64,linux,0
1,commit-3-amd-9950x3d,run-2,2,base64-0.23.0,decode,url-safe,unpadded,31,42,135300,2657893,1504.950043,external,avx512-vbmi,avx512-vbmi,x86_64,linux,0
1,commit-3-amd-9950x3d,run-2,3,base64-0.23.0,decode,url-safe,unpadded,31,42,135300,2662783,1502.186316,external,avx512-vbmi,avx512-vbmi,x86_64,linux,0
1,commit-3-amd-9950x3d,run-2,4,base64-0.23.0,decode,url-safe,unpadded,31,42,135300,2657292,1505.290418,external,avx512-vbmi,avx512-vbmi,x86_64,linux,0
1,commit-3-amd-9950x3d,run-2,0,base64ct-1.8.3,encode,url-safe,unpadded,31,42,135300,2983165,1340.856502,external,avx512-vbmi,avx512-vbmi,x86_64,linux,0
1,commit-3-amd-9950x3d,run-2,1,base64ct-1.8.3,encode,url-safe,unpadded,31,42,135300,2962597,1350.165475,external,avx512-vbmi,avx512-vbmi,x86_64,linux,0
1,commit-3-amd-9950x3d,run-2,2,base64ct-1.8.3,encode,url-safe,unpadded,31,42,135300,2961855,1350.503717,external,avx512-vbmi,avx512-vbmi,x86_64,linux,0
1,commit-3-amd-9950x3d,run-2,3,base64ct-1.8.3,encode,url-safe,unpadded,31,42,135300,2969620,1346.972402,external,avx512-vbmi,avx512-vbmi,x86_64,linux,0
1,commit-3-amd-9950x3d,run-2,4,base64ct-1.8.3,encode,url-safe,unpadded,31,42,135300,2967947,1347.731676,external,avx512-vbmi,avx512-vbmi,x86_64,linux,0
1,commit-3-amd-9950x3d,run-2,0,base64ct-1.8.3,decode,url-safe,unpadded,31,42,135300,7391443,541.165803,external,avx512-vbmi,avx512-vbmi,x86_64,linux,0
1,commit-3-amd-9950x3d,run-2,1,base64ct-1.8.3,decode,url-safe,unpadded,31,42,135300,7359674,543.501816,external,avx512-vbmi,avx512-vbmi,x86_64,linux,0
1,commit-3-amd-9950x3d,run-2,2,base64ct-1.8.3,decode,url-safe,unpadded,31,42,135300,7337232,545.164196,external,avx512-vbmi,avx512-vbmi,x86_64,linux,0
1,commit-3-amd-9950x3d,run-2,3,base64ct-1.8.3,decode,url-safe,unpadded,31,42,135300,7309770,547.212318,external,avx512-vbmi,avx512-vbmi,x86_64,linux,0
1,commit-3-amd-9950x3d,run-2,4,base64ct-1.8.3,decode,url-safe,unpadded,31,42,135300,7365525,543.070071,external,avx512-vbmi,avx512-vbmi,x86_64,linux,0
1,commit-3-amd-9950x3d,run-2,0,base64-ng,encode,url-safe,unpadded,32,43,131072,11704933,341.736258,auto,avx512-vbmi,avx512-vbmi,x86_64,linux,0
1,commit-3-amd-9950x3d,run-2,1,base64-ng,encode,url-safe,unpadded,32,43,131072,11690556,342.156524,auto,avx512-vbmi,avx512-vbmi,x86_64,linux,0
1,commit-3-amd-9950x3d,run-2,2,base64-ng,encode,url-safe,unpadded,32,43,131072,11724340,341.170590,auto,avx512-vbmi,avx512-vbmi,x86_64,linux,0
1,commit-3-amd-9950x3d,run-2,3,base64-ng,encode,url-safe,unpadded,32,43,131072,11710444,341.575435,auto,avx512-vbmi,avx512-vbmi,x86_64,linux,0
1,commit-3-amd-9950x3d,run-2,4,base64-ng,encode,url-safe,unpadded,32,43,131072,11699954,341.881686,auto,avx512-vbmi,avx512-vbmi,x86_64,linux,0
1,commit-3-amd-9950x3d,run-2,0,base64-ng,decode,url-safe,unpadded,32,43,131072,32504597,123.059517,auto,avx512-vbmi,avx512-vbmi,x86_64,linux,0
1,commit-3-amd-9950x3d,run-2,1,base64-ng,decode,url-safe,unpadded,32,43,131072,32790996,121.984706,auto,avx512-vbmi,avx512-vbmi,x86_64,linux,0
1,commit-3-amd-9950x3d,run-2,2,base64-ng,decode,url-safe,unpadded,32,43,131072,32788512,121.993947,auto,avx512-vbmi,avx512-vbmi,x86_64,linux,0
1,commit-3-amd-9950x3d,run-2,3,base64-ng,decode,url-safe,unpadded,32,43,131072,32512181,123.030811,auto,avx512-vbmi,avx512-vbmi,x86_64,linux,0
1,commit-3-amd-9950x3d,run-2,4,base64-ng,decode,url-safe,unpadded,32,43,131072,32420699,123.377969,auto,avx512-vbmi,avx512-vbmi,x86_64,linux,0
1,commit-3-amd-9950x3d,run-2,0,base64-ng,encode,url-safe,unpadded,32,43,131072,11534352,346.790179,scalar,avx512-vbmi,avx512-vbmi,x86_64,linux,0
1,commit-3-amd-9950x3d,run-2,1,base64-ng,encode,url-safe,unpadded,32,43,131072,11599115,344.853896,scalar,avx512-vbmi,avx512-vbmi,x86_64,linux,0
1,commit-3-amd-9950x3d,run-2,2,base64-ng,encode,url-safe,unpadded,32,43,131072,11645752,343.472882,scalar,avx512-vbmi,avx512-vbmi,x86_64,linux,0
1,commit-3-amd-9950x3d,run-2,3,base64-ng,encode,url-safe,unpadded,32,43,131072,11539482,346.636010,scalar,avx512-vbmi,avx512-vbmi,x86_64,linux,0
1,commit-3-amd-9950x3d,run-2,4,base64-ng,encode,url-safe,unpadded,32,43,131072,11597682,344.896506,scalar,avx512-vbmi,avx512-vbmi,x86_64,linux,0
1,commit-3-amd-9950x3d,run-2,0,base64-ng,decode,url-safe,unpadded,32,43,131072,14138715,282.911142,scalar,avx512-vbmi,avx512-vbmi,x86_64,linux,0
1,commit-3-amd-9950x3d,run-2,1,base64-ng,decode,url-safe,unpadded,32,43,131072,14072911,284.234015,scalar,avx512-vbmi,avx512-vbmi,x86_64,linux,0
1,commit-3-amd-9950x3d,run-2,2,base64-ng,decode,url-safe,unpadded,32,43,131072,14090113,283.887006,scalar,avx512-vbmi,avx512-vbmi,x86_64,linux,0
1,commit-3-amd-9950x3d,run-2,3,base64-ng,decode,url-safe,unpadded,32,43,131072,14110181,283.483252,scalar,avx512-vbmi,avx512-vbmi,x86_64,linux,0
1,commit-3-amd-9950x3d,run-2,4,base64-ng,decode,url-safe,unpadded,32,43,131072,14073683,284.218424,scalar,avx512-vbmi,avx512-vbmi,x86_64,linux,0
1,commit-3-amd-9950x3d,run-2,0,base64-ng,encode,url-safe,unpadded,32,43,131072,14449159,276.832721,ssse3-sse4.1,avx512-vbmi,avx512-vbmi,x86_64,linux,0
1,commit-3-amd-9950x3d,run-2,1,base64-ng,encode,url-safe,unpadded,32,43,131072,14385099,278.065518,ssse3-sse4.1,avx512-vbmi,avx512-vbmi,x86_64,linux,0
1,commit-3-amd-9950x3d,run-2,2,base64-ng,encode,url-safe,unpadded,32,43,131072,14255836,280.586842,ssse3-sse4.1,avx512-vbmi,avx512-vbmi,x86_64,linux,0
1,commit-3-amd-9950x3d,run-2,3,base64-ng,encode,url-safe,unpadded,32,43,131072,14321168,279.306827,ssse3-sse4.1,avx512-vbmi,avx512-vbmi,x86_64,linux,0
1,commit-3-amd-9950x3d,run-2,4,base64-ng,encode,url-safe,unpadded,32,43,131072,14314446,279.437989,ssse3-sse4.1,avx512-vbmi,avx512-vbmi,x86_64,linux,0
1,commit-3-amd-9950x3d,run-2,0,base64-ng,decode,url-safe,unpadded,32,43,131072,44038679,90.829246,ssse3-sse4.1,avx512-vbmi,avx512-vbmi,x86_64,linux,0
1,commit-3-amd-9950x3d,run-2,1,base64-ng,decode,url-safe,unpadded,32,43,131072,43875251,91.167570,ssse3-sse4.1,avx512-vbmi,avx512-vbmi,x86_64,linux,0
1,commit-3-amd-9950x3d,run-2,2,base64-ng,decode,url-safe,unpadded,32,43,131072,43925215,91.063868,ssse3-sse4.1,avx512-vbmi,avx512-vbmi,x86_64,linux,0
1,commit-3-amd-9950x3d,run-2,3,base64-ng,decode,url-safe,unpadded,32,43,131072,43919354,91.076021,ssse3-sse4.1,avx512-vbmi,avx512-vbmi,x86_64,linux,0
1,commit-3-amd-9950x3d,run-2,4,base64-ng,decode,url-safe,unpadded,32,43,131072,43858349,91.202704,ssse3-sse4.1,avx512-vbmi,avx512-vbmi,x86_64,linux,0
1,commit-3-amd-9950x3d,run-2,0,base64-ng,encode,url-safe,unpadded,32,43,131072,9811469,407.686148,avx2,avx512-vbmi,avx512-vbmi,x86_64,linux,0
1,commit-3-amd-9950x3d,run-2,1,base64-ng,encode,url-safe,unpadded,32,43,131072,9864960,405.475542,avx2,avx512-vbmi,avx512-vbmi,x86_64,linux,0
1,commit-3-amd-9950x3d,run-2,2,base64-ng,encode,url-safe,unpadded,32,43,131072,9823692,407.178890,avx2,avx512-vbmi,avx512-vbmi,x86_64,linux,0
1,commit-3-amd-9950x3d,run-2,3,base64-ng,encode,url-safe,unpadded,32,43,131072,9818482,407.394952,avx2,avx512-vbmi,avx512-vbmi,x86_64,linux,0
1,commit-3-amd-9950x3d,run-2,4,base64-ng,encode,url-safe,unpadded,32,43,131072,9881161,404.810730,avx2,avx512-vbmi,avx512-vbmi,x86_64,linux,0
1,commit-3-amd-9950x3d,run-2,0,base64-ng,decode,url-safe,unpadded,32,43,131072,32526859,122.975293,avx2,avx512-vbmi,avx512-vbmi,x86_64,linux,0
1,commit-3-amd-9950x3d,run-2,1,base64-ng,decode,url-safe,unpadded,32,43,131072,32431088,123.338446,avx2,avx512-vbmi,avx512-vbmi,x86_64,linux,0
1,commit-3-amd-9950x3d,run-2,2,base64-ng,decode,url-safe,unpadded,32,43,131072,32213298,124.172322,avx2,avx512-vbmi,avx512-vbmi,x86_64,linux,0
1,commit-3-amd-9950x3d,run-2,3,base64-ng,decode,url-safe,unpadded,32,43,131072,32234860,124.089262,avx2,avx512-vbmi,avx512-vbmi,x86_64,linux,0
1,commit-3-amd-9950x3d,run-2,4,base64-ng,decode,url-safe,unpadded,32,43,131072,32313658,123.786666,avx2,avx512-vbmi,avx512-vbmi,x86_64,linux,0
1,commit-3-amd-9950x3d,run-2,0,base64-ng,encode,url-safe,unpadded,32,43,131072,11663265,342.957139,avx512-vbmi,avx512-vbmi,avx512-vbmi,x86_64,linux,0
1,commit-3-amd-9950x3d,run-2,1,base64-ng,encode,url-safe,unpadded,32,43,131072,11738566,340.757125,avx512-vbmi,avx512-vbmi,avx512-vbmi,x86_64,linux,0
1,commit-3-amd-9950x3d,run-2,2,base64-ng,encode,url-safe,unpadded,32,43,131072,11666701,342.856134,avx512-vbmi,avx512-vbmi,avx512-vbmi,x86_64,linux,0
1,commit-3-amd-9950x3d,run-2,3,base64-ng,encode,url-safe,unpadded,32,43,131072,11739068,340.742553,avx512-vbmi,avx512-vbmi,avx512-vbmi,x86_64,linux,0
1,commit-3-amd-9950x3d,run-2,4,base64-ng,encode,url-safe,unpadded,32,43,131072,11666120,342.873209,avx512-vbmi,avx512-vbmi,avx512-vbmi,x86_64,linux,0
1,commit-3-amd-9950x3d,run-2,0,base64-ng,decode,url-safe,unpadded,32,43,131072,32344926,123.667001,avx512-vbmi,avx512-vbmi,avx512-vbmi,x86_64,linux,0
1,commit-3-amd-9950x3d,run-2,1,base64-ng,decode,url-safe,unpadded,32,43,131072,32362890,123.598356,avx512-vbmi,avx512-vbmi,avx512-vbmi,x86_64,linux,0
1,commit-3-amd-9950x3d,run-2,2,base64-ng,decode,url-safe,unpadded,32,43,131072,32355125,123.628019,avx512-vbmi,avx512-vbmi,avx512-vbmi,x86_64,linux,0
1,commit-3-amd-9950x3d,run-2,3,base64-ng,decode,url-safe,unpadded,32,43,131072,32421761,123.373928,avx512-vbmi,avx512-vbmi,avx512-vbmi,x86_64,linux,0
1,commit-3-amd-9950x3d,run-2,4,base64-ng,decode,url-safe,unpadded,32,43,131072,32438873,123.308846,avx512-vbmi,avx512-vbmi,avx512-vbmi,x86_64,linux,0
1,commit-3-amd-9950x3d,run-2,0,base64-0.23.0,encode,url-safe,unpadded,32,43,131072,2079675,1923.377451,external,avx512-vbmi,avx512-vbmi,x86_64,linux,0
1,commit-3-amd-9950x3d,run-2,1,base64-0.23.0,encode,url-safe,unpadded,32,43,131072,2096126,1908.282231,external,avx512-vbmi,avx512-vbmi,x86_64,linux,0
1,commit-3-amd-9950x3d,run-2,2,base64-0.23.0,encode,url-safe,unpadded,32,43,131072,2109692,1896.011361,external,avx512-vbmi,avx512-vbmi,x86_64,linux,0
1,commit-3-amd-9950x3d,run-2,3,base64-0.23.0,encode,url-safe,unpadded,32,43,131072,2112937,1893.099510,external,avx512-vbmi,avx512-vbmi,x86_64,linux,0
1,commit-3-amd-9950x3d,run-2,4,base64-0.23.0,encode,url-safe,unpadded,32,43,131072,2111896,1894.032661,external,avx512-vbmi,avx512-vbmi,x86_64,linux,0
1,commit-3-amd-9950x3d,run-2,0,base64-0.23.0,decode,url-safe,unpadded,32,43,131072,2587030,1546.174571,external,avx512-vbmi,avx512-vbmi,x86_64,linux,0
1,commit-3-amd-9950x3d,run-2,1,base64-0.23.0,decode,url-safe,unpadded,32,43,131072,2604242,1535.955568,external,avx512-vbmi,avx512-vbmi,x86_64,linux,0
1,commit-3-amd-9950x3d,run-2,2,base64-0.23.0,decode,url-safe,unpadded,32,43,131072,2607349,1534.125274,external,avx512-vbmi,avx512-vbmi,x86_64,linux,0
1,commit-3-amd-9950x3d,run-2,3,base64-0.23.0,decode,url-safe,unpadded,32,43,131072,2601126,1537.795555,external,avx512-vbmi,avx512-vbmi,x86_64,linux,0
1,commit-3-amd-9950x3d,run-2,4,base64-0.23.0,decode,url-safe,unpadded,32,43,131072,2601157,1537.777228,external,avx512-vbmi,avx512-vbmi,x86_64,linux,0
1,commit-3-amd-9950x3d,run-2,0,base64ct-1.8.3,encode,url-safe,unpadded,32,43,131072,2901812,1378.449052,external,avx512-vbmi,avx512-vbmi,x86_64,linux,0
1,commit-3-amd-9950x3d,run-2,1,base64ct-1.8.3,encode,url-safe,unpadded,32,43,131072,2889660,1384.245897,external,avx512-vbmi,avx512-vbmi,x86_64,linux,0
1,commit-3-amd-9950x3d,run-2,2,base64ct-1.8.3,encode,url-safe,unpadded,32,43,131072,2879801,1388.984864,external,avx512-vbmi,avx512-vbmi,x86_64,linux,0
1,commit-3-amd-9950x3d,run-2,3,base64ct-1.8.3,encode,url-safe,unpadded,32,43,131072,2877677,1390.010067,external,avx512-vbmi,avx512-vbmi,x86_64,linux,0
1,commit-3-amd-9950x3d,run-2,4,base64ct-1.8.3,encode,url-safe,unpadded,32,43,131072,2885632,1386.178141,external,avx512-vbmi,avx512-vbmi,x86_64,linux,0
1,commit-3-amd-9950x3d,run-2,0,base64ct-1.8.3,decode,url-safe,unpadded,32,43,131072,7453390,536.668549,external,avx512-vbmi,avx512-vbmi,x86_64,linux,0
1,commit-3-amd-9950x3d,run-2,1,base64ct-1.8.3,decode,url-safe,unpadded,32,43,131072,7471595,535.360924,external,avx512-vbmi,avx512-vbmi,x86_64,linux,0
1,commit-3-amd-9950x3d,run-2,2,base64ct-1.8.3,decode,url-safe,unpadded,32,43,131072,7493816,533.773447,external,avx512-vbmi,avx512-vbmi,x86_64,linux,0
1,commit-3-amd-9950x3d,run-2,3,base64ct-1.8.3,decode,url-safe,unpadded,32,43,131072,7380012,542.004539,external,avx512-vbmi,avx512-vbmi,x86_64,linux,0
1,commit-3-amd-9950x3d,run-2,4,base64ct-1.8.3,decode,url-safe,unpadded,32,43,131072,7450394,536.884358,external,avx512-vbmi,avx512-vbmi,x86_64,linux,0
1,commit-3-amd-9950x3d,run-2,0,base64-ng,encode,url-safe,unpadded,47,63,89240,11289602,354.306300,auto,avx512-vbmi,avx512-vbmi,x86_64,linux,0
1,commit-3-amd-9950x3d,run-2,1,base64-ng,encode,url-safe,unpadded,47,63,89240,11292297,354.221742,auto,avx512-vbmi,avx512-vbmi,x86_64,linux,0
1,commit-3-amd-9950x3d,run-2,2,base64-ng,encode,url-safe,unpadded,47,63,89240,11301865,353.921863,auto,avx512-vbmi,avx512-vbmi,x86_64,linux,0
1,commit-3-amd-9950x3d,run-2,3,base64-ng,encode,url-safe,unpadded,47,63,89240,11300523,353.963893,auto,avx512-vbmi,avx512-vbmi,x86_64,linux,0
1,commit-3-amd-9950x3d,run-2,4,base64-ng,encode,url-safe,unpadded,47,63,89240,11293008,354.199440,auto,avx512-vbmi,avx512-vbmi,x86_64,linux,0
1,commit-3-amd-9950x3d,run-2,0,base64-ng,decode,url-safe,unpadded,47,63,89240,38528617,103.818341,auto,avx512-vbmi,avx512-vbmi,x86_64,linux,0
1,commit-3-amd-9950x3d,run-2,1,base64-ng,decode,url-safe,unpadded,47,63,89240,38192424,104.732214,auto,avx512-vbmi,avx512-vbmi,x86_64,linux,0
1,commit-3-amd-9950x3d,run-2,2,base64-ng,decode,url-safe,unpadded,47,63,89240,38207612,104.690581,auto,avx512-vbmi,avx512-vbmi,x86_64,linux,0
1,commit-3-amd-9950x3d,run-2,3,base64-ng,decode,url-safe,unpadded,47,63,89240,38266223,104.530231,auto,avx512-vbmi,avx512-vbmi,x86_64,linux,0
1,commit-3-amd-9950x3d,run-2,4,base64-ng,decode,url-safe,unpadded,47,63,89240,38827529,103.019100,auto,avx512-vbmi,avx512-vbmi,x86_64,linux,0
1,commit-3-amd-9950x3d,run-2,0,base64-ng,encode,url-safe,unpadded,47,63,89240,11279262,354.631102,scalar,avx512-vbmi,avx512-vbmi,x86_64,linux,0
1,commit-3-amd-9950x3d,run-2,1,base64-ng,encode,url-safe,unpadded,47,63,89240,11216554,356.613726,scalar,avx512-vbmi,avx512-vbmi,x86_64,linux,0
1,commit-3-amd-9950x3d,run-2,2,base64-ng,encode,url-safe,unpadded,47,63,89240,11209521,356.837470,scalar,avx512-vbmi,avx512-vbmi,x86_64,linux,0
1,commit-3-amd-9950x3d,run-2,3,base64-ng,encode,url-safe,unpadded,47,63,89240,11217757,356.575482,scalar,avx512-vbmi,avx512-vbmi,x86_64,linux,0
1,commit-3-amd-9950x3d,run-2,4,base64-ng,encode,url-safe,unpadded,47,63,89240,11201666,357.087697,scalar,avx512-vbmi,avx512-vbmi,x86_64,linux,0
1,commit-3-amd-9950x3d,run-2,0,base64-ng,decode,url-safe,unpadded,47,63,89240,13882583,288.129170,scalar,avx512-vbmi,avx512-vbmi,x86_64,linux,0
1,commit-3-amd-9950x3d,run-2,1,base64-ng,decode,url-safe,unpadded,47,63,89240,13892601,287.921399,scalar,avx512-vbmi,avx512-vbmi,x86_64,linux,0
1,commit-3-amd-9950x3d,run-2,2,base64-ng,decode,url-safe,unpadded,47,63,89240,13960940,286.512019,scalar,avx512-vbmi,avx512-vbmi,x86_64,linux,0
1,commit-3-amd-9950x3d,run-2,3,base64-ng,decode,url-safe,unpadded,47,63,89240,13903853,287.688392,scalar,avx512-vbmi,avx512-vbmi,x86_64,linux,0
1,commit-3-amd-9950x3d,run-2,4,base64-ng,decode,url-safe,unpadded,47,63,89240,13900647,287.754743,scalar,avx512-vbmi,avx512-vbmi,x86_64,linux,0
1,commit-3-amd-9950x3d,run-2,0,base64-ng,encode,url-safe,unpadded,47,63,89240,13505953,296.164004,ssse3-sse4.1,avx512-vbmi,avx512-vbmi,x86_64,linux,0
1,commit-3-amd-9950x3d,run-2,1,base64-ng,encode,url-safe,unpadded,47,63,89240,13595372,294.216084,ssse3-sse4.1,avx512-vbmi,avx512-vbmi,x86_64,linux,0
1,commit-3-amd-9950x3d,run-2,2,base64-ng,encode,url-safe,unpadded,47,63,89240,14292064,279.873999,ssse3-sse4.1,avx512-vbmi,avx512-vbmi,x86_64,linux,0
1,commit-3-amd-9950x3d,run-2,3,base64-ng,encode,url-safe,unpadded,47,63,89240,14278188,280.145990,ssse3-sse4.1,avx512-vbmi,avx512-vbmi,x86_64,linux,0
1,commit-3-amd-9950x3d,run-2,4,base64-ng,encode,url-safe,unpadded,47,63,89240,14373477,278.288761,ssse3-sse4.1,avx512-vbmi,avx512-vbmi,x86_64,linux,0
1,commit-3-amd-9950x3d,run-2,0,base64-ng,decode,url-safe,unpadded,47,63,89240,45207208,88.480959,ssse3-sse4.1,avx512-vbmi,avx512-vbmi,x86_64,linux,0
1,commit-3-amd-9950x3d,run-2,1,base64-ng,decode,url-safe,unpadded,47,63,89240,43734707,91.460019,ssse3-sse4.1,avx512-vbmi,avx512-vbmi,x86_64,linux,0
1,commit-3-amd-9950x3d,run-2,2,base64-ng,decode,url-safe,unpadded,47,63,89240,43687538,91.558767,ssse3-sse4.1,avx512-vbmi,avx512-vbmi,x86_64,linux,0
1,commit-3-amd-9950x3d,run-2,3,base64-ng,decode,url-safe,unpadded,47,63,89240,43657452,91.621864,ssse3-sse4.1,avx512-vbmi,avx512-vbmi,x86_64,linux,0
1,commit-3-amd-9950x3d,run-2,4,base64-ng,decode,url-safe,unpadded,47,63,89240,43641641,91.655057,ssse3-sse4.1,avx512-vbmi,avx512-vbmi,x86_64,linux,0
1,commit-3-amd-9950x3d,run-2,0,base64-ng,encode,url-safe,unpadded,47,63,89240,10133987,394.709122,avx2,avx512-vbmi,avx512-vbmi,x86_64,linux,0
1,commit-3-amd-9950x3d,run-2,1,base64-ng,encode,url-safe,unpadded,47,63,89240,10112455,395.549559,avx2,avx512-vbmi,avx512-vbmi,x86_64,linux,0
1,commit-3-amd-9950x3d,run-2,2,base64-ng,encode,url-safe,unpadded,47,63,89240,10131632,394.800868,avx2,avx512-vbmi,avx512-vbmi,x86_64,linux,0
1,commit-3-amd-9950x3d,run-2,3,base64-ng,encode,url-safe,unpadded,47,63,89240,10134267,394.698217,avx2,avx512-vbmi,avx512-vbmi,x86_64,linux,0
1,commit-3-amd-9950x3d,run-2,4,base64-ng,encode,url-safe,unpadded,47,63,89240,10127374,394.966860,avx2,avx512-vbmi,avx512-vbmi,x86_64,linux,0
1,commit-3-amd-9950x3d,run-2,0,base64-ng,decode,url-safe,unpadded,47,63,89240,37960117,105.373150,avx2,avx512-vbmi,avx512-vbmi,x86_64,linux,0
1,commit-3-amd-9950x3d,run-2,1,base64-ng,decode,url-safe,unpadded,47,63,89240,37947353,105.408594,avx2,avx512-vbmi,avx512-vbmi,x86_64,linux,0
1,commit-3-amd-9950x3d,run-2,2,base64-ng,decode,url-safe,unpadded,47,63,89240,38042642,105.144567,avx2,avx512-vbmi,avx512-vbmi,x86_64,linux,0
1,commit-3-amd-9950x3d,run-2,3,base64-ng,decode,url-safe,unpadded,47,63,89240,37935410,105.441779,avx2,avx512-vbmi,avx512-vbmi,x86_64,linux,0
1,commit-3-amd-9950x3d,run-2,4,base64-ng,decode,url-safe,unpadded,47,63,89240,38110219,104.958125,avx2,avx512-vbmi,avx512-vbmi,x86_64,linux,0
1,commit-3-amd-9950x3d,run-2,0,base64-ng,encode,url-safe,unpadded,47,63,89240,11358221,352.165811,avx512-vbmi,avx512-vbmi,avx512-vbmi,x86_64,linux,0
1,commit-3-amd-9950x3d,run-2,1,base64-ng,encode,url-safe,unpadded,47,63,89240,11366847,351.898562,avx512-vbmi,avx512-vbmi,avx512-vbmi,x86_64,linux,0
1,commit-3-amd-9950x3d,run-2,2,base64-ng,encode,url-safe,unpadded,47,63,89240,11370785,351.776690,avx512-vbmi,avx512-vbmi,avx512-vbmi,x86_64,linux,0
1,commit-3-amd-9950x3d,run-2,3,base64-ng,encode,url-safe,unpadded,47,63,89240,11378239,351.546238,avx512-vbmi,avx512-vbmi,avx512-vbmi,x86_64,linux,0
1,commit-3-amd-9950x3d,run-2,4,base64-ng,encode,url-safe,unpadded,47,63,89240,11399899,350.878294,avx512-vbmi,avx512-vbmi,avx512-vbmi,x86_64,linux,0
1,commit-3-amd-9950x3d,run-2,0,base64-ng,decode,url-safe,unpadded,47,63,89240,38190911,104.736363,avx512-vbmi,avx512-vbmi,avx512-vbmi,x86_64,linux,0
1,commit-3-amd-9950x3d,run-2,1,base64-ng,decode,url-safe,unpadded,47,63,89240,38169971,104.793821,avx512-vbmi,avx512-vbmi,avx512-vbmi,x86_64,linux,0
1,commit-3-amd-9950x3d,run-2,2,base64-ng,decode,url-safe,unpadded,47,63,89240,38128704,104.907240,avx512-vbmi,avx512-vbmi,avx512-vbmi,x86_64,linux,0
1,commit-3-amd-9950x3d,run-2,3,base64-ng,decode,url-safe,unpadded,47,63,89240,38166305,104.803887,avx512-vbmi,avx512-vbmi,avx512-vbmi,x86_64,linux,0
1,commit-3-amd-9950x3d,run-2,4,base64-ng,decode,url-safe,unpadded,47,63,89240,38147530,104.855468,avx512-vbmi,avx512-vbmi,avx512-vbmi,x86_64,linux,0
1,commit-3-amd-9950x3d,run-2,0,base64-0.23.0,encode,url-safe,unpadded,47,63,89240,1531162,2612.380082,external,avx512-vbmi,avx512-vbmi,x86_64,linux,0
1,commit-3-amd-9950x3d,run-2,1,base64-0.23.0,encode,url-safe,unpadded,47,63,89240,1557212,2568.678582,external,avx512-vbmi,avx512-vbmi,x86_64,linux,0
1,commit-3-amd-9950x3d,run-2,2,base64-0.23.0,encode,url-safe,unpadded,47,63,89240,1572480,2543.737988,external,avx512-vbmi,avx512-vbmi,x86_64,linux,0
1,commit-3-amd-9950x3d,run-2,3,base64-0.23.0,encode,url-safe,unpadded,47,63,89240,1570256,2547.340760,external,avx512-vbmi,avx512-vbmi,x86_64,linux,0
1,commit-3-amd-9950x3d,run-2,4,base64-0.23.0,encode,url-safe,unpadded,47,63,89240,1566780,2552.992195,external,avx512-vbmi,avx512-vbmi,x86_64,linux,0
1,commit-3-amd-9950x3d,run-2,0,base64-0.23.0,decode,url-safe,unpadded,47,63,89240,2175505,1838.643033,external,avx512-vbmi,avx512-vbmi,x86_64,linux,0
1,commit-3-amd-9950x3d,run-2,1,base64-0.23.0,decode,url-safe,unpadded,47,63,89240,2167510,1845.424986,external,avx512-vbmi,avx512-vbmi,x86_64,linux,0
1,commit-3-amd-9950x3d,run-2,2,base64-0.23.0,decode,url-safe,unpadded,47,63,89240,2164644,1847.868339,external,avx512-vbmi,avx512-vbmi,x86_64,linux,0
1,commit-3-amd-9950x3d,run-2,3,base64-0.23.0,decode,url-safe,unpadded,47,63,89240,2168702,1844.410671,external,avx512-vbmi,avx512-vbmi,x86_64,linux,0
1,commit-3-amd-9950x3d,run-2,4,base64-0.23.0,decode,url-safe,unpadded,47,63,89240,2169664,1843.592884,external,avx512-vbmi,avx512-vbmi,x86_64,linux,0
1,commit-3-amd-9950x3d,run-2,0,base64ct-1.8.3,encode,url-safe,unpadded,47,63,89240,2426477,1648.471060,external,avx512-vbmi,avx512-vbmi,x86_64,linux,0
1,commit-3-amd-9950x3d,run-2,1,base64ct-1.8.3,encode,url-safe,unpadded,47,63,89240,2414224,1656.837606,external,avx512-vbmi,avx512-vbmi,x86_64,linux,0
1,commit-3-amd-9950x3d,run-2,2,base64ct-1.8.3,encode,url-safe,unpadded,47,63,89240,2422119,1651.437073,external,avx512-vbmi,avx512-vbmi,x86_64,linux,0
1,commit-3-amd-9950x3d,run-2,3,base64ct-1.8.3,encode,url-safe,unpadded,47,63,89240,2424454,1649.846568,external,avx512-vbmi,avx512-vbmi,x86_64,linux,0
1,commit-3-amd-9950x3d,run-2,4,base64ct-1.8.3,encode,url-safe,unpadded,47,63,89240,2423893,1650.228418,external,avx512-vbmi,avx512-vbmi,x86_64,linux,0
1,commit-3-amd-9950x3d,run-2,0,base64ct-1.8.3,decode,url-safe,unpadded,47,63,89240,6585857,607.358634,external,avx512-vbmi,avx512-vbmi,x86_64,linux,0
1,commit-3-amd-9950x3d,run-2,1,base64ct-1.8.3,decode,url-safe,unpadded,47,63,89240,6569596,608.861962,external,avx512-vbmi,avx512-vbmi,x86_64,linux,0
1,commit-3-amd-9950x3d,run-2,2,base64ct-1.8.3,decode,url-safe,unpadded,47,63,89240,6551001,610.590215,external,avx512-vbmi,avx512-vbmi,x86_64,linux,0
1,commit-3-amd-9950x3d,run-2,3,base64ct-1.8.3,decode,url-safe,unpadded,47,63,89240,6553407,610.366045,external,avx512-vbmi,avx512-vbmi,x86_64,linux,0
1,commit-3-amd-9950x3d,run-2,4,base64ct-1.8.3,decode,url-safe,unpadded,47,63,89240,6565219,609.267888,external,avx512-vbmi,avx512-vbmi,x86_64,linux,0
1,commit-3-amd-9950x3d,run-2,0,base64-ng,encode,url-safe,unpadded,48,64,87381,6239676,641.056481,auto,avx512-vbmi,avx512-vbmi,x86_64,linux,0
1,commit-3-amd-9950x3d,run-2,1,base64-ng,encode,url-safe,unpadded,48,64,87381,6288057,636.124122,auto,avx512-vbmi,avx512-vbmi,x86_64,linux,0
1,commit-3-amd-9950x3d,run-2,2,base64-ng,encode,url-safe,unpadded,48,64,87381,6227242,642.336486,auto,avx512-vbmi,avx512-vbmi,x86_64,linux,0
1,commit-3-amd-9950x3d,run-2,3,base64-ng,encode,url-safe,unpadded,48,64,87381,6223656,642.706593,auto,avx512-vbmi,avx512-vbmi,x86_64,linux,0
1,commit-3-amd-9950x3d,run-2,4,base64-ng,encode,url-safe,unpadded,48,64,87381,6224617,642.607367,auto,avx512-vbmi,avx512-vbmi,x86_64,linux,0
1,commit-3-amd-9950x3d,run-2,0,base64-ng,decode,url-safe,unpadded,48,64,87381,28335549,141.164893,auto,avx512-vbmi,avx512-vbmi,x86_64,linux,0
1,commit-3-amd-9950x3d,run-2,1,base64-ng,decode,url-safe,unpadded,48,64,87381,28309459,141.294991,auto,avx512-vbmi,avx512-vbmi,x86_64,linux,0
1,commit-3-amd-9950x3d,run-2,2,base64-ng,decode,url-safe,unpadded,48,64,87381,28312065,141.281985,auto,avx512-vbmi,avx512-vbmi,x86_64,linux,0
1,commit-3-amd-9950x3d,run-2,3,base64-ng,decode,url-safe,unpadded,48,64,87381,28316583,141.259443,auto,avx512-vbmi,avx512-vbmi,x86_64,linux,0
1,commit-3-amd-9950x3d,run-2,4,base64-ng,decode,url-safe,unpadded,48,64,87381,28250299,141.590882,auto,avx512-vbmi,avx512-vbmi,x86_64,linux,0
1,commit-3-amd-9950x3d,run-2,0,base64-ng,encode,url-safe,unpadded,48,64,87381,11193741,357.341191,scalar,avx512-vbmi,avx512-vbmi,x86_64,linux,0
1,commit-3-amd-9950x3d,run-2,1,base64-ng,encode,url-safe,unpadded,48,64,87381,11191788,357.403548,scalar,avx512-vbmi,avx512-vbmi,x86_64,linux,0
1,commit-3-amd-9950x3d,run-2,2,base64-ng,encode,url-safe,unpadded,48,64,87381,11221834,356.446615,scalar,avx512-vbmi,avx512-vbmi,x86_64,linux,0
1,commit-3-amd-9950x3d,run-2,3,base64-ng,encode,url-safe,unpadded,48,64,87381,11215733,356.640510,scalar,avx512-vbmi,avx512-vbmi,x86_64,linux,0
1,commit-3-amd-9950x3d,run-2,4,base64-ng,encode,url-safe,unpadded,48,64,87381,11199422,357.159927,scalar,avx512-vbmi,avx512-vbmi,x86_64,linux,0
1,commit-3-amd-9950x3d,run-2,0,base64-ng,decode,url-safe,unpadded,48,64,87381,13926806,287.214796,scalar,avx512-vbmi,avx512-vbmi,x86_64,linux,0
1,commit-3-amd-9950x3d,run-2,1,base64-ng,decode,url-safe,unpadded,48,64,87381,13935662,287.032273,scalar,avx512-vbmi,avx512-vbmi,x86_64,linux,0
1,commit-3-amd-9950x3d,run-2,2,base64-ng,decode,url-safe,unpadded,48,64,87381,13926535,287.220385,scalar,avx512-vbmi,avx512-vbmi,x86_64,linux,0
1,commit-3-amd-9950x3d,run-2,3,base64-ng,decode,url-safe,unpadded,48,64,87381,13910706,287.547213,scalar,avx512-vbmi,avx512-vbmi,x86_64,linux,0
1,commit-3-amd-9950x3d,run-2,4,base64-ng,decode,url-safe,unpadded,48,64,87381,13934020,287.066097,scalar,avx512-vbmi,avx512-vbmi,x86_64,linux,0
1,commit-3-amd-9950x3d,run-2,0,base64-ng,encode,url-safe,unpadded,48,64,87381,14466132,276.506860,ssse3-sse4.1,avx512-vbmi,avx512-vbmi,x86_64,linux,0
1,commit-3-amd-9950x3d,run-2,1,base64-ng,encode,url-safe,unpadded,48,64,87381,14483063,276.183618,ssse3-sse4.1,avx512-vbmi,avx512-vbmi,x86_64,linux,0
1,commit-3-amd-9950x3d,run-2,2,base64-ng,encode,url-safe,unpadded,48,64,87381,14365232,278.449018,ssse3-sse4.1,avx512-vbmi,avx512-vbmi,x86_64,linux,0
1,commit-3-amd-9950x3d,run-2,3,base64-ng,encode,url-safe,unpadded,48,64,87381,14479897,276.244005,ssse3-sse4.1,avx512-vbmi,avx512-vbmi,x86_64,linux,0
1,commit-3-amd-9950x3d,run-2,4,base64-ng,encode,url-safe,unpadded,48,64,87381,14440213,277.003168,ssse3-sse4.1,avx512-vbmi,avx512-vbmi,x86_64,linux,0
1,commit-3-amd-9950x3d,run-2,0,base64-ng,decode,url-safe,unpadded,48,64,87381,51325877,77.933101,ssse3-sse4.1,avx512-vbmi,avx512-vbmi,x86_64,linux,0
1,commit-3-amd-9950x3d,run-2,1,base64-ng,decode,url-safe,unpadded,48,64,87381,51795881,77.225923,ssse3-sse4.1,avx512-vbmi,avx512-vbmi,x86_64,linux,0
1,commit-3-amd-9950x3d,run-2,2,base64-ng,decode,url-safe,unpadded,48,64,87381,51698097,77.371992,ssse3-sse4.1,avx512-vbmi,avx512-vbmi,x86_64,linux,0
1,commit-3-amd-9950x3d,run-2,3,base64-ng,decode,url-safe,unpadded,48,64,87381,51349731,77.896898,ssse3-sse4.1,avx512-vbmi,avx512-vbmi,x86_64,linux,0
1,commit-3-amd-9950x3d,run-2,4,base64-ng,decode,url-safe,unpadded,48,64,87381,51618347,77.491531,ssse3-sse4.1,avx512-vbmi,avx512-vbmi,x86_64,linux,0
1,commit-3-amd-9950x3d,run-2,0,base64-ng,encode,url-safe,unpadded,48,64,87381,7965875,502.140034,avx2,avx512-vbmi,avx512-vbmi,x86_64,linux,0
1,commit-3-amd-9950x3d,run-2,1,base64-ng,encode,url-safe,unpadded,48,64,87381,7987155,500.802193,avx2,avx512-vbmi,avx512-vbmi,x86_64,linux,0
1,commit-3-amd-9950x3d,run-2,2,base64-ng,encode,url-safe,unpadded,48,64,87381,8147196,490.964590,avx2,avx512-vbmi,avx512-vbmi,x86_64,linux,0
1,commit-3-amd-9950x3d,run-2,3,base64-ng,encode,url-safe,unpadded,48,64,87381,8442993,473.763835,avx2,avx512-vbmi,avx512-vbmi,x86_64,linux,0
1,commit-3-amd-9950x3d,run-2,4,base64-ng,encode,url-safe,unpadded,48,64,87381,8141266,491.322202,avx2,avx512-vbmi,avx512-vbmi,x86_64,linux,0
1,commit-3-amd-9950x3d,run-2,0,base64-ng,decode,url-safe,unpadded,48,64,87381,36626276,109.210796,avx2,avx512-vbmi,avx512-vbmi,x86_64,linux,0
1,commit-3-amd-9950x3d,run-2,1,base64-ng,decode,url-safe,unpadded,48,64,87381,36898528,108.404995,avx2,avx512-vbmi,avx512-vbmi,x86_64,linux,0
1,commit-3-amd-9950x3d,run-2,2,base64-ng,decode,url-safe,unpadded,48,64,87381,36983919,108.154702,avx2,avx512-vbmi,avx512-vbmi,x86_64,linux,0
1,commit-3-amd-9950x3d,run-2,3,base64-ng,decode,url-safe,unpadded,48,64,87381,36907686,108.378096,avx2,avx512-vbmi,avx512-vbmi,x86_64,linux,0
1,commit-3-amd-9950x3d,run-2,4,base64-ng,decode,url-safe,unpadded,48,64,87381,36995551,108.120696,avx2,avx512-vbmi,avx512-vbmi,x86_64,linux,0
1,commit-3-amd-9950x3d,run-2,0,base64-ng,encode,url-safe,unpadded,48,64,87381,5205249,768.452142,avx512-vbmi,avx512-vbmi,avx512-vbmi,x86_64,linux,0
1,commit-3-amd-9950x3d,run-2,1,base64-ng,encode,url-safe,unpadded,48,64,87381,5215257,766.977493,avx512-vbmi,avx512-vbmi,avx512-vbmi,x86_64,linux,0
1,commit-3-amd-9950x3d,run-2,2,base64-ng,encode,url-safe,unpadded,48,64,87381,5196933,769.681799,avx512-vbmi,avx512-vbmi,avx512-vbmi,x86_64,linux,0
1,commit-3-amd-9950x3d,run-2,3,base64-ng,encode,url-safe,unpadded,48,64,87381,5275972,758.151245,avx512-vbmi,avx512-vbmi,avx512-vbmi,x86_64,linux,0
1,commit-3-amd-9950x3d,run-2,4,base64-ng,encode,url-safe,unpadded,48,64,87381,5257888,760.758833,avx512-vbmi,avx512-vbmi,avx512-vbmi,x86_64,linux,0
1,commit-3-amd-9950x3d,run-2,0,base64-ng,decode,url-safe,unpadded,48,64,87381,28844137,138.675834,avx512-vbmi,avx512-vbmi,avx512-vbmi,x86_64,linux,0
1,commit-3-amd-9950x3d,run-2,1,base64-ng,decode,url-safe,unpadded,48,64,87381,28663857,139.548029,avx512-vbmi,avx512-vbmi,avx512-vbmi,x86_64,linux,0
1,commit-3-amd-9950x3d,run-2,2,base64-ng,decode,url-safe,unpadded,48,64,87381,28689385,139.423858,avx512-vbmi,avx512-vbmi,avx512-vbmi,x86_64,linux,0
1,commit-3-amd-9950x3d,run-2,3,base64-ng,decode,url-safe,unpadded,48,64,87381,28835019,138.719685,avx512-vbmi,avx512-vbmi,avx512-vbmi,x86_64,linux,0
1,commit-3-amd-9950x3d,run-2,4,base64-ng,decode,url-safe,unpadded,48,64,87381,28579518,139.959839,avx512-vbmi,avx512-vbmi,avx512-vbmi,x86_64,linux,0
1,commit-3-amd-9950x3d,run-2,0,base64-0.23.0,encode,url-safe,unpadded,48,64,87381,1536994,2602.472580,external,avx512-vbmi,avx512-vbmi,x86_64,linux,0
1,commit-3-amd-9950x3d,run-2,1,base64-0.23.0,encode,url-safe,unpadded,48,64,87381,1528117,2617.590630,external,avx512-vbmi,avx512-vbmi,x86_64,linux,0
1,commit-3-amd-9950x3d,run-2,2,base64-0.23.0,encode,url-safe,unpadded,48,64,87381,1552462,2576.542770,external,avx512-vbmi,avx512-vbmi,x86_64,linux,0
1,commit-3-amd-9950x3d,run-2,3,base64-0.23.0,encode,url-safe,unpadded,48,64,87381,1554616,2572.972838,external,avx512-vbmi,avx512-vbmi,x86_64,linux,0
1,commit-3-amd-9950x3d,run-2,4,base64-0.23.0,encode,url-safe,unpadded,48,64,87381,1552251,2576.893003,external,avx512-vbmi,avx512-vbmi,x86_64,linux,0
1,commit-3-amd-9950x3d,run-2,0,base64-0.23.0,decode,url-safe,unpadded,48,64,87381,2179252,1835.485176,external,avx512-vbmi,avx512-vbmi,x86_64,linux,0
1,commit-3-amd-9950x3d,run-2,1,base64-0.23.0,decode,url-safe,unpadded,48,64,87381,2186255,1829.605760,external,avx512-vbmi,avx512-vbmi,x86_64,linux,0
1,commit-3-amd-9950x3d,run-2,2,base64-0.23.0,decode,url-safe,unpadded,48,64,87381,2190503,1826.057641,external,avx512-vbmi,avx512-vbmi,x86_64,linux,0
1,commit-3-amd-9950x3d,run-2,3,base64-0.23.0,decode,url-safe,unpadded,48,64,87381,2181206,1833.840885,external,avx512-vbmi,avx512-vbmi,x86_64,linux,0
1,commit-3-amd-9950x3d,run-2,4,base64-0.23.0,decode,url-safe,unpadded,48,64,87381,2178892,1835.788438,external,avx512-vbmi,avx512-vbmi,x86_64,linux,0
1,commit-3-amd-9950x3d,run-2,0,base64ct-1.8.3,encode,url-safe,unpadded,48,64,87381,2514103,1591.018642,external,avx512-vbmi,avx512-vbmi,x86_64,linux,0
1,commit-3-amd-9950x3d,run-2,1,base64ct-1.8.3,encode,url-safe,unpadded,48,64,87381,2491911,1605.187642,external,avx512-vbmi,avx512-vbmi,x86_64,linux,0
1,commit-3-amd-9950x3d,run-2,2,base64ct-1.8.3,encode,url-safe,unpadded,48,64,87381,2505516,1596.471442,external,avx512-vbmi,avx512-vbmi,x86_64,linux,0
1,commit-3-amd-9950x3d,run-2,3,base64ct-1.8.3,encode,url-safe,unpadded,48,64,87381,2504013,1597.429702,external,avx512-vbmi,avx512-vbmi,x86_64,linux,0
1,commit-3-amd-9950x3d,run-2,4,base64ct-1.8.3,encode,url-safe,unpadded,48,64,87381,2508161,1594.787871,external,avx512-vbmi,avx512-vbmi,x86_64,linux,0
1,commit-3-amd-9950x3d,run-2,0,base64ct-1.8.3,decode,url-safe,unpadded,48,64,87381,5840003,684.928542,external,avx512-vbmi,avx512-vbmi,x86_64,linux,0
1,commit-3-amd-9950x3d,run-2,1,base64ct-1.8.3,decode,url-safe,unpadded,48,64,87381,5982712,668.590556,external,avx512-vbmi,avx512-vbmi,x86_64,linux,0
1,commit-3-amd-9950x3d,run-2,2,base64ct-1.8.3,decode,url-safe,unpadded,48,64,87381,5887163,679.441820,external,avx512-vbmi,avx512-vbmi,x86_64,linux,0
1,commit-3-amd-9950x3d,run-2,3,base64ct-1.8.3,decode,url-safe,unpadded,48,64,87381,5887002,679.460401,external,avx512-vbmi,avx512-vbmi,x86_64,linux,0
1,commit-3-amd-9950x3d,run-2,4,base64ct-1.8.3,decode,url-safe,unpadded,48,64,87381,5941916,673.180964,external,avx512-vbmi,avx512-vbmi,x86_64,linux,0
1,commit-3-amd-9950x3d,run-2,0,base64-ng,encode,url-safe,unpadded,63,84,66576,7385894,541.570830,auto,avx512-vbmi,avx512-vbmi,x86_64,linux,0
1,commit-3-amd-9950x3d,run-2,1,base64-ng,encode,url-safe,unpadded,63,84,66576,7446267,537.179870,auto,avx512-vbmi,avx512-vbmi,x86_64,linux,0
1,commit-3-amd-9950x3d,run-2,2,base64-ng,encode,url-safe,unpadded,63,84,66576,7349725,544.235974,auto,avx512-vbmi,avx512-vbmi,x86_64,linux,0
1,commit-3-amd-9950x3d,run-2,3,base64-ng,encode,url-safe,unpadded,63,84,66576,7266319,550.482953,auto,avx512-vbmi,avx512-vbmi,x86_64,linux,0
1,commit-3-amd-9950x3d,run-2,4,base64-ng,encode,url-safe,unpadded,63,84,66576,7282459,549.262926,auto,avx512-vbmi,avx512-vbmi,x86_64,linux,0
1,commit-3-amd-9950x3d,run-2,0,base64-ng,decode,url-safe,unpadded,63,84,66576,34798445,114.947227,auto,avx512-vbmi,avx512-vbmi,x86_64,linux,0
1,commit-3-amd-9950x3d,run-2,1,base64-ng,decode,url-safe,unpadded,63,84,66576,34800078,114.941833,auto,avx512-vbmi,avx512-vbmi,x86_64,linux,0
1,commit-3-amd-9950x3d,run-2,2,base64-ng,decode,url-safe,unpadded,63,84,66576,34700040,115.273203,auto,avx512-vbmi,avx512-vbmi,x86_64,linux,0
1,commit-3-amd-9950x3d,run-2,3,base64-ng,decode,url-safe,unpadded,63,84,66576,34598419,115.611778,auto,avx512-vbmi,avx512-vbmi,x86_64,linux,0
1,commit-3-amd-9950x3d,run-2,4,base64-ng,decode,url-safe,unpadded,63,84,66576,34621762,115.533829,auto,avx512-vbmi,avx512-vbmi,x86_64,linux,0
1,commit-3-amd-9950x3d,run-2,0,base64-ng,encode,url-safe,unpadded,63,84,66576,4281339,934.283583,scalar,avx512-vbmi,avx512-vbmi,x86_64,linux,0
1,commit-3-amd-9950x3d,run-2,1,base64-ng,encode,url-safe,unpadded,63,84,66576,4370317,915.261923,scalar,avx512-vbmi,avx512-vbmi,x86_64,linux,0
1,commit-3-amd-9950x3d,run-2,2,base64-ng,encode,url-safe,unpadded,63,84,66576,4290546,932.278722,scalar,avx512-vbmi,avx512-vbmi,x86_64,linux,0
1,commit-3-amd-9950x3d,run-2,3,base64-ng,encode,url-safe,unpadded,63,84,66576,4250050,941.161808,scalar,avx512-vbmi,avx512-vbmi,x86_64,linux,0
1,commit-3-amd-9950x3d,run-2,4,base64-ng,encode,url-safe,unpadded,63,84,66576,4276901,935.253059,scalar,avx512-vbmi,avx512-vbmi,x86_64,linux,0
1,commit-3-amd-9950x3d,run-2,0,base64-ng,decode,url-safe,unpadded,63,84,66576,14285120,280.010580,scalar,avx512-vbmi,avx512-vbmi,x86_64,linux,0
1,commit-3-amd-9950x3d,run-2,1,base64-ng,decode,url-safe,unpadded,63,84,66576,14122444,283.236014,scalar,avx512-vbmi,avx512-vbmi,x86_64,linux,0
1,commit-3-amd-9950x3d,run-2,2,base64-ng,decode,url-safe,unpadded,63,84,66576,14086556,283.957608,scalar,avx512-vbmi,avx512-vbmi,x86_64,linux,0
1,commit-3-amd-9950x3d,run-2,3,base64-ng,decode,url-safe,unpadded,63,84,66576,14044738,284.803087,scalar,avx512-vbmi,avx512-vbmi,x86_64,linux,0
1,commit-3-amd-9950x3d,run-2,4,base64-ng,decode,url-safe,unpadded,63,84,66576,14074574,284.199347,scalar,avx512-vbmi,avx512-vbmi,x86_64,linux,0
1,commit-3-amd-9950x3d,run-2,0,base64-ng,encode,url-safe,unpadded,63,84,66576,13541942,295.377483,ssse3-sse4.1,avx512-vbmi,avx512-vbmi,x86_64,linux,0
1,commit-3-amd-9950x3d,run-2,1,base64-ng,encode,url-safe,unpadded,63,84,66576,13534948,295.530115,ssse3-sse4.1,avx512-vbmi,avx512-vbmi,x86_64,linux,0
1,commit-3-amd-9950x3d,run-2,2,base64-ng,encode,url-safe,unpadded,63,84,66576,13640958,293.233418,ssse3-sse4.1,avx512-vbmi,avx512-vbmi,x86_64,linux,0
1,commit-3-amd-9950x3d,run-2,3,base64-ng,encode,url-safe,unpadded,63,84,66576,13500042,296.294244,ssse3-sse4.1,avx512-vbmi,avx512-vbmi,x86_64,linux,0
1,commit-3-amd-9950x3d,run-2,4,base64-ng,encode,url-safe,unpadded,63,84,66576,13576326,294.629397,ssse3-sse4.1,avx512-vbmi,avx512-vbmi,x86_64,linux,0
1,commit-3-amd-9950x3d,run-2,0,base64-ng,decode,url-safe,unpadded,63,84,66576,50319642,79.491518,ssse3-sse4.1,avx512-vbmi,avx512-vbmi,x86_64,linux,0
1,commit-3-amd-9950x3d,run-2,1,base64-ng,decode,url-safe,unpadded,63,84,66576,49529415,80.759782,ssse3-sse4.1,avx512-vbmi,avx512-vbmi,x86_64,linux,0
1,commit-3-amd-9950x3d,run-2,2,base64-ng,decode,url-safe,unpadded,63,84,66576,49856651,80.229712,ssse3-sse4.1,avx512-vbmi,avx512-vbmi,x86_64,linux,0
1,commit-3-amd-9950x3d,run-2,3,base64-ng,decode,url-safe,unpadded,63,84,66576,49411853,80.951927,ssse3-sse4.1,avx512-vbmi,avx512-vbmi,x86_64,linux,0
1,commit-3-amd-9950x3d,run-2,4,base64-ng,decode,url-safe,unpadded,63,84,66576,49396966,80.976324,ssse3-sse4.1,avx512-vbmi,avx512-vbmi,x86_64,linux,0
1,commit-3-amd-9950x3d,run-2,0,base64-ng,encode,url-safe,unpadded,63,84,66576,8527733,469.056048,avx2,avx512-vbmi,avx512-vbmi,x86_64,linux,0
1,commit-3-amd-9950x3d,run-2,1,base64-ng,encode,url-safe,unpadded,63,84,66576,8582967,466.037530,avx2,avx512-vbmi,avx512-vbmi,x86_64,linux,0
1,commit-3-amd-9950x3d,run-2,2,base64-ng,encode,url-safe,unpadded,63,84,66576,8587015,465.817836,avx2,avx512-vbmi,avx512-vbmi,x86_64,linux,0
1,commit-3-amd-9950x3d,run-2,3,base64-ng,encode,url-safe,unpadded,63,84,66576,8591793,465.558789,avx2,avx512-vbmi,avx512-vbmi,x86_64,linux,0
1,commit-3-amd-9950x3d,run-2,4,base64-ng,encode,url-safe,unpadded,63,84,66576,8542180,468.262755,avx2,avx512-vbmi,avx512-vbmi,x86_64,linux,0
1,commit-3-amd-9950x3d,run-2,0,base64-ng,decode,url-safe,unpadded,63,84,66576,39652653,100.875589,avx2,avx512-vbmi,avx512-vbmi,x86_64,linux,0
1,commit-3-amd-9950x3d,run-2,1,base64-ng,decode,url-safe,unpadded,63,84,66576,39303025,101.772949,avx2,avx512-vbmi,avx512-vbmi,x86_64,linux,0
1,commit-3-amd-9950x3d,run-2,2,base64-ng,decode,url-safe,unpadded,63,84,66576,39839184,100.403280,avx2,avx512-vbmi,avx512-vbmi,x86_64,linux,0
1,commit-3-amd-9950x3d,run-2,3,base64-ng,decode,url-safe,unpadded,63,84,66576,39843131,100.393334,avx2,avx512-vbmi,avx512-vbmi,x86_64,linux,0
1,commit-3-amd-9950x3d,run-2,4,base64-ng,decode,url-safe,unpadded,63,84,66576,39819076,100.453982,avx2,avx512-vbmi,avx512-vbmi,x86_64,linux,0
1,commit-3-amd-9950x3d,run-2,0,base64-ng,encode,url-safe,unpadded,63,84,66576,6470309,618.206138,avx512-vbmi,avx512-vbmi,avx512-vbmi,x86_64,linux,0
1,commit-3-amd-9950x3d,run-2,1,base64-ng,encode,url-safe,unpadded,63,84,66576,6479768,617.303697,avx512-vbmi,avx512-vbmi,avx512-vbmi,x86_64,linux,0
1,commit-3-amd-9950x3d,run-2,2,base64-ng,encode,url-safe,unpadded,63,84,66576,6443660,620.762849,avx512-vbmi,avx512-vbmi,avx512-vbmi,x86_64,linux,0
1,commit-3-amd-9950x3d,run-2,3,base64-ng,encode,url-safe,unpadded,63,84,66576,6489816,616.347943,avx512-vbmi,avx512-vbmi,avx512-vbmi,x86_64,linux,0
1,commit-3-amd-9950x3d,run-2,4,base64-ng,encode,url-safe,unpadded,63,84,66576,6506908,614.728953,avx512-vbmi,avx512-vbmi,avx512-vbmi,x86_64,linux,0
1,commit-3-amd-9950x3d,run-2,0,base64-ng,decode,url-safe,unpadded,63,84,66576,33679369,118.766618,avx512-vbmi,avx512-vbmi,avx512-vbmi,x86_64,linux,0
1,commit-3-amd-9950x3d,run-2,1,base64-ng,decode,url-safe,unpadded,63,84,66576,33624515,118.960370,avx512-vbmi,avx512-vbmi,avx512-vbmi,x86_64,linux,0
1,commit-3-amd-9950x3d,run-2,2,base64-ng,decode,url-safe,unpadded,63,84,66576,33632691,118.931451,avx512-vbmi,avx512-vbmi,avx512-vbmi,x86_64,linux,0
1,commit-3-amd-9950x3d,run-2,3,base64-ng,decode,url-safe,unpadded,63,84,66576,33580953,119.114688,avx512-vbmi,avx512-vbmi,avx512-vbmi,x86_64,linux,0
1,commit-3-amd-9950x3d,run-2,4,base64-ng,decode,url-safe,unpadded,63,84,66576,33549855,119.225098,avx512-vbmi,avx512-vbmi,avx512-vbmi,x86_64,linux,0
1,commit-3-amd-9950x3d,run-2,0,base64-0.23.0,encode,url-safe,unpadded,63,84,66576,1279488,3126.238575,external,avx512-vbmi,avx512-vbmi,x86_64,linux,0
1,commit-3-amd-9950x3d,run-2,1,base64-0.23.0,encode,url-safe,unpadded,63,84,66576,1296481,3085.262909,external,avx512-vbmi,avx512-vbmi,x86_64,linux,0
1,commit-3-amd-9950x3d,run-2,2,base64-0.23.0,encode,url-safe,unpadded,63,84,66576,1307091,3060.219022,external,avx512-vbmi,avx512-vbmi,x86_64,linux,0
1,commit-3-amd-9950x3d,run-2,3,base64-0.23.0,encode,url-safe,unpadded,63,84,66576,1311820,3049.187191,external,avx512-vbmi,avx512-vbmi,x86_64,linux,0
1,commit-3-amd-9950x3d,run-2,4,base64-0.23.0,encode,url-safe,unpadded,63,84,66576,1308994,3055.770111,external,avx512-vbmi,avx512-vbmi,x86_64,linux,0
1,commit-3-amd-9950x3d,run-2,0,base64-0.23.0,decode,url-safe,unpadded,63,84,66576,1835856,2178.811814,external,avx512-vbmi,avx512-vbmi,x86_64,linux,0
1,commit-3-amd-9950x3d,run-2,1,base64-0.23.0,decode,url-safe,unpadded,63,84,66576,1842168,2171.346338,external,avx512-vbmi,avx512-vbmi,x86_64,linux,0
1,commit-3-amd-9950x3d,run-2,2,base64-0.23.0,decode,url-safe,unpadded,63,84,66576,1847638,2164.917988,external,avx512-vbmi,avx512-vbmi,x86_64,linux,0
1,commit-3-amd-9950x3d,run-2,3,base64-0.23.0,decode,url-safe,unpadded,63,84,66576,1842909,2170.473280,external,avx512-vbmi,avx512-vbmi,x86_64,linux,0
1,commit-3-amd-9950x3d,run-2,4,base64-0.23.0,decode,url-safe,unpadded,63,84,66576,1840345,2173.497220,external,avx512-vbmi,avx512-vbmi,x86_64,linux,0
1,commit-3-amd-9950x3d,run-2,0,base64ct-1.8.3,encode,url-safe,unpadded,63,84,66576,1736889,2302.959338,external,avx512-vbmi,avx512-vbmi,x86_64,linux,0
1,commit-3-amd-9950x3d,run-2,1,base64ct-1.8.3,encode,url-safe,unpadded,63,84,66576,1717854,2328.477706,external,avx512-vbmi,avx512-vbmi,x86_64,linux,0
1,commit-3-amd-9950x3d,run-2,2,base64ct-1.8.3,encode,url-safe,unpadded,63,84,66576,1725007,2318.822324,external,avx512-vbmi,avx512-vbmi,x86_64,linux,0
1,commit-3-amd-9950x3d,run-2,3,base64ct-1.8.3,encode,url-safe,unpadded,63,84,66576,1727302,2315.741394,external,avx512-vbmi,avx512-vbmi,x86_64,linux,0
1,commit-3-amd-9950x3d,run-2,4,base64ct-1.8.3,encode,url-safe,unpadded,63,84,66576,1730127,2311.960186,external,avx512-vbmi,avx512-vbmi,x86_64,linux,0
1,commit-3-amd-9950x3d,run-2,0,base64ct-1.8.3,decode,url-safe,unpadded,63,84,66576,5474305,730.683574,external,avx512-vbmi,avx512-vbmi,x86_64,linux,0
1,commit-3-amd-9950x3d,run-2,1,base64ct-1.8.3,decode,url-safe,unpadded,63,84,66576,5466410,731.738882,external,avx512-vbmi,avx512-vbmi,x86_64,linux,0
1,commit-3-amd-9950x3d,run-2,2,base64ct-1.8.3,decode,url-safe,unpadded,63,84,66576,5469005,731.391678,external,avx512-vbmi,avx512-vbmi,x86_64,linux,0
1,commit-3-amd-9950x3d,run-2,3,base64ct-1.8.3,decode,url-safe,unpadded,63,84,66576,5466551,731.720008,external,avx512-vbmi,avx512-vbmi,x86_64,linux,0
1,commit-3-amd-9950x3d,run-2,4,base64ct-1.8.3,decode,url-safe,unpadded,63,84,66576,5471840,731.012738,external,avx512-vbmi,avx512-vbmi,x86_64,linux,0
1,commit-3-amd-9950x3d,run-2,0,base64-ng,encode,url-safe,unpadded,64,86,65536,7315010,546.820852,auto,avx512-vbmi,avx512-vbmi,x86_64,linux,0
1,commit-3-amd-9950x3d,run-2,1,base64-ng,encode,url-safe,unpadded,64,86,65536,7309008,547.269889,auto,avx512-vbmi,avx512-vbmi,x86_64,linux,0
1,commit-3-amd-9950x3d,run-2,2,base64-ng,encode,url-safe,unpadded,64,86,65536,7290183,548.683071,auto,avx512-vbmi,avx512-vbmi,x86_64,linux,0
1,commit-3-amd-9950x3d,run-2,3,base64-ng,encode,url-safe,unpadded,64,86,65536,7267080,550.427407,auto,avx512-vbmi,avx512-vbmi,x86_64,linux,0
1,commit-3-amd-9950x3d,run-2,4,base64-ng,encode,url-safe,unpadded,64,86,65536,7325038,546.072252,auto,avx512-vbmi,avx512-vbmi,x86_64,linux,0
1,commit-3-amd-9950x3d,run-2,0,base64-ng,decode,url-safe,unpadded,64,86,65536,33820585,118.271165,auto,avx512-vbmi,avx512-vbmi,x86_64,linux,0
1,commit-3-amd-9950x3d,run-2,1,base64-ng,decode,url-safe,unpadded,64,86,65536,33868484,118.103899,auto,avx512-vbmi,avx512-vbmi,x86_64,linux,0
1,commit-3-amd-9950x3d,run-2,2,base64-ng,decode,url-safe,unpadded,64,86,65536,33673687,118.787111,auto,avx512-vbmi,avx512-vbmi,x86_64,linux,0
1,commit-3-amd-9950x3d,run-2,3,base64-ng,decode,url-safe,unpadded,64,86,65536,33481426,119.469225,auto,avx512-vbmi,avx512-vbmi,x86_64,linux,0
1,commit-3-amd-9950x3d,run-2,4,base64-ng,decode,url-safe,unpadded,64,86,65536,33463331,119.533826,auto,avx512-vbmi,avx512-vbmi,x86_64,linux,0
1,commit-3-amd-9950x3d,run-2,0,base64-ng,encode,url-safe,unpadded,64,86,65536,4303942,929.380554,scalar,avx512-vbmi,avx512-vbmi,x86_64,linux,0
1,commit-3-amd-9950x3d,run-2,1,base64-ng,encode,url-safe,unpadded,64,86,65536,4310354,927.998025,scalar,avx512-vbmi,avx512-vbmi,x86_64,linux,0
1,commit-3-amd-9950x3d,run-2,2,base64-ng,encode,url-safe,unpadded,64,86,65536,4307549,928.602321,scalar,avx512-vbmi,avx512-vbmi,x86_64,linux,0
1,commit-3-amd-9950x3d,run-2,3,base64-ng,encode,url-safe,unpadded,64,86,65536,4306536,928.820751,scalar,avx512-vbmi,avx512-vbmi,x86_64,linux,0
1,commit-3-amd-9950x3d,run-2,4,base64-ng,encode,url-safe,unpadded,64,86,65536,4307228,928.671526,scalar,avx512-vbmi,avx512-vbmi,x86_64,linux,0
1,commit-3-amd-9950x3d,run-2,0,base64-ng,decode,url-safe,unpadded,64,86,65536,14179121,282.104934,scalar,avx512-vbmi,avx512-vbmi,x86_64,linux,0
1,commit-3-amd-9950x3d,run-2,1,base64-ng,decode,url-safe,unpadded,64,86,65536,14173179,282.223205,scalar,avx512-vbmi,avx512-vbmi,x86_64,linux,0
1,commit-3-amd-9950x3d,run-2,2,base64-ng,decode,url-safe,unpadded,64,86,65536,14425364,277.289363,scalar,avx512-vbmi,avx512-vbmi,x86_64,linux,0
1,commit-3-amd-9950x3d,run-2,3,base64-ng,decode,url-safe,unpadded,64,86,65536,14089482,283.899720,scalar,avx512-vbmi,avx512-vbmi,x86_64,linux,0
1,commit-3-amd-9950x3d,run-2,4,base64-ng,decode,url-safe,unpadded,64,86,65536,14108087,283.525328,scalar,avx512-vbmi,avx512-vbmi,x86_64,linux,0
1,commit-3-amd-9950x3d,run-2,0,base64-ng,encode,url-safe,unpadded,64,86,65536,13275931,301.297137,ssse3-sse4.1,avx512-vbmi,avx512-vbmi,x86_64,linux,0
1,commit-3-amd-9950x3d,run-2,1,base64-ng,encode,url-safe,unpadded,64,86,65536,13231778,302.302533,ssse3-sse4.1,avx512-vbmi,avx512-vbmi,x86_64,linux,0
1,commit-3-amd-9950x3d,run-2,2,base64-ng,encode,url-safe,unpadded,64,86,65536,13296289,300.835820,ssse3-sse4.1,avx512-vbmi,avx512-vbmi,x86_64,linux,0
1,commit-3-amd-9950x3d,run-2,3,base64-ng,encode,url-safe,unpadded,64,86,65536,13295438,300.855075,ssse3-sse4.1,avx512-vbmi,avx512-vbmi,x86_64,linux,0
1,commit-3-amd-9950x3d,run-2,4,base64-ng,encode,url-safe,unpadded,64,86,65536,13228321,302.381534,ssse3-sse4.1,avx512-vbmi,avx512-vbmi,x86_64,linux,0
1,commit-3-amd-9950x3d,run-2,0,base64-ng,decode,url-safe,unpadded,64,86,65536,49352712,81.049244,ssse3-sse4.1,avx512-vbmi,avx512-vbmi,x86_64,linux,0
1,commit-3-amd-9950x3d,run-2,1,base64-ng,decode,url-safe,unpadded,64,86,65536,49630395,80.595772,ssse3-sse4.1,avx512-vbmi,avx512-vbmi,x86_64,linux,0
1,commit-3-amd-9950x3d,run-2,2,base64-ng,decode,url-safe,unpadded,64,86,65536,49683515,80.509602,ssse3-sse4.1,avx512-vbmi,avx512-vbmi,x86_64,linux,0
1,commit-3-amd-9950x3d,run-2,3,base64-ng,decode,url-safe,unpadded,64,86,65536,49357231,81.041823,ssse3-sse4.1,avx512-vbmi,avx512-vbmi,x86_64,linux,0
1,commit-3-amd-9950x3d,run-2,4,base64-ng,decode,url-safe,unpadded,64,86,65536,49707229,80.471193,ssse3-sse4.1,avx512-vbmi,avx512-vbmi,x86_64,linux,0
1,commit-3-amd-9950x3d,run-2,0,base64-ng,encode,url-safe,unpadded,64,86,65536,8625476,463.742523,avx2,avx512-vbmi,avx512-vbmi,x86_64,linux,0
1,commit-3-amd-9950x3d,run-2,1,base64-ng,encode,url-safe,unpadded,64,86,65536,8620688,464.000089,avx2,avx512-vbmi,avx512-vbmi,x86_64,linux,0
1,commit-3-amd-9950x3d,run-2,2,base64-ng,encode,url-safe,unpadded,64,86,65536,8640866,462.916564,avx2,avx512-vbmi,avx512-vbmi,x86_64,linux,0
1,commit-3-amd-9950x3d,run-2,3,base64-ng,encode,url-safe,unpadded,64,86,65536,8640414,462.940780,avx2,avx512-vbmi,avx512-vbmi,x86_64,linux,0
1,commit-3-amd-9950x3d,run-2,4,base64-ng,encode,url-safe,unpadded,64,86,65536,8636037,463.175413,avx2,avx512-vbmi,avx512-vbmi,x86_64,linux,0
1,commit-3-amd-9950x3d,run-2,0,base64-ng,decode,url-safe,unpadded,64,86,65536,39282165,101.827381,avx2,avx512-vbmi,avx512-vbmi,x86_64,linux,0
1,commit-3-amd-9950x3d,run-2,1,base64-ng,decode,url-safe,unpadded,64,86,65536,39450232,101.393574,avx2,avx512-vbmi,avx512-vbmi,x86_64,linux,0
1,commit-3-amd-9950x3d,run-2,2,base64-ng,decode,url-safe,unpadded,64,86,65536,39344883,101.665063,avx2,avx512-vbmi,avx512-vbmi,x86_64,linux,0
1,commit-3-amd-9950x3d,run-2,3,base64-ng,decode,url-safe,unpadded,64,86,65536,39355664,101.637213,avx2,avx512-vbmi,avx512-vbmi,x86_64,linux,0
1,commit-3-amd-9950x3d,run-2,4,base64-ng,decode,url-safe,unpadded,64,86,65536,39133856,102.213286,avx2,avx512-vbmi,avx512-vbmi,x86_64,linux,0
1,commit-3-amd-9950x3d,run-2,0,base64-ng,encode,url-safe,unpadded,64,86,65536,6550060,610.681429,avx512-vbmi,avx512-vbmi,avx512-vbmi,x86_64,linux,0
1,commit-3-amd-9950x3d,run-2,1,base64-ng,encode,url-safe,unpadded,64,86,65536,6569867,608.840331,avx512-vbmi,avx512-vbmi,avx512-vbmi,x86_64,linux,0
1,commit-3-amd-9950x3d,run-2,2,base64-ng,encode,url-safe,unpadded,64,86,65536,6557764,609.964006,avx512-vbmi,avx512-vbmi,avx512-vbmi,x86_64,linux,0
1,commit-3-amd-9950x3d,run-2,3,base64-ng,encode,url-safe,unpadded,64,86,65536,6581990,607.718942,avx512-vbmi,avx512-vbmi,avx512-vbmi,x86_64,linux,0
1,commit-3-amd-9950x3d,run-2,4,base64-ng,encode,url-safe,unpadded,64,86,65536,6565789,609.218481,avx512-vbmi,avx512-vbmi,avx512-vbmi,x86_64,linux,0
1,commit-3-amd-9950x3d,run-2,0,base64-ng,decode,url-safe,unpadded,64,86,65536,33491124,119.434630,avx512-vbmi,avx512-vbmi,avx512-vbmi,x86_64,linux,0
1,commit-3-amd-9950x3d,run-2,1,base64-ng,decode,url-safe,unpadded,64,86,65536,33548863,119.229078,avx512-vbmi,avx512-vbmi,avx512-vbmi,x86_64,linux,0
1,commit-3-amd-9950x3d,run-2,2,base64-ng,decode,url-safe,unpadded,64,86,65536,33451459,119.576249,avx512-vbmi,avx512-vbmi,avx512-vbmi,x86_64,linux,0
1,commit-3-amd-9950x3d,run-2,3,base64-ng,decode,url-safe,unpadded,64,86,65536,33607494,119.021073,avx512-vbmi,avx512-vbmi,avx512-vbmi,x86_64,linux,0
1,commit-3-amd-9950x3d,run-2,4,base64-ng,decode,url-safe,unpadded,64,86,65536,34575345,115.689373,avx512-vbmi,avx512-vbmi,avx512-vbmi,x86_64,linux,0
1,commit-3-amd-9950x3d,run-2,0,base64-0.23.0,encode,url-safe,unpadded,64,86,65536,1359398,2942.478950,external,avx512-vbmi,avx512-vbmi,x86_64,linux,0
1,commit-3-amd-9950x3d,run-2,1,base64-0.23.0,encode,url-safe,unpadded,64,86,65536,1305127,3064.835836,external,avx512-vbmi,avx512-vbmi,x86_64,linux,0
1,commit-3-amd-9950x3d,run-2,2,base64-0.23.0,encode,url-safe,unpadded,64,86,65536,1311939,3048.922244,external,avx512-vbmi,avx512-vbmi,x86_64,linux,0
1,commit-3-amd-9950x3d,run-2,3,base64-0.23.0,encode,url-safe,unpadded,64,86,65536,1311970,3048.850202,external,avx512-vbmi,avx512-vbmi,x86_64,linux,0
1,commit-3-amd-9950x3d,run-2,4,base64-0.23.0,encode,url-safe,unpadded,64,86,65536,1307942,3058.239586,external,avx512-vbmi,avx512-vbmi,x86_64,linux,0
1,commit-3-amd-9950x3d,run-2,0,base64-0.23.0,decode,url-safe,unpadded,64,86,65536,1784920,2240.996795,external,avx512-vbmi,avx512-vbmi,x86_64,linux,0
1,commit-3-amd-9950x3d,run-2,1,base64-0.23.0,decode,url-safe,unpadded,64,86,65536,1788677,2236.289727,external,avx512-vbmi,avx512-vbmi,x86_64,linux,0
1,commit-3-amd-9950x3d,run-2,2,base64-0.23.0,decode,url-safe,unpadded,64,86,65536,1782185,2244.435903,external,avx512-vbmi,avx512-vbmi,x86_64,linux,0
1,commit-3-amd-9950x3d,run-2,3,base64-0.23.0,decode,url-safe,unpadded,64,86,65536,1787575,2237.668350,external,avx512-vbmi,avx512-vbmi,x86_64,linux,0
1,commit-3-amd-9950x3d,run-2,4,base64-0.23.0,decode,url-safe,unpadded,64,86,65536,1849772,2162.428667,external,avx512-vbmi,avx512-vbmi,x86_64,linux,0
1,commit-3-amd-9950x3d,run-2,0,base64ct-1.8.3,encode,url-safe,unpadded,64,86,65536,1720919,2324.339495,external,avx512-vbmi,avx512-vbmi,x86_64,linux,0
1,commit-3-amd-9950x3d,run-2,1,base64ct-1.8.3,encode,url-safe,unpadded,64,86,65536,1709829,2339.415228,external,avx512-vbmi,avx512-vbmi,x86_64,linux,0
1,commit-3-amd-9950x3d,run-2,2,base64ct-1.8.3,encode,url-safe,unpadded,64,86,65536,1707664,2342.381171,external,avx512-vbmi,avx512-vbmi,x86_64,linux,0
1,commit-3-amd-9950x3d,run-2,3,base64ct-1.8.3,encode,url-safe,unpadded,64,86,65536,1714307,2333.304361,external,avx512-vbmi,avx512-vbmi,x86_64,linux,0
1,commit-3-amd-9950x3d,run-2,4,base64ct-1.8.3,encode,url-safe,unpadded,64,86,65536,1744494,2292.928494,external,avx512-vbmi,avx512-vbmi,x86_64,linux,0
1,commit-3-amd-9950x3d,run-2,0,base64ct-1.8.3,decode,url-safe,unpadded,64,86,65536,5999684,666.701780,external,avx512-vbmi,avx512-vbmi,x86_64,linux,0
1,commit-3-amd-9950x3d,run-2,1,base64ct-1.8.3,decode,url-safe,unpadded,64,86,65536,5946063,672.714029,external,avx512-vbmi,avx512-vbmi,x86_64,linux,0
1,commit-3-amd-9950x3d,run-2,2,base64ct-1.8.3,decode,url-safe,unpadded,64,86,65536,5942046,673.168804,external,avx512-vbmi,avx512-vbmi,x86_64,linux,0
1,commit-3-amd-9950x3d,run-2,3,base64ct-1.8.3,decode,url-safe,unpadded,64,86,65536,5959518,671.195221,external,avx512-vbmi,avx512-vbmi,x86_64,linux,0
1,commit-3-amd-9950x3d,run-2,4,base64ct-1.8.3,decode,url-safe,unpadded,64,86,65536,5973384,669.637177,external,avx512-vbmi,avx512-vbmi,x86_64,linux,0
1,commit-3-amd-9950x3d,run-2,0,base64-ng,encode,url-safe,unpadded,1024,1366,4096,3804622,1051.352802,auto,avx512-vbmi,avx512-vbmi,x86_64,linux,0
1,commit-3-amd-9950x3d,run-2,1,base64-ng,encode,url-safe,unpadded,1024,1366,4096,3760739,1063.620740,auto,avx512-vbmi,avx512-vbmi,x86_64,linux,0
1,commit-3-amd-9950x3d,run-2,2,base64-ng,encode,url-safe,unpadded,1024,1366,4096,3733128,1071.487503,auto,avx512-vbmi,avx512-vbmi,x86_64,linux,0
1,commit-3-amd-9950x3d,run-2,3,base64-ng,encode,url-safe,unpadded,1024,1366,4096,3724380,1074.004264,auto,avx512-vbmi,avx512-vbmi,x86_64,linux,0
1,commit-3-amd-9950x3d,run-2,4,base64-ng,encode,url-safe,unpadded,1024,1366,4096,3715775,1076.491445,auto,avx512-vbmi,avx512-vbmi,x86_64,linux,0
1,commit-3-amd-9950x3d,run-2,0,base64-ng,decode,url-safe,unpadded,1024,1366,4096,27006518,148.112393,auto,avx512-vbmi,avx512-vbmi,x86_64,linux,0
1,commit-3-amd-9950x3d,run-2,1,base64-ng,decode,url-safe,unpadded,1024,1366,4096,26876944,148.826444,auto,avx512-vbmi,avx512-vbmi,x86_64,linux,0
1,commit-3-amd-9950x3d,run-2,2,base64-ng,decode,url-safe,unpadded,1024,1366,4096,26797234,149.269137,auto,avx512-vbmi,avx512-vbmi,x86_64,linux,0
1,commit-3-amd-9950x3d,run-2,3,base64-ng,decode,url-safe,unpadded,1024,1366,4096,26860272,148.918820,auto,avx512-vbmi,avx512-vbmi,x86_64,linux,0
1,commit-3-amd-9950x3d,run-2,4,base64-ng,decode,url-safe,unpadded,1024,1366,4096,26900107,148.698293,auto,avx512-vbmi,avx512-vbmi,x86_64,linux,0
1,commit-3-amd-9950x3d,run-2,0,base64-ng,encode,url-safe,unpadded,1024,1366,4096,1950421,2050.839280,scalar,avx512-vbmi,avx512-vbmi,x86_64,linux,0
1,commit-3-amd-9950x3d,run-2,1,base64-ng,encode,url-safe,unpadded,1024,1366,4096,1957495,2043.427953,scalar,avx512-vbmi,avx512-vbmi,x86_64,linux,0
1,commit-3-amd-9950x3d,run-2,2,base64-ng,encode,url-safe,unpadded,1024,1366,4096,1957115,2043.824711,scalar,avx512-vbmi,avx512-vbmi,x86_64,linux,0
1,commit-3-amd-9950x3d,run-2,3,base64-ng,encode,url-safe,unpadded,1024,1366,4096,1987531,2012.547226,scalar,avx512-vbmi,avx512-vbmi,x86_64,linux,0
1,commit-3-amd-9950x3d,run-2,4,base64-ng,encode,url-safe,unpadded,1024,1366,4096,1965811,2034.783608,scalar,avx512-vbmi,avx512-vbmi,x86_64,linux,0
1,commit-3-amd-9950x3d,run-2,0,base64-ng,decode,url-safe,unpadded,1024,1366,4096,13724224,291.455459,scalar,avx512-vbmi,avx512-vbmi,x86_64,linux,0
1,commit-3-amd-9950x3d,run-2,1,base64-ng,decode,url-safe,unpadded,1024,1366,4096,13753129,290.842906,scalar,avx512-vbmi,avx512-vbmi,x86_64,linux,0
1,commit-3-amd-9950x3d,run-2,2,base64-ng,decode,url-safe,unpadded,1024,1366,4096,13732069,291.288953,scalar,avx512-vbmi,avx512-vbmi,x86_64,linux,0
1,commit-3-amd-9950x3d,run-2,3,base64-ng,decode,url-safe,unpadded,1024,1366,4096,13759531,290.707583,scalar,avx512-vbmi,avx512-vbmi,x86_64,linux,0
1,commit-3-amd-9950x3d,run-2,4,base64-ng,decode,url-safe,unpadded,1024,1366,4096,13748551,290.939751,scalar,avx512-vbmi,avx512-vbmi,x86_64,linux,0
1,commit-3-amd-9950x3d,run-2,0,base64-ng,encode,url-safe,unpadded,1024,1366,4096,11755198,340.275000,ssse3-sse4.1,avx512-vbmi,avx512-vbmi,x86_64,linux,0
1,commit-3-amd-9950x3d,run-2,1,base64-ng,encode,url-safe,unpadded,1024,1366,4096,11743346,340.618423,ssse3-sse4.1,avx512-vbmi,avx512-vbmi,x86_64,linux,0
1,commit-3-amd-9950x3d,run-2,2,base64-ng,encode,url-safe,unpadded,1024,1366,4096,11963460,334.351433,ssse3-sse4.1,avx512-vbmi,avx512-vbmi,x86_64,linux,0
1,commit-3-amd-9950x3d,run-2,3,base64-ng,encode,url-safe,unpadded,1024,1366,4096,11763534,340.033871,ssse3-sse4.1,avx512-vbmi,avx512-vbmi,x86_64,linux,0
1,commit-3-amd-9950x3d,run-2,4,base64-ng,encode,url-safe,unpadded,1024,1366,4096,11743967,340.600412,ssse3-sse4.1,avx512-vbmi,avx512-vbmi,x86_64,linux,0
1,commit-3-amd-9950x3d,run-2,0,base64-ng,decode,url-safe,unpadded,1024,1366,4096,49502544,80.803928,ssse3-sse4.1,avx512-vbmi,avx512-vbmi,x86_64,linux,0
1,commit-3-amd-9950x3d,run-2,1,base64-ng,decode,url-safe,unpadded,1024,1366,4096,49528273,80.761952,ssse3-sse4.1,avx512-vbmi,avx512-vbmi,x86_64,linux,0
1,commit-3-amd-9950x3d,run-2,2,base64-ng,decode,url-safe,unpadded,1024,1366,4096,49293631,81.146386,ssse3-sse4.1,avx512-vbmi,avx512-vbmi,x86_64,linux,0
1,commit-3-amd-9950x3d,run-2,3,base64-ng,decode,url-safe,unpadded,1024,1366,4096,49430088,80.922373,ssse3-sse4.1,avx512-vbmi,avx512-vbmi,x86_64,linux,0
1,commit-3-amd-9950x3d,run-2,4,base64-ng,decode,url-safe,unpadded,1024,1366,4096,49409329,80.956372,ssse3-sse4.1,avx512-vbmi,avx512-vbmi,x86_64,linux,0
1,commit-3-amd-9950x3d,run-2,0,base64-ng,encode,url-safe,unpadded,1024,1366,4096,6403804,624.628736,avx2,avx512-vbmi,avx512-vbmi,x86_64,linux,0
1,commit-3-amd-9950x3d,run-2,1,base64-ng,encode,url-safe,unpadded,1024,1366,4096,6420697,622.985324,avx2,avx512-vbmi,avx512-vbmi,x86_64,linux,0
1,commit-3-amd-9950x3d,run-2,2,base64-ng,encode,url-safe,unpadded,1024,1366,4096,6456454,619.535119,avx2,avx512-vbmi,avx512-vbmi,x86_64,linux,0
1,commit-3-amd-9950x3d,run-2,3,base64-ng,encode,url-safe,unpadded,1024,1366,4096,6411018,623.925873,avx2,avx512-vbmi,avx512-vbmi,x86_64,linux,0
1,commit-3-amd-9950x3d,run-2,4,base64-ng,encode,url-safe,unpadded,1024,1366,4096,6433601,621.735790,avx2,avx512-vbmi,avx512-vbmi,x86_64,linux,0
1,commit-3-amd-9950x3d,run-2,0,base64-ng,decode,url-safe,unpadded,1024,1366,4096,34422167,116.204189,avx2,avx512-vbmi,avx512-vbmi,x86_64,linux,0
1,commit-3-amd-9950x3d,run-2,1,base64-ng,decode,url-safe,unpadded,1024,1366,4096,34372033,116.373681,avx2,avx512-vbmi,avx512-vbmi,x86_64,linux,0
1,commit-3-amd-9950x3d,run-2,2,base64-ng,decode,url-safe,unpadded,1024,1366,4096,35735429,111.933734,avx2,avx512-vbmi,avx512-vbmi,x86_64,linux,0
1,commit-3-amd-9950x3d,run-2,3,base64-ng,decode,url-safe,unpadded,1024,1366,4096,36368450,109.985441,avx2,avx512-vbmi,avx512-vbmi,x86_64,linux,0
1,commit-3-amd-9950x3d,run-2,4,base64-ng,decode,url-safe,unpadded,1024,1366,4096,34432225,116.170245,avx2,avx512-vbmi,avx512-vbmi,x86_64,linux,0
1,commit-3-amd-9950x3d,run-2,0,base64-ng,encode,url-safe,unpadded,1024,1366,4096,3656623,1093.905497,avx512-vbmi,avx512-vbmi,avx512-vbmi,x86_64,linux,0
1,commit-3-amd-9950x3d,run-2,1,base64-ng,encode,url-safe,unpadded,1024,1366,4096,3691499,1083.570658,avx512-vbmi,avx512-vbmi,avx512-vbmi,x86_64,linux,0
1,commit-3-amd-9950x3d,run-2,2,base64-ng,encode,url-safe,unpadded,1024,1366,4096,3686159,1085.140386,avx512-vbmi,avx512-vbmi,avx512-vbmi,x86_64,linux,0
1,commit-3-amd-9950x3d,run-2,3,base64-ng,encode,url-safe,unpadded,1024,1366,4096,3691619,1083.535435,avx512-vbmi,avx512-vbmi,avx512-vbmi,x86_64,linux,0
1,commit-3-amd-9950x3d,run-2,4,base64-ng,encode,url-safe,unpadded,1024,1366,4096,3716776,1076.201525,avx512-vbmi,avx512-vbmi,avx512-vbmi,x86_64,linux,0
1,commit-3-amd-9950x3d,run-2,0,base64-ng,decode,url-safe,unpadded,1024,1366,4096,26804256,149.230033,avx512-vbmi,avx512-vbmi,avx512-vbmi,x86_64,linux,0
1,commit-3-amd-9950x3d,run-2,1,base64-ng,decode,url-safe,unpadded,1024,1366,4096,26883646,148.789342,avx512-vbmi,avx512-vbmi,avx512-vbmi,x86_64,linux,0
1,commit-3-amd-9950x3d,run-2,2,base64-ng,decode,url-safe,unpadded,1024,1366,4096,26857146,148.936153,avx512-vbmi,avx512-vbmi,avx512-vbmi,x86_64,linux,0
1,commit-3-amd-9950x3d,run-2,3,base64-ng,decode,url-safe,unpadded,1024,1366,4096,26964458,148.343423,avx512-vbmi,avx512-vbmi,avx512-vbmi,x86_64,linux,0
1,commit-3-amd-9950x3d,run-2,4,base64-ng,decode,url-safe,unpadded,1024,1366,4096,26868608,148.872617,avx512-vbmi,avx512-vbmi,avx512-vbmi,x86_64,linux,0
1,commit-3-amd-9950x3d,run-2,0,base64-0.23.0,encode,url-safe,unpadded,1024,1366,4096,811698,4927.941180,external,avx512-vbmi,avx512-vbmi,x86_64,linux,0
1,commit-3-amd-9950x3d,run-2,1,base64-0.23.0,encode,url-safe,unpadded,1024,1366,4096,837947,4773.571598,external,avx512-vbmi,avx512-vbmi,x86_64,linux,0
1,commit-3-amd-9950x3d,run-2,2,base64-0.23.0,encode,url-safe,unpadded,1024,1366,4096,840843,4757.130642,external,avx512-vbmi,avx512-vbmi,x86_64,linux,0
1,commit-3-amd-9950x3d,run-2,3,base64-0.23.0,encode,url-safe,unpadded,1024,1366,4096,848717,4712.996205,external,avx512-vbmi,avx512-vbmi,x86_64,linux,0
1,commit-3-amd-9950x3d,run-2,4,base64-0.23.0,encode,url-safe,unpadded,1024,1366,4096,853957,4684.076599,external,avx512-vbmi,avx512-vbmi,x86_64,linux,0
1,commit-3-amd-9950x3d,run-2,0,base64-0.23.0,decode,url-safe,unpadded,1024,1366,4096,987629,4050.103835,external,avx512-vbmi,avx512-vbmi,x86_64,linux,0
1,commit-3-amd-9950x3d,run-2,1,base64-0.23.0,decode,url-safe,unpadded,1024,1366,4096,990785,4037.202824,external,avx512-vbmi,avx512-vbmi,x86_64,linux,0
1,commit-3-amd-9950x3d,run-2,2,base64-0.23.0,decode,url-safe,unpadded,1024,1366,4096,993330,4026.859151,external,avx512-vbmi,avx512-vbmi,x86_64,linux,0
1,commit-3-amd-9950x3d,run-2,3,base64-0.23.0,decode,url-safe,unpadded,1024,1366,4096,993731,4025.234193,external,avx512-vbmi,avx512-vbmi,x86_64,linux,0
1,commit-3-amd-9950x3d,run-2,4,base64-0.23.0,decode,url-safe,unpadded,1024,1366,4096,992749,4029.215844,external,avx512-vbmi,avx512-vbmi,x86_64,linux,0
1,commit-3-amd-9950x3d,run-2,0,base64ct-1.8.3,encode,url-safe,unpadded,1024,1366,4096,1380939,2896.579791,external,avx512-vbmi,avx512-vbmi,x86_64,linux,0
1,commit-3-amd-9950x3d,run-2,1,base64ct-1.8.3,encode,url-safe,unpadded,1024,1366,4096,1365360,2929.630281,external,avx512-vbmi,avx512-vbmi,x86_64,linux,0
1,commit-3-amd-9950x3d,run-2,2,base64ct-1.8.3,encode,url-safe,unpadded,1024,1366,4096,1377503,2903.804928,external,avx512-vbmi,avx512-vbmi,x86_64,linux,0
1,commit-3-amd-9950x3d,run-2,3,base64ct-1.8.3,encode,url-safe,unpadded,1024,1366,4096,1375029,2909.029555,external,avx512-vbmi,avx512-vbmi,x86_64,linux,0
1,commit-3-amd-9950x3d,run-2,4,base64ct-1.8.3,encode,url-safe,unpadded,1024,1366,4096,1371742,2916.000239,external,avx512-vbmi,avx512-vbmi,x86_64,linux,0
1,commit-3-amd-9950x3d,run-2,0,base64ct-1.8.3,decode,url-safe,unpadded,1024,1366,4096,4607083,868.228335,external,avx512-vbmi,avx512-vbmi,x86_64,linux,0
1,commit-3-amd-9950x3d,run-2,1,base64ct-1.8.3,decode,url-safe,unpadded,1024,1366,4096,4619676,865.861589,external,avx512-vbmi,avx512-vbmi,x86_64,linux,0
1,commit-3-amd-9950x3d,run-2,2,base64ct-1.8.3,decode,url-safe,unpadded,1024,1366,4096,4617763,866.220289,external,avx512-vbmi,avx512-vbmi,x86_64,linux,0
1,commit-3-amd-9950x3d,run-2,3,base64ct-1.8.3,decode,url-safe,unpadded,1024,1366,4096,4621750,865.473035,external,avx512-vbmi,avx512-vbmi,x86_64,linux,0
1,commit-3-amd-9950x3d,run-2,4,base64ct-1.8.3,decode,url-safe,unpadded,1024,1366,4096,4621289,865.559371,external,avx512-vbmi,avx512-vbmi,x86_64,linux,0
1,commit-3-amd-9950x3d,run-2,0,base64-ng,encode,url-safe,unpadded,65536,87382,64,3539382,1130.140799,auto,avx512-vbmi,avx512-vbmi,x86_64,linux,0
1,commit-3-amd-9950x3d,run-2,1,base64-ng,encode,url-safe,unpadded,65536,87382,64,3497574,1143.649856,auto,avx512-vbmi,avx512-vbmi,x86_64,linux,0
1,commit-3-amd-9950x3d,run-2,2,base64-ng,encode,url-safe,unpadded,65536,87382,64,3509025,1139.917783,auto,avx512-vbmi,avx512-vbmi,x86_64,linux,0
1,commit-3-amd-9950x3d,run-2,3,base64-ng,encode,url-safe,unpadded,65536,87382,64,3568808,1120.822415,auto,avx512-vbmi,avx512-vbmi,x86_64,linux,0
1,commit-3-amd-9950x3d,run-2,4,base64-ng,encode,url-safe,unpadded,65536,87382,64,3526869,1134.150432,auto,avx512-vbmi,avx512-vbmi,x86_64,linux,0
1,commit-3-amd-9950x3d,run-2,0,base64-ng,decode,url-safe,unpadded,65536,87382,64,26425905,151.366623,auto,avx512-vbmi,avx512-vbmi,x86_64,linux,0
1,commit-3-amd-9950x3d,run-2,1,base64-ng,decode,url-safe,unpadded,65536,87382,64,26458806,151.178402,auto,avx512-vbmi,avx512-vbmi,x86_64,linux,0
1,commit-3-amd-9950x3d,run-2,2,base64-ng,decode,url-safe,unpadded,65536,87382,64,26354470,151.776909,auto,avx512-vbmi,avx512-vbmi,x86_64,linux,0
1,commit-3-amd-9950x3d,run-2,3,base64-ng,decode,url-safe,unpadded,65536,87382,64,26352627,151.787524,auto,avx512-vbmi,avx512-vbmi,x86_64,linux,0
1,commit-3-amd-9950x3d,run-2,4,base64-ng,decode,url-safe,unpadded,65536,87382,64,26411498,151.449191,auto,avx512-vbmi,avx512-vbmi,x86_64,linux,0
1,commit-3-amd-9950x3d,run-2,0,base64-ng,encode,url-safe,unpadded,65536,87382,64,1809877,2210.094940,scalar,avx512-vbmi,avx512-vbmi,x86_64,linux,0
1,commit-3-amd-9950x3d,run-2,1,base64-ng,encode,url-safe,unpadded,65536,87382,64,1802503,2219.136390,scalar,avx512-vbmi,avx512-vbmi,x86_64,linux,0
1,commit-3-amd-9950x3d,run-2,2,base64-ng,encode,url-safe,unpadded,65536,87382,64,1809125,2211.013612,scalar,avx512-vbmi,avx512-vbmi,x86_64,linux,0
1,commit-3-amd-9950x3d,run-2,3,base64-ng,encode,url-safe,unpadded,65536,87382,64,1815026,2203.825179,scalar,avx512-vbmi,avx512-vbmi,x86_64,linux,0
1,commit-3-amd-9950x3d,run-2,4,base64-ng,encode,url-safe,unpadded,65536,87382,64,1812471,2206.931863,scalar,avx512-vbmi,avx512-vbmi,x86_64,linux,0
1,commit-3-amd-9950x3d,run-2,0,base64-ng,decode,url-safe,unpadded,65536,87382,64,13692966,292.120787,scalar,avx512-vbmi,avx512-vbmi,x86_64,linux,0
1,commit-3-amd-9950x3d,run-2,1,base64-ng,decode,url-safe,unpadded,65536,87382,64,13626881,293.537457,scalar,avx512-vbmi,avx512-vbmi,x86_64,linux,0
1,commit-3-amd-9950x3d,run-2,2,base64-ng,decode,url-safe,unpadded,65536,87382,64,13649825,293.044050,scalar,avx512-vbmi,avx512-vbmi,x86_64,linux,0
1,commit-3-amd-9950x3d,run-2,3,base64-ng,decode,url-safe,unpadded,65536,87382,64,13635307,293.356065,scalar,avx512-vbmi,avx512-vbmi,x86_64,linux,0
1,commit-3-amd-9950x3d,run-2,4,base64-ng,decode,url-safe,unpadded,65536,87382,64,13716280,291.624260,scalar,avx512-vbmi,avx512-vbmi,x86_64,linux,0
1,commit-3-amd-9950x3d,run-2,0,base64-ng,encode,url-safe,unpadded,65536,87382,64,12130966,329.734664,ssse3-sse4.1,avx512-vbmi,avx512-vbmi,x86_64,linux,0
1,commit-3-amd-9950x3d,run-2,1,base64-ng,encode,url-safe,unpadded,65536,87382,64,11573155,345.627446,ssse3-sse4.1,avx512-vbmi,avx512-vbmi,x86_64,linux,0
1,commit-3-amd-9950x3d,run-2,2,base64-ng,encode,url-safe,unpadded,65536,87382,64,11696999,341.968055,ssse3-sse4.1,avx512-vbmi,avx512-vbmi,x86_64,linux,0
1,commit-3-amd-9950x3d,run-2,3,base64-ng,encode,url-safe,unpadded,65536,87382,64,11806014,338.810372,ssse3-sse4.1,avx512-vbmi,avx512-vbmi,x86_64,linux,0
1,commit-3-amd-9950x3d,run-2,4,base64-ng,encode,url-safe,unpadded,65536,87382,64,12025888,332.615770,ssse3-sse4.1,avx512-vbmi,avx512-vbmi,x86_64,linux,0
1,commit-3-amd-9950x3d,run-2,0,base64-ng,decode,url-safe,unpadded,65536,87382,64,49433033,80.917552,ssse3-sse4.1,avx512-vbmi,avx512-vbmi,x86_64,linux,0
1,commit-3-amd-9950x3d,run-2,1,base64-ng,decode,url-safe,unpadded,65536,87382,64,49352222,81.050049,ssse3-sse4.1,avx512-vbmi,avx512-vbmi,x86_64,linux,0
1,commit-3-amd-9950x3d,run-2,2,base64-ng,decode,url-safe,unpadded,65536,87382,64,49382338,81.000620,ssse3-sse4.1,avx512-vbmi,avx512-vbmi,x86_64,linux,0
1,commit-3-amd-9950x3d,run-2,3,base64-ng,decode,url-safe,unpadded,65536,87382,64,49520468,80.774681,ssse3-sse4.1,avx512-vbmi,avx512-vbmi,x86_64,linux,0
1,commit-3-amd-9950x3d,run-2,4,base64-ng,decode,url-safe,unpadded,65536,87382,64,49690678,80.497996,ssse3-sse4.1,avx512-vbmi,avx512-vbmi,x86_64,linux,0
1,commit-3-amd-9950x3d,run-2,0,base64-ng,encode,url-safe,unpadded,65536,87382,64,6250897,639.908160,avx2,avx512-vbmi,avx512-vbmi,x86_64,linux,0
1,commit-3-amd-9950x3d,run-2,1,base64-ng,encode,url-safe,unpadded,65536,87382,64,6264382,638.530664,avx2,avx512-vbmi,avx512-vbmi,x86_64,linux,0
1,commit-3-amd-9950x3d,run-2,2,base64-ng,encode,url-safe,unpadded,65536,87382,64,6285071,636.428769,avx2,avx512-vbmi,avx512-vbmi,x86_64,linux,0
1,commit-3-amd-9950x3d,run-2,3,base64-ng,encode,url-safe,unpadded,65536,87382,64,6274631,637.487687,avx2,avx512-vbmi,avx512-vbmi,x86_64,linux,0
1,commit-3-amd-9950x3d,run-2,4,base64-ng,encode,url-safe,unpadded,65536,87382,64,6253421,639.649881,avx2,avx512-vbmi,avx512-vbmi,x86_64,linux,0
1,commit-3-amd-9950x3d,run-2,0,base64-ng,decode,url-safe,unpadded,65536,87382,64,34121210,117.229137,avx2,avx512-vbmi,avx512-vbmi,x86_64,linux,0
1,commit-3-amd-9950x3d,run-2,1,base64-ng,decode,url-safe,unpadded,65536,87382,64,34023015,117.567476,avx2,avx512-vbmi,avx512-vbmi,x86_64,linux,0
1,commit-3-amd-9950x3d,run-2,2,base64-ng,decode,url-safe,unpadded,65536,87382,64,34356894,116.424960,avx2,avx512-vbmi,avx512-vbmi,x86_64,linux,0
1,commit-3-amd-9950x3d,run-2,3,base64-ng,decode,url-safe,unpadded,65536,87382,64,34120018,117.233232,avx2,avx512-vbmi,avx512-vbmi,x86_64,linux,0
1,commit-3-amd-9950x3d,run-2,4,base64-ng,decode,url-safe,unpadded,65536,87382,64,36057715,110.933264,avx2,avx512-vbmi,avx512-vbmi,x86_64,linux,0
1,commit-3-amd-9950x3d,run-2,0,base64-ng,encode,url-safe,unpadded,65536,87382,64,3480141,1149.378718,avx512-vbmi,avx512-vbmi,avx512-vbmi,x86_64,linux,0
1,commit-3-amd-9950x3d,run-2,1,base64-ng,encode,url-safe,unpadded,65536,87382,64,3477135,1150.372361,avx512-vbmi,avx512-vbmi,avx512-vbmi,x86_64,linux,0
1,commit-3-amd-9950x3d,run-2,2,base64-ng,encode,url-safe,unpadded,65536,87382,64,3472257,1151.988462,avx512-vbmi,avx512-vbmi,avx512-vbmi,x86_64,linux,0
1,commit-3-amd-9950x3d,run-2,3,base64-ng,encode,url-safe,unpadded,65536,87382,64,3480732,1149.183563,avx512-vbmi,avx512-vbmi,avx512-vbmi,x86_64,linux,0
1,commit-3-amd-9950x3d,run-2,4,base64-ng,encode,url-safe,unpadded,65536,87382,64,3514707,1138.074952,avx512-vbmi,avx512-vbmi,avx512-vbmi,x86_64,linux,0
1,commit-3-amd-9950x3d,run-2,0,base64-ng,decode,url-safe,unpadded,65536,87382,64,26307031,152.050606,avx512-vbmi,avx512-vbmi,avx512-vbmi,x86_64,linux,0
1,commit-3-amd-9950x3d,run-2,1,base64-ng,decode,url-safe,unpadded,65536,87382,64,26285841,152.173179,avx512-vbmi,avx512-vbmi,avx512-vbmi,x86_64,linux,0
1,commit-3-amd-9950x3d,run-2,2,base64-ng,decode,url-safe,unpadded,65536,87382,64,26259190,152.327623,avx512-vbmi,avx512-vbmi,avx512-vbmi,x86_64,linux,0
1,commit-3-amd-9950x3d,run-2,3,base64-ng,decode,url-safe,unpadded,65536,87382,64,26314284,152.008696,avx512-vbmi,avx512-vbmi,avx512-vbmi,x86_64,linux,0
1,commit-3-amd-9950x3d,run-2,4,base64-ng,decode,url-safe,unpadded,65536,87382,64,26371712,151.677676,avx512-vbmi,avx512-vbmi,avx512-vbmi,x86_64,linux,0
1,commit-3-amd-9950x3d,run-2,0,base64-0.23.0,encode,url-safe,unpadded,65536,87382,64,790668,5059.013391,external,avx512-vbmi,avx512-vbmi,x86_64,linux,0
1,commit-3-amd-9950x3d,run-2,1,base64-0.23.0,encode,url-safe,unpadded,65536,87382,64,791560,5053.312446,external,avx512-vbmi,avx512-vbmi,x86_64,linux,0
1,commit-3-amd-9950x3d,run-2,2,base64-0.23.0,encode,url-safe,unpadded,65536,87382,64,795528,5028.107119,external,avx512-vbmi,avx512-vbmi,x86_64,linux,0
1,commit-3-amd-9950x3d,run-2,3,base64-0.23.0,encode,url-safe,unpadded,65536,87382,64,797992,5012.581580,external,avx512-vbmi,avx512-vbmi,x86_64,linux,0
1,commit-3-amd-9950x3d,run-2,4,base64-0.23.0,encode,url-safe,unpadded,65536,87382,64,801508,4990.592733,external,avx512-vbmi,avx512-vbmi,x86_64,linux,0
1,commit-3-amd-9950x3d,run-2,0,base64-0.23.0,decode,url-safe,unpadded,65536,87382,64,940220,4254.323456,external,avx512-vbmi,avx512-vbmi,x86_64,linux,0
1,commit-3-amd-9950x3d,run-2,1,base64-0.23.0,decode,url-safe,unpadded,65536,87382,64,941151,4250.115019,external,avx512-vbmi,avx512-vbmi,x86_64,linux,0
1,commit-3-amd-9950x3d,run-2,2,base64-0.23.0,decode,url-safe,unpadded,65536,87382,64,944809,4233.659925,external,avx512-vbmi,avx512-vbmi,x86_64,linux,0
1,commit-3-amd-9950x3d,run-2,3,base64-0.23.0,decode,url-safe,unpadded,65536,87382,64,945229,4231.778754,external,avx512-vbmi,avx512-vbmi,x86_64,linux,0
1,commit-3-amd-9950x3d,run-2,4,base64-0.23.0,decode,url-safe,unpadded,65536,87382,64,944999,4232.808712,external,avx512-vbmi,avx512-vbmi,x86_64,linux,0
1,commit-3-amd-9950x3d,run-2,0,base64ct-1.8.3,encode,url-safe,unpadded,65536,87382,64,1331917,3003.190139,external,avx512-vbmi,avx512-vbmi,x86_64,linux,0
1,commit-3-amd-9950x3d,run-2,1,base64ct-1.8.3,encode,url-safe,unpadded,65536,87382,64,1316819,3037.623242,external,avx512-vbmi,avx512-vbmi,x86_64,linux,0
1,commit-3-amd-9950x3d,run-2,2,base64ct-1.8.3,encode,url-safe,unpadded,65536,87382,64,1321798,3026.181005,external,avx512-vbmi,avx512-vbmi,x86_64,linux,0
1,commit-3-amd-9950x3d,run-2,3,base64ct-1.8.3,encode,url-safe,unpadded,65536,87382,64,1326527,3015.392827,external,avx512-vbmi,avx512-vbmi,x86_64,linux,0
1,commit-3-amd-9950x3d,run-2,4,base64ct-1.8.3,encode,url-safe,unpadded,65536,87382,64,1328781,3010.277841,external,avx512-vbmi,avx512-vbmi,x86_64,linux,0
1,commit-3-amd-9950x3d,run-2,0,base64ct-1.8.3,decode,url-safe,unpadded,65536,87382,64,4566115,876.018234,external,avx512-vbmi,avx512-vbmi,x86_64,linux,0
1,commit-3-amd-9950x3d,run-2,1,base64ct-1.8.3,decode,url-safe,unpadded,65536,87382,64,4527633,883.463832,external,avx512-vbmi,avx512-vbmi,x86_64,linux,0
1,commit-3-amd-9950x3d,run-2,2,base64ct-1.8.3,decode,url-safe,unpadded,65536,87382,64,4522203,884.524644,external,avx512-vbmi,avx512-vbmi,x86_64,linux,0
1,commit-3-amd-9950x3d,run-2,3,base64ct-1.8.3,decode,url-safe,unpadded,65536,87382,64,4544775,880.131580,external,avx512-vbmi,avx512-vbmi,x86_64,linux,0
1,commit-3-amd-9950x3d,run-2,4,base64ct-1.8.3,decode,url-safe,unpadded,65536,87382,64,4524787,884.019513,external,avx512-vbmi,avx512-vbmi,x86_64,linux,0
