schema_version,campaign_id,run_id,sample_index,engine,operation,alphabet,padding,input_len,encoded_len,iterations,elapsed_ns,throughput_mib_s,backend,active_encode_backend,active_decode_backend,target_arch,target_os,allocation_count
1,commit-3-amd-9950x3d,run-1,0,base64-ng,encode,standard,padded,1,4,4194304,27123584,147.473136,auto,avx512-vbmi,avx512-vbmi,x86_64,linux,0
1,commit-3-amd-9950x3d,run-1,1,base64-ng,encode,standard,padded,1,4,4194304,26538643,150.723607,auto,avx512-vbmi,avx512-vbmi,x86_64,linux,0
1,commit-3-amd-9950x3d,run-1,2,base64-ng,encode,standard,padded,1,4,4194304,26585131,150.460045,auto,avx512-vbmi,avx512-vbmi,x86_64,linux,0
1,commit-3-amd-9950x3d,run-1,3,base64-ng,encode,standard,padded,1,4,4194304,28225117,141.717747,auto,avx512-vbmi,avx512-vbmi,x86_64,linux,0
1,commit-3-amd-9950x3d,run-1,4,base64-ng,encode,standard,padded,1,4,4194304,26672435,149.967560,auto,avx512-vbmi,avx512-vbmi,x86_64,linux,0
1,commit-3-amd-9950x3d,run-1,0,base64-ng,decode,standard,padded,1,4,4194304,57923438,69.056674,auto,avx512-vbmi,avx512-vbmi,x86_64,linux,0
1,commit-3-amd-9950x3d,run-1,1,base64-ng,decode,standard,padded,1,4,4194304,58067840,68.884946,auto,avx512-vbmi,avx512-vbmi,x86_64,linux,0
1,commit-3-amd-9950x3d,run-1,2,base64-ng,decode,standard,padded,1,4,4194304,58025760,68.934901,auto,avx512-vbmi,avx512-vbmi,x86_64,linux,0
1,commit-3-amd-9950x3d,run-1,3,base64-ng,decode,standard,padded,1,4,4194304,57689959,69.336156,auto,avx512-vbmi,avx512-vbmi,x86_64,linux,0
1,commit-3-amd-9950x3d,run-1,4,base64-ng,decode,standard,padded,1,4,4194304,57791169,69.214727,auto,avx512-vbmi,avx512-vbmi,x86_64,linux,0
1,commit-3-amd-9950x3d,run-1,0,base64-ng,encode,standard,padded,1,4,4194304,26600128,150.375216,scalar,avx512-vbmi,avx512-vbmi,x86_64,linux,0
1,commit-3-amd-9950x3d,run-1,1,base64-ng,encode,standard,padded,1,4,4194304,26469894,151.115074,scalar,avx512-vbmi,avx512-vbmi,x86_64,linux,0
1,commit-3-amd-9950x3d,run-1,2,base64-ng,encode,standard,padded,1,4,4194304,26588757,150.439526,scalar,avx512-vbmi,avx512-vbmi,x86_64,linux,0
1,commit-3-amd-9950x3d,run-1,3,base64-ng,encode,standard,padded,1,4,4194304,26535427,150.741874,scalar,avx512-vbmi,avx512-vbmi,x86_64,linux,0
1,commit-3-amd-9950x3d,run-1,4,base64-ng,encode,standard,padded,1,4,4194304,26505802,150.910355,scalar,avx512-vbmi,avx512-vbmi,x86_64,linux,0
1,commit-3-amd-9950x3d,run-1,0,base64-ng,decode,standard,padded,1,4,4194304,38646544,103.502140,scalar,avx512-vbmi,avx512-vbmi,x86_64,linux,0
1,commit-3-amd-9950x3d,run-1,1,base64-ng,decode,standard,padded,1,4,4194304,42009884,95.215688,scalar,avx512-vbmi,avx512-vbmi,x86_64,linux,0
1,commit-3-amd-9950x3d,run-1,2,base64-ng,decode,standard,padded,1,4,4194304,38526888,103.823595,scalar,avx512-vbmi,avx512-vbmi,x86_64,linux,0
1,commit-3-amd-9950x3d,run-1,3,base64-ng,decode,standard,padded,1,4,4194304,38682772,103.405206,scalar,avx512-vbmi,avx512-vbmi,x86_64,linux,0
1,commit-3-amd-9950x3d,run-1,4,base64-ng,decode,standard,padded,1,4,4194304,39945628,100.136115,scalar,avx512-vbmi,avx512-vbmi,x86_64,linux,0
1,commit-3-amd-9950x3d,run-1,0,base64-ng,encode,standard,padded,1,4,4194304,34578035,115.680373,ssse3-sse4.1,avx512-vbmi,avx512-vbmi,x86_64,linux,0
1,commit-3-amd-9950x3d,run-1,1,base64-ng,encode,standard,padded,1,4,4194304,33634700,118.924801,ssse3-sse4.1,avx512-vbmi,avx512-vbmi,x86_64,linux,0
1,commit-3-amd-9950x3d,run-1,2,base64-ng,encode,standard,padded,1,4,4194304,33826480,118.250554,ssse3-sse4.1,avx512-vbmi,avx512-vbmi,x86_64,linux,0
1,commit-3-amd-9950x3d,run-1,3,base64-ng,encode,standard,padded,1,4,4194304,33665007,118.817739,ssse3-sse4.1,avx512-vbmi,avx512-vbmi,x86_64,linux,0
1,commit-3-amd-9950x3d,run-1,4,base64-ng,encode,standard,padded,1,4,4194304,33772609,118.439177,ssse3-sse4.1,avx512-vbmi,avx512-vbmi,x86_64,linux,0
1,commit-3-amd-9950x3d,run-1,0,base64-ng,decode,standard,padded,1,4,4194304,46156329,86.662005,ssse3-sse4.1,avx512-vbmi,avx512-vbmi,x86_64,linux,0
1,commit-3-amd-9950x3d,run-1,1,base64-ng,decode,standard,padded,1,4,4194304,46108869,86.751206,ssse3-sse4.1,avx512-vbmi,avx512-vbmi,x86_64,linux,0
1,commit-3-amd-9950x3d,run-1,2,base64-ng,decode,standard,padded,1,4,4194304,46140790,86.691190,ssse3-sse4.1,avx512-vbmi,avx512-vbmi,x86_64,linux,0
1,commit-3-amd-9950x3d,run-1,3,base64-ng,decode,standard,padded,1,4,4194304,46812224,85.447767,ssse3-sse4.1,avx512-vbmi,avx512-vbmi,x86_64,linux,0
1,commit-3-amd-9950x3d,run-1,4,base64-ng,decode,standard,padded,1,4,4194304,45988453,86.978355,ssse3-sse4.1,avx512-vbmi,avx512-vbmi,x86_64,linux,0
1,commit-3-amd-9950x3d,run-1,0,base64-ng,encode,standard,padded,1,4,4194304,33610625,119.009986,avx2,avx512-vbmi,avx512-vbmi,x86_64,linux,0
1,commit-3-amd-9950x3d,run-1,1,base64-ng,encode,standard,padded,1,4,4194304,33142653,120.690399,avx2,avx512-vbmi,avx512-vbmi,x86_64,linux,0
1,commit-3-amd-9950x3d,run-1,2,base64-ng,encode,standard,padded,1,4,4194304,33824467,118.257591,avx2,avx512-vbmi,avx512-vbmi,x86_64,linux,0
1,commit-3-amd-9950x3d,run-1,3,base64-ng,encode,standard,padded,1,4,4194304,33357468,119.913178,avx2,avx512-vbmi,avx512-vbmi,x86_64,linux,0
1,commit-3-amd-9950x3d,run-1,4,base64-ng,encode,standard,padded,1,4,4194304,34020295,117.576876,avx2,avx512-vbmi,avx512-vbmi,x86_64,linux,0
1,commit-3-amd-9950x3d,run-1,0,base64-ng,decode,standard,padded,1,4,4194304,51916501,77.046795,avx2,avx512-vbmi,avx512-vbmi,x86_64,linux,0
1,commit-3-amd-9950x3d,run-1,1,base64-ng,decode,standard,padded,1,4,4194304,54341646,73.608370,avx2,avx512-vbmi,avx512-vbmi,x86_64,linux,0
1,commit-3-amd-9950x3d,run-1,2,base64-ng,decode,standard,padded,1,4,4194304,50842990,78.673579,avx2,avx512-vbmi,avx512-vbmi,x86_64,linux,0
1,commit-3-amd-9950x3d,run-1,3,base64-ng,decode,standard,padded,1,4,4194304,50919445,78.555452,avx2,avx512-vbmi,avx512-vbmi,x86_64,linux,0
1,commit-3-amd-9950x3d,run-1,4,base64-ng,decode,standard,padded,1,4,4194304,50807052,78.729228,avx2,avx512-vbmi,avx512-vbmi,x86_64,linux,0
1,commit-3-amd-9950x3d,run-1,0,base64-ng,encode,standard,padded,1,4,4194304,35672645,112.130738,avx512-vbmi,avx512-vbmi,avx512-vbmi,x86_64,linux,0
1,commit-3-amd-9950x3d,run-1,1,base64-ng,encode,standard,padded,1,4,4194304,35126679,113.873560,avx512-vbmi,avx512-vbmi,avx512-vbmi,x86_64,linux,0
1,commit-3-amd-9950x3d,run-1,2,base64-ng,encode,standard,padded,1,4,4194304,35093285,113.981920,avx512-vbmi,avx512-vbmi,avx512-vbmi,x86_64,linux,0
1,commit-3-amd-9950x3d,run-1,3,base64-ng,encode,standard,padded,1,4,4194304,35055564,114.104568,avx512-vbmi,avx512-vbmi,avx512-vbmi,x86_64,linux,0
1,commit-3-amd-9950x3d,run-1,4,base64-ng,encode,standard,padded,1,4,4194304,35114505,113.913040,avx512-vbmi,avx512-vbmi,avx512-vbmi,x86_64,linux,0
1,commit-3-amd-9950x3d,run-1,0,base64-ng,decode,standard,padded,1,4,4194304,54591326,73.271714,avx512-vbmi,avx512-vbmi,avx512-vbmi,x86_64,linux,0
1,commit-3-amd-9950x3d,run-1,1,base64-ng,decode,standard,padded,1,4,4194304,54953999,72.788151,avx512-vbmi,avx512-vbmi,avx512-vbmi,x86_64,linux,0
1,commit-3-amd-9950x3d,run-1,2,base64-ng,decode,standard,padded,1,4,4194304,54327339,73.627755,avx512-vbmi,avx512-vbmi,avx512-vbmi,x86_64,linux,0
1,commit-3-amd-9950x3d,run-1,3,base64-ng,decode,standard,padded,1,4,4194304,54395989,73.534834,avx512-vbmi,avx512-vbmi,avx512-vbmi,x86_64,linux,0
1,commit-3-amd-9950x3d,run-1,4,base64-ng,decode,standard,padded,1,4,4194304,54698498,73.128151,avx512-vbmi,avx512-vbmi,avx512-vbmi,x86_64,linux,0
1,commit-3-amd-9950x3d,run-1,0,base64-0.23.0,encode,standard,padded,1,4,4194304,28307683,141.304394,external,avx512-vbmi,avx512-vbmi,x86_64,linux,0
1,commit-3-amd-9950x3d,run-1,1,base64-0.23.0,encode,standard,padded,1,4,4194304,27735345,144.220308,external,avx512-vbmi,avx512-vbmi,x86_64,linux,0
1,commit-3-amd-9950x3d,run-1,2,base64-0.23.0,encode,standard,padded,1,4,4194304,27754852,144.118945,external,avx512-vbmi,avx512-vbmi,x86_64,linux,0
1,commit-3-amd-9950x3d,run-1,3,base64-0.23.0,encode,standard,padded,1,4,4194304,33449511,119.583213,external,avx512-vbmi,avx512-vbmi,x86_64,linux,0
1,commit-3-amd-9950x3d,run-1,4,base64-0.23.0,encode,standard,padded,1,4,4194304,27751146,144.138192,external,avx512-vbmi,avx512-vbmi,x86_64,linux,0
1,commit-3-amd-9950x3d,run-1,0,base64-0.23.0,decode,standard,padded,1,4,4194304,53355791,74.968432,external,avx512-vbmi,avx512-vbmi,x86_64,linux,0
1,commit-3-amd-9950x3d,run-1,1,base64-0.23.0,decode,standard,padded,1,4,4194304,52524256,76.155291,external,avx512-vbmi,avx512-vbmi,x86_64,linux,0
1,commit-3-amd-9950x3d,run-1,2,base64-0.23.0,decode,standard,padded,1,4,4194304,53018976,75.444686,external,avx512-vbmi,avx512-vbmi,x86_64,linux,0
1,commit-3-amd-9950x3d,run-1,3,base64-0.23.0,decode,standard,padded,1,4,4194304,52709574,75.887542,external,avx512-vbmi,avx512-vbmi,x86_64,linux,0
1,commit-3-amd-9950x3d,run-1,4,base64-0.23.0,decode,standard,padded,1,4,4194304,52522391,76.157995,external,avx512-vbmi,avx512-vbmi,x86_64,linux,0
1,commit-3-amd-9950x3d,run-1,0,base64ct-1.8.3,encode,standard,padded,1,4,4194304,33277417,120.201637,external,avx512-vbmi,avx512-vbmi,x86_64,linux,0
1,commit-3-amd-9950x3d,run-1,1,base64ct-1.8.3,encode,standard,padded,1,4,4194304,33173331,120.578787,external,avx512-vbmi,avx512-vbmi,x86_64,linux,0
1,commit-3-amd-9950x3d,run-1,2,base64ct-1.8.3,encode,standard,padded,1,4,4194304,33870123,118.098183,external,avx512-vbmi,avx512-vbmi,x86_64,linux,0
1,commit-3-amd-9950x3d,run-1,3,base64ct-1.8.3,encode,standard,padded,1,4,4194304,33565259,119.170837,external,avx512-vbmi,avx512-vbmi,x86_64,linux,0
1,commit-3-amd-9950x3d,run-1,4,base64ct-1.8.3,encode,standard,padded,1,4,4194304,33375271,119.849214,external,avx512-vbmi,avx512-vbmi,x86_64,linux,0
1,commit-3-amd-9950x3d,run-1,0,base64ct-1.8.3,decode,standard,padded,1,4,4194304,107570097,37.185055,external,avx512-vbmi,avx512-vbmi,x86_64,linux,0
1,commit-3-amd-9950x3d,run-1,1,base64ct-1.8.3,decode,standard,padded,1,4,4194304,108588333,36.836370,external,avx512-vbmi,avx512-vbmi,x86_64,linux,0
1,commit-3-amd-9950x3d,run-1,2,base64ct-1.8.3,decode,standard,padded,1,4,4194304,107831088,37.095054,external,avx512-vbmi,avx512-vbmi,x86_64,linux,0
1,commit-3-amd-9950x3d,run-1,3,base64ct-1.8.3,decode,standard,padded,1,4,4194304,108722516,36.790907,external,avx512-vbmi,avx512-vbmi,x86_64,linux,0
1,commit-3-amd-9950x3d,run-1,4,base64ct-1.8.3,decode,standard,padded,1,4,4194304,107683340,37.145950,external,avx512-vbmi,avx512-vbmi,x86_64,linux,0
1,commit-3-amd-9950x3d,run-1,0,base64-ng,encode,standard,padded,2,4,2097152,18296209,218.624525,auto,avx512-vbmi,avx512-vbmi,x86_64,linux,0
1,commit-3-amd-9950x3d,run-1,1,base64-ng,encode,standard,padded,2,4,2097152,18311347,218.443788,auto,avx512-vbmi,avx512-vbmi,x86_64,linux,0
1,commit-3-amd-9950x3d,run-1,2,base64-ng,encode,standard,padded,2,4,2097152,18497097,216.250150,auto,avx512-vbmi,avx512-vbmi,x86_64,linux,0
1,commit-3-amd-9950x3d,run-1,3,base64-ng,encode,standard,padded,2,4,2097152,18887652,211.778574,auto,avx512-vbmi,avx512-vbmi,x86_64,linux,0
1,commit-3-amd-9950x3d,run-1,4,base64-ng,encode,standard,padded,2,4,2097152,18687896,214.042287,auto,avx512-vbmi,avx512-vbmi,x86_64,linux,0
1,commit-3-amd-9950x3d,run-1,0,base64-ng,decode,standard,padded,2,4,2097152,33088422,120.888207,auto,avx512-vbmi,avx512-vbmi,x86_64,linux,0
1,commit-3-amd-9950x3d,run-1,1,base64-ng,decode,standard,padded,2,4,2097152,32893805,121.603445,auto,avx512-vbmi,avx512-vbmi,x86_64,linux,0
1,commit-3-amd-9950x3d,run-1,2,base64-ng,decode,standard,padded,2,4,2097152,32856815,121.740345,auto,avx512-vbmi,avx512-vbmi,x86_64,linux,0
1,commit-3-amd-9950x3d,run-1,3,base64-ng,decode,standard,padded,2,4,2097152,32794468,121.971791,auto,avx512-vbmi,avx512-vbmi,x86_64,linux,0
1,commit-3-amd-9950x3d,run-1,4,base64-ng,decode,standard,padded,2,4,2097152,33006588,121.187928,auto,avx512-vbmi,avx512-vbmi,x86_64,linux,0
1,commit-3-amd-9950x3d,run-1,0,base64-ng,encode,standard,padded,2,4,2097152,18546009,215.679826,scalar,avx512-vbmi,avx512-vbmi,x86_64,linux,0
1,commit-3-amd-9950x3d,run-1,1,base64-ng,encode,standard,padded,2,4,2097152,18446902,216.838578,scalar,avx512-vbmi,avx512-vbmi,x86_64,linux,0
1,commit-3-amd-9950x3d,run-1,2,base64-ng,encode,standard,padded,2,4,2097152,18568471,215.418922,scalar,avx512-vbmi,avx512-vbmi,x86_64,linux,0
1,commit-3-amd-9950x3d,run-1,3,base64-ng,encode,standard,padded,2,4,2097152,18387791,217.535646,scalar,avx512-vbmi,avx512-vbmi,x86_64,linux,0
1,commit-3-amd-9950x3d,run-1,4,base64-ng,encode,standard,padded,2,4,2097152,18057690,221.512275,scalar,avx512-vbmi,avx512-vbmi,x86_64,linux,0
1,commit-3-amd-9950x3d,run-1,0,base64-ng,decode,standard,padded,2,4,2097152,23753771,168.394315,scalar,avx512-vbmi,avx512-vbmi,x86_64,linux,0
1,commit-3-amd-9950x3d,run-1,1,base64-ng,decode,standard,padded,2,4,2097152,23859270,167.649723,scalar,avx512-vbmi,avx512-vbmi,x86_64,linux,0
1,commit-3-amd-9950x3d,run-1,2,base64-ng,decode,standard,padded,2,4,2097152,23449860,170.576711,scalar,avx512-vbmi,avx512-vbmi,x86_64,linux,0
1,commit-3-amd-9950x3d,run-1,3,base64-ng,decode,standard,padded,2,4,2097152,23519250,170.073450,scalar,avx512-vbmi,avx512-vbmi,x86_64,linux,0
1,commit-3-amd-9950x3d,run-1,4,base64-ng,decode,standard,padded,2,4,2097152,23987320,166.754769,scalar,avx512-vbmi,avx512-vbmi,x86_64,linux,0
1,commit-3-amd-9950x3d,run-1,0,base64-ng,encode,standard,padded,2,4,2097152,21620065,185.013320,ssse3-sse4.1,avx512-vbmi,avx512-vbmi,x86_64,linux,0
1,commit-3-amd-9950x3d,run-1,1,base64-ng,encode,standard,padded,2,4,2097152,21760139,183.822355,ssse3-sse4.1,avx512-vbmi,avx512-vbmi,x86_64,linux,0
1,commit-3-amd-9950x3d,run-1,2,base64-ng,encode,standard,padded,2,4,2097152,21645323,184.797427,ssse3-sse4.1,avx512-vbmi,avx512-vbmi,x86_64,linux,0
1,commit-3-amd-9950x3d,run-1,3,base64-ng,encode,standard,padded,2,4,2097152,21555784,185.565044,ssse3-sse4.1,avx512-vbmi,avx512-vbmi,x86_64,linux,0
1,commit-3-amd-9950x3d,run-1,4,base64-ng,encode,standard,padded,2,4,2097152,24917521,160.529613,ssse3-sse4.1,avx512-vbmi,avx512-vbmi,x86_64,linux,0
1,commit-3-amd-9950x3d,run-1,0,base64-ng,decode,standard,padded,2,4,2097152,27874287,143.501428,ssse3-sse4.1,avx512-vbmi,avx512-vbmi,x86_64,linux,0
1,commit-3-amd-9950x3d,run-1,1,base64-ng,decode,standard,padded,2,4,2097152,27682857,144.493757,ssse3-sse4.1,avx512-vbmi,avx512-vbmi,x86_64,linux,0
1,commit-3-amd-9950x3d,run-1,2,base64-ng,decode,standard,padded,2,4,2097152,27582938,145.017184,ssse3-sse4.1,avx512-vbmi,avx512-vbmi,x86_64,linux,0
1,commit-3-amd-9950x3d,run-1,3,base64-ng,decode,standard,padded,2,4,2097152,27663250,144.596170,ssse3-sse4.1,avx512-vbmi,avx512-vbmi,x86_64,linux,0
1,commit-3-amd-9950x3d,run-1,4,base64-ng,decode,standard,padded,2,4,2097152,27640457,144.715408,ssse3-sse4.1,avx512-vbmi,avx512-vbmi,x86_64,linux,0
1,commit-3-amd-9950x3d,run-1,0,base64-ng,encode,standard,padded,2,4,2097152,21396324,186.948001,avx2,avx512-vbmi,avx512-vbmi,x86_64,linux,0
1,commit-3-amd-9950x3d,run-1,1,base64-ng,encode,standard,padded,2,4,2097152,21945077,182.273227,avx2,avx512-vbmi,avx512-vbmi,x86_64,linux,0
1,commit-3-amd-9950x3d,run-1,2,base64-ng,encode,standard,padded,2,4,2097152,21867009,182.923966,avx2,avx512-vbmi,avx512-vbmi,x86_64,linux,0
1,commit-3-amd-9950x3d,run-1,3,base64-ng,encode,standard,padded,2,4,2097152,22504640,177.741124,avx2,avx512-vbmi,avx512-vbmi,x86_64,linux,0
1,commit-3-amd-9950x3d,run-1,4,base64-ng,encode,standard,padded,2,4,2097152,21883772,182.783845,avx2,avx512-vbmi,avx512-vbmi,x86_64,linux,0
1,commit-3-amd-9950x3d,run-1,0,base64-ng,decode,standard,padded,2,4,2097152,29610806,135.085820,avx2,avx512-vbmi,avx512-vbmi,x86_64,linux,0
1,commit-3-amd-9950x3d,run-1,1,base64-ng,decode,standard,padded,2,4,2097152,29181478,137.073249,avx2,avx512-vbmi,avx512-vbmi,x86_64,linux,0
1,commit-3-amd-9950x3d,run-1,2,base64-ng,decode,standard,padded,2,4,2097152,29149807,137.222178,avx2,avx512-vbmi,avx512-vbmi,x86_64,linux,0
1,commit-3-amd-9950x3d,run-1,3,base64-ng,decode,standard,padded,2,4,2097152,29164937,137.150991,avx2,avx512-vbmi,avx512-vbmi,x86_64,linux,0
1,commit-3-amd-9950x3d,run-1,4,base64-ng,decode,standard,padded,2,4,2097152,29162572,137.162113,avx2,avx512-vbmi,avx512-vbmi,x86_64,linux,0
1,commit-3-amd-9950x3d,run-1,0,base64-ng,encode,standard,padded,2,4,2097152,22463493,178.066697,avx512-vbmi,avx512-vbmi,avx512-vbmi,x86_64,linux,0
1,commit-3-amd-9950x3d,run-1,1,base64-ng,encode,standard,padded,2,4,2097152,22456610,178.121275,avx512-vbmi,avx512-vbmi,avx512-vbmi,x86_64,linux,0
1,commit-3-amd-9950x3d,run-1,2,base64-ng,encode,standard,padded,2,4,2097152,22639534,176.682082,avx512-vbmi,avx512-vbmi,avx512-vbmi,x86_64,linux,0
1,commit-3-amd-9950x3d,run-1,3,base64-ng,encode,standard,padded,2,4,2097152,22656376,176.550742,avx512-vbmi,avx512-vbmi,avx512-vbmi,x86_64,linux,0
1,commit-3-amd-9950x3d,run-1,4,base64-ng,encode,standard,padded,2,4,2097152,22459204,178.100702,avx512-vbmi,avx512-vbmi,avx512-vbmi,x86_64,linux,0
1,commit-3-amd-9950x3d,run-1,0,base64-ng,decode,standard,padded,2,4,2097152,32063542,124.752281,avx512-vbmi,avx512-vbmi,avx512-vbmi,x86_64,linux,0
1,commit-3-amd-9950x3d,run-1,1,base64-ng,decode,standard,padded,2,4,2097152,31983582,125.064166,avx512-vbmi,avx512-vbmi,avx512-vbmi,x86_64,linux,0
1,commit-3-amd-9950x3d,run-1,2,base64-ng,decode,standard,padded,2,4,2097152,31976689,125.091125,avx512-vbmi,avx512-vbmi,avx512-vbmi,x86_64,linux,0
1,commit-3-amd-9950x3d,run-1,3,base64-ng,decode,standard,padded,2,4,2097152,32117975,124.540853,avx512-vbmi,avx512-vbmi,avx512-vbmi,x86_64,linux,0
1,commit-3-amd-9950x3d,run-1,4,base64-ng,decode,standard,padded,2,4,2097152,32532004,122.955844,avx512-vbmi,avx512-vbmi,avx512-vbmi,x86_64,linux,0
1,commit-3-amd-9950x3d,run-1,0,base64-0.23.0,encode,standard,padded,2,4,2097152,14645978,273.112523,external,avx512-vbmi,avx512-vbmi,x86_64,linux,0
1,commit-3-amd-9950x3d,run-1,1,base64-0.23.0,encode,standard,padded,2,4,2097152,14425052,277.295361,external,avx512-vbmi,avx512-vbmi,x86_64,linux,0
1,commit-3-amd-9950x3d,run-1,2,base64-0.23.0,encode,standard,padded,2,4,2097152,14484343,276.160265,external,avx512-vbmi,avx512-vbmi,x86_64,linux,0
1,commit-3-amd-9950x3d,run-1,3,base64-0.23.0,encode,standard,padded,2,4,2097152,14526172,275.365045,external,avx512-vbmi,avx512-vbmi,x86_64,linux,0
1,commit-3-amd-9950x3d,run-1,4,base64-0.23.0,encode,standard,padded,2,4,2097152,14494212,275.972229,external,avx512-vbmi,avx512-vbmi,x86_64,linux,0
1,commit-3-amd-9950x3d,run-1,0,base64-0.23.0,decode,standard,padded,2,4,2097152,26597243,150.391527,external,avx512-vbmi,avx512-vbmi,x86_64,linux,0
1,commit-3-amd-9950x3d,run-1,1,base64-0.23.0,decode,standard,padded,2,4,2097152,27285929,146.595705,external,avx512-vbmi,avx512-vbmi,x86_64,linux,0
1,commit-3-amd-9950x3d,run-1,2,base64-0.23.0,decode,standard,padded,2,4,2097152,26591752,150.422582,external,avx512-vbmi,avx512-vbmi,x86_64,linux,0
1,commit-3-amd-9950x3d,run-1,3,base64-0.23.0,decode,standard,padded,2,4,2097152,26310183,152.032390,external,avx512-vbmi,avx512-vbmi,x86_64,linux,0
1,commit-3-amd-9950x3d,run-1,4,base64-0.23.0,decode,standard,padded,2,4,2097152,26266020,152.288013,external,avx512-vbmi,avx512-vbmi,x86_64,linux,0
1,commit-3-amd-9950x3d,run-1,0,base64ct-1.8.3,encode,standard,padded,2,4,2097152,16939955,236.128136,external,avx512-vbmi,avx512-vbmi,x86_64,linux,0
1,commit-3-amd-9950x3d,run-1,1,base64ct-1.8.3,encode,standard,padded,2,4,2097152,16967337,235.747071,external,avx512-vbmi,avx512-vbmi,x86_64,linux,0
1,commit-3-amd-9950x3d,run-1,2,base64ct-1.8.3,encode,standard,padded,2,4,2097152,17352733,230.511240,external,avx512-vbmi,avx512-vbmi,x86_64,linux,0
1,commit-3-amd-9950x3d,run-1,3,base64ct-1.8.3,encode,standard,padded,2,4,2097152,17779876,224.973448,external,avx512-vbmi,avx512-vbmi,x86_64,linux,0
1,commit-3-amd-9950x3d,run-1,4,base64ct-1.8.3,encode,standard,padded,2,4,2097152,17267242,231.652513,external,avx512-vbmi,avx512-vbmi,x86_64,linux,0
1,commit-3-amd-9950x3d,run-1,0,base64ct-1.8.3,decode,standard,padded,2,4,2097152,58484645,68.394020,external,avx512-vbmi,avx512-vbmi,x86_64,linux,0
1,commit-3-amd-9950x3d,run-1,1,base64ct-1.8.3,decode,standard,padded,2,4,2097152,57565615,69.485925,external,avx512-vbmi,avx512-vbmi,x86_64,linux,0
1,commit-3-amd-9950x3d,run-1,2,base64ct-1.8.3,decode,standard,padded,2,4,2097152,56806776,70.414135,external,avx512-vbmi,avx512-vbmi,x86_64,linux,0
1,commit-3-amd-9950x3d,run-1,3,base64ct-1.8.3,decode,standard,padded,2,4,2097152,57472349,69.598686,external,avx512-vbmi,avx512-vbmi,x86_64,linux,0
1,commit-3-amd-9950x3d,run-1,4,base64ct-1.8.3,decode,standard,padded,2,4,2097152,57485734,69.582481,external,avx512-vbmi,avx512-vbmi,x86_64,linux,0
1,commit-3-amd-9950x3d,run-1,0,base64-ng,encode,standard,padded,3,4,1398101,18322749,218.307801,auto,avx512-vbmi,avx512-vbmi,x86_64,linux,0
1,commit-3-amd-9950x3d,run-1,1,base64-ng,encode,standard,padded,3,4,1398101,18379174,217.637585,auto,avx512-vbmi,avx512-vbmi,x86_64,linux,0
1,commit-3-amd-9950x3d,run-1,2,base64-ng,encode,standard,padded,3,4,1398101,18153550,220.342525,auto,avx512-vbmi,avx512-vbmi,x86_64,linux,0
1,commit-3-amd-9950x3d,run-1,3,base64-ng,encode,standard,padded,3,4,1398101,18090151,221.114741,auto,avx512-vbmi,avx512-vbmi,x86_64,linux,0
1,commit-3-amd-9950x3d,run-1,4,base64-ng,encode,standard,padded,3,4,1398101,18065715,221.413824,auto,avx512-vbmi,avx512-vbmi,x86_64,linux,0
1,commit-3-amd-9950x3d,run-1,0,base64-ng,decode,standard,padded,3,4,1398101,24708257,161.889163,auto,avx512-vbmi,avx512-vbmi,x86_64,linux,0
1,commit-3-amd-9950x3d,run-1,1,base64-ng,decode,standard,padded,3,4,1398101,24733475,161.724103,auto,avx512-vbmi,avx512-vbmi,x86_64,linux,0
1,commit-3-amd-9950x3d,run-1,2,base64-ng,decode,standard,padded,3,4,1398101,24643035,162.317630,auto,avx512-vbmi,avx512-vbmi,x86_64,linux,0
1,commit-3-amd-9950x3d,run-1,3,base64-ng,decode,standard,padded,3,4,1398101,24720812,161.806944,auto,avx512-vbmi,avx512-vbmi,x86_64,linux,0
1,commit-3-amd-9950x3d,run-1,4,base64-ng,decode,standard,padded,3,4,1398101,24691026,162.002140,auto,avx512-vbmi,avx512-vbmi,x86_64,linux,0
1,commit-3-amd-9950x3d,run-1,0,base64-ng,encode,standard,padded,3,4,1398101,17993870,222.297874,scalar,avx512-vbmi,avx512-vbmi,x86_64,linux,0
1,commit-3-amd-9950x3d,run-1,1,base64-ng,encode,standard,padded,3,4,1398101,17934819,223.029797,scalar,avx512-vbmi,avx512-vbmi,x86_64,linux,0
1,commit-3-amd-9950x3d,run-1,2,base64-ng,encode,standard,padded,3,4,1398101,18198184,219.802099,scalar,avx512-vbmi,avx512-vbmi,x86_64,linux,0
1,commit-3-amd-9950x3d,run-1,3,base64-ng,encode,standard,padded,3,4,1398101,17967670,222.622023,scalar,avx512-vbmi,avx512-vbmi,x86_64,linux,0
1,commit-3-amd-9950x3d,run-1,4,base64-ng,encode,standard,padded,3,4,1398101,17973962,222.544092,scalar,avx512-vbmi,avx512-vbmi,x86_64,linux,0
1,commit-3-amd-9950x3d,run-1,0,base64-ng,decode,standard,padded,3,4,1398101,18120659,220.742471,scalar,avx512-vbmi,avx512-vbmi,x86_64,linux,0
1,commit-3-amd-9950x3d,run-1,1,base64-ng,decode,standard,padded,3,4,1398101,18122782,220.716612,scalar,avx512-vbmi,avx512-vbmi,x86_64,linux,0
1,commit-3-amd-9950x3d,run-1,2,base64-ng,decode,standard,padded,3,4,1398101,18156446,220.307380,scalar,avx512-vbmi,avx512-vbmi,x86_64,linux,0
1,commit-3-amd-9950x3d,run-1,3,base64-ng,decode,standard,padded,3,4,1398101,20490870,195.208844,scalar,avx512-vbmi,avx512-vbmi,x86_64,linux,0
1,commit-3-amd-9950x3d,run-1,4,base64-ng,decode,standard,padded,3,4,1398101,18177405,220.053360,scalar,avx512-vbmi,avx512-vbmi,x86_64,linux,0
1,commit-3-amd-9950x3d,run-1,0,base64-ng,encode,standard,padded,3,4,1398101,20347630,196.583044,ssse3-sse4.1,avx512-vbmi,avx512-vbmi,x86_64,linux,0
1,commit-3-amd-9950x3d,run-1,1,base64-ng,encode,standard,padded,3,4,1398101,20312984,196.918338,ssse3-sse4.1,avx512-vbmi,avx512-vbmi,x86_64,linux,0
1,commit-3-amd-9950x3d,run-1,2,base64-ng,encode,standard,padded,3,4,1398101,20242132,197.607596,ssse3-sse4.1,avx512-vbmi,avx512-vbmi,x86_64,linux,0
1,commit-3-amd-9950x3d,run-1,3,base64-ng,encode,standard,padded,3,4,1398101,20521677,194.915798,ssse3-sse4.1,avx512-vbmi,avx512-vbmi,x86_64,linux,0
1,commit-3-amd-9950x3d,run-1,4,base64-ng,encode,standard,padded,3,4,1398101,20352769,196.533408,ssse3-sse4.1,avx512-vbmi,avx512-vbmi,x86_64,linux,0
1,commit-3-amd-9950x3d,run-1,0,base64-ng,decode,standard,padded,3,4,1398101,20756589,192.709845,ssse3-sse4.1,avx512-vbmi,avx512-vbmi,x86_64,linux,0
1,commit-3-amd-9950x3d,run-1,1,base64-ng,decode,standard,padded,3,4,1398101,20639760,193.800657,ssse3-sse4.1,avx512-vbmi,avx512-vbmi,x86_64,linux,0
1,commit-3-amd-9950x3d,run-1,2,base64-ng,decode,standard,padded,3,4,1398101,20587862,194.289191,ssse3-sse4.1,avx512-vbmi,avx512-vbmi,x86_64,linux,0
1,commit-3-amd-9950x3d,run-1,3,base64-ng,decode,standard,padded,3,4,1398101,20599894,194.175710,ssse3-sse4.1,avx512-vbmi,avx512-vbmi,x86_64,linux,0
1,commit-3-amd-9950x3d,run-1,4,base64-ng,decode,standard,padded,3,4,1398101,20655149,193.656267,ssse3-sse4.1,avx512-vbmi,avx512-vbmi,x86_64,linux,0
1,commit-3-amd-9950x3d,run-1,0,base64-ng,encode,standard,padded,3,4,1398101,20325409,196.797961,avx2,avx512-vbmi,avx512-vbmi,x86_64,linux,0
1,commit-3-amd-9950x3d,run-1,1,base64-ng,encode,standard,padded,3,4,1398101,20313105,196.917165,avx2,avx512-vbmi,avx512-vbmi,x86_64,linux,0
1,commit-3-amd-9950x3d,run-1,2,base64-ng,encode,standard,padded,3,4,1398101,20228595,197.739835,avx2,avx512-vbmi,avx512-vbmi,x86_64,linux,0
1,commit-3-amd-9950x3d,run-1,3,base64-ng,encode,standard,padded,3,4,1398101,20242262,197.606327,avx2,avx512-vbmi,avx512-vbmi,x86_64,linux,0
1,commit-3-amd-9950x3d,run-1,4,base64-ng,encode,standard,padded,3,4,1398101,20236160,197.665913,avx2,avx512-vbmi,avx512-vbmi,x86_64,linux,0
1,commit-3-amd-9950x3d,run-1,0,base64-ng,decode,standard,padded,3,4,1398101,22204685,180.142121,avx2,avx512-vbmi,avx512-vbmi,x86_64,linux,0
1,commit-3-amd-9950x3d,run-1,1,base64-ng,decode,standard,padded,3,4,1398101,22218611,180.029213,avx2,avx512-vbmi,avx512-vbmi,x86_64,linux,0
1,commit-3-amd-9950x3d,run-1,2,base64-ng,decode,standard,padded,3,4,1398101,22311396,179.280537,avx2,avx512-vbmi,avx512-vbmi,x86_64,linux,0
1,commit-3-amd-9950x3d,run-1,3,base64-ng,decode,standard,padded,3,4,1398101,22205487,180.135615,avx2,avx512-vbmi,avx512-vbmi,x86_64,linux,0
1,commit-3-amd-9950x3d,run-1,4,base64-ng,decode,standard,padded,3,4,1398101,22590361,177.066628,avx2,avx512-vbmi,avx512-vbmi,x86_64,linux,0
1,commit-3-amd-9950x3d,run-1,0,base64-ng,encode,standard,padded,3,4,1398101,20513152,194.996802,avx512-vbmi,avx512-vbmi,avx512-vbmi,x86_64,linux,0
1,commit-3-amd-9950x3d,run-1,1,base64-ng,encode,standard,padded,3,4,1398101,20552154,194.626755,avx512-vbmi,avx512-vbmi,avx512-vbmi,x86_64,linux,0
1,commit-3-amd-9950x3d,run-1,2,base64-ng,encode,standard,padded,3,4,1398101,20533200,194.806413,avx512-vbmi,avx512-vbmi,avx512-vbmi,x86_64,linux,0
1,commit-3-amd-9950x3d,run-1,3,base64-ng,encode,standard,padded,3,4,1398101,20510927,195.017955,avx512-vbmi,avx512-vbmi,avx512-vbmi,x86_64,linux,0
1,commit-3-amd-9950x3d,run-1,4,base64-ng,encode,standard,padded,3,4,1398101,20500588,195.116308,avx512-vbmi,avx512-vbmi,avx512-vbmi,x86_64,linux,0
1,commit-3-amd-9950x3d,run-1,0,base64-ng,decode,standard,padded,3,4,1398101,23592137,169.547975,avx512-vbmi,avx512-vbmi,avx512-vbmi,x86_64,linux,0
1,commit-3-amd-9950x3d,run-1,1,base64-ng,decode,standard,padded,3,4,1398101,23645768,169.163423,avx512-vbmi,avx512-vbmi,avx512-vbmi,x86_64,linux,0
1,commit-3-amd-9950x3d,run-1,2,base64-ng,decode,standard,padded,3,4,1398101,23596175,169.518960,avx512-vbmi,avx512-vbmi,avx512-vbmi,x86_64,linux,0
1,commit-3-amd-9950x3d,run-1,3,base64-ng,decode,standard,padded,3,4,1398101,23810568,167.992592,avx512-vbmi,avx512-vbmi,avx512-vbmi,x86_64,linux,0
1,commit-3-amd-9950x3d,run-1,4,base64-ng,decode,standard,padded,3,4,1398101,23668821,168.998661,avx512-vbmi,avx512-vbmi,avx512-vbmi,x86_64,linux,0
1,commit-3-amd-9950x3d,run-1,0,base64-0.23.0,encode,standard,padded,3,4,1398101,9696241,412.530902,external,avx512-vbmi,avx512-vbmi,x86_64,linux,0
1,commit-3-amd-9950x3d,run-1,1,base64-0.23.0,encode,standard,padded,3,4,1398101,10059455,397.635761,external,avx512-vbmi,avx512-vbmi,x86_64,linux,0
1,commit-3-amd-9950x3d,run-1,2,base64-0.23.0,encode,standard,padded,3,4,1398101,9810847,407.711897,external,avx512-vbmi,avx512-vbmi,x86_64,linux,0
1,commit-3-amd-9950x3d,run-1,3,base64-0.23.0,encode,standard,padded,3,4,1398101,9739963,410.679080,external,avx512-vbmi,avx512-vbmi,x86_64,linux,0
1,commit-3-amd-9950x3d,run-1,4,base64-0.23.0,encode,standard,padded,3,4,1398101,9836645,406.642615,external,avx512-vbmi,avx512-vbmi,x86_64,linux,0
1,commit-3-amd-9950x3d,run-1,0,base64-0.23.0,decode,standard,padded,3,4,1398101,17821525,224.447630,external,avx512-vbmi,avx512-vbmi,x86_64,linux,0
1,commit-3-amd-9950x3d,run-1,1,base64-0.23.0,decode,standard,padded,3,4,1398101,17803731,224.671955,external,avx512-vbmi,avx512-vbmi,x86_64,linux,0
1,commit-3-amd-9950x3d,run-1,2,base64-0.23.0,decode,standard,padded,3,4,1398101,17780818,224.961475,external,avx512-vbmi,avx512-vbmi,x86_64,linux,0
1,commit-3-amd-9950x3d,run-1,3,base64-0.23.0,decode,standard,padded,3,4,1398101,17786469,224.890002,external,avx512-vbmi,avx512-vbmi,x86_64,linux,0
1,commit-3-amd-9950x3d,run-1,4,base64-0.23.0,decode,standard,padded,3,4,1398101,17775929,225.023347,external,avx512-vbmi,avx512-vbmi,x86_64,linux,0
1,commit-3-amd-9950x3d,run-1,0,base64ct-1.8.3,encode,standard,padded,3,4,1398101,6923713,577.724560,external,avx512-vbmi,avx512-vbmi,x86_64,linux,0
1,commit-3-amd-9950x3d,run-1,1,base64ct-1.8.3,encode,standard,padded,3,4,1398101,6954811,575.141301,external,avx512-vbmi,avx512-vbmi,x86_64,linux,0
1,commit-3-amd-9950x3d,run-1,2,base64ct-1.8.3,encode,standard,padded,3,4,1398101,6948729,575.644704,external,avx512-vbmi,avx512-vbmi,x86_64,linux,0
1,commit-3-amd-9950x3d,run-1,3,base64ct-1.8.3,encode,standard,padded,3,4,1398101,6954891,575.134685,external,avx512-vbmi,avx512-vbmi,x86_64,linux,0
1,commit-3-amd-9950x3d,run-1,4,base64ct-1.8.3,encode,standard,padded,3,4,1398101,6947998,575.705267,external,avx512-vbmi,avx512-vbmi,x86_64,linux,0
1,commit-3-amd-9950x3d,run-1,0,base64ct-1.8.3,decode,standard,padded,3,4,1398101,23144515,172.827084,external,avx512-vbmi,avx512-vbmi,x86_64,linux,0
1,commit-3-amd-9950x3d,run-1,1,base64ct-1.8.3,decode,standard,padded,3,4,1398101,23133354,172.910467,external,avx512-vbmi,avx512-vbmi,x86_64,linux,0
1,commit-3-amd-9950x3d,run-1,2,base64ct-1.8.3,decode,standard,padded,3,4,1398101,23105591,173.118231,external,avx512-vbmi,avx512-vbmi,x86_64,linux,0
1,commit-3-amd-9950x3d,run-1,3,base64ct-1.8.3,decode,standard,padded,3,4,1398101,23116371,173.037500,external,avx512-vbmi,avx512-vbmi,x86_64,linux,0
1,commit-3-amd-9950x3d,run-1,4,base64ct-1.8.3,decode,standard,padded,3,4,1398101,23121552,172.998726,external,avx512-vbmi,avx512-vbmi,x86_64,linux,0
1,commit-3-amd-9950x3d,run-1,0,base64-ng,encode,standard,padded,11,16,381300,12943082,309.045109,auto,avx512-vbmi,avx512-vbmi,x86_64,linux,0
1,commit-3-amd-9950x3d,run-1,1,base64-ng,encode,standard,padded,11,16,381300,12874875,310.682332,auto,avx512-vbmi,avx512-vbmi,x86_64,linux,0
1,commit-3-amd-9950x3d,run-1,2,base64-ng,encode,standard,padded,11,16,381300,12958852,308.669023,auto,avx512-vbmi,avx512-vbmi,x86_64,linux,0
1,commit-3-amd-9950x3d,run-1,3,base64-ng,encode,standard,padded,11,16,381300,12880755,310.540507,auto,avx512-vbmi,avx512-vbmi,x86_64,linux,0
1,commit-3-amd-9950x3d,run-1,4,base64-ng,encode,standard,padded,11,16,381300,12860597,311.027255,auto,avx512-vbmi,avx512-vbmi,x86_64,linux,0
1,commit-3-amd-9950x3d,run-1,0,base64-ng,decode,standard,padded,11,16,381300,62841906,63.651732,auto,avx512-vbmi,avx512-vbmi,x86_64,linux,0
1,commit-3-amd-9950x3d,run-1,1,base64-ng,decode,standard,padded,11,16,381300,62729344,63.765950,auto,avx512-vbmi,avx512-vbmi,x86_64,linux,0
1,commit-3-amd-9950x3d,run-1,2,base64-ng,decode,standard,padded,11,16,381300,62309484,64.195624,auto,avx512-vbmi,avx512-vbmi,x86_64,linux,0
1,commit-3-amd-9950x3d,run-1,3,base64-ng,decode,standard,padded,11,16,381300,62322188,64.182538,auto,avx512-vbmi,avx512-vbmi,x86_64,linux,0
1,commit-3-amd-9950x3d,run-1,4,base64-ng,decode,standard,padded,11,16,381300,62217401,64.290634,auto,avx512-vbmi,avx512-vbmi,x86_64,linux,0
1,commit-3-amd-9950x3d,run-1,0,base64-ng,encode,standard,padded,11,16,381300,12684526,315.344553,scalar,avx512-vbmi,avx512-vbmi,x86_64,linux,0
1,commit-3-amd-9950x3d,run-1,1,base64-ng,encode,standard,padded,11,16,381300,12693552,315.120321,scalar,avx512-vbmi,avx512-vbmi,x86_64,linux,0
1,commit-3-amd-9950x3d,run-1,2,base64-ng,encode,standard,padded,11,16,381300,12697901,315.012393,scalar,avx512-vbmi,avx512-vbmi,x86_64,linux,0
1,commit-3-amd-9950x3d,run-1,3,base64-ng,encode,standard,padded,11,16,381300,12773232,313.154587,scalar,avx512-vbmi,avx512-vbmi,x86_64,linux,0
1,commit-3-amd-9950x3d,run-1,4,base64-ng,encode,standard,padded,11,16,381300,12998908,307.717863,scalar,avx512-vbmi,avx512-vbmi,x86_64,linux,0
1,commit-3-amd-9950x3d,run-1,0,base64-ng,decode,standard,padded,11,16,381300,14659153,272.866801,scalar,avx512-vbmi,avx512-vbmi,x86_64,linux,0
1,commit-3-amd-9950x3d,run-1,1,base64-ng,decode,standard,padded,11,16,381300,14536602,275.167208,scalar,avx512-vbmi,avx512-vbmi,x86_64,linux,0
1,commit-3-amd-9950x3d,run-1,2,base64-ng,decode,standard,padded,11,16,381300,14540810,275.087577,scalar,avx512-vbmi,avx512-vbmi,x86_64,linux,0
1,commit-3-amd-9950x3d,run-1,3,base64-ng,decode,standard,padded,11,16,381300,14624226,273.518488,scalar,avx512-vbmi,avx512-vbmi,x86_64,linux,0
1,commit-3-amd-9950x3d,run-1,4,base64-ng,decode,standard,padded,11,16,381300,14747849,271.225735,scalar,avx512-vbmi,avx512-vbmi,x86_64,linux,0
1,commit-3-amd-9950x3d,run-1,0,base64-ng,encode,standard,padded,11,16,381300,13659070,292.845427,ssse3-sse4.1,avx512-vbmi,avx512-vbmi,x86_64,linux,0
1,commit-3-amd-9950x3d,run-1,1,base64-ng,encode,standard,padded,11,16,381300,13677695,292.446658,ssse3-sse4.1,avx512-vbmi,avx512-vbmi,x86_64,linux,0
1,commit-3-amd-9950x3d,run-1,2,base64-ng,encode,standard,padded,11,16,381300,13727750,291.380320,ssse3-sse4.1,avx512-vbmi,avx512-vbmi,x86_64,linux,0
1,commit-3-amd-9950x3d,run-1,3,base64-ng,encode,standard,padded,11,16,381300,13663448,292.751594,ssse3-sse4.1,avx512-vbmi,avx512-vbmi,x86_64,linux,0
1,commit-3-amd-9950x3d,run-1,4,base64-ng,encode,standard,padded,11,16,381300,13626058,293.554907,ssse3-sse4.1,avx512-vbmi,avx512-vbmi,x86_64,linux,0
1,commit-3-amd-9950x3d,run-1,0,base64-ng,decode,standard,padded,11,16,381300,62734855,63.760348,ssse3-sse4.1,avx512-vbmi,avx512-vbmi,x86_64,linux,0
1,commit-3-amd-9950x3d,run-1,1,base64-ng,decode,standard,padded,11,16,381300,63062882,63.428693,ssse3-sse4.1,avx512-vbmi,avx512-vbmi,x86_64,linux,0
1,commit-3-amd-9950x3d,run-1,2,base64-ng,decode,standard,padded,11,16,381300,65432092,61.132023,ssse3-sse4.1,avx512-vbmi,avx512-vbmi,x86_64,linux,0
1,commit-3-amd-9950x3d,run-1,3,base64-ng,decode,standard,padded,11,16,381300,65490691,61.077324,ssse3-sse4.1,avx512-vbmi,avx512-vbmi,x86_64,linux,0
1,commit-3-amd-9950x3d,run-1,4,base64-ng,decode,standard,padded,11,16,381300,65869334,60.726228,ssse3-sse4.1,avx512-vbmi,avx512-vbmi,x86_64,linux,0
1,commit-3-amd-9950x3d,run-1,0,base64-ng,encode,standard,padded,11,16,381300,13682554,292.342803,avx2,avx512-vbmi,avx512-vbmi,x86_64,linux,0
1,commit-3-amd-9950x3d,run-1,1,base64-ng,encode,standard,padded,11,16,381300,13760551,290.685757,avx2,avx512-vbmi,avx512-vbmi,x86_64,linux,0
1,commit-3-amd-9950x3d,run-1,2,base64-ng,encode,standard,padded,11,16,381300,13807940,289.688120,avx2,avx512-vbmi,avx512-vbmi,x86_64,linux,0
1,commit-3-amd-9950x3d,run-1,3,base64-ng,encode,standard,padded,11,16,381300,13685530,292.279231,avx2,avx512-vbmi,avx512-vbmi,x86_64,linux,0
1,commit-3-amd-9950x3d,run-1,4,base64-ng,encode,standard,padded,11,16,381300,13720246,291.539684,avx2,avx512-vbmi,avx512-vbmi,x86_64,linux,0
1,commit-3-amd-9950x3d,run-1,0,base64-ng,decode,standard,padded,11,16,381300,65094576,61.448994,avx2,avx512-vbmi,avx512-vbmi,x86_64,linux,0
1,commit-3-amd-9950x3d,run-1,1,base64-ng,decode,standard,padded,11,16,381300,64609483,61.910357,avx2,avx512-vbmi,avx512-vbmi,x86_64,linux,0
1,commit-3-amd-9950x3d,run-1,2,base64-ng,decode,standard,padded,11,16,381300,63469357,63.022478,avx2,avx512-vbmi,avx512-vbmi,x86_64,linux,0
1,commit-3-amd-9950x3d,run-1,3,base64-ng,decode,standard,padded,11,16,381300,63036252,63.455489,avx2,avx512-vbmi,avx512-vbmi,x86_64,linux,0
1,commit-3-amd-9950x3d,run-1,4,base64-ng,decode,standard,padded,11,16,381300,63052583,63.439053,avx2,avx512-vbmi,avx512-vbmi,x86_64,linux,0
1,commit-3-amd-9950x3d,run-1,0,base64-ng,encode,standard,padded,11,16,381300,13543041,295.354358,avx512-vbmi,avx512-vbmi,avx512-vbmi,x86_64,linux,0
1,commit-3-amd-9950x3d,run-1,1,base64-ng,encode,standard,padded,11,16,381300,13546528,295.278331,avx512-vbmi,avx512-vbmi,avx512-vbmi,x86_64,linux,0
1,commit-3-amd-9950x3d,run-1,2,base64-ng,encode,standard,padded,11,16,381300,13573619,294.688998,avx512-vbmi,avx512-vbmi,avx512-vbmi,x86_64,linux,0
1,commit-3-amd-9950x3d,run-1,3,base64-ng,encode,standard,padded,11,16,381300,13541809,295.381229,avx512-vbmi,avx512-vbmi,avx512-vbmi,x86_64,linux,0
1,commit-3-amd-9950x3d,run-1,4,base64-ng,encode,standard,padded,11,16,381300,13568039,294.810192,avx512-vbmi,avx512-vbmi,avx512-vbmi,x86_64,linux,0
1,commit-3-amd-9950x3d,run-1,0,base64-ng,decode,standard,padded,11,16,381300,62815186,63.678808,avx512-vbmi,avx512-vbmi,avx512-vbmi,x86_64,linux,0
1,commit-3-amd-9950x3d,run-1,1,base64-ng,decode,standard,padded,11,16,381300,62392500,64.110209,avx512-vbmi,avx512-vbmi,avx512-vbmi,x86_64,linux,0
1,commit-3-amd-9950x3d,run-1,2,base64-ng,decode,standard,padded,11,16,381300,62270059,64.236268,avx512-vbmi,avx512-vbmi,avx512-vbmi,x86_64,linux,0
1,commit-3-amd-9950x3d,run-1,3,base64-ng,decode,standard,padded,11,16,381300,62063731,64.449818,avx512-vbmi,avx512-vbmi,avx512-vbmi,x86_64,linux,0
1,commit-3-amd-9950x3d,run-1,4,base64-ng,decode,standard,padded,11,16,381300,62785219,63.709202,avx512-vbmi,avx512-vbmi,avx512-vbmi,x86_64,linux,0
1,commit-3-amd-9950x3d,run-1,0,base64-0.23.0,encode,standard,padded,11,16,381300,3567344,1121.281319,external,avx512-vbmi,avx512-vbmi,x86_64,linux,0
1,commit-3-amd-9950x3d,run-1,1,base64-0.23.0,encode,standard,padded,11,16,381300,3664988,1091.407717,external,avx512-vbmi,avx512-vbmi,x86_64,linux,0
1,commit-3-amd-9950x3d,run-1,2,base64-0.23.0,encode,standard,padded,11,16,381300,3654739,1094.468356,external,avx512-vbmi,avx512-vbmi,x86_64,linux,0
1,commit-3-amd-9950x3d,run-1,3,base64-0.23.0,encode,standard,padded,11,16,381300,3663977,1091.708869,external,avx512-vbmi,avx512-vbmi,x86_64,linux,0
1,commit-3-amd-9950x3d,run-1,4,base64-0.23.0,encode,standard,padded,11,16,381300,3665139,1091.362752,external,avx512-vbmi,avx512-vbmi,x86_64,linux,0
1,commit-3-amd-9950x3d,run-1,0,base64-0.23.0,decode,standard,padded,11,16,381300,5694749,702.400788,external,avx512-vbmi,avx512-vbmi,x86_64,linux,0
1,commit-3-amd-9950x3d,run-1,1,base64-0.23.0,decode,standard,padded,11,16,381300,5658642,706.882709,external,avx512-vbmi,avx512-vbmi,x86_64,linux,0
1,commit-3-amd-9950x3d,run-1,2,base64-0.23.0,decode,standard,padded,11,16,381300,5646368,708.419321,external,avx512-vbmi,avx512-vbmi,x86_64,linux,0
1,commit-3-amd-9950x3d,run-1,3,base64-0.23.0,decode,standard,padded,11,16,381300,5638984,709.346965,external,avx512-vbmi,avx512-vbmi,x86_64,linux,0
1,commit-3-amd-9950x3d,run-1,4,base64-0.23.0,decode,standard,padded,11,16,381300,5642331,708.926184,external,avx512-vbmi,avx512-vbmi,x86_64,linux,0
1,commit-3-amd-9950x3d,run-1,0,base64ct-1.8.3,encode,standard,padded,11,16,381300,4484130,892.033948,external,avx512-vbmi,avx512-vbmi,x86_64,linux,0
1,commit-3-amd-9950x3d,run-1,1,base64ct-1.8.3,encode,standard,padded,11,16,381300,4526761,883.633173,external,avx512-vbmi,avx512-vbmi,x86_64,linux,0
1,commit-3-amd-9950x3d,run-1,2,base64ct-1.8.3,encode,standard,padded,11,16,381300,4515138,885.907847,external,avx512-vbmi,avx512-vbmi,x86_64,linux,0
1,commit-3-amd-9950x3d,run-1,3,base64ct-1.8.3,encode,standard,padded,11,16,381300,4446018,899.680610,external,avx512-vbmi,avx512-vbmi,x86_64,linux,0
1,commit-3-amd-9950x3d,run-1,4,base64ct-1.8.3,encode,standard,padded,11,16,381300,4530317,882.939579,external,avx512-vbmi,avx512-vbmi,x86_64,linux,0
1,commit-3-amd-9950x3d,run-1,0,base64ct-1.8.3,decode,standard,padded,11,16,381300,13625106,293.575418,external,avx512-vbmi,avx512-vbmi,x86_64,linux,0
1,commit-3-amd-9950x3d,run-1,1,base64ct-1.8.3,decode,standard,padded,11,16,381300,13570092,294.765591,external,avx512-vbmi,avx512-vbmi,x86_64,linux,0
1,commit-3-amd-9950x3d,run-1,2,base64ct-1.8.3,decode,standard,padded,11,16,381300,13559112,295.004288,external,avx512-vbmi,avx512-vbmi,x86_64,linux,0
1,commit-3-amd-9950x3d,run-1,3,base64ct-1.8.3,decode,standard,padded,11,16,381300,13575743,294.642892,external,avx512-vbmi,avx512-vbmi,x86_64,linux,0
1,commit-3-amd-9950x3d,run-1,4,base64ct-1.8.3,decode,standard,padded,11,16,381300,13558100,295.026308,external,avx512-vbmi,avx512-vbmi,x86_64,linux,0
1,commit-3-amd-9950x3d,run-1,0,base64-ng,encode,standard,padded,12,16,349525,13133110,304.573417,auto,avx512-vbmi,avx512-vbmi,x86_64,linux,0
1,commit-3-amd-9950x3d,run-1,1,base64-ng,encode,standard,padded,12,16,349525,12814480,312.146586,auto,avx512-vbmi,avx512-vbmi,x86_64,linux,0
1,commit-3-amd-9950x3d,run-1,2,base64-ng,encode,standard,padded,12,16,349525,12759867,313.482592,auto,avx512-vbmi,avx512-vbmi,x86_64,linux,0
1,commit-3-amd-9950x3d,run-1,3,base64-ng,encode,standard,padded,12,16,349525,12772462,313.173465,auto,avx512-vbmi,avx512-vbmi,x86_64,linux,0
1,commit-3-amd-9950x3d,run-1,4,base64-ng,encode,standard,padded,12,16,349525,12816815,312.089718,auto,avx512-vbmi,avx512-vbmi,x86_64,linux,0
1,commit-3-amd-9950x3d,run-1,0,base64-ng,decode,standard,padded,12,16,349525,56887478,70.314177,auto,avx512-vbmi,avx512-vbmi,x86_64,linux,0
1,commit-3-amd-9950x3d,run-1,1,base64-ng,decode,standard,padded,12,16,349525,56807568,70.413086,auto,avx512-vbmi,avx512-vbmi,x86_64,linux,0
1,commit-3-amd-9950x3d,run-1,2,base64-ng,decode,standard,padded,12,16,349525,56823397,70.393472,auto,avx512-vbmi,avx512-vbmi,x86_64,linux,0
1,commit-3-amd-9950x3d,run-1,3,base64-ng,decode,standard,padded,12,16,349525,56649661,70.609358,auto,avx512-vbmi,avx512-vbmi,x86_64,linux,0
1,commit-3-amd-9950x3d,run-1,4,base64-ng,decode,standard,padded,12,16,349525,56827775,70.388049,auto,avx512-vbmi,avx512-vbmi,x86_64,linux,0
1,commit-3-amd-9950x3d,run-1,0,base64-ng,encode,standard,padded,12,16,349525,12566233,318.313068,scalar,avx512-vbmi,avx512-vbmi,x86_64,linux,0
1,commit-3-amd-9950x3d,run-1,1,base64-ng,encode,standard,padded,12,16,349525,12574749,318.097497,scalar,avx512-vbmi,avx512-vbmi,x86_64,linux,0
1,commit-3-amd-9950x3d,run-1,2,base64-ng,encode,standard,padded,12,16,349525,12569229,318.237195,scalar,avx512-vbmi,avx512-vbmi,x86_64,linux,0
1,commit-3-amd-9950x3d,run-1,3,base64-ng,encode,standard,padded,12,16,349525,12565592,318.329306,scalar,avx512-vbmi,avx512-vbmi,x86_64,linux,0
1,commit-3-amd-9950x3d,run-1,4,base64-ng,encode,standard,padded,12,16,349525,12569520,318.229828,scalar,avx512-vbmi,avx512-vbmi,x86_64,linux,0
1,commit-3-amd-9950x3d,run-1,0,base64-ng,decode,standard,padded,12,16,349525,13842956,288.955349,scalar,avx512-vbmi,avx512-vbmi,x86_64,linux,0
1,commit-3-amd-9950x3d,run-1,1,base64-ng,decode,standard,padded,12,16,349525,13852624,288.753682,scalar,avx512-vbmi,avx512-vbmi,x86_64,linux,0
1,commit-3-amd-9950x3d,run-1,2,base64-ng,decode,standard,padded,12,16,349525,13845602,288.900128,scalar,avx512-vbmi,avx512-vbmi,x86_64,linux,0
1,commit-3-amd-9950x3d,run-1,3,base64-ng,decode,standard,padded,12,16,349525,13845592,288.900336,scalar,avx512-vbmi,avx512-vbmi,x86_64,linux,0
1,commit-3-amd-9950x3d,run-1,4,base64-ng,decode,standard,padded,12,16,349525,13840121,289.014539,scalar,avx512-vbmi,avx512-vbmi,x86_64,linux,0
1,commit-3-amd-9950x3d,run-1,0,base64-ng,encode,standard,padded,12,16,349525,18581976,215.262154,ssse3-sse4.1,avx512-vbmi,avx512-vbmi,x86_64,linux,0
1,commit-3-amd-9950x3d,run-1,1,base64-ng,encode,standard,padded,12,16,349525,18697273,213.934737,ssse3-sse4.1,avx512-vbmi,avx512-vbmi,x86_64,linux,0
1,commit-3-amd-9950x3d,run-1,2,base64-ng,encode,standard,padded,12,16,349525,18792382,212.852005,ssse3-sse4.1,avx512-vbmi,avx512-vbmi,x86_64,linux,0
1,commit-3-amd-9950x3d,run-1,3,base64-ng,encode,standard,padded,12,16,349525,18654623,214.423855,ssse3-sse4.1,avx512-vbmi,avx512-vbmi,x86_64,linux,0
1,commit-3-amd-9950x3d,run-1,4,base64-ng,encode,standard,padded,12,16,349525,18732269,213.535060,ssse3-sse4.1,avx512-vbmi,avx512-vbmi,x86_64,linux,0
1,commit-3-amd-9950x3d,run-1,0,base64-ng,decode,standard,padded,12,16,349525,56072344,71.336347,ssse3-sse4.1,avx512-vbmi,avx512-vbmi,x86_64,linux,0
1,commit-3-amd-9950x3d,run-1,1,base64-ng,decode,standard,padded,12,16,349525,55849585,71.620876,ssse3-sse4.1,avx512-vbmi,avx512-vbmi,x86_64,linux,0
1,commit-3-amd-9950x3d,run-1,2,base64-ng,decode,standard,padded,12,16,349525,56682212,70.568809,ssse3-sse4.1,avx512-vbmi,avx512-vbmi,x86_64,linux,0
1,commit-3-amd-9950x3d,run-1,3,base64-ng,decode,standard,padded,12,16,349525,56035835,71.382825,ssse3-sse4.1,avx512-vbmi,avx512-vbmi,x86_64,linux,0
1,commit-3-amd-9950x3d,run-1,4,base64-ng,decode,standard,padded,12,16,349525,55869592,71.595228,ssse3-sse4.1,avx512-vbmi,avx512-vbmi,x86_64,linux,0
1,commit-3-amd-9950x3d,run-1,0,base64-ng,encode,standard,padded,12,16,349525,13097844,305.393482,avx2,avx512-vbmi,avx512-vbmi,x86_64,linux,0
1,commit-3-amd-9950x3d,run-1,1,base64-ng,encode,standard,padded,12,16,349525,13110597,305.096418,avx2,avx512-vbmi,avx512-vbmi,x86_64,linux,0
1,commit-3-amd-9950x3d,run-1,2,base64-ng,encode,standard,padded,12,16,349525,13099677,305.350749,avx2,avx512-vbmi,avx512-vbmi,x86_64,linux,0
1,commit-3-amd-9950x3d,run-1,3,base64-ng,encode,standard,padded,12,16,349525,13108273,305.150510,avx2,avx512-vbmi,avx512-vbmi,x86_64,linux,0
1,commit-3-amd-9950x3d,run-1,4,base64-ng,encode,standard,padded,12,16,349525,13124955,304.762659,avx2,avx512-vbmi,avx512-vbmi,x86_64,linux,0
1,commit-3-amd-9950x3d,run-1,0,base64-ng,decode,standard,padded,12,16,349525,56402886,70.918289,avx2,avx512-vbmi,avx512-vbmi,x86_64,linux,0
1,commit-3-amd-9950x3d,run-1,1,base64-ng,decode,standard,padded,12,16,349525,56319679,71.023064,avx2,avx512-vbmi,avx512-vbmi,x86_64,linux,0
1,commit-3-amd-9950x3d,run-1,2,base64-ng,decode,standard,padded,12,16,349525,56281357,71.071424,avx2,avx512-vbmi,avx512-vbmi,x86_64,linux,0
1,commit-3-amd-9950x3d,run-1,3,base64-ng,decode,standard,padded,12,16,349525,56506661,70.788047,avx2,avx512-vbmi,avx512-vbmi,x86_64,linux,0
1,commit-3-amd-9950x3d,run-1,4,base64-ng,decode,standard,padded,12,16,349525,56627939,70.636443,avx2,avx512-vbmi,avx512-vbmi,x86_64,linux,0
1,commit-3-amd-9950x3d,run-1,0,base64-ng,encode,standard,padded,12,16,349525,13127670,304.699630,avx512-vbmi,avx512-vbmi,avx512-vbmi,x86_64,linux,0
1,commit-3-amd-9950x3d,run-1,1,base64-ng,encode,standard,padded,12,16,349525,13145172,304.293940,avx512-vbmi,avx512-vbmi,avx512-vbmi,x86_64,linux,0
1,commit-3-amd-9950x3d,run-1,2,base64-ng,encode,standard,padded,12,16,349525,13161053,303.926759,avx512-vbmi,avx512-vbmi,avx512-vbmi,x86_64,linux,0
1,commit-3-amd-9950x3d,run-1,3,base64-ng,encode,standard,padded,12,16,349525,13154190,304.085328,avx512-vbmi,avx512-vbmi,avx512-vbmi,x86_64,linux,0
1,commit-3-amd-9950x3d,run-1,4,base64-ng,encode,standard,padded,12,16,349525,13147998,304.228536,avx512-vbmi,avx512-vbmi,avx512-vbmi,x86_64,linux,0
1,commit-3-amd-9950x3d,run-1,0,base64-ng,decode,standard,padded,12,16,349525,58114377,68.829718,avx512-vbmi,avx512-vbmi,avx512-vbmi,x86_64,linux,0
1,commit-3-amd-9950x3d,run-1,1,base64-ng,decode,standard,padded,12,16,349525,57534706,69.523188,avx512-vbmi,avx512-vbmi,avx512-vbmi,x86_64,linux,0
1,commit-3-amd-9950x3d,run-1,2,base64-ng,decode,standard,padded,12,16,349525,57543953,69.512016,avx512-vbmi,avx512-vbmi,avx512-vbmi,x86_64,linux,0
1,commit-3-amd-9950x3d,run-1,3,base64-ng,decode,standard,padded,12,16,349525,57123182,70.024044,avx512-vbmi,avx512-vbmi,avx512-vbmi,x86_64,linux,0
1,commit-3-amd-9950x3d,run-1,4,base64-ng,decode,standard,padded,12,16,349525,57091011,70.063502,avx512-vbmi,avx512-vbmi,avx512-vbmi,x86_64,linux,0
1,commit-3-amd-9950x3d,run-1,0,base64-0.23.0,encode,standard,padded,12,16,349525,3285814,1217.353199,external,avx512-vbmi,avx512-vbmi,x86_64,linux,0
1,commit-3-amd-9950x3d,run-1,1,base64-0.23.0,encode,standard,padded,12,16,349525,3349956,1194.044395,external,avx512-vbmi,avx512-vbmi,x86_64,linux,0
1,commit-3-amd-9950x3d,run-1,2,base64-0.23.0,encode,standard,padded,12,16,349525,3345667,1195.575108,external,avx512-vbmi,avx512-vbmi,x86_64,linux,0
1,commit-3-amd-9950x3d,run-1,3,base64-0.23.0,encode,standard,padded,12,16,349525,3358561,1190.985123,external,avx512-vbmi,avx512-vbmi,x86_64,linux,0
1,commit-3-amd-9950x3d,run-1,4,base64-0.23.0,encode,standard,padded,12,16,349525,3345617,1195.592976,external,avx512-vbmi,avx512-vbmi,x86_64,linux,0
1,commit-3-amd-9950x3d,run-1,0,base64-0.23.0,decode,standard,padded,12,16,349525,5231998,764.525557,external,avx512-vbmi,avx512-vbmi,x86_64,linux,0
1,commit-3-amd-9950x3d,run-1,1,base64-0.23.0,decode,standard,padded,12,16,349525,5267806,759.328682,external,avx512-vbmi,avx512-vbmi,x86_64,linux,0
1,commit-3-amd-9950x3d,run-1,2,base64-0.23.0,decode,standard,padded,12,16,349525,5247317,762.293604,external,avx512-vbmi,avx512-vbmi,x86_64,linux,0
1,commit-3-amd-9950x3d,run-1,3,base64-0.23.0,decode,standard,padded,12,16,349525,5239903,763.372182,external,avx512-vbmi,avx512-vbmi,x86_64,linux,0
1,commit-3-amd-9950x3d,run-1,4,base64-0.23.0,decode,standard,padded,12,16,349525,5253669,761.371945,external,avx512-vbmi,avx512-vbmi,x86_64,linux,0
1,commit-3-amd-9950x3d,run-1,0,base64ct-1.8.3,encode,standard,padded,12,16,349525,2981061,1341.802863,external,avx512-vbmi,avx512-vbmi,x86_64,linux,0
1,commit-3-amd-9950x3d,run-1,1,base64ct-1.8.3,encode,standard,padded,12,16,349525,2986121,1339.529170,external,avx512-vbmi,avx512-vbmi,x86_64,linux,0
1,commit-3-amd-9950x3d,run-1,2,base64ct-1.8.3,encode,standard,padded,12,16,349525,2987754,1338.797031,external,avx512-vbmi,avx512-vbmi,x86_64,linux,0
1,commit-3-amd-9950x3d,run-1,3,base64ct-1.8.3,encode,standard,padded,12,16,349525,2989547,1337.994079,external,avx512-vbmi,avx512-vbmi,x86_64,linux,0
1,commit-3-amd-9950x3d,run-1,4,base64ct-1.8.3,encode,standard,padded,12,16,349525,2976783,1343.731198,external,avx512-vbmi,avx512-vbmi,x86_64,linux,0
1,commit-3-amd-9950x3d,run-1,0,base64ct-1.8.3,decode,standard,padded,12,16,349525,9070884,440.970934,external,avx512-vbmi,avx512-vbmi,x86_64,linux,0
1,commit-3-amd-9950x3d,run-1,1,base64ct-1.8.3,decode,standard,padded,12,16,349525,9067678,441.126845,external,avx512-vbmi,avx512-vbmi,x86_64,linux,0
1,commit-3-amd-9950x3d,run-1,2,base64ct-1.8.3,decode,standard,padded,12,16,349525,9078979,440.577755,external,avx512-vbmi,avx512-vbmi,x86_64,linux,0
1,commit-3-amd-9950x3d,run-1,3,base64ct-1.8.3,decode,standard,padded,12,16,349525,9053401,441.822491,external,avx512-vbmi,avx512-vbmi,x86_64,linux,0
1,commit-3-amd-9950x3d,run-1,4,base64ct-1.8.3,decode,standard,padded,12,16,349525,9047590,442.106261,external,avx512-vbmi,avx512-vbmi,x86_64,linux,0
1,commit-3-amd-9950x3d,run-1,0,base64-ng,encode,standard,padded,15,20,279620,12523663,319.395067,auto,avx512-vbmi,avx512-vbmi,x86_64,linux,0
1,commit-3-amd-9950x3d,run-1,1,base64-ng,encode,standard,padded,15,20,279620,12406793,322.403717,auto,avx512-vbmi,avx512-vbmi,x86_64,linux,0
1,commit-3-amd-9950x3d,run-1,2,base64-ng,encode,standard,padded,15,20,279620,12379522,323.113945,auto,avx512-vbmi,avx512-vbmi,x86_64,linux,0
1,commit-3-amd-9950x3d,run-1,3,base64-ng,encode,standard,padded,15,20,279620,12400561,322.565744,auto,avx512-vbmi,avx512-vbmi,x86_64,linux,0
1,commit-3-amd-9950x3d,run-1,4,base64-ng,encode,standard,padded,15,20,279620,12405801,322.429498,auto,avx512-vbmi,avx512-vbmi,x86_64,linux,0
1,commit-3-amd-9950x3d,run-1,0,base64-ng,decode,standard,padded,15,20,279620,49074511,81.508631,auto,avx512-vbmi,avx512-vbmi,x86_64,linux,0
1,commit-3-amd-9950x3d,run-1,1,base64-ng,decode,standard,padded,15,20,279620,49110730,81.448518,auto,avx512-vbmi,avx512-vbmi,x86_64,linux,0
1,commit-3-amd-9950x3d,run-1,2,base64-ng,decode,standard,padded,15,20,279620,48967040,81.687523,auto,avx512-vbmi,avx512-vbmi,x86_64,linux,0
1,commit-3-amd-9950x3d,run-1,3,base64-ng,decode,standard,padded,15,20,279620,48885416,81.823916,auto,avx512-vbmi,avx512-vbmi,x86_64,linux,0
1,commit-3-amd-9950x3d,run-1,4,base64-ng,decode,standard,padded,15,20,279620,48919681,81.766604,auto,avx512-vbmi,avx512-vbmi,x86_64,linux,0
1,commit-3-amd-9950x3d,run-1,0,base64-ng,encode,standard,padded,15,20,279620,12259907,326.266438,scalar,avx512-vbmi,avx512-vbmi,x86_64,linux,0
1,commit-3-amd-9950x3d,run-1,1,base64-ng,encode,standard,padded,15,20,279620,12254977,326.397690,scalar,avx512-vbmi,avx512-vbmi,x86_64,linux,0
1,commit-3-amd-9950x3d,run-1,2,base64-ng,encode,standard,padded,15,20,279620,12252061,326.475373,scalar,avx512-vbmi,avx512-vbmi,x86_64,linux,0
1,commit-3-amd-9950x3d,run-1,3,base64-ng,encode,standard,padded,15,20,279620,12264335,326.148640,scalar,avx512-vbmi,avx512-vbmi,x86_64,linux,0
1,commit-3-amd-9950x3d,run-1,4,base64-ng,encode,standard,padded,15,20,279620,12251921,326.479104,scalar,avx512-vbmi,avx512-vbmi,x86_64,linux,0
1,commit-3-amd-9950x3d,run-1,0,base64-ng,decode,standard,padded,15,20,279620,13563610,294.906458,scalar,avx512-vbmi,avx512-vbmi,x86_64,linux,0
1,commit-3-amd-9950x3d,run-1,1,base64-ng,decode,standard,padded,15,20,279620,13565925,294.856133,scalar,avx512-vbmi,avx512-vbmi,x86_64,linux,0
1,commit-3-amd-9950x3d,run-1,2,base64-ng,decode,standard,padded,15,20,279620,13559152,295.003418,scalar,avx512-vbmi,avx512-vbmi,x86_64,linux,0
1,commit-3-amd-9950x3d,run-1,3,base64-ng,decode,standard,padded,15,20,279620,13557539,295.038516,scalar,avx512-vbmi,avx512-vbmi,x86_64,linux,0
1,commit-3-amd-9950x3d,run-1,4,base64-ng,decode,standard,padded,15,20,279620,13547781,295.251022,scalar,avx512-vbmi,avx512-vbmi,x86_64,linux,0
1,commit-3-amd-9950x3d,run-1,0,base64-ng,encode,standard,padded,15,20,279620,16897416,236.722360,ssse3-sse4.1,avx512-vbmi,avx512-vbmi,x86_64,linux,0
1,commit-3-amd-9950x3d,run-1,1,base64-ng,encode,standard,padded,15,20,279620,16896063,236.741316,ssse3-sse4.1,avx512-vbmi,avx512-vbmi,x86_64,linux,0
1,commit-3-amd-9950x3d,run-1,2,base64-ng,encode,standard,padded,15,20,279620,16856799,237.292750,ssse3-sse4.1,avx512-vbmi,avx512-vbmi,x86_64,linux,0
1,commit-3-amd-9950x3d,run-1,3,base64-ng,encode,standard,padded,15,20,279620,16897366,236.723060,ssse3-sse4.1,avx512-vbmi,avx512-vbmi,x86_64,linux,0
1,commit-3-amd-9950x3d,run-1,4,base64-ng,encode,standard,padded,15,20,279620,16833525,237.620830,ssse3-sse4.1,avx512-vbmi,avx512-vbmi,x86_64,linux,0
1,commit-3-amd-9950x3d,run-1,0,base64-ng,decode,standard,padded,15,20,279620,48185218,83.012931,ssse3-sse4.1,avx512-vbmi,avx512-vbmi,x86_64,linux,0
1,commit-3-amd-9950x3d,run-1,1,base64-ng,decode,standard,padded,15,20,279620,47998536,83.335796,ssse3-sse4.1,avx512-vbmi,avx512-vbmi,x86_64,linux,0
1,commit-3-amd-9950x3d,run-1,2,base64-ng,decode,standard,padded,15,20,279620,47933023,83.449696,ssse3-sse4.1,avx512-vbmi,avx512-vbmi,x86_64,linux,0
1,commit-3-amd-9950x3d,run-1,3,base64-ng,decode,standard,padded,15,20,279620,48031398,83.278779,ssse3-sse4.1,avx512-vbmi,avx512-vbmi,x86_64,linux,0
1,commit-3-amd-9950x3d,run-1,4,base64-ng,decode,standard,padded,15,20,279620,47987877,83.354306,ssse3-sse4.1,avx512-vbmi,avx512-vbmi,x86_64,linux,0
1,commit-3-amd-9950x3d,run-1,0,base64-ng,encode,standard,padded,15,20,279620,12660590,315.940741,avx2,avx512-vbmi,avx512-vbmi,x86_64,linux,0
1,commit-3-amd-9950x3d,run-1,1,base64-ng,encode,standard,padded,15,20,279620,12682152,315.403583,avx2,avx512-vbmi,avx512-vbmi,x86_64,linux,0
1,commit-3-amd-9950x3d,run-1,2,base64-ng,encode,standard,padded,15,20,279620,12689475,315.221566,avx2,avx512-vbmi,avx512-vbmi,x86_64,linux,0
1,commit-3-amd-9950x3d,run-1,3,base64-ng,encode,standard,padded,15,20,279620,12686619,315.292529,avx2,avx512-vbmi,avx512-vbmi,x86_64,linux,0
1,commit-3-amd-9950x3d,run-1,4,base64-ng,encode,standard,padded,15,20,279620,12696558,315.045714,avx2,avx512-vbmi,avx512-vbmi,x86_64,linux,0
1,commit-3-amd-9950x3d,run-1,0,base64-ng,decode,standard,padded,15,20,279620,48583158,82.332980,avx2,avx512-vbmi,avx512-vbmi,x86_64,linux,0
1,commit-3-amd-9950x3d,run-1,1,base64-ng,decode,standard,padded,15,20,279620,48466898,82.530476,avx2,avx512-vbmi,avx512-vbmi,x86_64,linux,0
1,commit-3-amd-9950x3d,run-1,2,base64-ng,decode,standard,padded,15,20,279620,48249239,82.902783,avx2,avx512-vbmi,avx512-vbmi,x86_64,linux,0
1,commit-3-amd-9950x3d,run-1,3,base64-ng,decode,standard,padded,15,20,279620,48181110,83.020009,avx2,avx512-vbmi,avx512-vbmi,x86_64,linux,0
1,commit-3-amd-9950x3d,run-1,4,base64-ng,decode,standard,padded,15,20,279620,48299053,82.817280,avx2,avx512-vbmi,avx512-vbmi,x86_64,linux,0
1,commit-3-amd-9950x3d,run-1,0,base64-ng,encode,standard,padded,15,20,279620,12703552,314.872264,avx512-vbmi,avx512-vbmi,avx512-vbmi,x86_64,linux,0
1,commit-3-amd-9950x3d,run-1,1,base64-ng,encode,standard,padded,15,20,279620,12696979,315.035268,avx512-vbmi,avx512-vbmi,avx512-vbmi,x86_64,linux,0
1,commit-3-amd-9950x3d,run-1,2,base64-ng,encode,standard,padded,15,20,279620,12706577,314.797304,avx512-vbmi,avx512-vbmi,avx512-vbmi,x86_64,linux,0
1,commit-3-amd-9950x3d,run-1,3,base64-ng,encode,standard,padded,15,20,279620,12698583,314.995475,avx512-vbmi,avx512-vbmi,avx512-vbmi,x86_64,linux,0
1,commit-3-amd-9950x3d,run-1,4,base64-ng,encode,standard,padded,15,20,279620,12711156,314.683903,avx512-vbmi,avx512-vbmi,avx512-vbmi,x86_64,linux,0
1,commit-3-amd-9950x3d,run-1,0,base64-ng,decode,standard,padded,15,20,279620,49140125,81.399797,avx512-vbmi,avx512-vbmi,avx512-vbmi,x86_64,linux,0
1,commit-3-amd-9950x3d,run-1,1,base64-ng,decode,standard,padded,15,20,279620,49455670,80.880437,avx512-vbmi,avx512-vbmi,avx512-vbmi,x86_64,linux,0
1,commit-3-amd-9950x3d,run-1,2,base64-ng,decode,standard,padded,15,20,279620,49434579,80.914944,avx512-vbmi,avx512-vbmi,avx512-vbmi,x86_64,linux,0
1,commit-3-amd-9950x3d,run-1,3,base64-ng,decode,standard,padded,15,20,279620,49410364,80.954599,avx512-vbmi,avx512-vbmi,avx512-vbmi,x86_64,linux,0
1,commit-3-amd-9950x3d,run-1,4,base64-ng,decode,standard,padded,15,20,279620,49306809,81.124621,avx512-vbmi,avx512-vbmi,avx512-vbmi,x86_64,linux,0
1,commit-3-amd-9950x3d,run-1,0,base64-0.23.0,encode,standard,padded,15,20,279620,2860564,1398.324311,external,avx512-vbmi,avx512-vbmi,x86_64,linux,0
1,commit-3-amd-9950x3d,run-1,1,base64-0.23.0,encode,standard,padded,15,20,279620,2920467,1369.642658,external,avx512-vbmi,avx512-vbmi,x86_64,linux,0
1,commit-3-amd-9950x3d,run-1,2,base64-0.23.0,encode,standard,padded,15,20,279620,2912943,1373.180383,external,avx512-vbmi,avx512-vbmi,x86_64,linux,0
1,commit-3-amd-9950x3d,run-1,3,base64-0.23.0,encode,standard,padded,15,20,279620,2901772,1378.466739,external,avx512-vbmi,avx512-vbmi,x86_64,linux,0
1,commit-3-amd-9950x3d,run-1,4,base64-0.23.0,encode,standard,padded,15,20,279620,2911119,1374.040768,external,avx512-vbmi,avx512-vbmi,x86_64,linux,0
1,commit-3-amd-9950x3d,run-1,0,base64-0.23.0,decode,standard,padded,15,20,279620,4482307,892.396747,external,avx512-vbmi,avx512-vbmi,x86_64,linux,0
1,commit-3-amd-9950x3d,run-1,1,base64-0.23.0,decode,standard,padded,15,20,279620,4482888,892.281089,external,avx512-vbmi,avx512-vbmi,x86_64,linux,0
1,commit-3-amd-9950x3d,run-1,2,base64-0.23.0,decode,standard,padded,15,20,279620,4453593,898.150367,external,avx512-vbmi,avx512-vbmi,x86_64,linux,0
1,commit-3-amd-9950x3d,run-1,3,base64-0.23.0,decode,standard,padded,15,20,279620,4449285,899.019997,external,avx512-vbmi,avx512-vbmi,x86_64,linux,0
1,commit-3-amd-9950x3d,run-1,4,base64-0.23.0,decode,standard,padded,15,20,279620,4449045,899.068493,external,avx512-vbmi,avx512-vbmi,x86_64,linux,0
1,commit-3-amd-9950x3d,run-1,0,base64ct-1.8.3,encode,standard,padded,15,20,279620,2791855,1432.737798,external,avx512-vbmi,avx512-vbmi,x86_64,linux,0
1,commit-3-amd-9950x3d,run-1,1,base64ct-1.8.3,encode,standard,padded,15,20,279620,2774974,1441.453572,external,avx512-vbmi,avx512-vbmi,x86_64,linux,0
1,commit-3-amd-9950x3d,run-1,2,base64ct-1.8.3,encode,standard,padded,15,20,279620,2768952,1444.588489,external,avx512-vbmi,avx512-vbmi,x86_64,linux,0
1,commit-3-amd-9950x3d,run-1,3,base64ct-1.8.3,encode,standard,padded,15,20,279620,2772689,1442.641488,external,avx512-vbmi,avx512-vbmi,x86_64,linux,0
1,commit-3-amd-9950x3d,run-1,4,base64ct-1.8.3,encode,standard,padded,15,20,279620,2780944,1438.359127,external,avx512-vbmi,avx512-vbmi,x86_64,linux,0
1,commit-3-amd-9950x3d,run-1,0,base64ct-1.8.3,decode,standard,padded,15,20,279620,8090188,494.425616,external,avx512-vbmi,avx512-vbmi,x86_64,linux,0
1,commit-3-amd-9950x3d,run-1,1,base64ct-1.8.3,decode,standard,padded,15,20,279620,8082845,494.874785,external,avx512-vbmi,avx512-vbmi,x86_64,linux,0
1,commit-3-amd-9950x3d,run-1,2,base64ct-1.8.3,decode,standard,padded,15,20,279620,8093054,494.250525,external,avx512-vbmi,avx512-vbmi,x86_64,linux,0
1,commit-3-amd-9950x3d,run-1,3,base64ct-1.8.3,decode,standard,padded,15,20,279620,8079999,495.049094,external,avx512-vbmi,avx512-vbmi,x86_64,linux,0
1,commit-3-amd-9950x3d,run-1,4,base64ct-1.8.3,decode,standard,padded,15,20,279620,8080820,494.998798,external,avx512-vbmi,avx512-vbmi,x86_64,linux,0
1,commit-3-amd-9950x3d,run-1,0,base64-ng,encode,standard,padded,16,24,262144,12464441,320.912907,auto,avx512-vbmi,avx512-vbmi,x86_64,linux,0
1,commit-3-amd-9950x3d,run-1,1,base64-ng,encode,standard,padded,16,24,262144,12395532,322.696920,auto,avx512-vbmi,avx512-vbmi,x86_64,linux,0
1,commit-3-amd-9950x3d,run-1,2,base64-ng,encode,standard,padded,16,24,262144,12373510,323.271246,auto,avx512-vbmi,avx512-vbmi,x86_64,linux,0
1,commit-3-amd-9950x3d,run-1,3,base64-ng,encode,standard,padded,16,24,262144,12370084,323.360779,auto,avx512-vbmi,avx512-vbmi,x86_64,linux,0
1,commit-3-amd-9950x3d,run-1,4,base64-ng,encode,standard,padded,16,24,262144,12386074,322.943331,auto,avx512-vbmi,avx512-vbmi,x86_64,linux,0
1,commit-3-amd-9950x3d,run-1,0,base64-ng,decode,standard,padded,16,24,262144,48748248,82.054231,auto,avx512-vbmi,avx512-vbmi,x86_64,linux,0
1,commit-3-amd-9950x3d,run-1,1,base64-ng,decode,standard,padded,16,24,262144,48835071,81.908348,auto,avx512-vbmi,avx512-vbmi,x86_64,linux,0
1,commit-3-amd-9950x3d,run-1,2,base64-ng,decode,standard,padded,16,24,262144,48801127,81.965320,auto,avx512-vbmi,avx512-vbmi,x86_64,linux,0
1,commit-3-amd-9950x3d,run-1,3,base64-ng,decode,standard,padded,16,24,262144,48745572,82.058736,auto,avx512-vbmi,avx512-vbmi,x86_64,linux,0
1,commit-3-amd-9950x3d,run-1,4,base64-ng,decode,standard,padded,16,24,262144,48782242,81.997051,auto,avx512-vbmi,avx512-vbmi,x86_64,linux,0
1,commit-3-amd-9950x3d,run-1,0,base64-ng,encode,standard,padded,16,24,262144,12273732,325.899246,scalar,avx512-vbmi,avx512-vbmi,x86_64,linux,0
1,commit-3-amd-9950x3d,run-1,1,base64-ng,encode,standard,padded,16,24,262144,12272400,325.934618,scalar,avx512-vbmi,avx512-vbmi,x86_64,linux,0
1,commit-3-amd-9950x3d,run-1,2,base64-ng,encode,standard,padded,16,24,262144,12254226,326.418005,scalar,avx512-vbmi,avx512-vbmi,x86_64,linux,0
1,commit-3-amd-9950x3d,run-1,3,base64-ng,encode,standard,padded,16,24,262144,12265467,326.118851,scalar,avx512-vbmi,avx512-vbmi,x86_64,linux,0
1,commit-3-amd-9950x3d,run-1,4,base64-ng,encode,standard,padded,16,24,262144,12282960,325.654403,scalar,avx512-vbmi,avx512-vbmi,x86_64,linux,0
1,commit-3-amd-9950x3d,run-1,0,base64-ng,decode,standard,padded,16,24,262144,14045257,284.793650,scalar,avx512-vbmi,avx512-vbmi,x86_64,linux,0
1,commit-3-amd-9950x3d,run-1,1,base64-ng,decode,standard,padded,16,24,262144,14051679,284.663491,scalar,avx512-vbmi,avx512-vbmi,x86_64,linux,0
1,commit-3-amd-9950x3d,run-1,2,base64-ng,decode,standard,padded,16,24,262144,14072739,284.237489,scalar,avx512-vbmi,avx512-vbmi,x86_64,linux,0
1,commit-3-amd-9950x3d,run-1,3,base64-ng,decode,standard,padded,16,24,262144,14058171,284.532035,scalar,avx512-vbmi,avx512-vbmi,x86_64,linux,0
1,commit-3-amd-9950x3d,run-1,4,base64-ng,decode,standard,padded,16,24,262144,14072789,284.236479,scalar,avx512-vbmi,avx512-vbmi,x86_64,linux,0
1,commit-3-amd-9950x3d,run-1,0,base64-ng,encode,standard,padded,16,24,262144,16771728,238.496594,ssse3-sse4.1,avx512-vbmi,avx512-vbmi,x86_64,linux,0
1,commit-3-amd-9950x3d,run-1,1,base64-ng,encode,standard,padded,16,24,262144,16746873,238.850560,ssse3-sse4.1,avx512-vbmi,avx512-vbmi,x86_64,linux,0
1,commit-3-amd-9950x3d,run-1,2,base64-ng,encode,standard,padded,16,24,262144,16753805,238.751734,ssse3-sse4.1,avx512-vbmi,avx512-vbmi,x86_64,linux,0
1,commit-3-amd-9950x3d,run-1,3,base64-ng,encode,standard,padded,16,24,262144,16775356,238.445014,ssse3-sse4.1,avx512-vbmi,avx512-vbmi,x86_64,linux,0
1,commit-3-amd-9950x3d,run-1,4,base64-ng,encode,standard,padded,16,24,262144,16767942,238.550443,ssse3-sse4.1,avx512-vbmi,avx512-vbmi,x86_64,linux,0
1,commit-3-amd-9950x3d,run-1,0,base64-ng,decode,standard,padded,16,24,262144,47794743,83.691213,ssse3-sse4.1,avx512-vbmi,avx512-vbmi,x86_64,linux,0
1,commit-3-amd-9950x3d,run-1,1,base64-ng,decode,standard,padded,16,24,262144,48019436,83.299604,ssse3-sse4.1,avx512-vbmi,avx512-vbmi,x86_64,linux,0
1,commit-3-amd-9950x3d,run-1,2,base64-ng,decode,standard,padded,16,24,262144,47969843,83.385722,ssse3-sse4.1,avx512-vbmi,avx512-vbmi,x86_64,linux,0
1,commit-3-amd-9950x3d,run-1,3,base64-ng,decode,standard,padded,16,24,262144,47949334,83.421388,ssse3-sse4.1,avx512-vbmi,avx512-vbmi,x86_64,linux,0
1,commit-3-amd-9950x3d,run-1,4,base64-ng,decode,standard,padded,16,24,262144,47866819,83.565194,ssse3-sse4.1,avx512-vbmi,avx512-vbmi,x86_64,linux,0
1,commit-3-amd-9950x3d,run-1,0,base64-ng,encode,standard,padded,16,24,262144,12690597,315.193998,avx2,avx512-vbmi,avx512-vbmi,x86_64,linux,0
1,commit-3-amd-9950x3d,run-1,1,base64-ng,encode,standard,padded,16,24,262144,12698262,315.003738,avx2,avx512-vbmi,avx512-vbmi,x86_64,linux,0
1,commit-3-amd-9950x3d,run-1,2,base64-ng,encode,standard,padded,16,24,262144,12678034,315.506332,avx2,avx512-vbmi,avx512-vbmi,x86_64,linux,0
1,commit-3-amd-9950x3d,run-1,3,base64-ng,encode,standard,padded,16,24,262144,12663577,315.866520,avx2,avx512-vbmi,avx512-vbmi,x86_64,linux,0
1,commit-3-amd-9950x3d,run-1,4,base64-ng,encode,standard,padded,16,24,262144,12649350,316.221782,avx2,avx512-vbmi,avx512-vbmi,x86_64,linux,0
1,commit-3-amd-9950x3d,run-1,0,base64-ng,decode,standard,padded,16,24,262144,48423847,82.603929,avx2,avx512-vbmi,avx512-vbmi,x86_64,linux,0
1,commit-3-amd-9950x3d,run-1,1,base64-ng,decode,standard,padded,16,24,262144,48316796,82.786946,avx2,avx512-vbmi,avx512-vbmi,x86_64,linux,0
1,commit-3-amd-9950x3d,run-1,2,base64-ng,decode,standard,padded,16,24,262144,48403338,82.638929,avx2,avx512-vbmi,avx512-vbmi,x86_64,linux,0
1,commit-3-amd-9950x3d,run-1,3,base64-ng,decode,standard,padded,16,24,262144,48924550,81.758545,avx2,avx512-vbmi,avx512-vbmi,x86_64,linux,0
1,commit-3-amd-9950x3d,run-1,4,base64-ng,decode,standard,padded,16,24,262144,48726908,82.090167,avx2,avx512-vbmi,avx512-vbmi,x86_64,linux,0
1,commit-3-amd-9950x3d,run-1,0,base64-ng,encode,standard,padded,16,24,262144,12787971,312.793953,avx512-vbmi,avx512-vbmi,avx512-vbmi,x86_64,linux,0
1,commit-3-amd-9950x3d,run-1,1,base64-ng,encode,standard,padded,16,24,262144,12789624,312.753526,avx512-vbmi,avx512-vbmi,avx512-vbmi,x86_64,linux,0
1,commit-3-amd-9950x3d,run-1,2,base64-ng,encode,standard,padded,16,24,262144,12792159,312.691548,avx512-vbmi,avx512-vbmi,avx512-vbmi,x86_64,linux,0
1,commit-3-amd-9950x3d,run-1,3,base64-ng,encode,standard,padded,16,24,262144,12787800,312.798136,avx512-vbmi,avx512-vbmi,avx512-vbmi,x86_64,linux,0
1,commit-3-amd-9950x3d,run-1,4,base64-ng,encode,standard,padded,16,24,262144,12773062,313.159053,avx512-vbmi,avx512-vbmi,avx512-vbmi,x86_64,linux,0
1,commit-3-amd-9950x3d,run-1,0,base64-ng,decode,standard,padded,16,24,262144,48626288,82.260032,avx512-vbmi,avx512-vbmi,avx512-vbmi,x86_64,linux,0
1,commit-3-amd-9950x3d,run-1,1,base64-ng,decode,standard,padded,16,24,262144,48519217,82.441561,avx512-vbmi,avx512-vbmi,avx512-vbmi,x86_64,linux,0
1,commit-3-amd-9950x3d,run-1,2,base64-ng,decode,standard,padded,16,24,262144,49083399,81.493949,avx512-vbmi,avx512-vbmi,avx512-vbmi,x86_64,linux,0
1,commit-3-amd-9950x3d,run-1,3,base64-ng,decode,standard,padded,16,24,262144,48426072,82.600133,avx512-vbmi,avx512-vbmi,avx512-vbmi,x86_64,linux,0
1,commit-3-amd-9950x3d,run-1,4,base64-ng,decode,standard,padded,16,24,262144,48539796,82.406609,avx512-vbmi,avx512-vbmi,avx512-vbmi,x86_64,linux,0
1,commit-3-amd-9950x3d,run-1,0,base64-0.23.0,encode,standard,padded,16,24,262144,2821711,1417.579617,external,avx512-vbmi,avx512-vbmi,x86_64,linux,0
1,commit-3-amd-9950x3d,run-1,1,base64-0.23.0,encode,standard,padded,16,24,262144,2858551,1399.310350,external,avx512-vbmi,avx512-vbmi,x86_64,linux,0
1,commit-3-amd-9950x3d,run-1,2,base64-0.23.0,encode,standard,padded,16,24,262144,2864291,1396.506151,external,avx512-vbmi,avx512-vbmi,x86_64,linux,0
1,commit-3-amd-9950x3d,run-1,3,base64-0.23.0,encode,standard,padded,16,24,262144,2874600,1391.497948,external,avx512-vbmi,avx512-vbmi,x86_64,linux,0
1,commit-3-amd-9950x3d,run-1,4,base64-0.23.0,encode,standard,padded,16,24,262144,2891402,1383.411923,external,avx512-vbmi,avx512-vbmi,x86_64,linux,0
1,commit-3-amd-9950x3d,run-1,0,base64-0.23.0,decode,standard,padded,16,24,262144,4392197,910.705963,external,avx512-vbmi,avx512-vbmi,x86_64,linux,0
1,commit-3-amd-9950x3d,run-1,1,base64-0.23.0,decode,standard,padded,16,24,262144,4361410,917.134596,external,avx512-vbmi,avx512-vbmi,x86_64,linux,0
1,commit-3-amd-9950x3d,run-1,2,base64-0.23.0,decode,standard,padded,16,24,262144,4354206,918.651988,external,avx512-vbmi,avx512-vbmi,x86_64,linux,0
1,commit-3-amd-9950x3d,run-1,3,base64-0.23.0,decode,standard,padded,16,24,262144,4340109,921.635839,external,avx512-vbmi,avx512-vbmi,x86_64,linux,0
1,commit-3-amd-9950x3d,run-1,4,base64-0.23.0,decode,standard,padded,16,24,262144,4331683,923.428607,external,avx512-vbmi,avx512-vbmi,x86_64,linux,0
1,commit-3-amd-9950x3d,run-1,0,base64ct-1.8.3,encode,standard,padded,16,24,262144,3778402,1058.648603,external,avx512-vbmi,avx512-vbmi,x86_64,linux,0
1,commit-3-amd-9950x3d,run-1,1,base64ct-1.8.3,encode,standard,padded,16,24,262144,3767161,1061.807552,external,avx512-vbmi,avx512-vbmi,x86_64,linux,0
1,commit-3-amd-9950x3d,run-1,2,base64ct-1.8.3,encode,standard,padded,16,24,262144,3773452,1060.037335,external,avx512-vbmi,avx512-vbmi,x86_64,linux,0
1,commit-3-amd-9950x3d,run-1,3,base64ct-1.8.3,encode,standard,padded,16,24,262144,3772030,1060.436953,external,avx512-vbmi,avx512-vbmi,x86_64,linux,0
1,commit-3-amd-9950x3d,run-1,4,base64ct-1.8.3,encode,standard,padded,16,24,262144,3777881,1058.794599,external,avx512-vbmi,avx512-vbmi,x86_64,linux,0
1,commit-3-amd-9950x3d,run-1,0,base64ct-1.8.3,decode,standard,padded,16,24,262144,10569705,378.440079,external,avx512-vbmi,avx512-vbmi,x86_64,linux,0
1,commit-3-amd-9950x3d,run-1,1,base64ct-1.8.3,decode,standard,padded,16,24,262144,10509813,380.596686,external,avx512-vbmi,avx512-vbmi,x86_64,linux,0
1,commit-3-amd-9950x3d,run-1,2,base64ct-1.8.3,decode,standard,padded,16,24,262144,10662239,375.155725,external,avx512-vbmi,avx512-vbmi,x86_64,linux,0
1,commit-3-amd-9950x3d,run-1,3,base64ct-1.8.3,decode,standard,padded,16,24,262144,10651429,375.536466,external,avx512-vbmi,avx512-vbmi,x86_64,linux,0
1,commit-3-amd-9950x3d,run-1,4,base64ct-1.8.3,decode,standard,padded,16,24,262144,10568793,378.472736,external,avx512-vbmi,avx512-vbmi,x86_64,linux,0
1,commit-3-amd-9950x3d,run-1,0,base64-ng,encode,standard,padded,23,32,182361,12176880,328.491292,auto,avx512-vbmi,avx512-vbmi,x86_64,linux,0
1,commit-3-amd-9950x3d,run-1,1,base64-ng,encode,standard,padded,23,32,182361,12198241,327.916053,auto,avx512-vbmi,avx512-vbmi,x86_64,linux,0
1,commit-3-amd-9950x3d,run-1,2,base64-ng,encode,standard,padded,23,32,182361,12153366,329.126848,auto,avx512-vbmi,avx512-vbmi,x86_64,linux,0
1,commit-3-amd-9950x3d,run-1,3,base64-ng,encode,standard,padded,23,32,182361,12108472,330.347136,auto,avx512-vbmi,avx512-vbmi,x86_64,linux,0
1,commit-3-amd-9950x3d,run-1,4,base64-ng,encode,standard,padded,23,32,182361,12175678,328.523721,auto,avx512-vbmi,avx512-vbmi,x86_64,linux,0
1,commit-3-amd-9950x3d,run-1,0,base64-ng,decode,standard,padded,23,32,182361,41296641,96.860155,auto,avx512-vbmi,avx512-vbmi,x86_64,linux,0
1,commit-3-amd-9950x3d,run-1,1,base64-ng,decode,standard,padded,23,32,182361,41516456,96.347315,auto,avx512-vbmi,avx512-vbmi,x86_64,linux,0
1,commit-3-amd-9950x3d,run-1,2,base64-ng,decode,standard,padded,23,32,182361,41325856,96.791680,auto,avx512-vbmi,avx512-vbmi,x86_64,linux,0
1,commit-3-amd-9950x3d,run-1,3,base64-ng,decode,standard,padded,23,32,182361,41210009,97.063775,auto,avx512-vbmi,avx512-vbmi,x86_64,linux,0
1,commit-3-amd-9950x3d,run-1,4,base64-ng,decode,standard,padded,23,32,182361,41294217,96.865841,auto,avx512-vbmi,avx512-vbmi,x86_64,linux,0
1,commit-3-amd-9950x3d,run-1,0,base64-ng,encode,standard,padded,23,32,182361,12036346,332.326692,scalar,avx512-vbmi,avx512-vbmi,x86_64,linux,0
1,commit-3-amd-9950x3d,run-1,1,base64-ng,encode,standard,padded,23,32,182361,12101509,330.537212,scalar,avx512-vbmi,avx512-vbmi,x86_64,linux,0
1,commit-3-amd-9950x3d,run-1,2,base64-ng,encode,standard,padded,23,32,182361,12039932,332.227711,scalar,avx512-vbmi,avx512-vbmi,x86_64,linux,0
1,commit-3-amd-9950x3d,run-1,3,base64-ng,encode,standard,padded,23,32,182361,12101859,330.527653,scalar,avx512-vbmi,avx512-vbmi,x86_64,linux,0
1,commit-3-amd-9950x3d,run-1,4,base64-ng,encode,standard,padded,23,32,182361,12217397,327.401905,scalar,avx512-vbmi,avx512-vbmi,x86_64,linux,0
1,commit-3-amd-9950x3d,run-1,0,base64-ng,decode,standard,padded,23,32,182361,13962392,286.483795,scalar,avx512-vbmi,avx512-vbmi,x86_64,linux,0
1,commit-3-amd-9950x3d,run-1,1,base64-ng,decode,standard,padded,23,32,182361,13840963,288.997163,scalar,avx512-vbmi,avx512-vbmi,x86_64,linux,0
1,commit-3-amd-9950x3d,run-1,2,base64-ng,decode,standard,padded,23,32,182361,13766873,290.552477,scalar,avx512-vbmi,avx512-vbmi,x86_64,linux,0
1,commit-3-amd-9950x3d,run-1,3,base64-ng,decode,standard,padded,23,32,182361,13883723,288.107091,scalar,avx512-vbmi,avx512-vbmi,x86_64,linux,0
1,commit-3-amd-9950x3d,run-1,4,base64-ng,decode,standard,padded,23,32,182361,15513421,257.841197,scalar,avx512-vbmi,avx512-vbmi,x86_64,linux,0
1,commit-3-amd-9950x3d,run-1,0,base64-ng,encode,standard,padded,23,32,182361,15393955,259.842194,ssse3-sse4.1,avx512-vbmi,avx512-vbmi,x86_64,linux,0
1,commit-3-amd-9950x3d,run-1,1,base64-ng,encode,standard,padded,23,32,182361,15539700,257.405165,ssse3-sse4.1,avx512-vbmi,avx512-vbmi,x86_64,linux,0
1,commit-3-amd-9950x3d,run-1,2,base64-ng,encode,standard,padded,23,32,182361,15129277,264.387984,ssse3-sse4.1,avx512-vbmi,avx512-vbmi,x86_64,linux,0
1,commit-3-amd-9950x3d,run-1,3,base64-ng,encode,standard,padded,23,32,182361,15182247,263.465549,ssse3-sse4.1,avx512-vbmi,avx512-vbmi,x86_64,linux,0
1,commit-3-amd-9950x3d,run-1,4,base64-ng,encode,standard,padded,23,32,182361,15104871,264.815174,ssse3-sse4.1,avx512-vbmi,avx512-vbmi,x86_64,linux,0
1,commit-3-amd-9950x3d,run-1,0,base64-ng,decode,standard,padded,23,32,182361,57219984,69.905630,ssse3-sse4.1,avx512-vbmi,avx512-vbmi,x86_64,linux,0
1,commit-3-amd-9950x3d,run-1,1,base64-ng,decode,standard,padded,23,32,182361,57253767,69.864382,ssse3-sse4.1,avx512-vbmi,avx512-vbmi,x86_64,linux,0
1,commit-3-amd-9950x3d,run-1,2,base64-ng,decode,standard,padded,23,32,182361,57752607,69.260926,ssse3-sse4.1,avx512-vbmi,avx512-vbmi,x86_64,linux,0
1,commit-3-amd-9950x3d,run-1,3,base64-ng,decode,standard,padded,23,32,182361,57330893,69.770395,ssse3-sse4.1,avx512-vbmi,avx512-vbmi,x86_64,linux,0
1,commit-3-amd-9950x3d,run-1,4,base64-ng,decode,standard,padded,23,32,182361,58070725,68.881507,ssse3-sse4.1,avx512-vbmi,avx512-vbmi,x86_64,linux,0
1,commit-3-amd-9950x3d,run-1,0,base64-ng,encode,standard,padded,23,32,182361,12448121,321.333561,avx2,avx512-vbmi,avx512-vbmi,x86_64,linux,0
1,commit-3-amd-9950x3d,run-1,1,base64-ng,encode,standard,padded,23,32,182361,12221905,327.281144,avx2,avx512-vbmi,avx512-vbmi,x86_64,linux,0
1,commit-3-amd-9950x3d,run-1,2,base64-ng,encode,standard,padded,23,32,182361,12178343,328.451830,avx2,avx512-vbmi,avx512-vbmi,x86_64,linux,0
1,commit-3-amd-9950x3d,run-1,3,base64-ng,encode,standard,padded,23,32,182361,12373810,323.263332,avx2,avx512-vbmi,avx512-vbmi,x86_64,linux,0
1,commit-3-amd-9950x3d,run-1,4,base64-ng,encode,standard,padded,23,32,182361,12354264,323.774775,avx2,avx512-vbmi,avx512-vbmi,x86_64,linux,0
1,commit-3-amd-9950x3d,run-1,0,base64-ng,decode,standard,padded,23,32,182361,40628674,98.452611,avx2,avx512-vbmi,avx512-vbmi,x86_64,linux,0
1,commit-3-amd-9950x3d,run-1,1,base64-ng,decode,standard,padded,23,32,182361,40716680,98.239813,avx2,avx512-vbmi,avx512-vbmi,x86_64,linux,0
1,commit-3-amd-9950x3d,run-1,2,base64-ng,decode,standard,padded,23,32,182361,41418291,96.575666,avx2,avx512-vbmi,avx512-vbmi,x86_64,linux,0
1,commit-3-amd-9950x3d,run-1,3,base64-ng,decode,standard,padded,23,32,182361,41341085,96.756025,avx2,avx512-vbmi,avx512-vbmi,x86_64,linux,0
1,commit-3-amd-9950x3d,run-1,4,base64-ng,decode,standard,padded,23,32,182361,40633634,98.440593,avx2,avx512-vbmi,avx512-vbmi,x86_64,linux,0
1,commit-3-amd-9950x3d,run-1,0,base64-ng,encode,standard,padded,23,32,182361,12133248,329.672570,avx512-vbmi,avx512-vbmi,avx512-vbmi,x86_64,linux,0
1,commit-3-amd-9950x3d,run-1,1,base64-ng,encode,standard,padded,23,32,182361,12096008,330.687533,avx512-vbmi,avx512-vbmi,avx512-vbmi,x86_64,linux,0
1,commit-3-amd-9950x3d,run-1,2,base64-ng,encode,standard,padded,23,32,182361,12122758,329.957840,avx512-vbmi,avx512-vbmi,avx512-vbmi,x86_64,linux,0
1,commit-3-amd-9950x3d,run-1,3,base64-ng,encode,standard,padded,23,32,182361,12100006,330.578270,avx512-vbmi,avx512-vbmi,avx512-vbmi,x86_64,linux,0
1,commit-3-amd-9950x3d,run-1,4,base64-ng,encode,standard,padded,23,32,182361,12108541,330.345254,avx512-vbmi,avx512-vbmi,avx512-vbmi,x86_64,linux,0
1,commit-3-amd-9950x3d,run-1,0,base64-ng,decode,standard,padded,23,32,182361,41065647,97.404993,avx512-vbmi,avx512-vbmi,avx512-vbmi,x86_64,linux,0
1,commit-3-amd-9950x3d,run-1,1,base64-ng,decode,standard,padded,23,32,182361,40964256,97.646081,avx512-vbmi,avx512-vbmi,avx512-vbmi,x86_64,linux,0
1,commit-3-amd-9950x3d,run-1,2,base64-ng,decode,standard,padded,23,32,182361,40945220,97.691478,avx512-vbmi,avx512-vbmi,avx512-vbmi,x86_64,linux,0
1,commit-3-amd-9950x3d,run-1,3,base64-ng,decode,standard,padded,23,32,182361,40967782,97.637677,avx512-vbmi,avx512-vbmi,avx512-vbmi,x86_64,linux,0
1,commit-3-amd-9950x3d,run-1,4,base64-ng,decode,standard,padded,23,32,182361,40873826,97.862115,avx512-vbmi,avx512-vbmi,avx512-vbmi,x86_64,linux,0
1,commit-3-amd-9950x3d,run-1,0,base64-0.23.0,encode,standard,padded,23,32,182361,2281685,1753.089952,external,avx512-vbmi,avx512-vbmi,x86_64,linux,0
1,commit-3-amd-9950x3d,run-1,1,base64-0.23.0,encode,standard,padded,23,32,182361,2382695,1678.770907,external,avx512-vbmi,avx512-vbmi,x86_64,linux,0
1,commit-3-amd-9950x3d,run-1,2,base64-0.23.0,encode,standard,padded,23,32,182361,2344543,1706.089010,external,avx512-vbmi,avx512-vbmi,x86_64,linux,0
1,commit-3-amd-9950x3d,run-1,3,base64-0.23.0,encode,standard,padded,23,32,182361,2340665,1708.915648,external,avx512-vbmi,avx512-vbmi,x86_64,linux,0
1,commit-3-amd-9950x3d,run-1,4,base64-0.23.0,encode,standard,padded,23,32,182361,2348841,1702.967143,external,avx512-vbmi,avx512-vbmi,x86_64,linux,0
1,commit-3-amd-9950x3d,run-1,0,base64-0.23.0,decode,standard,padded,23,32,182361,3369302,1187.189230,external,avx512-vbmi,avx512-vbmi,x86_64,linux,0
1,commit-3-amd-9950x3d,run-1,1,base64-0.23.0,decode,standard,padded,23,32,182361,3363090,1189.382100,external,avx512-vbmi,avx512-vbmi,x86_64,linux,0
1,commit-3-amd-9950x3d,run-1,2,base64-0.23.0,decode,standard,padded,23,32,182361,3360946,1190.140825,external,avx512-vbmi,avx512-vbmi,x86_64,linux,0
1,commit-3-amd-9950x3d,run-1,3,base64-0.23.0,decode,standard,padded,23,32,182361,3354424,1192.454814,external,avx512-vbmi,avx512-vbmi,x86_64,linux,0
1,commit-3-amd-9950x3d,run-1,4,base64-0.23.0,decode,standard,padded,23,32,182361,3361648,1189.892293,external,avx512-vbmi,avx512-vbmi,x86_64,linux,0
1,commit-3-amd-9950x3d,run-1,0,base64ct-1.8.3,encode,standard,padded,23,32,182361,3133208,1276.646506,external,avx512-vbmi,avx512-vbmi,x86_64,linux,0
1,commit-3-amd-9950x3d,run-1,1,base64ct-1.8.3,encode,standard,padded,23,32,182361,3089956,1294.516506,external,avx512-vbmi,avx512-vbmi,x86_64,linux,0
1,commit-3-amd-9950x3d,run-1,2,base64ct-1.8.3,encode,standard,padded,23,32,182361,3087922,1295.369199,external,avx512-vbmi,avx512-vbmi,x86_64,linux,0
1,commit-3-amd-9950x3d,run-1,3,base64ct-1.8.3,encode,standard,padded,23,32,182361,3111016,1285.753286,external,avx512-vbmi,avx512-vbmi,x86_64,linux,0
1,commit-3-amd-9950x3d,run-1,4,base64ct-1.8.3,encode,standard,padded,23,32,182361,3113160,1284.867802,external,avx512-vbmi,avx512-vbmi,x86_64,linux,0
1,commit-3-amd-9950x3d,run-1,0,base64ct-1.8.3,decode,standard,padded,23,32,182361,8812187,453.916723,external,avx512-vbmi,avx512-vbmi,x86_64,linux,0
1,commit-3-amd-9950x3d,run-1,1,base64ct-1.8.3,decode,standard,padded,23,32,182361,8778223,455.672981,external,avx512-vbmi,avx512-vbmi,x86_64,linux,0
1,commit-3-amd-9950x3d,run-1,2,base64ct-1.8.3,decode,standard,padded,23,32,182361,8773835,455.900874,external,avx512-vbmi,avx512-vbmi,x86_64,linux,0
1,commit-3-amd-9950x3d,run-1,3,base64ct-1.8.3,decode,standard,padded,23,32,182361,8774627,455.859724,external,avx512-vbmi,avx512-vbmi,x86_64,linux,0
1,commit-3-amd-9950x3d,run-1,4,base64ct-1.8.3,decode,standard,padded,23,32,182361,8793903,454.860492,external,avx512-vbmi,avx512-vbmi,x86_64,linux,0
1,commit-3-amd-9950x3d,run-1,0,base64-ng,encode,standard,padded,24,32,174762,11969399,334.184259,auto,avx512-vbmi,avx512-vbmi,x86_64,linux,0
1,commit-3-amd-9950x3d,run-1,1,base64-ng,encode,standard,padded,24,32,174762,11973678,334.064833,auto,avx512-vbmi,avx512-vbmi,x86_64,linux,0
1,commit-3-amd-9950x3d,run-1,2,base64-ng,encode,standard,padded,24,32,174762,11952117,334.667469,auto,avx512-vbmi,avx512-vbmi,x86_64,linux,0
1,commit-3-amd-9950x3d,run-1,3,base64-ng,encode,standard,padded,24,32,174762,11953149,334.638574,auto,avx512-vbmi,avx512-vbmi,x86_64,linux,0
1,commit-3-amd-9950x3d,run-1,4,base64-ng,encode,standard,padded,24,32,174762,11999246,333.353007,auto,avx512-vbmi,avx512-vbmi,x86_64,linux,0
1,commit-3-amd-9950x3d,run-1,0,base64-ng,decode,standard,padded,24,32,174762,39761602,100.599185,auto,avx512-vbmi,avx512-vbmi,x86_64,linux,0
1,commit-3-amd-9950x3d,run-1,1,base64-ng,decode,standard,padded,24,32,174762,39493217,101.282829,auto,avx512-vbmi,avx512-vbmi,x86_64,linux,0
1,commit-3-amd-9950x3d,run-1,2,base64-ng,decode,standard,padded,24,32,174762,38666992,103.447011,auto,avx512-vbmi,avx512-vbmi,x86_64,linux,0
1,commit-3-amd-9950x3d,run-1,3,base64-ng,decode,standard,padded,24,32,174762,38398376,104.170675,auto,avx512-vbmi,avx512-vbmi,x86_64,linux,0
1,commit-3-amd-9950x3d,run-1,4,base64-ng,decode,standard,padded,24,32,174762,38240609,104.600446,auto,avx512-vbmi,avx512-vbmi,x86_64,linux,0
1,commit-3-amd-9950x3d,run-1,0,base64-ng,encode,standard,padded,24,32,174762,11792547,339.195997,scalar,avx512-vbmi,avx512-vbmi,x86_64,linux,0
1,commit-3-amd-9950x3d,run-1,1,base64-ng,encode,standard,padded,24,32,174762,11845837,337.670081,scalar,avx512-vbmi,avx512-vbmi,x86_64,linux,0
1,commit-3-amd-9950x3d,run-1,2,base64-ng,encode,standard,padded,24,32,174762,11863580,337.165067,scalar,avx512-vbmi,avx512-vbmi,x86_64,linux,0
1,commit-3-amd-9950x3d,run-1,3,base64-ng,encode,standard,padded,24,32,174762,11876595,336.795583,scalar,avx512-vbmi,avx512-vbmi,x86_64,linux,0
1,commit-3-amd-9950x3d,run-1,4,base64-ng,encode,standard,padded,24,32,174762,11877397,336.772842,scalar,avx512-vbmi,avx512-vbmi,x86_64,linux,0
1,commit-3-amd-9950x3d,run-1,0,base64-ng,decode,standard,padded,24,32,174762,13245993,301.976963,scalar,avx512-vbmi,avx512-vbmi,x86_64,linux,0
1,commit-3-amd-9950x3d,run-1,1,base64-ng,decode,standard,padded,24,32,174762,13270649,301.415910,scalar,avx512-vbmi,avx512-vbmi,x86_64,linux,0
1,commit-3-amd-9950x3d,run-1,2,base64-ng,decode,standard,padded,24,32,174762,13266742,301.504675,scalar,avx512-vbmi,avx512-vbmi,x86_64,linux,0
1,commit-3-amd-9950x3d,run-1,3,base64-ng,decode,standard,padded,24,32,174762,13268976,301.453913,scalar,avx512-vbmi,avx512-vbmi,x86_64,linux,0
1,commit-3-amd-9950x3d,run-1,4,base64-ng,decode,standard,padded,24,32,174762,13254649,301.779756,scalar,avx512-vbmi,avx512-vbmi,x86_64,linux,0
1,commit-3-amd-9950x3d,run-1,0,base64-ng,encode,standard,padded,24,32,174762,15658994,255.443277,ssse3-sse4.1,avx512-vbmi,avx512-vbmi,x86_64,linux,0
1,commit-3-amd-9950x3d,run-1,1,base64-ng,encode,standard,padded,24,32,174762,15803687,253.104528,ssse3-sse4.1,avx512-vbmi,avx512-vbmi,x86_64,linux,0
1,commit-3-amd-9950x3d,run-1,2,base64-ng,encode,standard,padded,24,32,174762,15720040,254.451308,ssse3-sse4.1,avx512-vbmi,avx512-vbmi,x86_64,linux,0
1,commit-3-amd-9950x3d,run-1,3,base64-ng,encode,standard,padded,24,32,174762,15717986,254.484559,ssse3-sse4.1,avx512-vbmi,avx512-vbmi,x86_64,linux,0
1,commit-3-amd-9950x3d,run-1,4,base64-ng,encode,standard,padded,24,32,174762,15751308,253.946196,ssse3-sse4.1,avx512-vbmi,avx512-vbmi,x86_64,linux,0
1,commit-3-amd-9950x3d,run-1,0,base64-ng,decode,standard,padded,24,32,174762,54135719,73.888087,ssse3-sse4.1,avx512-vbmi,avx512-vbmi,x86_64,linux,0
1,commit-3-amd-9950x3d,run-1,1,base64-ng,decode,standard,padded,24,32,174762,53822289,74.318369,ssse3-sse4.1,avx512-vbmi,avx512-vbmi,x86_64,linux,0
1,commit-3-amd-9950x3d,run-1,2,base64-ng,decode,standard,padded,24,32,174762,53830053,74.307650,ssse3-sse4.1,avx512-vbmi,avx512-vbmi,x86_64,linux,0
1,commit-3-amd-9950x3d,run-1,3,base64-ng,decode,standard,padded,24,32,174762,53865550,74.258682,ssse3-sse4.1,avx512-vbmi,avx512-vbmi,x86_64,linux,0
1,commit-3-amd-9950x3d,run-1,4,base64-ng,decode,standard,padded,24,32,174762,53996326,74.078832,ssse3-sse4.1,avx512-vbmi,avx512-vbmi,x86_64,linux,0
1,commit-3-amd-9950x3d,run-1,0,base64-ng,encode,standard,padded,24,32,174762,9655805,414.256993,avx2,avx512-vbmi,avx512-vbmi,x86_64,linux,0
1,commit-3-amd-9950x3d,run-1,1,base64-ng,encode,standard,padded,24,32,174762,9695609,412.556317,avx2,avx512-vbmi,avx512-vbmi,x86_64,linux,0
1,commit-3-amd-9950x3d,run-1,2,base64-ng,encode,standard,padded,24,32,174762,9759370,409.860958,avx2,avx512-vbmi,avx512-vbmi,x86_64,linux,0
1,commit-3-amd-9950x3d,run-1,3,base64-ng,encode,standard,padded,24,32,174762,10169782,393.320598,avx2,avx512-vbmi,avx512-vbmi,x86_64,linux,0
1,commit-3-amd-9950x3d,run-1,4,base64-ng,encode,standard,padded,24,32,174762,10178349,392.989545,avx2,avx512-vbmi,avx512-vbmi,x86_64,linux,0
1,commit-3-amd-9950x3d,run-1,0,base64-ng,decode,standard,padded,24,32,174762,38647315,103.499680,avx2,avx512-vbmi,avx512-vbmi,x86_64,linux,0
1,commit-3-amd-9950x3d,run-1,1,base64-ng,decode,standard,padded,24,32,174762,37937660,105.435726,avx2,avx512-vbmi,avx512-vbmi,x86_64,linux,0
1,commit-3-amd-9950x3d,run-1,2,base64-ng,decode,standard,padded,24,32,174762,37913354,105.503321,avx2,avx512-vbmi,avx512-vbmi,x86_64,linux,0
1,commit-3-amd-9950x3d,run-1,3,base64-ng,decode,standard,padded,24,32,174762,37946596,105.410897,avx2,avx512-vbmi,avx512-vbmi,x86_64,linux,0
1,commit-3-amd-9950x3d,run-1,4,base64-ng,decode,standard,padded,24,32,174762,37929704,105.457842,avx2,avx512-vbmi,avx512-vbmi,x86_64,linux,0
1,commit-3-amd-9950x3d,run-1,0,base64-ng,encode,standard,padded,24,32,174762,12015416,332.904391,avx512-vbmi,avx512-vbmi,avx512-vbmi,x86_64,linux,0
1,commit-3-amd-9950x3d,run-1,1,base64-ng,encode,standard,padded,24,32,174762,12036896,332.310318,avx512-vbmi,avx512-vbmi,avx512-vbmi,x86_64,linux,0
1,commit-3-amd-9950x3d,run-1,2,base64-ng,encode,standard,padded,24,32,174762,12318526,324.712936,avx512-vbmi,avx512-vbmi,avx512-vbmi,x86_64,linux,0
1,commit-3-amd-9950x3d,run-1,3,base64-ng,encode,standard,padded,24,32,174762,12754507,313.613434,avx512-vbmi,avx512-vbmi,avx512-vbmi,x86_64,linux,0
1,commit-3-amd-9950x3d,run-1,4,base64-ng,encode,standard,padded,24,32,174762,13199224,303.046963,avx512-vbmi,avx512-vbmi,avx512-vbmi,x86_64,linux,0
1,commit-3-amd-9950x3d,run-1,0,base64-ng,decode,standard,padded,24,32,174762,39790637,100.525778,avx512-vbmi,avx512-vbmi,avx512-vbmi,x86_64,linux,0
1,commit-3-amd-9950x3d,run-1,1,base64-ng,decode,standard,padded,24,32,174762,38684646,103.399802,avx512-vbmi,avx512-vbmi,avx512-vbmi,x86_64,linux,0
1,commit-3-amd-9950x3d,run-1,2,base64-ng,decode,standard,padded,24,32,174762,38692030,103.380069,avx512-vbmi,avx512-vbmi,avx512-vbmi,x86_64,linux,0
1,commit-3-amd-9950x3d,run-1,3,base64-ng,decode,standard,padded,24,32,174762,38556163,103.744367,avx512-vbmi,avx512-vbmi,avx512-vbmi,x86_64,linux,0
1,commit-3-amd-9950x3d,run-1,4,base64-ng,decode,standard,padded,24,32,174762,39598114,101.014527,avx512-vbmi,avx512-vbmi,avx512-vbmi,x86_64,linux,0
1,commit-3-amd-9950x3d,run-1,0,base64-0.23.0,encode,standard,padded,24,32,174762,2237110,1788.014332,external,avx512-vbmi,avx512-vbmi,x86_64,linux,0
1,commit-3-amd-9950x3d,run-1,1,base64-0.23.0,encode,standard,padded,24,32,174762,2272367,1760.272325,external,avx512-vbmi,avx512-vbmi,x86_64,linux,0
1,commit-3-amd-9950x3d,run-1,2,base64-0.23.0,encode,standard,padded,24,32,174762,2282837,1752.199014,external,avx512-vbmi,avx512-vbmi,x86_64,linux,0
1,commit-3-amd-9950x3d,run-1,3,base64-0.23.0,encode,standard,padded,24,32,174762,2284049,1751.269233,external,avx512-vbmi,avx512-vbmi,x86_64,linux,0
1,commit-3-amd-9950x3d,run-1,4,base64-0.23.0,encode,standard,padded,24,32,174762,2283198,1751.921971,external,avx512-vbmi,avx512-vbmi,x86_64,linux,0
1,commit-3-amd-9950x3d,run-1,0,base64-0.23.0,decode,standard,padded,24,32,174762,3296535,1213.390648,external,avx512-vbmi,avx512-vbmi,x86_64,linux,0
1,commit-3-amd-9950x3d,run-1,1,base64-0.23.0,decode,standard,padded,24,32,174762,3271948,1222.508653,external,avx512-vbmi,avx512-vbmi,x86_64,linux,0
1,commit-3-amd-9950x3d,run-1,2,base64-0.23.0,decode,standard,padded,24,32,174762,3282499,1218.579120,external,avx512-vbmi,avx512-vbmi,x86_64,linux,0
1,commit-3-amd-9950x3d,run-1,3,base64-0.23.0,decode,standard,padded,24,32,174762,3283451,1218.225806,external,avx512-vbmi,avx512-vbmi,x86_64,linux,0
1,commit-3-amd-9950x3d,run-1,4,base64-0.23.0,decode,standard,padded,24,32,174762,3284181,1217.955022,external,avx512-vbmi,avx512-vbmi,x86_64,linux,0
1,commit-3-amd-9950x3d,run-1,0,base64ct-1.8.3,encode,standard,padded,24,32,174762,2503473,1597.774268,external,avx512-vbmi,avx512-vbmi,x86_64,linux,0
1,commit-3-amd-9950x3d,run-1,1,base64ct-1.8.3,encode,standard,padded,24,32,174762,2476722,1615.031780,external,avx512-vbmi,avx512-vbmi,x86_64,linux,0
1,commit-3-amd-9950x3d,run-1,2,base64ct-1.8.3,encode,standard,padded,24,32,174762,2476171,1615.391159,external,avx512-vbmi,avx512-vbmi,x86_64,linux,0
1,commit-3-amd-9950x3d,run-1,3,base64ct-1.8.3,encode,standard,padded,24,32,174762,2496870,1601.999600,external,avx512-vbmi,avx512-vbmi,x86_64,linux,0
1,commit-3-amd-9950x3d,run-1,4,base64ct-1.8.3,encode,standard,padded,24,32,174762,2500997,1599.356073,external,avx512-vbmi,avx512-vbmi,x86_64,linux,0
1,commit-3-amd-9950x3d,run-1,0,base64ct-1.8.3,decode,standard,padded,24,32,174762,6851677,583.796455,external,avx512-vbmi,avx512-vbmi,x86_64,linux,0
1,commit-3-amd-9950x3d,run-1,1,base64ct-1.8.3,decode,standard,padded,24,32,174762,6852348,583.739288,external,avx512-vbmi,avx512-vbmi,x86_64,linux,0
1,commit-3-amd-9950x3d,run-1,2,base64ct-1.8.3,decode,standard,padded,24,32,174762,6850334,583.910907,external,avx512-vbmi,avx512-vbmi,x86_64,linux,0
1,commit-3-amd-9950x3d,run-1,3,base64ct-1.8.3,decode,standard,padded,24,32,174762,6848832,584.038963,external,avx512-vbmi,avx512-vbmi,x86_64,linux,0
1,commit-3-amd-9950x3d,run-1,4,base64ct-1.8.3,decode,standard,padded,24,32,174762,6849001,584.024552,external,avx512-vbmi,avx512-vbmi,x86_64,linux,0
1,commit-3-amd-9950x3d,run-1,0,base64-ng,encode,standard,padded,31,44,135300,11909306,335.871476,auto,avx512-vbmi,avx512-vbmi,x86_64,linux,0
1,commit-3-amd-9950x3d,run-1,1,base64-ng,encode,standard,padded,31,44,135300,11908836,335.884732,auto,avx512-vbmi,avx512-vbmi,x86_64,linux,0
1,commit-3-amd-9950x3d,run-1,2,base64-ng,encode,standard,padded,31,44,135300,11851228,337.517444,auto,avx512-vbmi,avx512-vbmi,x86_64,linux,0
1,commit-3-amd-9950x3d,run-1,3,base64-ng,encode,standard,padded,31,44,135300,11837441,337.910549,auto,avx512-vbmi,avx512-vbmi,x86_64,linux,0
1,commit-3-amd-9950x3d,run-1,4,base64-ng,encode,standard,padded,31,44,135300,11790453,339.257210,auto,avx512-vbmi,avx512-vbmi,x86_64,linux,0
1,commit-3-amd-9950x3d,run-1,0,base64-ng,decode,standard,padded,31,44,135300,35159500,113.767152,auto,avx512-vbmi,avx512-vbmi,x86_64,linux,0
1,commit-3-amd-9950x3d,run-1,1,base64-ng,decode,standard,padded,31,44,135300,35005130,114.268857,auto,avx512-vbmi,avx512-vbmi,x86_64,linux,0
1,commit-3-amd-9950x3d,run-1,2,base64-ng,decode,standard,padded,31,44,135300,34990552,114.316464,auto,avx512-vbmi,avx512-vbmi,x86_64,linux,0
1,commit-3-amd-9950x3d,run-1,3,base64-ng,decode,standard,padded,31,44,135300,34954143,114.435539,auto,avx512-vbmi,avx512-vbmi,x86_64,linux,0
1,commit-3-amd-9950x3d,run-1,4,base64-ng,decode,standard,padded,31,44,135300,35333458,113.207040,auto,avx512-vbmi,avx512-vbmi,x86_64,linux,0
1,commit-3-amd-9950x3d,run-1,0,base64-ng,encode,standard,padded,31,44,135300,12162823,328.870706,scalar,avx512-vbmi,avx512-vbmi,x86_64,linux,0
1,commit-3-amd-9950x3d,run-1,1,base64-ng,encode,standard,padded,31,44,135300,12101999,330.523592,scalar,avx512-vbmi,avx512-vbmi,x86_64,linux,0
1,commit-3-amd-9950x3d,run-1,2,base64-ng,encode,standard,padded,31,44,135300,12053348,331.857687,scalar,avx512-vbmi,avx512-vbmi,x86_64,linux,0
1,commit-3-amd-9950x3d,run-1,3,base64-ng,encode,standard,padded,31,44,135300,12193722,328.037345,scalar,avx512-vbmi,avx512-vbmi,x86_64,linux,0
1,commit-3-amd-9950x3d,run-1,4,base64-ng,encode,standard,padded,31,44,135300,12134581,329.636119,scalar,avx512-vbmi,avx512-vbmi,x86_64,linux,0
1,commit-3-amd-9950x3d,run-1,0,base64-ng,decode,standard,padded,31,44,135300,13793383,289.993846,scalar,avx512-vbmi,avx512-vbmi,x86_64,linux,0
1,commit-3-amd-9950x3d,run-1,1,base64-ng,decode,standard,padded,31,44,135300,13892790,287.918855,scalar,avx512-vbmi,avx512-vbmi,x86_64,linux,0
1,commit-3-amd-9950x3d,run-1,2,base64-ng,decode,standard,padded,31,44,135300,13842045,288.974367,scalar,avx512-vbmi,avx512-vbmi,x86_64,linux,0
1,commit-3-amd-9950x3d,run-1,3,base64-ng,decode,standard,padded,31,44,135300,13772033,290.443407,scalar,avx512-vbmi,avx512-vbmi,x86_64,linux,0
1,commit-3-amd-9950x3d,run-1,4,base64-ng,decode,standard,padded,31,44,135300,13614486,293.804422,scalar,avx512-vbmi,avx512-vbmi,x86_64,linux,0
1,commit-3-amd-9950x3d,run-1,0,base64-ng,encode,standard,padded,31,44,135300,14228441,281.126807,ssse3-sse4.1,avx512-vbmi,avx512-vbmi,x86_64,linux,0
1,commit-3-amd-9950x3d,run-1,1,base64-ng,encode,standard,padded,31,44,135300,14214556,281.401416,ssse3-sse4.1,avx512-vbmi,avx512-vbmi,x86_64,linux,0
1,commit-3-amd-9950x3d,run-1,2,base64-ng,encode,standard,padded,31,44,135300,14180021,282.086760,ssse3-sse4.1,avx512-vbmi,avx512-vbmi,x86_64,linux,0
1,commit-3-amd-9950x3d,run-1,3,base64-ng,encode,standard,padded,31,44,135300,14165242,282.381069,ssse3-sse4.1,avx512-vbmi,avx512-vbmi,x86_64,linux,0
1,commit-3-amd-9950x3d,run-1,4,base64-ng,encode,standard,padded,31,44,135300,14108376,283.519250,ssse3-sse4.1,avx512-vbmi,avx512-vbmi,x86_64,linux,0
1,commit-3-amd-9950x3d,run-1,0,base64-ng,decode,standard,padded,31,44,135300,45645998,87.630819,ssse3-sse4.1,avx512-vbmi,avx512-vbmi,x86_64,linux,0
1,commit-3-amd-9950x3d,run-1,1,base64-ng,decode,standard,padded,31,44,135300,45722983,87.483273,ssse3-sse4.1,avx512-vbmi,avx512-vbmi,x86_64,linux,0
1,commit-3-amd-9950x3d,run-1,2,base64-ng,decode,standard,padded,31,44,135300,45710309,87.507529,ssse3-sse4.1,avx512-vbmi,avx512-vbmi,x86_64,linux,0
1,commit-3-amd-9950x3d,run-1,3,base64-ng,decode,standard,padded,31,44,135300,45681135,87.563415,ssse3-sse4.1,avx512-vbmi,avx512-vbmi,x86_64,linux,0
1,commit-3-amd-9950x3d,run-1,4,base64-ng,decode,standard,padded,31,44,135300,45649966,87.623202,ssse3-sse4.1,avx512-vbmi,avx512-vbmi,x86_64,linux,0
1,commit-3-amd-9950x3d,run-1,0,base64-ng,encode,standard,padded,31,44,135300,9885086,404.649609,avx2,avx512-vbmi,avx512-vbmi,x86_64,linux,0
1,commit-3-amd-9950x3d,run-1,1,base64-ng,encode,standard,padded,31,44,135300,9899954,404.041896,avx2,avx512-vbmi,avx512-vbmi,x86_64,linux,0
1,commit-3-amd-9950x3d,run-1,2,base64-ng,encode,standard,padded,31,44,135300,9892580,404.343072,avx2,avx512-vbmi,avx512-vbmi,x86_64,linux,0
1,commit-3-amd-9950x3d,run-1,3,base64-ng,encode,standard,padded,31,44,135300,9912237,403.541217,avx2,avx512-vbmi,avx512-vbmi,x86_64,linux,0
1,commit-3-amd-9950x3d,run-1,4,base64-ng,encode,standard,padded,31,44,135300,9903431,403.900041,avx2,avx512-vbmi,avx512-vbmi,x86_64,linux,0
1,commit-3-amd-9950x3d,run-1,0,base64-ng,decode,standard,padded,31,44,135300,33778350,118.418934,avx2,avx512-vbmi,avx512-vbmi,x86_64,linux,0
1,commit-3-amd-9950x3d,run-1,1,base64-ng,decode,standard,padded,31,44,135300,33827222,118.247847,avx2,avx512-vbmi,avx512-vbmi,x86_64,linux,0
1,commit-3-amd-9950x3d,run-1,2,base64-ng,decode,standard,padded,31,44,135300,33728306,118.594636,avx2,avx512-vbmi,avx512-vbmi,x86_64,linux,0
1,commit-3-amd-9950x3d,run-1,3,base64-ng,decode,standard,padded,31,44,135300,33745518,118.534147,avx2,avx512-vbmi,avx512-vbmi,x86_64,linux,0
1,commit-3-amd-9950x3d,run-1,4,base64-ng,decode,standard,padded,31,44,135300,33735259,118.570193,avx2,avx512-vbmi,avx512-vbmi,x86_64,linux,0
1,commit-3-amd-9950x3d,run-1,0,base64-ng,encode,standard,padded,31,44,135300,11830348,338.113146,avx512-vbmi,avx512-vbmi,avx512-vbmi,x86_64,linux,0
1,commit-3-amd-9950x3d,run-1,1,base64-ng,encode,standard,padded,31,44,135300,11819768,338.415795,avx512-vbmi,avx512-vbmi,avx512-vbmi,x86_64,linux,0
1,commit-3-amd-9950x3d,run-1,2,base64-ng,encode,standard,padded,31,44,135300,11820720,338.388540,avx512-vbmi,avx512-vbmi,avx512-vbmi,x86_64,linux,0
1,commit-3-amd-9950x3d,run-1,3,base64-ng,encode,standard,padded,31,44,135300,11819237,338.430999,avx512-vbmi,avx512-vbmi,avx512-vbmi,x86_64,linux,0
1,commit-3-amd-9950x3d,run-1,4,base64-ng,encode,standard,padded,31,44,135300,11819788,338.415222,avx512-vbmi,avx512-vbmi,avx512-vbmi,x86_64,linux,0
1,commit-3-amd-9950x3d,run-1,0,base64-ng,decode,standard,padded,31,44,135300,34095096,117.318813,avx512-vbmi,avx512-vbmi,avx512-vbmi,x86_64,linux,0
1,commit-3-amd-9950x3d,run-1,1,base64-ng,decode,standard,padded,31,44,135300,34171170,117.057630,avx512-vbmi,avx512-vbmi,avx512-vbmi,x86_64,linux,0
1,commit-3-amd-9950x3d,run-1,2,base64-ng,decode,standard,padded,31,44,135300,34012681,117.603084,avx512-vbmi,avx512-vbmi,avx512-vbmi,x86_64,linux,0
1,commit-3-amd-9950x3d,run-1,3,base64-ng,decode,standard,padded,31,44,135300,34110255,117.266675,avx512-vbmi,avx512-vbmi,avx512-vbmi,x86_64,linux,0
1,commit-3-amd-9950x3d,run-1,4,base64-ng,decode,standard,padded,31,44,135300,34095898,117.316053,avx512-vbmi,avx512-vbmi,avx512-vbmi,x86_64,linux,0
1,commit-3-amd-9950x3d,run-1,0,base64-0.23.0,encode,standard,padded,31,44,135300,1729225,2313.172771,external,avx512-vbmi,avx512-vbmi,x86_64,linux,0
1,commit-3-amd-9950x3d,run-1,1,base64-0.23.0,encode,standard,padded,31,44,135300,1779039,2248.402753,external,avx512-vbmi,avx512-vbmi,x86_64,linux,0
1,commit-3-amd-9950x3d,run-1,2,base64-0.23.0,encode,standard,padded,31,44,135300,1782104,2244.535776,external,avx512-vbmi,avx512-vbmi,x86_64,linux,0
1,commit-3-amd-9950x3d,run-1,3,base64-0.23.0,encode,standard,padded,31,44,135300,1776995,2250.988993,external,avx512-vbmi,avx512-vbmi,x86_64,linux,0
1,commit-3-amd-9950x3d,run-1,4,base64-0.23.0,encode,standard,padded,31,44,135300,1782906,2243.526123,external,avx512-vbmi,avx512-vbmi,x86_64,linux,0
1,commit-3-amd-9950x3d,run-1,0,base64-0.23.0,decode,standard,padded,31,44,135300,2646712,1511.307685,external,avx512-vbmi,avx512-vbmi,x86_64,linux,0
1,commit-3-amd-9950x3d,run-1,1,base64-0.23.0,decode,standard,padded,31,44,135300,2646642,1511.347657,external,avx512-vbmi,avx512-vbmi,x86_64,linux,0
1,commit-3-amd-9950x3d,run-1,2,base64-0.23.0,decode,standard,padded,31,44,135300,2635200,1517.909906,external,avx512-vbmi,avx512-vbmi,x86_64,linux,0
1,commit-3-amd-9950x3d,run-1,3,base64-0.23.0,decode,standard,padded,31,44,135300,2648896,1510.061620,external,avx512-vbmi,avx512-vbmi,x86_64,linux,0
1,commit-3-amd-9950x3d,run-1,4,base64-0.23.0,decode,standard,padded,31,44,135300,2637604,1516.526433,external,avx512-vbmi,avx512-vbmi,x86_64,linux,0
1,commit-3-amd-9950x3d,run-1,0,base64ct-1.8.3,encode,standard,padded,31,44,135300,2885571,1386.206122,external,avx512-vbmi,avx512-vbmi,x86_64,linux,0
1,commit-3-amd-9950x3d,run-1,1,base64ct-1.8.3,encode,standard,padded,31,44,135300,2856517,1400.305402,external,avx512-vbmi,avx512-vbmi,x86_64,linux,0
1,commit-3-amd-9950x3d,run-1,2,base64ct-1.8.3,encode,standard,padded,31,44,135300,2857067,1400.035836,external,avx512-vbmi,avx512-vbmi,x86_64,linux,0
1,commit-3-amd-9950x3d,run-1,3,base64ct-1.8.3,encode,standard,padded,31,44,135300,2862247,1397.502097,external,avx512-vbmi,avx512-vbmi,x86_64,linux,0
1,commit-3-amd-9950x3d,run-1,4,base64ct-1.8.3,encode,standard,padded,31,44,135300,2859242,1398.970841,external,avx512-vbmi,avx512-vbmi,x86_64,linux,0
1,commit-3-amd-9950x3d,run-1,0,base64ct-1.8.3,decode,standard,padded,31,44,135300,7578405,527.815046,external,avx512-vbmi,avx512-vbmi,x86_64,linux,0
1,commit-3-amd-9950x3d,run-1,1,base64ct-1.8.3,decode,standard,padded,31,44,135300,7558908,529.176461,external,avx512-vbmi,avx512-vbmi,x86_64,linux,0
1,commit-3-amd-9950x3d,run-1,2,base64ct-1.8.3,decode,standard,padded,31,44,135300,7549169,529.859139,external,avx512-vbmi,avx512-vbmi,x86_64,linux,0
1,commit-3-amd-9950x3d,run-1,3,base64ct-1.8.3,decode,standard,padded,31,44,135300,7541685,530.384945,external,avx512-vbmi,avx512-vbmi,x86_64,linux,0
1,commit-3-amd-9950x3d,run-1,4,base64ct-1.8.3,decode,standard,padded,31,44,135300,7539552,530.534995,external,avx512-vbmi,avx512-vbmi,x86_64,linux,0
1,commit-3-amd-9950x3d,run-1,0,base64-ng,encode,standard,padded,32,44,131072,11581990,345.363793,auto,avx512-vbmi,avx512-vbmi,x86_64,linux,0
1,commit-3-amd-9950x3d,run-1,1,base64-ng,encode,standard,padded,32,44,131072,11578755,345.460285,auto,avx512-vbmi,avx512-vbmi,x86_64,linux,0
1,commit-3-amd-9950x3d,run-1,2,base64-ng,encode,standard,padded,32,44,131072,11581980,345.364091,auto,avx512-vbmi,avx512-vbmi,x86_64,linux,0
1,commit-3-amd-9950x3d,run-1,3,base64-ng,encode,standard,padded,32,44,131072,11582902,345.336600,auto,avx512-vbmi,avx512-vbmi,x86_64,linux,0
1,commit-3-amd-9950x3d,run-1,4,base64-ng,encode,standard,padded,32,44,131072,11579726,345.431317,auto,avx512-vbmi,avx512-vbmi,x86_64,linux,0
1,commit-3-amd-9950x3d,run-1,0,base64-ng,decode,standard,padded,32,44,131072,33627557,118.950062,auto,avx512-vbmi,avx512-vbmi,x86_64,linux,0
1,commit-3-amd-9950x3d,run-1,1,base64-ng,decode,standard,padded,32,44,131072,33490628,119.436399,auto,avx512-vbmi,avx512-vbmi,x86_64,linux,0
1,commit-3-amd-9950x3d,run-1,2,base64-ng,decode,standard,padded,32,44,131072,33605164,119.029325,auto,avx512-vbmi,avx512-vbmi,x86_64,linux,0
1,commit-3-amd-9950x3d,run-1,3,base64-ng,decode,standard,padded,32,44,131072,33571671,119.148076,auto,avx512-vbmi,avx512-vbmi,x86_64,linux,0
1,commit-3-amd-9950x3d,run-1,4,base64-ng,decode,standard,padded,32,44,131072,33745047,118.535914,auto,avx512-vbmi,avx512-vbmi,x86_64,linux,0
1,commit-3-amd-9950x3d,run-1,0,base64-ng,encode,standard,padded,32,44,131072,11695414,342.014400,scalar,avx512-vbmi,avx512-vbmi,x86_64,linux,0
1,commit-3-amd-9950x3d,run-1,1,base64-ng,encode,standard,padded,32,44,131072,11669014,342.788174,scalar,avx512-vbmi,avx512-vbmi,x86_64,linux,0
1,commit-3-amd-9950x3d,run-1,2,base64-ng,encode,standard,padded,32,44,131072,11620022,344.233427,scalar,avx512-vbmi,avx512-vbmi,x86_64,linux,0
1,commit-3-amd-9950x3d,run-1,3,base64-ng,encode,standard,padded,32,44,131072,11601036,344.796792,scalar,avx512-vbmi,avx512-vbmi,x86_64,linux,0
1,commit-3-amd-9950x3d,run-1,4,base64-ng,encode,standard,padded,32,44,131072,11618078,344.291026,scalar,avx512-vbmi,avx512-vbmi,x86_64,linux,0
1,commit-3-amd-9950x3d,run-1,0,base64-ng,decode,standard,padded,32,44,131072,13677014,292.461498,scalar,avx512-vbmi,avx512-vbmi,x86_64,linux,0
1,commit-3-amd-9950x3d,run-1,1,base64-ng,decode,standard,padded,32,44,131072,13971849,286.289953,scalar,avx512-vbmi,avx512-vbmi,x86_64,linux,0
1,commit-3-amd-9950x3d,run-1,2,base64-ng,decode,standard,padded,32,44,131072,13373733,299.093753,scalar,avx512-vbmi,avx512-vbmi,x86_64,linux,0
1,commit-3-amd-9950x3d,run-1,3,base64-ng,decode,standard,padded,32,44,131072,13361600,299.365345,scalar,avx512-vbmi,avx512-vbmi,x86_64,linux,0
1,commit-3-amd-9950x3d,run-1,4,base64-ng,decode,standard,padded,32,44,131072,13390916,298.709961,scalar,avx512-vbmi,avx512-vbmi,x86_64,linux,0
1,commit-3-amd-9950x3d,run-1,0,base64-ng,encode,standard,padded,32,44,131072,14127763,283.130457,ssse3-sse4.1,avx512-vbmi,avx512-vbmi,x86_64,linux,0
1,commit-3-amd-9950x3d,run-1,1,base64-ng,encode,standard,padded,32,44,131072,13996024,285.795452,ssse3-sse4.1,avx512-vbmi,avx512-vbmi,x86_64,linux,0
1,commit-3-amd-9950x3d,run-1,2,base64-ng,encode,standard,padded,32,44,131072,14029928,285.104813,ssse3-sse4.1,avx512-vbmi,avx512-vbmi,x86_64,linux,0
1,commit-3-amd-9950x3d,run-1,3,base64-ng,encode,standard,padded,32,44,131072,14059223,284.510744,ssse3-sse4.1,avx512-vbmi,avx512-vbmi,x86_64,linux,0
1,commit-3-amd-9950x3d,run-1,4,base64-ng,encode,standard,padded,32,44,131072,14183337,282.021079,ssse3-sse4.1,avx512-vbmi,avx512-vbmi,x86_64,linux,0
1,commit-3-amd-9950x3d,run-1,0,base64-ng,decode,standard,padded,32,44,131072,45094651,88.702316,ssse3-sse4.1,avx512-vbmi,avx512-vbmi,x86_64,linux,0
1,commit-3-amd-9950x3d,run-1,1,base64-ng,decode,standard,padded,32,44,131072,45142350,88.608590,ssse3-sse4.1,avx512-vbmi,avx512-vbmi,x86_64,linux,0
1,commit-3-amd-9950x3d,run-1,2,base64-ng,decode,standard,padded,32,44,131072,45171936,88.550555,ssse3-sse4.1,avx512-vbmi,avx512-vbmi,x86_64,linux,0
1,commit-3-amd-9950x3d,run-1,3,base64-ng,decode,standard,padded,32,44,131072,45149914,88.593746,ssse3-sse4.1,avx512-vbmi,avx512-vbmi,x86_64,linux,0
1,commit-3-amd-9950x3d,run-1,4,base64-ng,decode,standard,padded,32,44,131072,45063673,88.763293,ssse3-sse4.1,avx512-vbmi,avx512-vbmi,x86_64,linux,0
1,commit-3-amd-9950x3d,run-1,0,base64-ng,encode,standard,padded,32,44,131072,9921826,403.151597,avx2,avx512-vbmi,avx512-vbmi,x86_64,linux,0
1,commit-3-amd-9950x3d,run-1,1,base64-ng,encode,standard,padded,32,44,131072,9934139,402.651906,avx2,avx512-vbmi,avx512-vbmi,x86_64,linux,0
1,commit-3-amd-9950x3d,run-1,2,base64-ng,encode,standard,padded,32,44,131072,9986698,400.532789,avx2,avx512-vbmi,avx512-vbmi,x86_64,linux,0
1,commit-3-amd-9950x3d,run-1,3,base64-ng,encode,standard,padded,32,44,131072,9887381,404.556070,avx2,avx512-vbmi,avx512-vbmi,x86_64,linux,0
1,commit-3-amd-9950x3d,run-1,4,base64-ng,encode,standard,padded,32,44,131072,9872904,405.149285,avx2,avx512-vbmi,avx512-vbmi,x86_64,linux,0
1,commit-3-amd-9950x3d,run-1,0,base64-ng,decode,standard,padded,32,44,131072,33358580,119.909181,avx2,avx512-vbmi,avx512-vbmi,x86_64,linux,0
1,commit-3-amd-9950x3d,run-1,1,base64-ng,decode,standard,padded,32,44,131072,33591839,119.076541,avx2,avx512-vbmi,avx512-vbmi,x86_64,linux,0
1,commit-3-amd-9950x3d,run-1,2,base64-ng,decode,standard,padded,32,44,131072,33424274,119.673504,avx2,avx512-vbmi,avx512-vbmi,x86_64,linux,0
1,commit-3-amd-9950x3d,run-1,3,base64-ng,decode,standard,padded,32,44,131072,33641893,118.899373,avx2,avx512-vbmi,avx512-vbmi,x86_64,linux,0
1,commit-3-amd-9950x3d,run-1,4,base64-ng,decode,standard,padded,32,44,131072,34219501,116.892412,avx2,avx512-vbmi,avx512-vbmi,x86_64,linux,0
1,commit-3-amd-9950x3d,run-1,0,base64-ng,encode,standard,padded,32,44,131072,11766989,339.934031,avx512-vbmi,avx512-vbmi,avx512-vbmi,x86_64,linux,0
1,commit-3-amd-9950x3d,run-1,1,base64-ng,encode,standard,padded,32,44,131072,11801985,338.926037,avx512-vbmi,avx512-vbmi,avx512-vbmi,x86_64,linux,0
1,commit-3-amd-9950x3d,run-1,2,base64-ng,encode,standard,padded,32,44,131072,11949011,334.755738,avx512-vbmi,avx512-vbmi,avx512-vbmi,x86_64,linux,0
1,commit-3-amd-9950x3d,run-1,3,base64-ng,encode,standard,padded,32,44,131072,11832002,338.066204,avx512-vbmi,avx512-vbmi,avx512-vbmi,x86_64,linux,0
1,commit-3-amd-9950x3d,run-1,4,base64-ng,encode,standard,padded,32,44,131072,11852329,337.486413,avx512-vbmi,avx512-vbmi,avx512-vbmi,x86_64,linux,0
1,commit-3-amd-9950x3d,run-1,0,base64-ng,decode,standard,padded,32,44,131072,33917412,117.933526,avx512-vbmi,avx512-vbmi,avx512-vbmi,x86_64,linux,0
1,commit-3-amd-9950x3d,run-1,1,base64-ng,decode,standard,padded,32,44,131072,33864061,118.119324,avx512-vbmi,avx512-vbmi,avx512-vbmi,x86_64,linux,0
1,commit-3-amd-9950x3d,run-1,2,base64-ng,decode,standard,padded,32,44,131072,34920150,114.547045,avx512-vbmi,avx512-vbmi,avx512-vbmi,x86_64,linux,0
1,commit-3-amd-9950x3d,run-1,3,base64-ng,decode,standard,padded,32,44,131072,34938323,114.487464,avx512-vbmi,avx512-vbmi,avx512-vbmi,x86_64,linux,0
1,commit-3-amd-9950x3d,run-1,4,base64-ng,decode,standard,padded,32,44,131072,35000882,114.282834,avx512-vbmi,avx512-vbmi,avx512-vbmi,x86_64,linux,0
1,commit-3-amd-9950x3d,run-1,0,base64-0.23.0,encode,standard,padded,32,44,131072,1735206,2305.201803,external,avx512-vbmi,avx512-vbmi,x86_64,linux,0
1,commit-3-amd-9950x3d,run-1,1,base64-0.23.0,encode,standard,padded,32,44,131072,1755634,2278.379207,external,avx512-vbmi,avx512-vbmi,x86_64,linux,0
1,commit-3-amd-9950x3d,run-1,2,base64-0.23.0,encode,standard,padded,32,44,131072,1760784,2271.715327,external,avx512-vbmi,avx512-vbmi,x86_64,linux,0
1,commit-3-amd-9950x3d,run-1,3,base64-0.23.0,encode,standard,padded,32,44,131072,1764692,2266.684498,external,avx512-vbmi,avx512-vbmi,x86_64,linux,0
1,commit-3-amd-9950x3d,run-1,4,base64-0.23.0,encode,standard,padded,32,44,131072,1769992,2259.897220,external,avx512-vbmi,avx512-vbmi,x86_64,linux,0
1,commit-3-amd-9950x3d,run-1,0,base64-0.23.0,decode,standard,padded,32,44,131072,2660758,1503.331006,external,avx512-vbmi,avx512-vbmi,x86_64,linux,0
1,commit-3-amd-9950x3d,run-1,1,base64-0.23.0,decode,standard,padded,32,44,131072,2582651,1548.796179,external,avx512-vbmi,avx512-vbmi,x86_64,linux,0
1,commit-3-amd-9950x3d,run-1,2,base64-0.23.0,decode,standard,padded,32,44,131072,2588142,1545.510254,external,avx512-vbmi,avx512-vbmi,x86_64,linux,0
1,commit-3-amd-9950x3d,run-1,3,base64-0.23.0,decode,standard,padded,32,44,131072,2577091,1552.137662,external,avx512-vbmi,avx512-vbmi,x86_64,linux,0
1,commit-3-amd-9950x3d,run-1,4,base64-0.23.0,decode,standard,padded,32,44,131072,2628097,1522.013837,external,avx512-vbmi,avx512-vbmi,x86_64,linux,0
1,commit-3-amd-9950x3d,run-1,0,base64ct-1.8.3,encode,standard,padded,32,44,131072,2832261,1412.299220,external,avx512-vbmi,avx512-vbmi,x86_64,linux,0
1,commit-3-amd-9950x3d,run-1,1,base64ct-1.8.3,encode,standard,padded,32,44,131072,2801443,1427.835583,external,avx512-vbmi,avx512-vbmi,x86_64,linux,0
1,commit-3-amd-9950x3d,run-1,2,base64ct-1.8.3,encode,standard,padded,32,44,131072,2793889,1431.696105,external,avx512-vbmi,avx512-vbmi,x86_64,linux,0
1,commit-3-amd-9950x3d,run-1,3,base64ct-1.8.3,encode,standard,padded,32,44,131072,2800782,1428.172560,external,avx512-vbmi,avx512-vbmi,x86_64,linux,0
1,commit-3-amd-9950x3d,run-1,4,base64ct-1.8.3,encode,standard,padded,32,44,131072,2805881,1425.577207,external,avx512-vbmi,avx512-vbmi,x86_64,linux,0
1,commit-3-amd-9950x3d,run-1,0,base64ct-1.8.3,decode,standard,padded,32,44,131072,7669907,521.518709,external,avx512-vbmi,avx512-vbmi,x86_64,linux,0
1,commit-3-amd-9950x3d,run-1,1,base64ct-1.8.3,decode,standard,padded,32,44,131072,7655399,522.507057,external,avx512-vbmi,avx512-vbmi,x86_64,linux,0
1,commit-3-amd-9950x3d,run-1,2,base64ct-1.8.3,decode,standard,padded,32,44,131072,7672542,521.339603,external,avx512-vbmi,avx512-vbmi,x86_64,linux,0
1,commit-3-amd-9950x3d,run-1,3,base64ct-1.8.3,decode,standard,padded,32,44,131072,7640291,523.540268,external,avx512-vbmi,avx512-vbmi,x86_64,linux,0
1,commit-3-amd-9950x3d,run-1,4,base64ct-1.8.3,decode,standard,padded,32,44,131072,7641614,523.449627,external,avx512-vbmi,avx512-vbmi,x86_64,linux,0
1,commit-3-amd-9950x3d,run-1,0,base64-ng,encode,standard,padded,47,64,89240,11495047,347.973968,auto,avx512-vbmi,avx512-vbmi,x86_64,linux,0
1,commit-3-amd-9950x3d,run-1,1,base64-ng,encode,standard,padded,47,64,89240,11459009,349.068328,auto,avx512-vbmi,avx512-vbmi,x86_64,linux,0
1,commit-3-amd-9950x3d,run-1,2,base64-ng,encode,standard,padded,47,64,89240,11456133,349.155960,auto,avx512-vbmi,avx512-vbmi,x86_64,linux,0
1,commit-3-amd-9950x3d,run-1,3,base64-ng,encode,standard,padded,47,64,89240,11485228,348.271459,auto,avx512-vbmi,avx512-vbmi,x86_64,linux,0
1,commit-3-amd-9950x3d,run-1,4,base64-ng,encode,standard,padded,47,64,89240,11453087,349.248819,auto,avx512-vbmi,avx512-vbmi,x86_64,linux,0
1,commit-3-amd-9950x3d,run-1,0,base64-ng,decode,standard,padded,47,64,89240,29818076,134.146050,auto,avx512-vbmi,avx512-vbmi,x86_64,linux,0
1,commit-3-amd-9950x3d,run-1,1,base64-ng,decode,standard,padded,47,64,89240,30602893,130.705849,auto,avx512-vbmi,avx512-vbmi,x86_64,linux,0
1,commit-3-amd-9950x3d,run-1,2,base64-ng,decode,standard,padded,47,64,89240,29818436,134.144430,auto,avx512-vbmi,avx512-vbmi,x86_64,linux,0
1,commit-3-amd-9950x3d,run-1,3,base64-ng,decode,standard,padded,47,64,89240,29861217,133.952247,auto,avx512-vbmi,avx512-vbmi,x86_64,linux,0
1,commit-3-amd-9950x3d,run-1,4,base64-ng,decode,standard,padded,47,64,89240,29853933,133.984930,auto,avx512-vbmi,avx512-vbmi,x86_64,linux,0
1,commit-3-amd-9950x3d,run-1,0,base64-ng,encode,standard,padded,47,64,89240,11402082,350.811116,scalar,avx512-vbmi,avx512-vbmi,x86_64,linux,0
1,commit-3-amd-9950x3d,run-1,1,base64-ng,encode,standard,padded,47,64,89240,11364772,351.962812,scalar,avx512-vbmi,avx512-vbmi,x86_64,linux,0
1,commit-3-amd-9950x3d,run-1,2,base64-ng,encode,standard,padded,47,64,89240,11412161,350.501286,scalar,avx512-vbmi,avx512-vbmi,x86_64,linux,0
1,commit-3-amd-9950x3d,run-1,3,base64-ng,encode,standard,padded,47,64,89240,11377525,351.568299,scalar,avx512-vbmi,avx512-vbmi,x86_64,linux,0
1,commit-3-amd-9950x3d,run-1,4,base64-ng,encode,standard,padded,47,64,89240,11373087,351.705488,scalar,avx512-vbmi,avx512-vbmi,x86_64,linux,0
1,commit-3-amd-9950x3d,run-1,0,base64-ng,decode,standard,padded,47,64,89240,13222338,302.516628,scalar,avx512-vbmi,avx512-vbmi,x86_64,linux,0
1,commit-3-amd-9950x3d,run-1,1,base64-ng,decode,standard,padded,47,64,89240,13194586,303.152908,scalar,avx512-vbmi,avx512-vbmi,x86_64,linux,0
1,commit-3-amd-9950x3d,run-1,2,base64-ng,decode,standard,padded,47,64,89240,13215335,302.676936,scalar,avx512-vbmi,avx512-vbmi,x86_64,linux,0
1,commit-3-amd-9950x3d,run-1,3,base64-ng,decode,standard,padded,47,64,89240,13172404,303.663410,scalar,avx512-vbmi,avx512-vbmi,x86_64,linux,0
1,commit-3-amd-9950x3d,run-1,4,base64-ng,decode,standard,padded,47,64,89240,13173877,303.629456,scalar,avx512-vbmi,avx512-vbmi,x86_64,linux,0
1,commit-3-amd-9950x3d,run-1,0,base64-ng,encode,standard,padded,47,64,89240,14455098,276.717398,ssse3-sse4.1,avx512-vbmi,avx512-vbmi,x86_64,linux,0
1,commit-3-amd-9950x3d,run-1,1,base64-ng,encode,standard,padded,47,64,89240,14502368,275.815447,ssse3-sse4.1,avx512-vbmi,avx512-vbmi,x86_64,linux,0
1,commit-3-amd-9950x3d,run-1,2,base64-ng,encode,standard,padded,47,64,89240,14473674,276.362250,ssse3-sse4.1,avx512-vbmi,avx512-vbmi,x86_64,linux,0
1,commit-3-amd-9950x3d,run-1,3,base64-ng,encode,standard,padded,47,64,89240,14414563,277.495552,ssse3-sse4.1,avx512-vbmi,avx512-vbmi,x86_64,linux,0
1,commit-3-amd-9950x3d,run-1,4,base64-ng,encode,standard,padded,47,64,89240,14486007,276.126963,ssse3-sse4.1,avx512-vbmi,avx512-vbmi,x86_64,linux,0
1,commit-3-amd-9950x3d,run-1,0,base64-ng,decode,standard,padded,47,64,89240,54116001,73.914869,ssse3-sse4.1,avx512-vbmi,avx512-vbmi,x86_64,linux,0
1,commit-3-amd-9950x3d,run-1,1,base64-ng,decode,standard,padded,47,64,89240,54232791,73.755694,ssse3-sse4.1,avx512-vbmi,avx512-vbmi,x86_64,linux,0
1,commit-3-amd-9950x3d,run-1,2,base64-ng,decode,standard,padded,47,64,89240,54013128,74.055646,ssse3-sse4.1,avx512-vbmi,avx512-vbmi,x86_64,linux,0
1,commit-3-amd-9950x3d,run-1,3,base64-ng,decode,standard,padded,47,64,89240,53874557,74.246125,ssse3-sse4.1,avx512-vbmi,avx512-vbmi,x86_64,linux,0
1,commit-3-amd-9950x3d,run-1,4,base64-ng,decode,standard,padded,47,64,89240,54462794,73.444214,ssse3-sse4.1,avx512-vbmi,avx512-vbmi,x86_64,linux,0
1,commit-3-amd-9950x3d,run-1,0,base64-ng,encode,standard,padded,47,64,89240,10283696,388.962987,avx2,avx512-vbmi,avx512-vbmi,x86_64,linux,0
1,commit-3-amd-9950x3d,run-1,1,base64-ng,encode,standard,padded,47,64,89240,10296821,388.467189,avx2,avx512-vbmi,avx512-vbmi,x86_64,linux,0
1,commit-3-amd-9950x3d,run-1,2,base64-ng,encode,standard,padded,47,64,89240,10301029,388.308499,avx2,avx512-vbmi,avx512-vbmi,x86_64,linux,0
1,commit-3-amd-9950x3d,run-1,3,base64-ng,encode,standard,padded,47,64,89240,10338820,386.889134,avx2,avx512-vbmi,avx512-vbmi,x86_64,linux,0
1,commit-3-amd-9950x3d,run-1,4,base64-ng,encode,standard,padded,47,64,89240,10393303,384.861012,avx2,avx512-vbmi,avx512-vbmi,x86_64,linux,0
1,commit-3-amd-9950x3d,run-1,0,base64-ng,decode,standard,padded,47,64,89240,38380062,104.220184,avx2,avx512-vbmi,avx512-vbmi,x86_64,linux,0
1,commit-3-amd-9950x3d,run-1,1,base64-ng,decode,standard,padded,47,64,89240,38195114,104.724838,avx2,avx512-vbmi,avx512-vbmi,x86_64,linux,0
1,commit-3-amd-9950x3d,run-1,2,base64-ng,decode,standard,padded,47,64,89240,38399729,104.166806,avx2,avx512-vbmi,avx512-vbmi,x86_64,linux,0
1,commit-3-amd-9950x3d,run-1,3,base64-ng,decode,standard,padded,47,64,89240,38323025,104.375297,avx2,avx512-vbmi,avx512-vbmi,x86_64,linux,0
1,commit-3-amd-9950x3d,run-1,4,base64-ng,decode,standard,padded,47,64,89240,38665168,103.451694,avx2,avx512-vbmi,avx512-vbmi,x86_64,linux,0
1,commit-3-amd-9950x3d,run-1,0,base64-ng,encode,standard,padded,47,64,89240,11792226,339.204584,avx512-vbmi,avx512-vbmi,avx512-vbmi,x86_64,linux,0
1,commit-3-amd-9950x3d,run-1,1,base64-ng,encode,standard,padded,47,64,89240,11838384,337.882021,avx512-vbmi,avx512-vbmi,avx512-vbmi,x86_64,linux,0
1,commit-3-amd-9950x3d,run-1,2,base64-ng,encode,standard,padded,47,64,89240,11808236,338.744679,avx512-vbmi,avx512-vbmi,avx512-vbmi,x86_64,linux,0
1,commit-3-amd-9950x3d,run-1,3,base64-ng,encode,standard,padded,47,64,89240,11843914,337.724262,avx512-vbmi,avx512-vbmi,avx512-vbmi,x86_64,linux,0
1,commit-3-amd-9950x3d,run-1,4,base64-ng,encode,standard,padded,47,64,89240,11945124,334.862753,avx512-vbmi,avx512-vbmi,avx512-vbmi,x86_64,linux,0
1,commit-3-amd-9950x3d,run-1,0,base64-ng,decode,standard,padded,47,64,89240,30606380,130.690958,avx512-vbmi,avx512-vbmi,avx512-vbmi,x86_64,linux,0
1,commit-3-amd-9950x3d,run-1,1,base64-ng,decode,standard,padded,47,64,89240,30365737,131.726660,avx512-vbmi,avx512-vbmi,avx512-vbmi,x86_64,linux,0
1,commit-3-amd-9950x3d,run-1,2,base64-ng,decode,standard,padded,47,64,89240,30285536,132.075493,avx512-vbmi,avx512-vbmi,avx512-vbmi,x86_64,linux,0
1,commit-3-amd-9950x3d,run-1,3,base64-ng,decode,standard,padded,47,64,89240,30453622,131.346515,avx512-vbmi,avx512-vbmi,avx512-vbmi,x86_64,linux,0
1,commit-3-amd-9950x3d,run-1,4,base64-ng,decode,standard,padded,47,64,89240,30311786,131.961116,avx512-vbmi,avx512-vbmi,avx512-vbmi,x86_64,linux,0
1,commit-3-amd-9950x3d,run-1,0,base64-0.23.0,encode,standard,padded,47,64,89240,1590654,2514.674538,external,avx512-vbmi,avx512-vbmi,x86_64,linux,0
1,commit-3-amd-9950x3d,run-1,1,base64-0.23.0,encode,standard,padded,47,64,89240,1593809,2509.696652,external,avx512-vbmi,avx512-vbmi,x86_64,linux,0
1,commit-3-amd-9950x3d,run-1,2,base64-0.23.0,encode,standard,padded,47,64,89240,1601074,2498.308705,external,avx512-vbmi,avx512-vbmi,x86_64,linux,0
1,commit-3-amd-9950x3d,run-1,3,base64-0.23.0,encode,standard,padded,47,64,89240,1715980,2331.016161,external,avx512-vbmi,avx512-vbmi,x86_64,linux,0
1,commit-3-amd-9950x3d,run-1,4,base64-0.23.0,encode,standard,padded,47,64,89240,1619448,2469.963291,external,avx512-vbmi,avx512-vbmi,x86_64,linux,0
1,commit-3-amd-9950x3d,run-1,0,base64-0.23.0,decode,standard,padded,47,64,89240,2181697,1833.424674,external,avx512-vbmi,avx512-vbmi,x86_64,linux,0
1,commit-3-amd-9950x3d,run-1,1,base64-0.23.0,decode,standard,padded,47,64,89240,2197576,1820.176918,external,avx512-vbmi,avx512-vbmi,x86_64,linux,0
1,commit-3-amd-9950x3d,run-1,2,base64-0.23.0,decode,standard,padded,47,64,89240,2308255,1732.900876,external,avx512-vbmi,avx512-vbmi,x86_64,linux,0
1,commit-3-amd-9950x3d,run-1,3,base64-0.23.0,decode,standard,padded,47,64,89240,2186455,1829.434913,external,avx512-vbmi,avx512-vbmi,x86_64,linux,0
1,commit-3-amd-9950x3d,run-1,4,base64-0.23.0,decode,standard,padded,47,64,89240,2177879,1836.638818,external,avx512-vbmi,avx512-vbmi,x86_64,linux,0
1,commit-3-amd-9950x3d,run-1,0,base64ct-1.8.3,encode,standard,padded,47,64,89240,2734417,1462.826303,external,avx512-vbmi,avx512-vbmi,x86_64,linux,0
1,commit-3-amd-9950x3d,run-1,1,base64ct-1.8.3,encode,standard,padded,47,64,89240,2658394,1504.659246,external,avx512-vbmi,avx512-vbmi,x86_64,linux,0
1,commit-3-amd-9950x3d,run-1,2,base64ct-1.8.3,encode,standard,padded,47,64,89240,2668001,1499.241234,external,avx512-vbmi,avx512-vbmi,x86_64,linux,0
1,commit-3-amd-9950x3d,run-1,3,base64ct-1.8.3,encode,standard,padded,47,64,89240,2713147,1474.294283,external,avx512-vbmi,avx512-vbmi,x86_64,linux,0
1,commit-3-amd-9950x3d,run-1,4,base64ct-1.8.3,encode,standard,padded,47,64,89240,2715481,1473.027103,external,avx512-vbmi,avx512-vbmi,x86_64,linux,0
1,commit-3-amd-9950x3d,run-1,0,base64ct-1.8.3,decode,standard,padded,47,64,89240,6782045,589.789232,external,avx512-vbmi,avx512-vbmi,x86_64,linux,0
1,commit-3-amd-9950x3d,run-1,1,base64ct-1.8.3,decode,standard,padded,47,64,89240,6777907,590.149306,external,avx512-vbmi,avx512-vbmi,x86_64,linux,0
1,commit-3-amd-9950x3d,run-1,2,base64ct-1.8.3,decode,standard,padded,47,64,89240,6813514,587.065222,external,avx512-vbmi,avx512-vbmi,x86_64,linux,0
1,commit-3-amd-9950x3d,run-1,3,base64ct-1.8.3,decode,standard,padded,47,64,89240,6852388,583.734767,external,avx512-vbmi,avx512-vbmi,x86_64,linux,0
1,commit-3-amd-9950x3d,run-1,4,base64ct-1.8.3,decode,standard,padded,47,64,89240,6813796,587.040926,external,avx512-vbmi,avx512-vbmi,x86_64,linux,0
1,commit-3-amd-9950x3d,run-1,0,base64-ng,encode,standard,padded,48,64,87381,6067571,659.239874,auto,avx512-vbmi,avx512-vbmi,x86_64,linux,0
1,commit-3-amd-9950x3d,run-1,1,base64-ng,encode,standard,padded,48,64,87381,6093540,656.430374,auto,avx512-vbmi,avx512-vbmi,x86_64,linux,0
1,commit-3-amd-9950x3d,run-1,2,base64-ng,encode,standard,padded,48,64,87381,6079994,657.892876,auto,avx512-vbmi,avx512-vbmi,x86_64,linux,0
1,commit-3-amd-9950x3d,run-1,3,base64-ng,encode,standard,padded,48,64,87381,6100102,655.724239,auto,avx512-vbmi,avx512-vbmi,x86_64,linux,0
1,commit-3-amd-9950x3d,run-1,4,base64-ng,encode,standard,padded,48,64,87381,6099521,655.786699,auto,avx512-vbmi,avx512-vbmi,x86_64,linux,0
1,commit-3-amd-9950x3d,run-1,0,base64-ng,decode,standard,padded,48,64,87381,28983034,138.011250,auto,avx512-vbmi,avx512-vbmi,x86_64,linux,0
1,commit-3-amd-9950x3d,run-1,1,base64-ng,decode,standard,padded,48,64,87381,29071671,137.590465,auto,avx512-vbmi,avx512-vbmi,x86_64,linux,0
1,commit-3-amd-9950x3d,run-1,2,base64-ng,decode,standard,padded,48,64,87381,29388377,136.107712,auto,avx512-vbmi,avx512-vbmi,x86_64,linux,0
1,commit-3-amd-9950x3d,run-1,3,base64-ng,decode,standard,padded,48,64,87381,29000978,137.925857,auto,avx512-vbmi,avx512-vbmi,x86_64,linux,0
1,commit-3-amd-9950x3d,run-1,4,base64-ng,decode,standard,padded,48,64,87381,29340908,136.327913,auto,avx512-vbmi,avx512-vbmi,x86_64,linux,0
1,commit-3-amd-9950x3d,run-1,0,base64-ng,encode,standard,padded,48,64,87381,11672040,342.697998,scalar,avx512-vbmi,avx512-vbmi,x86_64,linux,0
1,commit-3-amd-9950x3d,run-1,1,base64-ng,encode,standard,padded,48,64,87381,11678903,342.496615,scalar,avx512-vbmi,avx512-vbmi,x86_64,linux,0
1,commit-3-amd-9950x3d,run-1,2,base64-ng,encode,standard,padded,48,64,87381,11626123,344.051473,scalar,avx512-vbmi,avx512-vbmi,x86_64,linux,0
1,commit-3-amd-9950x3d,run-1,3,base64-ng,encode,standard,padded,48,64,87381,11661871,342.996826,scalar,avx512-vbmi,avx512-vbmi,x86_64,linux,0
1,commit-3-amd-9950x3d,run-1,4,base64-ng,encode,standard,padded,48,64,87381,11651742,343.294998,scalar,avx512-vbmi,avx512-vbmi,x86_64,linux,0
1,commit-3-amd-9950x3d,run-1,0,base64-ng,decode,standard,padded,48,64,87381,13174888,303.606736,scalar,avx512-vbmi,avx512-vbmi,x86_64,linux,0
1,commit-3-amd-9950x3d,run-1,1,base64-ng,decode,standard,padded,48,64,87381,13066204,306.132121,scalar,avx512-vbmi,avx512-vbmi,x86_64,linux,0
1,commit-3-amd-9950x3d,run-1,2,base64-ng,decode,standard,padded,48,64,87381,13082324,305.754906,scalar,avx512-vbmi,avx512-vbmi,x86_64,linux,0
1,commit-3-amd-9950x3d,run-1,3,base64-ng,decode,standard,padded,48,64,87381,13088316,305.614927,scalar,avx512-vbmi,avx512-vbmi,x86_64,linux,0
1,commit-3-amd-9950x3d,run-1,4,base64-ng,decode,standard,padded,48,64,87381,13167835,303.769355,scalar,avx512-vbmi,avx512-vbmi,x86_64,linux,0
1,commit-3-amd-9950x3d,run-1,0,base64-ng,encode,standard,padded,48,64,87381,14575595,274.430289,ssse3-sse4.1,avx512-vbmi,avx512-vbmi,x86_64,linux,0
1,commit-3-amd-9950x3d,run-1,1,base64-ng,encode,standard,padded,48,64,87381,14669231,272.678557,ssse3-sse4.1,avx512-vbmi,avx512-vbmi,x86_64,linux,0
1,commit-3-amd-9950x3d,run-1,2,base64-ng,encode,standard,padded,48,64,87381,14639565,273.231120,ssse3-sse4.1,avx512-vbmi,avx512-vbmi,x86_64,linux,0
1,commit-3-amd-9950x3d,run-1,3,base64-ng,encode,standard,padded,48,64,87381,14657580,272.895303,ssse3-sse4.1,avx512-vbmi,avx512-vbmi,x86_64,linux,0
1,commit-3-amd-9950x3d,run-1,4,base64-ng,encode,standard,padded,48,64,87381,14622914,273.542246,ssse3-sse4.1,avx512-vbmi,avx512-vbmi,x86_64,linux,0
1,commit-3-amd-9950x3d,run-1,0,base64-ng,decode,standard,padded,48,64,87381,54214156,73.781186,ssse3-sse4.1,avx512-vbmi,avx512-vbmi,x86_64,linux,0
1,commit-3-amd-9950x3d,run-1,1,base64-ng,decode,standard,padded,48,64,87381,53158439,75.246467,ssse3-sse4.1,avx512-vbmi,avx512-vbmi,x86_64,linux,0
1,commit-3-amd-9950x3d,run-1,2,base64-ng,decode,standard,padded,48,64,87381,53141838,75.269974,ssse3-sse4.1,avx512-vbmi,avx512-vbmi,x86_64,linux,0
1,commit-3-amd-9950x3d,run-1,3,base64-ng,decode,standard,padded,48,64,87381,53572298,74.665170,ssse3-sse4.1,avx512-vbmi,avx512-vbmi,x86_64,linux,0
1,commit-3-amd-9950x3d,run-1,4,base64-ng,decode,standard,padded,48,64,87381,53100199,75.328997,ssse3-sse4.1,avx512-vbmi,avx512-vbmi,x86_64,linux,0
1,commit-3-amd-9950x3d,run-1,0,base64-ng,encode,standard,padded,48,64,87381,7977847,501.386495,avx2,avx512-vbmi,avx512-vbmi,x86_64,linux,0
1,commit-3-amd-9950x3d,run-1,1,base64-ng,encode,standard,padded,48,64,87381,7958640,502.596517,avx2,avx512-vbmi,avx512-vbmi,x86_64,linux,0
1,commit-3-amd-9950x3d,run-1,2,base64-ng,encode,standard,padded,48,64,87381,7922853,504.866712,avx2,avx512-vbmi,avx512-vbmi,x86_64,linux,0
1,commit-3-amd-9950x3d,run-1,3,base64-ng,encode,standard,padded,48,64,87381,7941889,503.656591,avx2,avx512-vbmi,avx512-vbmi,x86_64,linux,0
1,commit-3-amd-9950x3d,run-1,4,base64-ng,encode,standard,padded,48,64,87381,7980602,501.213410,avx2,avx512-vbmi,avx512-vbmi,x86_64,linux,0
1,commit-3-amd-9950x3d,run-1,0,base64-ng,decode,standard,padded,48,64,87381,37136491,107.710358,avx2,avx512-vbmi,avx512-vbmi,x86_64,linux,0
1,commit-3-amd-9950x3d,run-1,1,base64-ng,decode,standard,padded,48,64,87381,38158635,104.825153,avx2,avx512-vbmi,avx512-vbmi,x86_64,linux,0
1,commit-3-amd-9950x3d,run-1,2,base64-ng,decode,standard,padded,48,64,87381,38109563,104.960131,avx2,avx512-vbmi,avx512-vbmi,x86_64,linux,0
1,commit-3-amd-9950x3d,run-1,3,base64-ng,decode,standard,padded,48,64,87381,37633267,106.288533,avx2,avx512-vbmi,avx512-vbmi,x86_64,linux,0
1,commit-3-amd-9950x3d,run-1,4,base64-ng,decode,standard,padded,48,64,87381,37856035,105.663066,avx2,avx512-vbmi,avx512-vbmi,x86_64,linux,0
1,commit-3-amd-9950x3d,run-1,0,base64-ng,encode,standard,padded,48,64,87381,5123784,780.670056,avx512-vbmi,avx512-vbmi,avx512-vbmi,x86_64,linux,0
1,commit-3-amd-9950x3d,run-1,1,base64-ng,encode,standard,padded,48,64,87381,5144013,777.600045,avx512-vbmi,avx512-vbmi,avx512-vbmi,x86_64,linux,0
1,commit-3-amd-9950x3d,run-1,2,base64-ng,encode,standard,padded,48,64,87381,5204657,768.539549,avx512-vbmi,avx512-vbmi,avx512-vbmi,x86_64,linux,0
1,commit-3-amd-9950x3d,run-1,3,base64-ng,encode,standard,padded,48,64,87381,5154833,775.967862,avx512-vbmi,avx512-vbmi,avx512-vbmi,x86_64,linux,0
1,commit-3-amd-9950x3d,run-1,4,base64-ng,encode,standard,padded,48,64,87381,5116501,781.781288,avx512-vbmi,avx512-vbmi,avx512-vbmi,x86_64,linux,0
1,commit-3-amd-9950x3d,run-1,0,base64-ng,decode,standard,padded,48,64,87381,28270633,141.489041,avx512-vbmi,avx512-vbmi,avx512-vbmi,x86_64,linux,0
1,commit-3-amd-9950x3d,run-1,1,base64-ng,decode,standard,padded,48,64,87381,28306331,141.310604,avx512-vbmi,avx512-vbmi,avx512-vbmi,x86_64,linux,0
1,commit-3-amd-9950x3d,run-1,2,base64-ng,decode,standard,padded,48,64,87381,28231480,141.685266,avx512-vbmi,avx512-vbmi,avx512-vbmi,x86_64,linux,0
1,commit-3-amd-9950x3d,run-1,3,base64-ng,decode,standard,padded,48,64,87381,28251848,141.583118,avx512-vbmi,avx512-vbmi,avx512-vbmi,x86_64,linux,0
1,commit-3-amd-9950x3d,run-1,4,base64-ng,decode,standard,padded,48,64,87381,28262748,141.528515,avx512-vbmi,avx512-vbmi,avx512-vbmi,x86_64,linux,0
1,commit-3-amd-9950x3d,run-1,0,base64-0.23.0,encode,standard,padded,48,64,87381,1516345,2637.912046,external,avx512-vbmi,avx512-vbmi,x86_64,linux,0
1,commit-3-amd-9950x3d,run-1,1,base64-0.23.0,encode,standard,padded,48,64,87381,1536442,2603.407575,external,avx512-vbmi,avx512-vbmi,x86_64,linux,0
1,commit-3-amd-9950x3d,run-1,2,base64-0.23.0,encode,standard,padded,48,64,87381,1553204,2575.311898,external,avx512-vbmi,avx512-vbmi,x86_64,linux,0
1,commit-3-amd-9950x3d,run-1,3,base64-0.23.0,encode,standard,padded,48,64,87381,1554286,2573.519121,external,avx512-vbmi,avx512-vbmi,x86_64,linux,0
1,commit-3-amd-9950x3d,run-1,4,base64-0.23.0,encode,standard,padded,48,64,87381,1560547,2563.194022,external,avx512-vbmi,avx512-vbmi,x86_64,linux,0
1,commit-3-amd-9950x3d,run-1,0,base64-0.23.0,decode,standard,padded,48,64,87381,2166328,1846.435416,external,avx512-vbmi,avx512-vbmi,x86_64,linux,0
1,commit-3-amd-9950x3d,run-1,1,base64-0.23.0,decode,standard,padded,48,64,87381,2118337,1888.266476,external,avx512-vbmi,avx512-vbmi,x86_64,linux,0
1,commit-3-amd-9950x3d,run-1,2,base64-0.23.0,decode,standard,padded,48,64,87381,2119369,1887.347008,external,avx512-vbmi,avx512-vbmi,x86_64,linux,0
1,commit-3-amd-9950x3d,run-1,3,base64-0.23.0,decode,standard,padded,48,64,87381,2125090,1882.266041,external,avx512-vbmi,avx512-vbmi,x86_64,linux,0
1,commit-3-amd-9950x3d,run-1,4,base64-0.23.0,decode,standard,padded,48,64,87381,2127435,1880.191283,external,avx512-vbmi,avx512-vbmi,x86_64,linux,0
1,commit-3-amd-9950x3d,run-1,0,base64ct-1.8.3,encode,standard,padded,48,64,87381,2307634,1733.370518,external,avx512-vbmi,avx512-vbmi,x86_64,linux,0
1,commit-3-amd-9950x3d,run-1,1,base64ct-1.8.3,encode,standard,padded,48,64,87381,2297515,1741.004843,external,avx512-vbmi,avx512-vbmi,x86_64,linux,0
1,commit-3-amd-9950x3d,run-1,2,base64ct-1.8.3,encode,standard,padded,48,64,87381,2396241,1669.274811,external,avx512-vbmi,avx512-vbmi,x86_64,linux,0
1,commit-3-amd-9950x3d,run-1,3,base64ct-1.8.3,encode,standard,padded,48,64,87381,2308916,1732.408083,external,avx512-vbmi,avx512-vbmi,x86_64,linux,0
1,commit-3-amd-9950x3d,run-1,4,base64ct-1.8.3,encode,standard,padded,48,64,87381,2313705,1728.822275,external,avx512-vbmi,avx512-vbmi,x86_64,linux,0
1,commit-3-amd-9950x3d,run-1,0,base64ct-1.8.3,decode,standard,padded,48,64,87381,5720818,699.198041,external,avx512-vbmi,avx512-vbmi,x86_64,linux,0
1,commit-3-amd-9950x3d,run-1,1,base64ct-1.8.3,decode,standard,padded,48,64,87381,5727541,698.377321,external,avx512-vbmi,avx512-vbmi,x86_64,linux,0
1,commit-3-amd-9950x3d,run-1,2,base64ct-1.8.3,decode,standard,padded,48,64,87381,5721279,699.141703,external,avx512-vbmi,avx512-vbmi,x86_64,linux,0
1,commit-3-amd-9950x3d,run-1,3,base64ct-1.8.3,decode,standard,padded,48,64,87381,5717733,699.575293,external,avx512-vbmi,avx512-vbmi,x86_64,linux,0
1,commit-3-amd-9950x3d,run-1,4,base64ct-1.8.3,decode,standard,padded,48,64,87381,5721199,699.151479,external,avx512-vbmi,avx512-vbmi,x86_64,linux,0
1,commit-3-amd-9950x3d,run-1,0,base64-ng,encode,standard,padded,63,84,66576,7246280,552.005269,auto,avx512-vbmi,avx512-vbmi,x86_64,linux,0
1,commit-3-amd-9950x3d,run-1,1,base64-ng,encode,standard,padded,63,84,66576,7201164,555.463636,auto,avx512-vbmi,avx512-vbmi,x86_64,linux,0
1,commit-3-amd-9950x3d,run-1,2,base64-ng,encode,standard,padded,63,84,66576,7184553,556.747892,auto,avx512-vbmi,avx512-vbmi,x86_64,linux,0
1,commit-3-amd-9950x3d,run-1,3,base64-ng,encode,standard,padded,63,84,66576,7191577,556.204118,auto,avx512-vbmi,avx512-vbmi,x86_64,linux,0
1,commit-3-amd-9950x3d,run-1,4,base64-ng,encode,standard,padded,63,84,66576,7185745,556.655537,auto,avx512-vbmi,avx512-vbmi,x86_64,linux,0
1,commit-3-amd-9950x3d,run-1,0,base64-ng,decode,standard,padded,63,84,66576,34806346,114.921134,auto,avx512-vbmi,avx512-vbmi,x86_64,linux,0
1,commit-3-amd-9950x3d,run-1,1,base64-ng,decode,standard,padded,63,84,66576,34867901,114.718255,auto,avx512-vbmi,avx512-vbmi,x86_64,linux,0
1,commit-3-amd-9950x3d,run-1,2,base64-ng,decode,standard,padded,63,84,66576,34986404,114.329691,auto,avx512-vbmi,avx512-vbmi,x86_64,linux,0
1,commit-3-amd-9950x3d,run-1,3,base64-ng,decode,standard,padded,63,84,66576,34784725,114.992565,auto,avx512-vbmi,avx512-vbmi,x86_64,linux,0
1,commit-3-amd-9950x3d,run-1,4,base64-ng,decode,standard,padded,63,84,66576,34760699,115.072046,auto,avx512-vbmi,avx512-vbmi,x86_64,linux,0
1,commit-3-amd-9950x3d,run-1,0,base64-ng,encode,standard,padded,63,84,66576,4232677,945.024801,scalar,avx512-vbmi,avx512-vbmi,x86_64,linux,0
1,commit-3-amd-9950x3d,run-1,1,base64-ng,encode,standard,padded,63,84,66576,4220333,947.788893,scalar,avx512-vbmi,avx512-vbmi,x86_64,linux,0
1,commit-3-amd-9950x3d,run-1,2,base64-ng,encode,standard,padded,63,84,66576,4302619,929.662780,scalar,avx512-vbmi,avx512-vbmi,x86_64,linux,0
1,commit-3-amd-9950x3d,run-1,3,base64-ng,encode,standard,padded,63,84,66576,4241213,943.122814,scalar,avx512-vbmi,avx512-vbmi,x86_64,linux,0
1,commit-3-amd-9950x3d,run-1,4,base64-ng,encode,standard,padded,63,84,66576,4236525,944.166443,scalar,avx512-vbmi,avx512-vbmi,x86_64,linux,0
1,commit-3-amd-9950x3d,run-1,0,base64-ng,decode,standard,padded,63,84,66576,12745170,313.843185,scalar,avx512-vbmi,avx512-vbmi,x86_64,linux,0
1,commit-3-amd-9950x3d,run-1,1,base64-ng,decode,standard,padded,63,84,66576,12738458,314.008551,scalar,avx512-vbmi,avx512-vbmi,x86_64,linux,0
1,commit-3-amd-9950x3d,run-1,2,base64-ng,decode,standard,padded,63,84,66576,12775477,313.098661,scalar,avx512-vbmi,avx512-vbmi,x86_64,linux,0
1,commit-3-amd-9950x3d,run-1,3,base64-ng,decode,standard,padded,63,84,66576,12671230,315.674543,scalar,avx512-vbmi,avx512-vbmi,x86_64,linux,0
1,commit-3-amd-9950x3d,run-1,4,base64-ng,decode,standard,padded,63,84,66576,12706357,314.801854,scalar,avx512-vbmi,avx512-vbmi,x86_64,linux,0
1,commit-3-amd-9950x3d,run-1,0,base64-ng,encode,standard,padded,63,84,66576,13626228,293.550405,ssse3-sse4.1,avx512-vbmi,avx512-vbmi,x86_64,linux,0
1,commit-3-amd-9950x3d,run-1,1,base64-ng,encode,standard,padded,63,84,66576,13528855,295.663213,ssse3-sse4.1,avx512-vbmi,avx512-vbmi,x86_64,linux,0
1,commit-3-amd-9950x3d,run-1,2,base64-ng,encode,standard,padded,63,84,66576,13395474,298.607182,ssse3-sse4.1,avx512-vbmi,avx512-vbmi,x86_64,linux,0
1,commit-3-amd-9950x3d,run-1,3,base64-ng,encode,standard,padded,63,84,66576,13414339,298.187241,ssse3-sse4.1,avx512-vbmi,avx512-vbmi,x86_64,linux,0
1,commit-3-amd-9950x3d,run-1,4,base64-ng,encode,standard,padded,63,84,66576,13443434,297.541889,ssse3-sse4.1,avx512-vbmi,avx512-vbmi,x86_64,linux,0
1,commit-3-amd-9950x3d,run-1,0,base64-ng,decode,standard,padded,63,84,66576,50640179,78.988361,ssse3-sse4.1,avx512-vbmi,avx512-vbmi,x86_64,linux,0
1,commit-3-amd-9950x3d,run-1,1,base64-ng,decode,standard,padded,63,84,66576,50686266,78.916540,ssse3-sse4.1,avx512-vbmi,avx512-vbmi,x86_64,linux,0
1,commit-3-amd-9950x3d,run-1,2,base64-ng,decode,standard,padded,63,84,66576,50652412,78.969285,ssse3-sse4.1,avx512-vbmi,avx512-vbmi,x86_64,linux,0
1,commit-3-amd-9950x3d,run-1,3,base64-ng,decode,standard,padded,63,84,66576,50809858,78.724580,ssse3-sse4.1,avx512-vbmi,avx512-vbmi,x86_64,linux,0
1,commit-3-amd-9950x3d,run-1,4,base64-ng,decode,standard,padded,63,84,66576,50542596,79.140864,ssse3-sse4.1,avx512-vbmi,avx512-vbmi,x86_64,linux,0
1,commit-3-amd-9950x3d,run-1,0,base64-ng,encode,standard,padded,63,84,66576,8670290,461.343824,avx2,avx512-vbmi,avx512-vbmi,x86_64,linux,0
1,commit-3-amd-9950x3d,run-1,1,base64-ng,encode,standard,padded,63,84,66576,8710035,459.238653,avx2,avx512-vbmi,avx512-vbmi,x86_64,linux,0
1,commit-3-amd-9950x3d,run-1,2,base64-ng,encode,standard,padded,63,84,66576,8681621,460.741691,avx2,avx512-vbmi,avx512-vbmi,x86_64,linux,0
1,commit-3-amd-9950x3d,run-1,3,base64-ng,encode,standard,padded,63,84,66576,8655602,462.126695,avx2,avx512-vbmi,avx512-vbmi,x86_64,linux,0
1,commit-3-amd-9950x3d,run-1,4,base64-ng,encode,standard,padded,63,84,66576,8670280,461.344356,avx2,avx512-vbmi,avx512-vbmi,x86_64,linux,0
1,commit-3-amd-9950x3d,run-1,0,base64-ng,decode,standard,padded,63,84,66576,40507647,98.746411,avx2,avx512-vbmi,avx512-vbmi,x86_64,linux,0
1,commit-3-amd-9950x3d,run-1,1,base64-ng,decode,standard,padded,63,84,66576,40544436,98.656811,avx2,avx512-vbmi,avx512-vbmi,x86_64,linux,0
1,commit-3-amd-9950x3d,run-1,2,base64-ng,decode,standard,padded,63,84,66576,40539036,98.669952,avx2,avx512-vbmi,avx512-vbmi,x86_64,linux,0
1,commit-3-amd-9950x3d,run-1,3,base64-ng,decode,standard,padded,63,84,66576,40455819,98.872915,avx2,avx512-vbmi,avx512-vbmi,x86_64,linux,0
1,commit-3-amd-9950x3d,run-1,4,base64-ng,decode,standard,padded,63,84,66576,40289736,99.280490,avx2,avx512-vbmi,avx512-vbmi,x86_64,linux,0
1,commit-3-amd-9950x3d,run-1,0,base64-ng,encode,standard,padded,63,84,66576,6482652,617.029071,avx512-vbmi,avx512-vbmi,avx512-vbmi,x86_64,linux,0
1,commit-3-amd-9950x3d,run-1,1,base64-ng,encode,standard,padded,63,84,66576,6497370,615.631362,avx512-vbmi,avx512-vbmi,avx512-vbmi,x86_64,linux,0
1,commit-3-amd-9950x3d,run-1,2,base64-ng,encode,standard,padded,63,84,66576,6464448,618.766636,avx512-vbmi,avx512-vbmi,avx512-vbmi,x86_64,linux,0
1,commit-3-amd-9950x3d,run-1,3,base64-ng,encode,standard,padded,63,84,66576,6476551,617.610321,avx512-vbmi,avx512-vbmi,avx512-vbmi,x86_64,linux,0
1,commit-3-amd-9950x3d,run-1,4,base64-ng,encode,standard,padded,63,84,66576,6489084,616.417470,avx512-vbmi,avx512-vbmi,avx512-vbmi,x86_64,linux,0
1,commit-3-amd-9950x3d,run-1,0,base64-ng,decode,standard,padded,63,84,66576,34499768,115.942366,avx512-vbmi,avx512-vbmi,avx512-vbmi,x86_64,linux,0
1,commit-3-amd-9950x3d,run-1,1,base64-ng,decode,standard,padded,63,84,66576,34021928,117.570784,avx512-vbmi,avx512-vbmi,avx512-vbmi,x86_64,linux,0
1,commit-3-amd-9950x3d,run-1,2,base64-ng,decode,standard,padded,63,84,66576,33989588,117.682649,avx512-vbmi,avx512-vbmi,avx512-vbmi,x86_64,linux,0
1,commit-3-amd-9950x3d,run-1,3,base64-ng,decode,standard,padded,63,84,66576,33906662,117.970467,avx512-vbmi,avx512-vbmi,avx512-vbmi,x86_64,linux,0
1,commit-3-amd-9950x3d,run-1,4,base64-ng,decode,standard,padded,63,84,66576,33964150,117.770789,avx512-vbmi,avx512-vbmi,avx512-vbmi,x86_64,linux,0
1,commit-3-amd-9950x3d,run-1,0,base64-0.23.0,encode,standard,padded,63,84,66576,1290509,3099.540368,external,avx512-vbmi,avx512-vbmi,x86_64,linux,0
1,commit-3-amd-9950x3d,run-1,1,base64-0.23.0,encode,standard,padded,63,84,66576,1314354,3043.308531,external,avx512-vbmi,avx512-vbmi,x86_64,linux,0
1,commit-3-amd-9950x3d,run-1,2,base64-0.23.0,encode,standard,padded,63,84,66576,1323020,3023.374357,external,avx512-vbmi,avx512-vbmi,x86_64,linux,0
1,commit-3-amd-9950x3d,run-1,3,base64-0.23.0,encode,standard,padded,63,84,66576,1320325,3029.545560,external,avx512-vbmi,avx512-vbmi,x86_64,linux,0
1,commit-3-amd-9950x3d,run-1,4,base64-0.23.0,encode,standard,padded,63,84,66576,1322249,3025.137278,external,avx512-vbmi,avx512-vbmi,x86_64,linux,0
1,commit-3-amd-9950x3d,run-1,0,base64-0.23.0,decode,standard,padded,63,84,66576,1806551,2214.155449,external,avx512-vbmi,avx512-vbmi,x86_64,linux,0
1,commit-3-amd-9950x3d,run-1,1,base64-0.23.0,decode,standard,padded,63,84,66576,1815297,2203.487772,external,avx512-vbmi,avx512-vbmi,x86_64,linux,0
1,commit-3-amd-9950x3d,run-1,2,base64-0.23.0,decode,standard,padded,63,84,66576,1824765,2192.054726,external,avx512-vbmi,avx512-vbmi,x86_64,linux,0
1,commit-3-amd-9950x3d,run-1,3,base64-0.23.0,decode,standard,padded,63,84,66576,1814355,2204.631806,external,avx512-vbmi,avx512-vbmi,x86_64,linux,0
1,commit-3-amd-9950x3d,run-1,4,base64-0.23.0,decode,standard,padded,63,84,66576,1814506,2204.448341,external,avx512-vbmi,avx512-vbmi,x86_64,linux,0
1,commit-3-amd-9950x3d,run-1,0,base64ct-1.8.3,encode,standard,padded,63,84,66576,1609590,2485.095423,external,avx512-vbmi,avx512-vbmi,x86_64,linux,0
1,commit-3-amd-9950x3d,run-1,1,base64ct-1.8.3,encode,standard,padded,63,84,66576,1594742,2508.233144,external,avx512-vbmi,avx512-vbmi,x86_64,linux,0
1,commit-3-amd-9950x3d,run-1,2,base64ct-1.8.3,encode,standard,padded,63,84,66576,1592177,2512.273913,external,avx512-vbmi,avx512-vbmi,x86_64,linux,0
1,commit-3-amd-9950x3d,run-1,3,base64ct-1.8.3,encode,standard,padded,63,84,66576,1617715,2472.613990,external,avx512-vbmi,avx512-vbmi,x86_64,linux,0
1,commit-3-amd-9950x3d,run-1,4,base64ct-1.8.3,encode,standard,padded,63,84,66576,1597346,2504.144212,external,avx512-vbmi,avx512-vbmi,x86_64,linux,0
1,commit-3-amd-9950x3d,run-1,0,base64ct-1.8.3,decode,standard,padded,63,84,66576,5406096,739.902647,external,avx512-vbmi,avx512-vbmi,x86_64,linux,0
1,commit-3-amd-9950x3d,run-1,1,base64ct-1.8.3,decode,standard,padded,63,84,66576,5418069,738.267590,external,avx512-vbmi,avx512-vbmi,x86_64,linux,0
1,commit-3-amd-9950x3d,run-1,2,base64ct-1.8.3,decode,standard,padded,63,84,66576,5425141,737.305213,external,avx512-vbmi,avx512-vbmi,x86_64,linux,0
1,commit-3-amd-9950x3d,run-1,3,base64ct-1.8.3,decode,standard,padded,63,84,66576,5429200,736.753986,external,avx512-vbmi,avx512-vbmi,x86_64,linux,0
1,commit-3-amd-9950x3d,run-1,4,base64ct-1.8.3,decode,standard,padded,63,84,66576,5420563,737.927913,external,avx512-vbmi,avx512-vbmi,x86_64,linux,0
1,commit-3-amd-9950x3d,run-1,0,base64-ng,encode,standard,padded,64,88,65536,7355966,543.776303,auto,avx512-vbmi,avx512-vbmi,x86_64,linux,0
1,commit-3-amd-9950x3d,run-1,1,base64-ng,encode,standard,padded,64,88,65536,7306002,547.495060,auto,avx512-vbmi,avx512-vbmi,x86_64,linux,0
1,commit-3-amd-9950x3d,run-1,2,base64-ng,encode,standard,padded,64,88,65536,7251439,551.614652,auto,avx512-vbmi,avx512-vbmi,x86_64,linux,0
1,commit-3-amd-9950x3d,run-1,3,base64-ng,encode,standard,padded,64,88,65536,7261097,550.880948,auto,avx512-vbmi,avx512-vbmi,x86_64,linux,0
1,commit-3-amd-9950x3d,run-1,4,base64-ng,encode,standard,padded,64,88,65536,7276647,549.703730,auto,avx512-vbmi,avx512-vbmi,x86_64,linux,0
1,commit-3-amd-9950x3d,run-1,0,base64-ng,decode,standard,padded,64,88,65536,34751702,115.102276,auto,avx512-vbmi,avx512-vbmi,x86_64,linux,0
1,commit-3-amd-9950x3d,run-1,1,base64-ng,decode,standard,padded,64,88,65536,34670800,115.370860,auto,avx512-vbmi,avx512-vbmi,x86_64,linux,0
1,commit-3-amd-9950x3d,run-1,2,base64-ng,decode,standard,padded,64,88,65536,34715955,115.220797,auto,avx512-vbmi,avx512-vbmi,x86_64,linux,0
1,commit-3-amd-9950x3d,run-1,3,base64-ng,decode,standard,padded,64,88,65536,34760549,115.072981,auto,avx512-vbmi,avx512-vbmi,x86_64,linux,0
1,commit-3-amd-9950x3d,run-1,4,base64-ng,decode,standard,padded,64,88,65536,34795475,114.957477,auto,avx512-vbmi,avx512-vbmi,x86_64,linux,0
1,commit-3-amd-9950x3d,run-1,0,base64-ng,encode,standard,padded,64,88,65536,4364645,916.454832,scalar,avx512-vbmi,avx512-vbmi,x86_64,linux,0
1,commit-3-amd-9950x3d,run-1,1,base64-ng,encode,standard,padded,64,88,65536,4364906,916.400032,scalar,avx512-vbmi,avx512-vbmi,x86_64,linux,0
1,commit-3-amd-9950x3d,run-1,2,base64-ng,encode,standard,padded,64,88,65536,4386056,911.981060,scalar,avx512-vbmi,avx512-vbmi,x86_64,linux,0
1,commit-3-amd-9950x3d,run-1,3,base64-ng,encode,standard,padded,64,88,65536,4376978,913.872539,scalar,avx512-vbmi,avx512-vbmi,x86_64,linux,0
1,commit-3-amd-9950x3d,run-1,4,base64-ng,encode,standard,padded,64,88,65536,4364766,916.429426,scalar,avx512-vbmi,avx512-vbmi,x86_64,linux,0
1,commit-3-amd-9950x3d,run-1,0,base64-ng,decode,standard,padded,64,88,65536,13730254,291.327458,scalar,avx512-vbmi,avx512-vbmi,x86_64,linux,0
1,commit-3-amd-9950x3d,run-1,1,base64-ng,decode,standard,padded,64,88,65536,13739993,291.120963,scalar,avx512-vbmi,avx512-vbmi,x86_64,linux,0
1,commit-3-amd-9950x3d,run-1,2,base64-ng,decode,standard,padded,64,88,65536,13729522,291.342991,scalar,avx512-vbmi,avx512-vbmi,x86_64,linux,0
1,commit-3-amd-9950x3d,run-1,3,base64-ng,decode,standard,padded,64,88,65536,13709505,291.768375,scalar,avx512-vbmi,avx512-vbmi,x86_64,linux,0
1,commit-3-amd-9950x3d,run-1,4,base64-ng,decode,standard,padded,64,88,65536,13449406,297.410904,scalar,avx512-vbmi,avx512-vbmi,x86_64,linux,0
1,commit-3-amd-9950x3d,run-1,0,base64-ng,encode,standard,padded,64,88,65536,13417174,298.125373,ssse3-sse4.1,avx512-vbmi,avx512-vbmi,x86_64,linux,0
1,commit-3-amd-9950x3d,run-1,1,base64-ng,encode,standard,padded,64,88,65536,13418648,298.092625,ssse3-sse4.1,avx512-vbmi,avx512-vbmi,x86_64,linux,0
1,commit-3-amd-9950x3d,run-1,2,base64-ng,encode,standard,padded,64,88,65536,13534396,295.543296,ssse3-sse4.1,avx512-vbmi,avx512-vbmi,x86_64,linux,0
1,commit-3-amd-9950x3d,run-1,3,base64-ng,encode,standard,padded,64,88,65536,13555515,295.082850,ssse3-sse4.1,avx512-vbmi,avx512-vbmi,x86_64,linux,0
1,commit-3-amd-9950x3d,run-1,4,base64-ng,encode,standard,padded,64,88,65536,13364275,299.305424,ssse3-sse4.1,avx512-vbmi,avx512-vbmi,x86_64,linux,0
1,commit-3-amd-9950x3d,run-1,0,base64-ng,decode,standard,padded,64,88,65536,50105252,79.831951,ssse3-sse4.1,avx512-vbmi,avx512-vbmi,x86_64,linux,0
1,commit-3-amd-9950x3d,run-1,1,base64-ng,decode,standard,padded,64,88,65536,50379900,79.396744,ssse3-sse4.1,avx512-vbmi,avx512-vbmi,x86_64,linux,0
1,commit-3-amd-9950x3d,run-1,2,base64-ng,decode,standard,padded,64,88,65536,50418602,79.335798,ssse3-sse4.1,avx512-vbmi,avx512-vbmi,x86_64,linux,0
1,commit-3-amd-9950x3d,run-1,3,base64-ng,decode,standard,padded,64,88,65536,50361845,79.425208,ssse3-sse4.1,avx512-vbmi,avx512-vbmi,x86_64,linux,0
1,commit-3-amd-9950x3d,run-1,4,base64-ng,decode,standard,padded,64,88,65536,50483815,79.233315,ssse3-sse4.1,avx512-vbmi,avx512-vbmi,x86_64,linux,0
1,commit-3-amd-9950x3d,run-1,0,base64-ng,encode,standard,padded,64,88,65536,8747194,457.289503,avx2,avx512-vbmi,avx512-vbmi,x86_64,linux,0
1,commit-3-amd-9950x3d,run-1,1,base64-ng,encode,standard,padded,64,88,65536,8730012,458.189519,avx2,avx512-vbmi,avx512-vbmi,x86_64,linux,0
1,commit-3-amd-9950x3d,run-1,2,base64-ng,encode,standard,padded,64,88,65536,8748086,457.242876,avx2,avx512-vbmi,avx512-vbmi,x86_64,linux,0
1,commit-3-amd-9950x3d,run-1,3,base64-ng,encode,standard,padded,64,88,65536,8768445,456.181227,avx2,avx512-vbmi,avx512-vbmi,x86_64,linux,0
1,commit-3-amd-9950x3d,run-1,4,base64-ng,encode,standard,padded,64,88,65536,8749268,457.181104,avx2,avx512-vbmi,avx512-vbmi,x86_64,linux,0
1,commit-3-amd-9950x3d,run-1,0,base64-ng,decode,standard,padded,64,88,65536,41018097,97.517932,avx2,avx512-vbmi,avx512-vbmi,x86_64,linux,0
1,commit-3-amd-9950x3d,run-1,1,base64-ng,decode,standard,padded,64,88,65536,40684500,98.317541,avx2,avx512-vbmi,avx512-vbmi,x86_64,linux,0
1,commit-3-amd-9950x3d,run-1,2,base64-ng,decode,standard,padded,64,88,65536,40628614,98.452780,avx2,avx512-vbmi,avx512-vbmi,x86_64,linux,0
1,commit-3-amd-9950x3d,run-1,3,base64-ng,decode,standard,padded,64,88,65536,40793886,98.053909,avx2,avx512-vbmi,avx512-vbmi,x86_64,linux,0
1,commit-3-amd-9950x3d,run-1,4,base64-ng,decode,standard,padded,64,88,65536,40674721,98.341179,avx2,avx512-vbmi,avx512-vbmi,x86_64,linux,0
1,commit-3-amd-9950x3d,run-1,0,base64-ng,encode,standard,padded,64,88,65536,6638656,602.531597,avx512-vbmi,avx512-vbmi,avx512-vbmi,x86_64,linux,0
1,commit-3-amd-9950x3d,run-1,1,base64-ng,encode,standard,padded,64,88,65536,6634598,602.900130,avx512-vbmi,avx512-vbmi,avx512-vbmi,x86_64,linux,0
1,commit-3-amd-9950x3d,run-1,2,base64-ng,encode,standard,padded,64,88,65536,6619249,604.298161,avx512-vbmi,avx512-vbmi,avx512-vbmi,x86_64,linux,0
1,commit-3-amd-9950x3d,run-1,3,base64-ng,encode,standard,padded,64,88,65536,6639968,602.412542,avx512-vbmi,avx512-vbmi,avx512-vbmi,x86_64,linux,0
1,commit-3-amd-9950x3d,run-1,4,base64-ng,encode,standard,padded,64,88,65536,6638576,602.538858,avx512-vbmi,avx512-vbmi,avx512-vbmi,x86_64,linux,0
1,commit-3-amd-9950x3d,run-1,0,base64-ng,decode,standard,padded,64,88,65536,34680257,115.339399,avx512-vbmi,avx512-vbmi,avx512-vbmi,x86_64,linux,0
1,commit-3-amd-9950x3d,run-1,1,base64-ng,decode,standard,padded,64,88,65536,34642827,115.464018,avx512-vbmi,avx512-vbmi,avx512-vbmi,x86_64,linux,0
1,commit-3-amd-9950x3d,run-1,2,base64-ng,decode,standard,padded,64,88,65536,34633069,115.496550,avx512-vbmi,avx512-vbmi,avx512-vbmi,x86_64,linux,0
1,commit-3-amd-9950x3d,run-1,3,base64-ng,decode,standard,padded,64,88,65536,34743287,115.130154,avx512-vbmi,avx512-vbmi,avx512-vbmi,x86_64,linux,0
1,commit-3-amd-9950x3d,run-1,4,base64-ng,decode,standard,padded,64,88,65536,34793291,114.964692,avx512-vbmi,avx512-vbmi,avx512-vbmi,x86_64,linux,0
1,commit-3-amd-9950x3d,run-1,0,base64-0.23.0,encode,standard,padded,64,88,65536,1296020,3086.372124,external,avx512-vbmi,avx512-vbmi,x86_64,linux,0
1,commit-3-amd-9950x3d,run-1,1,base64-0.23.0,encode,standard,padded,64,88,65536,1311519,3049.898629,external,avx512-vbmi,avx512-vbmi,x86_64,linux,0
1,commit-3-amd-9950x3d,run-1,2,base64-0.23.0,encode,standard,padded,64,88,65536,1322950,3023.545863,external,avx512-vbmi,avx512-vbmi,x86_64,linux,0
1,commit-3-amd-9950x3d,run-1,3,base64-0.23.0,encode,standard,padded,64,88,65536,1334021,2998.453548,external,avx512-vbmi,avx512-vbmi,x86_64,linux,0
1,commit-3-amd-9950x3d,run-1,4,base64-0.23.0,encode,standard,padded,64,88,65536,1335564,2994.989383,external,avx512-vbmi,avx512-vbmi,x86_64,linux,0
1,commit-3-amd-9950x3d,run-1,0,base64-0.23.0,decode,standard,padded,64,88,65536,1815717,2202.986479,external,avx512-vbmi,avx512-vbmi,x86_64,linux,0
1,commit-3-amd-9950x3d,run-1,1,base64-0.23.0,decode,standard,padded,64,88,65536,1822801,2194.424954,external,avx512-vbmi,avx512-vbmi,x86_64,linux,0
1,commit-3-amd-9950x3d,run-1,2,base64-0.23.0,decode,standard,padded,64,88,65536,1820056,2197.734575,external,avx512-vbmi,avx512-vbmi,x86_64,linux,0
1,commit-3-amd-9950x3d,run-1,3,base64-0.23.0,decode,standard,padded,64,88,65536,1817200,2201.188642,external,avx512-vbmi,avx512-vbmi,x86_64,linux,0
1,commit-3-amd-9950x3d,run-1,4,base64-0.23.0,decode,standard,padded,64,88,65536,1816389,2202.171451,external,avx512-vbmi,avx512-vbmi,x86_64,linux,0
1,commit-3-amd-9950x3d,run-1,0,base64ct-1.8.3,encode,standard,padded,64,88,65536,1906338,2098.263792,external,avx512-vbmi,avx512-vbmi,x86_64,linux,0
1,commit-3-amd-9950x3d,run-1,1,base64ct-1.8.3,encode,standard,padded,64,88,65536,1874057,2134.406798,external,avx512-vbmi,avx512-vbmi,x86_64,linux,0
1,commit-3-amd-9950x3d,run-1,2,base64ct-1.8.3,encode,standard,padded,64,88,65536,1891630,2114.578432,external,avx512-vbmi,avx512-vbmi,x86_64,linux,0
1,commit-3-amd-9950x3d,run-1,3,base64ct-1.8.3,encode,standard,padded,64,88,65536,1902811,2102.153078,external,avx512-vbmi,avx512-vbmi,x86_64,linux,0
1,commit-3-amd-9950x3d,run-1,4,base64ct-1.8.3,encode,standard,padded,64,88,65536,1883234,2124.005833,external,avx512-vbmi,avx512-vbmi,x86_64,linux,0
1,commit-3-amd-9950x3d,run-1,0,base64ct-1.8.3,decode,standard,padded,64,88,65536,6020442,664.403045,external,avx512-vbmi,avx512-vbmi,x86_64,linux,0
1,commit-3-amd-9950x3d,run-1,1,base64ct-1.8.3,decode,standard,padded,64,88,65536,6028447,663.520804,external,avx512-vbmi,avx512-vbmi,x86_64,linux,0
1,commit-3-amd-9950x3d,run-1,2,base64ct-1.8.3,decode,standard,padded,64,88,65536,6020493,664.397417,external,avx512-vbmi,avx512-vbmi,x86_64,linux,0
1,commit-3-amd-9950x3d,run-1,3,base64ct-1.8.3,decode,standard,padded,64,88,65536,6020041,664.447302,external,avx512-vbmi,avx512-vbmi,x86_64,linux,0
1,commit-3-amd-9950x3d,run-1,4,base64ct-1.8.3,decode,standard,padded,64,88,65536,6020051,664.446198,external,avx512-vbmi,avx512-vbmi,x86_64,linux,0
1,commit-3-amd-9950x3d,run-1,0,base64-ng,encode,standard,padded,1024,1368,4096,3823056,1046.283392,auto,avx512-vbmi,avx512-vbmi,x86_64,linux,0
1,commit-3-amd-9950x3d,run-1,1,base64-ng,encode,standard,padded,1024,1368,4096,3761731,1063.340255,auto,avx512-vbmi,avx512-vbmi,x86_64,linux,0
1,commit-3-amd-9950x3d,run-1,2,base64-ng,encode,standard,padded,1024,1368,4096,3761109,1063.516107,auto,avx512-vbmi,avx512-vbmi,x86_64,linux,0
1,commit-3-amd-9950x3d,run-1,3,base64-ng,encode,standard,padded,1024,1368,4096,3750088,1066.641636,auto,avx512-vbmi,avx512-vbmi,x86_64,linux,0
1,commit-3-amd-9950x3d,run-1,4,base64-ng,encode,standard,padded,1024,1368,4096,3787519,1056.100313,auto,avx512-vbmi,avx512-vbmi,x86_64,linux,0
1,commit-3-amd-9950x3d,run-1,0,base64-ng,decode,standard,padded,1024,1368,4096,28201884,141.834496,auto,avx512-vbmi,avx512-vbmi,x86_64,linux,0
1,commit-3-amd-9950x3d,run-1,1,base64-ng,decode,standard,padded,1024,1368,4096,28217854,141.754224,auto,avx512-vbmi,avx512-vbmi,x86_64,linux,0
1,commit-3-amd-9950x3d,run-1,2,base64-ng,decode,standard,padded,1024,1368,4096,28224366,141.721518,auto,avx512-vbmi,avx512-vbmi,x86_64,linux,0
1,commit-3-amd-9950x3d,run-1,3,base64-ng,decode,standard,padded,1024,1368,4096,28195933,141.864431,auto,avx512-vbmi,avx512-vbmi,x86_64,linux,0
1,commit-3-amd-9950x3d,run-1,4,base64-ng,decode,standard,padded,1024,1368,4096,28182337,141.932871,auto,avx512-vbmi,avx512-vbmi,x86_64,linux,0
1,commit-3-amd-9950x3d,run-1,0,base64-ng,encode,standard,padded,1024,1368,4096,1953076,2048.051382,scalar,avx512-vbmi,avx512-vbmi,x86_64,linux,0
1,commit-3-amd-9950x3d,run-1,1,base64-ng,encode,standard,padded,1024,1368,4096,1967604,2032.929390,scalar,avx512-vbmi,avx512-vbmi,x86_64,linux,0
1,commit-3-amd-9950x3d,run-1,2,base64-ng,encode,standard,padded,1024,1368,4096,1975028,2025.287743,scalar,avx512-vbmi,avx512-vbmi,x86_64,linux,0
1,commit-3-amd-9950x3d,run-1,3,base64-ng,encode,standard,padded,1024,1368,4096,1978113,2022.129171,scalar,avx512-vbmi,avx512-vbmi,x86_64,linux,0
1,commit-3-amd-9950x3d,run-1,4,base64-ng,encode,standard,padded,1024,1368,4096,1977653,2022.599516,scalar,avx512-vbmi,avx512-vbmi,x86_64,linux,0
1,commit-3-amd-9950x3d,run-1,0,base64-ng,decode,standard,padded,1024,1368,4096,12912535,309.776508,scalar,avx512-vbmi,avx512-vbmi,x86_64,linux,0
1,commit-3-amd-9950x3d,run-1,1,base64-ng,decode,standard,padded,1024,1368,4096,12888570,310.352506,scalar,avx512-vbmi,avx512-vbmi,x86_64,linux,0
1,commit-3-amd-9950x3d,run-1,2,base64-ng,decode,standard,padded,1024,1368,4096,12906764,309.915018,scalar,avx512-vbmi,avx512-vbmi,x86_64,linux,0
1,commit-3-amd-9950x3d,run-1,3,base64-ng,decode,standard,padded,1024,1368,4096,12898308,310.118195,scalar,avx512-vbmi,avx512-vbmi,x86_64,linux,0
1,commit-3-amd-9950x3d,run-1,4,base64-ng,decode,standard,padded,1024,1368,4096,12890283,310.311263,scalar,avx512-vbmi,avx512-vbmi,x86_64,linux,0
1,commit-3-amd-9950x3d,run-1,0,base64-ng,encode,standard,padded,1024,1368,4096,12044150,332.111440,ssse3-sse4.1,avx512-vbmi,avx512-vbmi,x86_64,linux,0
1,commit-3-amd-9950x3d,run-1,1,base64-ng,encode,standard,padded,1024,1368,4096,12030044,332.500862,ssse3-sse4.1,avx512-vbmi,avx512-vbmi,x86_64,linux,0
1,commit-3-amd-9950x3d,run-1,2,base64-ng,encode,standard,padded,1024,1368,4096,11902354,336.067974,ssse3-sse4.1,avx512-vbmi,avx512-vbmi,x86_64,linux,0
1,commit-3-amd-9950x3d,run-1,3,base64-ng,encode,standard,padded,1024,1368,4096,12026818,332.590050,ssse3-sse4.1,avx512-vbmi,avx512-vbmi,x86_64,linux,0
1,commit-3-amd-9950x3d,run-1,4,base64-ng,encode,standard,padded,1024,1368,4096,11975732,334.008810,ssse3-sse4.1,avx512-vbmi,avx512-vbmi,x86_64,linux,0
1,commit-3-amd-9950x3d,run-1,0,base64-ng,decode,standard,padded,1024,1368,4096,50664004,78.951518,ssse3-sse4.1,avx512-vbmi,avx512-vbmi,x86_64,linux,0
1,commit-3-amd-9950x3d,run-1,1,base64-ng,decode,standard,padded,1024,1368,4096,50560348,79.113380,ssse3-sse4.1,avx512-vbmi,avx512-vbmi,x86_64,linux,0
1,commit-3-amd-9950x3d,run-1,2,base64-ng,decode,standard,padded,1024,1368,4096,50612537,79.031802,ssse3-sse4.1,avx512-vbmi,avx512-vbmi,x86_64,linux,0
1,commit-3-amd-9950x3d,run-1,3,base64-ng,decode,standard,padded,1024,1368,4096,50665356,78.949411,ssse3-sse4.1,avx512-vbmi,avx512-vbmi,x86_64,linux,0
1,commit-3-amd-9950x3d,run-1,4,base64-ng,decode,standard,padded,1024,1368,4096,50874059,78.625533,ssse3-sse4.1,avx512-vbmi,avx512-vbmi,x86_64,linux,0
1,commit-3-amd-9950x3d,run-1,0,base64-ng,encode,standard,padded,1024,1368,4096,6546723,610.992706,avx2,avx512-vbmi,avx512-vbmi,x86_64,linux,0
1,commit-3-amd-9950x3d,run-1,1,base64-ng,encode,standard,padded,1024,1368,4096,6596626,606.370590,avx2,avx512-vbmi,avx512-vbmi,x86_64,linux,0
1,commit-3-amd-9950x3d,run-1,2,base64-ng,encode,standard,padded,1024,1368,4096,6575407,608.327363,avx2,avx512-vbmi,avx512-vbmi,x86_64,linux,0
1,commit-3-amd-9950x3d,run-1,3,base64-ng,encode,standard,padded,1024,1368,4096,6567051,609.101406,avx2,avx512-vbmi,avx512-vbmi,x86_64,linux,0
1,commit-3-amd-9950x3d,run-1,4,base64-ng,encode,standard,padded,1024,1368,4096,6537094,611.892685,avx2,avx512-vbmi,avx512-vbmi,x86_64,linux,0
1,commit-3-amd-9950x3d,run-1,0,base64-ng,decode,standard,padded,1024,1368,4096,35757355,111.865097,avx2,avx512-vbmi,avx512-vbmi,x86_64,linux,0
1,commit-3-amd-9950x3d,run-1,1,base64-ng,decode,standard,padded,1024,1368,4096,35587726,112.398303,avx2,avx512-vbmi,avx512-vbmi,x86_64,linux,0
1,commit-3-amd-9950x3d,run-1,2,base64-ng,decode,standard,padded,1024,1368,4096,35640214,112.232772,avx2,avx512-vbmi,avx512-vbmi,x86_64,linux,0
1,commit-3-amd-9950x3d,run-1,3,base64-ng,decode,standard,padded,1024,1368,4096,35738530,111.924021,avx2,avx512-vbmi,avx512-vbmi,x86_64,linux,0
1,commit-3-amd-9950x3d,run-1,4,base64-ng,decode,standard,padded,1024,1368,4096,35748038,111.894253,avx2,avx512-vbmi,avx512-vbmi,x86_64,linux,0
1,commit-3-amd-9950x3d,run-1,0,base64-ng,encode,standard,padded,1024,1368,4096,3706887,1079.072548,avx512-vbmi,avx512-vbmi,avx512-vbmi,x86_64,linux,0
1,commit-3-amd-9950x3d,run-1,1,base64-ng,encode,standard,padded,1024,1368,4096,3734329,1071.142901,avx512-vbmi,avx512-vbmi,avx512-vbmi,x86_64,linux,0
1,commit-3-amd-9950x3d,run-1,2,base64-ng,encode,standard,padded,1024,1368,4096,3732726,1071.602898,avx512-vbmi,avx512-vbmi,avx512-vbmi,x86_64,linux,0
1,commit-3-amd-9950x3d,run-1,3,base64-ng,encode,standard,padded,1024,1368,4096,3708009,1078.746033,avx512-vbmi,avx512-vbmi,avx512-vbmi,x86_64,linux,0
1,commit-3-amd-9950x3d,run-1,4,base64-ng,encode,standard,padded,1024,1368,4096,3725774,1073.602425,avx512-vbmi,avx512-vbmi,avx512-vbmi,x86_64,linux,0
1,commit-3-amd-9950x3d,run-1,0,base64-ng,decode,standard,padded,1024,1368,4096,28106745,142.314594,avx512-vbmi,avx512-vbmi,avx512-vbmi,x86_64,linux,0
1,commit-3-amd-9950x3d,run-1,1,base64-ng,decode,standard,padded,1024,1368,4096,28140839,142.142173,avx512-vbmi,avx512-vbmi,avx512-vbmi,x86_64,linux,0
1,commit-3-amd-9950x3d,run-1,2,base64-ng,decode,standard,padded,1024,1368,4096,28180764,141.940793,avx512-vbmi,avx512-vbmi,avx512-vbmi,x86_64,linux,0
1,commit-3-amd-9950x3d,run-1,3,base64-ng,decode,standard,padded,1024,1368,4096,28191976,141.884343,avx512-vbmi,avx512-vbmi,avx512-vbmi,x86_64,linux,0
1,commit-3-amd-9950x3d,run-1,4,base64-ng,decode,standard,padded,1024,1368,4096,28363668,141.025484,avx512-vbmi,avx512-vbmi,avx512-vbmi,x86_64,linux,0
1,commit-3-amd-9950x3d,run-1,0,base64-0.23.0,encode,standard,padded,1024,1368,4096,841694,4752.320915,external,avx512-vbmi,avx512-vbmi,x86_64,linux,0
1,commit-3-amd-9950x3d,run-1,1,base64-0.23.0,encode,standard,padded,1024,1368,4096,840031,4761.729031,external,avx512-vbmi,avx512-vbmi,x86_64,linux,0
1,commit-3-amd-9950x3d,run-1,2,base64-0.23.0,encode,standard,padded,1024,1368,4096,850241,4704.548475,external,avx512-vbmi,avx512-vbmi,x86_64,linux,0
1,commit-3-amd-9950x3d,run-1,3,base64-0.23.0,encode,standard,padded,1024,1368,4096,858336,4660.179697,external,avx512-vbmi,avx512-vbmi,x86_64,linux,0
1,commit-3-amd-9950x3d,run-1,4,base64-0.23.0,encode,standard,padded,1024,1368,4096,853617,4685.942290,external,avx512-vbmi,avx512-vbmi,x86_64,linux,0
1,commit-3-amd-9950x3d,run-1,0,base64-0.23.0,decode,standard,padded,1024,1368,4096,1024739,3903.432972,external,avx512-vbmi,avx512-vbmi,x86_64,linux,0
1,commit-3-amd-9950x3d,run-1,1,base64-0.23.0,decode,standard,padded,1024,1368,4096,1017696,3930.446813,external,avx512-vbmi,avx512-vbmi,x86_64,linux,0
1,commit-3-amd-9950x3d,run-1,2,base64-0.23.0,decode,standard,padded,1024,1368,4096,1019278,3924.346449,external,avx512-vbmi,avx512-vbmi,x86_64,linux,0
1,commit-3-amd-9950x3d,run-1,3,base64-0.23.0,decode,standard,padded,1024,1368,4096,1017926,3929.558730,external,avx512-vbmi,avx512-vbmi,x86_64,linux,0
1,commit-3-amd-9950x3d,run-1,4,base64-0.23.0,decode,standard,padded,1024,1368,4096,1020300,3920.415564,external,avx512-vbmi,avx512-vbmi,x86_64,linux,0
1,commit-3-amd-9950x3d,run-1,0,base64ct-1.8.3,encode,standard,padded,1024,1368,4096,1377523,2903.762768,external,avx512-vbmi,avx512-vbmi,x86_64,linux,0
1,commit-3-amd-9950x3d,run-1,1,base64ct-1.8.3,encode,standard,padded,1024,1368,4096,1365160,2930.059480,external,avx512-vbmi,avx512-vbmi,x86_64,linux,0
1,commit-3-amd-9950x3d,run-1,2,base64ct-1.8.3,encode,standard,padded,1024,1368,4096,1365280,2929.801945,external,avx512-vbmi,avx512-vbmi,x86_64,linux,0
1,commit-3-amd-9950x3d,run-1,3,base64ct-1.8.3,encode,standard,padded,1024,1368,4096,1367974,2924.032182,external,avx512-vbmi,avx512-vbmi,x86_64,linux,0
1,commit-3-amd-9950x3d,run-1,4,base64ct-1.8.3,encode,standard,padded,1024,1368,4096,1371121,2917.320937,external,avx512-vbmi,avx512-vbmi,x86_64,linux,0
1,commit-3-amd-9950x3d,run-1,0,base64ct-1.8.3,decode,standard,padded,1024,1368,4096,4650574,860.108881,external,avx512-vbmi,avx512-vbmi,x86_64,linux,0
1,commit-3-amd-9950x3d,run-1,1,base64ct-1.8.3,decode,standard,padded,1024,1368,4096,4655002,859.290716,external,avx512-vbmi,avx512-vbmi,x86_64,linux,0
1,commit-3-amd-9950x3d,run-1,2,base64ct-1.8.3,decode,standard,padded,1024,1368,4096,4672955,855.989411,external,avx512-vbmi,avx512-vbmi,x86_64,linux,0
1,commit-3-amd-9950x3d,run-1,3,base64ct-1.8.3,decode,standard,padded,1024,1368,4096,4667155,857.053173,external,avx512-vbmi,avx512-vbmi,x86_64,linux,0
1,commit-3-amd-9950x3d,run-1,4,base64ct-1.8.3,decode,standard,padded,1024,1368,4096,4657496,858.830582,external,avx512-vbmi,avx512-vbmi,x86_64,linux,0
1,commit-3-amd-9950x3d,run-1,0,base64-ng,encode,standard,padded,65536,87384,64,3550573,1126.578724,auto,avx512-vbmi,avx512-vbmi,x86_64,linux,0
1,commit-3-amd-9950x3d,run-1,1,base64-ng,encode,standard,padded,65536,87384,64,3529162,1133.413541,auto,avx512-vbmi,avx512-vbmi,x86_64,linux,0
1,commit-3-amd-9950x3d,run-1,2,base64-ng,encode,standard,padded,65536,87384,64,3542007,1129.303245,auto,avx512-vbmi,avx512-vbmi,x86_64,linux,0
1,commit-3-amd-9950x3d,run-1,3,base64-ng,encode,standard,padded,65536,87384,64,3538501,1130.422176,auto,avx512-vbmi,avx512-vbmi,x86_64,linux,0
1,commit-3-amd-9950x3d,run-1,4,base64-ng,encode,standard,padded,65536,87384,64,3530546,1132.969235,auto,avx512-vbmi,avx512-vbmi,x86_64,linux,0
1,commit-3-amd-9950x3d,run-1,0,base64-ng,decode,standard,padded,65536,87384,64,27553383,145.172736,auto,avx512-vbmi,avx512-vbmi,x86_64,linux,0
1,commit-3-amd-9950x3d,run-1,1,base64-ng,decode,standard,padded,65536,87384,64,27569313,145.088853,auto,avx512-vbmi,avx512-vbmi,x86_64,linux,0
1,commit-3-amd-9950x3d,run-1,2,base64-ng,decode,standard,padded,65536,87384,64,27580625,145.029346,auto,avx512-vbmi,avx512-vbmi,x86_64,linux,0
1,commit-3-amd-9950x3d,run-1,3,base64-ng,decode,standard,padded,65536,87384,64,27626241,144.789876,auto,avx512-vbmi,avx512-vbmi,x86_64,linux,0
1,commit-3-amd-9950x3d,run-1,4,base64-ng,decode,standard,padded,65536,87384,64,27883664,143.453170,auto,avx512-vbmi,avx512-vbmi,x86_64,linux,0
1,commit-3-amd-9950x3d,run-1,0,base64-ng,encode,standard,padded,65536,87384,64,1815888,2202.779026,scalar,avx512-vbmi,avx512-vbmi,x86_64,linux,0
1,commit-3-amd-9950x3d,run-1,1,base64-ng,encode,standard,padded,65536,87384,64,1824895,2191.906932,scalar,avx512-vbmi,avx512-vbmi,x86_64,linux,0
1,commit-3-amd-9950x3d,run-1,2,base64-ng,encode,standard,padded,65536,87384,64,1826839,2189.574451,scalar,avx512-vbmi,avx512-vbmi,x86_64,linux,0
1,commit-3-amd-9950x3d,run-1,3,base64-ng,encode,standard,padded,65536,87384,64,1855753,2155.459266,scalar,avx512-vbmi,avx512-vbmi,x86_64,linux,0
1,commit-3-amd-9950x3d,run-1,4,base64-ng,encode,standard,padded,65536,87384,64,1849391,2162.874157,scalar,avx512-vbmi,avx512-vbmi,x86_64,linux,0
1,commit-3-amd-9950x3d,run-1,0,base64-ng,decode,standard,padded,65536,87384,64,13138911,304.439234,scalar,avx512-vbmi,avx512-vbmi,x86_64,linux,0
1,commit-3-amd-9950x3d,run-1,1,base64-ng,decode,standard,padded,65536,87384,64,13045585,306.617143,scalar,avx512-vbmi,avx512-vbmi,x86_64,linux,0
1,commit-3-amd-9950x3d,run-1,2,base64-ng,decode,standard,padded,65536,87384,64,12930549,309.344947,scalar,avx512-vbmi,avx512-vbmi,x86_64,linux,0
1,commit-3-amd-9950x3d,run-1,3,base64-ng,decode,standard,padded,65536,87384,64,12917354,309.660941,scalar,avx512-vbmi,avx512-vbmi,x86_64,linux,0
1,commit-3-amd-9950x3d,run-1,4,base64-ng,decode,standard,padded,65536,87384,64,12864464,310.934058,scalar,avx512-vbmi,avx512-vbmi,x86_64,linux,0
1,commit-3-amd-9950x3d,run-1,0,base64-ng,encode,standard,padded,65536,87384,64,11963038,334.363228,ssse3-sse4.1,avx512-vbmi,avx512-vbmi,x86_64,linux,0
1,commit-3-amd-9950x3d,run-1,1,base64-ng,encode,standard,padded,65536,87384,64,11924265,335.450445,ssse3-sse4.1,avx512-vbmi,avx512-vbmi,x86_64,linux,0
1,commit-3-amd-9950x3d,run-1,2,base64-ng,encode,standard,padded,65536,87384,64,11927271,335.365902,ssse3-sse4.1,avx512-vbmi,avx512-vbmi,x86_64,linux,0
1,commit-3-amd-9950x3d,run-1,3,base64-ng,encode,standard,padded,65536,87384,64,11794070,339.153490,ssse3-sse4.1,avx512-vbmi,avx512-vbmi,x86_64,linux,0
1,commit-3-amd-9950x3d,run-1,4,base64-ng,encode,standard,padded,65536,87384,64,11861346,337.229856,ssse3-sse4.1,avx512-vbmi,avx512-vbmi,x86_64,linux,0
1,commit-3-amd-9950x3d,run-1,0,base64-ng,decode,standard,padded,65536,87384,64,50596416,79.056983,ssse3-sse4.1,avx512-vbmi,avx512-vbmi,x86_64,linux,0
1,commit-3-amd-9950x3d,run-1,1,base64-ng,decode,standard,padded,65536,87384,64,50473555,79.249421,ssse3-sse4.1,avx512-vbmi,avx512-vbmi,x86_64,linux,0
1,commit-3-amd-9950x3d,run-1,2,base64-ng,decode,standard,padded,65536,87384,64,50522377,79.172839,ssse3-sse4.1,avx512-vbmi,avx512-vbmi,x86_64,linux,0
1,commit-3-amd-9950x3d,run-1,3,base64-ng,decode,standard,padded,65536,87384,64,50572902,79.093741,ssse3-sse4.1,avx512-vbmi,avx512-vbmi,x86_64,linux,0
1,commit-3-amd-9950x3d,run-1,4,base64-ng,decode,standard,padded,65536,87384,64,50561210,79.112031,ssse3-sse4.1,avx512-vbmi,avx512-vbmi,x86_64,linux,0
1,commit-3-amd-9950x3d,run-1,0,base64-ng,encode,standard,padded,65536,87384,64,6349632,629.957768,avx2,avx512-vbmi,avx512-vbmi,x86_64,linux,0
1,commit-3-amd-9950x3d,run-1,1,base64-ng,encode,standard,padded,65536,87384,64,6298155,635.106630,avx2,avx512-vbmi,avx512-vbmi,x86_64,linux,0
1,commit-3-amd-9950x3d,run-1,2,base64-ng,encode,standard,padded,65536,87384,64,6355834,629.343057,avx2,avx512-vbmi,avx512-vbmi,x86_64,linux,0
1,commit-3-amd-9950x3d,run-1,3,base64-ng,encode,standard,padded,65536,87384,64,6376672,627.286459,avx2,avx512-vbmi,avx512-vbmi,x86_64,linux,0
1,commit-3-amd-9950x3d,run-1,4,base64-ng,encode,standard,padded,65536,87384,64,6293887,635.537308,avx2,avx512-vbmi,avx512-vbmi,x86_64,linux,0
1,commit-3-amd-9950x3d,run-1,0,base64-ng,decode,standard,padded,65536,87384,64,35139623,113.831614,avx2,avx512-vbmi,avx512-vbmi,x86_64,linux,0
1,commit-3-amd-9950x3d,run-1,1,base64-ng,decode,standard,padded,65536,87384,64,35254769,113.459827,avx2,avx512-vbmi,avx512-vbmi,x86_64,linux,0
1,commit-3-amd-9950x3d,run-1,2,base64-ng,decode,standard,padded,65536,87384,64,35210276,113.603199,avx2,avx512-vbmi,avx512-vbmi,x86_64,linux,0
1,commit-3-amd-9950x3d,run-1,3,base64-ng,decode,standard,padded,65536,87384,64,35911175,111.385940,avx2,avx512-vbmi,avx512-vbmi,x86_64,linux,0
1,commit-3-amd-9950x3d,run-1,4,base64-ng,decode,standard,padded,65536,87384,64,35517825,112.619509,avx2,avx512-vbmi,avx512-vbmi,x86_64,linux,0
1,commit-3-amd-9950x3d,run-1,0,base64-ng,encode,standard,padded,65536,87384,64,3499698,1142.955764,avx512-vbmi,avx512-vbmi,avx512-vbmi,x86_64,linux,0
1,commit-3-amd-9950x3d,run-1,1,base64-ng,encode,standard,padded,65536,87384,64,3499858,1142.903512,avx512-vbmi,avx512-vbmi,avx512-vbmi,x86_64,linux,0
1,commit-3-amd-9950x3d,run-1,2,base64-ng,encode,standard,padded,65536,87384,64,3505138,1141.181888,avx512-vbmi,avx512-vbmi,avx512-vbmi,x86_64,linux,0
1,commit-3-amd-9950x3d,run-1,3,base64-ng,encode,standard,padded,65536,87384,64,3514335,1138.195420,avx512-vbmi,avx512-vbmi,avx512-vbmi,x86_64,linux,0
1,commit-3-amd-9950x3d,run-1,4,base64-ng,encode,standard,padded,65536,87384,64,3520908,1136.070582,avx512-vbmi,avx512-vbmi,avx512-vbmi,x86_64,linux,0
1,commit-3-amd-9950x3d,run-1,0,base64-ng,decode,standard,padded,65536,87384,64,26911174,148.637142,avx512-vbmi,avx512-vbmi,avx512-vbmi,x86_64,linux,0
1,commit-3-amd-9950x3d,run-1,1,base64-ng,decode,standard,padded,65536,87384,64,26916034,148.610304,avx512-vbmi,avx512-vbmi,avx512-vbmi,x86_64,linux,0
1,commit-3-amd-9950x3d,run-1,2,base64-ng,decode,standard,padded,65536,87384,64,26919240,148.592605,avx512-vbmi,avx512-vbmi,avx512-vbmi,x86_64,linux,0
1,commit-3-amd-9950x3d,run-1,3,base64-ng,decode,standard,padded,65536,87384,64,26968673,148.320238,avx512-vbmi,avx512-vbmi,avx512-vbmi,x86_64,linux,0
1,commit-3-amd-9950x3d,run-1,4,base64-ng,decode,standard,padded,65536,87384,64,26934288,148.509587,avx512-vbmi,avx512-vbmi,avx512-vbmi,x86_64,linux,0
1,commit-3-amd-9950x3d,run-1,0,base64-0.23.0,encode,standard,padded,65536,87384,64,788865,5070.576081,external,avx512-vbmi,avx512-vbmi,x86_64,linux,0
1,commit-3-amd-9950x3d,run-1,1,base64-0.23.0,encode,standard,padded,65536,87384,64,795417,5028.808788,external,avx512-vbmi,avx512-vbmi,x86_64,linux,0
1,commit-3-amd-9950x3d,run-1,2,base64-0.23.0,encode,standard,padded,65536,87384,64,801249,4992.205919,external,avx512-vbmi,avx512-vbmi,x86_64,linux,0
1,commit-3-amd-9950x3d,run-1,3,base64-0.23.0,encode,standard,padded,65536,87384,64,805606,4965.206317,external,avx512-vbmi,avx512-vbmi,x86_64,linux,0
1,commit-3-amd-9950x3d,run-1,4,base64-0.23.0,encode,standard,padded,65536,87384,64,806067,4962.366652,external,avx512-vbmi,avx512-vbmi,x86_64,linux,0
1,commit-3-amd-9950x3d,run-1,0,base64-0.23.0,decode,standard,padded,65536,87384,64,946892,4224.346599,external,avx512-vbmi,avx512-vbmi,x86_64,linux,0
1,commit-3-amd-9950x3d,run-1,1,base64-0.23.0,decode,standard,padded,65536,87384,64,946912,4224.257376,external,avx512-vbmi,avx512-vbmi,x86_64,linux,0
1,commit-3-amd-9950x3d,run-1,2,base64-0.23.0,decode,standard,padded,65536,87384,64,954537,4190.513306,external,avx512-vbmi,avx512-vbmi,x86_64,linux,0
1,commit-3-amd-9950x3d,run-1,3,base64-0.23.0,decode,standard,padded,65536,87384,64,955609,4185.812398,external,avx512-vbmi,avx512-vbmi,x86_64,linux,0
1,commit-3-amd-9950x3d,run-1,4,base64-0.23.0,decode,standard,padded,65536,87384,64,956270,4182.919050,external,avx512-vbmi,avx512-vbmi,x86_64,linux,0
1,commit-3-amd-9950x3d,run-1,0,base64ct-1.8.3,encode,standard,padded,65536,87384,64,1340803,2983.286881,external,avx512-vbmi,avx512-vbmi,x86_64,linux,0
1,commit-3-amd-9950x3d,run-1,1,base64ct-1.8.3,encode,standard,padded,65536,87384,64,1329642,3008.328558,external,avx512-vbmi,avx512-vbmi,x86_64,linux,0
1,commit-3-amd-9950x3d,run-1,2,base64ct-1.8.3,encode,standard,padded,65536,87384,64,1334952,2996.362416,external,avx512-vbmi,avx512-vbmi,x86_64,linux,0
1,commit-3-amd-9950x3d,run-1,3,base64ct-1.8.3,encode,standard,padded,65536,87384,64,1336446,2993.012812,external,avx512-vbmi,avx512-vbmi,x86_64,linux,0
1,commit-3-amd-9950x3d,run-1,4,base64ct-1.8.3,encode,standard,padded,65536,87384,64,1334251,2997.936670,external,avx512-vbmi,avx512-vbmi,x86_64,linux,0
1,commit-3-amd-9950x3d,run-1,0,base64ct-1.8.3,decode,standard,padded,65536,87384,64,4544474,880.189875,external,avx512-vbmi,avx512-vbmi,x86_64,linux,0
1,commit-3-amd-9950x3d,run-1,1,base64ct-1.8.3,decode,standard,padded,65536,87384,64,4551888,878.756244,external,avx512-vbmi,avx512-vbmi,x86_64,linux,0
1,commit-3-amd-9950x3d,run-1,2,base64ct-1.8.3,decode,standard,padded,65536,87384,64,4564502,876.327801,external,avx512-vbmi,avx512-vbmi,x86_64,linux,0
1,commit-3-amd-9950x3d,run-1,3,base64ct-1.8.3,decode,standard,padded,65536,87384,64,4557419,877.689763,external,avx512-vbmi,avx512-vbmi,x86_64,linux,0
1,commit-3-amd-9950x3d,run-1,4,base64ct-1.8.3,decode,standard,padded,65536,87384,64,4556447,877.876995,external,avx512-vbmi,avx512-vbmi,x86_64,linux,0
1,commit-3-amd-9950x3d,run-1,0,base64-ng,encode,standard,unpadded,1,2,4194304,35258196,113.448799,auto,avx512-vbmi,avx512-vbmi,x86_64,linux,0
1,commit-3-amd-9950x3d,run-1,1,base64-ng,encode,standard,unpadded,1,2,4194304,35281439,113.374061,auto,avx512-vbmi,avx512-vbmi,x86_64,linux,0
1,commit-3-amd-9950x3d,run-1,2,base64-ng,encode,standard,unpadded,1,2,4194304,35259668,113.444063,auto,avx512-vbmi,avx512-vbmi,x86_64,linux,0
1,commit-3-amd-9950x3d,run-1,3,base64-ng,encode,standard,unpadded,1,2,4194304,35260340,113.441901,auto,avx512-vbmi,avx512-vbmi,x86_64,linux,0
1,commit-3-amd-9950x3d,run-1,4,base64-ng,encode,standard,unpadded,1,2,4194304,35298472,113.319353,auto,avx512-vbmi,avx512-vbmi,x86_64,linux,0
1,commit-3-amd-9950x3d,run-1,0,base64-ng,decode,standard,unpadded,1,2,4194304,57542340,69.514031,auto,avx512-vbmi,avx512-vbmi,x86_64,linux,0
1,commit-3-amd-9950x3d,run-1,1,base64-ng,decode,standard,unpadded,1,2,4194304,57176111,69.959288,auto,avx512-vbmi,avx512-vbmi,x86_64,linux,0
1,commit-3-amd-9950x3d,run-1,2,base64-ng,decode,standard,unpadded,1,2,4194304,57075161,70.083026,auto,avx512-vbmi,avx512-vbmi,x86_64,linux,0
1,commit-3-amd-9950x3d,run-1,3,base64-ng,decode,standard,unpadded,1,2,4194304,57302870,69.804532,auto,avx512-vbmi,avx512-vbmi,x86_64,linux,0
1,commit-3-amd-9950x3d,run-1,4,base64-ng,decode,standard,unpadded,1,2,4194304,58066407,68.886646,auto,avx512-vbmi,avx512-vbmi,x86_64,linux,0
1,commit-3-amd-9950x3d,run-1,0,base64-ng,encode,standard,unpadded,1,2,4194304,26328187,151.928426,scalar,avx512-vbmi,avx512-vbmi,x86_64,linux,0
1,commit-3-amd-9950x3d,run-1,1,base64-ng,encode,standard,unpadded,1,2,4194304,26308250,152.043560,scalar,avx512-vbmi,avx512-vbmi,x86_64,linux,0
1,commit-3-amd-9950x3d,run-1,2,base64-ng,encode,standard,unpadded,1,2,4194304,26301787,152.080921,scalar,avx512-vbmi,avx512-vbmi,x86_64,linux,0
1,commit-3-amd-9950x3d,run-1,3,base64-ng,encode,standard,unpadded,1,2,4194304,26282602,152.191933,scalar,avx512-vbmi,avx512-vbmi,x86_64,linux,0
1,commit-3-amd-9950x3d,run-1,4,base64-ng,encode,standard,unpadded,1,2,4194304,26289845,152.150003,scalar,avx512-vbmi,avx512-vbmi,x86_64,linux,0
1,commit-3-amd-9950x3d,run-1,0,base64-ng,decode,standard,unpadded,1,2,4194304,34605617,115.588172,scalar,avx512-vbmi,avx512-vbmi,x86_64,linux,0
1,commit-3-amd-9950x3d,run-1,1,base64-ng,decode,standard,unpadded,1,2,4194304,34646154,115.452930,scalar,avx512-vbmi,avx512-vbmi,x86_64,linux,0
1,commit-3-amd-9950x3d,run-1,2,base64-ng,decode,standard,unpadded,1,2,4194304,34896094,114.626009,scalar,avx512-vbmi,avx512-vbmi,x86_64,linux,0
1,commit-3-amd-9950x3d,run-1,3,base64-ng,decode,standard,unpadded,1,2,4194304,34628690,115.511156,scalar,avx512-vbmi,avx512-vbmi,x86_64,linux,0
1,commit-3-amd-9950x3d,run-1,4,base64-ng,decode,standard,unpadded,1,2,4194304,34758585,115.079483,scalar,avx512-vbmi,avx512-vbmi,x86_64,linux,0
1,commit-3-amd-9950x3d,run-1,0,base64-ng,encode,standard,unpadded,1,2,4194304,32962344,121.350593,ssse3-sse4.1,avx512-vbmi,avx512-vbmi,x86_64,linux,0
1,commit-3-amd-9950x3d,run-1,1,base64-ng,encode,standard,unpadded,1,2,4194304,33047815,121.036746,ssse3-sse4.1,avx512-vbmi,avx512-vbmi,x86_64,linux,0
1,commit-3-amd-9950x3d,run-1,2,base64-ng,encode,standard,unpadded,1,2,4194304,32924453,121.490249,ssse3-sse4.1,avx512-vbmi,avx512-vbmi,x86_64,linux,0
1,commit-3-amd-9950x3d,run-1,3,base64-ng,encode,standard,unpadded,1,2,4194304,32954950,121.377820,ssse3-sse4.1,avx512-vbmi,avx512-vbmi,x86_64,linux,0
1,commit-3-amd-9950x3d,run-1,4,base64-ng,encode,standard,unpadded,1,2,4194304,32812843,121.903488,ssse3-sse4.1,avx512-vbmi,avx512-vbmi,x86_64,linux,0
1,commit-3-amd-9950x3d,run-1,0,base64-ng,decode,standard,unpadded,1,2,4194304,41990638,95.259329,ssse3-sse4.1,avx512-vbmi,avx512-vbmi,x86_64,linux,0
1,commit-3-amd-9950x3d,run-1,1,base64-ng,decode,standard,unpadded,1,2,4194304,41956524,95.336782,ssse3-sse4.1,avx512-vbmi,avx512-vbmi,x86_64,linux,0
1,commit-3-amd-9950x3d,run-1,2,base64-ng,decode,standard,unpadded,1,2,4194304,41959379,95.330296,ssse3-sse4.1,avx512-vbmi,avx512-vbmi,x86_64,linux,0
1,commit-3-amd-9950x3d,run-1,3,base64-ng,decode,standard,unpadded,1,2,4194304,41886022,95.497252,ssse3-sse4.1,avx512-vbmi,avx512-vbmi,x86_64,linux,0
1,commit-3-amd-9950x3d,run-1,4,base64-ng,decode,standard,unpadded,1,2,4194304,41845144,95.590542,ssse3-sse4.1,avx512-vbmi,avx512-vbmi,x86_64,linux,0
1,commit-3-amd-9950x3d,run-1,0,base64-ng,encode,standard,unpadded,1,2,4194304,31977110,125.089478,avx2,avx512-vbmi,avx512-vbmi,x86_64,linux,0
1,commit-3-amd-9950x3d,run-1,1,base64-ng,encode,standard,unpadded,1,2,4194304,32112485,124.562145,avx2,avx512-vbmi,avx512-vbmi,x86_64,linux,0
1,commit-3-amd-9950x3d,run-1,2,base64-ng,encode,standard,unpadded,1,2,4194304,32032764,124.872147,avx2,avx512-vbmi,avx512-vbmi,x86_64,linux,0
1,commit-3-amd-9950x3d,run-1,3,base64-ng,encode,standard,unpadded,1,2,4194304,32023727,124.907385,avx2,avx512-vbmi,avx512-vbmi,x86_64,linux,0
1,commit-3-amd-9950x3d,run-1,4,base64-ng,encode,standard,unpadded,1,2,4194304,32033917,124.867652,avx2,avx512-vbmi,avx512-vbmi,x86_64,linux,0
1,commit-3-amd-9950x3d,run-1,0,base64-ng,decode,standard,unpadded,1,2,4194304,44466528,89.955303,avx2,avx512-vbmi,avx512-vbmi,x86_64,linux,0
1,commit-3-amd-9950x3d,run-1,1,base64-ng,decode,standard,unpadded,1,2,4194304,44424960,90.039473,avx2,avx512-vbmi,avx512-vbmi,x86_64,linux,0
1,commit-3-amd-9950x3d,run-1,2,base64-ng,decode,standard,unpadded,1,2,4194304,44469624,89.949040,avx2,avx512-vbmi,avx512-vbmi,x86_64,linux,0
1,commit-3-amd-9950x3d,run-1,3,base64-ng,decode,standard,unpadded,1,2,4194304,44412868,90.063988,avx2,avx512-vbmi,avx512-vbmi,x86_64,linux,0
1,commit-3-amd-9950x3d,run-1,4,base64-ng,decode,standard,unpadded,1,2,4194304,44478281,89.931533,avx2,avx512-vbmi,avx512-vbmi,x86_64,linux,0
1,commit-3-amd-9950x3d,run-1,0,base64-ng,encode,standard,unpadded,1,2,4194304,34222537,116.882042,avx512-vbmi,avx512-vbmi,avx512-vbmi,x86_64,linux,0
1,commit-3-amd-9950x3d,run-1,1,base64-ng,encode,standard,unpadded,1,2,4194304,34464683,116.060838,avx512-vbmi,avx512-vbmi,avx512-vbmi,x86_64,linux,0
1,commit-3-amd-9950x3d,run-1,2,base64-ng,encode,standard,unpadded,1,2,4194304,34003875,117.633652,avx512-vbmi,avx512-vbmi,avx512-vbmi,x86_64,linux,0
1,commit-3-amd-9950x3d,run-1,3,base64-ng,encode,standard,unpadded,1,2,4194304,34026287,117.556171,avx512-vbmi,avx512-vbmi,avx512-vbmi,x86_64,linux,0
1,commit-3-amd-9950x3d,run-1,4,base64-ng,encode,standard,unpadded,1,2,4194304,34463791,116.063842,avx512-vbmi,avx512-vbmi,avx512-vbmi,x86_64,linux,0
1,commit-3-amd-9950x3d,run-1,0,base64-ng,decode,standard,unpadded,1,2,4194304,50044988,79.928084,avx512-vbmi,avx512-vbmi,avx512-vbmi,x86_64,linux,0
1,commit-3-amd-9950x3d,run-1,1,base64-ng,decode,standard,unpadded,1,2,4194304,50233713,79.627799,avx512-vbmi,avx512-vbmi,avx512-vbmi,x86_64,linux,0
1,commit-3-amd-9950x3d,run-1,2,base64-ng,decode,standard,unpadded,1,2,4194304,49762848,80.381251,avx512-vbmi,avx512-vbmi,avx512-vbmi,x86_64,linux,0
1,commit-3-amd-9950x3d,run-1,3,base64-ng,decode,standard,unpadded,1,2,4194304,49549926,80.726659,avx512-vbmi,avx512-vbmi,avx512-vbmi,x86_64,linux,0
1,commit-3-amd-9950x3d,run-1,4,base64-ng,decode,standard,unpadded,1,2,4194304,49877223,80.196927,avx512-vbmi,avx512-vbmi,avx512-vbmi,x86_64,linux,0
1,commit-3-amd-9950x3d,run-1,0,base64-0.23.0,encode,standard,unpadded,1,2,4194304,27220577,146.947657,external,avx512-vbmi,avx512-vbmi,x86_64,linux,0
1,commit-3-amd-9950x3d,run-1,1,base64-0.23.0,encode,standard,unpadded,1,2,4194304,27248740,146.795778,external,avx512-vbmi,avx512-vbmi,x86_64,linux,0
1,commit-3-amd-9950x3d,run-1,2,base64-0.23.0,encode,standard,unpadded,1,2,4194304,27218112,146.960965,external,avx512-vbmi,avx512-vbmi,x86_64,linux,0
1,commit-3-amd-9950x3d,run-1,3,base64-0.23.0,encode,standard,unpadded,1,2,4194304,27105150,147.573432,external,avx512-vbmi,avx512-vbmi,x86_64,linux,0
1,commit-3-amd-9950x3d,run-1,4,base64-0.23.0,encode,standard,unpadded,1,2,4194304,27259009,146.740478,external,avx512-vbmi,avx512-vbmi,x86_64,linux,0
1,commit-3-amd-9950x3d,run-1,0,base64-0.23.0,decode,standard,unpadded,1,2,4194304,50920767,78.553412,external,avx512-vbmi,avx512-vbmi,x86_64,linux,0
1,commit-3-amd-9950x3d,run-1,1,base64-0.23.0,decode,standard,unpadded,1,2,4194304,50782788,78.766845,external,avx512-vbmi,avx512-vbmi,x86_64,linux,0
1,commit-3-amd-9950x3d,run-1,2,base64-0.23.0,decode,standard,unpadded,1,2,4194304,50799850,78.740390,external,avx512-vbmi,avx512-vbmi,x86_64,linux,0
1,commit-3-amd-9950x3d,run-1,3,base64-0.23.0,decode,standard,unpadded,1,2,4194304,50747280,78.821959,external,avx512-vbmi,avx512-vbmi,x86_64,linux,0
1,commit-3-amd-9950x3d,run-1,4,base64-0.23.0,decode,standard,unpadded,1,2,4194304,50709540,78.880621,external,avx512-vbmi,avx512-vbmi,x86_64,linux,0
1,commit-3-amd-9950x3d,run-1,0,base64ct-1.8.3,encode,standard,unpadded,1,2,4194304,24388737,164.010133,external,avx512-vbmi,avx512-vbmi,x86_64,linux,0
1,commit-3-amd-9950x3d,run-1,1,base64ct-1.8.3,encode,standard,unpadded,1,2,4194304,24464229,163.504029,external,avx512-vbmi,avx512-vbmi,x86_64,linux,0
1,commit-3-amd-9950x3d,run-1,2,base64ct-1.8.3,encode,standard,unpadded,1,2,4194304,24448609,163.608490,external,avx512-vbmi,avx512-vbmi,x86_64,linux,0
1,commit-3-amd-9950x3d,run-1,3,base64ct-1.8.3,encode,standard,unpadded,1,2,4194304,24484337,163.369749,external,avx512-vbmi,avx512-vbmi,x86_64,linux,0
1,commit-3-amd-9950x3d,run-1,4,base64ct-1.8.3,encode,standard,unpadded,1,2,4194304,24494706,163.300592,external,avx512-vbmi,avx512-vbmi,x86_64,linux,0
1,commit-3-amd-9950x3d,run-1,0,base64ct-1.8.3,decode,standard,unpadded,1,2,4194304,100831593,39.670106,external,avx512-vbmi,avx512-vbmi,x86_64,linux,0
1,commit-3-amd-9950x3d,run-1,1,base64ct-1.8.3,decode,standard,unpadded,1,2,4194304,98636772,40.552827,external,avx512-vbmi,avx512-vbmi,x86_64,linux,0
1,commit-3-amd-9950x3d,run-1,2,base64ct-1.8.3,decode,standard,unpadded,1,2,4194304,98453787,40.628198,external,avx512-vbmi,avx512-vbmi,x86_64,linux,0
1,commit-3-amd-9950x3d,run-1,3,base64ct-1.8.3,decode,standard,unpadded,1,2,4194304,99955444,40.017830,external,avx512-vbmi,avx512-vbmi,x86_64,linux,0
1,commit-3-amd-9950x3d,run-1,4,base64ct-1.8.3,decode,standard,unpadded,1,2,4194304,98850875,40.464993,external,avx512-vbmi,avx512-vbmi,x86_64,linux,0
1,commit-3-amd-9950x3d,run-1,0,base64-ng,encode,standard,unpadded,2,3,2097152,20976623,190.688463,auto,avx512-vbmi,avx512-vbmi,x86_64,linux,0
1,commit-3-amd-9950x3d,run-1,1,base64-ng,encode,standard,unpadded,2,3,2097152,20990961,190.558212,auto,avx512-vbmi,avx512-vbmi,x86_64,linux,0
1,commit-3-amd-9950x3d,run-1,2,base64-ng,encode,standard,unpadded,2,3,2097152,20950715,190.924272,auto,avx512-vbmi,avx512-vbmi,x86_64,linux,0
1,commit-3-amd-9950x3d,run-1,3,base64-ng,encode,standard,unpadded,2,3,2097152,20972246,190.728261,auto,avx512-vbmi,avx512-vbmi,x86_64,linux,0
1,commit-3-amd-9950x3d,run-1,4,base64-ng,encode,standard,unpadded,2,3,2097152,20976734,190.687454,auto,avx512-vbmi,avx512-vbmi,x86_64,linux,0
1,commit-3-amd-9950x3d,run-1,0,base64-ng,decode,standard,unpadded,2,3,2097152,30539804,130.976610,auto,avx512-vbmi,avx512-vbmi,x86_64,linux,0
1,commit-3-amd-9950x3d,run-1,1,base64-ng,decode,standard,unpadded,2,3,2097152,30615157,130.654238,auto,avx512-vbmi,avx512-vbmi,x86_64,linux,0
1,commit-3-amd-9950x3d,run-1,2,base64-ng,decode,standard,unpadded,2,3,2097152,30563900,130.873351,auto,avx512-vbmi,avx512-vbmi,x86_64,linux,0
1,commit-3-amd-9950x3d,run-1,3,base64-ng,decode,standard,unpadded,2,3,2097152,30610137,130.675665,auto,avx512-vbmi,avx512-vbmi,x86_64,linux,0
1,commit-3-amd-9950x3d,run-1,4,base64-ng,decode,standard,unpadded,2,3,2097152,30713051,130.237794,auto,avx512-vbmi,avx512-vbmi,x86_64,linux,0
1,commit-3-amd-9950x3d,run-1,0,base64-ng,encode,standard,unpadded,2,3,2097152,18284236,218.767686,scalar,avx512-vbmi,avx512-vbmi,x86_64,linux,0
1,commit-3-amd-9950x3d,run-1,1,base64-ng,encode,standard,unpadded,2,3,2097152,18250312,219.174335,scalar,avx512-vbmi,avx512-vbmi,x86_64,linux,0
1,commit-3-amd-9950x3d,run-1,2,base64-ng,encode,standard,unpadded,2,3,2097152,18236957,219.334837,scalar,avx512-vbmi,avx512-vbmi,x86_64,linux,0
1,commit-3-amd-9950x3d,run-1,3,base64-ng,encode,standard,unpadded,2,3,2097152,18247617,219.206705,scalar,avx512-vbmi,avx512-vbmi,x86_64,linux,0
1,commit-3-amd-9950x3d,run-1,4,base64-ng,encode,standard,unpadded,2,3,2097152,18252897,219.143295,scalar,avx512-vbmi,avx512-vbmi,x86_64,linux,0
1,commit-3-amd-9950x3d,run-1,0,base64-ng,decode,standard,unpadded,2,3,2097152,21621127,185.004232,scalar,avx512-vbmi,avx512-vbmi,x86_64,linux,0
1,commit-3-amd-9950x3d,run-1,1,base64-ng,decode,standard,unpadded,2,3,2097152,21677613,184.522161,scalar,avx512-vbmi,avx512-vbmi,x86_64,linux,0
1,commit-3-amd-9950x3d,run-1,2,base64-ng,decode,standard,unpadded,2,3,2097152,21668787,184.597320,scalar,avx512-vbmi,avx512-vbmi,x86_64,linux,0
1,commit-3-amd-9950x3d,run-1,3,base64-ng,decode,standard,unpadded,2,3,2097152,21633801,184.895849,scalar,avx512-vbmi,avx512-vbmi,x86_64,linux,0
1,commit-3-amd-9950x3d,run-1,4,base64-ng,decode,standard,unpadded,2,3,2097152,21776930,183.680620,scalar,avx512-vbmi,avx512-vbmi,x86_64,linux,0
1,commit-3-amd-9950x3d,run-1,0,base64-ng,encode,standard,unpadded,2,3,2097152,21528973,185.796136,ssse3-sse4.1,avx512-vbmi,avx512-vbmi,x86_64,linux,0
1,commit-3-amd-9950x3d,run-1,1,base64-ng,encode,standard,unpadded,2,3,2097152,21533913,185.753514,ssse3-sse4.1,avx512-vbmi,avx512-vbmi,x86_64,linux,0
1,commit-3-amd-9950x3d,run-1,2,base64-ng,encode,standard,unpadded,2,3,2097152,21520017,185.873459,ssse3-sse4.1,avx512-vbmi,avx512-vbmi,x86_64,linux,0
1,commit-3-amd-9950x3d,run-1,3,base64-ng,encode,standard,unpadded,2,3,2097152,21489740,186.135337,ssse3-sse4.1,avx512-vbmi,avx512-vbmi,x86_64,linux,0
1,commit-3-amd-9950x3d,run-1,4,base64-ng,encode,standard,unpadded,2,3,2097152,21499097,186.054326,ssse3-sse4.1,avx512-vbmi,avx512-vbmi,x86_64,linux,0
1,commit-3-amd-9950x3d,run-1,0,base64-ng,decode,standard,unpadded,2,3,2097152,25279513,158.230896,ssse3-sse4.1,avx512-vbmi,avx512-vbmi,x86_64,linux,0
1,commit-3-amd-9950x3d,run-1,1,base64-ng,decode,standard,unpadded,2,3,2097152,25246621,158.437044,ssse3-sse4.1,avx512-vbmi,avx512-vbmi,x86_64,linux,0
1,commit-3-amd-9950x3d,run-1,2,base64-ng,decode,standard,unpadded,2,3,2097152,25232074,158.528387,ssse3-sse4.1,avx512-vbmi,avx512-vbmi,x86_64,linux,0
1,commit-3-amd-9950x3d,run-1,3,base64-ng,decode,standard,unpadded,2,3,2097152,25262220,158.339212,ssse3-sse4.1,avx512-vbmi,avx512-vbmi,x86_64,linux,0
1,commit-3-amd-9950x3d,run-1,4,base64-ng,decode,standard,unpadded,2,3,2097152,25265016,158.321689,ssse3-sse4.1,avx512-vbmi,avx512-vbmi,x86_64,linux,0
1,commit-3-amd-9950x3d,run-1,0,base64-ng,encode,standard,unpadded,2,3,2097152,21344717,187.400002,avx2,avx512-vbmi,avx512-vbmi,x86_64,linux,0
1,commit-3-amd-9950x3d,run-1,1,base64-ng,encode,standard,unpadded,2,3,2097152,21421261,186.730370,avx2,avx512-vbmi,avx512-vbmi,x86_64,linux,0
1,commit-3-amd-9950x3d,run-1,2,base64-ng,encode,standard,unpadded,2,3,2097152,21480182,186.218161,avx2,avx512-vbmi,avx512-vbmi,x86_64,linux,0
1,commit-3-amd-9950x3d,run-1,3,base64-ng,encode,standard,unpadded,2,3,2097152,21447029,186.506019,avx2,avx512-vbmi,avx512-vbmi,x86_64,linux,0
1,commit-3-amd-9950x3d,run-1,4,base64-ng,encode,standard,unpadded,2,3,2097152,21413977,186.793887,avx2,avx512-vbmi,avx512-vbmi,x86_64,linux,0
1,commit-3-amd-9950x3d,run-1,0,base64-ng,decode,standard,unpadded,2,3,2097152,26826716,149.105094,avx2,avx512-vbmi,avx512-vbmi,x86_64,linux,0
1,commit-3-amd-9950x3d,run-1,1,base64-ng,decode,standard,unpadded,2,3,2097152,26841363,149.023729,avx2,avx512-vbmi,avx512-vbmi,x86_64,linux,0
1,commit-3-amd-9950x3d,run-1,2,base64-ng,decode,standard,unpadded,2,3,2097152,26847113,148.991812,avx2,avx512-vbmi,avx512-vbmi,x86_64,linux,0
1,commit-3-amd-9950x3d,run-1,3,base64-ng,decode,standard,unpadded,2,3,2097152,26809512,149.200776,avx2,avx512-vbmi,avx512-vbmi,x86_64,linux,0
1,commit-3-amd-9950x3d,run-1,4,base64-ng,decode,standard,unpadded,2,3,2097152,26792120,149.297629,avx2,avx512-vbmi,avx512-vbmi,x86_64,linux,0
1,commit-3-amd-9950x3d,run-1,0,base64-ng,encode,standard,unpadded,2,3,2097152,22208292,180.112906,avx512-vbmi,avx512-vbmi,avx512-vbmi,x86_64,linux,0
1,commit-3-amd-9950x3d,run-1,1,base64-ng,encode,standard,unpadded,2,3,2097152,22236625,179.883413,avx512-vbmi,avx512-vbmi,avx512-vbmi,x86_64,linux,0
1,commit-3-amd-9950x3d,run-1,2,base64-ng,encode,standard,unpadded,2,3,2097152,22265439,179.650624,avx512-vbmi,avx512-vbmi,avx512-vbmi,x86_64,linux,0
1,commit-3-amd-9950x3d,run-1,3,base64-ng,encode,standard,unpadded,2,3,2097152,22274186,179.580075,avx512-vbmi,avx512-vbmi,avx512-vbmi,x86_64,linux,0
1,commit-3-amd-9950x3d,run-1,4,base64-ng,encode,standard,unpadded,2,3,2097152,22331544,179.118829,avx512-vbmi,avx512-vbmi,avx512-vbmi,x86_64,linux,0
1,commit-3-amd-9950x3d,run-1,0,base64-ng,decode,standard,unpadded,2,3,2097152,29643968,134.934702,avx512-vbmi,avx512-vbmi,avx512-vbmi,x86_64,linux,0
1,commit-3-amd-9950x3d,run-1,1,base64-ng,decode,standard,unpadded,2,3,2097152,29543188,135.395002,avx512-vbmi,avx512-vbmi,avx512-vbmi,x86_64,linux,0
1,commit-3-amd-9950x3d,run-1,2,base64-ng,decode,standard,unpadded,2,3,2097152,29376555,136.163005,avx512-vbmi,avx512-vbmi,avx512-vbmi,x86_64,linux,0
1,commit-3-amd-9950x3d,run-1,3,base64-ng,decode,standard,unpadded,2,3,2097152,29602350,135.124407,avx512-vbmi,avx512-vbmi,avx512-vbmi,x86_64,linux,0
1,commit-3-amd-9950x3d,run-1,4,base64-ng,decode,standard,unpadded,2,3,2097152,29353161,136.271525,avx512-vbmi,avx512-vbmi,avx512-vbmi,x86_64,linux,0
1,commit-3-amd-9950x3d,run-1,0,base64-0.23.0,encode,standard,unpadded,2,3,2097152,14565105,274.628985,external,avx512-vbmi,avx512-vbmi,x86_64,linux,0
1,commit-3-amd-9950x3d,run-1,1,base64-0.23.0,encode,standard,unpadded,2,3,2097152,14043824,284.822709,external,avx512-vbmi,avx512-vbmi,x86_64,linux,0
1,commit-3-amd-9950x3d,run-1,2,base64-0.23.0,encode,standard,unpadded,2,3,2097152,14212922,281.434036,external,avx512-vbmi,avx512-vbmi,x86_64,linux,0
1,commit-3-amd-9950x3d,run-1,3,base64-0.23.0,encode,standard,unpadded,2,3,2097152,14300668,279.707214,external,avx512-vbmi,avx512-vbmi,x86_64,linux,0
1,commit-3-amd-9950x3d,run-1,4,base64-0.23.0,encode,standard,unpadded,2,3,2097152,14241185,280.875503,external,avx512-vbmi,avx512-vbmi,x86_64,linux,0
1,commit-3-amd-9950x3d,run-1,0,base64-0.23.0,decode,standard,unpadded,2,3,2097152,25902055,154.427902,external,avx512-vbmi,avx512-vbmi,x86_64,linux,0
1,commit-3-amd-9950x3d,run-1,1,base64-0.23.0,decode,standard,unpadded,2,3,2097152,25832414,154.844220,external,avx512-vbmi,avx512-vbmi,x86_64,linux,0
1,commit-3-amd-9950x3d,run-1,2,base64-0.23.0,decode,standard,unpadded,2,3,2097152,25842523,154.783649,external,avx512-vbmi,avx512-vbmi,x86_64,linux,0
1,commit-3-amd-9950x3d,run-1,3,base64-0.23.0,decode,standard,unpadded,2,3,2097152,25818437,154.928046,external,avx512-vbmi,avx512-vbmi,x86_64,linux,0
1,commit-3-amd-9950x3d,run-1,4,base64-0.23.0,decode,standard,unpadded,2,3,2097152,25861939,154.667444,external,avx512-vbmi,avx512-vbmi,x86_64,linux,0
1,commit-3-amd-9950x3d,run-1,0,base64ct-1.8.3,encode,standard,unpadded,2,3,2097152,12597903,317.513161,external,avx512-vbmi,avx512-vbmi,x86_64,linux,0
1,commit-3-amd-9950x3d,run-1,1,base64ct-1.8.3,encode,standard,unpadded,2,3,2097152,12654288,316.098385,external,avx512-vbmi,avx512-vbmi,x86_64,linux,0
1,commit-3-amd-9950x3d,run-1,2,base64ct-1.8.3,encode,standard,unpadded,2,3,2097152,12649660,316.214033,external,avx512-vbmi,avx512-vbmi,x86_64,linux,0
1,commit-3-amd-9950x3d,run-1,3,base64ct-1.8.3,encode,standard,unpadded,2,3,2097152,12651864,316.158947,external,avx512-vbmi,avx512-vbmi,x86_64,linux,0
1,commit-3-amd-9950x3d,run-1,4,base64ct-1.8.3,encode,standard,unpadded,2,3,2097152,12670199,315.701435,external,avx512-vbmi,avx512-vbmi,x86_64,linux,0
1,commit-3-amd-9950x3d,run-1,0,base64ct-1.8.3,decode,standard,unpadded,2,3,2097152,57498809,69.566658,external,avx512-vbmi,avx512-vbmi,x86_64,linux,0
1,commit-3-amd-9950x3d,run-1,1,base64ct-1.8.3,decode,standard,unpadded,2,3,2097152,57461248,69.612132,external,avx512-vbmi,avx512-vbmi,x86_64,linux,0
1,commit-3-amd-9950x3d,run-1,2,base64ct-1.8.3,decode,standard,unpadded,2,3,2097152,57367822,69.725499,external,avx512-vbmi,avx512-vbmi,x86_64,linux,0
1,commit-3-amd-9950x3d,run-1,3,base64ct-1.8.3,decode,standard,unpadded,2,3,2097152,57384013,69.705826,external,avx512-vbmi,avx512-vbmi,x86_64,linux,0
1,commit-3-amd-9950x3d,run-1,4,base64ct-1.8.3,decode,standard,unpadded,2,3,2097152,57364106,69.730015,external,avx512-vbmi,avx512-vbmi,x86_64,linux,0
1,commit-3-amd-9950x3d,run-1,0,base64-ng,encode,standard,unpadded,3,4,1398101,18136237,220.552866,auto,avx512-vbmi,avx512-vbmi,x86_64,linux,0
1,commit-3-amd-9950x3d,run-1,1,base64-ng,encode,standard,unpadded,3,4,1398101,18190490,219.895069,auto,avx512-vbmi,avx512-vbmi,x86_64,linux,0
1,commit-3-amd-9950x3d,run-1,2,base64-ng,encode,standard,unpadded,3,4,1398101,18161625,220.244557,auto,avx512-vbmi,avx512-vbmi,x86_64,linux,0
1,commit-3-amd-9950x3d,run-1,3,base64-ng,encode,standard,unpadded,3,4,1398101,18191692,219.880539,auto,avx512-vbmi,avx512-vbmi,x86_64,linux,0
1,commit-3-amd-9950x3d,run-1,4,base64-ng,encode,standard,unpadded,3,4,1398101,18173728,220.097882,auto,avx512-vbmi,avx512-vbmi,x86_64,linux,0
1,commit-3-amd-9950x3d,run-1,0,base64-ng,decode,standard,unpadded,3,4,1398101,25957379,154.098726,auto,avx512-vbmi,avx512-vbmi,x86_64,linux,0
1,commit-3-amd-9950x3d,run-1,1,base64-ng,decode,standard,unpadded,3,4,1398101,26019106,153.733147,auto,avx512-vbmi,avx512-vbmi,x86_64,linux,0
1,commit-3-amd-9950x3d,run-1,2,base64-ng,decode,standard,unpadded,3,4,1398101,26036648,153.629570,auto,avx512-vbmi,avx512-vbmi,x86_64,linux,0
1,commit-3-amd-9950x3d,run-1,3,base64-ng,decode,standard,unpadded,3,4,1398101,25950596,154.139005,auto,avx512-vbmi,avx512-vbmi,x86_64,linux,0
1,commit-3-amd-9950x3d,run-1,4,base64-ng,decode,standard,unpadded,3,4,1398101,25971926,154.012415,auto,avx512-vbmi,avx512-vbmi,x86_64,linux,0
1,commit-3-amd-9950x3d,run-1,0,base64-ng,encode,standard,unpadded,3,4,1398101,17839298,224.224016,scalar,avx512-vbmi,avx512-vbmi,x86_64,linux,0
1,commit-3-amd-9950x3d,run-1,1,base64-ng,encode,standard,unpadded,3,4,1398101,17796838,224.758974,scalar,avx512-vbmi,avx512-vbmi,x86_64,linux,0
1,commit-3-amd-9950x3d,run-1,2,base64-ng,encode,standard,unpadded,3,4,1398101,17905222,223.398461,scalar,avx512-vbmi,avx512-vbmi,x86_64,linux,0
1,commit-3-amd-9950x3d,run-1,3,base64-ng,encode,standard,unpadded,3,4,1398101,17925491,223.145857,scalar,avx512-vbmi,avx512-vbmi,x86_64,linux,0
1,commit-3-amd-9950x3d,run-1,4,base64-ng,encode,standard,unpadded,3,4,1398101,17900894,223.452474,scalar,avx512-vbmi,avx512-vbmi,x86_64,linux,0
1,commit-3-amd-9950x3d,run-1,0,base64-ng,decode,standard,unpadded,3,4,1398101,21457379,186.416013,scalar,avx512-vbmi,avx512-vbmi,x86_64,linux,0
1,commit-3-amd-9950x3d,run-1,1,base64-ng,decode,standard,unpadded,3,4,1398101,19869229,201.316269,scalar,avx512-vbmi,avx512-vbmi,x86_64,linux,0
1,commit-3-amd-9950x3d,run-1,2,base64-ng,decode,standard,unpadded,3,4,1398101,19794189,202.079461,scalar,avx512-vbmi,avx512-vbmi,x86_64,linux,0
1,commit-3-amd-9950x3d,run-1,3,base64-ng,decode,standard,unpadded,3,4,1398101,20329145,196.761794,scalar,avx512-vbmi,avx512-vbmi,x86_64,linux,0
1,commit-3-amd-9950x3d,run-1,4,base64-ng,decode,standard,unpadded,3,4,1398101,19818293,201.833682,scalar,avx512-vbmi,avx512-vbmi,x86_64,linux,0
1,commit-3-amd-9950x3d,run-1,0,base64-ng,encode,standard,unpadded,3,4,1398101,20149767,198.513414,ssse3-sse4.1,avx512-vbmi,avx512-vbmi,x86_64,linux,0
1,commit-3-amd-9950x3d,run-1,1,base64-ng,encode,standard,unpadded,3,4,1398101,20555020,194.599618,ssse3-sse4.1,avx512-vbmi,avx512-vbmi,x86_64,linux,0
1,commit-3-amd-9950x3d,run-1,2,base64-ng,encode,standard,unpadded,3,4,1398101,20168192,198.332059,ssse3-sse4.1,avx512-vbmi,avx512-vbmi,x86_64,linux,0
1,commit-3-amd-9950x3d,run-1,3,base64-ng,encode,standard,unpadded,3,4,1398101,20216333,197.859772,ssse3-sse4.1,avx512-vbmi,avx512-vbmi,x86_64,linux,0
1,commit-3-amd-9950x3d,run-1,4,base64-ng,encode,standard,unpadded,3,4,1398101,20222514,197.799297,ssse3-sse4.1,avx512-vbmi,avx512-vbmi,x86_64,linux,0
1,commit-3-amd-9950x3d,run-1,0,base64-ng,decode,standard,unpadded,3,4,1398101,23249713,172.045093,ssse3-sse4.1,avx512-vbmi,avx512-vbmi,x86_64,linux,0
1,commit-3-amd-9950x3d,run-1,1,base64-ng,decode,standard,unpadded,3,4,1398101,22044464,181.451409,ssse3-sse4.1,avx512-vbmi,avx512-vbmi,x86_64,linux,0
1,commit-3-amd-9950x3d,run-1,2,base64-ng,decode,standard,unpadded,3,4,1398101,22646246,176.629674,ssse3-sse4.1,avx512-vbmi,avx512-vbmi,x86_64,linux,0
1,commit-3-amd-9950x3d,run-1,3,base64-ng,decode,standard,unpadded,3,4,1398101,22100309,180.992901,ssse3-sse4.1,avx512-vbmi,avx512-vbmi,x86_64,linux,0
1,commit-3-amd-9950x3d,run-1,4,base64-ng,decode,standard,unpadded,3,4,1398101,22185149,180.300752,ssse3-sse4.1,avx512-vbmi,avx512-vbmi,x86_64,linux,0
1,commit-3-amd-9950x3d,run-1,0,base64-ng,encode,standard,unpadded,3,4,1398101,20028639,199.713972,avx2,avx512-vbmi,avx512-vbmi,x86_64,linux,0
1,commit-3-amd-9950x3d,run-1,1,base64-ng,encode,standard,unpadded,3,4,1398101,20122937,198.778093,avx2,avx512-vbmi,avx512-vbmi,x86_64,linux,0
1,commit-3-amd-9950x3d,run-1,2,base64-ng,encode,standard,unpadded,3,4,1398101,20645530,193.746494,avx2,avx512-vbmi,avx512-vbmi,x86_64,linux,0
1,commit-3-amd-9950x3d,run-1,3,base64-ng,encode,standard,unpadded,3,4,1398101,20023189,199.768331,avx2,avx512-vbmi,avx512-vbmi,x86_64,linux,0
1,commit-3-amd-9950x3d,run-1,4,base64-ng,encode,standard,unpadded,3,4,1398101,19884949,201.157119,avx2,avx512-vbmi,avx512-vbmi,x86_64,linux,0
1,commit-3-amd-9950x3d,run-1,0,base64-ng,decode,standard,unpadded,3,4,1398101,23279899,171.822010,avx2,avx512-vbmi,avx512-vbmi,x86_64,linux,0
1,commit-3-amd-9950x3d,run-1,1,base64-ng,decode,standard,unpadded,3,4,1398101,23761325,168.340741,avx2,avx512-vbmi,avx512-vbmi,x86_64,linux,0
1,commit-3-amd-9950x3d,run-1,2,base64-ng,decode,standard,unpadded,3,4,1398101,24042525,166.371837,avx2,avx512-vbmi,avx512-vbmi,x86_64,linux,0
1,commit-3-amd-9950x3d,run-1,3,base64-ng,decode,standard,unpadded,3,4,1398101,23191754,172.475055,avx2,avx512-vbmi,avx512-vbmi,x86_64,linux,0
1,commit-3-amd-9950x3d,run-1,4,base64-ng,decode,standard,unpadded,3,4,1398101,23441994,170.633908,avx2,avx512-vbmi,avx512-vbmi,x86_64,linux,0
1,commit-3-amd-9950x3d,run-1,0,base64-ng,encode,standard,unpadded,3,4,1398101,20922312,191.183414,avx512-vbmi,avx512-vbmi,avx512-vbmi,x86_64,linux,0
1,commit-3-amd-9950x3d,run-1,1,base64-ng,encode,standard,unpadded,3,4,1398101,20866747,191.692507,avx512-vbmi,avx512-vbmi,avx512-vbmi,x86_64,linux,0
1,commit-3-amd-9950x3d,run-1,2,base64-ng,encode,standard,unpadded,3,4,1398101,21363222,187.237630,avx512-vbmi,avx512-vbmi,avx512-vbmi,x86_64,linux,0
1,commit-3-amd-9950x3d,run-1,3,base64-ng,encode,standard,unpadded,3,4,1398101,20956536,190.871194,avx512-vbmi,avx512-vbmi,avx512-vbmi,x86_64,linux,0
1,commit-3-amd-9950x3d,run-1,4,base64-ng,encode,standard,unpadded,3,4,1398101,20783981,192.455865,avx512-vbmi,avx512-vbmi,avx512-vbmi,x86_64,linux,0
1,commit-3-amd-9950x3d,run-1,0,base64-ng,decode,standard,unpadded,3,4,1398101,25074297,159.525870,avx512-vbmi,avx512-vbmi,avx512-vbmi,x86_64,linux,0
1,commit-3-amd-9950x3d,run-1,1,base64-ng,decode,standard,unpadded,3,4,1398101,25225211,158.571480,avx512-vbmi,avx512-vbmi,avx512-vbmi,x86_64,linux,0
1,commit-3-amd-9950x3d,run-1,2,base64-ng,decode,standard,unpadded,3,4,1398101,25042477,159.728570,avx512-vbmi,avx512-vbmi,avx512-vbmi,x86_64,linux,0
1,commit-3-amd-9950x3d,run-1,3,base64-ng,decode,standard,unpadded,3,4,1398101,24991681,160.053221,avx512-vbmi,avx512-vbmi,avx512-vbmi,x86_64,linux,0
1,commit-3-amd-9950x3d,run-1,4,base64-ng,decode,standard,unpadded,3,4,1398101,25160639,158.978436,avx512-vbmi,avx512-vbmi,avx512-vbmi,x86_64,linux,0
1,commit-3-amd-9950x3d,run-1,0,base64-0.23.0,encode,standard,unpadded,3,4,1398101,9537412,419.400886,external,avx512-vbmi,avx512-vbmi,x86_64,linux,0
1,commit-3-amd-9950x3d,run-1,1,base64-0.23.0,encode,standard,unpadded,3,4,1398101,9925983,402.982661,external,avx512-vbmi,avx512-vbmi,x86_64,linux,0
1,commit-3-amd-9950x3d,run-1,2,base64-0.23.0,encode,standard,unpadded,3,4,1398101,9573190,417.833454,external,avx512-vbmi,avx512-vbmi,x86_64,linux,0
1,commit-3-amd-9950x3d,run-1,3,base64-0.23.0,encode,standard,unpadded,3,4,1398101,9574572,417.773144,external,avx512-vbmi,avx512-vbmi,x86_64,linux,0
1,commit-3-amd-9950x3d,run-1,4,base64-0.23.0,encode,standard,unpadded,3,4,1398101,9577427,417.648607,external,avx512-vbmi,avx512-vbmi,x86_64,linux,0
1,commit-3-amd-9950x3d,run-1,0,base64-0.23.0,decode,standard,unpadded,3,4,1398101,18263547,219.015454,external,avx512-vbmi,avx512-vbmi,x86_64,linux,0
1,commit-3-amd-9950x3d,run-1,1,base64-0.23.0,decode,standard,unpadded,3,4,1398101,18065735,221.413579,external,avx512-vbmi,avx512-vbmi,x86_64,linux,0
1,commit-3-amd-9950x3d,run-1,2,base64-0.23.0,decode,standard,unpadded,3,4,1398101,17851692,224.068343,external,avx512-vbmi,avx512-vbmi,x86_64,linux,0
1,commit-3-amd-9950x3d,run-1,3,base64-0.23.0,decode,standard,unpadded,3,4,1398101,17916183,223.261788,external,avx512-vbmi,avx512-vbmi,x86_64,linux,0
1,commit-3-amd-9950x3d,run-1,4,base64-0.23.0,decode,standard,unpadded,3,4,1398101,17862102,223.937756,external,avx512-vbmi,avx512-vbmi,x86_64,linux,0
1,commit-3-amd-9950x3d,run-1,0,base64ct-1.8.3,encode,standard,unpadded,3,4,1398101,9730405,411.082483,external,avx512-vbmi,avx512-vbmi,x86_64,linux,0
1,commit-3-amd-9950x3d,run-1,1,base64ct-1.8.3,encode,standard,unpadded,3,4,1398101,9843979,406.339657,external,avx512-vbmi,avx512-vbmi,x86_64,linux,0
1,commit-3-amd-9950x3d,run-1,2,base64ct-1.8.3,encode,standard,unpadded,3,4,1398101,9870439,405.250369,external,avx512-vbmi,avx512-vbmi,x86_64,linux,0
1,commit-3-amd-9950x3d,run-1,3,base64ct-1.8.3,encode,standard,unpadded,3,4,1398101,9762956,409.711879,external,avx512-vbmi,avx512-vbmi,x86_64,linux,0
1,commit-3-amd-9950x3d,run-1,4,base64ct-1.8.3,encode,standard,unpadded,3,4,1398101,9850811,406.057841,external,avx512-vbmi,avx512-vbmi,x86_64,linux,0
1,commit-3-amd-9950x3d,run-1,0,base64ct-1.8.3,decode,standard,unpadded,3,4,1398101,24674033,162.113711,external,avx512-vbmi,avx512-vbmi,x86_64,linux,0
1,commit-3-amd-9950x3d,run-1,1,base64ct-1.8.3,decode,standard,unpadded,3,4,1398101,24769873,161.486458,external,avx512-vbmi,avx512-vbmi,x86_64,linux,0
1,commit-3-amd-9950x3d,run-1,2,base64ct-1.8.3,decode,standard,unpadded,3,4,1398101,24873869,160.811293,external,avx512-vbmi,avx512-vbmi,x86_64,linux,0
1,commit-3-amd-9950x3d,run-1,3,base64ct-1.8.3,decode,standard,unpadded,3,4,1398101,24780895,161.414632,external,avx512-vbmi,avx512-vbmi,x86_64,linux,0
1,commit-3-amd-9950x3d,run-1,4,base64ct-1.8.3,decode,standard,unpadded,3,4,1398101,25156421,159.005092,external,avx512-vbmi,avx512-vbmi,x86_64,linux,0
1,commit-3-amd-9950x3d,run-1,0,base64-ng,encode,standard,unpadded,11,15,381300,13150413,304.172666,auto,avx512-vbmi,avx512-vbmi,x86_64,linux,0
1,commit-3-amd-9950x3d,run-1,1,base64-ng,encode,standard,unpadded,11,15,381300,12861929,310.995045,auto,avx512-vbmi,avx512-vbmi,x86_64,linux,0
1,commit-3-amd-9950x3d,run-1,2,base64-ng,encode,standard,unpadded,11,15,381300,13113824,305.021341,auto,avx512-vbmi,avx512-vbmi,x86_64,linux,0
1,commit-3-amd-9950x3d,run-1,3,base64-ng,encode,standard,unpadded,11,15,381300,12930780,309.339126,auto,avx512-vbmi,avx512-vbmi,x86_64,linux,0
1,commit-3-amd-9950x3d,run-1,4,base64-ng,encode,standard,unpadded,11,15,381300,13326905,300.144421,auto,avx512-vbmi,avx512-vbmi,x86_64,linux,0
1,commit-3-amd-9950x3d,run-1,0,base64-ng,decode,standard,unpadded,11,15,381300,17303149,231.171574,auto,avx512-vbmi,avx512-vbmi,x86_64,linux,0
1,commit-3-amd-9950x3d,run-1,1,base64-ng,decode,standard,unpadded,11,15,381300,17495331,228.632210,auto,avx512-vbmi,avx512-vbmi,x86_64,linux,0
1,commit-3-amd-9950x3d,run-1,2,base64-ng,decode,standard,unpadded,11,15,381300,17395483,229.944531,auto,avx512-vbmi,avx512-vbmi,x86_64,linux,0
1,commit-3-amd-9950x3d,run-1,3,base64-ng,decode,standard,unpadded,11,15,381300,17274375,231.556637,auto,avx512-vbmi,avx512-vbmi,x86_64,linux,0
1,commit-3-amd-9950x3d,run-1,4,base64-ng,decode,standard,unpadded,11,15,381300,17164509,233.038777,auto,avx512-vbmi,avx512-vbmi,x86_64,linux,0
1,commit-3-amd-9950x3d,run-1,0,base64-ng,encode,standard,unpadded,11,15,381300,13155402,304.057313,scalar,avx512-vbmi,avx512-vbmi,x86_64,linux,0
1,commit-3-amd-9950x3d,run-1,1,base64-ng,encode,standard,unpadded,11,15,381300,12950646,308.864607,scalar,avx512-vbmi,avx512-vbmi,x86_64,linux,0
1,commit-3-amd-9950x3d,run-1,2,base64-ng,encode,standard,unpadded,11,15,381300,12910201,309.832216,scalar,avx512-vbmi,avx512-vbmi,x86_64,linux,0
1,commit-3-amd-9950x3d,run-1,3,base64-ng,encode,standard,unpadded,11,15,381300,12952059,308.830911,scalar,avx512-vbmi,avx512-vbmi,x86_64,linux,0
1,commit-3-amd-9950x3d,run-1,4,base64-ng,encode,standard,unpadded,11,15,381300,12960896,308.620344,scalar,avx512-vbmi,avx512-vbmi,x86_64,linux,0
1,commit-3-amd-9950x3d,run-1,0,base64-ng,decode,standard,unpadded,11,15,381300,15787186,253.369802,scalar,avx512-vbmi,avx512-vbmi,x86_64,linux,0
1,commit-3-amd-9950x3d,run-1,1,base64-ng,decode,standard,unpadded,11,15,381300,15405177,259.652725,scalar,avx512-vbmi,avx512-vbmi,x86_64,linux,0
1,commit-3-amd-9950x3d,run-1,2,base64-ng,decode,standard,unpadded,11,15,381300,15350443,260.578550,scalar,avx512-vbmi,avx512-vbmi,x86_64,linux,0
1,commit-3-amd-9950x3d,run-1,3,base64-ng,decode,standard,unpadded,11,15,381300,15435575,259.141379,scalar,avx512-vbmi,avx512-vbmi,x86_64,linux,0
1,commit-3-amd-9950x3d,run-1,4,base64-ng,decode,standard,unpadded,11,15,381300,15371333,260.224418,scalar,avx512-vbmi,avx512-vbmi,x86_64,linux,0
1,commit-3-amd-9950x3d,run-1,0,base64-ng,encode,standard,unpadded,11,15,381300,13422024,298.017362,ssse3-sse4.1,avx512-vbmi,avx512-vbmi,x86_64,linux,0
1,commit-3-amd-9950x3d,run-1,1,base64-ng,encode,standard,unpadded,11,15,381300,13504398,296.199519,ssse3-sse4.1,avx512-vbmi,avx512-vbmi,x86_64,linux,0
1,commit-3-amd-9950x3d,run-1,2,base64-ng,encode,standard,unpadded,11,15,381300,13505932,296.165876,ssse3-sse4.1,avx512-vbmi,avx512-vbmi,x86_64,linux,0
1,commit-3-amd-9950x3d,run-1,3,base64-ng,encode,standard,unpadded,11,15,381300,13453764,297.314282,ssse3-sse4.1,avx512-vbmi,avx512-vbmi,x86_64,linux,0
1,commit-3-amd-9950x3d,run-1,4,base64-ng,encode,standard,unpadded,11,15,381300,13431762,297.801300,ssse3-sse4.1,avx512-vbmi,avx512-vbmi,x86_64,linux,0
1,commit-3-amd-9950x3d,run-1,0,base64-ng,decode,standard,unpadded,11,15,381300,16051994,249.189988,ssse3-sse4.1,avx512-vbmi,avx512-vbmi,x86_64,linux,0
1,commit-3-amd-9950x3d,run-1,1,base64-ng,decode,standard,unpadded,11,15,381300,16051624,249.195732,ssse3-sse4.1,avx512-vbmi,avx512-vbmi,x86_64,linux,0
1,commit-3-amd-9950x3d,run-1,2,base64-ng,decode,standard,unpadded,11,15,381300,16059709,249.070278,ssse3-sse4.1,avx512-vbmi,avx512-vbmi,x86_64,linux,0
1,commit-3-amd-9950x3d,run-1,3,base64-ng,decode,standard,unpadded,11,15,381300,16432751,243.416101,ssse3-sse4.1,avx512-vbmi,avx512-vbmi,x86_64,linux,0
1,commit-3-amd-9950x3d,run-1,4,base64-ng,decode,standard,unpadded,11,15,381300,16222605,246.569289,ssse3-sse4.1,avx512-vbmi,avx512-vbmi,x86_64,linux,0
1,commit-3-amd-9950x3d,run-1,0,base64-ng,encode,standard,unpadded,11,15,381300,13813440,289.572777,avx2,avx512-vbmi,avx512-vbmi,x86_64,linux,0
1,commit-3-amd-9950x3d,run-1,1,base64-ng,encode,standard,unpadded,11,15,381300,13673608,292.534069,avx2,avx512-vbmi,avx512-vbmi,x86_64,linux,0
1,commit-3-amd-9950x3d,run-1,2,base64-ng,encode,standard,unpadded,11,15,381300,13473781,296.872584,avx2,avx512-vbmi,avx512-vbmi,x86_64,linux,0
1,commit-3-amd-9950x3d,run-1,3,base64-ng,encode,standard,unpadded,11,15,381300,13848597,288.837648,avx2,avx512-vbmi,avx512-vbmi,x86_64,linux,0
1,commit-3-amd-9950x3d,run-1,4,base64-ng,encode,standard,unpadded,11,15,381300,13518626,295.887776,avx2,avx512-vbmi,avx512-vbmi,x86_64,linux,0
1,commit-3-amd-9950x3d,run-1,0,base64-ng,decode,standard,unpadded,11,15,381300,16748595,238.825775,avx2,avx512-vbmi,avx512-vbmi,x86_64,linux,0
1,commit-3-amd-9950x3d,run-1,1,base64-ng,decode,standard,unpadded,11,15,381300,16420538,243.597146,avx2,avx512-vbmi,avx512-vbmi,x86_64,linux,0
1,commit-3-amd-9950x3d,run-1,2,base64-ng,decode,standard,unpadded,11,15,381300,16813738,237.900471,avx2,avx512-vbmi,avx512-vbmi,x86_64,linux,0
1,commit-3-amd-9950x3d,run-1,3,base64-ng,decode,standard,unpadded,11,15,381300,16456736,243.061333,avx2,avx512-vbmi,avx512-vbmi,x86_64,linux,0
1,commit-3-amd-9950x3d,run-1,4,base64-ng,decode,standard,unpadded,11,15,381300,16888369,236.849170,avx2,avx512-vbmi,avx512-vbmi,x86_64,linux,0
1,commit-3-amd-9950x3d,run-1,0,base64-ng,encode,standard,unpadded,11,15,381300,13830703,289.211343,avx512-vbmi,avx512-vbmi,avx512-vbmi,x86_64,linux,0
1,commit-3-amd-9950x3d,run-1,1,base64-ng,encode,standard,unpadded,11,15,381300,13672696,292.553582,avx512-vbmi,avx512-vbmi,avx512-vbmi,x86_64,linux,0
1,commit-3-amd-9950x3d,run-1,2,base64-ng,encode,standard,unpadded,11,15,381300,13843718,288.939444,avx512-vbmi,avx512-vbmi,avx512-vbmi,x86_64,linux,0
1,commit-3-amd-9950x3d,run-1,3,base64-ng,encode,standard,unpadded,11,15,381300,13888783,288.001921,avx512-vbmi,avx512-vbmi,avx512-vbmi,x86_64,linux,0
1,commit-3-amd-9950x3d,run-1,4,base64-ng,encode,standard,unpadded,11,15,381300,13954787,286.639716,avx512-vbmi,avx512-vbmi,avx512-vbmi,x86_64,linux,0
1,commit-3-amd-9950x3d,run-1,0,base64-ng,decode,standard,unpadded,11,15,381300,17136756,233.416184,avx512-vbmi,avx512-vbmi,avx512-vbmi,x86_64,linux,0
1,commit-3-amd-9950x3d,run-1,1,base64-ng,decode,standard,unpadded,11,15,381300,17022491,234.983011,avx512-vbmi,avx512-vbmi,avx512-vbmi,x86_64,linux,0
1,commit-3-amd-9950x3d,run-1,2,base64-ng,decode,standard,unpadded,11,15,381300,17067355,234.365324,avx512-vbmi,avx512-vbmi,avx512-vbmi,x86_64,linux,0
1,commit-3-amd-9950x3d,run-1,3,base64-ng,decode,standard,unpadded,11,15,381300,16816965,237.854820,avx512-vbmi,avx512-vbmi,avx512-vbmi,x86_64,linux,0
1,commit-3-amd-9950x3d,run-1,4,base64-ng,decode,standard,unpadded,11,15,381300,17153758,233.184832,avx512-vbmi,avx512-vbmi,avx512-vbmi,x86_64,linux,0
1,commit-3-amd-9950x3d,run-1,0,base64-0.23.0,encode,standard,unpadded,11,15,381300,3717257,1076.061242,external,avx512-vbmi,avx512-vbmi,x86_64,linux,0
1,commit-3-amd-9950x3d,run-1,1,base64-0.23.0,encode,standard,unpadded,11,15,381300,3733227,1071.458067,external,avx512-vbmi,avx512-vbmi,x86_64,linux,0
1,commit-3-amd-9950x3d,run-1,2,base64-0.23.0,encode,standard,unpadded,11,15,381300,3698732,1081.450666,external,avx512-vbmi,avx512-vbmi,x86_64,linux,0
1,commit-3-amd-9950x3d,run-1,3,base64-0.23.0,encode,standard,unpadded,11,15,381300,3707288,1078.954801,external,avx512-vbmi,avx512-vbmi,x86_64,linux,0
1,commit-3-amd-9950x3d,run-1,4,base64-0.23.0,encode,standard,unpadded,11,15,381300,3710103,1078.136156,external,avx512-vbmi,avx512-vbmi,x86_64,linux,0
1,commit-3-amd-9950x3d,run-1,0,base64-0.23.0,decode,standard,unpadded,11,15,381300,5556159,719.921116,external,avx512-vbmi,avx512-vbmi,x86_64,linux,0
1,commit-3-amd-9950x3d,run-1,1,base64-0.23.0,decode,standard,unpadded,11,15,381300,5694389,702.445194,external,avx512-vbmi,avx512-vbmi,x86_64,linux,0
1,commit-3-amd-9950x3d,run-1,2,base64-0.23.0,decode,standard,unpadded,11,15,381300,5604480,713.714062,external,avx512-vbmi,avx512-vbmi,x86_64,linux,0
1,commit-3-amd-9950x3d,run-1,3,base64-0.23.0,decode,standard,unpadded,11,15,381300,5601303,714.118873,external,avx512-vbmi,avx512-vbmi,x86_64,linux,0
1,commit-3-amd-9950x3d,run-1,4,base64-0.23.0,decode,standard,unpadded,11,15,381300,5529408,723.404058,external,avx512-vbmi,avx512-vbmi,x86_64,linux,0
1,commit-3-amd-9950x3d,run-1,0,base64ct-1.8.3,encode,standard,unpadded,11,15,381300,3909559,1023.132324,external,avx512-vbmi,avx512-vbmi,x86_64,linux,0
1,commit-3-amd-9950x3d,run-1,1,base64ct-1.8.3,encode,standard,unpadded,11,15,381300,3835780,1042.811680,external,avx512-vbmi,avx512-vbmi,x86_64,linux,0
1,commit-3-amd-9950x3d,run-1,2,base64ct-1.8.3,encode,standard,unpadded,11,15,381300,3831112,1044.082289,external,avx512-vbmi,avx512-vbmi,x86_64,linux,0
1,commit-3-amd-9950x3d,run-1,3,base64ct-1.8.3,encode,standard,unpadded,11,15,381300,3825471,1045.621882,external,avx512-vbmi,avx512-vbmi,x86_64,linux,0
1,commit-3-amd-9950x3d,run-1,4,base64ct-1.8.3,encode,standard,unpadded,11,15,381300,3819309,1047.308868,external,avx512-vbmi,avx512-vbmi,x86_64,linux,0
1,commit-3-amd-9950x3d,run-1,0,base64ct-1.8.3,decode,standard,unpadded,11,15,381300,13590491,294.323155,external,avx512-vbmi,avx512-vbmi,x86_64,linux,0
1,commit-3-amd-9950x3d,run-1,1,base64ct-1.8.3,decode,standard,unpadded,11,15,381300,13669590,292.620056,external,avx512-vbmi,avx512-vbmi,x86_64,linux,0
1,commit-3-amd-9950x3d,run-1,2,base64ct-1.8.3,decode,standard,unpadded,11,15,381300,13645244,293.142152,external,avx512-vbmi,avx512-vbmi,x86_64,linux,0
1,commit-3-amd-9950x3d,run-1,3,base64ct-1.8.3,decode,standard,unpadded,11,15,381300,13539695,295.427348,external,avx512-vbmi,avx512-vbmi,x86_64,linux,0
1,commit-3-amd-9950x3d,run-1,4,base64ct-1.8.3,decode,standard,unpadded,11,15,381300,13524226,295.765257,external,avx512-vbmi,avx512-vbmi,x86_64,linux,0
1,commit-3-amd-9950x3d,run-1,0,base64-ng,encode,standard,unpadded,12,16,349525,13009778,307.460756,auto,avx512-vbmi,avx512-vbmi,x86_64,linux,0
1,commit-3-amd-9950x3d,run-1,1,base64-ng,encode,standard,unpadded,12,16,349525,12966456,308.488008,auto,avx512-vbmi,avx512-vbmi,x86_64,linux,0
1,commit-3-amd-9950x3d,run-1,2,base64-ng,encode,standard,unpadded,12,16,349525,12973380,308.323366,auto,avx512-vbmi,avx512-vbmi,x86_64,linux,0
1,commit-3-amd-9950x3d,run-1,3,base64-ng,encode,standard,unpadded,12,16,349525,12939926,309.120484,auto,avx512-vbmi,avx512-vbmi,x86_64,linux,0
1,commit-3-amd-9950x3d,run-1,4,base64-ng,encode,standard,unpadded,12,16,349525,13208782,302.828541,auto,avx512-vbmi,avx512-vbmi,x86_64,linux,0
1,commit-3-amd-9950x3d,run-1,0,base64-ng,decode,standard,unpadded,12,16,349525,57844279,69.151111,auto,avx512-vbmi,avx512-vbmi,x86_64,linux,0
1,commit-3-amd-9950x3d,run-1,1,base64-ng,decode,standard,unpadded,12,16,349525,57515590,69.546295,auto,avx512-vbmi,avx512-vbmi,x86_64,linux,0
1,commit-3-amd-9950x3d,run-1,2,base64-ng,decode,standard,unpadded,12,16,349525,57983631,68.984921,auto,avx512-vbmi,avx512-vbmi,x86_64,linux,0
1,commit-3-amd-9950x3d,run-1,3,base64-ng,decode,standard,unpadded,12,16,349525,57689578,69.336548,auto,avx512-vbmi,avx512-vbmi,x86_64,linux,0
1,commit-3-amd-9950x3d,run-1,4,base64-ng,decode,standard,unpadded,12,16,349525,57266261,69.849089,auto,avx512-vbmi,avx512-vbmi,x86_64,linux,0
1,commit-3-amd-9950x3d,run-1,0,base64-ng,encode,standard,unpadded,12,16,349525,12475663,320.623937,scalar,avx512-vbmi,avx512-vbmi,x86_64,linux,0
1,commit-3-amd-9950x3d,run-1,1,base64-ng,encode,standard,unpadded,12,16,349525,12436739,321.627413,scalar,avx512-vbmi,avx512-vbmi,x86_64,linux,0
1,commit-3-amd-9950x3d,run-1,2,base64-ng,encode,standard,unpadded,12,16,349525,12544603,318.861919,scalar,avx512-vbmi,avx512-vbmi,x86_64,linux,0
1,commit-3-amd-9950x3d,run-1,3,base64-ng,encode,standard,unpadded,12,16,349525,12461216,320.995654,scalar,avx512-vbmi,avx512-vbmi,x86_64,linux,0
1,commit-3-amd-9950x3d,run-1,4,base64-ng,encode,standard,unpadded,12,16,349525,12613813,317.112374,scalar,avx512-vbmi,avx512-vbmi,x86_64,linux,0
1,commit-3-amd-9950x3d,run-1,0,base64-ng,decode,standard,unpadded,12,16,349525,14898994,268.474246,scalar,avx512-vbmi,avx512-vbmi,x86_64,linux,0
1,commit-3-amd-9950x3d,run-1,1,base64-ng,decode,standard,unpadded,12,16,349525,14904835,268.369035,scalar,avx512-vbmi,avx512-vbmi,x86_64,linux,0
1,commit-3-amd-9950x3d,run-1,2,base64-ng,decode,standard,unpadded,12,16,349525,14978163,267.055191,scalar,avx512-vbmi,avx512-vbmi,x86_64,linux,0
1,commit-3-amd-9950x3d,run-1,3,base64-ng,decode,standard,unpadded,12,16,349525,15044969,265.869354,scalar,avx512-vbmi,avx512-vbmi,x86_64,linux,0
1,commit-3-amd-9950x3d,run-1,4,base64-ng,decode,standard,unpadded,12,16,349525,15010524,266.479450,scalar,avx512-vbmi,avx512-vbmi,x86_64,linux,0
1,commit-3-amd-9950x3d,run-1,0,base64-ng,encode,standard,unpadded,12,16,349525,18683197,214.095917,ssse3-sse4.1,avx512-vbmi,avx512-vbmi,x86_64,linux,0
1,commit-3-amd-9950x3d,run-1,1,base64-ng,encode,standard,unpadded,12,16,349525,18570174,215.398961,ssse3-sse4.1,avx512-vbmi,avx512-vbmi,x86_64,linux,0
1,commit-3-amd-9950x3d,run-1,2,base64-ng,encode,standard,unpadded,12,16,349525,18524318,215.932170,ssse3-sse4.1,avx512-vbmi,avx512-vbmi,x86_64,linux,0
1,commit-3-amd-9950x3d,run-1,3,base64-ng,encode,standard,unpadded,12,16,349525,18535088,215.806701,ssse3-sse4.1,avx512-vbmi,avx512-vbmi,x86_64,linux,0
1,commit-3-amd-9950x3d,run-1,4,base64-ng,encode,standard,unpadded,12,16,349525,18365108,217.804120,ssse3-sse4.1,avx512-vbmi,avx512-vbmi,x86_64,linux,0
1,commit-3-amd-9950x3d,run-1,0,base64-ng,decode,standard,unpadded,12,16,349525,56542730,70.742891,ssse3-sse4.1,avx512-vbmi,avx512-vbmi,x86_64,linux,0
1,commit-3-amd-9950x3d,run-1,1,base64-ng,decode,standard,unpadded,12,16,349525,56733949,70.504456,ssse3-sse4.1,avx512-vbmi,avx512-vbmi,x86_64,linux,0
1,commit-3-amd-9950x3d,run-1,2,base64-ng,decode,standard,unpadded,12,16,349525,57162456,69.975933,ssse3-sse4.1,avx512-vbmi,avx512-vbmi,x86_64,linux,0
1,commit-3-amd-9950x3d,run-1,3,base64-ng,decode,standard,unpadded,12,16,349525,56774486,70.454115,ssse3-sse4.1,avx512-vbmi,avx512-vbmi,x86_64,linux,0
1,commit-3-amd-9950x3d,run-1,4,base64-ng,decode,standard,unpadded,12,16,349525,57165511,69.972193,ssse3-sse4.1,avx512-vbmi,avx512-vbmi,x86_64,linux,0
1,commit-3-amd-9950x3d,run-1,0,base64-ng,encode,standard,unpadded,12,16,349525,13143419,304.334526,avx2,avx512-vbmi,avx512-vbmi,x86_64,linux,0
1,commit-3-amd-9950x3d,run-1,1,base64-ng,encode,standard,unpadded,12,16,349525,13200918,303.008941,avx2,avx512-vbmi,avx512-vbmi,x86_64,linux,0
1,commit-3-amd-9950x3d,run-1,2,base64-ng,encode,standard,unpadded,12,16,349525,13167705,303.773223,avx2,avx512-vbmi,avx512-vbmi,x86_64,linux,0
1,commit-3-amd-9950x3d,run-1,3,base64-ng,encode,standard,unpadded,12,16,349525,13153498,304.101326,avx2,avx512-vbmi,avx512-vbmi,x86_64,linux,0
1,commit-3-amd-9950x3d,run-1,4,base64-ng,encode,standard,unpadded,12,16,349525,13156514,304.031614,avx2,avx512-vbmi,avx512-vbmi,x86_64,linux,0
1,commit-3-amd-9950x3d,run-1,0,base64-ng,decode,standard,unpadded,12,16,349525,58078109,68.872700,avx2,avx512-vbmi,avx512-vbmi,x86_64,linux,0
1,commit-3-amd-9950x3d,run-1,1,base64-ng,decode,standard,unpadded,12,16,349525,59903555,66.773937,avx2,avx512-vbmi,avx512-vbmi,x86_64,linux,0
1,commit-3-amd-9950x3d,run-1,2,base64-ng,decode,standard,unpadded,12,16,349525,60053537,66.607171,avx2,avx512-vbmi,avx512-vbmi,x86_64,linux,0
1,commit-3-amd-9950x3d,run-1,3,base64-ng,decode,standard,unpadded,12,16,349525,59565689,67.152689,avx2,avx512-vbmi,avx512-vbmi,x86_64,linux,0
1,commit-3-amd-9950x3d,run-1,4,base64-ng,decode,standard,unpadded,12,16,349525,61288852,65.264662,avx2,avx512-vbmi,avx512-vbmi,x86_64,linux,0
1,commit-3-amd-9950x3d,run-1,0,base64-ng,encode,standard,unpadded,12,16,349525,13481336,296.706216,avx512-vbmi,avx512-vbmi,avx512-vbmi,x86_64,linux,0
1,commit-3-amd-9950x3d,run-1,1,base64-ng,encode,standard,unpadded,12,16,349525,13512234,296.027747,avx512-vbmi,avx512-vbmi,avx512-vbmi,x86_64,linux,0
1,commit-3-amd-9950x3d,run-1,2,base64-ng,encode,standard,unpadded,12,16,349525,13555545,295.081916,avx512-vbmi,avx512-vbmi,avx512-vbmi,x86_64,linux,0
1,commit-3-amd-9950x3d,run-1,3,base64-ng,encode,standard,unpadded,12,16,349525,13446360,297.477993,avx512-vbmi,avx512-vbmi,avx512-vbmi,x86_64,linux,0
1,commit-3-amd-9950x3d,run-1,4,base64-ng,encode,standard,unpadded,12,16,349525,13407307,298.344491,avx512-vbmi,avx512-vbmi,avx512-vbmi,x86_64,linux,0
1,commit-3-amd-9950x3d,run-1,0,base64-ng,decode,standard,unpadded,12,16,349525,58744624,68.091272,avx512-vbmi,avx512-vbmi,avx512-vbmi,x86_64,linux,0
1,commit-3-amd-9950x3d,run-1,1,base64-ng,decode,standard,unpadded,12,16,349525,57850782,69.143338,avx512-vbmi,avx512-vbmi,avx512-vbmi,x86_64,linux,0
1,commit-3-amd-9950x3d,run-1,2,base64-ng,decode,standard,unpadded,12,16,349525,57899473,69.085192,avx512-vbmi,avx512-vbmi,avx512-vbmi,x86_64,linux,0
1,commit-3-amd-9950x3d,run-1,3,base64-ng,decode,standard,unpadded,12,16,349525,58071055,68.881066,avx512-vbmi,avx512-vbmi,avx512-vbmi,x86_64,linux,0
1,commit-3-amd-9950x3d,run-1,4,base64-ng,decode,standard,unpadded,12,16,349525,57734393,69.282727,avx512-vbmi,avx512-vbmi,avx512-vbmi,x86_64,linux,0
1,commit-3-amd-9950x3d,run-1,0,base64-0.23.0,encode,standard,unpadded,12,16,349525,3281727,1218.869268,external,avx512-vbmi,avx512-vbmi,x86_64,linux,0
1,commit-3-amd-9950x3d,run-1,1,base64-0.23.0,encode,standard,unpadded,12,16,349525,3373640,1185.661833,external,avx512-vbmi,avx512-vbmi,x86_64,linux,0
1,commit-3-amd-9950x3d,run-1,2,base64-0.23.0,encode,standard,unpadded,12,16,349525,3368721,1187.393134,external,avx512-vbmi,avx512-vbmi,x86_64,linux,0
1,commit-3-amd-9950x3d,run-1,3,base64-0.23.0,encode,standard,unpadded,12,16,349525,3370564,1186.743876,external,avx512-vbmi,avx512-vbmi,x86_64,linux,0
1,commit-3-amd-9950x3d,run-1,4,base64-0.23.0,encode,standard,unpadded,12,16,349525,3387216,1180.909687,external,avx512-vbmi,avx512-vbmi,x86_64,linux,0
1,commit-3-amd-9950x3d,run-1,0,base64-0.23.0,decode,standard,unpadded,12,16,349525,5242809,762.949058,external,avx512-vbmi,avx512-vbmi,x86_64,linux,0
1,commit-3-amd-9950x3d,run-1,1,base64-0.23.0,decode,standard,unpadded,12,16,349525,5258698,760.643830,external,avx512-vbmi,avx512-vbmi,x86_64,linux,0
1,commit-3-amd-9950x3d,run-1,2,base64-0.23.0,decode,standard,unpadded,12,16,349525,5251344,761.709038,external,avx512-vbmi,avx512-vbmi,x86_64,linux,0
1,commit-3-amd-9950x3d,run-1,3,base64-0.23.0,decode,standard,unpadded,12,16,349525,5255743,761.071496,external,avx512-vbmi,avx512-vbmi,x86_64,linux,0
1,commit-3-amd-9950x3d,run-1,4,base64-0.23.0,decode,standard,unpadded,12,16,349525,5250492,761.832641,external,avx512-vbmi,avx512-vbmi,x86_64,linux,0
1,commit-3-amd-9950x3d,run-1,0,base64ct-1.8.3,encode,standard,unpadded,12,16,349525,3682081,1086.341171,external,avx512-vbmi,avx512-vbmi,x86_64,linux,0
1,commit-3-amd-9950x3d,run-1,1,base64ct-1.8.3,encode,standard,unpadded,12,16,349525,3709823,1078.217528,external,avx512-vbmi,avx512-vbmi,x86_64,linux,0
1,commit-3-amd-9950x3d,run-1,2,base64ct-1.8.3,encode,standard,unpadded,12,16,349525,3688452,1084.464753,external,avx512-vbmi,avx512-vbmi,x86_64,linux,0
1,commit-3-amd-9950x3d,run-1,3,base64ct-1.8.3,encode,standard,unpadded,12,16,349525,3675368,1088.325356,external,avx512-vbmi,avx512-vbmi,x86_64,linux,0
1,commit-3-amd-9950x3d,run-1,4,base64ct-1.8.3,encode,standard,unpadded,12,16,349525,3687050,1084.877120,external,avx512-vbmi,avx512-vbmi,x86_64,linux,0
1,commit-3-amd-9950x3d,run-1,0,base64ct-1.8.3,decode,standard,unpadded,12,16,349525,9489181,421.532289,external,avx512-vbmi,avx512-vbmi,x86_64,linux,0
1,commit-3-amd-9950x3d,run-1,1,base64ct-1.8.3,decode,standard,unpadded,12,16,349525,9450599,423.253191,external,avx512-vbmi,avx512-vbmi,x86_64,linux,0
1,commit-3-amd-9950x3d,run-1,2,base64ct-1.8.3,decode,standard,unpadded,12,16,349525,9459956,422.834544,external,avx512-vbmi,avx512-vbmi,x86_64,linux,0
1,commit-3-amd-9950x3d,run-1,3,base64ct-1.8.3,decode,standard,unpadded,12,16,349525,9466759,422.530687,external,avx512-vbmi,avx512-vbmi,x86_64,linux,0
1,commit-3-amd-9950x3d,run-1,4,base64ct-1.8.3,decode,standard,unpadded,12,16,349525,9471368,422.325073,external,avx512-vbmi,avx512-vbmi,x86_64,linux,0
1,commit-3-amd-9950x3d,run-1,0,base64-ng,encode,standard,unpadded,15,20,279620,12545745,318.832894,auto,avx512-vbmi,avx512-vbmi,x86_64,linux,0
1,commit-3-amd-9950x3d,run-1,1,base64-ng,encode,standard,unpadded,15,20,279620,12468309,320.813046,auto,avx512-vbmi,avx512-vbmi,x86_64,linux,0
1,commit-3-amd-9950x3d,run-1,2,base64-ng,encode,standard,unpadded,15,20,279620,12440697,321.525087,auto,avx512-vbmi,avx512-vbmi,x86_64,linux,0
1,commit-3-amd-9950x3d,run-1,3,base64-ng,encode,standard,unpadded,15,20,279620,12438653,321.577922,auto,avx512-vbmi,avx512-vbmi,x86_64,linux,0
1,commit-3-amd-9950x3d,run-1,4,base64-ng,encode,standard,unpadded,15,20,279620,12449674,321.293247,auto,avx512-vbmi,avx512-vbmi,x86_64,linux,0
1,commit-3-amd-9950x3d,run-1,0,base64-ng,decode,standard,unpadded,15,20,279620,49464506,80.865989,auto,avx512-vbmi,avx512-vbmi,x86_64,linux,0
1,commit-3-amd-9950x3d,run-1,1,base64-ng,decode,standard,unpadded,15,20,279620,49469656,80.857570,auto,avx512-vbmi,avx512-vbmi,x86_64,linux,0
1,commit-3-amd-9950x3d,run-1,2,base64-ng,decode,standard,unpadded,15,20,279620,49373214,81.015511,auto,avx512-vbmi,avx512-vbmi,x86_64,linux,0
1,commit-3-amd-9950x3d,run-1,3,base64-ng,decode,standard,unpadded,15,20,279620,49357755,81.040886,auto,avx512-vbmi,avx512-vbmi,x86_64,linux,0
1,commit-3-amd-9950x3d,run-1,4,base64-ng,decode,standard,unpadded,15,20,279620,49405525,80.962528,auto,avx512-vbmi,avx512-vbmi,x86_64,linux,0
1,commit-3-amd-9950x3d,run-1,0,base64-ng,encode,standard,unpadded,15,20,279620,12092902,330.772232,scalar,avx512-vbmi,avx512-vbmi,x86_64,linux,0
1,commit-3-amd-9950x3d,run-1,1,base64-ng,encode,standard,unpadded,15,20,279620,12131315,329.724864,scalar,avx512-vbmi,avx512-vbmi,x86_64,linux,0
1,commit-3-amd-9950x3d,run-1,2,base64-ng,encode,standard,unpadded,15,20,279620,12146503,329.312575,scalar,avx512-vbmi,avx512-vbmi,x86_64,linux,0
1,commit-3-amd-9950x3d,run-1,3,base64-ng,encode,standard,unpadded,15,20,279620,12138488,329.530019,scalar,avx512-vbmi,avx512-vbmi,x86_64,linux,0
1,commit-3-amd-9950x3d,run-1,4,base64-ng,encode,standard,unpadded,15,20,279620,12115564,330.153527,scalar,avx512-vbmi,avx512-vbmi,x86_64,linux,0
1,commit-3-amd-9950x3d,run-1,0,base64-ng,decode,standard,unpadded,15,20,279620,14583179,274.288355,scalar,avx512-vbmi,avx512-vbmi,x86_64,linux,0
1,commit-3-amd-9950x3d,run-1,1,base64-ng,decode,standard,unpadded,15,20,279620,14554275,274.833077,scalar,avx512-vbmi,avx512-vbmi,x86_64,linux,0
1,commit-3-amd-9950x3d,run-1,2,base64-ng,decode,standard,unpadded,15,20,279620,14550889,274.897031,scalar,avx512-vbmi,avx512-vbmi,x86_64,linux,0
1,commit-3-amd-9950x3d,run-1,3,base64-ng,decode,standard,unpadded,15,20,279620,14545819,274.992847,scalar,avx512-vbmi,avx512-vbmi,x86_64,linux,0
1,commit-3-amd-9950x3d,run-1,4,base64-ng,decode,standard,unpadded,15,20,279620,14545388,275.000996,scalar,avx512-vbmi,avx512-vbmi,x86_64,linux,0
1,commit-3-amd-9950x3d,run-1,0,base64-ng,encode,standard,unpadded,15,20,279620,16984860,235.503630,ssse3-sse4.1,avx512-vbmi,avx512-vbmi,x86_64,linux,0
1,commit-3-amd-9950x3d,run-1,1,base64-ng,encode,standard,unpadded,15,20,279620,17112120,233.752229,ssse3-sse4.1,avx512-vbmi,avx512-vbmi,x86_64,linux,0
1,commit-3-amd-9950x3d,run-1,2,base64-ng,encode,standard,unpadded,15,20,279620,16921761,236.381792,ssse3-sse4.1,avx512-vbmi,avx512-vbmi,x86_64,linux,0
1,commit-3-amd-9950x3d,run-1,3,base64-ng,encode,standard,unpadded,15,20,279620,16926360,236.317565,ssse3-sse4.1,avx512-vbmi,avx512-vbmi,x86_64,linux,0
1,commit-3-amd-9950x3d,run-1,4,base64-ng,encode,standard,unpadded,15,20,279620,16923665,236.355198,ssse3-sse4.1,avx512-vbmi,avx512-vbmi,x86_64,linux,0
1,commit-3-amd-9950x3d,run-1,0,base64-ng,decode,standard,unpadded,15,20,279620,48808240,81.953297,ssse3-sse4.1,avx512-vbmi,avx512-vbmi,x86_64,linux,0
1,commit-3-amd-9950x3d,run-1,1,base64-ng,decode,standard,unpadded,15,20,279620,48661935,82.199694,ssse3-sse4.1,avx512-vbmi,avx512-vbmi,x86_64,linux,0
1,commit-3-amd-9950x3d,run-1,2,base64-ng,decode,standard,unpadded,15,20,279620,48635726,82.243990,ssse3-sse4.1,avx512-vbmi,avx512-vbmi,x86_64,linux,0
1,commit-3-amd-9950x3d,run-1,3,base64-ng,decode,standard,unpadded,15,20,279620,48674038,82.179255,ssse3-sse4.1,avx512-vbmi,avx512-vbmi,x86_64,linux,0
1,commit-3-amd-9950x3d,run-1,4,base64-ng,decode,standard,unpadded,15,20,279620,48987578,81.653275,ssse3-sse4.1,avx512-vbmi,avx512-vbmi,x86_64,linux,0
1,commit-3-amd-9950x3d,run-1,0,base64-ng,encode,standard,unpadded,15,20,279620,12776419,313.076472,avx2,avx512-vbmi,avx512-vbmi,x86_64,linux,0
1,commit-3-amd-9950x3d,run-1,1,base64-ng,encode,standard,unpadded,15,20,279620,13078027,305.856242,avx2,avx512-vbmi,avx512-vbmi,x86_64,linux,0
1,commit-3-amd-9950x3d,run-1,2,base64-ng,encode,standard,unpadded,15,20,279620,12930660,309.341997,avx2,avx512-vbmi,avx512-vbmi,x86_64,linux,0
1,commit-3-amd-9950x3d,run-1,3,base64-ng,encode,standard,unpadded,15,20,279620,12603223,317.378831,avx2,avx512-vbmi,avx512-vbmi,x86_64,linux,0
1,commit-3-amd-9950x3d,run-1,4,base64-ng,encode,standard,unpadded,15,20,279620,12687493,315.270809,avx2,avx512-vbmi,avx512-vbmi,x86_64,linux,0
1,commit-3-amd-9950x3d,run-1,0,base64-ng,decode,standard,unpadded,15,20,279620,48622807,82.265843,avx2,avx512-vbmi,avx512-vbmi,x86_64,linux,0
1,commit-3-amd-9950x3d,run-1,1,base64-ng,decode,standard,unpadded,15,20,279620,48606156,82.294024,avx2,avx512-vbmi,avx512-vbmi,x86_64,linux,0
1,commit-3-amd-9950x3d,run-1,2,base64-ng,decode,standard,unpadded,15,20,279620,48418463,82.613035,avx2,avx512-vbmi,avx512-vbmi,x86_64,linux,0
1,commit-3-amd-9950x3d,run-1,3,base64-ng,decode,standard,unpadded,15,20,279620,48548668,82.391471,avx2,avx512-vbmi,avx512-vbmi,x86_64,linux,0
1,commit-3-amd-9950x3d,run-1,4,base64-ng,decode,standard,unpadded,15,20,279620,48414526,82.619753,avx2,avx512-vbmi,avx512-vbmi,x86_64,linux,0
1,commit-3-amd-9950x3d,run-1,0,base64-ng,encode,standard,unpadded,15,20,279620,12681682,315.415273,avx512-vbmi,avx512-vbmi,avx512-vbmi,x86_64,linux,0
1,commit-3-amd-9950x3d,run-1,1,base64-ng,encode,standard,unpadded,15,20,279620,12705867,314.814895,avx512-vbmi,avx512-vbmi,avx512-vbmi,x86_64,linux,0
1,commit-3-amd-9950x3d,run-1,2,base64-ng,encode,standard,unpadded,15,20,279620,12726626,314.301386,avx512-vbmi,avx512-vbmi,avx512-vbmi,x86_64,linux,0
1,commit-3-amd-9950x3d,run-1,3,base64-ng,encode,standard,unpadded,15,20,279620,12741014,313.946456,avx512-vbmi,avx512-vbmi,avx512-vbmi,x86_64,linux,0
1,commit-3-amd-9950x3d,run-1,4,base64-ng,encode,standard,unpadded,15,20,279620,12727318,314.284297,avx512-vbmi,avx512-vbmi,avx512-vbmi,x86_64,linux,0
1,commit-3-amd-9950x3d,run-1,0,base64-ng,decode,standard,unpadded,15,20,279620,48992033,81.645850,avx512-vbmi,avx512-vbmi,avx512-vbmi,x86_64,linux,0
1,commit-3-amd-9950x3d,run-1,1,base64-ng,decode,standard,unpadded,15,20,279620,49015266,81.607150,avx512-vbmi,avx512-vbmi,avx512-vbmi,x86_64,linux,0
1,commit-3-amd-9950x3d,run-1,2,base64-ng,decode,standard,unpadded,15,20,279620,49004516,81.625052,avx512-vbmi,avx512-vbmi,avx512-vbmi,x86_64,linux,0
1,commit-3-amd-9950x3d,run-1,3,base64-ng,decode,standard,unpadded,15,20,279620,48958259,81.702174,avx512-vbmi,avx512-vbmi,avx512-vbmi,x86_64,linux,0
1,commit-3-amd-9950x3d,run-1,4,base64-ng,decode,standard,unpadded,15,20,279620,49037669,81.569868,avx512-vbmi,avx512-vbmi,avx512-vbmi,x86_64,linux,0
1,commit-3-amd-9950x3d,run-1,0,base64-0.23.0,encode,standard,unpadded,15,20,279620,2843733,1406.600474,external,avx512-vbmi,avx512-vbmi,x86_64,linux,0
1,commit-3-amd-9950x3d,run-1,1,base64-0.23.0,encode,standard,unpadded,15,20,279620,2915839,1371.816546,external,avx512-vbmi,avx512-vbmi,x86_64,linux,0
1,commit-3-amd-9950x3d,run-1,2,base64-0.23.0,encode,standard,unpadded,15,20,279620,2915669,1371.896531,external,avx512-vbmi,avx512-vbmi,x86_64,linux,0
1,commit-3-amd-9950x3d,run-1,3,base64-0.23.0,encode,standard,unpadded,15,20,279620,2918544,1370.545102,external,avx512-vbmi,avx512-vbmi,x86_64,linux,0
1,commit-3-amd-9950x3d,run-1,4,base64-0.23.0,encode,standard,unpadded,15,20,279620,2921660,1369.083393,external,avx512-vbmi,avx512-vbmi,x86_64,linux,0
1,commit-3-amd-9950x3d,run-1,0,base64-0.23.0,decode,standard,unpadded,15,20,279620,4435399,901.834578,external,avx512-vbmi,avx512-vbmi,x86_64,linux,0
1,commit-3-amd-9950x3d,run-1,1,base64-0.23.0,decode,standard,unpadded,15,20,279620,4468301,895.193987,external,avx512-vbmi,avx512-vbmi,x86_64,linux,0
1,commit-3-amd-9950x3d,run-1,2,base64-0.23.0,decode,standard,unpadded,15,20,279620,4458733,897.114984,external,avx512-vbmi,avx512-vbmi,x86_64,linux,0
1,commit-3-amd-9950x3d,run-1,3,base64-0.23.0,decode,standard,unpadded,15,20,279620,4467950,895.264313,external,avx512-vbmi,avx512-vbmi,x86_64,linux,0
1,commit-3-amd-9950x3d,run-1,4,base64-0.23.0,decode,standard,unpadded,15,20,279620,4452953,898.279453,external,avx512-vbmi,avx512-vbmi,x86_64,linux,0
1,commit-3-amd-9950x3d,run-1,0,base64ct-1.8.3,encode,standard,unpadded,15,20,279620,3311664,1207.850852,external,avx512-vbmi,avx512-vbmi,x86_64,linux,0
1,commit-3-amd-9950x3d,run-1,1,base64ct-1.8.3,encode,standard,unpadded,15,20,279620,3311163,1208.033608,external,avx512-vbmi,avx512-vbmi,x86_64,linux,0
1,commit-3-amd-9950x3d,run-1,2,base64ct-1.8.3,encode,standard,unpadded,15,20,279620,3305883,1209.963022,external,avx512-vbmi,avx512-vbmi,x86_64,linux,0
1,commit-3-amd-9950x3d,run-1,3,base64ct-1.8.3,encode,standard,unpadded,15,20,279620,3283060,1218.374378,external,avx512-vbmi,avx512-vbmi,x86_64,linux,0
1,commit-3-amd-9950x3d,run-1,4,base64ct-1.8.3,encode,standard,unpadded,15,20,279620,3316643,1206.037606,external,avx512-vbmi,avx512-vbmi,x86_64,linux,0
1,commit-3-amd-9950x3d,run-1,0,base64ct-1.8.3,decode,standard,unpadded,15,20,279620,8443023,473.763507,external,avx512-vbmi,avx512-vbmi,x86_64,linux,0
1,commit-3-amd-9950x3d,run-1,1,base64ct-1.8.3,decode,standard,unpadded,15,20,279620,8462620,472.666407,external,avx512-vbmi,avx512-vbmi,x86_64,linux,0
1,commit-3-amd-9950x3d,run-1,2,base64ct-1.8.3,decode,standard,unpadded,15,20,279620,8442181,473.810759,external,avx512-vbmi,avx512-vbmi,x86_64,linux,0
1,commit-3-amd-9950x3d,run-1,3,base64ct-1.8.3,decode,standard,unpadded,15,20,279620,8445117,473.646035,external,avx512-vbmi,avx512-vbmi,x86_64,linux,0
1,commit-3-amd-9950x3d,run-1,4,base64ct-1.8.3,decode,standard,unpadded,15,20,279620,8431983,474.383806,external,avx512-vbmi,avx512-vbmi,x86_64,linux,0
1,commit-3-amd-9950x3d,run-1,0,base64-ng,encode,standard,unpadded,16,22,262144,12444485,321.427524,auto,avx512-vbmi,avx512-vbmi,x86_64,linux,0
1,commit-3-amd-9950x3d,run-1,1,base64-ng,encode,standard,unpadded,16,22,262144,12358884,323.653819,auto,avx512-vbmi,avx512-vbmi,x86_64,linux,0
1,commit-3-amd-9950x3d,run-1,2,base64-ng,encode,standard,unpadded,16,22,262144,12347803,323.944268,auto,avx512-vbmi,avx512-vbmi,x86_64,linux,0
1,commit-3-amd-9950x3d,run-1,3,base64-ng,encode,standard,unpadded,16,22,262144,12384463,322.985341,auto,avx512-vbmi,avx512-vbmi,x86_64,linux,0
1,commit-3-amd-9950x3d,run-1,4,base64-ng,encode,standard,unpadded,16,22,262144,12571064,318.191046,auto,avx512-vbmi,avx512-vbmi,x86_64,linux,0
1,commit-3-amd-9950x3d,run-1,0,base64-ng,decode,standard,unpadded,16,22,262144,47773059,83.729200,auto,avx512-vbmi,avx512-vbmi,x86_64,linux,0
1,commit-3-amd-9950x3d,run-1,1,base64-ng,decode,standard,unpadded,16,22,262144,47807473,83.668928,auto,avx512-vbmi,avx512-vbmi,x86_64,linux,0
1,commit-3-amd-9950x3d,run-1,2,base64-ng,decode,standard,unpadded,16,22,262144,47673741,83.903632,auto,avx512-vbmi,avx512-vbmi,x86_64,linux,0
1,commit-3-amd-9950x3d,run-1,3,base64-ng,decode,standard,unpadded,16,22,262144,47705811,83.847228,auto,avx512-vbmi,avx512-vbmi,x86_64,linux,0
1,commit-3-amd-9950x3d,run-1,4,base64-ng,decode,standard,unpadded,16,22,262144,47870702,83.558415,auto,avx512-vbmi,avx512-vbmi,x86_64,linux,0
1,commit-3-amd-9950x3d,run-1,0,base64-ng,encode,standard,unpadded,16,22,262144,12141956,329.436213,scalar,avx512-vbmi,avx512-vbmi,x86_64,linux,0
1,commit-3-amd-9950x3d,run-1,1,base64-ng,encode,standard,unpadded,16,22,262144,12133510,329.665530,scalar,avx512-vbmi,avx512-vbmi,x86_64,linux,0
1,commit-3-amd-9950x3d,run-1,2,base64-ng,encode,standard,unpadded,16,22,262144,12141946,329.436484,scalar,avx512-vbmi,avx512-vbmi,x86_64,linux,0
1,commit-3-amd-9950x3d,run-1,3,base64-ng,encode,standard,unpadded,16,22,262144,12126677,329.851286,scalar,avx512-vbmi,avx512-vbmi,x86_64,linux,0
1,commit-3-amd-9950x3d,run-1,4,base64-ng,encode,standard,unpadded,16,22,262144,12137568,329.555311,scalar,avx512-vbmi,avx512-vbmi,x86_64,linux,0
1,commit-3-amd-9950x3d,run-1,0,base64-ng,decode,standard,unpadded,16,22,262144,14760836,270.987361,scalar,avx512-vbmi,avx512-vbmi,x86_64,linux,0
1,commit-3-amd-9950x3d,run-1,1,base64-ng,decode,standard,unpadded,16,22,262144,14762129,270.963626,scalar,avx512-vbmi,avx512-vbmi,x86_64,linux,0
1,commit-3-amd-9950x3d,run-1,2,base64-ng,decode,standard,unpadded,16,22,262144,14764673,270.916938,scalar,avx512-vbmi,avx512-vbmi,x86_64,linux,0
1,commit-3-amd-9950x3d,run-1,3,base64-ng,decode,standard,unpadded,16,22,262144,14770784,270.804854,scalar,avx512-vbmi,avx512-vbmi,x86_64,linux,0
1,commit-3-amd-9950x3d,run-1,4,base64-ng,decode,standard,unpadded,16,22,262144,14789650,270.459409,scalar,avx512-vbmi,avx512-vbmi,x86_64,linux,0
1,commit-3-amd-9950x3d,run-1,0,base64-ng,encode,standard,unpadded,16,22,262144,16763135,238.618850,ssse3-sse4.1,avx512-vbmi,avx512-vbmi,x86_64,linux,0
1,commit-3-amd-9950x3d,run-1,1,base64-ng,encode,standard,unpadded,16,22,262144,16738478,238.970353,ssse3-sse4.1,avx512-vbmi,avx512-vbmi,x86_64,linux,0
1,commit-3-amd-9950x3d,run-1,2,base64-ng,encode,standard,unpadded,16,22,262144,16746073,238.861971,ssse3-sse4.1,avx512-vbmi,avx512-vbmi,x86_64,linux,0
1,commit-3-amd-9950x3d,run-1,3,base64-ng,encode,standard,unpadded,16,22,262144,16716157,239.289449,ssse3-sse4.1,avx512-vbmi,avx512-vbmi,x86_64,linux,0
1,commit-3-amd-9950x3d,run-1,4,base64-ng,encode,standard,unpadded,16,22,262144,16790236,238.233697,ssse3-sse4.1,avx512-vbmi,avx512-vbmi,x86_64,linux,0
1,commit-3-amd-9950x3d,run-1,0,base64-ng,decode,standard,unpadded,16,22,262144,47191894,84.760319,ssse3-sse4.1,avx512-vbmi,avx512-vbmi,x86_64,linux,0
1,commit-3-amd-9950x3d,run-1,1,base64-ng,decode,standard,unpadded,16,22,262144,47152200,84.831673,ssse3-sse4.1,avx512-vbmi,avx512-vbmi,x86_64,linux,0
1,commit-3-amd-9950x3d,run-1,2,base64-ng,decode,standard,unpadded,16,22,262144,47003971,85.099193,ssse3-sse4.1,avx512-vbmi,avx512-vbmi,x86_64,linux,0
1,commit-3-amd-9950x3d,run-1,3,base64-ng,decode,standard,unpadded,16,22,262144,47375219,84.432327,ssse3-sse4.1,avx512-vbmi,avx512-vbmi,x86_64,linux,0
1,commit-3-amd-9950x3d,run-1,4,base64-ng,decode,standard,unpadded,16,22,262144,47151598,84.832756,ssse3-sse4.1,avx512-vbmi,avx512-vbmi,x86_64,linux,0
1,commit-3-amd-9950x3d,run-1,0,base64-ng,encode,standard,unpadded,16,22,262144,12414279,322.209610,avx2,avx512-vbmi,avx512-vbmi,x86_64,linux,0
1,commit-3-amd-9950x3d,run-1,1,base64-ng,encode,standard,unpadded,16,22,262144,12429968,321.802920,avx2,avx512-vbmi,avx512-vbmi,x86_64,linux,0
1,commit-3-amd-9950x3d,run-1,2,base64-ng,encode,standard,unpadded,16,22,262144,12439246,321.562899,avx2,avx512-vbmi,avx512-vbmi,x86_64,linux,0
1,commit-3-amd-9950x3d,run-1,3,base64-ng,encode,standard,unpadded,16,22,262144,12427834,321.858177,avx2,avx512-vbmi,avx512-vbmi,x86_64,linux,0
1,commit-3-amd-9950x3d,run-1,4,base64-ng,encode,standard,unpadded,16,22,262144,12444225,321.434240,avx2,avx512-vbmi,avx512-vbmi,x86_64,linux,0
1,commit-3-amd-9950x3d,run-1,0,base64-ng,decode,standard,unpadded,16,22,262144,47323963,84.523775,avx2,avx512-vbmi,avx512-vbmi,x86_64,linux,0
1,commit-3-amd-9950x3d,run-1,1,base64-ng,decode,standard,unpadded,16,22,262144,47602508,84.029186,avx2,avx512-vbmi,avx512-vbmi,x86_64,linux,0
1,commit-3-amd-9950x3d,run-1,2,base64-ng,decode,standard,unpadded,16,22,262144,47162128,84.813815,avx2,avx512-vbmi,avx512-vbmi,x86_64,linux,0
1,commit-3-amd-9950x3d,run-1,3,base64-ng,decode,standard,unpadded,16,22,262144,47133254,84.865772,avx2,avx512-vbmi,avx512-vbmi,x86_64,linux,0
1,commit-3-amd-9950x3d,run-1,4,base64-ng,decode,standard,unpadded,16,22,262144,47209097,84.729433,avx2,avx512-vbmi,avx512-vbmi,x86_64,linux,0
1,commit-3-amd-9950x3d,run-1,0,base64-ng,encode,standard,unpadded,16,22,262144,12597313,317.528032,avx512-vbmi,avx512-vbmi,avx512-vbmi,x86_64,linux,0
1,commit-3-amd-9950x3d,run-1,1,base64-ng,encode,standard,unpadded,16,22,262144,12614305,317.100308,avx512-vbmi,avx512-vbmi,avx512-vbmi,x86_64,linux,0
1,commit-3-amd-9950x3d,run-1,2,base64-ng,encode,standard,unpadded,16,22,262144,12613654,317.116674,avx512-vbmi,avx512-vbmi,avx512-vbmi,x86_64,linux,0
1,commit-3-amd-9950x3d,run-1,3,base64-ng,encode,standard,unpadded,16,22,262144,12630746,316.687550,avx512-vbmi,avx512-vbmi,avx512-vbmi,x86_64,linux,0
1,commit-3-amd-9950x3d,run-1,4,base64-ng,encode,standard,unpadded,16,22,262144,12627741,316.762911,avx512-vbmi,avx512-vbmi,avx512-vbmi,x86_64,linux,0
1,commit-3-amd-9950x3d,run-1,0,base64-ng,decode,standard,unpadded,16,22,262144,47816320,83.653447,avx512-vbmi,avx512-vbmi,avx512-vbmi,x86_64,linux,0
1,commit-3-amd-9950x3d,run-1,1,base64-ng,decode,standard,unpadded,16,22,262144,47470137,84.263502,avx512-vbmi,avx512-vbmi,avx512-vbmi,x86_64,linux,0
1,commit-3-amd-9950x3d,run-1,2,base64-ng,decode,standard,unpadded,16,22,262144,47894857,83.516274,avx512-vbmi,avx512-vbmi,avx512-vbmi,x86_64,linux,0
1,commit-3-amd-9950x3d,run-1,3,base64-ng,decode,standard,unpadded,16,22,262144,47870561,83.558661,avx512-vbmi,avx512-vbmi,avx512-vbmi,x86_64,linux,0
1,commit-3-amd-9950x3d,run-1,4,base64-ng,decode,standard,unpadded,16,22,262144,47716421,83.828584,avx512-vbmi,avx512-vbmi,avx512-vbmi,x86_64,linux,0
1,commit-3-amd-9950x3d,run-1,0,base64-0.23.0,encode,standard,unpadded,16,22,262144,2839485,1408.706156,external,avx512-vbmi,avx512-vbmi,x86_64,linux,0
1,commit-3-amd-9950x3d,run-1,1,base64-0.23.0,encode,standard,unpadded,16,22,262144,2872087,1392.715471,external,avx512-vbmi,avx512-vbmi,x86_64,linux,0
1,commit-3-amd-9950x3d,run-1,2,base64-0.23.0,encode,standard,unpadded,16,22,262144,2881414,1388.207318,external,avx512-vbmi,avx512-vbmi,x86_64,linux,0
1,commit-3-amd-9950x3d,run-1,3,base64-0.23.0,encode,standard,unpadded,16,22,262144,2880442,1388.675766,external,avx512-vbmi,avx512-vbmi,x86_64,linux,0
1,commit-3-amd-9950x3d,run-1,4,base64-0.23.0,encode,standard,unpadded,16,22,262144,2887285,1385.384539,external,avx512-vbmi,avx512-vbmi,x86_64,linux,0
1,commit-3-amd-9950x3d,run-1,0,base64-0.23.0,decode,standard,unpadded,16,22,262144,4137559,966.753586,external,avx512-vbmi,avx512-vbmi,x86_64,linux,0
1,commit-3-amd-9950x3d,run-1,1,base64-0.23.0,decode,standard,unpadded,16,22,262144,4128471,968.881700,external,avx512-vbmi,avx512-vbmi,x86_64,linux,0
1,commit-3-amd-9950x3d,run-1,2,base64-0.23.0,decode,standard,unpadded,16,22,262144,4119615,970.964520,external,avx512-vbmi,avx512-vbmi,x86_64,linux,0
1,commit-3-amd-9950x3d,run-1,3,base64-0.23.0,decode,standard,unpadded,16,22,262144,4116238,971.761108,external,avx512-vbmi,avx512-vbmi,x86_64,linux,0
1,commit-3-amd-9950x3d,run-1,4,base64-0.23.0,decode,standard,unpadded,16,22,262144,4121147,970.603572,external,avx512-vbmi,avx512-vbmi,x86_64,linux,0
1,commit-3-amd-9950x3d,run-1,0,base64ct-1.8.3,encode,standard,unpadded,16,22,262144,3237995,1235.332358,external,avx512-vbmi,avx512-vbmi,x86_64,linux,0
1,commit-3-amd-9950x3d,run-1,1,base64ct-1.8.3,encode,standard,unpadded,16,22,262144,3229539,1238.566867,external,avx512-vbmi,avx512-vbmi,x86_64,linux,0
1,commit-3-amd-9950x3d,run-1,2,base64ct-1.8.3,encode,standard,unpadded,16,22,262144,3231493,1237.817937,external,avx512-vbmi,avx512-vbmi,x86_64,linux,0
1,commit-3-amd-9950x3d,run-1,3,base64ct-1.8.3,encode,standard,unpadded,16,22,262144,3230591,1238.163543,external,avx512-vbmi,avx512-vbmi,x86_64,linux,0
1,commit-3-amd-9950x3d,run-1,4,base64ct-1.8.3,encode,standard,unpadded,16,22,262144,3225421,1240.148185,external,avx512-vbmi,avx512-vbmi,x86_64,linux,0
1,commit-3-amd-9950x3d,run-1,0,base64ct-1.8.3,decode,standard,unpadded,16,22,262144,10113838,395.497733,external,avx512-vbmi,avx512-vbmi,x86_64,linux,0
1,commit-3-amd-9950x3d,run-1,1,base64ct-1.8.3,decode,standard,unpadded,16,22,262144,10107366,395.750980,external,avx512-vbmi,avx512-vbmi,x86_64,linux,0
1,commit-3-amd-9950x3d,run-1,2,base64ct-1.8.3,decode,standard,unpadded,16,22,262144,10090254,396.422132,external,avx512-vbmi,avx512-vbmi,x86_64,linux,0
1,commit-3-amd-9950x3d,run-1,3,base64ct-1.8.3,decode,standard,unpadded,16,22,262144,10084383,396.652924,external,avx512-vbmi,avx512-vbmi,x86_64,linux,0
1,commit-3-amd-9950x3d,run-1,4,base64ct-1.8.3,decode,standard,unpadded,16,22,262144,10087749,396.520572,external,avx512-vbmi,avx512-vbmi,x86_64,linux,0
1,commit-3-amd-9950x3d,run-1,0,base64-ng,encode,standard,unpadded,23,31,182361,11849425,337.569042,auto,avx512-vbmi,avx512-vbmi,x86_64,linux,0
1,commit-3-amd-9950x3d,run-1,1,base64-ng,encode,standard,unpadded,23,31,182361,11829638,338.133681,auto,avx512-vbmi,avx512-vbmi,x86_64,linux,0
1,commit-3-amd-9950x3d,run-1,2,base64-ng,encode,standard,unpadded,23,31,182361,11809300,338.716016,auto,avx512-vbmi,avx512-vbmi,x86_64,linux,0
1,commit-3-amd-9950x3d,run-1,3,base64-ng,encode,standard,unpadded,23,31,182361,11808127,338.749663,auto,avx512-vbmi,avx512-vbmi,x86_64,linux,0
1,commit-3-amd-9950x3d,run-1,4,base64-ng,encode,standard,unpadded,23,31,182361,11820441,338.396769,auto,avx512-vbmi,avx512-vbmi,x86_64,linux,0
1,commit-3-amd-9950x3d,run-1,0,base64-ng,decode,standard,unpadded,23,31,182361,37853325,105.671009,auto,avx512-vbmi,avx512-vbmi,x86_64,linux,0
1,commit-3-amd-9950x3d,run-1,1,base64-ng,decode,standard,unpadded,23,31,182361,37829099,105.738681,auto,avx512-vbmi,avx512-vbmi,x86_64,linux,0
1,commit-3-amd-9950x3d,run-1,2,base64-ng,decode,standard,unpadded,23,31,182361,37903038,105.532413,auto,avx512-vbmi,avx512-vbmi,x86_64,linux,0
1,commit-3-amd-9950x3d,run-1,3,base64-ng,decode,standard,unpadded,23,31,182361,38221488,104.653148,auto,avx512-vbmi,avx512-vbmi,x86_64,linux,0
1,commit-3-amd-9950x3d,run-1,4,base64-ng,decode,standard,unpadded,23,31,182361,38253468,104.565658,auto,avx512-vbmi,avx512-vbmi,x86_64,linux,0
1,commit-3-amd-9950x3d,run-1,0,base64-ng,encode,standard,unpadded,23,31,182361,11779684,339.567602,scalar,avx512-vbmi,avx512-vbmi,x86_64,linux,0
1,commit-3-amd-9950x3d,run-1,1,base64-ng,encode,standard,unpadded,23,31,182361,11802948,338.898303,scalar,avx512-vbmi,avx512-vbmi,x86_64,linux,0
1,commit-3-amd-9950x3d,run-1,2,base64-ng,encode,standard,unpadded,23,31,182361,12080400,331.114785,scalar,avx512-vbmi,avx512-vbmi,x86_64,linux,0
1,commit-3-amd-9950x3d,run-1,3,base64-ng,encode,standard,unpadded,23,31,182361,12094036,330.741454,scalar,avx512-vbmi,avx512-vbmi,x86_64,linux,0
1,commit-3-amd-9950x3d,run-1,4,base64-ng,encode,standard,unpadded,23,31,182361,11876807,336.790776,scalar,avx512-vbmi,avx512-vbmi,x86_64,linux,0
1,commit-3-amd-9950x3d,run-1,0,base64-ng,decode,standard,unpadded,23,31,182361,14410026,277.584443,scalar,avx512-vbmi,avx512-vbmi,x86_64,linux,0
1,commit-3-amd-9950x3d,run-1,1,base64-ng,decode,standard,unpadded,23,31,182361,14753973,271.113350,scalar,avx512-vbmi,avx512-vbmi,x86_64,linux,0
1,commit-3-amd-9950x3d,run-1,2,base64-ng,decode,standard,unpadded,23,31,182361,14641190,273.201772,scalar,avx512-vbmi,avx512-vbmi,x86_64,linux,0
1,commit-3-amd-9950x3d,run-1,3,base64-ng,decode,standard,unpadded,23,31,182361,14648745,273.060869,scalar,avx512-vbmi,avx512-vbmi,x86_64,linux,0
1,commit-3-amd-9950x3d,run-1,4,base64-ng,decode,standard,unpadded,23,31,182361,14446784,276.878165,scalar,avx512-vbmi,avx512-vbmi,x86_64,linux,0
1,commit-3-amd-9950x3d,run-1,0,base64-ng,encode,standard,unpadded,23,31,182361,15356046,260.483659,ssse3-sse4.1,avx512-vbmi,avx512-vbmi,x86_64,linux,0
1,commit-3-amd-9950x3d,run-1,1,base64-ng,encode,standard,unpadded,23,31,182361,15290032,261.608285,ssse3-sse4.1,avx512-vbmi,avx512-vbmi,x86_64,linux,0
1,commit-3-amd-9950x3d,run-1,2,base64-ng,encode,standard,unpadded,23,31,182361,15418914,259.421581,ssse3-sse4.1,avx512-vbmi,avx512-vbmi,x86_64,linux,0
1,commit-3-amd-9950x3d,run-1,3,base64-ng,encode,standard,unpadded,23,31,182361,15293048,261.556692,ssse3-sse4.1,avx512-vbmi,avx512-vbmi,x86_64,linux,0
1,commit-3-amd-9950x3d,run-1,4,base64-ng,encode,standard,unpadded,23,31,182361,15258784,262.144024,ssse3-sse4.1,avx512-vbmi,avx512-vbmi,x86_64,linux,0
1,commit-3-amd-9950x3d,run-1,0,base64-ng,decode,standard,unpadded,23,31,182361,39180012,102.092849,ssse3-sse4.1,avx512-vbmi,avx512-vbmi,x86_64,linux,0
1,commit-3-amd-9950x3d,run-1,1,base64-ng,decode,standard,unpadded,23,31,182361,39086757,102.336427,ssse3-sse4.1,avx512-vbmi,avx512-vbmi,x86_64,linux,0
1,commit-3-amd-9950x3d,run-1,2,base64-ng,decode,standard,unpadded,23,31,182361,38939019,102.724700,ssse3-sse4.1,avx512-vbmi,avx512-vbmi,x86_64,linux,0
1,commit-3-amd-9950x3d,run-1,3,base64-ng,decode,standard,unpadded,23,31,182361,38890197,102.853659,ssse3-sse4.1,avx512-vbmi,avx512-vbmi,x86_64,linux,0
1,commit-3-amd-9950x3d,run-1,4,base64-ng,decode,standard,unpadded,23,31,182361,38984224,102.605583,ssse3-sse4.1,avx512-vbmi,avx512-vbmi,x86_64,linux,0
1,commit-3-amd-9950x3d,run-1,0,base64-ng,encode,standard,unpadded,23,31,182361,12028703,332.537851,avx2,avx512-vbmi,avx512-vbmi,x86_64,linux,0
1,commit-3-amd-9950x3d,run-1,1,base64-ng,encode,standard,unpadded,23,31,182361,12010879,333.031333,avx2,avx512-vbmi,avx512-vbmi,x86_64,linux,0
1,commit-3-amd-9950x3d,run-1,2,base64-ng,encode,standard,unpadded,23,31,182361,12036909,332.311148,avx2,avx512-vbmi,avx512-vbmi,x86_64,linux,0
1,commit-3-amd-9950x3d,run-1,3,base64-ng,encode,standard,unpadded,23,31,182361,12152566,329.148515,avx2,avx512-vbmi,avx512-vbmi,x86_64,linux,0
1,commit-3-amd-9950x3d,run-1,4,base64-ng,encode,standard,unpadded,23,31,182361,12169247,328.697334,avx2,avx512-vbmi,avx512-vbmi,x86_64,linux,0
1,commit-3-amd-9950x3d,run-1,0,base64-ng,decode,standard,unpadded,23,31,182361,38332116,104.351115,avx2,avx512-vbmi,avx512-vbmi,x86_64,linux,0
1,commit-3-amd-9950x3d,run-1,1,base64-ng,decode,standard,unpadded,23,31,182361,38715017,103.319057,avx2,avx512-vbmi,avx512-vbmi,x86_64,linux,0
1,commit-3-amd-9950x3d,run-1,2,base64-ng,decode,standard,unpadded,23,31,182361,38775992,103.156588,avx2,avx512-vbmi,avx512-vbmi,x86_64,linux,0
1,commit-3-amd-9950x3d,run-1,3,base64-ng,decode,standard,unpadded,23,31,182361,38325574,104.368927,avx2,avx512-vbmi,avx512-vbmi,x86_64,linux,0
1,commit-3-amd-9950x3d,run-1,4,base64-ng,decode,standard,unpadded,23,31,182361,38857806,102.939395,avx2,avx512-vbmi,avx512-vbmi,x86_64,linux,0
1,commit-3-amd-9950x3d,run-1,0,base64-ng,encode,standard,unpadded,23,31,182361,12259688,326.272499,avx512-vbmi,avx512-vbmi,avx512-vbmi,x86_64,linux,0
1,commit-3-amd-9950x3d,run-1,1,base64-ng,encode,standard,unpadded,23,31,182361,12285065,325.598525,avx512-vbmi,avx512-vbmi,avx512-vbmi,x86_64,linux,0
1,commit-3-amd-9950x3d,run-1,2,base64-ng,encode,standard,unpadded,23,31,182361,12202430,327.803482,avx512-vbmi,avx512-vbmi,avx512-vbmi,x86_64,linux,0
1,commit-3-amd-9950x3d,run-1,3,base64-ng,encode,standard,unpadded,23,31,182361,12312738,324.866739,avx512-vbmi,avx512-vbmi,avx512-vbmi,x86_64,linux,0
1,commit-3-amd-9950x3d,run-1,4,base64-ng,encode,standard,unpadded,23,31,182361,12357943,323.678386,avx512-vbmi,avx512-vbmi,avx512-vbmi,x86_64,linux,0
1,commit-3-amd-9950x3d,run-1,0,base64-ng,decode,standard,unpadded,23,31,182361,38604118,103.615864,avx512-vbmi,avx512-vbmi,avx512-vbmi,x86_64,linux,0
1,commit-3-amd-9950x3d,run-1,1,base64-ng,decode,standard,unpadded,23,31,182361,40089825,99.775917,avx512-vbmi,avx512-vbmi,avx512-vbmi,x86_64,linux,0
1,commit-3-amd-9950x3d,run-1,2,base64-ng,decode,standard,unpadded,23,31,182361,39059676,102.407379,avx512-vbmi,avx512-vbmi,avx512-vbmi,x86_64,linux,0
1,commit-3-amd-9950x3d,run-1,3,base64-ng,decode,standard,unpadded,23,31,182361,40065910,99.835472,avx512-vbmi,avx512-vbmi,avx512-vbmi,x86_64,linux,0
1,commit-3-amd-9950x3d,run-1,4,base64-ng,decode,standard,unpadded,23,31,182361,39089643,102.328871,avx512-vbmi,avx512-vbmi,avx512-vbmi,x86_64,linux,0
1,commit-3-amd-9950x3d,run-1,0,base64-0.23.0,encode,standard,unpadded,23,31,182361,2324736,1720.625072,external,avx512-vbmi,avx512-vbmi,x86_64,linux,0
1,commit-3-amd-9950x3d,run-1,1,base64-0.23.0,encode,standard,unpadded,23,31,182361,2369120,1688.390224,external,avx512-vbmi,avx512-vbmi,x86_64,linux,0
1,commit-3-amd-9950x3d,run-1,2,base64-0.23.0,encode,standard,unpadded,23,31,182361,2373077,1685.574908,external,avx512-vbmi,avx512-vbmi,x86_64,linux,0
1,commit-3-amd-9950x3d,run-1,3,base64-0.23.0,encode,standard,unpadded,23,31,182361,2377886,1682.166027,external,avx512-vbmi,avx512-vbmi,x86_64,linux,0
1,commit-3-amd-9950x3d,run-1,4,base64-0.23.0,encode,standard,unpadded,23,31,182361,2376804,1682.931805,external,avx512-vbmi,avx512-vbmi,x86_64,linux,0
1,commit-3-amd-9950x3d,run-1,0,base64-0.23.0,decode,standard,unpadded,23,31,182361,3327875,1201.967936,external,avx512-vbmi,avx512-vbmi,x86_64,linux,0
1,commit-3-amd-9950x3d,run-1,1,base64-0.23.0,decode,standard,unpadded,23,31,182361,3312696,1207.475436,external,avx512-vbmi,avx512-vbmi,x86_64,linux,0
1,commit-3-amd-9950x3d,run-1,2,base64-0.23.0,decode,standard,unpadded,23,31,182361,3323186,1203.663908,external,avx512-vbmi,avx512-vbmi,x86_64,linux,0
1,commit-3-amd-9950x3d,run-1,3,base64-0.23.0,decode,standard,unpadded,23,31,182361,3315401,1206.490270,external,avx512-vbmi,avx512-vbmi,x86_64,linux,0
1,commit-3-amd-9950x3d,run-1,4,base64-0.23.0,decode,standard,unpadded,23,31,182361,3304811,1210.356370,external,avx512-vbmi,avx512-vbmi,x86_64,linux,0
1,commit-3-amd-9950x3d,run-1,0,base64ct-1.8.3,encode,standard,unpadded,23,31,182361,2802355,1427.370567,external,avx512-vbmi,avx512-vbmi,x86_64,linux,0
1,commit-3-amd-9950x3d,run-1,1,base64ct-1.8.3,encode,standard,unpadded,23,31,182361,2791084,1433.134598,external,avx512-vbmi,avx512-vbmi,x86_64,linux,0
1,commit-3-amd-9950x3d,run-1,2,base64ct-1.8.3,encode,standard,unpadded,23,31,182361,2798047,1429.568212,external,avx512-vbmi,avx512-vbmi,x86_64,linux,0
1,commit-3-amd-9950x3d,run-1,3,base64ct-1.8.3,encode,standard,unpadded,23,31,182361,2792046,1432.640811,external,avx512-vbmi,avx512-vbmi,x86_64,linux,0
1,commit-3-amd-9950x3d,run-1,4,base64ct-1.8.3,encode,standard,unpadded,23,31,182361,2805581,1425.729304,external,avx512-vbmi,avx512-vbmi,x86_64,linux,0
1,commit-3-amd-9950x3d,run-1,0,base64ct-1.8.3,decode,standard,unpadded,23,31,182361,8795426,454.781729,external,avx512-vbmi,avx512-vbmi,x86_64,linux,0
1,commit-3-amd-9950x3d,run-1,1,base64ct-1.8.3,decode,standard,unpadded,23,31,182361,8758377,456.705511,external,avx512-vbmi,avx512-vbmi,x86_64,linux,0
1,commit-3-amd-9950x3d,run-1,2,base64ct-1.8.3,decode,standard,unpadded,23,31,182361,8746174,457.342725,external,avx512-vbmi,avx512-vbmi,x86_64,linux,0
1,commit-3-amd-9950x3d,run-1,3,base64ct-1.8.3,decode,standard,unpadded,23,31,182361,8713772,459.043345,external,avx512-vbmi,avx512-vbmi,x86_64,linux,0
1,commit-3-amd-9950x3d,run-1,4,base64ct-1.8.3,decode,standard,unpadded,23,31,182361,8689727,460.313546,external,avx512-vbmi,avx512-vbmi,x86_64,linux,0
1,commit-3-amd-9950x3d,run-1,0,base64-ng,encode,standard,unpadded,24,32,174762,12039914,332.227019,auto,avx512-vbmi,avx512-vbmi,x86_64,linux,0
1,commit-3-amd-9950x3d,run-1,1,base64-ng,encode,standard,unpadded,24,32,174762,11971015,334.139147,auto,avx512-vbmi,avx512-vbmi,x86_64,linux,0
1,commit-3-amd-9950x3d,run-1,2,base64-ng,encode,standard,unpadded,24,32,174762,11969291,334.187275,auto,avx512-vbmi,avx512-vbmi,x86_64,linux,0
1,commit-3-amd-9950x3d,run-1,3,base64-ng,encode,standard,unpadded,24,32,174762,11980653,333.870344,auto,avx512-vbmi,avx512-vbmi,x86_64,linux,0
1,commit-3-amd-9950x3d,run-1,4,base64-ng,encode,standard,unpadded,24,32,174762,11934275,335.167804,auto,avx512-vbmi,avx512-vbmi,x86_64,linux,0
1,commit-3-amd-9950x3d,run-1,0,base64-ng,decode,standard,unpadded,24,32,174762,38887552,102.860287,auto,avx512-vbmi,avx512-vbmi,x86_64,linux,0
1,commit-3-amd-9950x3d,run-1,1,base64-ng,decode,standard,unpadded,24,32,174762,38130197,104.903333,auto,avx512-vbmi,avx512-vbmi,x86_64,linux,0
1,commit-3-amd-9950x3d,run-1,2,base64-ng,decode,standard,unpadded,24,32,174762,38313111,104.402504,auto,avx512-vbmi,avx512-vbmi,x86_64,linux,0
1,commit-3-amd-9950x3d,run-1,3,base64-ng,decode,standard,unpadded,24,32,174762,38251795,104.569857,auto,avx512-vbmi,avx512-vbmi,x86_64,linux,0
1,commit-3-amd-9950x3d,run-1,4,base64-ng,decode,standard,unpadded,24,32,174762,37891597,105.563900,auto,avx512-vbmi,avx512-vbmi,x86_64,linux,0
1,commit-3-amd-9950x3d,run-1,0,base64-ng,encode,standard,unpadded,24,32,174762,11607670,344.598420,scalar,avx512-vbmi,avx512-vbmi,x86_64,linux,0
1,commit-3-amd-9950x3d,run-1,1,base64-ng,encode,standard,unpadded,24,32,174762,11612650,344.450641,scalar,avx512-vbmi,avx512-vbmi,x86_64,linux,0
1,commit-3-amd-9950x3d,run-1,2,base64-ng,encode,standard,unpadded,24,32,174762,11611538,344.483628,scalar,avx512-vbmi,avx512-vbmi,x86_64,linux,0
1,commit-3-amd-9950x3d,run-1,3,base64-ng,encode,standard,unpadded,24,32,174762,11608121,344.585032,scalar,avx512-vbmi,avx512-vbmi,x86_64,linux,0
1,commit-3-amd-9950x3d,run-1,4,base64-ng,encode,standard,unpadded,24,32,174762,11604825,344.682901,scalar,avx512-vbmi,avx512-vbmi,x86_64,linux,0
1,commit-3-amd-9950x3d,run-1,0,base64-ng,decode,standard,unpadded,24,32,174762,14207034,281.549600,scalar,avx512-vbmi,avx512-vbmi,x86_64,linux,0
1,commit-3-amd-9950x3d,run-1,1,base64-ng,decode,standard,unpadded,24,32,174762,14253411,280.633509,scalar,avx512-vbmi,avx512-vbmi,x86_64,linux,0
1,commit-3-amd-9950x3d,run-1,2,base64-ng,decode,standard,unpadded,24,32,174762,14251808,280.665074,scalar,avx512-vbmi,avx512-vbmi,x86_64,linux,0
1,commit-3-amd-9950x3d,run-1,3,base64-ng,decode,standard,unpadded,24,32,174762,14192667,281.834608,scalar,avx512-vbmi,avx512-vbmi,x86_64,linux,0
1,commit-3-amd-9950x3d,run-1,4,base64-ng,decode,standard,unpadded,24,32,174762,14197105,281.746507,scalar,avx512-vbmi,avx512-vbmi,x86_64,linux,0
1,commit-3-amd-9950x3d,run-1,0,base64-ng,encode,standard,unpadded,24,32,174762,15368620,260.269610,ssse3-sse4.1,avx512-vbmi,avx512-vbmi,x86_64,linux,0
1,commit-3-amd-9950x3d,run-1,1,base64-ng,encode,standard,unpadded,24,32,174762,15230761,262.625403,ssse3-sse4.1,avx512-vbmi,avx512-vbmi,x86_64,linux,0
1,commit-3-amd-9950x3d,run-1,2,base64-ng,encode,standard,unpadded,24,32,174762,15293989,261.539664,ssse3-sse4.1,avx512-vbmi,avx512-vbmi,x86_64,linux,0
1,commit-3-amd-9950x3d,run-1,3,base64-ng,encode,standard,unpadded,24,32,174762,15167822,263.715169,ssse3-sse4.1,avx512-vbmi,avx512-vbmi,x86_64,linux,0
1,commit-3-amd-9950x3d,run-1,4,base64-ng,encode,standard,unpadded,24,32,174762,15089886,265.077201,ssse3-sse4.1,avx512-vbmi,avx512-vbmi,x86_64,linux,0
1,commit-3-amd-9950x3d,run-1,0,base64-ng,decode,standard,unpadded,24,32,174762,53401644,74.903775,ssse3-sse4.1,avx512-vbmi,avx512-vbmi,x86_64,linux,0
1,commit-3-amd-9950x3d,run-1,1,base64-ng,decode,standard,unpadded,24,32,174762,53545434,74.702630,ssse3-sse4.1,avx512-vbmi,avx512-vbmi,x86_64,linux,0
1,commit-3-amd-9950x3d,run-1,2,base64-ng,decode,standard,unpadded,24,32,174762,53304821,75.039831,ssse3-sse4.1,avx512-vbmi,avx512-vbmi,x86_64,linux,0
1,commit-3-amd-9950x3d,run-1,3,base64-ng,decode,standard,unpadded,24,32,174762,53265387,75.095385,ssse3-sse4.1,avx512-vbmi,avx512-vbmi,x86_64,linux,0
1,commit-3-amd-9950x3d,run-1,4,base64-ng,decode,standard,unpadded,24,32,174762,53345928,74.982007,ssse3-sse4.1,avx512-vbmi,avx512-vbmi,x86_64,linux,0
1,commit-3-amd-9950x3d,run-1,0,base64-ng,encode,standard,unpadded,24,32,174762,9490525,421.471388,avx2,avx512-vbmi,avx512-vbmi,x86_64,linux,0
1,commit-3-amd-9950x3d,run-1,1,base64-ng,encode,standard,unpadded,24,32,174762,9572599,417.857756,avx2,avx512-vbmi,avx512-vbmi,x86_64,linux,0
1,commit-3-amd-9950x3d,run-1,2,base64-ng,encode,standard,unpadded,24,32,174762,9532945,419.595911,avx2,avx512-vbmi,avx512-vbmi,x86_64,linux,0
1,commit-3-amd-9950x3d,run-1,3,base64-ng,encode,standard,unpadded,24,32,174762,9564143,418.227199,avx2,avx512-vbmi,avx512-vbmi,x86_64,linux,0
1,commit-3-amd-9950x3d,run-1,4,base64-ng,encode,standard,unpadded,24,32,174762,9482641,421.821805,avx2,avx512-vbmi,avx512-vbmi,x86_64,linux,0
1,commit-3-amd-9950x3d,run-1,0,base64-ng,decode,standard,unpadded,24,32,174762,37733029,106.007518,avx2,avx512-vbmi,avx512-vbmi,x86_64,linux,0
1,commit-3-amd-9950x3d,run-1,1,base64-ng,decode,standard,unpadded,24,32,174762,37753266,105.950694,avx2,avx512-vbmi,avx512-vbmi,x86_64,linux,0
1,commit-3-amd-9950x3d,run-1,2,base64-ng,decode,standard,unpadded,24,32,174762,37779967,105.875814,avx2,avx512-vbmi,avx512-vbmi,x86_64,linux,0
1,commit-3-amd-9950x3d,run-1,3,base64-ng,decode,standard,unpadded,24,32,174762,37911695,105.507937,avx2,avx512-vbmi,avx512-vbmi,x86_64,linux,0
1,commit-3-amd-9950x3d,run-1,4,base64-ng,decode,standard,unpadded,24,32,174762,38064613,105.084077,avx2,avx512-vbmi,avx512-vbmi,x86_64,linux,0
1,commit-3-amd-9950x3d,run-1,0,base64-ng,encode,standard,unpadded,24,32,174762,11951047,334.697432,avx512-vbmi,avx512-vbmi,avx512-vbmi,x86_64,linux,0
1,commit-3-amd-9950x3d,run-1,1,base64-ng,encode,standard,unpadded,24,32,174762,11948622,334.765360,avx512-vbmi,avx512-vbmi,avx512-vbmi,x86_64,linux,0
1,commit-3-amd-9950x3d,run-1,2,base64-ng,encode,standard,unpadded,24,32,174762,11945225,334.860561,avx512-vbmi,avx512-vbmi,avx512-vbmi,x86_64,linux,0
1,commit-3-amd-9950x3d,run-1,3,base64-ng,encode,standard,unpadded,24,32,174762,11950656,334.708383,avx512-vbmi,avx512-vbmi,avx512-vbmi,x86_64,linux,0
1,commit-3-amd-9950x3d,run-1,4,base64-ng,encode,standard,unpadded,24,32,174762,11941829,334.955788,avx512-vbmi,avx512-vbmi,avx512-vbmi,x86_64,linux,0
1,commit-3-amd-9950x3d,run-1,0,base64-ng,decode,standard,unpadded,24,32,174762,39522177,101.208614,avx512-vbmi,avx512-vbmi,avx512-vbmi,x86_64,linux,0
1,commit-3-amd-9950x3d,run-1,1,base64-ng,decode,standard,unpadded,24,32,174762,38739524,103.253327,avx512-vbmi,avx512-vbmi,avx512-vbmi,x86_64,linux,0
1,commit-3-amd-9950x3d,run-1,2,base64-ng,decode,standard,unpadded,24,32,174762,39116123,102.259233,avx512-vbmi,avx512-vbmi,avx512-vbmi,x86_64,linux,0
1,commit-3-amd-9950x3d,run-1,3,base64-ng,decode,standard,unpadded,24,32,174762,39027856,102.490507,avx512-vbmi,avx512-vbmi,avx512-vbmi,x86_64,linux,0
1,commit-3-amd-9950x3d,run-1,4,base64-ng,decode,standard,unpadded,24,32,174762,38886079,102.864183,avx512-vbmi,avx512-vbmi,avx512-vbmi,x86_64,linux,0
1,commit-3-amd-9950x3d,run-1,0,base64-0.23.0,encode,standard,unpadded,24,32,174762,2170255,1843.094356,external,avx512-vbmi,avx512-vbmi,x86_64,linux,0
1,commit-3-amd-9950x3d,run-1,1,base64-0.23.0,encode,standard,unpadded,24,32,174762,2243283,1783.094126,external,avx512-vbmi,avx512-vbmi,x86_64,linux,0
1,commit-3-amd-9950x3d,run-1,2,base64-0.23.0,encode,standard,unpadded,24,32,174762,2233174,1791.165731,external,avx512-vbmi,avx512-vbmi,x86_64,linux,0
1,commit-3-amd-9950x3d,run-1,3,base64-0.23.0,encode,standard,unpadded,24,32,174762,2243604,1782.839013,external,avx512-vbmi,avx512-vbmi,x86_64,linux,0
1,commit-3-amd-9950x3d,run-1,4,base64-0.23.0,encode,standard,unpadded,24,32,174762,2233104,1791.221878,external,avx512-vbmi,avx512-vbmi,x86_64,linux,0
1,commit-3-amd-9950x3d,run-1,0,base64-0.23.0,decode,standard,unpadded,24,32,174762,3244517,1232.844439,external,avx512-vbmi,avx512-vbmi,x86_64,linux,0
1,commit-3-amd-9950x3d,run-1,1,base64-0.23.0,decode,standard,unpadded,24,32,174762,3246992,1231.904711,external,avx512-vbmi,avx512-vbmi,x86_64,linux,0
1,commit-3-amd-9950x3d,run-1,2,base64-0.23.0,decode,standard,unpadded,24,32,174762,3248465,1231.346110,external,avx512-vbmi,avx512-vbmi,x86_64,linux,0
1,commit-3-amd-9950x3d,run-1,3,base64-0.23.0,decode,standard,unpadded,24,32,174762,3243826,1233.107060,external,avx512-vbmi,avx512-vbmi,x86_64,linux,0
1,commit-3-amd-9950x3d,run-1,4,base64-0.23.0,decode,standard,unpadded,24,32,174762,3237455,1235.533696,external,avx512-vbmi,avx512-vbmi,x86_64,linux,0
1,commit-3-amd-9950x3d,run-1,0,base64ct-1.8.3,encode,standard,unpadded,24,32,174762,2792747,1432.276086,external,avx512-vbmi,avx512-vbmi,x86_64,linux,0
1,commit-3-amd-9950x3d,run-1,1,base64ct-1.8.3,encode,standard,unpadded,24,32,174762,2782999,1437.292914,external,avx512-vbmi,avx512-vbmi,x86_64,linux,0
1,commit-3-amd-9950x3d,run-1,2,base64ct-1.8.3,encode,standard,unpadded,24,32,174762,2791114,1433.114069,external,avx512-vbmi,avx512-vbmi,x86_64,linux,0
1,commit-3-amd-9950x3d,run-1,3,base64ct-1.8.3,encode,standard,unpadded,24,32,174762,2794099,1431.583040,external,avx512-vbmi,avx512-vbmi,x86_64,linux,0
1,commit-3-amd-9950x3d,run-1,4,base64ct-1.8.3,encode,standard,unpadded,24,32,174762,2792757,1432.270957,external,avx512-vbmi,avx512-vbmi,x86_64,linux,0
1,commit-3-amd-9950x3d,run-1,0,base64ct-1.8.3,decode,standard,unpadded,24,32,174762,6953449,575.251899,external,avx512-vbmi,avx512-vbmi,x86_64,linux,0
1,commit-3-amd-9950x3d,run-1,1,base64ct-1.8.3,decode,standard,unpadded,24,32,174762,6958559,574.829464,external,avx512-vbmi,avx512-vbmi,x86_64,linux,0
1,commit-3-amd-9950x3d,run-1,2,base64ct-1.8.3,decode,standard,unpadded,24,32,174762,6951285,575.430980,external,avx512-vbmi,avx512-vbmi,x86_64,linux,0
1,commit-3-amd-9950x3d,run-1,3,base64ct-1.8.3,decode,standard,unpadded,24,32,174762,6940485,576.326401,external,avx512-vbmi,avx512-vbmi,x86_64,linux,0
1,commit-3-amd-9950x3d,run-1,4,base64ct-1.8.3,decode,standard,unpadded,24,32,174762,6969880,573.895783,external,avx512-vbmi,avx512-vbmi,x86_64,linux,0
1,commit-3-amd-9950x3d,run-1,0,base64-ng,encode,standard,unpadded,31,42,135300,11681098,342.433236,auto,avx512-vbmi,avx512-vbmi,x86_64,linux,0
1,commit-3-amd-9950x3d,run-1,1,base64-ng,encode,standard,unpadded,31,42,135300,11614683,344.391335,auto,avx512-vbmi,avx512-vbmi,x86_64,linux,0
1,commit-3-amd-9950x3d,run-1,2,base64-ng,encode,standard,unpadded,31,42,135300,11602400,344.755929,auto,avx512-vbmi,avx512-vbmi,x86_64,linux,0
1,commit-3-amd-9950x3d,run-1,3,base64-ng,encode,standard,unpadded,31,42,135300,11602120,344.764249,auto,avx512-vbmi,avx512-vbmi,x86_64,linux,0
1,commit-3-amd-9950x3d,run-1,4,base64-ng,encode,standard,unpadded,31,42,135300,11599786,344.833619,auto,avx512-vbmi,avx512-vbmi,x86_64,linux,0
1,commit-3-amd-9950x3d,run-1,0,base64-ng,decode,standard,unpadded,31,42,135300,34098306,117.307768,auto,avx512-vbmi,avx512-vbmi,x86_64,linux,0
1,commit-3-amd-9950x3d,run-1,1,base64-ng,decode,standard,unpadded,31,42,135300,34134705,117.182679,auto,avx512-vbmi,avx512-vbmi,x86_64,linux,0
1,commit-3-amd-9950x3d,run-1,2,base64-ng,decode,standard,unpadded,31,42,135300,34145084,117.147059,auto,avx512-vbmi,avx512-vbmi,x86_64,linux,0
1,commit-3-amd-9950x3d,run-1,3,base64-ng,decode,standard,unpadded,31,42,135300,33953975,117.806418,auto,avx512-vbmi,avx512-vbmi,x86_64,linux,0
1,commit-3-amd-9950x3d,run-1,4,base64-ng,decode,standard,unpadded,31,42,135300,34060966,117.436369,auto,avx512-vbmi,avx512-vbmi,x86_64,linux,0
1,commit-3-amd-9950x3d,run-1,0,base64-ng,encode,standard,unpadded,31,42,135300,11445095,349.494363,scalar,avx512-vbmi,avx512-vbmi,x86_64,linux,0
1,commit-3-amd-9950x3d,run-1,1,base64-ng,encode,standard,unpadded,31,42,135300,11447629,349.417000,scalar,avx512-vbmi,avx512-vbmi,x86_64,linux,0
1,commit-3-amd-9950x3d,run-1,2,base64-ng,encode,standard,unpadded,31,42,135300,11442770,349.565375,scalar,avx512-vbmi,avx512-vbmi,x86_64,linux,0
1,commit-3-amd-9950x3d,run-1,3,base64-ng,encode,standard,unpadded,31,42,135300,11450685,349.323747,scalar,avx512-vbmi,avx512-vbmi,x86_64,linux,0
1,commit-3-amd-9950x3d,run-1,4,base64-ng,encode,standard,unpadded,31,42,135300,11445805,349.472683,scalar,avx512-vbmi,avx512-vbmi,x86_64,linux,0
1,commit-3-amd-9950x3d,run-1,0,base64-ng,decode,standard,unpadded,31,42,135300,14219106,281.311370,scalar,avx512-vbmi,avx512-vbmi,x86_64,linux,0
1,commit-3-amd-9950x3d,run-1,1,base64-ng,decode,standard,unpadded,31,42,135300,14212293,281.446223,scalar,avx512-vbmi,avx512-vbmi,x86_64,linux,0
1,commit-3-amd-9950x3d,run-1,2,base64-ng,decode,standard,unpadded,31,42,135300,14222002,281.254087,scalar,avx512-vbmi,avx512-vbmi,x86_64,linux,0
1,commit-3-amd-9950x3d,run-1,3,base64-ng,decode,standard,unpadded,31,42,135300,14211853,281.454937,scalar,avx512-vbmi,avx512-vbmi,x86_64,linux,0
1,commit-3-amd-9950x3d,run-1,4,base64-ng,decode,standard,unpadded,31,42,135300,14200020,281.689475,scalar,avx512-vbmi,avx512-vbmi,x86_64,linux,0
1,commit-3-amd-9950x3d,run-1,0,base64-ng,encode,standard,unpadded,31,42,135300,14293276,279.851602,ssse3-sse4.1,avx512-vbmi,avx512-vbmi,x86_64,linux,0
1,commit-3-amd-9950x3d,run-1,1,base64-ng,encode,standard,unpadded,31,42,135300,14385961,278.048591,ssse3-sse4.1,avx512-vbmi,avx512-vbmi,x86_64,linux,0
1,commit-3-amd-9950x3d,run-1,2,base64-ng,encode,standard,unpadded,31,42,135300,14280983,280.092497,ssse3-sse4.1,avx512-vbmi,avx512-vbmi,x86_64,linux,0
1,commit-3-amd-9950x3d,run-1,3,base64-ng,encode,standard,unpadded,31,42,135300,14287294,279.968774,ssse3-sse4.1,avx512-vbmi,avx512-vbmi,x86_64,linux,0
1,commit-3-amd-9950x3d,run-1,4,base64-ng,encode,standard,unpadded,31,42,135300,14195040,281.788300,ssse3-sse4.1,avx512-vbmi,avx512-vbmi,x86_64,linux,0
1,commit-3-amd-9950x3d,run-1,0,base64-ng,decode,standard,unpadded,31,42,135300,45721326,87.486443,ssse3-sse4.1,avx512-vbmi,avx512-vbmi,x86_64,linux,0
1,commit-3-amd-9950x3d,run-1,1,base64-ng,decode,standard,unpadded,31,42,135300,45568508,87.779837,ssse3-sse4.1,avx512-vbmi,avx512-vbmi,x86_64,linux,0
1,commit-3-amd-9950x3d,run-1,2,base64-ng,decode,standard,unpadded,31,42,135300,45633150,87.655491,ssse3-sse4.1,avx512-vbmi,avx512-vbmi,x86_64,linux,0
1,commit-3-amd-9950x3d,run-1,3,base64-ng,decode,standard,unpadded,31,42,135300,45414478,88.077555,ssse3-sse4.1,avx512-vbmi,avx512-vbmi,x86_64,linux,0
1,commit-3-amd-9950x3d,run-1,4,base64-ng,decode,standard,unpadded,31,42,135300,45663487,87.597257,ssse3-sse4.1,avx512-vbmi,avx512-vbmi,x86_64,linux,0
1,commit-3-amd-9950x3d,run-1,0,base64-ng,encode,standard,unpadded,31,42,135300,9860652,405.652302,avx2,avx512-vbmi,avx512-vbmi,x86_64,linux,0
1,commit-3-amd-9950x3d,run-1,1,base64-ng,encode,standard,unpadded,31,42,135300,9936504,402.555686,avx2,avx512-vbmi,avx512-vbmi,x86_64,linux,0
1,commit-3-amd-9950x3d,run-1,2,base64-ng,encode,standard,unpadded,31,42,135300,9822400,407.232060,avx2,avx512-vbmi,avx512-vbmi,x86_64,linux,0
1,commit-3-amd-9950x3d,run-1,3,base64-ng,encode,standard,unpadded,31,42,135300,9867885,405.354966,avx2,avx512-vbmi,avx512-vbmi,x86_64,linux,0
1,commit-3-amd-9950x3d,run-1,4,base64-ng,encode,standard,unpadded,31,42,135300,9837599,406.602890,avx2,avx512-vbmi,avx512-vbmi,x86_64,linux,0
1,commit-3-amd-9950x3d,run-1,0,base64-ng,decode,standard,unpadded,31,42,135300,33365617,119.883777,avx2,avx512-vbmi,avx512-vbmi,x86_64,linux,0
1,commit-3-amd-9950x3d,run-1,1,base64-ng,decode,standard,unpadded,31,42,135300,33486745,119.450134,avx2,avx512-vbmi,avx512-vbmi,x86_64,linux,0
1,commit-3-amd-9950x3d,run-1,2,base64-ng,decode,standard,unpadded,31,42,135300,33466167,119.523583,avx2,avx512-vbmi,avx512-vbmi,x86_64,linux,0
1,commit-3-amd-9950x3d,run-1,3,base64-ng,decode,standard,unpadded,31,42,135300,33330631,120.009615,avx2,avx512-vbmi,avx512-vbmi,x86_64,linux,0
1,commit-3-amd-9950x3d,run-1,4,base64-ng,decode,standard,unpadded,31,42,135300,33385344,119.812939,avx2,avx512-vbmi,avx512-vbmi,x86_64,linux,0
1,commit-3-amd-9950x3d,run-1,0,base64-ng,encode,standard,unpadded,31,42,135300,11693973,342.056219,avx512-vbmi,avx512-vbmi,avx512-vbmi,x86_64,linux,0
1,commit-3-amd-9950x3d,run-1,1,base64-ng,encode,standard,unpadded,31,42,135300,11710945,341.560496,avx512-vbmi,avx512-vbmi,avx512-vbmi,x86_64,linux,0
1,commit-3-amd-9950x3d,run-1,2,base64-ng,encode,standard,unpadded,31,42,135300,11716455,341.399868,avx512-vbmi,avx512-vbmi,avx512-vbmi,x86_64,linux,0
1,commit-3-amd-9950x3d,run-1,3,base64-ng,encode,standard,unpadded,31,42,135300,11806925,338.783907,avx512-vbmi,avx512-vbmi,avx512-vbmi,x86_64,linux,0
1,commit-3-amd-9950x3d,run-1,4,base64-ng,encode,standard,unpadded,31,42,135300,11786877,339.360136,avx512-vbmi,avx512-vbmi,avx512-vbmi,x86_64,linux,0
1,commit-3-amd-9950x3d,run-1,0,base64-ng,decode,standard,unpadded,31,42,135300,33899152,117.996939,avx512-vbmi,avx512-vbmi,avx512-vbmi,x86_64,linux,0
1,commit-3-amd-9950x3d,run-1,1,base64-ng,decode,standard,unpadded,31,42,135300,33641808,118.899560,avx512-vbmi,avx512-vbmi,avx512-vbmi,x86_64,linux,0
1,commit-3-amd-9950x3d,run-1,2,base64-ng,decode,standard,unpadded,31,42,135300,33604417,119.031858,avx512-vbmi,avx512-vbmi,avx512-vbmi,x86_64,linux,0
1,commit-3-amd-9950x3d,run-1,3,base64-ng,decode,standard,unpadded,31,42,135300,33640215,118.905191,avx512-vbmi,avx512-vbmi,avx512-vbmi,x86_64,linux,0
1,commit-3-amd-9950x3d,run-1,4,base64-ng,decode,standard,unpadded,31,42,135300,33810104,118.307716,avx512-vbmi,avx512-vbmi,avx512-vbmi,x86_64,linux,0
1,commit-3-amd-9950x3d,run-1,0,base64-0.23.0,encode,standard,unpadded,31,42,135300,1698627,2354.840813,external,avx512-vbmi,avx512-vbmi,x86_64,linux,0
1,commit-3-amd-9950x3d,run-1,1,base64-0.23.0,encode,standard,unpadded,31,42,135300,1734946,2305.545063,external,avx512-vbmi,avx512-vbmi,x86_64,linux,0
1,commit-3-amd-9950x3d,run-1,2,base64-0.23.0,encode,standard,unpadded,31,42,135300,1746938,2289.718459,external,avx512-vbmi,avx512-vbmi,x86_64,linux,0
1,commit-3-amd-9950x3d,run-1,3,base64-0.23.0,encode,standard,unpadded,31,42,135300,1740847,2297.729890,external,avx512-vbmi,avx512-vbmi,x86_64,linux,0
1,commit-3-amd-9950x3d,run-1,4,base64-0.23.0,encode,standard,unpadded,31,42,135300,1747309,2289.232291,external,avx512-vbmi,avx512-vbmi,x86_64,linux,0
1,commit-3-amd-9950x3d,run-1,0,base64-0.23.0,decode,standard,unpadded,31,42,135300,2558756,1563.258156,external,avx512-vbmi,avx512-vbmi,x86_64,linux,0
1,commit-3-amd-9950x3d,run-1,1,base64-0.23.0,decode,standard,unpadded,31,42,135300,2551393,1567.769522,external,avx512-vbmi,avx512-vbmi,x86_64,linux,0
1,commit-3-amd-9950x3d,run-1,2,base64-0.23.0,decode,standard,unpadded,31,42,135300,2563976,1560.075518,external,avx512-vbmi,avx512-vbmi,x86_64,linux,0
1,commit-3-amd-9950x3d,run-1,3,base64-0.23.0,decode,standard,unpadded,31,42,135300,2556522,1564.624199,external,avx512-vbmi,avx512-vbmi,x86_64,linux,0
1,commit-3-amd-9950x3d,run-1,4,base64-0.23.0,decode,standard,unpadded,31,42,135300,2557364,1564.109053,external,avx512-vbmi,avx512-vbmi,x86_64,linux,0
1,commit-3-amd-9950x3d,run-1,0,base64ct-1.8.3,encode,standard,unpadded,31,42,135300,2619030,1527.281545,external,avx512-vbmi,avx512-vbmi,x86_64,linux,0
1,commit-3-amd-9950x3d,run-1,1,base64ct-1.8.3,encode,standard,unpadded,31,42,135300,2605214,1535.381042,external,avx512-vbmi,avx512-vbmi,x86_64,linux,0
1,commit-3-amd-9950x3d,run-1,2,base64ct-1.8.3,encode,standard,unpadded,31,42,135300,2757290,1450.698398,external,avx512-vbmi,avx512-vbmi,x86_64,linux,0
1,commit-3-amd-9950x3d,run-1,3,base64ct-1.8.3,encode,standard,unpadded,31,42,135300,2615022,1529.622384,external,avx512-vbmi,avx512-vbmi,x86_64,linux,0
1,commit-3-amd-9950x3d,run-1,4,base64ct-1.8.3,encode,standard,unpadded,31,42,135300,2620493,1526.428876,external,avx512-vbmi,avx512-vbmi,x86_64,linux,0
1,commit-3-amd-9950x3d,run-1,0,base64ct-1.8.3,decode,standard,unpadded,31,42,135300,7453300,536.674518,external,avx512-vbmi,avx512-vbmi,x86_64,linux,0
1,commit-3-amd-9950x3d,run-1,1,base64ct-1.8.3,decode,standard,unpadded,31,42,135300,7470262,535.455943,external,avx512-vbmi,avx512-vbmi,x86_64,linux,0
1,commit-3-amd-9950x3d,run-1,2,base64ct-1.8.3,decode,standard,unpadded,31,42,135300,7404578,540.205827,external,avx512-vbmi,avx512-vbmi,x86_64,linux,0
1,commit-3-amd-9950x3d,run-1,3,base64ct-1.8.3,decode,standard,unpadded,31,42,135300,7471715,535.351815,external,avx512-vbmi,avx512-vbmi,x86_64,linux,0
1,commit-3-amd-9950x3d,run-1,4,base64ct-1.8.3,decode,standard,unpadded,31,42,135300,7400741,540.485903,external,avx512-vbmi,avx512-vbmi,x86_64,linux,0
1,commit-3-amd-9950x3d,run-1,0,base64-ng,encode,standard,unpadded,32,43,131072,11567655,345.791779,auto,avx512-vbmi,avx512-vbmi,x86_64,linux,0
1,commit-3-amd-9950x3d,run-1,1,base64-ng,encode,standard,unpadded,32,43,131072,11531998,346.860969,auto,avx512-vbmi,avx512-vbmi,x86_64,linux,0
1,commit-3-amd-9950x3d,run-1,2,base64-ng,encode,standard,unpadded,32,43,131072,11517590,347.294877,auto,avx512-vbmi,avx512-vbmi,x86_64,linux,0
1,commit-3-amd-9950x3d,run-1,3,base64-ng,encode,standard,unpadded,32,43,131072,11527860,346.985477,auto,avx512-vbmi,avx512-vbmi,x86_64,linux,0
1,commit-3-amd-9950x3d,run-1,4,base64-ng,encode,standard,unpadded,32,43,131072,11519825,347.227497,auto,avx512-vbmi,avx512-vbmi,x86_64,linux,0
1,commit-3-amd-9950x3d,run-1,0,base64-ng,decode,standard,unpadded,32,43,131072,33364485,119.887959,auto,avx512-vbmi,avx512-vbmi,x86_64,linux,0
1,commit-3-amd-9950x3d,run-1,1,base64-ng,decode,standard,unpadded,32,43,131072,33343847,119.962163,auto,avx512-vbmi,avx512-vbmi,x86_64,linux,0
1,commit-3-amd-9950x3d,run-1,2,base64-ng,decode,standard,unpadded,32,43,131072,33306296,120.097413,auto,avx512-vbmi,avx512-vbmi,x86_64,linux,0
1,commit-3-amd-9950x3d,run-1,3,base64-ng,decode,standard,unpadded,32,43,131072,33186871,120.529591,auto,avx512-vbmi,avx512-vbmi,x86_64,linux,0
1,commit-3-amd-9950x3d,run-1,4,base64-ng,decode,standard,unpadded,32,43,131072,33350960,119.936578,auto,avx512-vbmi,avx512-vbmi,x86_64,linux,0
1,commit-3-amd-9950x3d,run-1,0,base64-ng,encode,standard,unpadded,32,43,131072,11472175,348.669716,scalar,avx512-vbmi,avx512-vbmi,x86_64,linux,0
1,commit-3-amd-9950x3d,run-1,1,base64-ng,encode,standard,unpadded,32,43,131072,11401773,350.822631,scalar,avx512-vbmi,avx512-vbmi,x86_64,linux,0
1,commit-3-amd-9950x3d,run-1,2,base64-ng,encode,standard,unpadded,32,43,131072,11385983,351.309149,scalar,avx512-vbmi,avx512-vbmi,x86_64,linux,0
1,commit-3-amd-9950x3d,run-1,3,base64-ng,encode,standard,unpadded,32,43,131072,11394720,351.039780,scalar,avx512-vbmi,avx512-vbmi,x86_64,linux,0
1,commit-3-amd-9950x3d,run-1,4,base64-ng,encode,standard,unpadded,32,43,131072,11392535,351.107107,scalar,avx512-vbmi,avx512-vbmi,x86_64,linux,0
1,commit-3-amd-9950x3d,run-1,0,base64-ng,decode,standard,unpadded,32,43,131072,14056550,284.564847,scalar,avx512-vbmi,avx512-vbmi,x86_64,linux,0
1,commit-3-amd-9950x3d,run-1,1,base64-ng,decode,standard,unpadded,32,43,131072,14074984,284.192153,scalar,avx512-vbmi,avx512-vbmi,x86_64,linux,0
1,commit-3-amd-9950x3d,run-1,2,base64-ng,decode,standard,unpadded,32,43,131072,14072780,284.236661,scalar,avx512-vbmi,avx512-vbmi,x86_64,linux,0
1,commit-3-amd-9950x3d,run-1,3,base64-ng,decode,standard,unpadded,32,43,131072,14083822,284.013814,scalar,avx512-vbmi,avx512-vbmi,x86_64,linux,0
1,commit-3-amd-9950x3d,run-1,4,base64-ng,decode,standard,unpadded,32,43,131072,14227622,281.143258,scalar,avx512-vbmi,avx512-vbmi,x86_64,linux,0
1,commit-3-amd-9950x3d,run-1,0,base64-ng,encode,standard,unpadded,32,43,131072,14299978,279.720710,ssse3-sse4.1,avx512-vbmi,avx512-vbmi,x86_64,linux,0
1,commit-3-amd-9950x3d,run-1,1,base64-ng,encode,standard,unpadded,32,43,131072,14234455,281.008300,ssse3-sse4.1,avx512-vbmi,avx512-vbmi,x86_64,linux,0
1,commit-3-amd-9950x3d,run-1,2,base64-ng,encode,standard,unpadded,32,43,131072,14154314,282.599355,ssse3-sse4.1,avx512-vbmi,avx512-vbmi,x86_64,linux,0
1,commit-3-amd-9950x3d,run-1,3,base64-ng,encode,standard,unpadded,32,43,131072,14096345,283.761500,ssse3-sse4.1,avx512-vbmi,avx512-vbmi,x86_64,linux,0
1,commit-3-amd-9950x3d,run-1,4,base64-ng,encode,standard,unpadded,32,43,131072,14211632,281.459582,ssse3-sse4.1,avx512-vbmi,avx512-vbmi,x86_64,linux,0
1,commit-3-amd-9950x3d,run-1,0,base64-ng,decode,standard,unpadded,32,43,131072,44309708,90.273671,ssse3-sse4.1,avx512-vbmi,avx512-vbmi,x86_64,linux,0
1,commit-3-amd-9950x3d,run-1,1,base64-ng,decode,standard,unpadded,32,43,131072,44303827,90.285654,ssse3-sse4.1,avx512-vbmi,avx512-vbmi,x86_64,linux,0
1,commit-3-amd-9950x3d,run-1,2,base64-ng,decode,standard,unpadded,32,43,131072,44283129,90.327854,ssse3-sse4.1,avx512-vbmi,avx512-vbmi,x86_64,linux,0
1,commit-3-amd-9950x3d,run-1,3,base64-ng,decode,standard,unpadded,32,43,131072,44336579,90.218959,ssse3-sse4.1,avx512-vbmi,avx512-vbmi,x86_64,linux,0
1,commit-3-amd-9950x3d,run-1,4,base64-ng,decode,standard,unpadded,32,43,131072,44595446,89.695257,ssse3-sse4.1,avx512-vbmi,avx512-vbmi,x86_64,linux,0
1,commit-3-amd-9950x3d,run-1,0,base64-ng,encode,standard,unpadded,32,43,131072,9815777,407.507220,avx2,avx512-vbmi,avx512-vbmi,x86_64,linux,0
1,commit-3-amd-9950x3d,run-1,1,base64-ng,encode,standard,unpadded,32,43,131072,9819975,407.333013,avx2,avx512-vbmi,avx512-vbmi,x86_64,linux,0
1,commit-3-amd-9950x3d,run-1,2,base64-ng,encode,standard,unpadded,32,43,131072,9825425,407.107072,avx2,avx512-vbmi,avx512-vbmi,x86_64,linux,0
1,commit-3-amd-9950x3d,run-1,3,base64-ng,encode,standard,unpadded,32,43,131072,9819053,407.371261,avx2,avx512-vbmi,avx512-vbmi,x86_64,linux,0
1,commit-3-amd-9950x3d,run-1,4,base64-ng,encode,standard,unpadded,32,43,131072,9826487,407.063074,avx2,avx512-vbmi,avx512-vbmi,x86_64,linux,0
1,commit-3-amd-9950x3d,run-1,0,base64-ng,decode,standard,unpadded,32,43,131072,32709963,122.286901,avx2,avx512-vbmi,avx512-vbmi,x86_64,linux,0
1,commit-3-amd-9950x3d,run-1,1,base64-ng,decode,standard,unpadded,32,43,131072,32894541,121.600724,avx2,avx512-vbmi,avx512-vbmi,x86_64,linux,0
1,commit-3-amd-9950x3d,run-1,2,base64-ng,decode,standard,unpadded,32,43,131072,32720473,122.247622,avx2,avx512-vbmi,avx512-vbmi,x86_64,linux,0
1,commit-3-amd-9950x3d,run-1,3,base64-ng,decode,standard,unpadded,32,43,131072,32754948,122.118954,avx2,avx512-vbmi,avx512-vbmi,x86_64,linux,0
1,commit-3-amd-9950x3d,run-1,4,base64-ng,decode,standard,unpadded,32,43,131072,32736453,122.187947,avx2,avx512-vbmi,avx512-vbmi,x86_64,linux,0
1,commit-3-amd-9950x3d,run-1,0,base64-ng,encode,standard,unpadded,32,43,131072,11638628,343.683121,avx512-vbmi,avx512-vbmi,avx512-vbmi,x86_64,linux,0
1,commit-3-amd-9950x3d,run-1,1,base64-ng,encode,standard,unpadded,32,43,131072,11637908,343.704384,avx512-vbmi,avx512-vbmi,avx512-vbmi,x86_64,linux,0
1,commit-3-amd-9950x3d,run-1,2,base64-ng,encode,standard,unpadded,32,43,131072,11639370,343.661212,avx512-vbmi,avx512-vbmi,avx512-vbmi,x86_64,linux,0
1,commit-3-amd-9950x3d,run-1,3,base64-ng,encode,standard,unpadded,32,43,131072,11638719,343.680434,avx512-vbmi,avx512-vbmi,avx512-vbmi,x86_64,linux,0
1,commit-3-amd-9950x3d,run-1,4,base64-ng,encode,standard,unpadded,32,43,131072,11647075,343.433866,avx512-vbmi,avx512-vbmi,avx512-vbmi,x86_64,linux,0
1,commit-3-amd-9950x3d,run-1,0,base64-ng,decode,standard,unpadded,32,43,131072,33146956,120.674731,avx512-vbmi,avx512-vbmi,avx512-vbmi,x86_64,linux,0
1,commit-3-amd-9950x3d,run-1,1,base64-ng,decode,standard,unpadded,32,43,131072,33101771,120.839456,avx512-vbmi,avx512-vbmi,avx512-vbmi,x86_64,linux,0
1,commit-3-amd-9950x3d,run-1,2,base64-ng,decode,standard,unpadded,32,43,131072,33000350,121.210836,avx512-vbmi,avx512-vbmi,avx512-vbmi,x86_64,linux,0
1,commit-3-amd-9950x3d,run-1,3,base64-ng,decode,standard,unpadded,32,43,131072,33096221,120.859720,avx512-vbmi,avx512-vbmi,avx512-vbmi,x86_64,linux,0
1,commit-3-amd-9950x3d,run-1,4,base64-ng,decode,standard,unpadded,32,43,131072,32988678,121.253722,avx512-vbmi,avx512-vbmi,avx512-vbmi,x86_64,linux,0
1,commit-3-amd-9950x3d,run-1,0,base64-0.23.0,encode,standard,unpadded,32,43,131072,1693167,2362.436783,external,avx512-vbmi,avx512-vbmi,x86_64,linux,0
1,commit-3-amd-9950x3d,run-1,1,base64-0.23.0,encode,standard,unpadded,32,43,131072,1728794,2313.751667,external,avx512-vbmi,avx512-vbmi,x86_64,linux,0
1,commit-3-amd-9950x3d,run-1,2,base64-0.23.0,encode,standard,unpadded,32,43,131072,1739054,2300.101089,external,avx512-vbmi,avx512-vbmi,x86_64,linux,0
1,commit-3-amd-9950x3d,run-1,3,base64-0.23.0,encode,standard,unpadded,32,43,131072,1742931,2294.984713,external,avx512-vbmi,avx512-vbmi,x86_64,linux,0
1,commit-3-amd-9950x3d,run-1,4,base64-0.23.0,encode,standard,unpadded,32,43,131072,1736148,2303.951046,external,avx512-vbmi,avx512-vbmi,x86_64,linux,0
1,commit-3-amd-9950x3d,run-1,0,base64-0.23.0,decode,standard,unpadded,32,43,131072,2520715,1586.851350,external,avx512-vbmi,avx512-vbmi,x86_64,linux,0
1,commit-3-amd-9950x3d,run-1,1,base64-0.23.0,decode,standard,unpadded,32,43,131072,2521606,1586.290642,external,avx512-vbmi,avx512-vbmi,x86_64,linux,0
1,commit-3-amd-9950x3d,run-1,2,base64-0.23.0,decode,standard,unpadded,32,43,131072,2518140,1588.474032,external,avx512-vbmi,avx512-vbmi,x86_64,linux,0
1,commit-3-amd-9950x3d,run-1,3,base64-0.23.0,decode,standard,unpadded,32,43,131072,2519683,1587.501285,external,avx512-vbmi,avx512-vbmi,x86_64,linux,0
1,commit-3-amd-9950x3d,run-1,4,base64-0.23.0,decode,standard,unpadded,32,43,131072,2520134,1587.217188,external,avx512-vbmi,avx512-vbmi,x86_64,linux,0
1,commit-3-amd-9950x3d,run-1,0,base64ct-1.8.3,encode,standard,unpadded,32,43,131072,2548588,1569.496521,external,avx512-vbmi,avx512-vbmi,x86_64,linux,0
1,commit-3-amd-9950x3d,run-1,1,base64ct-1.8.3,encode,standard,unpadded,32,43,131072,2537226,1576.524913,external,avx512-vbmi,avx512-vbmi,x86_64,linux,0
1,commit-3-amd-9950x3d,run-1,2,base64ct-1.8.3,encode,standard,unpadded,32,43,131072,2530413,1580.769621,external,avx512-vbmi,avx512-vbmi,x86_64,linux,0
1,commit-3-amd-9950x3d,run-1,3,base64ct-1.8.3,encode,standard,unpadded,32,43,131072,2542466,1573.275709,external,avx512-vbmi,avx512-vbmi,x86_64,linux,0
1,commit-3-amd-9950x3d,run-1,4,base64ct-1.8.3,encode,standard,unpadded,32,43,131072,2543457,1572.662718,external,avx512-vbmi,avx512-vbmi,x86_64,linux,0
1,commit-3-amd-9950x3d,run-1,0,base64ct-1.8.3,decode,standard,unpadded,32,43,131072,7503094,533.113406,external,avx512-vbmi,avx512-vbmi,x86_64,linux,0
1,commit-3-amd-9950x3d,run-1,1,base64ct-1.8.3,decode,standard,unpadded,32,43,131072,7525085,531.555458,external,avx512-vbmi,avx512-vbmi,x86_64,linux,0
1,commit-3-amd-9950x3d,run-1,2,base64ct-1.8.3,decode,standard,unpadded,32,43,131072,7530886,531.146003,external,avx512-vbmi,avx512-vbmi,x86_64,linux,0
1,commit-3-amd-9950x3d,run-1,3,base64ct-1.8.3,decode,standard,unpadded,32,43,131072,7531588,531.096497,external,avx512-vbmi,avx512-vbmi,x86_64,linux,0
1,commit-3-amd-9950x3d,run-1,4,base64ct-1.8.3,decode,standard,unpadded,32,43,131072,7550252,529.783642,external,avx512-vbmi,avx512-vbmi,x86_64,linux,0
1,commit-3-amd-9950x3d,run-1,0,base64-ng,encode,standard,unpadded,47,63,89240,11373559,351.690892,auto,avx512-vbmi,avx512-vbmi,x86_64,linux,0
1,commit-3-amd-9950x3d,run-1,1,base64-ng,encode,standard,unpadded,47,63,89240,11284903,354.453832,auto,avx512-vbmi,avx512-vbmi,x86_64,linux,0
1,commit-3-amd-9950x3d,run-1,2,base64-ng,encode,standard,unpadded,47,63,89240,11397665,350.947068,auto,avx512-vbmi,avx512-vbmi,x86_64,linux,0
1,commit-3-amd-9950x3d,run-1,3,base64-ng,encode,standard,unpadded,47,63,89240,11283731,354.490648,auto,avx512-vbmi,avx512-vbmi,x86_64,linux,0
1,commit-3-amd-9950x3d,run-1,4,base64-ng,encode,standard,unpadded,47,63,89240,11280004,354.607774,auto,avx512-vbmi,avx512-vbmi,x86_64,linux,0
1,commit-3-amd-9950x3d,run-1,0,base64-ng,decode,standard,unpadded,47,63,89240,38665925,103.449668,auto,avx512-vbmi,avx512-vbmi,x86_64,linux,0
1,commit-3-amd-9950x3d,run-1,1,base64-ng,decode,standard,unpadded,47,63,89240,38717482,103.311912,auto,avx512-vbmi,avx512-vbmi,x86_64,linux,0
1,commit-3-amd-9950x3d,run-1,2,base64-ng,decode,standard,unpadded,47,63,89240,38849110,102.961873,auto,avx512-vbmi,avx512-vbmi,x86_64,linux,0
1,commit-3-amd-9950x3d,run-1,3,base64-ng,decode,standard,unpadded,47,63,89240,38966010,102.652982,auto,avx512-vbmi,avx512-vbmi,x86_64,linux,0
1,commit-3-amd-9950x3d,run-1,4,base64-ng,decode,standard,unpadded,47,63,89240,38670233,103.438144,auto,avx512-vbmi,avx512-vbmi,x86_64,linux,0
1,commit-3-amd-9950x3d,run-1,0,base64-ng,encode,standard,unpadded,47,63,89240,11189894,357.463360,scalar,avx512-vbmi,avx512-vbmi,x86_64,linux,0
1,commit-3-amd-9950x3d,run-1,1,base64-ng,encode,standard,unpadded,47,63,89240,11191828,357.401589,scalar,avx512-vbmi,avx512-vbmi,x86_64,linux,0
1,commit-3-amd-9950x3d,run-1,2,base64-ng,encode,standard,unpadded,47,63,89240,11195805,357.274632,scalar,avx512-vbmi,avx512-vbmi,x86_64,linux,0
1,commit-3-amd-9950x3d,run-1,3,base64-ng,encode,standard,unpadded,47,63,89240,11193511,357.347852,scalar,avx512-vbmi,avx512-vbmi,x86_64,linux,0
1,commit-3-amd-9950x3d,run-1,4,base64-ng,encode,standard,unpadded,47,63,89240,11200874,357.112946,scalar,avx512-vbmi,avx512-vbmi,x86_64,linux,0
1,commit-3-amd-9950x3d,run-1,0,base64-ng,decode,standard,unpadded,47,63,89240,13912429,287.511053,scalar,avx512-vbmi,avx512-vbmi,x86_64,linux,0
1,commit-3-amd-9950x3d,run-1,1,base64-ng,decode,standard,unpadded,47,63,89240,13999313,285.726672,scalar,avx512-vbmi,avx512-vbmi,x86_64,linux,0
1,commit-3-amd-9950x3d,run-1,2,base64-ng,decode,standard,unpadded,47,63,89240,13987941,285.958964,scalar,avx512-vbmi,avx512-vbmi,x86_64,linux,0
1,commit-3-amd-9950x3d,run-1,3,base64-ng,decode,standard,unpadded,47,63,89240,14663994,272.775419,scalar,avx512-vbmi,avx512-vbmi,x86_64,linux,0
1,commit-3-amd-9950x3d,run-1,4,base64-ng,decode,standard,unpadded,47,63,89240,14305939,279.602556,scalar,avx512-vbmi,avx512-vbmi,x86_64,linux,0
1,commit-3-amd-9950x3d,run-1,0,base64-ng,encode,standard,unpadded,47,63,89240,14757179,271.052964,ssse3-sse4.1,avx512-vbmi,avx512-vbmi,x86_64,linux,0
1,commit-3-amd-9950x3d,run-1,1,base64-ng,encode,standard,unpadded,47,63,89240,14843060,269.484669,ssse3-sse4.1,avx512-vbmi,avx512-vbmi,x86_64,linux,0
1,commit-3-amd-9950x3d,run-1,2,base64-ng,encode,standard,unpadded,47,63,89240,14793267,270.391734,ssse3-sse4.1,avx512-vbmi,avx512-vbmi,x86_64,linux,0
1,commit-3-amd-9950x3d,run-1,3,base64-ng,encode,standard,unpadded,47,63,89240,14656940,272.906699,ssse3-sse4.1,avx512-vbmi,avx512-vbmi,x86_64,linux,0
1,commit-3-amd-9950x3d,run-1,4,base64-ng,encode,standard,unpadded,47,63,89240,14702046,272.069419,ssse3-sse4.1,avx512-vbmi,avx512-vbmi,x86_64,linux,0
1,commit-3-amd-9950x3d,run-1,0,base64-ng,decode,standard,unpadded,47,63,89240,43982042,90.945689,ssse3-sse4.1,avx512-vbmi,avx512-vbmi,x86_64,linux,0
1,commit-3-amd-9950x3d,run-1,1,base64-ng,decode,standard,unpadded,47,63,89240,44149427,90.600884,ssse3-sse4.1,avx512-vbmi,avx512-vbmi,x86_64,linux,0
1,commit-3-amd-9950x3d,run-1,2,base64-ng,decode,standard,unpadded,47,63,89240,44016497,90.874499,ssse3-sse4.1,avx512-vbmi,avx512-vbmi,x86_64,linux,0
1,commit-3-amd-9950x3d,run-1,3,base64-ng,decode,standard,unpadded,47,63,89240,44019312,90.868688,ssse3-sse4.1,avx512-vbmi,avx512-vbmi,x86_64,linux,0
1,commit-3-amd-9950x3d,run-1,4,base64-ng,decode,standard,unpadded,47,63,89240,44140620,90.618961,ssse3-sse4.1,avx512-vbmi,avx512-vbmi,x86_64,linux,0
1,commit-3-amd-9950x3d,run-1,0,base64-ng,encode,standard,unpadded,47,63,89240,10146651,394.216487,avx2,avx512-vbmi,avx512-vbmi,x86_64,linux,0
1,commit-3-amd-9950x3d,run-1,1,base64-ng,encode,standard,unpadded,47,63,89240,10144266,394.309171,avx2,avx512-vbmi,avx512-vbmi,x86_64,linux,0
1,commit-3-amd-9950x3d,run-1,2,base64-ng,encode,standard,unpadded,47,63,89240,10145708,394.253128,avx2,avx512-vbmi,avx512-vbmi,x86_64,linux,0
1,commit-3-amd-9950x3d,run-1,3,base64-ng,encode,standard,unpadded,47,63,89240,10149686,394.098607,avx2,avx512-vbmi,avx512-vbmi,x86_64,linux,0
1,commit-3-amd-9950x3d,run-1,4,base64-ng,encode,standard,unpadded,47,63,89240,10157761,393.785315,avx2,avx512-vbmi,avx512-vbmi,x86_64,linux,0
1,commit-3-amd-9950x3d,run-1,0,base64-ng,decode,standard,unpadded,47,63,89240,38356002,104.285559,avx2,avx512-vbmi,avx512-vbmi,x86_64,linux,0
1,commit-3-amd-9950x3d,run-1,1,base64-ng,decode,standard,unpadded,47,63,89240,38413620,104.129137,avx2,avx512-vbmi,avx512-vbmi,x86_64,linux,0
1,commit-3-amd-9950x3d,run-1,2,base64-ng,decode,standard,unpadded,47,63,89240,38286771,104.474131,avx2,avx512-vbmi,avx512-vbmi,x86_64,linux,0
1,commit-3-amd-9950x3d,run-1,3,base64-ng,decode,standard,unpadded,47,63,89240,38306859,104.419345,avx2,avx512-vbmi,avx512-vbmi,x86_64,linux,0
1,commit-3-amd-9950x3d,run-1,4,base64-ng,decode,standard,unpadded,47,63,89240,38335323,104.341813,avx2,avx512-vbmi,avx512-vbmi,x86_64,linux,0
1,commit-3-amd-9950x3d,run-1,0,base64-ng,encode,standard,unpadded,47,63,89240,11383067,351.397133,avx512-vbmi,avx512-vbmi,avx512-vbmi,x86_64,linux,0
1,commit-3-amd-9950x3d,run-1,1,base64-ng,encode,standard,unpadded,47,63,89240,11369502,351.816387,avx512-vbmi,avx512-vbmi,avx512-vbmi,x86_64,linux,0
1,commit-3-amd-9950x3d,run-1,2,base64-ng,encode,standard,unpadded,47,63,89240,11377677,351.563602,avx512-vbmi,avx512-vbmi,avx512-vbmi,x86_64,linux,0
1,commit-3-amd-9950x3d,run-1,3,base64-ng,encode,standard,unpadded,47,63,89240,11371756,351.746653,avx512-vbmi,avx512-vbmi,avx512-vbmi,x86_64,linux,0
1,commit-3-amd-9950x3d,run-1,4,base64-ng,encode,standard,unpadded,47,63,89240,11369913,351.803669,avx512-vbmi,avx512-vbmi,avx512-vbmi,x86_64,linux,0
1,commit-3-amd-9950x3d,run-1,0,base64-ng,decode,standard,unpadded,47,63,89240,38467561,103.983123,avx512-vbmi,avx512-vbmi,avx512-vbmi,x86_64,linux,0
1,commit-3-amd-9950x3d,run-1,1,base64-ng,decode,standard,unpadded,47,63,89240,38544516,103.775518,avx512-vbmi,avx512-vbmi,avx512-vbmi,x86_64,linux,0
1,commit-3-amd-9950x3d,run-1,2,base64-ng,decode,standard,unpadded,47,63,89240,38420533,104.110401,avx512-vbmi,avx512-vbmi,avx512-vbmi,x86_64,linux,0
1,commit-3-amd-9950x3d,run-1,3,base64-ng,decode,standard,unpadded,47,63,89240,38417257,104.119279,avx512-vbmi,avx512-vbmi,avx512-vbmi,x86_64,linux,0
1,commit-3-amd-9950x3d,run-1,4,base64-ng,decode,standard,unpadded,47,63,89240,38493891,103.911998,avx512-vbmi,avx512-vbmi,avx512-vbmi,x86_64,linux,0
1,commit-3-amd-9950x3d,run-1,0,base64-0.23.0,encode,standard,unpadded,47,63,89240,1531563,2611.696099,external,avx512-vbmi,avx512-vbmi,x86_64,linux,0
1,commit-3-amd-9950x3d,run-1,1,base64-0.23.0,encode,standard,unpadded,47,63,89240,1561159,2562.184321,external,avx512-vbmi,avx512-vbmi,x86_64,linux,0
1,commit-3-amd-9950x3d,run-1,2,base64-0.23.0,encode,standard,unpadded,47,63,89240,1567370,2552.031181,external,avx512-vbmi,avx512-vbmi,x86_64,linux,0
1,commit-3-amd-9950x3d,run-1,3,base64-0.23.0,encode,standard,unpadded,47,63,89240,1587038,2520.404119,external,avx512-vbmi,avx512-vbmi,x86_64,linux,0
1,commit-3-amd-9950x3d,run-1,4,base64-0.23.0,encode,standard,unpadded,47,63,89240,1584954,2523.718109,external,avx512-vbmi,avx512-vbmi,x86_64,linux,0
1,commit-3-amd-9950x3d,run-1,0,base64-0.23.0,decode,standard,unpadded,47,63,89240,2124089,1883.149488,external,avx512-vbmi,avx512-vbmi,x86_64,linux,0
1,commit-3-amd-9950x3d,run-1,1,base64-0.23.0,decode,standard,unpadded,47,63,89240,2114381,1891.795808,external,avx512-vbmi,avx512-vbmi,x86_64,linux,0
1,commit-3-amd-9950x3d,run-1,2,base64-0.23.0,decode,standard,unpadded,47,63,89240,2116865,1889.575911,external,avx512-vbmi,avx512-vbmi,x86_64,linux,0
1,commit-3-amd-9950x3d,run-1,3,base64-0.23.0,decode,standard,unpadded,47,63,89240,2117566,1888.950385,external,avx512-vbmi,avx512-vbmi,x86_64,linux,0
1,commit-3-amd-9950x3d,run-1,4,base64-0.23.0,decode,standard,unpadded,47,63,89240,2108810,1896.793505,external,avx512-vbmi,avx512-vbmi,x86_64,linux,0
1,commit-3-amd-9950x3d,run-1,0,base64ct-1.8.3,encode,standard,unpadded,47,63,89240,2436547,1641.658097,external,avx512-vbmi,avx512-vbmi,x86_64,linux,0
1,commit-3-amd-9950x3d,run-1,1,base64ct-1.8.3,encode,standard,unpadded,47,63,89240,2411981,1658.378367,external,avx512-vbmi,avx512-vbmi,x86_64,linux,0
1,commit-3-amd-9950x3d,run-1,2,base64ct-1.8.3,encode,standard,unpadded,47,63,89240,2428832,1646.872699,external,avx512-vbmi,avx512-vbmi,x86_64,linux,0
1,commit-3-amd-9950x3d,run-1,3,base64ct-1.8.3,encode,standard,unpadded,47,63,89240,2427239,1647.953544,external,avx512-vbmi,avx512-vbmi,x86_64,linux,0
1,commit-3-amd-9950x3d,run-1,4,base64ct-1.8.3,encode,standard,unpadded,47,63,89240,2418593,1653.844658,external,avx512-vbmi,avx512-vbmi,x86_64,linux,0
1,commit-3-amd-9950x3d,run-1,0,base64ct-1.8.3,decode,standard,unpadded,47,63,89240,6571009,608.731035,external,avx512-vbmi,avx512-vbmi,x86_64,linux,0
1,commit-3-amd-9950x3d,run-1,1,base64ct-1.8.3,decode,standard,unpadded,47,63,89240,6621875,604.055062,external,avx512-vbmi,avx512-vbmi,x86_64,linux,0
1,commit-3-amd-9950x3d,run-1,2,base64ct-1.8.3,decode,standard,unpadded,47,63,89240,6592079,606.785373,external,avx512-vbmi,avx512-vbmi,x86_64,linux,0
1,commit-3-amd-9950x3d,run-1,3,base64ct-1.8.3,decode,standard,unpadded,47,63,89240,6585547,607.387224,external,avx512-vbmi,avx512-vbmi,x86_64,linux,0
1,commit-3-amd-9950x3d,run-1,4,base64ct-1.8.3,decode,standard,unpadded,47,63,89240,6604773,605.619165,external,avx512-vbmi,avx512-vbmi,x86_64,linux,0
1,commit-3-amd-9950x3d,run-1,0,base64-ng,encode,standard,unpadded,48,64,87381,6039719,662.279941,auto,avx512-vbmi,avx512-vbmi,x86_64,linux,0
1,commit-3-amd-9950x3d,run-1,1,base64-ng,encode,standard,unpadded,48,64,87381,6036574,662.624983,auto,avx512-vbmi,avx512-vbmi,x86_64,linux,0
1,commit-3-amd-9950x3d,run-1,2,base64-ng,encode,standard,unpadded,48,64,87381,6000706,666.585689,auto,avx512-vbmi,avx512-vbmi,x86_64,linux,0
1,commit-3-amd-9950x3d,run-1,3,base64-ng,encode,standard,unpadded,48,64,87381,6033808,662.928741,auto,avx512-vbmi,avx512-vbmi,x86_64,linux,0
1,commit-3-amd-9950x3d,run-1,4,base64-ng,encode,standard,unpadded,48,64,87381,6015123,664.988021,auto,avx512-vbmi,avx512-vbmi,x86_64,linux,0
1,commit-3-amd-9950x3d,run-1,0,base64-ng,decode,standard,unpadded,48,64,87381,27972205,142.998549,auto,avx512-vbmi,avx512-vbmi,x86_64,linux,0
1,commit-3-amd-9950x3d,run-1,1,base64-ng,decode,standard,unpadded,48,64,87381,28078334,142.458051,auto,avx512-vbmi,avx512-vbmi,x86_64,linux,0
1,commit-3-amd-9950x3d,run-1,2,base64-ng,decode,standard,unpadded,48,64,87381,28049651,142.603726,auto,avx512-vbmi,avx512-vbmi,x86_64,linux,0
1,commit-3-amd-9950x3d,run-1,3,base64-ng,decode,standard,unpadded,48,64,87381,28439595,140.648442,auto,avx512-vbmi,avx512-vbmi,x86_64,linux,0
1,commit-3-amd-9950x3d,run-1,4,base64-ng,decode,standard,unpadded,48,64,87381,28431830,140.686855,auto,avx512-vbmi,avx512-vbmi,x86_64,linux,0
1,commit-3-amd-9950x3d,run-1,0,base64-ng,encode,standard,unpadded,48,64,87381,11466635,348.836842,scalar,avx512-vbmi,avx512-vbmi,x86_64,linux,0
1,commit-3-amd-9950x3d,run-1,1,base64-ng,encode,standard,unpadded,48,64,87381,11323045,353.260518,scalar,avx512-vbmi,avx512-vbmi,x86_64,linux,0
1,commit-3-amd-9950x3d,run-1,2,base64-ng,encode,standard,unpadded,48,64,87381,11483747,348.317038,scalar,avx512-vbmi,avx512-vbmi,x86_64,linux,0
1,commit-3-amd-9950x3d,run-1,3,base64-ng,encode,standard,unpadded,48,64,87381,11487965,348.189148,scalar,avx512-vbmi,avx512-vbmi,x86_64,linux,0
1,commit-3-amd-9950x3d,run-1,4,base64-ng,encode,standard,unpadded,48,64,87381,11437019,349.740150,scalar,avx512-vbmi,avx512-vbmi,x86_64,linux,0
1,commit-3-amd-9950x3d,run-1,0,base64-ng,decode,standard,unpadded,48,64,87381,14117355,283.338114,scalar,avx512-vbmi,avx512-vbmi,x86_64,linux,0
1,commit-3-amd-9950x3d,run-1,1,base64-ng,decode,standard,unpadded,48,64,87381,14166537,282.354448,scalar,avx512-vbmi,avx512-vbmi,x86_64,linux,0
1,commit-3-amd-9950x3d,run-1,2,base64-ng,decode,standard,unpadded,48,64,87381,14036803,284.964086,scalar,avx512-vbmi,avx512-vbmi,x86_64,linux,0
1,commit-3-amd-9950x3d,run-1,3,base64-ng,decode,standard,unpadded,48,64,87381,14128014,283.124347,scalar,avx512-vbmi,avx512-vbmi,x86_64,linux,0
1,commit-3-amd-9950x3d,run-1,4,base64-ng,decode,standard,unpadded,48,64,87381,14143324,282.817868,scalar,avx512-vbmi,avx512-vbmi,x86_64,linux,0
1,commit-3-amd-9950x3d,run-1,0,base64-ng,encode,standard,unpadded,48,64,87381,15171539,263.650559,ssse3-sse4.1,avx512-vbmi,avx512-vbmi,x86_64,linux,0
1,commit-3-amd-9950x3d,run-1,1,base64-ng,encode,standard,unpadded,48,64,87381,15068665,265.450505,ssse3-sse4.1,avx512-vbmi,avx512-vbmi,x86_64,linux,0
1,commit-3-amd-9950x3d,run-1,2,base64-ng,encode,standard,unpadded,48,64,87381,15096558,264.960049,ssse3-sse4.1,avx512-vbmi,avx512-vbmi,x86_64,linux,0
1,commit-3-amd-9950x3d,run-1,3,base64-ng,encode,standard,unpadded,48,64,87381,15175988,263.573267,ssse3-sse4.1,avx512-vbmi,avx512-vbmi,x86_64,linux,0
1,commit-3-amd-9950x3d,run-1,4,base64-ng,encode,standard,unpadded,48,64,87381,15206334,263.047276,ssse3-sse4.1,avx512-vbmi,avx512-vbmi,x86_64,linux,0
1,commit-3-amd-9950x3d,run-1,0,base64-ng,decode,standard,unpadded,48,64,87381,53543400,74.705468,ssse3-sse4.1,avx512-vbmi,avx512-vbmi,x86_64,linux,0
1,commit-3-amd-9950x3d,run-1,1,base64-ng,decode,standard,unpadded,48,64,87381,53518563,74.740137,ssse3-sse4.1,avx512-vbmi,avx512-vbmi,x86_64,linux,0
1,commit-3-amd-9950x3d,run-1,2,base64-ng,decode,standard,unpadded,48,64,87381,53574018,74.662773,ssse3-sse4.1,avx512-vbmi,avx512-vbmi,x86_64,linux,0
1,commit-3-amd-9950x3d,run-1,3,base64-ng,decode,standard,unpadded,48,64,87381,53403547,74.901106,ssse3-sse4.1,avx512-vbmi,avx512-vbmi,x86_64,linux,0
1,commit-3-amd-9950x3d,run-1,4,base64-ng,decode,standard,unpadded,48,64,87381,53465273,74.814632,ssse3-sse4.1,avx512-vbmi,avx512-vbmi,x86_64,linux,0
1,commit-3-amd-9950x3d,run-1,0,base64-ng,encode,standard,unpadded,48,64,87381,8204184,487.554246,avx2,avx512-vbmi,avx512-vbmi,x86_64,linux,0
1,commit-3-amd-9950x3d,run-1,1,base64-ng,encode,standard,unpadded,48,64,87381,8268705,483.749842,avx2,avx512-vbmi,avx512-vbmi,x86_64,linux,0
1,commit-3-amd-9950x3d,run-1,2,base64-ng,encode,standard,unpadded,48,64,87381,8217168,486.783858,avx2,avx512-vbmi,avx512-vbmi,x86_64,linux,0
1,commit-3-amd-9950x3d,run-1,3,base64-ng,encode,standard,unpadded,48,64,87381,8228149,486.134213,avx2,avx512-vbmi,avx512-vbmi,x86_64,linux,0
1,commit-3-amd-9950x3d,run-1,4,base64-ng,encode,standard,unpadded,48,64,87381,8230553,485.992222,avx2,avx512-vbmi,avx512-vbmi,x86_64,linux,0
1,commit-3-amd-9950x3d,run-1,0,base64-ng,decode,standard,unpadded,48,64,87381,37817127,105.771777,avx2,avx512-vbmi,avx512-vbmi,x86_64,linux,0
1,commit-3-amd-9950x3d,run-1,1,base64-ng,decode,standard,unpadded,48,64,87381,37600660,106.380706,avx2,avx512-vbmi,avx512-vbmi,x86_64,linux,0
1,commit-3-amd-9950x3d,run-1,2,base64-ng,decode,standard,unpadded,48,64,87381,37757775,105.938042,avx2,avx512-vbmi,avx512-vbmi,x86_64,linux,0
1,commit-3-amd-9950x3d,run-1,3,base64-ng,decode,standard,unpadded,48,64,87381,37612722,106.346590,avx2,avx512-vbmi,avx512-vbmi,x86_64,linux,0
1,commit-3-amd-9950x3d,run-1,4,base64-ng,decode,standard,unpadded,48,64,87381,37306385,107.219843,avx2,avx512-vbmi,avx512-vbmi,x86_64,linux,0
1,commit-3-amd-9950x3d,run-1,0,base64-ng,encode,standard,unpadded,48,64,87381,5166766,774.175711,avx512-vbmi,avx512-vbmi,avx512-vbmi,x86_64,linux,0
1,commit-3-amd-9950x3d,run-1,1,base64-ng,encode,standard,unpadded,48,64,87381,5219155,766.404665,avx512-vbmi,avx512-vbmi,avx512-vbmi,x86_64,linux,0
1,commit-3-amd-9950x3d,run-1,2,base64-ng,encode,standard,unpadded,48,64,87381,5200539,769.148110,avx512-vbmi,avx512-vbmi,avx512-vbmi,x86_64,linux,0
1,commit-3-amd-9950x3d,run-1,3,base64-ng,encode,standard,unpadded,48,64,87381,5180662,772.099153,avx512-vbmi,avx512-vbmi,avx512-vbmi,x86_64,linux,0
1,commit-3-amd-9950x3d,run-1,4,base64-ng,encode,standard,unpadded,48,64,87381,5162838,774.764721,avx512-vbmi,avx512-vbmi,avx512-vbmi,x86_64,linux,0
1,commit-3-amd-9950x3d,run-1,0,base64-ng,decode,standard,unpadded,48,64,87381,28805253,138.863031,avx512-vbmi,avx512-vbmi,avx512-vbmi,x86_64,linux,0
1,commit-3-amd-9950x3d,run-1,1,base64-ng,decode,standard,unpadded,48,64,87381,28738738,139.184426,avx512-vbmi,avx512-vbmi,avx512-vbmi,x86_64,linux,0
1,commit-3-amd-9950x3d,run-1,2,base64-ng,decode,standard,unpadded,48,64,87381,28691168,139.415194,avx512-vbmi,avx512-vbmi,avx512-vbmi,x86_64,linux,0
1,commit-3-amd-9950x3d,run-1,3,base64-ng,decode,standard,unpadded,48,64,87381,28532370,140.191114,avx512-vbmi,avx512-vbmi,avx512-vbmi,x86_64,linux,0
1,commit-3-amd-9950x3d,run-1,4,base64-ng,decode,standard,unpadded,48,64,87381,28489398,140.402572,avx512-vbmi,avx512-vbmi,avx512-vbmi,x86_64,linux,0
1,commit-3-amd-9950x3d,run-1,0,base64-0.23.0,encode,standard,unpadded,48,64,87381,1536993,2602.474274,external,avx512-vbmi,avx512-vbmi,x86_64,linux,0
1,commit-3-amd-9950x3d,run-1,1,base64-0.23.0,encode,standard,unpadded,48,64,87381,1533396,2608.579089,external,avx512-vbmi,avx512-vbmi,x86_64,linux,0
1,commit-3-amd-9950x3d,run-1,2,base64-0.23.0,encode,standard,unpadded,48,64,87381,1567631,2551.611152,external,avx512-vbmi,avx512-vbmi,x86_64,linux,0
1,commit-3-amd-9950x3d,run-1,3,base64-0.23.0,encode,standard,unpadded,48,64,87381,1553224,2575.278737,external,avx512-vbmi,avx512-vbmi,x86_64,linux,0
1,commit-3-amd-9950x3d,run-1,4,base64-0.23.0,encode,standard,unpadded,48,64,87381,1557983,2567.412315,external,avx512-vbmi,avx512-vbmi,x86_64,linux,0
1,commit-3-amd-9950x3d,run-1,0,base64-0.23.0,decode,standard,unpadded,48,64,87381,2134368,1874.083917,external,avx512-vbmi,avx512-vbmi,x86_64,linux,0
1,commit-3-amd-9950x3d,run-1,1,base64-0.23.0,decode,standard,unpadded,48,64,87381,2129458,1878.405088,external,avx512-vbmi,avx512-vbmi,x86_64,linux,0
1,commit-3-amd-9950x3d,run-1,2,base64-0.23.0,decode,standard,unpadded,48,64,87381,2135580,1873.020323,external,avx512-vbmi,avx512-vbmi,x86_64,linux,0
1,commit-3-amd-9950x3d,run-1,3,base64-0.23.0,decode,standard,unpadded,48,64,87381,2146190,1863.760777,external,avx512-vbmi,avx512-vbmi,x86_64,linux,0
1,commit-3-amd-9950x3d,run-1,4,base64-0.23.0,decode,standard,unpadded,48,64,87381,2136402,1872.299661,external,avx512-vbmi,avx512-vbmi,x86_64,linux,0
1,commit-3-amd-9950x3d,run-1,0,base64ct-1.8.3,encode,standard,unpadded,48,64,87381,2517610,1588.802373,external,avx512-vbmi,avx512-vbmi,x86_64,linux,0
1,commit-3-amd-9950x3d,run-1,1,base64ct-1.8.3,encode,standard,unpadded,48,64,87381,2492222,1604.987333,external,avx512-vbmi,avx512-vbmi,x86_64,linux,0
1,commit-3-amd-9950x3d,run-1,2,base64ct-1.8.3,encode,standard,unpadded,48,64,87381,2510376,1593.380729,external,avx512-vbmi,avx512-vbmi,x86_64,linux,0
1,commit-3-amd-9950x3d,run-1,3,base64ct-1.8.3,encode,standard,unpadded,48,64,87381,2498514,1600.945498,external,avx512-vbmi,avx512-vbmi,x86_64,linux,0
1,commit-3-amd-9950x3d,run-1,4,base64ct-1.8.3,encode,standard,unpadded,48,64,87381,2509103,1594.189135,external,avx512-vbmi,avx512-vbmi,x86_64,linux,0
1,commit-3-amd-9950x3d,run-1,0,base64ct-1.8.3,decode,standard,unpadded,48,64,87381,5824263,686.779553,external,avx512-vbmi,avx512-vbmi,x86_64,linux,0
1,commit-3-amd-9950x3d,run-1,1,base64ct-1.8.3,decode,standard,unpadded,48,64,87381,5807602,688.749804,external,avx512-vbmi,avx512-vbmi,x86_64,linux,0
1,commit-3-amd-9950x3d,run-1,2,base64ct-1.8.3,decode,standard,unpadded,48,64,87381,5798595,689.819644,external,avx512-vbmi,avx512-vbmi,x86_64,linux,0
1,commit-3-amd-9950x3d,run-1,3,base64ct-1.8.3,decode,standard,unpadded,48,64,87381,5793336,690.445840,external,avx512-vbmi,avx512-vbmi,x86_64,linux,0
1,commit-3-amd-9950x3d,run-1,4,base64ct-1.8.3,decode,standard,unpadded,48,64,87381,5807983,688.704623,external,avx512-vbmi,avx512-vbmi,x86_64,linux,0
1,commit-3-amd-9950x3d,run-1,0,base64-ng,encode,standard,unpadded,63,84,66576,7275806,549.765173,auto,avx512-vbmi,avx512-vbmi,x86_64,linux,0
1,commit-3-amd-9950x3d,run-1,1,base64-ng,encode,standard,unpadded,63,84,66576,7242934,552.260278,auto,avx512-vbmi,avx512-vbmi,x86_64,linux,0
1,commit-3-amd-9950x3d,run-1,2,base64-ng,encode,standard,unpadded,63,84,66576,7228898,553.332575,auto,avx512-vbmi,avx512-vbmi,x86_64,linux,0
1,commit-3-amd-9950x3d,run-1,3,base64-ng,encode,standard,unpadded,63,84,66576,7217527,554.204334,auto,avx512-vbmi,avx512-vbmi,x86_64,linux,0
1,commit-3-amd-9950x3d,run-1,4,base64-ng,encode,standard,unpadded,63,84,66576,7214751,554.417573,auto,avx512-vbmi,avx512-vbmi,x86_64,linux,0
1,commit-3-amd-9950x3d,run-1,0,base64-ng,decode,standard,unpadded,63,84,66576,33385715,119.811265,auto,avx512-vbmi,avx512-vbmi,x86_64,linux,0
1,commit-3-amd-9950x3d,run-1,1,base64-ng,decode,standard,unpadded,63,84,66576,33433736,119.639179,auto,avx512-vbmi,avx512-vbmi,x86_64,linux,0
1,commit-3-amd-9950x3d,run-1,2,base64-ng,decode,standard,unpadded,63,84,66576,33335721,119.990947,auto,avx512-vbmi,avx512-vbmi,x86_64,linux,0
1,commit-3-amd-9950x3d,run-1,3,base64-ng,decode,standard,unpadded,63,84,66576,33414469,119.708164,auto,avx512-vbmi,avx512-vbmi,x86_64,linux,0
1,commit-3-amd-9950x3d,run-1,4,base64-ng,decode,standard,unpadded,63,84,66576,33324841,120.030122,auto,avx512-vbmi,avx512-vbmi,x86_64,linux,0
1,commit-3-amd-9950x3d,run-1,0,base64-ng,encode,standard,unpadded,63,84,66576,4202360,951.842475,scalar,avx512-vbmi,avx512-vbmi,x86_64,linux,0
1,commit-3-amd-9950x3d,run-1,1,base64-ng,encode,standard,unpadded,63,84,66576,4192653,954.046219,scalar,avx512-vbmi,avx512-vbmi,x86_64,linux,0
1,commit-3-amd-9950x3d,run-1,2,base64-ng,encode,standard,unpadded,63,84,66576,4194967,953.519954,scalar,avx512-vbmi,avx512-vbmi,x86_64,linux,0
1,commit-3-amd-9950x3d,run-1,3,base64-ng,encode,standard,unpadded,63,84,66576,4198273,952.769089,scalar,avx512-vbmi,avx512-vbmi,x86_64,linux,0
1,commit-3-amd-9950x3d,run-1,4,base64-ng,encode,standard,unpadded,63,84,66576,4215456,948.885421,scalar,avx512-vbmi,avx512-vbmi,x86_64,linux,0
1,commit-3-amd-9950x3d,run-1,0,base64-ng,decode,standard,unpadded,63,84,66576,13949658,286.744287,scalar,avx512-vbmi,avx512-vbmi,x86_64,linux,0
1,commit-3-amd-9950x3d,run-1,1,base64-ng,decode,standard,unpadded,63,84,66576,13975648,286.211039,scalar,avx512-vbmi,avx512-vbmi,x86_64,linux,0
1,commit-3-amd-9950x3d,run-1,2,base64-ng,decode,standard,unpadded,63,84,66576,13966881,286.390694,scalar,avx512-vbmi,avx512-vbmi,x86_64,linux,0
1,commit-3-amd-9950x3d,run-1,3,base64-ng,decode,standard,unpadded,63,84,66576,13917098,287.415145,scalar,avx512-vbmi,avx512-vbmi,x86_64,linux,0
1,commit-3-amd-9950x3d,run-1,4,base64-ng,decode,standard,unpadded,63,84,66576,13913481,287.489863,scalar,avx512-vbmi,avx512-vbmi,x86_64,linux,0
1,commit-3-amd-9950x3d,run-1,0,base64-ng,encode,standard,unpadded,63,84,66576,14176185,282.162284,ssse3-sse4.1,avx512-vbmi,avx512-vbmi,x86_64,linux,0
1,commit-3-amd-9950x3d,run-1,1,base64-ng,encode,standard,unpadded,63,84,66576,14137222,282.939940,ssse3-sse4.1,avx512-vbmi,avx512-vbmi,x86_64,linux,0
1,commit-3-amd-9950x3d,run-1,2,base64-ng,encode,standard,unpadded,63,84,66576,14129607,283.092427,ssse3-sse4.1,avx512-vbmi,avx512-vbmi,x86_64,linux,0
1,commit-3-amd-9950x3d,run-1,3,base64-ng,encode,standard,unpadded,63,84,66576,14115421,283.376935,ssse3-sse4.1,avx512-vbmi,avx512-vbmi,x86_64,linux,0
1,commit-3-amd-9950x3d,run-1,4,base64-ng,encode,standard,unpadded,63,84,66576,14139647,282.891415,ssse3-sse4.1,avx512-vbmi,avx512-vbmi,x86_64,linux,0
1,commit-3-amd-9950x3d,run-1,0,base64-ng,decode,standard,unpadded,63,84,66576,50242086,79.614225,ssse3-sse4.1,avx512-vbmi,avx512-vbmi,x86_64,linux,0
1,commit-3-amd-9950x3d,run-1,1,base64-ng,decode,standard,unpadded,63,84,66576,50513055,79.187148,ssse3-sse4.1,avx512-vbmi,avx512-vbmi,x86_64,linux,0
1,commit-3-amd-9950x3d,run-1,2,base64-ng,decode,standard,unpadded,63,84,66576,50237898,79.620862,ssse3-sse4.1,avx512-vbmi,avx512-vbmi,x86_64,linux,0
1,commit-3-amd-9950x3d,run-1,3,base64-ng,decode,standard,unpadded,63,84,66576,50239781,79.617878,ssse3-sse4.1,avx512-vbmi,avx512-vbmi,x86_64,linux,0
1,commit-3-amd-9950x3d,run-1,4,base64-ng,decode,standard,unpadded,63,84,66576,50171112,79.726850,ssse3-sse4.1,avx512-vbmi,avx512-vbmi,x86_64,linux,0
1,commit-3-amd-9950x3d,run-1,0,base64-ng,encode,standard,unpadded,63,84,66576,8637519,463.094176,avx2,avx512-vbmi,avx512-vbmi,x86_64,linux,0
1,commit-3-amd-9950x3d,run-1,1,base64-ng,encode,standard,unpadded,63,84,66576,8627199,463.648137,avx2,avx512-vbmi,avx512-vbmi,x86_64,linux,0
1,commit-3-amd-9950x3d,run-1,2,base64-ng,encode,standard,unpadded,63,84,66576,8617151,464.188772,avx2,avx512-vbmi,avx512-vbmi,x86_64,linux,0
1,commit-3-amd-9950x3d,run-1,3,base64-ng,encode,standard,unpadded,63,84,66576,8633762,463.295692,avx2,avx512-vbmi,avx512-vbmi,x86_64,linux,0
1,commit-3-amd-9950x3d,run-1,4,base64-ng,encode,standard,unpadded,63,84,66576,8622111,463.921740,avx2,avx512-vbmi,avx512-vbmi,x86_64,linux,0
1,commit-3-amd-9950x3d,run-1,0,base64-ng,decode,standard,unpadded,63,84,66576,39901431,100.246649,avx2,avx512-vbmi,avx512-vbmi,x86_64,linux,0
1,commit-3-amd-9950x3d,run-1,1,base64-ng,decode,standard,unpadded,63,84,66576,40015385,99.961171,avx2,avx512-vbmi,avx512-vbmi,x86_64,linux,0
1,commit-3-amd-9950x3d,run-1,2,base64-ng,decode,standard,unpadded,63,84,66576,40103972,99.740363,avx2,avx512-vbmi,avx512-vbmi,x86_64,linux,0
1,commit-3-amd-9950x3d,run-1,3,base64-ng,decode,standard,unpadded,63,84,66576,39814717,100.464980,avx2,avx512-vbmi,avx512-vbmi,x86_64,linux,0
1,commit-3-amd-9950x3d,run-1,4,base64-ng,decode,standard,unpadded,63,84,66576,39789901,100.527637,avx2,avx512-vbmi,avx512-vbmi,x86_64,linux,0
1,commit-3-amd-9950x3d,run-1,0,base64-ng,encode,standard,unpadded,63,84,66576,6479938,617.287502,avx512-vbmi,avx512-vbmi,avx512-vbmi,x86_64,linux,0
1,commit-3-amd-9950x3d,run-1,1,base64-ng,encode,standard,unpadded,63,84,66576,6478846,617.391545,avx512-vbmi,avx512-vbmi,avx512-vbmi,x86_64,linux,0
1,commit-3-amd-9950x3d,run-1,2,base64-ng,encode,standard,unpadded,63,84,66576,6485990,616.711518,avx512-vbmi,avx512-vbmi,avx512-vbmi,x86_64,linux,0
1,commit-3-amd-9950x3d,run-1,3,base64-ng,encode,standard,unpadded,63,84,66576,6505556,614.856707,avx512-vbmi,avx512-vbmi,avx512-vbmi,x86_64,linux,0
1,commit-3-amd-9950x3d,run-1,4,base64-ng,encode,standard,unpadded,63,84,66576,6501418,615.248049,avx512-vbmi,avx512-vbmi,avx512-vbmi,x86_64,linux,0
1,commit-3-amd-9950x3d,run-1,0,base64-ng,decode,standard,unpadded,63,84,66576,33290396,120.154315,avx512-vbmi,avx512-vbmi,avx512-vbmi,x86_64,linux,0
1,commit-3-amd-9950x3d,run-1,1,base64-ng,decode,standard,unpadded,63,84,66576,33295726,120.135081,avx512-vbmi,avx512-vbmi,avx512-vbmi,x86_64,linux,0
1,commit-3-amd-9950x3d,run-1,2,base64-ng,decode,standard,unpadded,63,84,66576,33594198,119.067725,avx512-vbmi,avx512-vbmi,avx512-vbmi,x86_64,linux,0
1,commit-3-amd-9950x3d,run-1,3,base64-ng,decode,standard,unpadded,63,84,66576,33327596,120.020200,avx512-vbmi,avx512-vbmi,avx512-vbmi,x86_64,linux,0
1,commit-3-amd-9950x3d,run-1,4,base64-ng,decode,standard,unpadded,63,84,66576,33375626,119.847482,avx512-vbmi,avx512-vbmi,avx512-vbmi,x86_64,linux,0
1,commit-3-amd-9950x3d,run-1,0,base64-0.23.0,encode,standard,unpadded,63,84,66576,1287243,3107.404539,external,avx512-vbmi,avx512-vbmi,x86_64,linux,0
1,commit-3-amd-9950x3d,run-1,1,base64-0.23.0,encode,standard,unpadded,63,84,66576,1297673,3082.428887,external,avx512-vbmi,avx512-vbmi,x86_64,linux,0
1,commit-3-amd-9950x3d,run-1,2,base64-0.23.0,encode,standard,unpadded,63,84,66576,1319414,3031.637334,external,avx512-vbmi,avx512-vbmi,x86_64,linux,0
1,commit-3-amd-9950x3d,run-1,3,base64-0.23.0,encode,standard,unpadded,63,84,66576,1324323,3020.399662,external,avx512-vbmi,avx512-vbmi,x86_64,linux,0
1,commit-3-amd-9950x3d,run-1,4,base64-0.23.0,encode,standard,unpadded,63,84,66576,1317159,3036.827552,external,avx512-vbmi,avx512-vbmi,x86_64,linux,0
1,commit-3-amd-9950x3d,run-1,0,base64-0.23.0,decode,standard,unpadded,63,84,66576,1804146,2217.107009,external,avx512-vbmi,avx512-vbmi,x86_64,linux,0
1,commit-3-amd-9950x3d,run-1,1,base64-0.23.0,decode,standard,unpadded,63,84,66576,1809927,2210.025455,external,avx512-vbmi,avx512-vbmi,x86_64,linux,0
1,commit-3-amd-9950x3d,run-1,2,base64-0.23.0,decode,standard,unpadded,63,84,66576,1794868,2228.567639,external,avx512-vbmi,avx512-vbmi,x86_64,linux,0
1,commit-3-amd-9950x3d,run-1,3,base64-0.23.0,decode,standard,unpadded,63,84,66576,1795670,2227.572294,external,avx512-vbmi,avx512-vbmi,x86_64,linux,0
1,commit-3-amd-9950x3d,run-1,4,base64-0.23.0,decode,standard,unpadded,63,84,66576,1790470,2234.041755,external,avx512-vbmi,avx512-vbmi,x86_64,linux,0
1,commit-3-amd-9950x3d,run-1,0,base64ct-1.8.3,encode,standard,unpadded,63,84,66576,1746407,2290.408101,external,avx512-vbmi,avx512-vbmi,x86_64,linux,0
1,commit-3-amd-9950x3d,run-1,1,base64ct-1.8.3,encode,standard,unpadded,63,84,66576,1725448,2318.229666,external,avx512-vbmi,avx512-vbmi,x86_64,linux,0
1,commit-3-amd-9950x3d,run-1,2,base64ct-1.8.3,encode,standard,unpadded,63,84,66576,1726831,2316.373022,external,avx512-vbmi,avx512-vbmi,x86_64,linux,0
1,commit-3-amd-9950x3d,run-1,3,base64ct-1.8.3,encode,standard,unpadded,63,84,66576,1728353,2314.333207,external,avx512-vbmi,avx512-vbmi,x86_64,linux,0
1,commit-3-amd-9950x3d,run-1,4,base64ct-1.8.3,encode,standard,unpadded,63,84,66576,1732191,2309.205360,external,avx512-vbmi,avx512-vbmi,x86_64,linux,0
1,commit-3-amd-9950x3d,run-1,0,base64ct-1.8.3,decode,standard,unpadded,63,84,66576,5489664,728.639265,external,avx512-vbmi,avx512-vbmi,x86_64,linux,0
1,commit-3-amd-9950x3d,run-1,1,base64ct-1.8.3,decode,standard,unpadded,63,84,66576,5503369,726.824740,external,avx512-vbmi,avx512-vbmi,x86_64,linux,0
1,commit-3-amd-9950x3d,run-1,2,base64ct-1.8.3,decode,standard,unpadded,63,84,66576,5505934,726.486140,external,avx512-vbmi,avx512-vbmi,x86_64,linux,0
1,commit-3-amd-9950x3d,run-1,3,base64ct-1.8.3,decode,standard,unpadded,63,84,66576,5526193,723.822845,external,avx512-vbmi,avx512-vbmi,x86_64,linux,0
1,commit-3-amd-9950x3d,run-1,4,base64ct-1.8.3,decode,standard,unpadded,63,84,66576,5500705,727.176742,external,avx512-vbmi,avx512-vbmi,x86_64,linux,0
1,commit-3-amd-9950x3d,run-1,0,base64-ng,encode,standard,unpadded,64,86,65536,7375544,542.332877,auto,avx512-vbmi,avx512-vbmi,x86_64,linux,0
1,commit-3-amd-9950x3d,run-1,1,base64-ng,encode,standard,unpadded,64,86,65536,7324066,546.144723,auto,avx512-vbmi,avx512-vbmi,x86_64,linux,0
1,commit-3-amd-9950x3d,run-1,2,base64-ng,encode,standard,unpadded,64,86,65536,7335969,545.258575,auto,avx512-vbmi,avx512-vbmi,x86_64,linux,0
1,commit-3-amd-9950x3d,run-1,3,base64-ng,encode,standard,unpadded,64,86,65536,7312094,547.038919,auto,avx512-vbmi,avx512-vbmi,x86_64,linux,0
1,commit-3-amd-9950x3d,run-1,4,base64-ng,encode,standard,unpadded,64,86,65536,7322253,546.279950,auto,avx512-vbmi,avx512-vbmi,x86_64,linux,0
1,commit-3-amd-9950x3d,run-1,0,base64-ng,decode,standard,unpadded,64,86,65536,33356721,119.915863,auto,avx512-vbmi,avx512-vbmi,x86_64,linux,0
1,commit-3-amd-9950x3d,run-1,1,base64-ng,decode,standard,unpadded,64,86,65536,33447651,119.589863,auto,avx512-vbmi,avx512-vbmi,x86_64,linux,0
1,commit-3-amd-9950x3d,run-1,2,base64-ng,decode,standard,unpadded,64,86,65536,33367521,119.877051,auto,avx512-vbmi,avx512-vbmi,x86_64,linux,0
1,commit-3-amd-9950x3d,run-1,3,base64-ng,decode,standard,unpadded,64,86,65536,33333688,119.998723,auto,avx512-vbmi,avx512-vbmi,x86_64,linux,0
1,commit-3-amd-9950x3d,run-1,4,base64-ng,decode,standard,unpadded,64,86,65536,33367101,119.878559,auto,avx512-vbmi,avx512-vbmi,x86_64,linux,0
1,commit-3-amd-9950x3d,run-1,0,base64-ng,encode,standard,unpadded,64,86,65536,4315233,926.948788,scalar,avx512-vbmi,avx512-vbmi,x86_64,linux,0
1,commit-3-amd-9950x3d,run-1,1,base64-ng,encode,standard,unpadded,64,86,65536,4317347,926.494905,scalar,avx512-vbmi,avx512-vbmi,x86_64,linux,0
1,commit-3-amd-9950x3d,run-1,2,base64-ng,encode,standard,unpadded,64,86,65536,4315463,926.899385,scalar,avx512-vbmi,avx512-vbmi,x86_64,linux,0
1,commit-3-amd-9950x3d,run-1,3,base64-ng,encode,standard,unpadded,64,86,65536,4312698,927.493648,scalar,avx512-vbmi,avx512-vbmi,x86_64,linux,0
1,commit-3-amd-9950x3d,run-1,4,base64-ng,encode,standard,unpadded,64,86,65536,4313660,927.286805,scalar,avx512-vbmi,avx512-vbmi,x86_64,linux,0
1,commit-3-amd-9950x3d,run-1,0,base64-ng,decode,standard,unpadded,64,86,65536,13990616,285.905924,scalar,avx512-vbmi,avx512-vbmi,x86_64,linux,0
1,commit-3-amd-9950x3d,run-1,1,base64-ng,decode,standard,unpadded,64,86,65536,13977962,286.164750,scalar,avx512-vbmi,avx512-vbmi,x86_64,linux,0
1,commit-3-amd-9950x3d,run-1,2,base64-ng,decode,standard,unpadded,64,86,65536,13946603,286.808193,scalar,avx512-vbmi,avx512-vbmi,x86_64,linux,0
1,commit-3-amd-9950x3d,run-1,3,base64-ng,decode,standard,unpadded,64,86,65536,13989273,285.933372,scalar,avx512-vbmi,avx512-vbmi,x86_64,linux,0
1,commit-3-amd-9950x3d,run-1,4,base64-ng,decode,standard,unpadded,64,86,65536,13981128,286.099948,scalar,avx512-vbmi,avx512-vbmi,x86_64,linux,0
1,commit-3-amd-9950x3d,run-1,0,base64-ng,encode,standard,unpadded,64,86,65536,14053224,284.632195,ssse3-sse4.1,avx512-vbmi,avx512-vbmi,x86_64,linux,0
1,commit-3-amd-9950x3d,run-1,1,base64-ng,encode,standard,unpadded,64,86,65536,14031954,285.063648,ssse3-sse4.1,avx512-vbmi,avx512-vbmi,x86_64,linux,0
1,commit-3-amd-9950x3d,run-1,2,base64-ng,encode,standard,unpadded,64,86,65536,13997739,285.760436,ssse3-sse4.1,avx512-vbmi,avx512-vbmi,x86_64,linux,0
1,commit-3-amd-9950x3d,run-1,3,base64-ng,encode,standard,unpadded,64,86,65536,13983032,286.060992,ssse3-sse4.1,avx512-vbmi,avx512-vbmi,x86_64,linux,0
1,commit-3-amd-9950x3d,run-1,4,base64-ng,encode,standard,unpadded,64,86,65536,13988702,285.945043,ssse3-sse4.1,avx512-vbmi,avx512-vbmi,x86_64,linux,0
1,commit-3-amd-9950x3d,run-1,0,base64-ng,decode,standard,unpadded,64,86,65536,49521599,80.772836,ssse3-sse4.1,avx512-vbmi,avx512-vbmi,x86_64,linux,0
1,commit-3-amd-9950x3d,run-1,1,base64-ng,decode,standard,unpadded,64,86,65536,50042841,79.931513,ssse3-sse4.1,avx512-vbmi,avx512-vbmi,x86_64,linux,0
1,commit-3-amd-9950x3d,run-1,2,base64-ng,decode,standard,unpadded,64,86,65536,49933685,80.106245,ssse3-sse4.1,avx512-vbmi,avx512-vbmi,x86_64,linux,0
1,commit-3-amd-9950x3d,run-1,3,base64-ng,decode,standard,unpadded,64,86,65536,49742796,80.413654,ssse3-sse4.1,avx512-vbmi,avx512-vbmi,x86_64,linux,0
1,commit-3-amd-9950x3d,run-1,4,base64-ng,decode,standard,unpadded,64,86,65536,49808620,80.307385,ssse3-sse4.1,avx512-vbmi,avx512-vbmi,x86_64,linux,0
1,commit-3-amd-9950x3d,run-1,0,base64-ng,encode,standard,unpadded,64,86,65536,8711298,459.173822,avx2,avx512-vbmi,avx512-vbmi,x86_64,linux,0
1,commit-3-amd-9950x3d,run-1,1,base64-ng,encode,standard,unpadded,64,86,65536,8701270,459.703009,avx2,avx512-vbmi,avx512-vbmi,x86_64,linux,0
1,commit-3-amd-9950x3d,run-1,2,base64-ng,encode,standard,unpadded,64,86,65536,8687193,460.447926,avx2,avx512-vbmi,avx512-vbmi,x86_64,linux,0
1,commit-3-amd-9950x3d,run-1,3,base64-ng,encode,standard,unpadded,64,86,65536,8690429,460.276472,avx2,avx512-vbmi,avx512-vbmi,x86_64,linux,0
1,commit-3-amd-9950x3d,run-1,4,base64-ng,encode,standard,unpadded,64,86,65536,8736957,457.825305,avx2,avx512-vbmi,avx512-vbmi,x86_64,linux,0
1,commit-3-amd-9950x3d,run-1,0,base64-ng,decode,standard,unpadded,64,86,65536,39605744,100.995452,avx2,avx512-vbmi,avx512-vbmi,x86_64,linux,0
1,commit-3-amd-9950x3d,run-1,1,base64-ng,decode,standard,unpadded,64,86,65536,39629038,100.936086,avx2,avx512-vbmi,avx512-vbmi,x86_64,linux,0
1,commit-3-amd-9950x3d,run-1,2,base64-ng,decode,standard,unpadded,64,86,65536,39729547,100.680735,avx2,avx512-vbmi,avx512-vbmi,x86_64,linux,0
1,commit-3-amd-9950x3d,run-1,3,base64-ng,decode,standard,unpadded,64,86,65536,39735508,100.665631,avx2,avx512-vbmi,avx512-vbmi,x86_64,linux,0
1,commit-3-amd-9950x3d,run-1,4,base64-ng,decode,standard,unpadded,64,86,65536,39586357,101.044913,avx2,avx512-vbmi,avx512-vbmi,x86_64,linux,0
1,commit-3-amd-9950x3d,run-1,0,base64-ng,encode,standard,unpadded,64,86,65536,6562333,609.539321,avx512-vbmi,avx512-vbmi,avx512-vbmi,x86_64,linux,0
1,commit-3-amd-9950x3d,run-1,1,base64-ng,encode,standard,unpadded,64,86,65536,6580618,607.845646,avx512-vbmi,avx512-vbmi,avx512-vbmi,x86_64,linux,0
1,commit-3-amd-9950x3d,run-1,2,base64-ng,encode,standard,unpadded,64,86,65536,6602438,605.836814,avx512-vbmi,avx512-vbmi,avx512-vbmi,x86_64,linux,0
1,commit-3-amd-9950x3d,run-1,3,base64-ng,encode,standard,unpadded,64,86,65536,6734497,593.956757,avx512-vbmi,avx512-vbmi,avx512-vbmi,x86_64,linux,0
1,commit-3-amd-9950x3d,run-1,4,base64-ng,encode,standard,unpadded,64,86,65536,6709931,596.131316,avx512-vbmi,avx512-vbmi,avx512-vbmi,x86_64,linux,0
1,commit-3-amd-9950x3d,run-1,0,base64-ng,decode,standard,unpadded,64,86,65536,35498733,112.680078,avx512-vbmi,avx512-vbmi,avx512-vbmi,x86_64,linux,0
1,commit-3-amd-9950x3d,run-1,1,base64-ng,decode,standard,unpadded,64,86,65536,33795096,118.360368,avx512-vbmi,avx512-vbmi,avx512-vbmi,x86_64,linux,0
1,commit-3-amd-9950x3d,run-1,2,base64-ng,decode,standard,unpadded,64,86,65536,33846853,118.179377,avx512-vbmi,avx512-vbmi,avx512-vbmi,x86_64,linux,0
1,commit-3-amd-9950x3d,run-1,3,base64-ng,decode,standard,unpadded,64,86,65536,33866290,118.111550,avx512-vbmi,avx512-vbmi,avx512-vbmi,x86_64,linux,0
1,commit-3-amd-9950x3d,run-1,4,base64-ng,decode,standard,unpadded,64,86,65536,33723782,118.610659,avx512-vbmi,avx512-vbmi,avx512-vbmi,x86_64,linux,0
1,commit-3-amd-9950x3d,run-1,0,base64-0.23.0,encode,standard,unpadded,64,86,65536,1279148,3127.081464,external,avx512-vbmi,avx512-vbmi,x86_64,linux,0
1,commit-3-amd-9950x3d,run-1,1,base64-0.23.0,encode,standard,unpadded,64,86,65536,1298464,3080.562880,external,avx512-vbmi,avx512-vbmi,x86_64,linux,0
1,commit-3-amd-9950x3d,run-1,2,base64-0.23.0,encode,standard,unpadded,64,86,65536,1312100,3048.548129,external,avx512-vbmi,avx512-vbmi,x86_64,linux,0
1,commit-3-amd-9950x3d,run-1,3,base64-0.23.0,encode,standard,unpadded,64,86,65536,1322670,3024.185927,external,avx512-vbmi,avx512-vbmi,x86_64,linux,0
1,commit-3-amd-9950x3d,run-1,4,base64-0.23.0,encode,standard,unpadded,64,86,65536,1314114,3043.875950,external,avx512-vbmi,avx512-vbmi,x86_64,linux,0
1,commit-3-amd-9950x3d,run-1,0,base64-0.23.0,decode,standard,unpadded,64,86,65536,1768369,2261.971342,external,avx512-vbmi,avx512-vbmi,x86_64,linux,0
1,commit-3-amd-9950x3d,run-1,1,base64-0.23.0,decode,standard,unpadded,64,86,65536,1773819,2255.021510,external,avx512-vbmi,avx512-vbmi,x86_64,linux,0
1,commit-3-amd-9950x3d,run-1,2,base64-0.23.0,decode,standard,unpadded,64,86,65536,1773098,2255.938476,external,avx512-vbmi,avx512-vbmi,x86_64,linux,0
1,commit-3-amd-9950x3d,run-1,3,base64-0.23.0,decode,standard,unpadded,64,86,65536,1776434,2251.702005,external,avx512-vbmi,avx512-vbmi,x86_64,linux,0
1,commit-3-amd-9950x3d,run-1,4,base64-0.23.0,decode,standard,unpadded,64,86,65536,1771164,2258.401819,external,avx512-vbmi,avx512-vbmi,x86_64,linux,0
1,commit-3-amd-9950x3d,run-1,0,base64ct-1.8.3,encode,standard,unpadded,64,86,65536,1747840,2288.538997,external,avx512-vbmi,avx512-vbmi,x86_64,linux,0
1,commit-3-amd-9950x3d,run-1,1,base64ct-1.8.3,encode,standard,unpadded,64,86,65536,1721060,2324.149071,external,avx512-vbmi,avx512-vbmi,x86_64,linux,0
1,commit-3-amd-9950x3d,run-1,2,base64ct-1.8.3,encode,standard,unpadded,64,86,65536,1724586,2319.397235,external,avx512-vbmi,avx512-vbmi,x86_64,linux,0
1,commit-3-amd-9950x3d,run-1,3,base64ct-1.8.3,encode,standard,unpadded,64,86,65536,1728404,2314.273746,external,avx512-vbmi,avx512-vbmi,x86_64,linux,0
1,commit-3-amd-9950x3d,run-1,4,base64ct-1.8.3,encode,standard,unpadded,64,86,65536,1735247,2305.147336,external,avx512-vbmi,avx512-vbmi,x86_64,linux,0
1,commit-3-amd-9950x3d,run-1,0,base64ct-1.8.3,decode,standard,unpadded,64,86,65536,6025332,663.863834,external,avx512-vbmi,avx512-vbmi,x86_64,linux,0
1,commit-3-amd-9950x3d,run-1,1,base64ct-1.8.3,decode,standard,unpadded,64,86,65536,6044789,661.726985,external,avx512-vbmi,avx512-vbmi,x86_64,linux,0
1,commit-3-amd-9950x3d,run-1,2,base64ct-1.8.3,decode,standard,unpadded,64,86,65536,6029320,663.424731,external,avx512-vbmi,avx512-vbmi,x86_64,linux,0
1,commit-3-amd-9950x3d,run-1,3,base64ct-1.8.3,decode,standard,unpadded,64,86,65536,6011196,665.424984,external,avx512-vbmi,avx512-vbmi,x86_64,linux,0
1,commit-3-amd-9950x3d,run-1,4,base64ct-1.8.3,decode,standard,unpadded,64,86,65536,6024730,663.930168,external,avx512-vbmi,avx512-vbmi,x86_64,linux,0
1,commit-3-amd-9950x3d,run-1,0,base64-ng,encode,standard,unpadded,1024,1366,4096,3761471,1063.413755,auto,avx512-vbmi,avx512-vbmi,x86_64,linux,0
1,commit-3-amd-9950x3d,run-1,1,base64-ng,encode,standard,unpadded,1024,1366,4096,3739088,1069.779583,auto,avx512-vbmi,avx512-vbmi,x86_64,linux,0
1,commit-3-amd-9950x3d,run-1,2,base64-ng,encode,standard,unpadded,1024,1366,4096,3762553,1063.107948,auto,avx512-vbmi,avx512-vbmi,x86_64,linux,0
1,commit-3-amd-9950x3d,run-1,3,base64-ng,encode,standard,unpadded,1024,1366,4096,3752173,1066.048927,auto,avx512-vbmi,avx512-vbmi,x86_64,linux,0
1,commit-3-amd-9950x3d,run-1,4,base64-ng,encode,standard,unpadded,1024,1366,4096,3734069,1071.217484,auto,avx512-vbmi,avx512-vbmi,x86_64,linux,0
1,commit-3-amd-9950x3d,run-1,0,base64-ng,decode,standard,unpadded,1024,1366,4096,27010816,148.088825,auto,avx512-vbmi,avx512-vbmi,x86_64,linux,0
1,commit-3-amd-9950x3d,run-1,1,base64-ng,decode,standard,unpadded,1024,1366,4096,27082009,147.699530,auto,avx512-vbmi,avx512-vbmi,x86_64,linux,0
1,commit-3-amd-9950x3d,run-1,2,base64-ng,decode,standard,unpadded,1024,1366,4096,26972092,148.301437,auto,avx512-vbmi,avx512-vbmi,x86_64,linux,0
1,commit-3-amd-9950x3d,run-1,3,base64-ng,decode,standard,unpadded,1024,1366,4096,27042896,147.913152,auto,avx512-vbmi,avx512-vbmi,x86_64,linux,0
1,commit-3-amd-9950x3d,run-1,4,base64-ng,decode,standard,unpadded,1024,1366,4096,27005736,148.116682,auto,avx512-vbmi,avx512-vbmi,x86_64,linux,0
1,commit-3-amd-9950x3d,run-1,0,base64-ng,encode,standard,unpadded,1024,1366,4096,1984025,2016.103628,scalar,avx512-vbmi,avx512-vbmi,x86_64,linux,0
1,commit-3-amd-9950x3d,run-1,1,base64-ng,encode,standard,unpadded,1024,1366,4096,1987411,2012.668743,scalar,avx512-vbmi,avx512-vbmi,x86_64,linux,0
1,commit-3-amd-9950x3d,run-1,2,base64-ng,encode,standard,unpadded,1024,1366,4096,2003922,1996.085676,scalar,avx512-vbmi,avx512-vbmi,x86_64,linux,0
1,commit-3-amd-9950x3d,run-1,3,base64-ng,encode,standard,unpadded,1024,1366,4096,2004644,1995.366758,scalar,avx512-vbmi,avx512-vbmi,x86_64,linux,0
1,commit-3-amd-9950x3d,run-1,4,base64-ng,encode,standard,unpadded,1024,1366,4096,2008661,1991.376345,scalar,avx512-vbmi,avx512-vbmi,x86_64,linux,0
1,commit-3-amd-9950x3d,run-1,0,base64-ng,decode,standard,unpadded,1024,1366,4096,13790008,290.065096,scalar,avx512-vbmi,avx512-vbmi,x86_64,linux,0
1,commit-3-amd-9950x3d,run-1,1,base64-ng,decode,standard,unpadded,1024,1366,4096,13826167,289.306501,scalar,avx512-vbmi,avx512-vbmi,x86_64,linux,0
1,commit-3-amd-9950x3d,run-1,2,base64-ng,decode,standard,unpadded,1024,1366,4096,13817209,289.494065,scalar,avx512-vbmi,avx512-vbmi,x86_64,linux,0
1,commit-3-amd-9950x3d,run-1,3,base64-ng,decode,standard,unpadded,1024,1366,4096,13806659,289.715274,scalar,avx512-vbmi,avx512-vbmi,x86_64,linux,0
1,commit-3-amd-9950x3d,run-1,4,base64-ng,decode,standard,unpadded,1024,1366,4096,13802121,289.810530,scalar,avx512-vbmi,avx512-vbmi,x86_64,linux,0
1,commit-3-amd-9950x3d,run-1,0,base64-ng,encode,standard,unpadded,1024,1366,4096,12612272,317.151422,ssse3-sse4.1,avx512-vbmi,avx512-vbmi,x86_64,linux,0
1,commit-3-amd-9950x3d,run-1,1,base64-ng,encode,standard,unpadded,1024,1366,4096,12587465,317.776455,ssse3-sse4.1,avx512-vbmi,avx512-vbmi,x86_64,linux,0
1,commit-3-amd-9950x3d,run-1,2,base64-ng,encode,standard,unpadded,1024,1366,4096,12139832,329.493851,ssse3-sse4.1,avx512-vbmi,avx512-vbmi,x86_64,linux,0
1,commit-3-amd-9950x3d,run-1,3,base64-ng,encode,standard,unpadded,1024,1366,4096,12198061,327.920970,ssse3-sse4.1,avx512-vbmi,avx512-vbmi,x86_64,linux,0
1,commit-3-amd-9950x3d,run-1,4,base64-ng,encode,standard,unpadded,1024,1366,4096,12139101,329.513693,ssse3-sse4.1,avx512-vbmi,avx512-vbmi,x86_64,linux,0
1,commit-3-amd-9950x3d,run-1,0,base64-ng,decode,standard,unpadded,1024,1366,4096,50020919,79.966544,ssse3-sse4.1,avx512-vbmi,avx512-vbmi,x86_64,linux,0
1,commit-3-amd-9950x3d,run-1,1,base64-ng,decode,standard,unpadded,1024,1366,4096,50111570,79.821885,ssse3-sse4.1,avx512-vbmi,avx512-vbmi,x86_64,linux,0
1,commit-3-amd-9950x3d,run-1,2,base64-ng,decode,standard,unpadded,1024,1366,4096,50661044,78.956130,ssse3-sse4.1,avx512-vbmi,avx512-vbmi,x86_64,linux,0
1,commit-3-amd-9950x3d,run-1,3,base64-ng,decode,standard,unpadded,1024,1366,4096,50303842,79.516789,ssse3-sse4.1,avx512-vbmi,avx512-vbmi,x86_64,linux,0
1,commit-3-amd-9950x3d,run-1,4,base64-ng,decode,standard,unpadded,1024,1366,4096,50267974,79.573527,ssse3-sse4.1,avx512-vbmi,avx512-vbmi,x86_64,linux,0
1,commit-3-amd-9950x3d,run-1,0,base64-ng,encode,standard,unpadded,1024,1366,4096,6550451,610.644977,avx2,avx512-vbmi,avx512-vbmi,x86_64,linux,0
1,commit-3-amd-9950x3d,run-1,1,base64-ng,encode,standard,unpadded,1024,1366,4096,6512810,614.174220,avx2,avx512-vbmi,avx512-vbmi,x86_64,linux,0
1,commit-3-amd-9950x3d,run-1,2,base64-ng,encode,standard,unpadded,1024,1366,4096,6480389,617.246897,avx2,avx512-vbmi,avx512-vbmi,x86_64,linux,0
1,commit-3-amd-9950x3d,run-1,3,base64-ng,encode,standard,unpadded,1024,1366,4096,6432088,621.882039,avx2,avx512-vbmi,avx512-vbmi,x86_64,linux,0
1,commit-3-amd-9950x3d,run-1,4,base64-ng,encode,standard,unpadded,1024,1366,4096,6525724,612.958807,avx2,avx512-vbmi,avx512-vbmi,x86_64,linux,0
1,commit-3-amd-9950x3d,run-1,0,base64-ng,decode,standard,unpadded,1024,1366,4096,34740556,115.139205,avx2,avx512-vbmi,avx512-vbmi,x86_64,linux,0
1,commit-3-amd-9950x3d,run-1,1,base64-ng,decode,standard,unpadded,1024,1366,4096,34663670,115.394590,avx2,avx512-vbmi,avx512-vbmi,x86_64,linux,0
1,commit-3-amd-9950x3d,run-1,2,base64-ng,decode,standard,unpadded,1024,1366,4096,34902630,114.604544,avx2,avx512-vbmi,avx512-vbmi,x86_64,linux,0
1,commit-3-amd-9950x3d,run-1,3,base64-ng,decode,standard,unpadded,1024,1366,4096,34802923,114.932875,avx2,avx512-vbmi,avx512-vbmi,x86_64,linux,0
1,commit-3-amd-9950x3d,run-1,4,base64-ng,decode,standard,unpadded,1024,1366,4096,34776784,115.019261,avx2,avx512-vbmi,avx512-vbmi,x86_64,linux,0
1,commit-3-amd-9950x3d,run-1,0,base64-ng,encode,standard,unpadded,1024,1366,4096,3703632,1080.020909,avx512-vbmi,avx512-vbmi,avx512-vbmi,x86_64,linux,0
1,commit-3-amd-9950x3d,run-1,1,base64-ng,encode,standard,unpadded,1024,1366,4096,3703291,1080.120358,avx512-vbmi,avx512-vbmi,avx512-vbmi,x86_64,linux,0
1,commit-3-amd-9950x3d,run-1,2,base64-ng,encode,standard,unpadded,1024,1366,4096,3712999,1077.296277,avx512-vbmi,avx512-vbmi,avx512-vbmi,x86_64,linux,0
1,commit-3-amd-9950x3d,run-1,3,base64-ng,encode,standard,unpadded,1024,1366,4096,3693233,1083.061914,avx512-vbmi,avx512-vbmi,avx512-vbmi,x86_64,linux,0
1,commit-3-amd-9950x3d,run-1,4,base64-ng,encode,standard,unpadded,1024,1366,4096,3694685,1082.636273,avx512-vbmi,avx512-vbmi,avx512-vbmi,x86_64,linux,0
1,commit-3-amd-9950x3d,run-1,0,base64-ng,decode,standard,unpadded,1024,1366,4096,26997560,148.161538,avx512-vbmi,avx512-vbmi,avx512-vbmi,x86_64,linux,0
1,commit-3-amd-9950x3d,run-1,1,base64-ng,decode,standard,unpadded,1024,1366,4096,27057783,147.831772,avx512-vbmi,avx512-vbmi,avx512-vbmi,x86_64,linux,0
1,commit-3-amd-9950x3d,run-1,2,base64-ng,decode,standard,unpadded,1024,1366,4096,27002540,148.134213,avx512-vbmi,avx512-vbmi,avx512-vbmi,x86_64,linux,0
1,commit-3-amd-9950x3d,run-1,3,base64-ng,decode,standard,unpadded,1024,1366,4096,27040942,147.923841,avx512-vbmi,avx512-vbmi,avx512-vbmi,x86_64,linux,0
1,commit-3-amd-9950x3d,run-1,4,base64-ng,decode,standard,unpadded,1024,1366,4096,26959800,148.369053,avx512-vbmi,avx512-vbmi,avx512-vbmi,x86_64,linux,0
1,commit-3-amd-9950x3d,run-1,0,base64-0.23.0,encode,standard,unpadded,1024,1366,4096,837065,4778.601423,external,avx512-vbmi,avx512-vbmi,x86_64,linux,0
1,commit-3-amd-9950x3d,run-1,1,base64-0.23.0,encode,standard,unpadded,1024,1366,4096,847065,4722.187790,external,avx512-vbmi,avx512-vbmi,x86_64,linux,0
1,commit-3-amd-9950x3d,run-1,2,base64-0.23.0,encode,standard,unpadded,1024,1366,4096,847054,4722.249113,external,avx512-vbmi,avx512-vbmi,x86_64,linux,0
1,commit-3-amd-9950x3d,run-1,3,base64-0.23.0,encode,standard,unpadded,1024,1366,4096,853226,4688.089674,external,avx512-vbmi,avx512-vbmi,x86_64,linux,0
1,commit-3-amd-9950x3d,run-1,4,base64-0.23.0,encode,standard,unpadded,1024,1366,4096,857684,4663.722303,external,avx512-vbmi,avx512-vbmi,x86_64,linux,0
1,commit-3-amd-9950x3d,run-1,0,base64-0.23.0,decode,standard,unpadded,1024,1366,4096,993590,4025.805413,external,avx512-vbmi,avx512-vbmi,x86_64,linux,0
1,commit-3-amd-9950x3d,run-1,1,base64-0.23.0,decode,standard,unpadded,1024,1366,4096,981648,4074.780369,external,avx512-vbmi,avx512-vbmi,x86_64,linux,0
1,commit-3-amd-9950x3d,run-1,2,base64-0.23.0,decode,standard,unpadded,1024,1366,4096,986658,4054.089664,external,avx512-vbmi,avx512-vbmi,x86_64,linux,0
1,commit-3-amd-9950x3d,run-1,3,base64-0.23.0,decode,standard,unpadded,1024,1366,4096,991687,4033.530741,external,avx512-vbmi,avx512-vbmi,x86_64,linux,0
1,commit-3-amd-9950x3d,run-1,4,base64-0.23.0,decode,standard,unpadded,1024,1366,4096,994101,4023.736019,external,avx512-vbmi,avx512-vbmi,x86_64,linux,0
1,commit-3-amd-9950x3d,run-1,0,base64ct-1.8.3,encode,standard,unpadded,1024,1366,4096,1396258,2864.800058,external,avx512-vbmi,avx512-vbmi,x86_64,linux,0
1,commit-3-amd-9950x3d,run-1,1,base64ct-1.8.3,encode,standard,unpadded,1024,1366,4096,1373725,2911.790933,external,avx512-vbmi,avx512-vbmi,x86_64,linux,0
1,commit-3-amd-9950x3d,run-1,2,base64ct-1.8.3,encode,standard,unpadded,1024,1366,4096,1379307,2900.007033,external,avx512-vbmi,avx512-vbmi,x86_64,linux,0
1,commit-3-amd-9950x3d,run-1,3,base64ct-1.8.3,encode,standard,unpadded,1024,1366,4096,1381039,2896.370052,external,avx512-vbmi,avx512-vbmi,x86_64,linux,0
1,commit-3-amd-9950x3d,run-1,4,base64ct-1.8.3,encode,standard,unpadded,1024,1366,4096,1378535,2901.631079,external,avx512-vbmi,avx512-vbmi,x86_64,linux,0
1,commit-3-amd-9950x3d,run-1,0,base64ct-1.8.3,decode,standard,unpadded,1024,1366,4096,4636698,862.682883,external,avx512-vbmi,avx512-vbmi,x86_64,linux,0
1,commit-3-amd-9950x3d,run-1,1,base64ct-1.8.3,decode,standard,unpadded,1024,1366,4096,4645845,860.984385,external,avx512-vbmi,avx512-vbmi,x86_64,linux,0
1,commit-3-amd-9950x3d,run-1,2,base64ct-1.8.3,decode,standard,unpadded,1024,1366,4096,4654351,859.410904,external,avx512-vbmi,avx512-vbmi,x86_64,linux,0
1,commit-3-amd-9950x3d,run-1,3,base64ct-1.8.3,decode,standard,unpadded,1024,1366,4096,4642930,861.524942,external,avx512-vbmi,avx512-vbmi,x86_64,linux,0
1,commit-3-amd-9950x3d,run-1,4,base64ct-1.8.3,decode,standard,unpadded,1024,1366,4096,4646566,860.850787,external,avx512-vbmi,avx512-vbmi,x86_64,linux,0
1,commit-3-amd-9950x3d,run-1,0,base64-ng,encode,standard,unpadded,65536,87382,64,3569740,1120.529786,auto,avx512-vbmi,avx512-vbmi,x86_64,linux,0
1,commit-3-amd-9950x3d,run-1,1,base64-ng,encode,standard,unpadded,65536,87382,64,3526739,1134.192238,auto,avx512-vbmi,avx512-vbmi,x86_64,linux,0
1,commit-3-amd-9950x3d,run-1,2,base64-ng,encode,standard,unpadded,65536,87382,64,3529394,1133.339038,auto,avx512-vbmi,avx512-vbmi,x86_64,linux,0
1,commit-3-amd-9950x3d,run-1,3,base64-ng,encode,standard,unpadded,65536,87382,64,3523803,1135.137237,auto,avx512-vbmi,avx512-vbmi,x86_64,linux,0
1,commit-3-amd-9950x3d,run-1,4,base64-ng,encode,standard,unpadded,65536,87382,64,3508033,1140.240129,auto,avx512-vbmi,avx512-vbmi,x86_64,linux,0
1,commit-3-amd-9950x3d,run-1,0,base64-ng,decode,standard,unpadded,65536,87382,64,26289748,152.150565,auto,avx512-vbmi,avx512-vbmi,x86_64,linux,0
1,commit-3-amd-9950x3d,run-1,1,base64-ng,decode,standard,unpadded,65536,87382,64,26320416,151.973282,auto,avx512-vbmi,avx512-vbmi,x86_64,linux,0
1,commit-3-amd-9950x3d,run-1,2,base64-ng,decode,standard,unpadded,65536,87382,64,26338149,151.870961,auto,avx512-vbmi,avx512-vbmi,x86_64,linux,0
1,commit-3-amd-9950x3d,run-1,3,base64-ng,decode,standard,unpadded,65536,87382,64,26349630,151.804788,auto,avx512-vbmi,avx512-vbmi,x86_64,linux,0
1,commit-3-amd-9950x3d,run-1,4,base64-ng,decode,standard,unpadded,65536,87382,64,26354280,151.778003,auto,avx512-vbmi,avx512-vbmi,x86_64,linux,0
1,commit-3-amd-9950x3d,run-1,0,base64-ng,encode,standard,unpadded,65536,87382,64,1797163,2225.730220,scalar,avx512-vbmi,avx512-vbmi,x86_64,linux,0
1,commit-3-amd-9950x3d,run-1,1,base64-ng,encode,standard,unpadded,65536,87382,64,1814906,2203.970894,scalar,avx512-vbmi,avx512-vbmi,x86_64,linux,0
1,commit-3-amd-9950x3d,run-1,2,base64-ng,encode,standard,unpadded,65536,87382,64,1824895,2191.906932,scalar,avx512-vbmi,avx512-vbmi,x86_64,linux,0
1,commit-3-amd-9950x3d,run-1,3,base64-ng,encode,standard,unpadded,65536,87382,64,1822921,2194.280498,scalar,avx512-vbmi,avx512-vbmi,x86_64,linux,0
1,commit-3-amd-9950x3d,run-1,4,base64-ng,encode,standard,unpadded,65536,87382,64,1827300,2189.022054,scalar,avx512-vbmi,avx512-vbmi,x86_64,linux,0
1,commit-3-amd-9950x3d,run-1,0,base64-ng,decode,standard,unpadded,65536,87382,64,13658982,292.847593,scalar,avx512-vbmi,avx512-vbmi,x86_64,linux,0
1,commit-3-amd-9950x3d,run-1,1,base64-ng,decode,standard,unpadded,65536,87382,64,13673910,292.527887,scalar,avx512-vbmi,avx512-vbmi,x86_64,linux,0
1,commit-3-amd-9950x3d,run-1,2,base64-ng,decode,standard,unpadded,65536,87382,64,13679130,292.416257,scalar,avx512-vbmi,avx512-vbmi,x86_64,linux,0
1,commit-3-amd-9950x3d,run-1,3,base64-ng,decode,standard,unpadded,65536,87382,64,13677997,292.440479,scalar,avx512-vbmi,avx512-vbmi,x86_64,linux,0
1,commit-3-amd-9950x3d,run-1,4,base64-ng,decode,standard,unpadded,65536,87382,64,13679781,292.402342,scalar,avx512-vbmi,avx512-vbmi,x86_64,linux,0
1,commit-3-amd-9950x3d,run-1,0,base64-ng,encode,standard,unpadded,65536,87382,64,12024495,332.654303,ssse3-sse4.1,avx512-vbmi,avx512-vbmi,x86_64,linux,0
1,commit-3-amd-9950x3d,run-1,1,base64-ng,encode,standard,unpadded,65536,87382,64,11933253,335.197787,ssse3-sse4.1,avx512-vbmi,avx512-vbmi,x86_64,linux,0
1,commit-3-amd-9950x3d,run-1,2,base64-ng,encode,standard,unpadded,65536,87382,64,11947610,334.794992,ssse3-sse4.1,avx512-vbmi,avx512-vbmi,x86_64,linux,0
1,commit-3-amd-9950x3d,run-1,3,base64-ng,encode,standard,unpadded,65536,87382,64,12009878,333.059170,ssse3-sse4.1,avx512-vbmi,avx512-vbmi,x86_64,linux,0
1,commit-3-amd-9950x3d,run-1,4,base64-ng,encode,standard,unpadded,65536,87382,64,11906553,335.949456,ssse3-sse4.1,avx512-vbmi,avx512-vbmi,x86_64,linux,0
1,commit-3-amd-9950x3d,run-1,0,base64-ng,decode,standard,unpadded,65536,87382,64,49987135,80.020589,ssse3-sse4.1,avx512-vbmi,avx512-vbmi,x86_64,linux,0
1,commit-3-amd-9950x3d,run-1,1,base64-ng,decode,standard,unpadded,65536,87382,64,50081864,79.869232,ssse3-sse4.1,avx512-vbmi,avx512-vbmi,x86_64,linux,0
1,commit-3-amd-9950x3d,run-1,2,base64-ng,decode,standard,unpadded,65536,87382,64,50158369,79.747410,ssse3-sse4.1,avx512-vbmi,avx512-vbmi,x86_64,linux,0
1,commit-3-amd-9950x3d,run-1,3,base64-ng,decode,standard,unpadded,65536,87382,64,50027252,79.956421,ssse3-sse4.1,avx512-vbmi,avx512-vbmi,x86_64,linux,0
1,commit-3-amd-9950x3d,run-1,4,base64-ng,decode,standard,unpadded,65536,87382,64,50043612,79.930282,ssse3-sse4.1,avx512-vbmi,avx512-vbmi,x86_64,linux,0
1,commit-3-amd-9950x3d,run-1,0,base64-ng,encode,standard,unpadded,65536,87382,64,6278439,637.101037,avx2,avx512-vbmi,avx512-vbmi,x86_64,linux,0
1,commit-3-amd-9950x3d,run-1,1,base64-ng,encode,standard,unpadded,65536,87382,64,6364160,628.519710,avx2,avx512-vbmi,avx512-vbmi,x86_64,linux,0
1,commit-3-amd-9950x3d,run-1,2,base64-ng,encode,standard,unpadded,65536,87382,64,6318845,633.027080,avx2,avx512-vbmi,avx512-vbmi,x86_64,linux,0
1,commit-3-amd-9950x3d,run-1,3,base64-ng,encode,standard,unpadded,65536,87382,64,6336778,631.235622,avx2,avx512-vbmi,avx512-vbmi,x86_64,linux,0
1,commit-3-amd-9950x3d,run-1,4,base64-ng,encode,standard,unpadded,65536,87382,64,6357237,629.204165,avx2,avx512-vbmi,avx512-vbmi,x86_64,linux,0
1,commit-3-amd-9950x3d,run-1,0,base64-ng,decode,standard,unpadded,65536,87382,64,34280600,116.684072,avx2,avx512-vbmi,avx512-vbmi,x86_64,linux,0
1,commit-3-amd-9950x3d,run-1,1,base64-ng,decode,standard,unpadded,65536,87382,64,34399083,116.282169,avx2,avx512-vbmi,avx512-vbmi,x86_64,linux,0
1,commit-3-amd-9950x3d,run-1,2,base64-ng,decode,standard,unpadded,65536,87382,64,34314453,116.568957,avx2,avx512-vbmi,avx512-vbmi,x86_64,linux,0
1,commit-3-amd-9950x3d,run-1,3,base64-ng,decode,standard,unpadded,65536,87382,64,34860612,114.742679,avx2,avx512-vbmi,avx512-vbmi,x86_64,linux,0
1,commit-3-amd-9950x3d,run-1,4,base64-ng,decode,standard,unpadded,65536,87382,64,34488982,115.979068,avx2,avx512-vbmi,avx512-vbmi,x86_64,linux,0
1,commit-3-amd-9950x3d,run-1,0,base64-ng,encode,standard,unpadded,65536,87382,64,3536167,1131.168296,avx512-vbmi,avx512-vbmi,avx512-vbmi,x86_64,linux,0
1,commit-3-amd-9950x3d,run-1,1,base64-ng,encode,standard,unpadded,65536,87382,64,3543290,1128.894333,avx512-vbmi,avx512-vbmi,avx512-vbmi,x86_64,linux,0
1,commit-3-amd-9950x3d,run-1,2,base64-ng,encode,standard,unpadded,65536,87382,64,3532801,1132.246056,avx512-vbmi,avx512-vbmi,avx512-vbmi,x86_64,linux,0
1,commit-3-amd-9950x3d,run-1,3,base64-ng,encode,standard,unpadded,65536,87382,64,3536697,1130.998782,avx512-vbmi,avx512-vbmi,avx512-vbmi,x86_64,linux,0
1,commit-3-amd-9950x3d,run-1,4,base64-ng,encode,standard,unpadded,65536,87382,64,3528813,1133.525636,avx512-vbmi,avx512-vbmi,avx512-vbmi,x86_64,linux,0
1,commit-3-amd-9950x3d,run-1,0,base64-ng,decode,standard,unpadded,65536,87382,64,26483172,151.039309,avx512-vbmi,avx512-vbmi,avx512-vbmi,x86_64,linux,0
1,commit-3-amd-9950x3d,run-1,1,base64-ng,decode,standard,unpadded,65536,87382,64,26925364,148.558809,avx512-vbmi,avx512-vbmi,avx512-vbmi,x86_64,linux,0
1,commit-3-amd-9950x3d,run-1,2,base64-ng,decode,standard,unpadded,65536,87382,64,26497419,150.958099,avx512-vbmi,avx512-vbmi,avx512-vbmi,x86_64,linux,0
1,commit-3-amd-9950x3d,run-1,3,base64-ng,decode,standard,unpadded,65536,87382,64,26440542,151.282829,avx512-vbmi,avx512-vbmi,avx512-vbmi,x86_64,linux,0
1,commit-3-amd-9950x3d,run-1,4,base64-ng,decode,standard,unpadded,65536,87382,64,26463285,151.152814,avx512-vbmi,avx512-vbmi,avx512-vbmi,x86_64,linux,0
1,commit-3-amd-9950x3d,run-1,0,base64-0.23.0,encode,standard,unpadded,65536,87382,64,791561,5053.306062,external,avx512-vbmi,avx512-vbmi,x86_64,linux,0
1,commit-3-amd-9950x3d,run-1,1,base64-0.23.0,encode,standard,unpadded,65536,87382,64,794044,5037.504219,external,avx512-vbmi,avx512-vbmi,x86_64,linux,0
1,commit-3-amd-9950x3d,run-1,2,base64-0.23.0,encode,standard,unpadded,65536,87382,64,804574,4971.575020,external,avx512-vbmi,avx512-vbmi,x86_64,linux,0
1,commit-3-amd-9950x3d,run-1,3,base64-0.23.0,encode,standard,unpadded,65536,87382,64,806128,4961.991148,external,avx512-vbmi,avx512-vbmi,x86_64,linux,0
1,commit-3-amd-9950x3d,run-1,4,base64-0.23.0,encode,standard,unpadded,65536,87382,64,807941,4950.856560,external,avx512-vbmi,avx512-vbmi,x86_64,linux,0
1,commit-3-amd-9950x3d,run-1,0,base64-0.23.0,decode,standard,unpadded,65536,87382,64,945861,4228.951188,external,avx512-vbmi,avx512-vbmi,x86_64,linux,0
1,commit-3-amd-9950x3d,run-1,1,base64-0.23.0,decode,standard,unpadded,65536,87382,64,947263,4222.692114,external,avx512-vbmi,avx512-vbmi,x86_64,linux,0
1,commit-3-amd-9950x3d,run-1,2,base64-0.23.0,decode,standard,unpadded,65536,87382,64,951400,4204.330460,external,avx512-vbmi,avx512-vbmi,x86_64,linux,0
1,commit-3-amd-9950x3d,run-1,3,base64-0.23.0,decode,standard,unpadded,65536,87382,64,955639,4185.680995,external,avx512-vbmi,avx512-vbmi,x86_64,linux,0
1,commit-3-amd-9950x3d,run-1,4,base64-0.23.0,decode,standard,unpadded,65536,87382,64,953024,4197.166073,external,avx512-vbmi,avx512-vbmi,x86_64,linux,0
1,commit-3-amd-9950x3d,run-1,0,base64ct-1.8.3,encode,standard,unpadded,65536,87382,64,1340763,2983.375884,external,avx512-vbmi,avx512-vbmi,x86_64,linux,0
1,commit-3-amd-9950x3d,run-1,1,base64ct-1.8.3,encode,standard,unpadded,65536,87382,64,1331426,3004.297648,external,avx512-vbmi,avx512-vbmi,x86_64,linux,0
1,commit-3-amd-9950x3d,run-1,2,base64ct-1.8.3,encode,standard,unpadded,65536,87382,64,1333510,2999.602553,external,avx512-vbmi,avx512-vbmi,x86_64,linux,0
1,commit-3-amd-9950x3d,run-1,3,base64ct-1.8.3,encode,standard,unpadded,65536,87382,64,1333811,2998.925635,external,avx512-vbmi,avx512-vbmi,x86_64,linux,0
1,commit-3-amd-9950x3d,run-1,4,base64ct-1.8.3,encode,standard,unpadded,65536,87382,64,1337958,2989.630467,external,avx512-vbmi,avx512-vbmi,x86_64,linux,0
1,commit-3-amd-9950x3d,run-1,0,base64ct-1.8.3,decode,standard,unpadded,65536,87382,64,4557038,877.763144,external,avx512-vbmi,avx512-vbmi,x86_64,linux,0
1,commit-3-amd-9950x3d,run-1,1,base64ct-1.8.3,decode,standard,unpadded,65536,87382,64,4559814,877.228764,external,avx512-vbmi,avx512-vbmi,x86_64,linux,0
1,commit-3-amd-9950x3d,run-1,2,base64ct-1.8.3,decode,standard,unpadded,65536,87382,64,4555104,878.135823,external,avx512-vbmi,avx512-vbmi,x86_64,linux,0
1,commit-3-amd-9950x3d,run-1,3,base64ct-1.8.3,decode,standard,unpadded,65536,87382,64,4551267,878.876146,external,avx512-vbmi,avx512-vbmi,x86_64,linux,0
1,commit-3-amd-9950x3d,run-1,4,base64ct-1.8.3,decode,standard,unpadded,65536,87382,64,4557088,877.753513,external,avx512-vbmi,avx512-vbmi,x86_64,linux,0
1,commit-3-amd-9950x3d,run-1,0,base64-ng,encode,url-safe,padded,1,4,4194304,35429783,112.899365,auto,avx512-vbmi,avx512-vbmi,x86_64,linux,0
1,commit-3-amd-9950x3d,run-1,1,base64-ng,encode,url-safe,padded,1,4,4194304,35420495,112.928970,auto,avx512-vbmi,avx512-vbmi,x86_64,linux,0
1,commit-3-amd-9950x3d,run-1,2,base64-ng,encode,url-safe,padded,1,4,4194304,35341487,113.181429,auto,avx512-vbmi,avx512-vbmi,x86_64,linux,0
1,commit-3-amd-9950x3d,run-1,3,base64-ng,encode,url-safe,padded,1,4,4194304,35325908,113.231343,auto,avx512-vbmi,avx512-vbmi,x86_64,linux,0
1,commit-3-amd-9950x3d,run-1,4,base64-ng,encode,url-safe,padded,1,4,4194304,35318824,113.254054,auto,avx512-vbmi,avx512-vbmi,x86_64,linux,0
1,commit-3-amd-9950x3d,run-1,0,base64-ng,decode,url-safe,padded,1,4,4194304,57559611,69.493173,auto,avx512-vbmi,avx512-vbmi,x86_64,linux,0
1,commit-3-amd-9950x3d,run-1,1,base64-ng,decode,url-safe,padded,1,4,4194304,57781538,69.226264,auto,avx512-vbmi,avx512-vbmi,x86_64,linux,0
1,commit-3-amd-9950x3d,run-1,2,base64-ng,decode,url-safe,padded,1,4,4194304,57894441,69.091262,auto,avx512-vbmi,avx512-vbmi,x86_64,linux,0
1,commit-3-amd-9950x3d,run-1,3,base64-ng,decode,url-safe,padded,1,4,4194304,57543740,69.512340,auto,avx512-vbmi,avx512-vbmi,x86_64,linux,0
1,commit-3-amd-9950x3d,run-1,4,base64-ng,decode,url-safe,padded,1,4,4194304,58813621,68.011456,auto,avx512-vbmi,avx512-vbmi,x86_64,linux,0
1,commit-3-amd-9950x3d,run-1,0,base64-ng,encode,url-safe,padded,1,4,4194304,26410866,151.452815,scalar,avx512-vbmi,avx512-vbmi,x86_64,linux,0
1,commit-3-amd-9950x3d,run-1,1,base64-ng,encode,url-safe,padded,1,4,4194304,26406928,151.475401,scalar,avx512-vbmi,avx512-vbmi,x86_64,linux,0
1,commit-3-amd-9950x3d,run-1,2,base64-ng,encode,url-safe,padded,1,4,4194304,26433588,151.322628,scalar,avx512-vbmi,avx512-vbmi,x86_64,linux,0
1,commit-3-amd-9950x3d,run-1,3,base64-ng,encode,url-safe,padded,1,4,4194304,26448336,151.238248,scalar,avx512-vbmi,avx512-vbmi,x86_64,linux,0
1,commit-3-amd-9950x3d,run-1,4,base64-ng,encode,url-safe,padded,1,4,4194304,26443688,151.264831,scalar,avx512-vbmi,avx512-vbmi,x86_64,linux,0
1,commit-3-amd-9950x3d,run-1,0,base64-ng,decode,url-safe,padded,1,4,4194304,38226207,104.640254,scalar,avx512-vbmi,avx512-vbmi,x86_64,linux,0
1,commit-3-amd-9950x3d,run-1,1,base64-ng,decode,url-safe,padded,1,4,4194304,38251966,104.569789,scalar,avx512-vbmi,avx512-vbmi,x86_64,linux,0
1,commit-3-amd-9950x3d,run-1,2,base64-ng,decode,url-safe,padded,1,4,4194304,38216279,104.667438,scalar,avx512-vbmi,avx512-vbmi,x86_64,linux,0
1,commit-3-amd-9950x3d,run-1,3,base64-ng,decode,url-safe,padded,1,4,4194304,38265180,104.533678,scalar,avx512-vbmi,avx512-vbmi,x86_64,linux,0
1,commit-3-amd-9950x3d,run-1,4,base64-ng,decode,url-safe,padded,1,4,4194304,38129625,104.905307,scalar,avx512-vbmi,avx512-vbmi,x86_64,linux,0
1,commit-3-amd-9950x3d,run-1,0,base64-ng,encode,url-safe,padded,1,4,4194304,32929397,121.472009,ssse3-sse4.1,avx512-vbmi,avx512-vbmi,x86_64,linux,0
1,commit-3-amd-9950x3d,run-1,1,base64-ng,encode,url-safe,padded,1,4,4194304,32836741,121.814768,ssse3-sse4.1,avx512-vbmi,avx512-vbmi,x86_64,linux,0
1,commit-3-amd-9950x3d,run-1,2,base64-ng,encode,url-safe,padded,1,4,4194304,33039113,121.068626,ssse3-sse4.1,avx512-vbmi,avx512-vbmi,x86_64,linux,0
1,commit-3-amd-9950x3d,run-1,3,base64-ng,encode,url-safe,padded,1,4,4194304,33095699,120.861626,ssse3-sse4.1,avx512-vbmi,avx512-vbmi,x86_64,linux,0
1,commit-3-amd-9950x3d,run-1,4,base64-ng,encode,url-safe,padded,1,4,4194304,33078558,120.924256,ssse3-sse4.1,avx512-vbmi,avx512-vbmi,x86_64,linux,0
1,commit-3-amd-9950x3d,run-1,0,base64-ng,decode,url-safe,padded,1,4,4194304,45872621,87.197982,ssse3-sse4.1,avx512-vbmi,avx512-vbmi,x86_64,linux,0
1,commit-3-amd-9950x3d,run-1,1,base64-ng,decode,url-safe,padded,1,4,4194304,45998407,86.959533,ssse3-sse4.1,avx512-vbmi,avx512-vbmi,x86_64,linux,0
1,commit-3-amd-9950x3d,run-1,2,base64-ng,decode,url-safe,padded,1,4,4194304,45949405,87.052270,ssse3-sse4.1,avx512-vbmi,avx512-vbmi,x86_64,linux,0
1,commit-3-amd-9950x3d,run-1,3,base64-ng,decode,url-safe,padded,1,4,4194304,45828879,87.281210,ssse3-sse4.1,avx512-vbmi,avx512-vbmi,x86_64,linux,0
1,commit-3-amd-9950x3d,run-1,4,base64-ng,decode,url-safe,padded,1,4,4194304,45996294,86.963528,ssse3-sse4.1,avx512-vbmi,avx512-vbmi,x86_64,linux,0
1,commit-3-amd-9950x3d,run-1,0,base64-ng,encode,url-safe,padded,1,4,4194304,33107472,120.818648,avx2,avx512-vbmi,avx512-vbmi,x86_64,linux,0
1,commit-3-amd-9950x3d,run-1,1,base64-ng,encode,url-safe,padded,1,4,4194304,33648320,118.876663,avx2,avx512-vbmi,avx512-vbmi,x86_64,linux,0
1,commit-3-amd-9950x3d,run-1,2,base64-ng,encode,url-safe,padded,1,4,4194304,33579159,119.121506,avx2,avx512-vbmi,avx512-vbmi,x86_64,linux,0
1,commit-3-amd-9950x3d,run-1,3,base64-ng,encode,url-safe,padded,1,4,4194304,33617893,118.984256,avx2,avx512-vbmi,avx512-vbmi,x86_64,linux,0
1,commit-3-amd-9950x3d,run-1,4,base64-ng,encode,url-safe,padded,1,4,4194304,33494270,119.423412,avx2,avx512-vbmi,avx512-vbmi,x86_64,linux,0
1,commit-3-amd-9950x3d,run-1,0,base64-ng,decode,url-safe,padded,1,4,4194304,50027251,79.956422,avx2,avx512-vbmi,avx512-vbmi,x86_64,linux,0
1,commit-3-amd-9950x3d,run-1,1,base64-ng,decode,url-safe,padded,1,4,4194304,50094268,79.849455,avx2,avx512-vbmi,avx512-vbmi,x86_64,linux,0
1,commit-3-amd-9950x3d,run-1,2,base64-ng,decode,url-safe,padded,1,4,4194304,50908240,78.572742,avx2,avx512-vbmi,avx512-vbmi,x86_64,linux,0
1,commit-3-amd-9950x3d,run-1,3,base64-ng,decode,url-safe,padded,1,4,4194304,50555536,79.120910,avx2,avx512-vbmi,avx512-vbmi,x86_64,linux,0
1,commit-3-amd-9950x3d,run-1,4,base64-ng,decode,url-safe,padded,1,4,4194304,50383051,79.391778,avx2,avx512-vbmi,avx512-vbmi,x86_64,linux,0
1,commit-3-amd-9950x3d,run-1,0,base64-ng,encode,url-safe,padded,1,4,4194304,35908374,111.394629,avx512-vbmi,avx512-vbmi,avx512-vbmi,x86_64,linux,0
1,commit-3-amd-9950x3d,run-1,1,base64-ng,encode,url-safe,padded,1,4,4194304,36837263,108.585700,avx512-vbmi,avx512-vbmi,avx512-vbmi,x86_64,linux,0
1,commit-3-amd-9950x3d,run-1,2,base64-ng,encode,url-safe,padded,1,4,4194304,34560487,115.739110,avx512-vbmi,avx512-vbmi,avx512-vbmi,x86_64,linux,0
1,commit-3-amd-9950x3d,run-1,3,base64-ng,encode,url-safe,padded,1,4,4194304,34698417,115.279034,avx512-vbmi,avx512-vbmi,avx512-vbmi,x86_64,linux,0
1,commit-3-amd-9950x3d,run-1,4,base64-ng,encode,url-safe,padded,1,4,4194304,34550077,115.773982,avx512-vbmi,avx512-vbmi,avx512-vbmi,x86_64,linux,0
1,commit-3-amd-9950x3d,run-1,0,base64-ng,decode,url-safe,padded,1,4,4194304,54490773,73.406923,avx512-vbmi,avx512-vbmi,avx512-vbmi,x86_64,linux,0
1,commit-3-amd-9950x3d,run-1,1,base64-ng,decode,url-safe,padded,1,4,4194304,54437473,73.478796,avx512-vbmi,avx512-vbmi,avx512-vbmi,x86_64,linux,0
1,commit-3-amd-9950x3d,run-1,2,base64-ng,decode,url-safe,padded,1,4,4194304,54282151,73.689047,avx512-vbmi,avx512-vbmi,avx512-vbmi,x86_64,linux,0
1,commit-3-amd-9950x3d,run-1,3,base64-ng,decode,url-safe,padded,1,4,4194304,54119735,73.910192,avx512-vbmi,avx512-vbmi,avx512-vbmi,x86_64,linux,0
1,commit-3-amd-9950x3d,run-1,4,base64-ng,decode,url-safe,padded,1,4,4194304,54462611,73.444881,avx512-vbmi,avx512-vbmi,avx512-vbmi,x86_64,linux,0
1,commit-3-amd-9950x3d,run-1,0,base64-0.23.0,encode,url-safe,padded,1,4,4194304,26858719,148.927430,external,avx512-vbmi,avx512-vbmi,x86_64,linux,0
1,commit-3-amd-9950x3d,run-1,1,base64-0.23.0,encode,url-safe,padded,1,4,4194304,26877094,148.825613,external,avx512-vbmi,avx512-vbmi,x86_64,linux,0
1,commit-3-amd-9950x3d,run-1,2,base64-0.23.0,encode,url-safe,padded,1,4,4194304,26750024,149.532576,external,avx512-vbmi,avx512-vbmi,x86_64,linux,0
1,commit-3-amd-9950x3d,run-1,3,base64-0.23.0,encode,url-safe,padded,1,4,4194304,26902491,148.685116,external,avx512-vbmi,avx512-vbmi,x86_64,linux,0
1,commit-3-amd-9950x3d,run-1,4,base64-0.23.0,encode,url-safe,padded,1,4,4194304,26903043,148.682065,external,avx512-vbmi,avx512-vbmi,x86_64,linux,0
1,commit-3-amd-9950x3d,run-1,0,base64-0.23.0,decode,url-safe,padded,1,4,4194304,51597637,77.522930,external,avx512-vbmi,avx512-vbmi,x86_64,linux,0
1,commit-3-amd-9950x3d,run-1,1,base64-0.23.0,decode,url-safe,padded,1,4,4194304,51571718,77.561892,external,avx512-vbmi,avx512-vbmi,x86_64,linux,0
1,commit-3-amd-9950x3d,run-1,2,base64-0.23.0,decode,url-safe,padded,1,4,4194304,51535921,77.615766,external,avx512-vbmi,avx512-vbmi,x86_64,linux,0
1,commit-3-amd-9950x3d,run-1,3,base64-0.23.0,decode,url-safe,padded,1,4,4194304,51536753,77.614513,external,avx512-vbmi,avx512-vbmi,x86_64,linux,0
1,commit-3-amd-9950x3d,run-1,4,base64-0.23.0,decode,url-safe,padded,1,4,4194304,51492029,77.681926,external,avx512-vbmi,avx512-vbmi,x86_64,linux,0
1,commit-3-amd-9950x3d,run-1,0,base64ct-1.8.3,encode,url-safe,padded,1,4,4194304,32639541,122.550743,external,avx512-vbmi,avx512-vbmi,x86_64,linux,0
1,commit-3-amd-9950x3d,run-1,1,base64ct-1.8.3,encode,url-safe,padded,1,4,4194304,32658015,122.481418,external,avx512-vbmi,avx512-vbmi,x86_64,linux,0
1,commit-3-amd-9950x3d,run-1,2,base64ct-1.8.3,encode,url-safe,padded,1,4,4194304,32688773,122.366171,external,avx512-vbmi,avx512-vbmi,x86_64,linux,0
1,commit-3-amd-9950x3d,run-1,3,base64ct-1.8.3,encode,url-safe,padded,1,4,4194304,32773363,122.050337,external,avx512-vbmi,avx512-vbmi,x86_64,linux,0
1,commit-3-amd-9950x3d,run-1,4,base64ct-1.8.3,encode,url-safe,padded,1,4,4194304,32604184,122.683641,external,avx512-vbmi,avx512-vbmi,x86_64,linux,0
1,commit-3-amd-9950x3d,run-1,0,base64ct-1.8.3,decode,url-safe,padded,1,4,4194304,106996280,37.384477,external,avx512-vbmi,avx512-vbmi,x86_64,linux,0
1,commit-3-amd-9950x3d,run-1,1,base64ct-1.8.3,decode,url-safe,padded,1,4,4194304,105552863,37.895704,external,avx512-vbmi,avx512-vbmi,x86_64,linux,0
1,commit-3-amd-9950x3d,run-1,2,base64ct-1.8.3,decode,url-safe,padded,1,4,4194304,105520372,37.907372,external,avx512-vbmi,avx512-vbmi,x86_64,linux,0
1,commit-3-amd-9950x3d,run-1,3,base64ct-1.8.3,decode,url-safe,padded,1,4,4194304,105541251,37.899873,external,avx512-vbmi,avx512-vbmi,x86_64,linux,0
1,commit-3-amd-9950x3d,run-1,4,base64ct-1.8.3,decode,url-safe,padded,1,4,4194304,105639446,37.864644,external,avx512-vbmi,avx512-vbmi,x86_64,linux,0
1,commit-3-amd-9950x3d,run-1,0,base64-ng,encode,url-safe,padded,2,4,2097152,20999951,190.476635,auto,avx512-vbmi,avx512-vbmi,x86_64,linux,0
1,commit-3-amd-9950x3d,run-1,1,base64-ng,encode,url-safe,padded,2,4,2097152,20958523,190.853144,auto,avx512-vbmi,avx512-vbmi,x86_64,linux,0
1,commit-3-amd-9950x3d,run-1,2,base64-ng,encode,url-safe,padded,2,4,2097152,20903689,191.353784,auto,avx512-vbmi,avx512-vbmi,x86_64,linux,0
1,commit-3-amd-9950x3d,run-1,3,base64-ng,encode,url-safe,padded,2,4,2097152,20905643,191.335899,auto,avx512-vbmi,avx512-vbmi,x86_64,linux,0
1,commit-3-amd-9950x3d,run-1,4,base64-ng,encode,url-safe,padded,2,4,2097152,20935038,191.067243,auto,avx512-vbmi,avx512-vbmi,x86_64,linux,0
1,commit-3-amd-9950x3d,run-1,0,base64-ng,decode,url-safe,padded,2,4,2097152,32388378,123.501090,auto,avx512-vbmi,avx512-vbmi,x86_64,linux,0
1,commit-3-amd-9950x3d,run-1,1,base64-ng,decode,url-safe,padded,2,4,2097152,32483297,123.140210,auto,avx512-vbmi,avx512-vbmi,x86_64,linux,0
1,commit-3-amd-9950x3d,run-1,2,base64-ng,decode,url-safe,padded,2,4,2097152,32534994,122.944544,auto,avx512-vbmi,avx512-vbmi,x86_64,linux,0
1,commit-3-amd-9950x3d,run-1,3,base64-ng,decode,url-safe,padded,2,4,2097152,32628110,122.593678,auto,avx512-vbmi,avx512-vbmi,x86_64,linux,0
1,commit-3-amd-9950x3d,run-1,4,base64-ng,decode,url-safe,padded,2,4,2097152,32588475,122.742779,auto,avx512-vbmi,avx512-vbmi,x86_64,linux,0
1,commit-3-amd-9950x3d,run-1,0,base64-ng,encode,url-safe,padded,2,4,2097152,17951061,222.828055,scalar,avx512-vbmi,avx512-vbmi,x86_64,linux,0
1,commit-3-amd-9950x3d,run-1,1,base64-ng,encode,url-safe,padded,2,4,2097152,17924922,223.152993,scalar,avx512-vbmi,avx512-vbmi,x86_64,linux,0
1,commit-3-amd-9950x3d,run-1,2,base64-ng,encode,url-safe,padded,2,4,2097152,17899895,223.464998,scalar,avx512-vbmi,avx512-vbmi,x86_64,linux,0
1,commit-3-amd-9950x3d,run-1,3,base64-ng,encode,url-safe,padded,2,4,2097152,17910795,223.329004,scalar,avx512-vbmi,avx512-vbmi,x86_64,linux,0
1,commit-3-amd-9950x3d,run-1,4,base64-ng,encode,url-safe,padded,2,4,2097152,17892641,223.555595,scalar,avx512-vbmi,avx512-vbmi,x86_64,linux,0
1,commit-3-amd-9950x3d,run-1,0,base64-ng,decode,url-safe,padded,2,4,2097152,23247171,172.063947,scalar,avx512-vbmi,avx512-vbmi,x86_64,linux,0
1,commit-3-amd-9950x3d,run-1,1,base64-ng,decode,url-safe,padded,2,4,2097152,23367707,171.176402,scalar,avx512-vbmi,avx512-vbmi,x86_64,linux,0
1,commit-3-amd-9950x3d,run-1,2,base64-ng,decode,url-safe,padded,2,4,2097152,23290532,171.743608,scalar,avx512-vbmi,avx512-vbmi,x86_64,linux,0
1,commit-3-amd-9950x3d,run-1,3,base64-ng,decode,url-safe,padded,2,4,2097152,23236100,172.145928,scalar,avx512-vbmi,avx512-vbmi,x86_64,linux,0
1,commit-3-amd-9950x3d,run-1,4,base64-ng,decode,url-safe,padded,2,4,2097152,23219328,172.270274,scalar,avx512-vbmi,avx512-vbmi,x86_64,linux,0
1,commit-3-amd-9950x3d,run-1,0,base64-ng,encode,url-safe,padded,2,4,2097152,21318169,187.633375,ssse3-sse4.1,avx512-vbmi,avx512-vbmi,x86_64,linux,0
1,commit-3-amd-9950x3d,run-1,1,base64-ng,encode,url-safe,padded,2,4,2097152,21320563,187.612306,ssse3-sse4.1,avx512-vbmi,avx512-vbmi,x86_64,linux,0
1,commit-3-amd-9950x3d,run-1,2,base64-ng,encode,url-safe,padded,2,4,2097152,21316206,187.650654,ssse3-sse4.1,avx512-vbmi,avx512-vbmi,x86_64,linux,0
1,commit-3-amd-9950x3d,run-1,3,base64-ng,encode,url-safe,padded,2,4,2097152,21295818,187.830305,ssse3-sse4.1,avx512-vbmi,avx512-vbmi,x86_64,linux,0
1,commit-3-amd-9950x3d,run-1,4,base64-ng,encode,url-safe,padded,2,4,2097152,21287541,187.903337,ssse3-sse4.1,avx512-vbmi,avx512-vbmi,x86_64,linux,0
1,commit-3-amd-9950x3d,run-1,0,base64-ng,decode,url-safe,padded,2,4,2097152,27134699,147.412728,ssse3-sse4.1,avx512-vbmi,avx512-vbmi,x86_64,linux,0
1,commit-3-amd-9950x3d,run-1,1,base64-ng,decode,url-safe,padded,2,4,2097152,27150438,147.327273,ssse3-sse4.1,avx512-vbmi,avx512-vbmi,x86_64,linux,0
1,commit-3-amd-9950x3d,run-1,2,base64-ng,decode,url-safe,padded,2,4,2097152,27254043,146.767215,ssse3-sse4.1,avx512-vbmi,avx512-vbmi,x86_64,linux,0
1,commit-3-amd-9950x3d,run-1,3,base64-ng,decode,url-safe,padded,2,4,2097152,27179062,147.172114,ssse3-sse4.1,avx512-vbmi,avx512-vbmi,x86_64,linux,0
1,commit-3-amd-9950x3d,run-1,4,base64-ng,decode,url-safe,padded,2,4,2097152,27103339,147.583292,ssse3-sse4.1,avx512-vbmi,avx512-vbmi,x86_64,linux,0
1,commit-3-amd-9950x3d,run-1,0,base64-ng,encode,url-safe,padded,2,4,2097152,21124335,189.355073,avx2,avx512-vbmi,avx512-vbmi,x86_64,linux,0
1,commit-3-amd-9950x3d,run-1,1,base64-ng,encode,url-safe,padded,2,4,2097152,21185289,188.810264,avx2,avx512-vbmi,avx512-vbmi,x86_64,linux,0
1,commit-3-amd-9950x3d,run-1,2,base64-ng,encode,url-safe,padded,2,4,2097152,22733032,175.955411,avx2,avx512-vbmi,avx512-vbmi,x86_64,linux,0
1,commit-3-amd-9950x3d,run-1,3,base64-ng,encode,url-safe,padded,2,4,2097152,21229633,188.415881,avx2,avx512-vbmi,avx512-vbmi,x86_64,linux,0
1,commit-3-amd-9950x3d,run-1,4,base64-ng,encode,url-safe,padded,2,4,2097152,21239732,188.326293,avx2,avx512-vbmi,avx512-vbmi,x86_64,linux,0
1,commit-3-amd-9950x3d,run-1,0,base64-ng,decode,url-safe,padded,2,4,2097152,28601780,139.851436,avx2,avx512-vbmi,avx512-vbmi,x86_64,linux,0
1,commit-3-amd-9950x3d,run-1,1,base64-ng,decode,url-safe,padded,2,4,2097152,28422383,140.734153,avx2,avx512-vbmi,avx512-vbmi,x86_64,linux,0
1,commit-3-amd-9950x3d,run-1,2,base64-ng,decode,url-safe,padded,2,4,2097152,28438703,140.653391,avx2,avx512-vbmi,avx512-vbmi,x86_64,linux,0
1,commit-3-amd-9950x3d,run-1,3,base64-ng,decode,url-safe,padded,2,4,2097152,28392747,140.881050,avx2,avx512-vbmi,avx512-vbmi,x86_64,linux,0
1,commit-3-amd-9950x3d,run-1,4,base64-ng,decode,url-safe,padded,2,4,2097152,28448581,140.604552,avx2,avx512-vbmi,avx512-vbmi,x86_64,linux,0
1,commit-3-amd-9950x3d,run-1,0,base64-ng,encode,url-safe,padded,2,4,2097152,22075265,181.198278,avx512-vbmi,avx512-vbmi,avx512-vbmi,x86_64,linux,0
1,commit-3-amd-9950x3d,run-1,1,base64-ng,encode,url-safe,padded,2,4,2097152,22097927,181.012454,avx512-vbmi,avx512-vbmi,avx512-vbmi,x86_64,linux,0
1,commit-3-amd-9950x3d,run-1,2,base64-ng,encode,url-safe,padded,2,4,2097152,22113426,180.885585,avx512-vbmi,avx512-vbmi,avx512-vbmi,x86_64,linux,0
1,commit-3-amd-9950x3d,run-1,3,base64-ng,encode,url-safe,padded,2,4,2097152,22071097,181.232496,avx512-vbmi,avx512-vbmi,avx512-vbmi,x86_64,linux,0
1,commit-3-amd-9950x3d,run-1,4,base64-ng,encode,url-safe,padded,2,4,2097152,22032895,181.546728,avx512-vbmi,avx512-vbmi,avx512-vbmi,x86_64,linux,0
1,commit-3-amd-9950x3d,run-1,0,base64-ng,decode,url-safe,padded,2,4,2097152,31545972,126.799073,avx512-vbmi,avx512-vbmi,avx512-vbmi,x86_64,linux,0
1,commit-3-amd-9950x3d,run-1,1,base64-ng,decode,url-safe,padded,2,4,2097152,31485849,127.041199,avx512-vbmi,avx512-vbmi,avx512-vbmi,x86_64,linux,0
1,commit-3-amd-9950x3d,run-1,2,base64-ng,decode,url-safe,padded,2,4,2097152,31677479,126.272675,avx512-vbmi,avx512-vbmi,avx512-vbmi,x86_64,linux,0
1,commit-3-amd-9950x3d,run-1,3,base64-ng,decode,url-safe,padded,2,4,2097152,31569647,126.703982,avx512-vbmi,avx512-vbmi,avx512-vbmi,x86_64,linux,0
1,commit-3-amd-9950x3d,run-1,4,base64-ng,decode,url-safe,padded,2,4,2097152,31626975,126.474315,avx512-vbmi,avx512-vbmi,avx512-vbmi,x86_64,linux,0
1,commit-3-amd-9950x3d,run-1,0,base64-0.23.0,encode,url-safe,padded,2,4,2097152,14038035,284.940164,external,avx512-vbmi,avx512-vbmi,x86_64,linux,0
1,commit-3-amd-9950x3d,run-1,1,base64-0.23.0,encode,url-safe,padded,2,4,2097152,14164163,282.402850,external,avx512-vbmi,avx512-vbmi,x86_64,linux,0
1,commit-3-amd-9950x3d,run-1,2,base64-0.23.0,encode,url-safe,padded,2,4,2097152,14070577,284.281163,external,avx512-vbmi,avx512-vbmi,x86_64,linux,0
1,commit-3-amd-9950x3d,run-1,3,base64-0.23.0,encode,url-safe,padded,2,4,2097152,14029158,285.120461,external,avx512-vbmi,avx512-vbmi,x86_64,linux,0
1,commit-3-amd-9950x3d,run-1,4,base64-0.23.0,encode,url-safe,padded,2,4,2097152,14367014,278.415543,external,avx512-vbmi,avx512-vbmi,x86_64,linux,0
1,commit-3-amd-9950x3d,run-1,0,base64-0.23.0,decode,url-safe,padded,2,4,2097152,26232851,152.480567,external,avx512-vbmi,avx512-vbmi,x86_64,linux,0
1,commit-3-amd-9950x3d,run-1,1,base64-0.23.0,decode,url-safe,padded,2,4,2097152,26136750,153.041216,external,avx512-vbmi,avx512-vbmi,x86_64,linux,0
1,commit-3-amd-9950x3d,run-1,2,base64-0.23.0,decode,url-safe,padded,2,4,2097152,26144705,152.994650,external,avx512-vbmi,avx512-vbmi,x86_64,linux,0
1,commit-3-amd-9950x3d,run-1,3,base64-0.23.0,decode,url-safe,padded,2,4,2097152,26204227,152.647128,external,avx512-vbmi,avx512-vbmi,x86_64,linux,0
1,commit-3-amd-9950x3d,run-1,4,base64-0.23.0,decode,url-safe,padded,2,4,2097152,26189169,152.734896,external,avx512-vbmi,avx512-vbmi,x86_64,linux,0
1,commit-3-amd-9950x3d,run-1,0,base64ct-1.8.3,encode,url-safe,padded,2,4,2097152,16959795,235.851907,external,avx512-vbmi,avx512-vbmi,x86_64,linux,0
1,commit-3-amd-9950x3d,run-1,1,base64ct-1.8.3,encode,url-safe,padded,2,4,2097152,16899111,236.698842,external,avx512-vbmi,avx512-vbmi,x86_64,linux,0
1,commit-3-amd-9950x3d,run-1,2,base64ct-1.8.3,encode,url-safe,padded,2,4,2097152,16935359,236.192218,external,avx512-vbmi,avx512-vbmi,x86_64,linux,0
1,commit-3-amd-9950x3d,run-1,3,base64ct-1.8.3,encode,url-safe,padded,2,4,2097152,16856711,237.294215,external,avx512-vbmi,avx512-vbmi,x86_64,linux,0
1,commit-3-amd-9950x3d,run-1,4,base64ct-1.8.3,encode,url-safe,padded,2,4,2097152,16937984,236.155613,external,avx512-vbmi,avx512-vbmi,x86_64,linux,0
1,commit-3-amd-9950x3d,run-1,0,base64ct-1.8.3,decode,url-safe,padded,2,4,2097152,56107968,71.291122,external,avx512-vbmi,avx512-vbmi,x86_64,linux,0
1,commit-3-amd-9950x3d,run-1,1,base64ct-1.8.3,decode,url-safe,padded,2,4,2097152,56076889,71.330633,external,avx512-vbmi,avx512-vbmi,x86_64,linux,0
1,commit-3-amd-9950x3d,run-1,2,base64ct-1.8.3,decode,url-safe,padded,2,4,2097152,56031404,71.388538,external,avx512-vbmi,avx512-vbmi,x86_64,linux,0
1,commit-3-amd-9950x3d,run-1,3,base64ct-1.8.3,decode,url-safe,padded,2,4,2097152,56105083,71.294788,external,avx512-vbmi,avx512-vbmi,x86_64,linux,0
1,commit-3-amd-9950x3d,run-1,4,base64ct-1.8.3,decode,url-safe,padded,2,4,2097152,55927799,71.520783,external,avx512-vbmi,avx512-vbmi,x86_64,linux,0
1,commit-3-amd-9950x3d,run-1,0,base64-ng,encode,url-safe,padded,3,4,1398101,18391621,217.490293,auto,avx512-vbmi,avx512-vbmi,x86_64,linux,0
1,commit-3-amd-9950x3d,run-1,1,base64-ng,encode,url-safe,padded,3,4,1398101,18404334,217.340059,auto,avx512-vbmi,avx512-vbmi,x86_64,linux,0
1,commit-3-amd-9950x3d,run-1,2,base64-ng,encode,url-safe,padded,3,4,1398101,18427057,217.072050,auto,avx512-vbmi,avx512-vbmi,x86_64,linux,0
1,commit-3-amd-9950x3d,run-1,3,base64-ng,encode,url-safe,padded,3,4,1398101,18406398,217.315688,auto,avx512-vbmi,avx512-vbmi,x86_64,linux,0
1,commit-3-amd-9950x3d,run-1,4,base64-ng,encode,url-safe,padded,3,4,1398101,18412831,217.239763,auto,avx512-vbmi,avx512-vbmi,x86_64,linux,0
1,commit-3-amd-9950x3d,run-1,0,base64-ng,decode,url-safe,padded,3,4,1398101,24698864,161.950730,auto,avx512-vbmi,avx512-vbmi,x86_64,linux,0
1,commit-3-amd-9950x3d,run-1,1,base64-ng,decode,url-safe,padded,3,4,1398101,24685708,162.037040,auto,avx512-vbmi,avx512-vbmi,x86_64,linux,0
1,commit-3-amd-9950x3d,run-1,2,base64-ng,decode,url-safe,padded,3,4,1398101,24591020,162.660965,auto,avx512-vbmi,avx512-vbmi,x86_64,linux,0
1,commit-3-amd-9950x3d,run-1,3,base64-ng,decode,url-safe,padded,3,4,1398101,24812707,161.207685,auto,avx512-vbmi,avx512-vbmi,x86_64,linux,0
1,commit-3-amd-9950x3d,run-1,4,base64-ng,decode,url-safe,padded,3,4,1398101,24777712,161.435368,auto,avx512-vbmi,avx512-vbmi,x86_64,linux,0
1,commit-3-amd-9950x3d,run-1,0,base64-ng,encode,url-safe,padded,3,4,1398101,18045939,221.656465,scalar,avx512-vbmi,avx512-vbmi,x86_64,linux,0
1,commit-3-amd-9950x3d,run-1,1,base64-ng,encode,url-safe,padded,3,4,1398101,17974516,222.537233,scalar,avx512-vbmi,avx512-vbmi,x86_64,linux,0
1,commit-3-amd-9950x3d,run-1,2,base64-ng,encode,url-safe,padded,3,4,1398101,17936634,223.007229,scalar,avx512-vbmi,avx512-vbmi,x86_64,linux,0
1,commit-3-amd-9950x3d,run-1,3,base64-ng,encode,url-safe,padded,3,4,1398101,17898332,223.484459,scalar,avx512-vbmi,avx512-vbmi,x86_64,linux,0
1,commit-3-amd-9950x3d,run-1,4,base64-ng,encode,url-safe,padded,3,4,1398101,17912588,223.306596,scalar,avx512-vbmi,avx512-vbmi,x86_64,linux,0
1,commit-3-amd-9950x3d,run-1,0,base64-ng,decode,url-safe,padded,3,4,1398101,18135128,220.566353,scalar,avx512-vbmi,avx512-vbmi,x86_64,linux,0
1,commit-3-amd-9950x3d,run-1,1,base64-ng,decode,url-safe,padded,3,4,1398101,18126170,220.675358,scalar,avx512-vbmi,avx512-vbmi,x86_64,linux,0
1,commit-3-amd-9950x3d,run-1,2,base64-ng,decode,url-safe,padded,3,4,1398101,18107495,220.902949,scalar,avx512-vbmi,avx512-vbmi,x86_64,linux,0
1,commit-3-amd-9950x3d,run-1,3,base64-ng,decode,url-safe,padded,3,4,1398101,18184912,219.962519,scalar,avx512-vbmi,avx512-vbmi,x86_64,linux,0
1,commit-3-amd-9950x3d,run-1,4,base64-ng,decode,url-safe,padded,3,4,1398101,18158652,220.280616,scalar,avx512-vbmi,avx512-vbmi,x86_64,linux,0
1,commit-3-amd-9950x3d,run-1,0,base64-ng,encode,url-safe,padded,3,4,1398101,20266971,197.365410,ssse3-sse4.1,avx512-vbmi,avx512-vbmi,x86_64,linux,0
1,commit-3-amd-9950x3d,run-1,1,base64-ng,encode,url-safe,padded,3,4,1398101,20205004,197.970713,ssse3-sse4.1,avx512-vbmi,avx512-vbmi,x86_64,linux,0
1,commit-3-amd-9950x3d,run-1,2,base64-ng,encode,url-safe,padded,3,4,1398101,20227757,197.748027,ssse3-sse4.1,avx512-vbmi,avx512-vbmi,x86_64,linux,0
1,commit-3-amd-9950x3d,run-1,3,base64-ng,encode,url-safe,padded,3,4,1398101,20198281,198.036607,ssse3-sse4.1,avx512-vbmi,avx512-vbmi,x86_64,linux,0
1,commit-3-amd-9950x3d,run-1,4,base64-ng,encode,url-safe,padded,3,4,1398101,20194073,198.077874,ssse3-sse4.1,avx512-vbmi,avx512-vbmi,x86_64,linux,0
1,commit-3-amd-9950x3d,run-1,0,base64-ng,decode,url-safe,padded,3,4,1398101,20573277,194.426928,ssse3-sse4.1,avx512-vbmi,avx512-vbmi,x86_64,linux,0
1,commit-3-amd-9950x3d,run-1,1,base64-ng,decode,url-safe,padded,3,4,1398101,20576844,194.393224,ssse3-sse4.1,avx512-vbmi,avx512-vbmi,x86_64,linux,0
1,commit-3-amd-9950x3d,run-1,2,base64-ng,decode,url-safe,padded,3,4,1398101,20604446,194.132812,ssse3-sse4.1,avx512-vbmi,avx512-vbmi,x86_64,linux,0
1,commit-3-amd-9950x3d,run-1,3,base64-ng,decode,url-safe,padded,3,4,1398101,20604116,194.135921,ssse3-sse4.1,avx512-vbmi,avx512-vbmi,x86_64,linux,0
1,commit-3-amd-9950x3d,run-1,4,base64-ng,decode,url-safe,padded,3,4,1398101,20641466,193.784639,ssse3-sse4.1,avx512-vbmi,avx512-vbmi,x86_64,linux,0
1,commit-3-amd-9950x3d,run-1,0,base64-ng,encode,url-safe,padded,3,4,1398101,20144109,198.569172,avx2,avx512-vbmi,avx512-vbmi,x86_64,linux,0
1,commit-3-amd-9950x3d,run-1,1,base64-ng,encode,url-safe,padded,3,4,1398101,20096820,199.036417,avx2,avx512-vbmi,avx512-vbmi,x86_64,linux,0
1,commit-3-amd-9950x3d,run-1,2,base64-ng,encode,url-safe,padded,3,4,1398101,20094286,199.061517,avx2,avx512-vbmi,avx512-vbmi,x86_64,linux,0
1,commit-3-amd-9950x3d,run-1,3,base64-ng,encode,url-safe,padded,3,4,1398101,20087373,199.130023,avx2,avx512-vbmi,avx512-vbmi,x86_64,linux,0
1,commit-3-amd-9950x3d,run-1,4,base64-ng,encode,url-safe,padded,3,4,1398101,20134942,198.659576,avx2,avx512-vbmi,avx512-vbmi,x86_64,linux,0
1,commit-3-amd-9950x3d,run-1,0,base64-ng,decode,url-safe,padded,3,4,1398101,21990966,181.892830,avx2,avx512-vbmi,avx512-vbmi,x86_64,linux,0
1,commit-3-amd-9950x3d,run-1,1,base64-ng,decode,url-safe,padded,3,4,1398101,21996165,181.849838,avx2,avx512-vbmi,avx512-vbmi,x86_64,linux,0
1,commit-3-amd-9950x3d,run-1,2,base64-ng,decode,url-safe,padded,3,4,1398101,22061438,181.311801,avx2,avx512-vbmi,avx512-vbmi,x86_64,linux,0
1,commit-3-amd-9950x3d,run-1,3,base64-ng,decode,url-safe,padded,3,4,1398101,22026693,181.597803,avx2,avx512-vbmi,avx512-vbmi,x86_64,linux,0
1,commit-3-amd-9950x3d,run-1,4,base64-ng,decode,url-safe,padded,3,4,1398101,21959005,182.157573,avx2,avx512-vbmi,avx512-vbmi,x86_64,linux,0
1,commit-3-amd-9950x3d,run-1,0,base64-ng,encode,url-safe,padded,3,4,1398101,20447149,195.626248,avx512-vbmi,avx512-vbmi,avx512-vbmi,x86_64,linux,0
1,commit-3-amd-9950x3d,run-1,1,base64-ng,encode,url-safe,padded,3,4,1398101,20414308,195.940957,avx512-vbmi,avx512-vbmi,avx512-vbmi,x86_64,linux,0
1,commit-3-amd-9950x3d,run-1,2,base64-ng,encode,url-safe,padded,3,4,1398101,20381896,196.252549,avx512-vbmi,avx512-vbmi,avx512-vbmi,x86_64,linux,0
1,commit-3-amd-9950x3d,run-1,3,base64-ng,encode,url-safe,padded,3,4,1398101,20377269,196.297112,avx512-vbmi,avx512-vbmi,avx512-vbmi,x86_64,linux,0
1,commit-3-amd-9950x3d,run-1,4,base64-ng,encode,url-safe,padded,3,4,1398101,20411462,195.968277,avx512-vbmi,avx512-vbmi,avx512-vbmi,x86_64,linux,0
1,commit-3-amd-9950x3d,run-1,0,base64-ng,decode,url-safe,padded,3,4,1398101,23824988,167.890915,avx512-vbmi,avx512-vbmi,avx512-vbmi,x86_64,linux,0
1,commit-3-amd-9950x3d,run-1,1,base64-ng,decode,url-safe,padded,3,4,1398101,23728607,168.572856,avx512-vbmi,avx512-vbmi,avx512-vbmi,x86_64,linux,0
1,commit-3-amd-9950x3d,run-1,2,base64-ng,decode,url-safe,padded,3,4,1398101,23737454,168.510028,avx512-vbmi,avx512-vbmi,avx512-vbmi,x86_64,linux,0
1,commit-3-amd-9950x3d,run-1,3,base64-ng,decode,url-safe,padded,3,4,1398101,25454986,157.140100,avx512-vbmi,avx512-vbmi,avx512-vbmi,x86_64,linux,0
1,commit-3-amd-9950x3d,run-1,4,base64-ng,decode,url-safe,padded,3,4,1398101,24069398,166.186086,avx512-vbmi,avx512-vbmi,avx512-vbmi,x86_64,linux,0
1,commit-3-amd-9950x3d,run-1,0,base64-0.23.0,encode,url-safe,padded,3,4,1398101,9486588,421.647809,external,avx512-vbmi,avx512-vbmi,x86_64,linux,0
1,commit-3-amd-9950x3d,run-1,1,base64-0.23.0,encode,url-safe,padded,3,4,1398101,9707383,412.057405,external,avx512-vbmi,avx512-vbmi,x86_64,linux,0
1,commit-3-amd-9950x3d,run-1,2,base64-0.23.0,encode,url-safe,padded,3,4,1398101,9763719,409.679861,external,avx512-vbmi,avx512-vbmi,x86_64,linux,0
1,commit-3-amd-9950x3d,run-1,3,base64-0.23.0,encode,url-safe,padded,3,4,1398101,9563021,418.277765,external,avx512-vbmi,avx512-vbmi,x86_64,linux,0
1,commit-3-amd-9950x3d,run-1,4,base64-0.23.0,encode,url-safe,padded,3,4,1398101,9749463,410.278909,external,avx512-vbmi,avx512-vbmi,x86_64,linux,0
1,commit-3-amd-9950x3d,run-1,0,base64-0.23.0,decode,url-safe,padded,3,4,1398101,17876952,223.751736,external,avx512-vbmi,avx512-vbmi,x86_64,linux,0
1,commit-3-amd-9950x3d,run-1,1,base64-0.23.0,decode,url-safe,padded,3,4,1398101,17813362,224.550483,external,avx512-vbmi,avx512-vbmi,x86_64,linux,0
1,commit-3-amd-9950x3d,run-1,2,base64-0.23.0,decode,url-safe,padded,3,4,1398101,17783356,224.929369,external,avx512-vbmi,avx512-vbmi,x86_64,linux,0
1,commit-3-amd-9950x3d,run-1,3,base64-0.23.0,decode,url-safe,padded,3,4,1398101,17781081,224.958148,external,avx512-vbmi,avx512-vbmi,x86_64,linux,0
1,commit-3-amd-9950x3d,run-1,4,base64-0.23.0,decode,url-safe,padded,3,4,1398101,17776352,225.017993,external,avx512-vbmi,avx512-vbmi,x86_64,linux,0
1,commit-3-amd-9950x3d,run-1,0,base64ct-1.8.3,encode,url-safe,padded,3,4,1398101,6897724,579.901290,external,avx512-vbmi,avx512-vbmi,x86_64,linux,0
1,commit-3-amd-9950x3d,run-1,1,base64ct-1.8.3,encode,url-safe,padded,3,4,1398101,6912732,578.642286,external,avx512-vbmi,avx512-vbmi,x86_64,linux,0
1,commit-3-amd-9950x3d,run-1,2,base64ct-1.8.3,encode,url-safe,padded,3,4,1398101,6925056,577.612520,external,avx512-vbmi,avx512-vbmi,x86_64,linux,0
1,commit-3-amd-9950x3d,run-1,3,base64ct-1.8.3,encode,url-safe,padded,3,4,1398101,6928522,577.323569,external,avx512-vbmi,avx512-vbmi,x86_64,linux,0
1,commit-3-amd-9950x3d,run-1,4,base64ct-1.8.3,encode,url-safe,padded,3,4,1398101,6918313,578.175495,external,avx512-vbmi,avx512-vbmi,x86_64,linux,0
1,commit-3-amd-9950x3d,run-1,0,base64ct-1.8.3,decode,url-safe,padded,3,4,1398101,22953768,174.263286,external,avx512-vbmi,avx512-vbmi,x86_64,linux,0
1,commit-3-amd-9950x3d,run-1,1,base64ct-1.8.3,decode,url-safe,padded,3,4,1398101,22925044,174.481630,external,avx512-vbmi,avx512-vbmi,x86_64,linux,0
1,commit-3-amd-9950x3d,run-1,2,base64ct-1.8.3,decode,url-safe,padded,3,4,1398101,22943048,174.344710,external,avx512-vbmi,avx512-vbmi,x86_64,linux,0
1,commit-3-amd-9950x3d,run-1,3,base64ct-1.8.3,decode,url-safe,padded,3,4,1398101,22933741,174.415463,external,avx512-vbmi,avx512-vbmi,x86_64,linux,0
1,commit-3-amd-9950x3d,run-1,4,base64ct-1.8.3,decode,url-safe,padded,3,4,1398101,22936035,174.398018,external,avx512-vbmi,avx512-vbmi,x86_64,linux,0
1,commit-3-amd-9950x3d,run-1,0,base64-ng,encode,url-safe,padded,11,16,381300,12980735,308.148667,auto,avx512-vbmi,avx512-vbmi,x86_64,linux,0
1,commit-3-amd-9950x3d,run-1,1,base64-ng,encode,url-safe,padded,11,16,381300,12899322,310.093522,auto,avx512-vbmi,avx512-vbmi,x86_64,linux,0
1,commit-3-amd-9950x3d,run-1,2,base64-ng,encode,url-safe,padded,11,16,381300,12874986,310.679653,auto,avx512-vbmi,avx512-vbmi,x86_64,linux,0
1,commit-3-amd-9950x3d,run-1,3,base64-ng,encode,url-safe,padded,11,16,381300,12860609,311.026965,auto,avx512-vbmi,avx512-vbmi,x86_64,linux,0
1,commit-3-amd-9950x3d,run-1,4,base64-ng,encode,url-safe,padded,11,16,381300,12864186,310.940481,auto,avx512-vbmi,avx512-vbmi,x86_64,linux,0
1,commit-3-amd-9950x3d,run-1,0,base64-ng,decode,url-safe,padded,11,16,381300,61903156,64.616999,auto,avx512-vbmi,avx512-vbmi,x86_64,linux,0
1,commit-3-amd-9950x3d,run-1,1,base64-ng,decode,url-safe,padded,11,16,381300,62321043,64.183717,auto,avx512-vbmi,avx512-vbmi,x86_64,linux,0
1,commit-3-amd-9950x3d,run-1,2,base64-ng,decode,url-safe,padded,11,16,381300,61977797,64.539180,auto,avx512-vbmi,avx512-vbmi,x86_64,linux,0
1,commit-3-amd-9950x3d,run-1,3,base64-ng,decode,url-safe,padded,11,16,381300,61870906,64.650681,auto,avx512-vbmi,avx512-vbmi,x86_64,linux,0
1,commit-3-amd-9950x3d,run-1,4,base64-ng,decode,url-safe,padded,11,16,381300,61963871,64.553685,auto,avx512-vbmi,avx512-vbmi,x86_64,linux,0
1,commit-3-amd-9950x3d,run-1,0,base64-ng,encode,url-safe,padded,11,16,381300,12782622,312.924546,scalar,avx512-vbmi,avx512-vbmi,x86_64,linux,0
1,commit-3-amd-9950x3d,run-1,1,base64-ng,encode,url-safe,padded,11,16,381300,12804052,312.400808,scalar,avx512-vbmi,avx512-vbmi,x86_64,linux,0
1,commit-3-amd-9950x3d,run-1,2,base64-ng,encode,url-safe,padded,11,16,381300,12782642,312.924056,scalar,avx512-vbmi,avx512-vbmi,x86_64,linux,0
1,commit-3-amd-9950x3d,run-1,3,base64-ng,encode,url-safe,padded,11,16,381300,12816105,312.107008,scalar,avx512-vbmi,avx512-vbmi,x86_64,linux,0
1,commit-3-amd-9950x3d,run-1,4,base64-ng,encode,url-safe,padded,11,16,381300,12790036,312.743153,scalar,avx512-vbmi,avx512-vbmi,x86_64,linux,0
1,commit-3-amd-9950x3d,run-1,0,base64-ng,decode,url-safe,padded,11,16,381300,14829405,269.734098,scalar,avx512-vbmi,avx512-vbmi,x86_64,linux,0
1,commit-3-amd-9950x3d,run-1,1,base64-ng,decode,url-safe,padded,11,16,381300,14933751,267.849396,scalar,avx512-vbmi,avx512-vbmi,x86_64,linux,0
1,commit-3-amd-9950x3d,run-1,2,base64-ng,decode,url-safe,padded,11,16,381300,14592810,274.107330,scalar,avx512-vbmi,avx512-vbmi,x86_64,linux,0
1,commit-3-amd-9950x3d,run-1,3,base64-ng,decode,url-safe,padded,11,16,381300,14611144,273.763381,scalar,avx512-vbmi,avx512-vbmi,x86_64,linux,0
1,commit-3-amd-9950x3d,run-1,4,base64-ng,decode,url-safe,padded,11,16,381300,14579875,274.350513,scalar,avx512-vbmi,avx512-vbmi,x86_64,linux,0
1,commit-3-amd-9950x3d,run-1,0,base64-ng,encode,url-safe,padded,11,16,381300,13716490,291.619517,ssse3-sse4.1,avx512-vbmi,avx512-vbmi,x86_64,linux,0
1,commit-3-amd-9950x3d,run-1,1,base64-ng,encode,url-safe,padded,11,16,381300,13652569,292.984872,ssse3-sse4.1,avx512-vbmi,avx512-vbmi,x86_64,linux,0
1,commit-3-amd-9950x3d,run-1,2,base64-ng,encode,url-safe,padded,11,16,381300,13696242,292.050636,ssse3-sse4.1,avx512-vbmi,avx512-vbmi,x86_64,linux,0
1,commit-3-amd-9950x3d,run-1,3,base64-ng,encode,url-safe,padded,11,16,381300,13725246,291.433479,ssse3-sse4.1,avx512-vbmi,avx512-vbmi,x86_64,linux,0
1,commit-3-amd-9950x3d,run-1,4,base64-ng,encode,url-safe,padded,11,16,381300,13659643,292.833143,ssse3-sse4.1,avx512-vbmi,avx512-vbmi,x86_64,linux,0
1,commit-3-amd-9950x3d,run-1,0,base64-ng,decode,url-safe,padded,11,16,381300,62961148,63.531183,ssse3-sse4.1,avx512-vbmi,avx512-vbmi,x86_64,linux,0
1,commit-3-amd-9950x3d,run-1,1,base64-ng,decode,url-safe,padded,11,16,381300,63202252,63.288824,ssse3-sse4.1,avx512-vbmi,avx512-vbmi,x86_64,linux,0
1,commit-3-amd-9950x3d,run-1,2,base64-ng,decode,url-safe,padded,11,16,381300,62560253,63.938299,ssse3-sse4.1,avx512-vbmi,avx512-vbmi,x86_64,linux,0
1,commit-3-amd-9950x3d,run-1,3,base64-ng,decode,url-safe,padded,11,16,381300,62613864,63.883554,ssse3-sse4.1,avx512-vbmi,avx512-vbmi,x86_64,linux,0
1,commit-3-amd-9950x3d,run-1,4,base64-ng,decode,url-safe,padded,11,16,381300,62931373,63.561241,ssse3-sse4.1,avx512-vbmi,avx512-vbmi,x86_64,linux,0
1,commit-3-amd-9950x3d,run-1,0,base64-ng,encode,url-safe,padded,11,16,381300,13550207,295.198161,avx2,avx512-vbmi,avx512-vbmi,x86_64,linux,0
1,commit-3-amd-9950x3d,run-1,1,base64-ng,encode,url-safe,padded,11,16,381300,13724966,291.439424,avx2,avx512-vbmi,avx512-vbmi,x86_64,linux,0
1,commit-3-amd-9950x3d,run-1,2,base64-ng,encode,url-safe,padded,11,16,381300,13670384,292.603060,avx2,avx512-vbmi,avx512-vbmi,x86_64,linux,0
1,commit-3-amd-9950x3d,run-1,3,base64-ng,encode,url-safe,padded,11,16,381300,13769780,290.490929,avx2,avx512-vbmi,avx512-vbmi,x86_64,linux,0
1,commit-3-amd-9950x3d,run-1,4,base64-ng,encode,url-safe,padded,11,16,381300,13786162,290.145741,avx2,avx512-vbmi,avx512-vbmi,x86_64,linux,0
1,commit-3-amd-9950x3d,run-1,0,base64-ng,decode,url-safe,padded,11,16,381300,64411258,62.100886,avx2,avx512-vbmi,avx512-vbmi,x86_64,linux,0
1,commit-3-amd-9950x3d,run-1,1,base64-ng,decode,url-safe,padded,11,16,381300,63957865,62.541115,avx2,avx512-vbmi,avx512-vbmi,x86_64,linux,0
1,commit-3-amd-9950x3d,run-1,2,base64-ng,decode,url-safe,padded,11,16,381300,65309429,61.246841,avx2,avx512-vbmi,avx512-vbmi,x86_64,linux,0
1,commit-3-amd-9950x3d,run-1,3,base64-ng,decode,url-safe,padded,11,16,381300,62816817,63.677155,avx2,avx512-vbmi,avx512-vbmi,x86_64,linux,0
1,commit-3-amd-9950x3d,run-1,4,base64-ng,decode,url-safe,padded,11,16,381300,63793585,62.702170,avx2,avx512-vbmi,avx512-vbmi,x86_64,linux,0
1,commit-3-amd-9950x3d,run-1,0,base64-ng,encode,url-safe,padded,11,16,381300,13742539,291.066752,avx512-vbmi,avx512-vbmi,avx512-vbmi,x86_64,linux,0
1,commit-3-amd-9950x3d,run-1,1,base64-ng,encode,url-safe,padded,11,16,381300,13615650,293.779304,avx512-vbmi,avx512-vbmi,avx512-vbmi,x86_64,linux,0
1,commit-3-amd-9950x3d,run-1,2,base64-ng,encode,url-safe,padded,11,16,381300,13484263,296.641810,avx512-vbmi,avx512-vbmi,avx512-vbmi,x86_64,linux,0
1,commit-3-amd-9950x3d,run-1,3,base64-ng,encode,url-safe,padded,11,16,381300,13571647,294.731817,avx512-vbmi,avx512-vbmi,avx512-vbmi,x86_64,linux,0
1,commit-3-amd-9950x3d,run-1,4,base64-ng,encode,url-safe,padded,11,16,381300,13585654,294.427945,avx512-vbmi,avx512-vbmi,avx512-vbmi,x86_64,linux,0
1,commit-3-amd-9950x3d,run-1,0,base64-ng,decode,url-safe,padded,11,16,381300,62503166,63.996697,avx512-vbmi,avx512-vbmi,avx512-vbmi,x86_64,linux,0
1,commit-3-amd-9950x3d,run-1,1,base64-ng,decode,url-safe,padded,11,16,381300,62095008,64.417355,avx512-vbmi,avx512-vbmi,avx512-vbmi,x86_64,linux,0
1,commit-3-amd-9950x3d,run-1,2,base64-ng,decode,url-safe,padded,11,16,381300,61988808,64.527716,avx512-vbmi,avx512-vbmi,avx512-vbmi,x86_64,linux,0
1,commit-3-amd-9950x3d,run-1,3,base64-ng,decode,url-safe,padded,11,16,381300,61772721,64.753440,avx512-vbmi,avx512-vbmi,avx512-vbmi,x86_64,linux,0
1,commit-3-amd-9950x3d,run-1,4,base64-ng,decode,url-safe,padded,11,16,381300,61751000,64.776217,avx512-vbmi,avx512-vbmi,avx512-vbmi,x86_64,linux,0
1,commit-3-amd-9950x3d,run-1,0,base64-0.23.0,encode,url-safe,padded,11,16,381300,3554330,1125.386834,external,avx512-vbmi,avx512-vbmi,x86_64,linux,0
1,commit-3-amd-9950x3d,run-1,1,base64-0.23.0,encode,url-safe,padded,11,16,381300,3634832,1100.462466,external,avx512-vbmi,avx512-vbmi,x86_64,linux,0
1,commit-3-amd-9950x3d,run-1,2,base64-0.23.0,encode,url-safe,padded,11,16,381300,3617269,1105.805564,external,avx512-vbmi,avx512-vbmi,x86_64,linux,0
1,commit-3-amd-9950x3d,run-1,3,base64-0.23.0,encode,url-safe,padded,11,16,381300,3602080,1110.468447,external,avx512-vbmi,avx512-vbmi,x86_64,linux,0
1,commit-3-amd-9950x3d,run-1,4,base64-0.23.0,encode,url-safe,padded,11,16,381300,3629232,1102.160508,external,avx512-vbmi,avx512-vbmi,x86_64,linux,0
1,commit-3-amd-9950x3d,run-1,0,base64-0.23.0,decode,url-safe,padded,11,16,381300,5716641,699.710929,external,avx512-vbmi,avx512-vbmi,x86_64,linux,0
1,commit-3-amd-9950x3d,run-1,1,base64-0.23.0,decode,url-safe,padded,11,16,381300,5691073,702.854485,external,avx512-vbmi,avx512-vbmi,x86_64,linux,0
1,commit-3-amd-9950x3d,run-1,2,base64-0.23.0,decode,url-safe,padded,11,16,381300,5704157,701.242302,external,avx512-vbmi,avx512-vbmi,x86_64,linux,0
1,commit-3-amd-9950x3d,run-1,3,base64-0.23.0,decode,url-safe,padded,11,16,381300,5669422,705.538622,external,avx512-vbmi,avx512-vbmi,x86_64,linux,0
1,commit-3-amd-9950x3d,run-1,4,base64-0.23.0,decode,url-safe,padded,11,16,381300,5683549,703.784939,external,avx512-vbmi,avx512-vbmi,x86_64,linux,0
1,commit-3-amd-9950x3d,run-1,0,base64ct-1.8.3,encode,url-safe,padded,11,16,381300,4489411,890.984627,external,avx512-vbmi,avx512-vbmi,x86_64,linux,0
1,commit-3-amd-9950x3d,run-1,1,base64ct-1.8.3,encode,url-safe,padded,11,16,381300,4476557,893.543003,external,avx512-vbmi,avx512-vbmi,x86_64,linux,0
1,commit-3-amd-9950x3d,run-1,2,base64ct-1.8.3,encode,url-safe,padded,11,16,381300,4472870,894.279553,external,avx512-vbmi,avx512-vbmi,x86_64,linux,0
1,commit-3-amd-9950x3d,run-1,3,base64ct-1.8.3,encode,url-safe,padded,11,16,381300,4460226,896.814687,external,avx512-vbmi,avx512-vbmi,x86_64,linux,0
1,commit-3-amd-9950x3d,run-1,4,base64ct-1.8.3,encode,url-safe,padded,11,16,381300,4458613,897.139129,external,avx512-vbmi,avx512-vbmi,x86_64,linux,0
1,commit-3-amd-9950x3d,run-1,0,base64ct-1.8.3,decode,url-safe,padded,11,16,381300,13553163,295.133777,external,avx512-vbmi,avx512-vbmi,x86_64,linux,0
1,commit-3-amd-9950x3d,run-1,1,base64ct-1.8.3,decode,url-safe,padded,11,16,381300,13527023,295.704102,external,avx512-vbmi,avx512-vbmi,x86_64,linux,0
1,commit-3-amd-9950x3d,run-1,2,base64ct-1.8.3,decode,url-safe,padded,11,16,381300,13483512,296.658332,external,avx512-vbmi,avx512-vbmi,x86_64,linux,0
1,commit-3-amd-9950x3d,run-1,3,base64ct-1.8.3,decode,url-safe,padded,11,16,381300,13482109,296.689204,external,avx512-vbmi,avx512-vbmi,x86_64,linux,0
1,commit-3-amd-9950x3d,run-1,4,base64ct-1.8.3,decode,url-safe,padded,11,16,381300,13488381,296.551245,external,avx512-vbmi,avx512-vbmi,x86_64,linux,0
1,commit-3-amd-9950x3d,run-1,0,base64-ng,encode,url-safe,padded,12,16,349525,12908749,309.867067,auto,avx512-vbmi,avx512-vbmi,x86_64,linux,0
1,commit-3-amd-9950x3d,run-1,1,base64-ng,encode,url-safe,padded,12,16,349525,12922385,309.540088,auto,avx512-vbmi,avx512-vbmi,x86_64,linux,0
1,commit-3-amd-9950x3d,run-1,2,base64-ng,encode,url-safe,padded,12,16,349525,12901766,310.034780,auto,avx512-vbmi,avx512-vbmi,x86_64,linux,0
1,commit-3-amd-9950x3d,run-1,3,base64-ng,encode,url-safe,padded,12,16,349525,12905984,309.933453,auto,avx512-vbmi,avx512-vbmi,x86_64,linux,0
1,commit-3-amd-9950x3d,run-1,4,base64-ng,encode,url-safe,padded,12,16,349525,12906205,309.928146,auto,avx512-vbmi,avx512-vbmi,x86_64,linux,0
1,commit-3-amd-9950x3d,run-1,0,base64-ng,decode,url-safe,padded,12,16,349525,56703979,70.541720,auto,avx512-vbmi,avx512-vbmi,x86_64,linux,0
1,commit-3-amd-9950x3d,run-1,1,base64-ng,decode,url-safe,padded,12,16,349525,56593412,70.679537,auto,avx512-vbmi,avx512-vbmi,x86_64,linux,0
1,commit-3-amd-9950x3d,run-1,2,base64-ng,decode,url-safe,padded,12,16,349525,56788298,70.436980,auto,avx512-vbmi,avx512-vbmi,x86_64,linux,0
1,commit-3-amd-9950x3d,run-1,3,base64-ng,decode,url-safe,padded,12,16,349525,56922731,70.270630,auto,avx512-vbmi,avx512-vbmi,x86_64,linux,0
1,commit-3-amd-9950x3d,run-1,4,base64-ng,decode,url-safe,padded,12,16,349525,56955172,70.230605,auto,avx512-vbmi,avx512-vbmi,x86_64,linux,0
1,commit-3-amd-9950x3d,run-1,0,base64-ng,encode,url-safe,padded,12,16,349525,12585230,317.832585,scalar,avx512-vbmi,avx512-vbmi,x86_64,linux,0
1,commit-3-amd-9950x3d,run-1,1,base64-ng,encode,url-safe,padded,12,16,349525,12664750,315.836964,scalar,avx512-vbmi,avx512-vbmi,x86_64,linux,0
1,commit-3-amd-9950x3d,run-1,2,base64-ng,encode,url-safe,padded,12,16,349525,12620717,316.938902,scalar,avx512-vbmi,avx512-vbmi,x86_64,linux,0
1,commit-3-amd-9950x3d,run-1,3,base64-ng,encode,url-safe,padded,12,16,349525,12595069,317.584301,scalar,avx512-vbmi,avx512-vbmi,x86_64,linux,0
1,commit-3-amd-9950x3d,run-1,4,base64-ng,encode,url-safe,padded,12,16,349525,12590059,317.710678,scalar,avx512-vbmi,avx512-vbmi,x86_64,linux,0
1,commit-3-amd-9950x3d,run-1,0,base64-ng,decode,url-safe,padded,12,16,349525,13820806,289.418445,scalar,avx512-vbmi,avx512-vbmi,x86_64,linux,0
1,commit-3-amd-9950x3d,run-1,1,base64-ng,decode,url-safe,padded,12,16,349525,13819374,289.448436,scalar,avx512-vbmi,avx512-vbmi,x86_64,linux,0
1,commit-3-amd-9950x3d,run-1,2,base64-ng,decode,url-safe,padded,12,16,349525,13838169,289.055307,scalar,avx512-vbmi,avx512-vbmi,x86_64,linux,0
1,commit-3-amd-9950x3d,run-1,3,base64-ng,decode,url-safe,padded,12,16,349525,13832599,289.171701,scalar,avx512-vbmi,avx512-vbmi,x86_64,linux,0
1,commit-3-amd-9950x3d,run-1,4,base64-ng,decode,url-safe,padded,12,16,349525,13827048,289.287792,scalar,avx512-vbmi,avx512-vbmi,x86_64,linux,0
1,commit-3-amd-9950x3d,run-1,0,base64-ng,encode,url-safe,padded,12,16,349525,18707345,213.819555,ssse3-sse4.1,avx512-vbmi,avx512-vbmi,x86_64,linux,0
1,commit-3-amd-9950x3d,run-1,1,base64-ng,encode,url-safe,padded,12,16,349525,18778539,213.008913,ssse3-sse4.1,avx512-vbmi,avx512-vbmi,x86_64,linux,0
1,commit-3-amd-9950x3d,run-1,2,base64-ng,encode,url-safe,padded,12,16,349525,18678500,214.149754,ssse3-sse4.1,avx512-vbmi,avx512-vbmi,x86_64,linux,0
1,commit-3-amd-9950x3d,run-1,3,base64-ng,encode,url-safe,padded,12,16,349525,18699069,213.914189,ssse3-sse4.1,avx512-vbmi,avx512-vbmi,x86_64,linux,0
1,commit-3-amd-9950x3d,run-1,4,base64-ng,encode,url-safe,padded,12,16,349525,18803856,212.722124,ssse3-sse4.1,avx512-vbmi,avx512-vbmi,x86_64,linux,0
1,commit-3-amd-9950x3d,run-1,0,base64-ng,decode,url-safe,padded,12,16,349525,57266759,69.848482,ssse3-sse4.1,avx512-vbmi,avx512-vbmi,x86_64,linux,0
1,commit-3-amd-9950x3d,run-1,1,base64-ng,decode,url-safe,padded,12,16,349525,57796295,69.208523,ssse3-sse4.1,avx512-vbmi,avx512-vbmi,x86_64,linux,0
1,commit-3-amd-9950x3d,run-1,2,base64-ng,decode,url-safe,padded,12,16,349525,57392736,69.695165,ssse3-sse4.1,avx512-vbmi,avx512-vbmi,x86_64,linux,0
1,commit-3-amd-9950x3d,run-1,3,base64-ng,decode,url-safe,padded,12,16,349525,57406292,69.678707,ssse3-sse4.1,avx512-vbmi,avx512-vbmi,x86_64,linux,0
1,commit-3-amd-9950x3d,run-1,4,base64-ng,decode,url-safe,padded,12,16,349525,57282549,69.829228,ssse3-sse4.1,avx512-vbmi,avx512-vbmi,x86_64,linux,0
1,commit-3-amd-9950x3d,run-1,0,base64-ng,encode,url-safe,padded,12,16,349525,13079040,305.832552,avx2,avx512-vbmi,avx512-vbmi,x86_64,linux,0
1,commit-3-amd-9950x3d,run-1,1,base64-ng,encode,url-safe,padded,12,16,349525,13079581,305.819902,avx2,avx512-vbmi,avx512-vbmi,x86_64,linux,0
1,commit-3-amd-9950x3d,run-1,2,base64-ng,encode,url-safe,padded,12,16,349525,13075283,305.920429,avx2,avx512-vbmi,avx512-vbmi,x86_64,linux,0
1,commit-3-amd-9950x3d,run-1,3,base64-ng,encode,url-safe,padded,12,16,349525,13086193,305.665382,avx2,avx512-vbmi,avx512-vbmi,x86_64,linux,0
1,commit-3-amd-9950x3d,run-1,4,base64-ng,encode,url-safe,padded,12,16,349525,13077377,305.871444,avx2,avx512-vbmi,avx512-vbmi,x86_64,linux,0
1,commit-3-amd-9950x3d,run-1,0,base64-ng,decode,url-safe,padded,12,16,349525,58979964,67.819577,avx2,avx512-vbmi,avx512-vbmi,x86_64,linux,0
1,commit-3-amd-9950x3d,run-1,1,base64-ng,decode,url-safe,padded,12,16,349525,58861181,67.956438,avx2,avx512-vbmi,avx512-vbmi,x86_64,linux,0
1,commit-3-amd-9950x3d,run-1,2,base64-ng,decode,url-safe,padded,12,16,349525,58417987,68.471996,avx2,avx512-vbmi,avx512-vbmi,x86_64,linux,0
1,commit-3-amd-9950x3d,run-1,3,base64-ng,decode,url-safe,padded,12,16,349525,58466457,68.415231,avx2,avx512-vbmi,avx512-vbmi,x86_64,linux,0
1,commit-3-amd-9950x3d,run-1,4,base64-ng,decode,url-safe,padded,12,16,349525,58395303,68.498595,avx2,avx512-vbmi,avx512-vbmi,x86_64,linux,0
1,commit-3-amd-9950x3d,run-1,0,base64-ng,encode,url-safe,padded,12,16,349525,13129525,304.656580,avx512-vbmi,avx512-vbmi,avx512-vbmi,x86_64,linux,0
1,commit-3-amd-9950x3d,run-1,1,base64-ng,encode,url-safe,padded,12,16,349525,13134765,304.535040,avx512-vbmi,avx512-vbmi,avx512-vbmi,x86_64,linux,0
1,commit-3-amd-9950x3d,run-1,2,base64-ng,encode,url-safe,padded,12,16,349525,13142399,304.358145,avx512-vbmi,avx512-vbmi,avx512-vbmi,x86_64,linux,0
1,commit-3-amd-9950x3d,run-1,3,base64-ng,encode,url-safe,padded,12,16,349525,13146768,304.257000,avx512-vbmi,avx512-vbmi,avx512-vbmi,x86_64,linux,0
1,commit-3-amd-9950x3d,run-1,4,base64-ng,encode,url-safe,padded,12,16,349525,13155044,304.065588,avx512-vbmi,avx512-vbmi,avx512-vbmi,x86_64,linux,0
1,commit-3-amd-9950x3d,run-1,0,base64-ng,decode,url-safe,padded,12,16,349525,58161433,68.774031,avx512-vbmi,avx512-vbmi,avx512-vbmi,x86_64,linux,0
1,commit-3-amd-9950x3d,run-1,1,base64-ng,decode,url-safe,padded,12,16,349525,58114184,68.829947,avx512-vbmi,avx512-vbmi,avx512-vbmi,x86_64,linux,0
1,commit-3-amd-9950x3d,run-1,2,base64-ng,decode,url-safe,padded,12,16,349525,57996743,68.969324,avx512-vbmi,avx512-vbmi,avx512-vbmi,x86_64,linux,0
1,commit-3-amd-9950x3d,run-1,3,base64-ng,decode,url-safe,padded,12,16,349525,58088055,68.860908,avx512-vbmi,avx512-vbmi,avx512-vbmi,x86_64,linux,0
1,commit-3-amd-9950x3d,run-1,4,base64-ng,decode,url-safe,padded,12,16,349525,58023564,68.937444,avx512-vbmi,avx512-vbmi,avx512-vbmi,x86_64,linux,0
1,commit-3-amd-9950x3d,run-1,0,base64-0.23.0,encode,url-safe,padded,12,16,349525,3239067,1234.922336,external,avx512-vbmi,avx512-vbmi,x86_64,linux,0
1,commit-3-amd-9950x3d,run-1,1,base64-0.23.0,encode,url-safe,padded,12,16,349525,3352481,1193.145072,external,avx512-vbmi,avx512-vbmi,x86_64,linux,0
1,commit-3-amd-9950x3d,run-1,2,base64-0.23.0,encode,url-safe,padded,12,16,349525,3332373,1200.344675,external,avx512-vbmi,avx512-vbmi,x86_64,linux,0
1,commit-3-amd-9950x3d,run-1,3,base64-0.23.0,encode,url-safe,padded,12,16,349525,3334998,1199.399875,external,avx512-vbmi,avx512-vbmi,x86_64,linux,0
1,commit-3-amd-9950x3d,run-1,4,base64-0.23.0,encode,url-safe,padded,12,16,349525,3344475,1196.001222,external,avx512-vbmi,avx512-vbmi,x86_64,linux,0
1,commit-3-amd-9950x3d,run-1,0,base64-0.23.0,decode,url-safe,padded,12,16,349525,5219605,766.340784,external,avx512-vbmi,avx512-vbmi,x86_64,linux,0
1,commit-3-amd-9950x3d,run-1,1,base64-0.23.0,decode,url-safe,padded,12,16,349525,5242859,762.941781,external,avx512-vbmi,avx512-vbmi,x86_64,linux,0
1,commit-3-amd-9950x3d,run-1,2,base64-0.23.0,decode,url-safe,padded,12,16,349525,5227991,765.111529,external,avx512-vbmi,avx512-vbmi,x86_64,linux,0
1,commit-3-amd-9950x3d,run-1,3,base64-0.23.0,decode,url-safe,padded,12,16,349525,5233572,764.295625,external,avx512-vbmi,avx512-vbmi,x86_64,linux,0
1,commit-3-amd-9950x3d,run-1,4,base64-0.23.0,decode,url-safe,padded,12,16,349525,5232620,764.434678,external,avx512-vbmi,avx512-vbmi,x86_64,linux,0
1,commit-3-amd-9950x3d,run-1,0,base64ct-1.8.3,encode,url-safe,padded,12,16,349525,2985190,1339.946933,external,avx512-vbmi,avx512-vbmi,x86_64,linux,0
1,commit-3-amd-9950x3d,run-1,1,base64ct-1.8.3,encode,url-safe,padded,12,16,349525,2984488,1340.262110,external,avx512-vbmi,avx512-vbmi,x86_64,linux,0
1,commit-3-amd-9950x3d,run-1,2,base64ct-1.8.3,encode,url-safe,padded,12,16,349525,2972085,1345.855245,external,avx512-vbmi,avx512-vbmi,x86_64,linux,0
1,commit-3-amd-9950x3d,run-1,3,base64ct-1.8.3,encode,url-safe,padded,12,16,349525,2975872,1344.142552,external,avx512-vbmi,avx512-vbmi,x86_64,linux,0
1,commit-3-amd-9950x3d,run-1,4,base64ct-1.8.3,encode,url-safe,padded,12,16,349525,2979158,1342.659968,external,avx512-vbmi,avx512-vbmi,x86_64,linux,0
1,commit-3-amd-9950x3d,run-1,0,base64ct-1.8.3,decode,url-safe,padded,12,16,349525,9000252,444.431577,external,avx512-vbmi,avx512-vbmi,x86_64,linux,0
1,commit-3-amd-9950x3d,run-1,1,base64ct-1.8.3,decode,url-safe,padded,12,16,349525,9007706,444.063803,external,avx512-vbmi,avx512-vbmi,x86_64,linux,0
1,commit-3-amd-9950x3d,run-1,2,base64ct-1.8.3,decode,url-safe,padded,12,16,349525,9020320,443.442825,external,avx512-vbmi,avx512-vbmi,x86_64,linux,0
1,commit-3-amd-9950x3d,run-1,3,base64ct-1.8.3,decode,url-safe,padded,12,16,349525,9027514,443.089447,external,avx512-vbmi,avx512-vbmi,x86_64,linux,0
1,commit-3-amd-9950x3d,run-1,4,base64ct-1.8.3,decode,url-safe,padded,12,16,349525,9016152,443.647821,external,avx512-vbmi,avx512-vbmi,x86_64,linux,0
1,commit-3-amd-9950x3d,run-1,0,base64-ng,encode,url-safe,padded,15,20,279620,12606150,317.305140,auto,avx512-vbmi,avx512-vbmi,x86_64,linux,0
1,commit-3-amd-9950x3d,run-1,1,base64-ng,encode,url-safe,padded,15,20,279620,12506462,319.834353,auto,avx512-vbmi,avx512-vbmi,x86_64,linux,0
1,commit-3-amd-9950x3d,run-1,2,base64-ng,encode,url-safe,padded,15,20,279620,12497485,320.064092,auto,avx512-vbmi,avx512-vbmi,x86_64,linux,0
1,commit-3-amd-9950x3d,run-1,3,base64-ng,encode,url-safe,padded,15,20,279620,12490863,320.233773,auto,avx512-vbmi,avx512-vbmi,x86_64,linux,0
1,commit-3-amd-9950x3d,run-1,4,base64-ng,encode,url-safe,padded,15,20,279620,12489361,320.272285,auto,avx512-vbmi,avx512-vbmi,x86_64,linux,0
1,commit-3-amd-9950x3d,run-1,0,base64-ng,decode,url-safe,padded,15,20,279620,49801767,80.318359,auto,avx512-vbmi,avx512-vbmi,x86_64,linux,0
1,commit-3-amd-9950x3d,run-1,1,base64-ng,decode,url-safe,padded,15,20,279620,49547509,80.730520,auto,avx512-vbmi,avx512-vbmi,x86_64,linux,0
1,commit-3-amd-9950x3d,run-1,2,base64-ng,decode,url-safe,padded,15,20,279620,49761742,80.382961,auto,avx512-vbmi,avx512-vbmi,x86_64,linux,0
1,commit-3-amd-9950x3d,run-1,3,base64-ng,decode,url-safe,padded,15,20,279620,49796046,80.327586,auto,avx512-vbmi,avx512-vbmi,x86_64,linux,0
1,commit-3-amd-9950x3d,run-1,4,base64-ng,decode,url-safe,padded,15,20,279620,49980203,80.031611,auto,avx512-vbmi,avx512-vbmi,x86_64,linux,0
1,commit-3-amd-9950x3d,run-1,0,base64-ng,encode,url-safe,padded,15,20,279620,12253947,326.425125,scalar,avx512-vbmi,avx512-vbmi,x86_64,linux,0
1,commit-3-amd-9950x3d,run-1,1,base64-ng,encode,url-safe,padded,15,20,279620,12236233,326.897680,scalar,avx512-vbmi,avx512-vbmi,x86_64,linux,0
1,commit-3-amd-9950x3d,run-1,2,base64-ng,encode,url-safe,padded,15,20,279620,12236403,326.893139,scalar,avx512-vbmi,avx512-vbmi,x86_64,linux,0
1,commit-3-amd-9950x3d,run-1,3,base64-ng,encode,url-safe,padded,15,20,279620,12234800,326.935968,scalar,avx512-vbmi,avx512-vbmi,x86_64,linux,0
1,commit-3-amd-9950x3d,run-1,4,base64-ng,encode,url-safe,padded,15,20,279620,12236103,326.901154,scalar,avx512-vbmi,avx512-vbmi,x86_64,linux,0
1,commit-3-amd-9950x3d,run-1,0,base64-ng,decode,url-safe,padded,15,20,279620,13466159,297.040618,scalar,avx512-vbmi,avx512-vbmi,x86_64,linux,0
1,commit-3-amd-9950x3d,run-1,1,base64-ng,decode,url-safe,padded,15,20,279620,13502678,296.237249,scalar,avx512-vbmi,avx512-vbmi,x86_64,linux,0
1,commit-3-amd-9950x3d,run-1,2,base64-ng,decode,url-safe,padded,15,20,279620,13624177,293.595436,scalar,avx512-vbmi,avx512-vbmi,x86_64,linux,0
1,commit-3-amd-9950x3d,run-1,3,base64-ng,decode,url-safe,padded,15,20,279620,13598939,294.140314,scalar,avx512-vbmi,avx512-vbmi,x86_64,linux,0
1,commit-3-amd-9950x3d,run-1,4,base64-ng,decode,url-safe,padded,15,20,279620,13526072,295.724892,scalar,avx512-vbmi,avx512-vbmi,x86_64,linux,0
1,commit-3-amd-9950x3d,run-1,0,base64-ng,encode,url-safe,padded,15,20,279620,16936471,236.176485,ssse3-sse4.1,avx512-vbmi,avx512-vbmi,x86_64,linux,0
1,commit-3-amd-9950x3d,run-1,1,base64-ng,encode,url-safe,padded,15,20,279620,16903299,236.639971,ssse3-sse4.1,avx512-vbmi,avx512-vbmi,x86_64,linux,0
1,commit-3-amd-9950x3d,run-1,2,base64-ng,encode,url-safe,padded,15,20,279620,16921884,236.380074,ssse3-sse4.1,avx512-vbmi,avx512-vbmi,x86_64,linux,0
1,commit-3-amd-9950x3d,run-1,3,base64-ng,encode,url-safe,padded,15,20,279620,16940018,236.127033,ssse3-sse4.1,avx512-vbmi,avx512-vbmi,x86_64,linux,0
1,commit-3-amd-9950x3d,run-1,4,base64-ng,encode,url-safe,padded,15,20,279620,17018246,235.041624,ssse3-sse4.1,avx512-vbmi,avx512-vbmi,x86_64,linux,0
1,commit-3-amd-9950x3d,run-1,0,base64-ng,decode,url-safe,padded,15,20,279620,48857550,81.870585,ssse3-sse4.1,avx512-vbmi,avx512-vbmi,x86_64,linux,0
1,commit-3-amd-9950x3d,run-1,1,base64-ng,decode,url-safe,padded,15,20,279620,48357478,82.717221,ssse3-sse4.1,avx512-vbmi,avx512-vbmi,x86_64,linux,0
1,commit-3-amd-9950x3d,run-1,2,base64-ng,decode,url-safe,padded,15,20,279620,48707527,82.122753,ssse3-sse4.1,avx512-vbmi,avx512-vbmi,x86_64,linux,0
1,commit-3-amd-9950x3d,run-1,3,base64-ng,decode,url-safe,padded,15,20,279620,48705633,82.125946,ssse3-sse4.1,avx512-vbmi,avx512-vbmi,x86_64,linux,0
1,commit-3-amd-9950x3d,run-1,4,base64-ng,decode,url-safe,padded,15,20,279620,48565089,82.363613,ssse3-sse4.1,avx512-vbmi,avx512-vbmi,x86_64,linux,0
1,commit-3-amd-9950x3d,run-1,0,base64-ng,encode,url-safe,padded,15,20,279620,12631096,316.678472,avx2,avx512-vbmi,avx512-vbmi,x86_64,linux,0
1,commit-3-amd-9950x3d,run-1,1,base64-ng,encode,url-safe,padded,15,20,279620,12629765,316.711846,avx2,avx512-vbmi,avx512-vbmi,x86_64,linux,0
1,commit-3-amd-9950x3d,run-1,2,base64-ng,encode,url-safe,padded,15,20,279620,12631588,316.666138,avx2,avx512-vbmi,avx512-vbmi,x86_64,linux,0
1,commit-3-amd-9950x3d,run-1,3,base64-ng,encode,url-safe,padded,15,20,279620,12632559,316.641797,avx2,avx512-vbmi,avx512-vbmi,x86_64,linux,0
1,commit-3-amd-9950x3d,run-1,4,base64-ng,encode,url-safe,padded,15,20,279620,12645915,316.307376,avx2,avx512-vbmi,avx512-vbmi,x86_64,linux,0
1,commit-3-amd-9950x3d,run-1,0,base64-ng,decode,url-safe,padded,15,20,279620,48728537,82.087344,avx2,avx512-vbmi,avx512-vbmi,x86_64,linux,0
1,commit-3-amd-9950x3d,run-1,1,base64-ng,decode,url-safe,padded,15,20,279620,48901843,81.796430,avx2,avx512-vbmi,avx512-vbmi,x86_64,linux,0
1,commit-3-amd-9950x3d,run-1,2,base64-ng,decode,url-safe,padded,15,20,279620,48895841,81.806471,avx2,avx512-vbmi,avx512-vbmi,x86_64,linux,0
1,commit-3-amd-9950x3d,run-1,3,base64-ng,decode,url-safe,padded,15,20,279620,49062175,81.529125,avx2,avx512-vbmi,avx512-vbmi,x86_64,linux,0
1,commit-3-amd-9950x3d,run-1,4,base64-ng,decode,url-safe,padded,15,20,279620,48984669,81.658124,avx2,avx512-vbmi,avx512-vbmi,x86_64,linux,0
1,commit-3-amd-9950x3d,run-1,0,base64-ng,encode,url-safe,padded,15,20,279620,12728339,314.259086,avx512-vbmi,avx512-vbmi,avx512-vbmi,x86_64,linux,0
1,commit-3-amd-9950x3d,run-1,1,base64-ng,encode,url-safe,padded,15,20,279620,12773104,313.157725,avx512-vbmi,avx512-vbmi,avx512-vbmi,x86_64,linux,0
1,commit-3-amd-9950x3d,run-1,2,base64-ng,encode,url-safe,padded,15,20,279620,12764648,313.365177,avx512-vbmi,avx512-vbmi,avx512-vbmi,x86_64,linux,0
1,commit-3-amd-9950x3d,run-1,3,base64-ng,encode,url-safe,padded,15,20,279620,12873133,310.724373,avx512-vbmi,avx512-vbmi,avx512-vbmi,x86_64,linux,0
1,commit-3-amd-9950x3d,run-1,4,base64-ng,encode,url-safe,padded,15,20,279620,12870938,310.777364,avx512-vbmi,avx512-vbmi,avx512-vbmi,x86_64,linux,0
1,commit-3-amd-9950x3d,run-1,0,base64-ng,decode,url-safe,padded,15,20,279620,49910942,80.142671,avx512-vbmi,avx512-vbmi,avx512-vbmi,x86_64,linux,0
1,commit-3-amd-9950x3d,run-1,1,base64-ng,decode,url-safe,padded,15,20,279620,51213805,78.103866,avx512-vbmi,avx512-vbmi,avx512-vbmi,x86_64,linux,0
1,commit-3-amd-9950x3d,run-1,2,base64-ng,decode,url-safe,padded,15,20,279620,51160895,78.184641,avx512-vbmi,avx512-vbmi,avx512-vbmi,x86_64,linux,0
1,commit-3-amd-9950x3d,run-1,3,base64-ng,decode,url-safe,padded,15,20,279620,50986828,78.451560,avx512-vbmi,avx512-vbmi,avx512-vbmi,x86_64,linux,0
1,commit-3-amd-9950x3d,run-1,4,base64-ng,decode,url-safe,padded,15,20,279620,50990895,78.445303,avx512-vbmi,avx512-vbmi,avx512-vbmi,x86_64,linux,0
1,commit-3-amd-9950x3d,run-1,0,base64-0.23.0,encode,url-safe,padded,15,20,279620,2806122,1425.453414,external,avx512-vbmi,avx512-vbmi,x86_64,linux,0
1,commit-3-amd-9950x3d,run-1,1,base64-0.23.0,encode,url-safe,padded,15,20,279620,2883899,1387.009803,external,avx512-vbmi,avx512-vbmi,x86_64,linux,0
1,commit-3-amd-9950x3d,run-1,2,base64-0.23.0,encode,url-safe,padded,15,20,279620,2878439,1389.640769,external,avx512-vbmi,avx512-vbmi,x86_64,linux,0
1,commit-3-amd-9950x3d,run-1,3,base64-0.23.0,encode,url-safe,padded,15,20,279620,2895220,1381.586265,external,avx512-vbmi,avx512-vbmi,x86_64,linux,0
1,commit-3-amd-9950x3d,run-1,4,base64-0.23.0,encode,url-safe,padded,15,20,279620,2879841,1388.964247,external,avx512-vbmi,avx512-vbmi,x86_64,linux,0
1,commit-3-amd-9950x3d,run-1,0,base64-0.23.0,decode,url-safe,padded,15,20,279620,4438545,901.195366,external,avx512-vbmi,avx512-vbmi,x86_64,linux,0
1,commit-3-amd-9950x3d,run-1,1,base64-0.23.0,decode,url-safe,padded,15,20,279620,4469663,894.921202,external,avx512-vbmi,avx512-vbmi,x86_64,linux,0
1,commit-3-amd-9950x3d,run-1,2,base64-0.23.0,decode,url-safe,padded,15,20,279620,4450828,898.708327,external,avx512-vbmi,avx512-vbmi,x86_64,linux,0
1,commit-3-amd-9950x3d,run-1,3,base64-0.23.0,decode,url-safe,padded,15,20,279620,4458062,897.250013,external,avx512-vbmi,avx512-vbmi,x86_64,linux,0
1,commit-3-amd-9950x3d,run-1,4,base64-0.23.0,decode,url-safe,padded,15,20,279620,4449155,899.046265,external,avx512-vbmi,avx512-vbmi,x86_64,linux,0
1,commit-3-amd-9950x3d,run-1,0,base64ct-1.8.3,encode,url-safe,padded,15,20,279620,2799359,1428.897182,external,avx512-vbmi,avx512-vbmi,x86_64,linux,0
1,commit-3-amd-9950x3d,run-1,1,base64ct-1.8.3,encode,url-safe,padded,15,20,279620,2769734,1444.180627,external,avx512-vbmi,avx512-vbmi,x86_64,linux,0
1,commit-3-amd-9950x3d,run-1,2,base64ct-1.8.3,encode,url-safe,padded,15,20,279620,2785263,1436.128719,external,avx512-vbmi,avx512-vbmi,x86_64,linux,0
1,commit-3-amd-9950x3d,run-1,3,base64ct-1.8.3,encode,url-safe,padded,15,20,279620,2780023,1438.835645,external,avx512-vbmi,avx512-vbmi,x86_64,linux,0
1,commit-3-amd-9950x3d,run-1,4,base64ct-1.8.3,encode,url-safe,padded,15,20,279620,2816071,1420.417378,external,avx512-vbmi,avx512-vbmi,x86_64,linux,0
1,commit-3-amd-9950x3d,run-1,0,base64ct-1.8.3,decode,url-safe,padded,15,20,279620,8089267,494.481909,external,avx512-vbmi,avx512-vbmi,x86_64,linux,0
1,commit-3-amd-9950x3d,run-1,1,base64ct-1.8.3,decode,url-safe,padded,15,20,279620,8094558,494.158691,external,avx512-vbmi,avx512-vbmi,x86_64,linux,0
1,commit-3-amd-9950x3d,run-1,2,base64ct-1.8.3,decode,url-safe,padded,15,20,279620,8090239,494.422499,external,avx512-vbmi,avx512-vbmi,x86_64,linux,0
1,commit-3-amd-9950x3d,run-1,3,base64ct-1.8.3,decode,url-safe,padded,15,20,279620,8088416,494.533934,external,avx512-vbmi,avx512-vbmi,x86_64,linux,0
1,commit-3-amd-9950x3d,run-1,4,base64ct-1.8.3,decode,url-safe,padded,15,20,279620,8084608,494.766869,external,avx512-vbmi,avx512-vbmi,x86_64,linux,0
1,commit-3-amd-9950x3d,run-1,0,base64-ng,encode,url-safe,padded,16,24,262144,12674138,315.603318,auto,avx512-vbmi,avx512-vbmi,x86_64,linux,0
1,commit-3-amd-9950x3d,run-1,1,base64-ng,encode,url-safe,padded,16,24,262144,12850780,311.265153,auto,avx512-vbmi,avx512-vbmi,x86_64,linux,0
1,commit-3-amd-9950x3d,run-1,2,base64-ng,encode,url-safe,padded,16,24,262144,12609947,317.209898,auto,avx512-vbmi,avx512-vbmi,x86_64,linux,0
1,commit-3-amd-9950x3d,run-1,3,base64-ng,encode,url-safe,padded,16,24,262144,12680019,315.456941,auto,avx512-vbmi,avx512-vbmi,x86_64,linux,0
1,commit-3-amd-9950x3d,run-1,4,base64-ng,encode,url-safe,padded,16,24,262144,12666393,315.796297,auto,avx512-vbmi,avx512-vbmi,x86_64,linux,0
1,commit-3-amd-9950x3d,run-1,0,base64-ng,decode,url-safe,padded,16,24,262144,48819228,81.934929,auto,avx512-vbmi,avx512-vbmi,x86_64,linux,0
1,commit-3-amd-9950x3d,run-1,1,base64-ng,decode,url-safe,padded,16,24,262144,48751279,82.049129,auto,avx512-vbmi,avx512-vbmi,x86_64,linux,0
1,commit-3-amd-9950x3d,run-1,2,base64-ng,decode,url-safe,padded,16,24,262144,48796775,81.972630,auto,avx512-vbmi,avx512-vbmi,x86_64,linux,0
1,commit-3-amd-9950x3d,run-1,3,base64-ng,decode,url-safe,padded,16,24,262144,48620784,82.269344,auto,avx512-vbmi,avx512-vbmi,x86_64,linux,0
1,commit-3-amd-9950x3d,run-1,4,base64-ng,decode,url-safe,padded,16,24,262144,48345014,82.738625,auto,avx512-vbmi,avx512-vbmi,x86_64,linux,0
1,commit-3-amd-9950x3d,run-1,0,base64-ng,encode,url-safe,padded,16,24,262144,12302399,325.139837,scalar,avx512-vbmi,avx512-vbmi,x86_64,linux,0
1,commit-3-amd-9950x3d,run-1,1,base64-ng,encode,url-safe,padded,16,24,262144,12295986,325.309414,scalar,avx512-vbmi,avx512-vbmi,x86_64,linux,0
1,commit-3-amd-9950x3d,run-1,2,base64-ng,encode,url-safe,padded,16,24,262144,12309832,324.943509,scalar,avx512-vbmi,avx512-vbmi,x86_64,linux,0
1,commit-3-amd-9950x3d,run-1,3,base64-ng,encode,url-safe,padded,16,24,262144,12404019,322.476126,scalar,avx512-vbmi,avx512-vbmi,x86_64,linux,0
1,commit-3-amd-9950x3d,run-1,4,base64-ng,encode,url-safe,padded,16,24,262144,12453032,321.206916,scalar,avx512-vbmi,avx512-vbmi,x86_64,linux,0
1,commit-3-amd-9950x3d,run-1,0,base64-ng,decode,url-safe,padded,16,24,262144,14087909,283.931419,scalar,avx512-vbmi,avx512-vbmi,x86_64,linux,0
1,commit-3-amd-9950x3d,run-1,1,base64-ng,decode,url-safe,padded,16,24,262144,14069755,284.297772,scalar,avx512-vbmi,avx512-vbmi,x86_64,linux,0
1,commit-3-amd-9950x3d,run-1,2,base64-ng,decode,url-safe,padded,16,24,262144,14067360,284.346174,scalar,avx512-vbmi,avx512-vbmi,x86_64,linux,0
1,commit-3-amd-9950x3d,run-1,3,base64-ng,decode,url-safe,padded,16,24,262144,14077500,284.141360,scalar,avx512-vbmi,avx512-vbmi,x86_64,linux,0
1,commit-3-amd-9950x3d,run-1,4,base64-ng,decode,url-safe,padded,16,24,262144,14059565,284.503824,scalar,avx512-vbmi,avx512-vbmi,x86_64,linux,0
1,commit-3-amd-9950x3d,run-1,0,base64-ng,encode,url-safe,padded,16,24,262144,16643611,240.332462,ssse3-sse4.1,avx512-vbmi,avx512-vbmi,x86_64,linux,0
1,commit-3-amd-9950x3d,run-1,1,base64-ng,encode,url-safe,padded,16,24,262144,16620266,240.670035,ssse3-sse4.1,avx512-vbmi,avx512-vbmi,x86_64,linux,0
1,commit-3-amd-9950x3d,run-1,2,base64-ng,encode,url-safe,padded,16,24,262144,16601741,240.938586,ssse3-sse4.1,avx512-vbmi,avx512-vbmi,x86_64,linux,0
1,commit-3-amd-9950x3d,run-1,3,base64-ng,encode,url-safe,padded,16,24,262144,16613844,240.763065,ssse3-sse4.1,avx512-vbmi,avx512-vbmi,x86_64,linux,0
1,commit-3-amd-9950x3d,run-1,4,base64-ng,encode,url-safe,padded,16,24,262144,17142439,233.339025,ssse3-sse4.1,avx512-vbmi,avx512-vbmi,x86_64,linux,0
1,commit-3-amd-9950x3d,run-1,0,base64-ng,decode,url-safe,padded,16,24,262144,48102949,83.154985,ssse3-sse4.1,avx512-vbmi,avx512-vbmi,x86_64,linux,0
1,commit-3-amd-9950x3d,run-1,1,base64-ng,decode,url-safe,padded,16,24,262144,48866246,81.856093,ssse3-sse4.1,avx512-vbmi,avx512-vbmi,x86_64,linux,0
1,commit-3-amd-9950x3d,run-1,2,base64-ng,decode,url-safe,padded,16,24,262144,49018182,81.602374,ssse3-sse4.1,avx512-vbmi,avx512-vbmi,x86_64,linux,0
1,commit-3-amd-9950x3d,run-1,3,base64-ng,decode,url-safe,padded,16,24,262144,48360714,82.711765,ssse3-sse4.1,avx512-vbmi,avx512-vbmi,x86_64,linux,0
1,commit-3-amd-9950x3d,run-1,4,base64-ng,decode,url-safe,padded,16,24,262144,48220450,82.952357,ssse3-sse4.1,avx512-vbmi,avx512-vbmi,x86_64,linux,0
1,commit-3-amd-9950x3d,run-1,0,base64-ng,encode,url-safe,padded,16,24,262144,12808461,312.293569,avx2,avx512-vbmi,avx512-vbmi,x86_64,linux,0
1,commit-3-amd-9950x3d,run-1,1,base64-ng,encode,url-safe,padded,16,24,262144,12859217,311.060930,avx2,avx512-vbmi,avx512-vbmi,x86_64,linux,0
1,commit-3-amd-9950x3d,run-1,2,base64-ng,encode,url-safe,padded,16,24,262144,12939458,309.131959,avx2,avx512-vbmi,avx512-vbmi,x86_64,linux,0
1,commit-3-amd-9950x3d,run-1,3,base64-ng,encode,url-safe,padded,16,24,262144,12824331,311.907108,avx2,avx512-vbmi,avx512-vbmi,x86_64,linux,0
1,commit-3-amd-9950x3d,run-1,4,base64-ng,encode,url-safe,padded,16,24,262144,13247056,301.953883,avx2,avx512-vbmi,avx512-vbmi,x86_64,linux,0
1,commit-3-amd-9950x3d,run-1,0,base64-ng,decode,url-safe,padded,16,24,262144,48434654,82.585498,avx2,avx512-vbmi,avx512-vbmi,x86_64,linux,0
1,commit-3-amd-9950x3d,run-1,1,base64-ng,decode,url-safe,padded,16,24,262144,48559889,82.372511,avx2,avx512-vbmi,avx512-vbmi,x86_64,linux,0
1,commit-3-amd-9950x3d,run-1,2,base64-ng,decode,url-safe,padded,16,24,262144,48671198,82.184129,avx2,avx512-vbmi,avx512-vbmi,x86_64,linux,0
1,commit-3-amd-9950x3d,run-1,3,base64-ng,decode,url-safe,padded,16,24,262144,48384960,82.670317,avx2,avx512-vbmi,avx512-vbmi,x86_64,linux,0
1,commit-3-amd-9950x3d,run-1,4,base64-ng,decode,url-safe,padded,16,24,262144,47857757,83.581017,avx2,avx512-vbmi,avx512-vbmi,x86_64,linux,0
1,commit-3-amd-9950x3d,run-1,0,base64-ng,encode,url-safe,padded,16,24,262144,12729963,314.219295,avx512-vbmi,avx512-vbmi,avx512-vbmi,x86_64,linux,0
1,commit-3-amd-9950x3d,run-1,1,base64-ng,encode,url-safe,padded,16,24,262144,12778394,313.028382,avx512-vbmi,avx512-vbmi,avx512-vbmi,x86_64,linux,0
1,commit-3-amd-9950x3d,run-1,2,base64-ng,encode,url-safe,padded,16,24,262144,12767724,313.289980,avx512-vbmi,avx512-vbmi,avx512-vbmi,x86_64,linux,0
1,commit-3-amd-9950x3d,run-1,3,base64-ng,encode,url-safe,padded,16,24,262144,12857352,311.106050,avx512-vbmi,avx512-vbmi,avx512-vbmi,x86_64,linux,0
1,commit-3-amd-9950x3d,run-1,4,base64-ng,encode,url-safe,padded,16,24,262144,12723190,314.386565,avx512-vbmi,avx512-vbmi,avx512-vbmi,x86_64,linux,0
1,commit-3-amd-9950x3d,run-1,0,base64-ng,decode,url-safe,padded,16,24,262144,48179433,83.022978,avx512-vbmi,avx512-vbmi,avx512-vbmi,x86_64,linux,0
1,commit-3-amd-9950x3d,run-1,1,base64-ng,decode,url-safe,padded,16,24,262144,48310530,82.797684,avx512-vbmi,avx512-vbmi,avx512-vbmi,x86_64,linux,0
1,commit-3-amd-9950x3d,run-1,2,base64-ng,decode,url-safe,padded,16,24,262144,48193620,82.998538,avx512-vbmi,avx512-vbmi,avx512-vbmi,x86_64,linux,0
1,commit-3-amd-9950x3d,run-1,3,base64-ng,decode,url-safe,padded,16,24,262144,48203007,82.982375,avx512-vbmi,avx512-vbmi,avx512-vbmi,x86_64,linux,0
1,commit-3-amd-9950x3d,run-1,4,base64-ng,decode,url-safe,padded,16,24,262144,49317966,81.106346,avx512-vbmi,avx512-vbmi,avx512-vbmi,x86_64,linux,0
1,commit-3-amd-9950x3d,run-1,0,base64-0.23.0,encode,url-safe,padded,16,24,262144,2840497,1408.204268,external,avx512-vbmi,avx512-vbmi,x86_64,linux,0
1,commit-3-amd-9950x3d,run-1,1,base64-0.23.0,encode,url-safe,padded,16,24,262144,2842431,1407.246121,external,avx512-vbmi,avx512-vbmi,x86_64,linux,0
1,commit-3-amd-9950x3d,run-1,2,base64-0.23.0,encode,url-safe,padded,16,24,262144,2852259,1402.397188,external,avx512-vbmi,avx512-vbmi,x86_64,linux,0
1,commit-3-amd-9950x3d,run-1,3,base64-0.23.0,encode,url-safe,padded,16,24,262144,2877696,1390.000890,external,avx512-vbmi,avx512-vbmi,x86_64,linux,0
1,commit-3-amd-9950x3d,run-1,4,base64-0.23.0,encode,url-safe,padded,16,24,262144,2858030,1399.565435,external,avx512-vbmi,avx512-vbmi,x86_64,linux,0
1,commit-3-amd-9950x3d,run-1,0,base64-0.23.0,decode,url-safe,padded,16,24,262144,4369655,915.404077,external,avx512-vbmi,avx512-vbmi,x86_64,linux,0
1,commit-3-amd-9950x3d,run-1,1,base64-0.23.0,decode,url-safe,padded,16,24,262144,4349738,919.595617,external,avx512-vbmi,avx512-vbmi,x86_64,linux,0
1,commit-3-amd-9950x3d,run-1,2,base64-0.23.0,decode,url-safe,padded,16,24,262144,4345891,920.409647,external,avx512-vbmi,avx512-vbmi,x86_64,linux,0
1,commit-3-amd-9950x3d,run-1,3,base64-0.23.0,decode,url-safe,padded,16,24,262144,4346522,920.276028,external,avx512-vbmi,avx512-vbmi,x86_64,linux,0
1,commit-3-amd-9950x3d,run-1,4,base64-0.23.0,decode,url-safe,padded,16,24,262144,4346622,920.254855,external,avx512-vbmi,avx512-vbmi,x86_64,linux,0
1,commit-3-amd-9950x3d,run-1,0,base64ct-1.8.3,encode,url-safe,padded,16,24,262144,3752053,1066.083022,external,avx512-vbmi,avx512-vbmi,x86_64,linux,0
1,commit-3-amd-9950x3d,run-1,1,base64ct-1.8.3,encode,url-safe,padded,16,24,262144,3742294,1068.863109,external,avx512-vbmi,avx512-vbmi,x86_64,linux,0
1,commit-3-amd-9950x3d,run-1,2,base64ct-1.8.3,encode,url-safe,padded,16,24,262144,3731594,1071.927975,external,avx512-vbmi,avx512-vbmi,x86_64,linux,0
1,commit-3-amd-9950x3d,run-1,3,base64ct-1.8.3,encode,url-safe,padded,16,24,262144,3742334,1068.851685,external,avx512-vbmi,avx512-vbmi,x86_64,linux,0
1,commit-3-amd-9950x3d,run-1,4,base64ct-1.8.3,encode,url-safe,padded,16,24,262144,3746993,1067.522678,external,avx512-vbmi,avx512-vbmi,x86_64,linux,0
1,commit-3-amd-9950x3d,run-1,0,base64ct-1.8.3,decode,url-safe,padded,16,24,262144,10592630,377.621044,external,avx512-vbmi,avx512-vbmi,x86_64,linux,0
1,commit-3-amd-9950x3d,run-1,1,base64ct-1.8.3,decode,url-safe,padded,16,24,262144,10443479,383.014128,external,avx512-vbmi,avx512-vbmi,x86_64,linux,0
1,commit-3-amd-9950x3d,run-1,2,base64ct-1.8.3,decode,url-safe,padded,16,24,262144,10424513,383.710970,external,avx512-vbmi,avx512-vbmi,x86_64,linux,0
1,commit-3-amd-9950x3d,run-1,3,base64ct-1.8.3,decode,url-safe,padded,16,24,262144,10484576,381.512805,external,avx512-vbmi,avx512-vbmi,x86_64,linux,0
1,commit-3-amd-9950x3d,run-1,4,base64ct-1.8.3,decode,url-safe,padded,16,24,262144,10557364,378.882456,external,avx512-vbmi,avx512-vbmi,x86_64,linux,0
1,commit-3-amd-9950x3d,run-1,0,base64-ng,encode,url-safe,padded,23,32,182361,12234099,326.954935,auto,avx512-vbmi,avx512-vbmi,x86_64,linux,0
1,commit-3-amd-9950x3d,run-1,1,base64-ng,encode,url-safe,padded,23,32,182361,12227748,327.124753,auto,avx512-vbmi,avx512-vbmi,x86_64,linux,0
1,commit-3-amd-9950x3d,run-1,2,base64-ng,encode,url-safe,padded,23,32,182361,12296788,325.288120,auto,avx512-vbmi,avx512-vbmi,x86_64,linux,0
1,commit-3-amd-9950x3d,run-1,3,base64-ng,encode,url-safe,padded,23,32,182361,12291197,325.436086,auto,avx512-vbmi,avx512-vbmi,x86_64,linux,0
1,commit-3-amd-9950x3d,run-1,4,base64-ng,encode,url-safe,padded,23,32,182361,12528383,319.274965,auto,avx512-vbmi,avx512-vbmi,x86_64,linux,0
1,commit-3-amd-9950x3d,run-1,0,base64-ng,decode,url-safe,padded,23,32,182361,41753176,95.801073,auto,avx512-vbmi,avx512-vbmi,x86_64,linux,0
1,commit-3-amd-9950x3d,run-1,1,base64-ng,decode,url-safe,padded,23,32,182361,41778774,95.742375,auto,avx512-vbmi,avx512-vbmi,x86_64,linux,0
1,commit-3-amd-9950x3d,run-1,2,base64-ng,decode,url-safe,padded,23,32,182361,41002362,97.555332,auto,avx512-vbmi,avx512-vbmi,x86_64,linux,0
1,commit-3-amd-9950x3d,run-1,3,base64-ng,decode,url-safe,padded,23,32,182361,41519497,96.340258,auto,avx512-vbmi,avx512-vbmi,x86_64,linux,0
1,commit-3-amd-9950x3d,run-1,4,base64-ng,decode,url-safe,padded,23,32,182361,41450947,96.499582,auto,avx512-vbmi,avx512-vbmi,x86_64,linux,0
1,commit-3-amd-9950x3d,run-1,0,base64-ng,encode,url-safe,padded,23,32,182361,11989930,333.613211,scalar,avx512-vbmi,avx512-vbmi,x86_64,linux,0
1,commit-3-amd-9950x3d,run-1,1,base64-ng,encode,url-safe,padded,23,32,182361,12030677,332.483288,scalar,avx512-vbmi,avx512-vbmi,x86_64,linux,0
1,commit-3-amd-9950x3d,run-1,2,base64-ng,encode,url-safe,padded,23,32,182361,12283172,325.648704,scalar,avx512-vbmi,avx512-vbmi,x86_64,linux,0
1,commit-3-amd-9950x3d,run-1,3,base64-ng,encode,url-safe,padded,23,32,182361,12226705,327.152659,scalar,avx512-vbmi,avx512-vbmi,x86_64,linux,0
1,commit-3-amd-9950x3d,run-1,4,base64-ng,encode,url-safe,padded,23,32,182361,12121969,329.979317,scalar,avx512-vbmi,avx512-vbmi,x86_64,linux,0
1,commit-3-amd-9950x3d,run-1,0,base64-ng,decode,url-safe,padded,23,32,182361,13784908,290.172343,scalar,avx512-vbmi,avx512-vbmi,x86_64,linux,0
1,commit-3-amd-9950x3d,run-1,1,base64-ng,decode,url-safe,padded,23,32,182361,13929331,287.163759,scalar,avx512-vbmi,avx512-vbmi,x86_64,linux,0
1,commit-3-amd-9950x3d,run-1,2,base64-ng,decode,url-safe,padded,23,32,182361,13852907,288.747990,scalar,avx512-vbmi,avx512-vbmi,x86_64,linux,0
1,commit-3-amd-9950x3d,run-1,3,base64-ng,decode,url-safe,padded,23,32,182361,13961862,286.494670,scalar,avx512-vbmi,avx512-vbmi,x86_64,linux,0
1,commit-3-amd-9950x3d,run-1,4,base64-ng,decode,url-safe,padded,23,32,182361,13930192,287.146010,scalar,avx512-vbmi,avx512-vbmi,x86_64,linux,0
1,commit-3-amd-9950x3d,run-1,0,base64-ng,encode,url-safe,padded,23,32,182361,15231301,262.617031,ssse3-sse4.1,avx512-vbmi,avx512-vbmi,x86_64,linux,0
1,commit-3-amd-9950x3d,run-1,1,base64-ng,encode,url-safe,padded,23,32,182361,15244827,262.384024,ssse3-sse4.1,avx512-vbmi,avx512-vbmi,x86_64,linux,0
1,commit-3-amd-9950x3d,run-1,2,base64-ng,encode,url-safe,padded,23,32,182361,15237464,262.510812,ssse3-sse4.1,avx512-vbmi,avx512-vbmi,x86_64,linux,0
1,commit-3-amd-9950x3d,run-1,3,base64-ng,encode,url-safe,padded,23,32,182361,15077822,265.290242,ssse3-sse4.1,avx512-vbmi,avx512-vbmi,x86_64,linux,0
1,commit-3-amd-9950x3d,run-1,4,base64-ng,encode,url-safe,padded,23,32,182361,15193220,263.275267,ssse3-sse4.1,avx512-vbmi,avx512-vbmi,x86_64,linux,0
1,commit-3-amd-9950x3d,run-1,0,base64-ng,decode,url-safe,padded,23,32,182361,57363421,69.730832,ssse3-sse4.1,avx512-vbmi,avx512-vbmi,x86_64,linux,0
1,commit-3-amd-9950x3d,run-1,1,base64-ng,decode,url-safe,padded,23,32,182361,57649830,69.384403,ssse3-sse4.1,avx512-vbmi,avx512-vbmi,x86_64,linux,0
1,commit-3-amd-9950x3d,run-1,2,base64-ng,decode,url-safe,padded,23,32,182361,57340738,69.758416,ssse3-sse4.1,avx512-vbmi,avx512-vbmi,x86_64,linux,0
1,commit-3-amd-9950x3d,run-1,3,base64-ng,decode,url-safe,padded,23,32,182361,57453250,69.621806,ssse3-sse4.1,avx512-vbmi,avx512-vbmi,x86_64,linux,0
1,commit-3-amd-9950x3d,run-1,4,base64-ng,decode,url-safe,padded,23,32,182361,56886103,70.315927,ssse3-sse4.1,avx512-vbmi,avx512-vbmi,x86_64,linux,0
1,commit-3-amd-9950x3d,run-1,0,base64-ng,encode,url-safe,padded,23,32,182361,12230483,327.051601,avx2,avx512-vbmi,avx512-vbmi,x86_64,linux,0
1,commit-3-amd-9950x3d,run-1,1,base64-ng,encode,url-safe,padded,23,32,182361,12198753,327.902290,avx2,avx512-vbmi,avx512-vbmi,x86_64,linux,0
1,commit-3-amd-9950x3d,run-1,2,base64-ng,encode,url-safe,padded,23,32,182361,12266331,326.095802,avx2,avx512-vbmi,avx512-vbmi,x86_64,linux,0
1,commit-3-amd-9950x3d,run-1,3,base64-ng,encode,url-safe,padded,23,32,182361,12194846,328.007344,avx2,avx512-vbmi,avx512-vbmi,x86_64,linux,0
1,commit-3-amd-9950x3d,run-1,4,base64-ng,encode,url-safe,padded,23,32,182361,12164318,328.830523,avx2,avx512-vbmi,avx512-vbmi,x86_64,linux,0
1,commit-3-amd-9950x3d,run-1,0,base64-ng,decode,url-safe,padded,23,32,182361,40150810,99.624367,avx2,avx512-vbmi,avx512-vbmi,x86_64,linux,0
1,commit-3-amd-9950x3d,run-1,1,base64-ng,decode,url-safe,padded,23,32,182361,40071601,99.821294,avx2,avx512-vbmi,avx512-vbmi,x86_64,linux,0
1,commit-3-amd-9950x3d,run-1,2,base64-ng,decode,url-safe,padded,23,32,182361,39966734,100.083210,avx2,avx512-vbmi,avx512-vbmi,x86_64,linux,0
1,commit-3-amd-9950x3d,run-1,3,base64-ng,decode,url-safe,padded,23,32,182361,41340891,96.756479,avx2,avx512-vbmi,avx512-vbmi,x86_64,linux,0
1,commit-3-amd-9950x3d,run-1,4,base64-ng,decode,url-safe,padded,23,32,182361,40942560,97.697825,avx2,avx512-vbmi,avx512-vbmi,x86_64,linux,0
1,commit-3-amd-9950x3d,run-1,0,base64-ng,encode,url-safe,padded,23,32,182361,12140574,329.473635,avx512-vbmi,avx512-vbmi,avx512-vbmi,x86_64,linux,0
1,commit-3-amd-9950x3d,run-1,1,base64-ng,encode,url-safe,padded,23,32,182361,12104455,330.456765,avx512-vbmi,avx512-vbmi,avx512-vbmi,x86_64,linux,0
1,commit-3-amd-9950x3d,run-1,2,base64-ng,encode,url-safe,padded,23,32,182361,12562177,318.416071,avx512-vbmi,avx512-vbmi,avx512-vbmi,x86_64,linux,0
1,commit-3-amd-9950x3d,run-1,3,base64-ng,encode,url-safe,padded,23,32,182361,12965266,308.516543,avx512-vbmi,avx512-vbmi,avx512-vbmi,x86_64,linux,0
1,commit-3-amd-9950x3d,run-1,4,base64-ng,encode,url-safe,padded,23,32,182361,12872572,310.738137,avx512-vbmi,avx512-vbmi,avx512-vbmi,x86_64,linux,0
1,commit-3-amd-9950x3d,run-1,0,base64-ng,decode,url-safe,padded,23,32,182361,40847341,97.925567,avx512-vbmi,avx512-vbmi,avx512-vbmi,x86_64,linux,0
1,commit-3-amd-9950x3d,run-1,1,base64-ng,decode,url-safe,padded,23,32,182361,40289641,99.281079,avx512-vbmi,avx512-vbmi,avx512-vbmi,x86_64,linux,0
1,commit-3-amd-9950x3d,run-1,2,base64-ng,decode,url-safe,padded,23,32,182361,40241751,99.399230,avx512-vbmi,avx512-vbmi,avx512-vbmi,x86_64,linux,0
1,commit-3-amd-9950x3d,run-1,3,base64-ng,decode,url-safe,padded,23,32,182361,40257912,99.359327,avx512-vbmi,avx512-vbmi,avx512-vbmi,x86_64,linux,0
1,commit-3-amd-9950x3d,run-1,4,base64-ng,decode,url-safe,padded,23,32,182361,40858933,97.897785,avx512-vbmi,avx512-vbmi,avx512-vbmi,x86_64,linux,0
1,commit-3-amd-9950x3d,run-1,0,base64-0.23.0,encode,url-safe,padded,23,32,182361,2292646,1744.708536,external,avx512-vbmi,avx512-vbmi,x86_64,linux,0
1,commit-3-amd-9950x3d,run-1,1,base64-0.23.0,encode,url-safe,padded,23,32,182361,2361755,1693.655373,external,avx512-vbmi,avx512-vbmi,x86_64,linux,0
1,commit-3-amd-9950x3d,run-1,2,base64-0.23.0,encode,url-safe,padded,23,32,182361,2346107,1704.951669,external,avx512-vbmi,avx512-vbmi,x86_64,linux,0
1,commit-3-amd-9950x3d,run-1,3,base64-0.23.0,encode,url-safe,padded,23,32,182361,2344764,1705.928207,external,avx512-vbmi,avx512-vbmi,x86_64,linux,0
1,commit-3-amd-9950x3d,run-1,4,base64-0.23.0,encode,url-safe,padded,23,32,182361,2354872,1698.605719,external,avx512-vbmi,avx512-vbmi,x86_64,linux,0
1,commit-3-amd-9950x3d,run-1,0,base64-0.23.0,decode,url-safe,padded,23,32,182361,3363582,1189.208126,external,avx512-vbmi,avx512-vbmi,x86_64,linux,0
1,commit-3-amd-9950x3d,run-1,1,base64-0.23.0,decode,url-safe,padded,23,32,182361,3368361,1187.520888,external,avx512-vbmi,avx512-vbmi,x86_64,linux,0
1,commit-3-amd-9950x3d,run-1,2,base64-0.23.0,decode,url-safe,padded,23,32,182361,3355296,1192.144910,external,avx512-vbmi,avx512-vbmi,x86_64,linux,0
1,commit-3-amd-9950x3d,run-1,3,base64-0.23.0,decode,url-safe,padded,23,32,182361,3347512,1194.917015,external,avx512-vbmi,avx512-vbmi,x86_64,linux,0
1,commit-3-amd-9950x3d,run-1,4,base64-0.23.0,decode,url-safe,padded,23,32,182361,3342552,1196.690148,external,avx512-vbmi,avx512-vbmi,x86_64,linux,0
1,commit-3-amd-9950x3d,run-1,0,base64ct-1.8.3,encode,url-safe,padded,23,32,182361,3139740,1273.990536,external,avx512-vbmi,avx512-vbmi,x86_64,linux,0
1,commit-3-amd-9950x3d,run-1,1,base64ct-1.8.3,encode,url-safe,padded,23,32,182361,3133098,1276.691328,external,avx512-vbmi,avx512-vbmi,x86_64,linux,0
1,commit-3-amd-9950x3d,run-1,2,base64ct-1.8.3,encode,url-safe,padded,23,32,182361,3128048,1278.752451,external,avx512-vbmi,avx512-vbmi,x86_64,linux,0
1,commit-3-amd-9950x3d,run-1,3,base64ct-1.8.3,encode,url-safe,padded,23,32,182361,3124813,1280.076295,external,avx512-vbmi,avx512-vbmi,x86_64,linux,0
1,commit-3-amd-9950x3d,run-1,4,base64ct-1.8.3,encode,url-safe,padded,23,32,182361,3127527,1278.965472,external,avx512-vbmi,avx512-vbmi,x86_64,linux,0
1,commit-3-amd-9950x3d,run-1,0,base64ct-1.8.3,decode,url-safe,padded,23,32,182361,8797370,454.681234,external,avx512-vbmi,avx512-vbmi,x86_64,linux,0
1,commit-3-amd-9950x3d,run-1,1,base64ct-1.8.3,decode,url-safe,padded,23,32,182361,8773966,455.894067,external,avx512-vbmi,avx512-vbmi,x86_64,linux,0
1,commit-3-amd-9950x3d,run-1,2,base64ct-1.8.3,decode,url-safe,padded,23,32,182361,8789956,455.064741,external,avx512-vbmi,avx512-vbmi,x86_64,linux,0
1,commit-3-amd-9950x3d,run-1,3,base64ct-1.8.3,decode,url-safe,padded,23,32,182361,8781721,455.491474,external,avx512-vbmi,avx512-vbmi,x86_64,linux,0
1,commit-3-amd-9950x3d,run-1,4,base64ct-1.8.3,decode,url-safe,padded,23,32,182361,8752806,456.996196,external,avx512-vbmi,avx512-vbmi,x86_64,linux,0
1,commit-3-amd-9950x3d,run-1,0,base64-ng,encode,url-safe,padded,24,32,174762,11917413,335.642034,auto,avx512-vbmi,avx512-vbmi,x86_64,linux,0
1,commit-3-amd-9950x3d,run-1,1,base64-ng,encode,url-safe,padded,24,32,174762,11901564,336.089000,auto,avx512-vbmi,avx512-vbmi,x86_64,linux,0
1,commit-3-amd-9950x3d,run-1,2,base64-ng,encode,url-safe,padded,24,32,174762,11892737,336.338451,auto,avx512-vbmi,avx512-vbmi,x86_64,linux,0
1,commit-3-amd-9950x3d,run-1,3,base64-ng,encode,url-safe,padded,24,32,174762,11885834,336.533788,auto,avx512-vbmi,avx512-vbmi,x86_64,linux,0
1,commit-3-amd-9950x3d,run-1,4,base64-ng,encode,url-safe,padded,24,32,174762,11902555,336.061017,auto,avx512-vbmi,avx512-vbmi,x86_64,linux,0
1,commit-3-amd-9950x3d,run-1,0,base64-ng,decode,url-safe,padded,24,32,174762,38196542,104.721122,auto,avx512-vbmi,avx512-vbmi,x86_64,linux,0
1,commit-3-amd-9950x3d,run-1,1,base64-ng,decode,url-safe,padded,24,32,174762,38257456,104.554384,auto,avx512-vbmi,avx512-vbmi,x86_64,linux,0
1,commit-3-amd-9950x3d,run-1,2,base64-ng,decode,url-safe,padded,24,32,174762,38087415,105.021166,auto,avx512-vbmi,avx512-vbmi,x86_64,linux,0
1,commit-3-amd-9950x3d,run-1,3,base64-ng,decode,url-safe,padded,24,32,174762,38084730,105.028570,auto,avx512-vbmi,avx512-vbmi,x86_64,linux,0
1,commit-3-amd-9950x3d,run-1,4,base64-ng,decode,url-safe,padded,24,32,174762,38137831,104.882334,auto,avx512-vbmi,avx512-vbmi,x86_64,linux,0
1,commit-3-amd-9950x3d,run-1,0,base64-ng,encode,url-safe,padded,24,32,174762,11759416,340.151649,scalar,avx512-vbmi,avx512-vbmi,x86_64,linux,0
1,commit-3-amd-9950x3d,run-1,1,base64-ng,encode,url-safe,padded,24,32,174762,11785825,339.389457,scalar,avx512-vbmi,avx512-vbmi,x86_64,linux,0
1,commit-3-amd-9950x3d,run-1,2,base64-ng,encode,url-safe,padded,24,32,174762,11737314,340.792173,scalar,avx512-vbmi,avx512-vbmi,x86_64,linux,0
1,commit-3-amd-9950x3d,run-1,3,base64-ng,encode,url-safe,padded,24,32,174762,11745149,340.564836,scalar,avx512-vbmi,avx512-vbmi,x86_64,linux,0
1,commit-3-amd-9950x3d,run-1,4,base64-ng,encode,url-safe,padded,24,32,174762,11758434,340.180056,scalar,avx512-vbmi,avx512-vbmi,x86_64,linux,0
1,commit-3-amd-9950x3d,run-1,0,base64-ng,decode,url-safe,padded,24,32,174762,13145956,304.274922,scalar,avx512-vbmi,avx512-vbmi,x86_64,linux,0
1,commit-3-amd-9950x3d,run-1,1,base64-ng,decode,url-safe,padded,24,32,174762,13306498,300.603866,scalar,avx512-vbmi,avx512-vbmi,x86_64,linux,0
1,commit-3-amd-9950x3d,run-1,2,base64-ng,decode,url-safe,padded,24,32,174762,13126289,304.730815,scalar,avx512-vbmi,avx512-vbmi,x86_64,linux,0
1,commit-3-amd-9950x3d,run-1,3,base64-ng,decode,url-safe,padded,24,32,174762,13133913,304.553924,scalar,avx512-vbmi,avx512-vbmi,x86_64,linux,0
1,commit-3-amd-9950x3d,run-1,4,base64-ng,decode,url-safe,padded,24,32,174762,13130597,304.630836,scalar,avx512-vbmi,avx512-vbmi,x86_64,linux,0
1,commit-3-amd-9950x3d,run-1,0,base64-ng,encode,url-safe,padded,24,32,174762,15277007,261.830393,ssse3-sse4.1,avx512-vbmi,avx512-vbmi,x86_64,linux,0
1,commit-3-amd-9950x3d,run-1,1,base64-ng,encode,url-safe,padded,24,32,174762,15295181,261.519281,ssse3-sse4.1,avx512-vbmi,avx512-vbmi,x86_64,linux,0
1,commit-3-amd-9950x3d,run-1,2,base64-ng,encode,url-safe,padded,24,32,174762,15266488,262.010800,ssse3-sse4.1,avx512-vbmi,avx512-vbmi,x86_64,linux,0
1,commit-3-amd-9950x3d,run-1,3,base64-ng,encode,url-safe,padded,24,32,174762,15269854,261.953044,ssse3-sse4.1,avx512-vbmi,avx512-vbmi,x86_64,linux,0
1,commit-3-amd-9950x3d,run-1,4,base64-ng,encode,url-safe,padded,24,32,174762,15288670,261.630655,ssse3-sse4.1,avx512-vbmi,avx512-vbmi,x86_64,linux,0
1,commit-3-amd-9950x3d,run-1,0,base64-ng,decode,url-safe,padded,24,32,174762,55419462,72.176535,ssse3-sse4.1,avx512-vbmi,avx512-vbmi,x86_64,linux,0
1,commit-3-amd-9950x3d,run-1,1,base64-ng,decode,url-safe,padded,24,32,174762,53889071,74.226270,ssse3-sse4.1,avx512-vbmi,avx512-vbmi,x86_64,linux,0
1,commit-3-amd-9950x3d,run-1,2,base64-ng,decode,url-safe,padded,24,32,174762,53251902,75.114401,ssse3-sse4.1,avx512-vbmi,avx512-vbmi,x86_64,linux,0
1,commit-3-amd-9950x3d,run-1,3,base64-ng,decode,url-safe,padded,24,32,174762,53951108,74.140919,ssse3-sse4.1,avx512-vbmi,avx512-vbmi,x86_64,linux,0
1,commit-3-amd-9950x3d,run-1,4,base64-ng,decode,url-safe,padded,24,32,174762,53316253,75.023741,ssse3-sse4.1,avx512-vbmi,avx512-vbmi,x86_64,linux,0
1,commit-3-amd-9950x3d,run-1,0,base64-ng,encode,url-safe,padded,24,32,174762,9489072,421.535925,avx2,avx512-vbmi,avx512-vbmi,x86_64,linux,0
1,commit-3-amd-9950x3d,run-1,1,base64-ng,encode,url-safe,padded,24,32,174762,9444879,423.508310,avx2,avx512-vbmi,avx512-vbmi,x86_64,linux,0
1,commit-3-amd-9950x3d,run-1,2,base64-ng,encode,url-safe,padded,24,32,174762,9415073,424.849042,avx2,avx512-vbmi,avx512-vbmi,x86_64,linux,0
1,commit-3-amd-9950x3d,run-1,3,base64-ng,encode,url-safe,padded,24,32,174762,9511995,420.520063,avx2,avx512-vbmi,avx512-vbmi,x86_64,linux,0
1,commit-3-amd-9950x3d,run-1,4,base64-ng,encode,url-safe,padded,24,32,174762,9403642,425.365485,avx2,avx512-vbmi,avx512-vbmi,x86_64,linux,0
1,commit-3-amd-9950x3d,run-1,0,base64-ng,decode,url-safe,padded,24,32,174762,38064062,105.085599,avx2,avx512-vbmi,avx512-vbmi,x86_64,linux,0
1,commit-3-amd-9950x3d,run-1,1,base64-ng,decode,url-safe,padded,24,32,174762,37839108,105.710334,avx2,avx512-vbmi,avx512-vbmi,x86_64,linux,0
1,commit-3-amd-9950x3d,run-1,2,base64-ng,decode,url-safe,padded,24,32,174762,37685209,106.142034,avx2,avx512-vbmi,avx512-vbmi,x86_64,linux,0
1,commit-3-amd-9950x3d,run-1,3,base64-ng,decode,url-safe,padded,24,32,174762,38179028,104.769161,avx2,avx512-vbmi,avx512-vbmi,x86_64,linux,0
1,commit-3-amd-9950x3d,run-1,4,base64-ng,decode,url-safe,padded,24,32,174762,38640517,103.517889,avx2,avx512-vbmi,avx512-vbmi,x86_64,linux,0
1,commit-3-amd-9950x3d,run-1,0,base64-ng,encode,url-safe,padded,24,32,174762,12009506,333.068216,avx512-vbmi,avx512-vbmi,avx512-vbmi,x86_64,linux,0
1,commit-3-amd-9950x3d,run-1,1,base64-ng,encode,url-safe,padded,24,32,174762,12174037,328.566830,avx512-vbmi,avx512-vbmi,avx512-vbmi,x86_64,linux,0
1,commit-3-amd-9950x3d,run-1,2,base64-ng,encode,url-safe,padded,24,32,174762,12049763,331.955470,avx512-vbmi,avx512-vbmi,avx512-vbmi,x86_64,linux,0
1,commit-3-amd-9950x3d,run-1,3,base64-ng,encode,url-safe,padded,24,32,174762,12172854,328.598761,avx512-vbmi,avx512-vbmi,avx512-vbmi,x86_64,linux,0
1,commit-3-amd-9950x3d,run-1,4,base64-ng,encode,url-safe,padded,24,32,174762,12092733,330.775908,avx512-vbmi,avx512-vbmi,avx512-vbmi,x86_64,linux,0
1,commit-3-amd-9950x3d,run-1,0,base64-ng,decode,url-safe,padded,24,32,174762,38137540,104.883135,avx512-vbmi,avx512-vbmi,avx512-vbmi,x86_64,linux,0
1,commit-3-amd-9950x3d,run-1,1,base64-ng,decode,url-safe,padded,24,32,174762,38012515,105.228100,avx512-vbmi,avx512-vbmi,avx512-vbmi,x86_64,linux,0
1,commit-3-amd-9950x3d,run-1,2,base64-ng,decode,url-safe,padded,24,32,174762,38345532,104.314233,avx512-vbmi,avx512-vbmi,avx512-vbmi,x86_64,linux,0
1,commit-3-amd-9950x3d,run-1,3,base64-ng,decode,url-safe,padded,24,32,174762,38023055,105.198931,avx512-vbmi,avx512-vbmi,avx512-vbmi,x86_64,linux,0
1,commit-3-amd-9950x3d,run-1,4,base64-ng,decode,url-safe,padded,24,32,174762,38246285,104.584922,avx512-vbmi,avx512-vbmi,avx512-vbmi,x86_64,linux,0
1,commit-3-amd-9950x3d,run-1,0,base64-0.23.0,encode,url-safe,padded,24,32,174762,2196424,1821.135055,external,avx512-vbmi,avx512-vbmi,x86_64,linux,0
1,commit-3-amd-9950x3d,run-1,1,base64-0.23.0,encode,url-safe,padded,24,32,174762,2242962,1783.349313,external,avx512-vbmi,avx512-vbmi,x86_64,linux,0
1,commit-3-amd-9950x3d,run-1,2,base64-0.23.0,encode,url-safe,padded,24,32,174762,2239476,1786.125299,external,avx512-vbmi,avx512-vbmi,x86_64,linux,0
1,commit-3-amd-9950x3d,run-1,3,base64-0.23.0,encode,url-safe,padded,24,32,174762,2236430,1788.557988,external,avx512-vbmi,avx512-vbmi,x86_64,linux,0
1,commit-3-amd-9950x3d,run-1,4,base64-0.23.0,encode,url-safe,padded,24,32,174762,2244335,1782.258327,external,avx512-vbmi,avx512-vbmi,x86_64,linux,0
1,commit-3-amd-9950x3d,run-1,0,base64-0.23.0,decode,url-safe,padded,24,32,174762,3378099,1184.093403,external,avx512-vbmi,avx512-vbmi,x86_64,linux,0
1,commit-3-amd-9950x3d,run-1,1,base64-0.23.0,decode,url-safe,padded,24,32,174762,3229389,1238.619671,external,avx512-vbmi,avx512-vbmi,x86_64,linux,0
1,commit-3-amd-9950x3d,run-1,2,base64-0.23.0,decode,url-safe,padded,24,32,174762,3229359,1238.631178,external,avx512-vbmi,avx512-vbmi,x86_64,linux,0
1,commit-3-amd-9950x3d,run-1,3,base64-0.23.0,decode,url-safe,padded,24,32,174762,3239909,1234.597867,external,avx512-vbmi,avx512-vbmi,x86_64,linux,0
1,commit-3-amd-9950x3d,run-1,4,base64-0.23.0,decode,url-safe,padded,24,32,174762,3239588,1234.720199,external,avx512-vbmi,avx512-vbmi,x86_64,linux,0
1,commit-3-amd-9950x3d,run-1,0,base64ct-1.8.3,encode,url-safe,padded,24,32,174762,2471723,1618.298143,external,avx512-vbmi,avx512-vbmi,x86_64,linux,0
1,commit-3-amd-9950x3d,run-1,1,base64ct-1.8.3,encode,url-safe,padded,24,32,174762,2447226,1634.497485,external,avx512-vbmi,avx512-vbmi,x86_64,linux,0
1,commit-3-amd-9950x3d,run-1,2,base64ct-1.8.3,encode,url-safe,padded,24,32,174762,2452597,1630.918060,external,avx512-vbmi,avx512-vbmi,x86_64,linux,0
1,commit-3-amd-9950x3d,run-1,3,base64ct-1.8.3,encode,url-safe,padded,24,32,174762,2448339,1633.754452,external,avx512-vbmi,avx512-vbmi,x86_64,linux,0
1,commit-3-amd-9950x3d,run-1,4,base64ct-1.8.3,encode,url-safe,padded,24,32,174762,2461363,1625.109641,external,avx512-vbmi,avx512-vbmi,x86_64,linux,0
1,commit-3-amd-9950x3d,run-1,0,base64ct-1.8.3,decode,url-safe,padded,24,32,174762,6750377,592.557237,external,avx512-vbmi,avx512-vbmi,x86_64,linux,0
1,commit-3-amd-9950x3d,run-1,1,base64ct-1.8.3,decode,url-safe,padded,24,32,174762,6755737,592.087102,external,avx512-vbmi,avx512-vbmi,x86_64,linux,0
1,commit-3-amd-9950x3d,run-1,2,base64ct-1.8.3,decode,url-safe,padded,24,32,174762,6888637,580.664178,external,avx512-vbmi,avx512-vbmi,x86_64,linux,0
1,commit-3-amd-9950x3d,run-1,3,base64ct-1.8.3,decode,url-safe,padded,24,32,174762,6753423,592.289975,external,avx512-vbmi,avx512-vbmi,x86_64,linux,0
1,commit-3-amd-9950x3d,run-1,4,base64ct-1.8.3,decode,url-safe,padded,24,32,174762,6861005,583.002744,external,avx512-vbmi,avx512-vbmi,x86_64,linux,0
1,commit-3-amd-9950x3d,run-1,0,base64-ng,encode,url-safe,padded,31,44,135300,11807496,338.767524,auto,avx512-vbmi,avx512-vbmi,x86_64,linux,0
1,commit-3-amd-9950x3d,run-1,1,base64-ng,encode,url-safe,padded,31,44,135300,12238457,326.838276,auto,avx512-vbmi,avx512-vbmi,x86_64,linux,0
1,commit-3-amd-9950x3d,run-1,2,base64-ng,encode,url-safe,padded,31,44,135300,12082905,331.045902,auto,avx512-vbmi,avx512-vbmi,x86_64,linux,0
1,commit-3-amd-9950x3d,run-1,3,base64-ng,encode,url-safe,padded,31,44,135300,12450918,321.261146,auto,avx512-vbmi,avx512-vbmi,x86_64,linux,0
1,commit-3-amd-9950x3d,run-1,4,base64-ng,encode,url-safe,padded,31,44,135300,11757904,340.196364,auto,avx512-vbmi,avx512-vbmi,x86_64,linux,0
1,commit-3-amd-9950x3d,run-1,0,base64-ng,decode,url-safe,padded,31,44,135300,34919032,114.550603,auto,avx512-vbmi,avx512-vbmi,x86_64,linux,0
1,commit-3-amd-9950x3d,run-1,1,base64-ng,decode,url-safe,padded,31,44,135300,34383192,116.335801,auto,avx512-vbmi,avx512-vbmi,x86_64,linux,0
1,commit-3-amd-9950x3d,run-1,2,base64-ng,decode,url-safe,padded,31,44,135300,34150354,117.128982,auto,avx512-vbmi,avx512-vbmi,x86_64,linux,0
1,commit-3-amd-9950x3d,run-1,3,base64-ng,decode,url-safe,padded,31,44,135300,34246285,116.800879,auto,avx512-vbmi,avx512-vbmi,x86_64,linux,0
1,commit-3-amd-9950x3d,run-1,4,base64-ng,decode,url-safe,padded,31,44,135300,34135968,117.178344,auto,avx512-vbmi,avx512-vbmi,x86_64,linux,0
1,commit-3-amd-9950x3d,run-1,0,base64-ng,encode,url-safe,padded,31,44,135300,11640001,343.642254,scalar,avx512-vbmi,avx512-vbmi,x86_64,linux,0
1,commit-3-amd-9950x3d,run-1,1,base64-ng,encode,url-safe,padded,31,44,135300,11638829,343.676858,scalar,avx512-vbmi,avx512-vbmi,x86_64,linux,0
1,commit-3-amd-9950x3d,run-1,2,base64-ng,encode,url-safe,padded,31,44,135300,11637566,343.714157,scalar,avx512-vbmi,avx512-vbmi,x86_64,linux,0
1,commit-3-amd-9950x3d,run-1,3,base64-ng,encode,url-safe,padded,31,44,135300,11644650,343.505059,scalar,avx512-vbmi,avx512-vbmi,x86_64,linux,0
1,commit-3-amd-9950x3d,run-1,4,base64-ng,encode,url-safe,padded,31,44,135300,11719972,341.297418,scalar,avx512-vbmi,avx512-vbmi,x86_64,linux,0
1,commit-3-amd-9950x3d,run-1,0,base64-ng,decode,url-safe,padded,31,44,135300,13481177,296.709715,scalar,avx512-vbmi,avx512-vbmi,x86_64,linux,0
1,commit-3-amd-9950x3d,run-1,1,base64-ng,decode,url-safe,padded,31,44,135300,13426895,297.909247,scalar,avx512-vbmi,avx512-vbmi,x86_64,linux,0
1,commit-3-amd-9950x3d,run-1,2,base64-ng,decode,url-safe,padded,31,44,135300,13412418,298.230803,scalar,avx512-vbmi,avx512-vbmi,x86_64,linux,0
1,commit-3-amd-9950x3d,run-1,3,base64-ng,decode,url-safe,padded,31,44,135300,13538335,295.457025,scalar,avx512-vbmi,avx512-vbmi,x86_64,linux,0
1,commit-3-amd-9950x3d,run-1,4,base64-ng,decode,url-safe,padded,31,44,135300,13485555,296.613390,scalar,avx512-vbmi,avx512-vbmi,x86_64,linux,0
1,commit-3-amd-9950x3d,run-1,0,base64-ng,encode,url-safe,padded,31,44,135300,14367185,278.411963,ssse3-sse4.1,avx512-vbmi,avx512-vbmi,x86_64,linux,0
1,commit-3-amd-9950x3d,run-1,1,base64-ng,encode,url-safe,padded,31,44,135300,14217132,281.350429,ssse3-sse4.1,avx512-vbmi,avx512-vbmi,x86_64,linux,0
1,commit-3-amd-9950x3d,run-1,2,base64-ng,encode,url-safe,padded,31,44,135300,14202985,281.630670,ssse3-sse4.1,avx512-vbmi,avx512-vbmi,x86_64,linux,0
1,commit-3-amd-9950x3d,run-1,3,base64-ng,encode,url-safe,padded,31,44,135300,15142594,264.155282,ssse3-sse4.1,avx512-vbmi,avx512-vbmi,x86_64,linux,0
1,commit-3-amd-9950x3d,run-1,4,base64-ng,encode,url-safe,padded,31,44,135300,14900649,268.444427,ssse3-sse4.1,avx512-vbmi,avx512-vbmi,x86_64,linux,0
1,commit-3-amd-9950x3d,run-1,0,base64-ng,decode,url-safe,padded,31,44,135300,46275749,86.438281,ssse3-sse4.1,avx512-vbmi,avx512-vbmi,x86_64,linux,0
1,commit-3-amd-9950x3d,run-1,1,base64-ng,decode,url-safe,padded,31,44,135300,46400124,86.206584,ssse3-sse4.1,avx512-vbmi,avx512-vbmi,x86_64,linux,0
1,commit-3-amd-9950x3d,run-1,2,base64-ng,decode,url-safe,padded,31,44,135300,45976556,87.000779,ssse3-sse4.1,avx512-vbmi,avx512-vbmi,x86_64,linux,0
1,commit-3-amd-9950x3d,run-1,3,base64-ng,decode,url-safe,padded,31,44,135300,45508715,87.895169,ssse3-sse4.1,avx512-vbmi,avx512-vbmi,x86_64,linux,0
1,commit-3-amd-9950x3d,run-1,4,base64-ng,decode,url-safe,padded,31,44,135300,45215944,88.464286,ssse3-sse4.1,avx512-vbmi,avx512-vbmi,x86_64,linux,0
1,commit-3-amd-9950x3d,run-1,0,base64-ng,encode,url-safe,padded,31,44,135300,9868597,405.325720,avx2,avx512-vbmi,avx512-vbmi,x86_64,linux,0
1,commit-3-amd-9950x3d,run-1,1,base64-ng,encode,url-safe,padded,31,44,135300,9962984,401.485758,avx2,avx512-vbmi,avx512-vbmi,x86_64,linux,0
1,commit-3-amd-9950x3d,run-1,2,base64-ng,encode,url-safe,padded,31,44,135300,9844592,406.314064,avx2,avx512-vbmi,avx512-vbmi,x86_64,linux,0
1,commit-3-amd-9950x3d,run-1,3,base64-ng,encode,url-safe,padded,31,44,135300,9891681,404.379820,avx2,avx512-vbmi,avx512-vbmi,x86_64,linux,0
1,commit-3-amd-9950x3d,run-1,4,base64-ng,encode,url-safe,padded,31,44,135300,9846655,406.228936,avx2,avx512-vbmi,avx512-vbmi,x86_64,linux,0
1,commit-3-amd-9950x3d,run-1,0,base64-ng,decode,url-safe,padded,31,44,135300,33711669,118.653164,avx2,avx512-vbmi,avx512-vbmi,x86_64,linux,0
1,commit-3-amd-9950x3d,run-1,1,base64-ng,decode,url-safe,padded,31,44,135300,33657187,118.845232,avx2,avx512-vbmi,avx512-vbmi,x86_64,linux,0
1,commit-3-amd-9950x3d,run-1,2,base64-ng,decode,url-safe,padded,31,44,135300,33670842,118.797035,avx2,avx512-vbmi,avx512-vbmi,x86_64,linux,0
1,commit-3-amd-9950x3d,run-1,3,base64-ng,decode,url-safe,padded,31,44,135300,33899242,117.996626,avx2,avx512-vbmi,avx512-vbmi,x86_64,linux,0
1,commit-3-amd-9950x3d,run-1,4,base64-ng,decode,url-safe,padded,31,44,135300,33841604,118.197594,avx2,avx512-vbmi,avx512-vbmi,x86_64,linux,0
1,commit-3-amd-9950x3d,run-1,0,base64-ng,encode,url-safe,padded,31,44,135300,11929966,335.289823,avx512-vbmi,avx512-vbmi,avx512-vbmi,x86_64,linux,0
1,commit-3-amd-9950x3d,run-1,1,base64-ng,encode,url-safe,padded,31,44,135300,11868210,337.034497,avx512-vbmi,avx512-vbmi,avx512-vbmi,x86_64,linux,0
1,commit-3-amd-9950x3d,run-1,2,base64-ng,encode,url-safe,padded,31,44,135300,11953291,334.635556,avx512-vbmi,avx512-vbmi,avx512-vbmi,x86_64,linux,0
1,commit-3-amd-9950x3d,run-1,3,base64-ng,encode,url-safe,padded,31,44,135300,11846530,337.651294,avx512-vbmi,avx512-vbmi,avx512-vbmi,x86_64,linux,0
1,commit-3-amd-9950x3d,run-1,4,base64-ng,encode,url-safe,padded,31,44,135300,11848724,337.588772,avx512-vbmi,avx512-vbmi,avx512-vbmi,x86_64,linux,0
1,commit-3-amd-9950x3d,run-1,0,base64-ng,decode,url-safe,padded,31,44,135300,34044015,117.494843,avx512-vbmi,avx512-vbmi,avx512-vbmi,x86_64,linux,0
1,commit-3-amd-9950x3d,run-1,1,base64-ng,decode,url-safe,padded,31,44,135300,34268367,116.725614,avx512-vbmi,avx512-vbmi,avx512-vbmi,x86_64,linux,0
1,commit-3-amd-9950x3d,run-1,2,base64-ng,decode,url-safe,padded,31,44,135300,34145716,117.144891,avx512-vbmi,avx512-vbmi,avx512-vbmi,x86_64,linux,0
1,commit-3-amd-9950x3d,run-1,3,base64-ng,decode,url-safe,padded,31,44,135300,34127031,117.209030,avx512-vbmi,avx512-vbmi,avx512-vbmi,x86_64,linux,0
1,commit-3-amd-9950x3d,run-1,4,base64-ng,decode,url-safe,padded,31,44,135300,34232308,116.848568,avx512-vbmi,avx512-vbmi,avx512-vbmi,x86_64,linux,0
1,commit-3-amd-9950x3d,run-1,0,base64-0.23.0,encode,url-safe,padded,31,44,135300,1753671,2280.927372,external,avx512-vbmi,avx512-vbmi,x86_64,linux,0
1,commit-3-amd-9950x3d,run-1,1,base64-0.23.0,encode,url-safe,padded,31,44,135300,1783888,2242.291100,external,avx512-vbmi,avx512-vbmi,x86_64,linux,0
1,commit-3-amd-9950x3d,run-1,2,base64-0.23.0,encode,url-safe,padded,31,44,135300,1783347,2242.971326,external,avx512-vbmi,avx512-vbmi,x86_64,linux,0
1,commit-3-amd-9950x3d,run-1,3,base64-0.23.0,encode,url-safe,padded,31,44,135300,1895488,2110.272492,external,avx512-vbmi,avx512-vbmi,x86_64,linux,0
1,commit-3-amd-9950x3d,run-1,4,base64-0.23.0,encode,url-safe,padded,31,44,135300,1791562,2232.686441,external,avx512-vbmi,avx512-vbmi,x86_64,linux,0
1,commit-3-amd-9950x3d,run-1,0,base64-0.23.0,decode,url-safe,padded,31,44,135300,2672421,1496.768730,external,avx512-vbmi,avx512-vbmi,x86_64,linux,0
1,commit-3-amd-9950x3d,run-1,1,base64-0.23.0,decode,url-safe,padded,31,44,135300,2667461,1499.551890,external,avx512-vbmi,avx512-vbmi,x86_64,linux,0
1,commit-3-amd-9950x3d,run-1,2,base64-0.23.0,decode,url-safe,padded,31,44,135300,2656801,1505.568609,external,avx512-vbmi,avx512-vbmi,x86_64,linux,0
1,commit-3-amd-9950x3d,run-1,3,base64-0.23.0,decode,url-safe,padded,31,44,135300,2654727,1506.744831,external,avx512-vbmi,avx512-vbmi,x86_64,linux,0
1,commit-3-amd-9950x3d,run-1,4,base64-0.23.0,decode,url-safe,padded,31,44,135300,2657853,1504.972692,external,avx512-vbmi,avx512-vbmi,x86_64,linux,0
1,commit-3-amd-9950x3d,run-1,0,base64ct-1.8.3,encode,url-safe,padded,31,44,135300,3016949,1325.841499,external,avx512-vbmi,avx512-vbmi,x86_64,linux,0
1,commit-3-amd-9950x3d,run-1,1,base64ct-1.8.3,encode,url-safe,padded,31,44,135300,2865414,1395.957507,external,avx512-vbmi,avx512-vbmi,x86_64,linux,0
1,commit-3-amd-9950x3d,run-1,2,base64ct-1.8.3,encode,url-safe,padded,31,44,135300,2859833,1398.681736,external,avx512-vbmi,avx512-vbmi,x86_64,linux,0
1,commit-3-amd-9950x3d,run-1,3,base64ct-1.8.3,encode,url-safe,padded,31,44,135300,2863450,1396.914975,external,avx512-vbmi,avx512-vbmi,x86_64,linux,0
1,commit-3-amd-9950x3d,run-1,4,base64ct-1.8.3,encode,url-safe,padded,31,44,135300,2867788,1394.801912,external,avx512-vbmi,avx512-vbmi,x86_64,linux,0
1,commit-3-amd-9950x3d,run-1,0,base64ct-1.8.3,decode,url-safe,padded,31,44,135300,7675648,521.128143,external,avx512-vbmi,avx512-vbmi,x86_64,linux,0
1,commit-3-amd-9950x3d,run-1,1,base64ct-1.8.3,decode,url-safe,padded,31,44,135300,7557696,529.261323,external,avx512-vbmi,avx512-vbmi,x86_64,linux,0
1,commit-3-amd-9950x3d,run-1,2,base64ct-1.8.3,decode,url-safe,padded,31,44,135300,7554170,529.508362,external,avx512-vbmi,avx512-vbmi,x86_64,linux,0
1,commit-3-amd-9950x3d,run-1,3,base64ct-1.8.3,decode,url-safe,padded,31,44,135300,7546455,530.049697,external,avx512-vbmi,avx512-vbmi,x86_64,linux,0
1,commit-3-amd-9950x3d,run-1,4,base64ct-1.8.3,decode,url-safe,padded,31,44,135300,7548880,529.879424,external,avx512-vbmi,avx512-vbmi,x86_64,linux,0
1,commit-3-amd-9950x3d,run-1,0,base64-ng,encode,url-safe,padded,32,44,131072,11682922,342.380100,auto,avx512-vbmi,avx512-vbmi,x86_64,linux,0
1,commit-3-amd-9950x3d,run-1,1,base64-ng,encode,url-safe,padded,32,44,131072,11660320,343.043759,auto,avx512-vbmi,avx512-vbmi,x86_64,linux,0
1,commit-3-amd-9950x3d,run-1,2,base64-ng,encode,url-safe,padded,32,44,131072,11669397,342.776923,auto,avx512-vbmi,avx512-vbmi,x86_64,linux,0
1,commit-3-amd-9950x3d,run-1,3,base64-ng,encode,url-safe,padded,32,44,131072,11656342,343.160830,auto,avx512-vbmi,avx512-vbmi,x86_64,linux,0
1,commit-3-amd-9950x3d,run-1,4,base64-ng,encode,url-safe,padded,32,44,131072,11675779,342.589561,auto,avx512-vbmi,avx512-vbmi,x86_64,linux,0
1,commit-3-amd-9950x3d,run-1,0,base64-ng,decode,url-safe,padded,32,44,131072,33667155,118.810158,auto,avx512-vbmi,avx512-vbmi,x86_64,linux,0
1,commit-3-amd-9950x3d,run-1,1,base64-ng,decode,url-safe,padded,32,44,131072,33581664,119.112621,auto,avx512-vbmi,avx512-vbmi,x86_64,linux,0
1,commit-3-amd-9950x3d,run-1,2,base64-ng,decode,url-safe,padded,32,44,131072,35525954,112.593739,auto,avx512-vbmi,avx512-vbmi,x86_64,linux,0
1,commit-3-amd-9950x3d,run-1,3,base64-ng,decode,url-safe,padded,32,44,131072,33492086,119.431199,auto,avx512-vbmi,avx512-vbmi,x86_64,linux,0
1,commit-3-amd-9950x3d,run-1,4,base64-ng,decode,url-safe,padded,32,44,131072,33892359,118.020702,auto,avx512-vbmi,avx512-vbmi,x86_64,linux,0
1,commit-3-amd-9950x3d,run-1,0,base64-ng,encode,url-safe,padded,32,44,131072,11538450,346.667013,scalar,avx512-vbmi,avx512-vbmi,x86_64,linux,0
1,commit-3-amd-9950x3d,run-1,1,base64-ng,encode,url-safe,padded,32,44,131072,11649990,343.347934,scalar,avx512-vbmi,avx512-vbmi,x86_64,linux,0
1,commit-3-amd-9950x3d,run-1,2,base64-ng,encode,url-safe,padded,32,44,131072,11546375,346.429074,scalar,avx512-vbmi,avx512-vbmi,x86_64,linux,0
1,commit-3-amd-9950x3d,run-1,3,base64-ng,encode,url-safe,padded,32,44,131072,11552467,346.246390,scalar,avx512-vbmi,avx512-vbmi,x86_64,linux,0
1,commit-3-amd-9950x3d,run-1,4,base64-ng,encode,url-safe,padded,32,44,131072,11544622,346.481678,scalar,avx512-vbmi,avx512-vbmi,x86_64,linux,0
1,commit-3-amd-9950x3d,run-1,0,base64-ng,decode,url-safe,padded,32,44,131072,13293183,300.906111,scalar,avx512-vbmi,avx512-vbmi,x86_64,linux,0
1,commit-3-amd-9950x3d,run-1,1,base64-ng,decode,url-safe,padded,32,44,131072,13458284,297.214712,scalar,avx512-vbmi,avx512-vbmi,x86_64,linux,0
1,commit-3-amd-9950x3d,run-1,2,base64-ng,decode,url-safe,padded,32,44,131072,13280419,301.195316,scalar,avx512-vbmi,avx512-vbmi,x86_64,linux,0
1,commit-3-amd-9950x3d,run-1,3,base64-ng,decode,url-safe,padded,32,44,131072,13330624,300.060972,scalar,avx512-vbmi,avx512-vbmi,x86_64,linux,0
1,commit-3-amd-9950x3d,run-1,4,base64-ng,decode,url-safe,padded,32,44,131072,13464726,297.072514,scalar,avx512-vbmi,avx512-vbmi,x86_64,linux,0
1,commit-3-amd-9950x3d,run-1,0,base64-ng,encode,url-safe,padded,32,44,131072,14261366,280.478041,ssse3-sse4.1,avx512-vbmi,avx512-vbmi,x86_64,linux,0
1,commit-3-amd-9950x3d,run-1,1,base64-ng,encode,url-safe,padded,32,44,131072,14053123,284.634241,ssse3-sse4.1,avx512-vbmi,avx512-vbmi,x86_64,linux,0
1,commit-3-amd-9950x3d,run-1,2,base64-ng,encode,url-safe,padded,32,44,131072,14044478,284.809446,ssse3-sse4.1,avx512-vbmi,avx512-vbmi,x86_64,linux,0
1,commit-3-amd-9950x3d,run-1,3,base64-ng,encode,url-safe,padded,32,44,131072,14072551,284.241286,ssse3-sse4.1,avx512-vbmi,avx512-vbmi,x86_64,linux,0
1,commit-3-amd-9950x3d,run-1,4,base64-ng,encode,url-safe,padded,32,44,131072,13952203,286.693076,ssse3-sse4.1,avx512-vbmi,avx512-vbmi,x86_64,linux,0
1,commit-3-amd-9950x3d,run-1,0,base64-ng,decode,url-safe,padded,32,44,131072,44612809,89.660348,ssse3-sse4.1,avx512-vbmi,avx512-vbmi,x86_64,linux,0
1,commit-3-amd-9950x3d,run-1,1,base64-ng,decode,url-safe,padded,32,44,131072,45381847,88.140970,ssse3-sse4.1,avx512-vbmi,avx512-vbmi,x86_64,linux,0
1,commit-3-amd-9950x3d,run-1,2,base64-ng,decode,url-safe,padded,32,44,131072,44737665,89.410120,ssse3-sse4.1,avx512-vbmi,avx512-vbmi,x86_64,linux,0
1,commit-3-amd-9950x3d,run-1,3,base64-ng,decode,url-safe,padded,32,44,131072,44773361,89.338837,ssse3-sse4.1,avx512-vbmi,avx512-vbmi,x86_64,linux,0
1,commit-3-amd-9950x3d,run-1,4,base64-ng,decode,url-safe,padded,32,44,131072,45055693,88.779014,ssse3-sse4.1,avx512-vbmi,avx512-vbmi,x86_64,linux,0
1,commit-3-amd-9950x3d,run-1,0,base64-ng,encode,url-safe,padded,32,44,131072,9887172,404.564622,avx2,avx512-vbmi,avx512-vbmi,x86_64,linux,0
1,commit-3-amd-9950x3d,run-1,1,base64-ng,encode,url-safe,padded,32,44,131072,9865631,405.447964,avx2,avx512-vbmi,avx512-vbmi,x86_64,linux,0
1,commit-3-amd-9950x3d,run-1,2,base64-ng,encode,url-safe,padded,32,44,131072,9898332,404.108490,avx2,avx512-vbmi,avx512-vbmi,x86_64,linux,0
1,commit-3-amd-9950x3d,run-1,3,base64-ng,encode,url-safe,padded,32,44,131072,9894666,404.258213,avx2,avx512-vbmi,avx512-vbmi,x86_64,linux,0
1,commit-3-amd-9950x3d,run-1,4,base64-ng,encode,url-safe,padded,32,44,131072,9896900,404.166961,avx2,avx512-vbmi,avx512-vbmi,x86_64,linux,0
1,commit-3-amd-9950x3d,run-1,0,base64-ng,decode,url-safe,padded,32,44,131072,35059827,114.090694,avx2,avx512-vbmi,avx512-vbmi,x86_64,linux,0
1,commit-3-amd-9950x3d,run-1,1,base64-ng,decode,url-safe,padded,32,44,131072,34247388,116.797228,avx2,avx512-vbmi,avx512-vbmi,x86_64,linux,0
1,commit-3-amd-9950x3d,run-1,2,base64-ng,decode,url-safe,padded,32,44,131072,34248819,116.792348,avx2,avx512-vbmi,avx512-vbmi,x86_64,linux,0
1,commit-3-amd-9950x3d,run-1,3,base64-ng,decode,url-safe,padded,32,44,131072,34356222,116.427237,avx2,avx512-vbmi,avx512-vbmi,x86_64,linux,0
1,commit-3-amd-9950x3d,run-1,4,base64-ng,decode,url-safe,padded,32,44,131072,33933927,117.876130,avx2,avx512-vbmi,avx512-vbmi,x86_64,linux,0
1,commit-3-amd-9950x3d,run-1,0,base64-ng,encode,url-safe,padded,32,44,131072,11777780,339.622577,avx512-vbmi,avx512-vbmi,avx512-vbmi,x86_64,linux,0
1,commit-3-amd-9950x3d,run-1,1,base64-ng,encode,url-safe,padded,32,44,131072,11747974,340.484240,avx512-vbmi,avx512-vbmi,avx512-vbmi,x86_64,linux,0
1,commit-3-amd-9950x3d,run-1,2,base64-ng,encode,url-safe,padded,32,44,131072,11747213,340.506297,avx512-vbmi,avx512-vbmi,avx512-vbmi,x86_64,linux,0
1,commit-3-amd-9950x3d,run-1,3,base64-ng,encode,url-safe,padded,32,44,131072,11746291,340.533024,avx512-vbmi,avx512-vbmi,avx512-vbmi,x86_64,linux,0
1,commit-3-amd-9950x3d,run-1,4,base64-ng,encode,url-safe,padded,32,44,131072,11757392,340.211503,avx512-vbmi,avx512-vbmi,avx512-vbmi,x86_64,linux,0
1,commit-3-amd-9950x3d,run-1,0,base64-ng,decode,url-safe,padded,32,44,131072,33740323,118.552511,avx512-vbmi,avx512-vbmi,avx512-vbmi,x86_64,linux,0
1,commit-3-amd-9950x3d,run-1,1,base64-ng,decode,url-safe,padded,32,44,131072,35022186,114.213316,avx512-vbmi,avx512-vbmi,avx512-vbmi,x86_64,linux,0
1,commit-3-amd-9950x3d,run-1,2,base64-ng,decode,url-safe,padded,32,44,131072,34953356,114.438224,avx512-vbmi,avx512-vbmi,avx512-vbmi,x86_64,linux,0
1,commit-3-amd-9950x3d,run-1,3,base64-ng,decode,url-safe,padded,32,44,131072,34941213,114.477995,avx512-vbmi,avx512-vbmi,avx512-vbmi,x86_64,linux,0
1,commit-3-amd-9950x3d,run-1,4,base64-ng,decode,url-safe,padded,32,44,131072,34925965,114.527974,avx512-vbmi,avx512-vbmi,avx512-vbmi,x86_64,linux,0
1,commit-3-amd-9950x3d,run-1,0,base64-0.23.0,encode,url-safe,padded,32,44,131072,1715950,2331.070253,external,avx512-vbmi,avx512-vbmi,x86_64,linux,0
1,commit-3-amd-9950x3d,run-1,1,base64-0.23.0,encode,url-safe,padded,32,44,131072,1744594,2292.797063,external,avx512-vbmi,avx512-vbmi,x86_64,linux,0
1,commit-3-amd-9950x3d,run-1,2,base64-0.23.0,encode,url-safe,padded,32,44,131072,1752849,2281.999191,external,avx512-vbmi,avx512-vbmi,x86_64,linux,0
1,commit-3-amd-9950x3d,run-1,3,base64-0.23.0,encode,url-safe,padded,32,44,131072,1755925,2278.001623,external,avx512-vbmi,avx512-vbmi,x86_64,linux,0
1,commit-3-amd-9950x3d,run-1,4,base64-0.23.0,encode,url-safe,padded,32,44,131072,1753791,2280.773479,external,avx512-vbmi,avx512-vbmi,x86_64,linux,0
1,commit-3-amd-9950x3d,run-1,0,base64-0.23.0,decode,url-safe,padded,32,44,131072,2587801,1545.713909,external,avx512-vbmi,avx512-vbmi,x86_64,linux,0
1,commit-3-amd-9950x3d,run-1,1,base64-0.23.0,decode,url-safe,padded,32,44,131072,2592961,1542.637934,external,avx512-vbmi,avx512-vbmi,x86_64,linux,0
1,commit-3-amd-9950x3d,run-1,2,base64-0.23.0,decode,url-safe,padded,32,44,131072,2576460,1552.517796,external,avx512-vbmi,avx512-vbmi,x86_64,linux,0
1,commit-3-amd-9950x3d,run-1,3,base64-0.23.0,decode,url-safe,padded,32,44,131072,2589504,1544.697363,external,avx512-vbmi,avx512-vbmi,x86_64,linux,0
1,commit-3-amd-9950x3d,run-1,4,base64-0.23.0,decode,url-safe,padded,32,44,131072,2617126,1528.394124,external,avx512-vbmi,avx512-vbmi,x86_64,linux,0
1,commit-3-amd-9950x3d,run-1,0,base64ct-1.8.3,encode,url-safe,padded,32,44,131072,2822453,1417.206947,external,avx512-vbmi,avx512-vbmi,x86_64,linux,0
1,commit-3-amd-9950x3d,run-1,1,base64ct-1.8.3,encode,url-safe,padded,32,44,131072,2801033,1428.044582,external,avx512-vbmi,avx512-vbmi,x86_64,linux,0
1,commit-3-amd-9950x3d,run-1,2,base64ct-1.8.3,encode,url-safe,padded,32,44,131072,2783600,1436.988073,external,avx512-vbmi,avx512-vbmi,x86_64,linux,0
1,commit-3-amd-9950x3d,run-1,3,base64ct-1.8.3,encode,url-safe,padded,32,44,131072,2809108,1423.939557,external,avx512-vbmi,avx512-vbmi,x86_64,linux,0
1,commit-3-amd-9950x3d,run-1,4,base64ct-1.8.3,encode,url-safe,padded,32,44,131072,2799660,1428.744919,external,avx512-vbmi,avx512-vbmi,x86_64,linux,0
1,commit-3-amd-9950x3d,run-1,0,base64ct-1.8.3,decode,url-safe,padded,32,44,131072,7623971,524.660967,external,avx512-vbmi,avx512-vbmi,x86_64,linux,0
1,commit-3-amd-9950x3d,run-1,1,base64ct-1.8.3,decode,url-safe,padded,32,44,131072,7604795,525.983935,external,avx512-vbmi,avx512-vbmi,x86_64,linux,0
1,commit-3-amd-9950x3d,run-1,2,base64ct-1.8.3,decode,url-safe,padded,32,44,131072,7589327,527.055956,external,avx512-vbmi,avx512-vbmi,x86_64,linux,0
1,commit-3-amd-9950x3d,run-1,3,base64ct-1.8.3,decode,url-safe,padded,32,44,131072,7584677,527.379083,external,avx512-vbmi,avx512-vbmi,x86_64,linux,0
1,commit-3-amd-9950x3d,run-1,4,base64ct-1.8.3,decode,url-safe,padded,32,44,131072,7589486,527.044915,external,avx512-vbmi,avx512-vbmi,x86_64,linux,0
1,commit-3-amd-9950x3d,run-1,0,base64-ng,encode,url-safe,padded,47,64,89240,11424014,350.137623,auto,avx512-vbmi,avx512-vbmi,x86_64,linux,0
1,commit-3-amd-9950x3d,run-1,1,base64-ng,encode,url-safe,padded,47,64,89240,11412743,350.483412,auto,avx512-vbmi,avx512-vbmi,x86_64,linux,0
1,commit-3-amd-9950x3d,run-1,2,base64-ng,encode,url-safe,padded,47,64,89240,11405740,350.698605,auto,avx512-vbmi,avx512-vbmi,x86_64,linux,0
1,commit-3-amd-9950x3d,run-1,3,base64-ng,encode,url-safe,padded,47,64,89240,11406902,350.662880,auto,avx512-vbmi,avx512-vbmi,x86_64,linux,0
1,commit-3-amd-9950x3d,run-1,4,base64-ng,encode,url-safe,padded,47,64,89240,11429075,349.982576,auto,avx512-vbmi,avx512-vbmi,x86_64,linux,0
1,commit-3-amd-9950x3d,run-1,0,base64-ng,decode,url-safe,padded,47,64,89240,29669641,134.817173,auto,avx512-vbmi,avx512-vbmi,x86_64,linux,0
1,commit-3-amd-9950x3d,run-1,1,base64-ng,decode,url-safe,padded,47,64,89240,29714675,134.612851,auto,avx512-vbmi,avx512-vbmi,x86_64,linux,0
1,commit-3-amd-9950x3d,run-1,2,base64-ng,decode,url-safe,padded,47,64,89240,29644132,134.933184,auto,avx512-vbmi,avx512-vbmi,x86_64,linux,0
1,commit-3-amd-9950x3d,run-1,3,base64-ng,decode,url-safe,padded,47,64,89240,29602714,135.121973,auto,avx512-vbmi,avx512-vbmi,x86_64,linux,0
1,commit-3-amd-9950x3d,run-1,4,base64-ng,decode,url-safe,padded,47,64,89240,29622321,135.032535,auto,avx512-vbmi,avx512-vbmi,x86_64,linux,0
1,commit-3-amd-9950x3d,run-1,0,base64-ng,encode,url-safe,padded,47,64,89240,11330308,353.033396,scalar,avx512-vbmi,avx512-vbmi,x86_64,linux,0
1,commit-3-amd-9950x3d,run-1,1,base64-ng,encode,url-safe,padded,47,64,89240,11319969,353.355836,scalar,avx512-vbmi,avx512-vbmi,x86_64,linux,0
1,commit-3-amd-9950x3d,run-1,2,base64-ng,encode,url-safe,padded,47,64,89240,11324368,353.218574,scalar,avx512-vbmi,avx512-vbmi,x86_64,linux,0
1,commit-3-amd-9950x3d,run-1,3,base64-ng,encode,url-safe,padded,47,64,89240,11363180,352.012123,scalar,avx512-vbmi,avx512-vbmi,x86_64,linux,0
1,commit-3-amd-9950x3d,run-1,4,base64-ng,encode,url-safe,padded,47,64,89240,11359243,352.134127,scalar,avx512-vbmi,avx512-vbmi,x86_64,linux,0
1,commit-3-amd-9950x3d,run-1,0,base64-ng,decode,url-safe,padded,47,64,89240,13141037,304.388239,scalar,avx512-vbmi,avx512-vbmi,x86_64,linux,0
1,commit-3-amd-9950x3d,run-1,1,base64-ng,decode,url-safe,padded,47,64,89240,13146587,304.259738,scalar,avx512-vbmi,avx512-vbmi,x86_64,linux,0
1,commit-3-amd-9950x3d,run-1,2,base64-ng,decode,url-safe,padded,47,64,89240,13171243,303.690177,scalar,avx512-vbmi,avx512-vbmi,x86_64,linux,0
1,commit-3-amd-9950x3d,run-1,3,base64-ng,decode,url-safe,padded,47,64,89240,13160985,303.926880,scalar,avx512-vbmi,avx512-vbmi,x86_64,linux,0
1,commit-3-amd-9950x3d,run-1,4,base64-ng,decode,url-safe,padded,47,64,89240,13164009,303.857063,scalar,avx512-vbmi,avx512-vbmi,x86_64,linux,0
1,commit-3-amd-9950x3d,run-1,0,base64-ng,encode,url-safe,padded,47,64,89240,13845032,288.910644,ssse3-sse4.1,avx512-vbmi,avx512-vbmi,x86_64,linux,0
1,commit-3-amd-9950x3d,run-1,1,base64-ng,encode,url-safe,padded,47,64,89240,13810747,289.627861,ssse3-sse4.1,avx512-vbmi,avx512-vbmi,x86_64,linux,0
1,commit-3-amd-9950x3d,run-1,2,base64-ng,encode,url-safe,padded,47,64,89240,13797642,289.902949,ssse3-sse4.1,avx512-vbmi,avx512-vbmi,x86_64,linux,0
1,commit-3-amd-9950x3d,run-1,3,base64-ng,encode,url-safe,padded,47,64,89240,13842066,288.972550,ssse3-sse4.1,avx512-vbmi,avx512-vbmi,x86_64,linux,0
1,commit-3-amd-9950x3d,run-1,4,base64-ng,encode,url-safe,padded,47,64,89240,13936203,287.020583,ssse3-sse4.1,avx512-vbmi,avx512-vbmi,x86_64,linux,0
1,commit-3-amd-9950x3d,run-1,0,base64-ng,decode,url-safe,padded,47,64,89240,53444083,74.844153,ssse3-sse4.1,avx512-vbmi,avx512-vbmi,x86_64,linux,0
1,commit-3-amd-9950x3d,run-1,1,base64-ng,decode,url-safe,padded,47,64,89240,53640513,74.570076,ssse3-sse4.1,avx512-vbmi,avx512-vbmi,x86_64,linux,0
1,commit-3-amd-9950x3d,run-1,2,base64-ng,decode,url-safe,padded,47,64,89240,53549842,74.696338,ssse3-sse4.1,avx512-vbmi,avx512-vbmi,x86_64,linux,0
1,commit-3-amd-9950x3d,run-1,3,base64-ng,decode,url-safe,padded,47,64,89240,53518513,74.740064,ssse3-sse4.1,avx512-vbmi,avx512-vbmi,x86_64,linux,0
1,commit-3-amd-9950x3d,run-1,4,base64-ng,decode,url-safe,padded,47,64,89240,53751703,74.415821,ssse3-sse4.1,avx512-vbmi,avx512-vbmi,x86_64,linux,0
1,commit-3-amd-9950x3d,run-1,0,base64-ng,encode,url-safe,padded,47,64,89240,10212925,391.658326,avx2,avx512-vbmi,avx512-vbmi,x86_64,linux,0
1,commit-3-amd-9950x3d,run-1,1,base64-ng,encode,url-safe,padded,47,64,89240,10222563,391.289064,avx2,avx512-vbmi,avx512-vbmi,x86_64,linux,0
1,commit-3-amd-9950x3d,run-1,2,base64-ng,encode,url-safe,padded,47,64,89240,10225819,391.164474,avx2,avx512-vbmi,avx512-vbmi,x86_64,linux,0
1,commit-3-amd-9950x3d,run-1,3,base64-ng,encode,url-safe,padded,47,64,89240,10214518,391.597245,avx2,avx512-vbmi,avx512-vbmi,x86_64,linux,0
1,commit-3-amd-9950x3d,run-1,4,base64-ng,encode,url-safe,padded,47,64,89240,10208677,391.821302,avx2,avx512-vbmi,avx512-vbmi,x86_64,linux,0
1,commit-3-amd-9950x3d,run-1,0,base64-ng,decode,url-safe,padded,47,64,89240,38753670,103.215440,avx2,avx512-vbmi,avx512-vbmi,x86_64,linux,0
1,commit-3-amd-9950x3d,run-1,1,base64-ng,decode,url-safe,padded,47,64,89240,38795138,103.105114,avx2,avx512-vbmi,avx512-vbmi,x86_64,linux,0
1,commit-3-amd-9950x3d,run-1,2,base64-ng,decode,url-safe,padded,47,64,89240,38942546,102.714833,avx2,avx512-vbmi,avx512-vbmi,x86_64,linux,0
1,commit-3-amd-9950x3d,run-1,3,base64-ng,decode,url-safe,padded,47,64,89240,38594741,103.640470,avx2,avx512-vbmi,avx512-vbmi,x86_64,linux,0
1,commit-3-amd-9950x3d,run-1,4,base64-ng,decode,url-safe,padded,47,64,89240,38806419,103.075141,avx2,avx512-vbmi,avx512-vbmi,x86_64,linux,0
1,commit-3-amd-9950x3d,run-1,0,base64-ng,encode,url-safe,padded,47,64,89240,11737154,340.796168,avx512-vbmi,avx512-vbmi,avx512-vbmi,x86_64,linux,0
1,commit-3-amd-9950x3d,run-1,1,base64-ng,encode,url-safe,padded,47,64,89240,11731654,340.955940,avx512-vbmi,avx512-vbmi,avx512-vbmi,x86_64,linux,0
1,commit-3-amd-9950x3d,run-1,2,base64-ng,encode,url-safe,padded,47,64,89240,11754878,340.282316,avx512-vbmi,avx512-vbmi,avx512-vbmi,x86_64,linux,0
1,commit-3-amd-9950x3d,run-1,3,base64-ng,encode,url-safe,padded,47,64,89240,11751702,340.374280,avx512-vbmi,avx512-vbmi,avx512-vbmi,x86_64,linux,0
1,commit-3-amd-9950x3d,run-1,4,base64-ng,encode,url-safe,padded,47,64,89240,11871056,336.952088,avx512-vbmi,avx512-vbmi,avx512-vbmi,x86_64,linux,0
1,commit-3-amd-9950x3d,run-1,0,base64-ng,decode,url-safe,padded,47,64,89240,30919894,129.365809,avx512-vbmi,avx512-vbmi,avx512-vbmi,x86_64,linux,0
1,commit-3-amd-9950x3d,run-1,1,base64-ng,decode,url-safe,padded,47,64,89240,30512096,131.094800,avx512-vbmi,avx512-vbmi,avx512-vbmi,x86_64,linux,0
1,commit-3-amd-9950x3d,run-1,2,base64-ng,decode,url-safe,padded,47,64,89240,30669903,130.420273,avx512-vbmi,avx512-vbmi,avx512-vbmi,x86_64,linux,0
1,commit-3-amd-9950x3d,run-1,3,base64-ng,decode,url-safe,padded,47,64,89240,30687076,130.347287,avx512-vbmi,avx512-vbmi,avx512-vbmi,x86_64,linux,0
1,commit-3-amd-9950x3d,run-1,4,base64-ng,decode,url-safe,padded,47,64,89240,30676876,130.390628,avx512-vbmi,avx512-vbmi,avx512-vbmi,x86_64,linux,0
1,commit-3-amd-9950x3d,run-1,0,base64-0.23.0,encode,url-safe,padded,47,64,89240,1582559,2527.537433,external,avx512-vbmi,avx512-vbmi,x86_64,linux,0
1,commit-3-amd-9950x3d,run-1,1,base64-0.23.0,encode,url-safe,padded,47,64,89240,1593610,2510.010048,external,avx512-vbmi,avx512-vbmi,x86_64,linux,0
1,commit-3-amd-9950x3d,run-1,2,base64-0.23.0,encode,url-safe,padded,47,64,89240,1610813,2483.203893,external,avx512-vbmi,avx512-vbmi,x86_64,linux,0
1,commit-3-amd-9950x3d,run-1,3,base64-0.23.0,encode,url-safe,padded,47,64,89240,1616492,2474.479992,external,avx512-vbmi,avx512-vbmi,x86_64,linux,0
1,commit-3-amd-9950x3d,run-1,4,base64-0.23.0,encode,url-safe,padded,47,64,89240,1617094,2473.558811,external,avx512-vbmi,avx512-vbmi,x86_64,linux,0
1,commit-3-amd-9950x3d,run-1,0,base64-0.23.0,decode,url-safe,padded,47,64,89240,2169764,1843.507917,external,avx512-vbmi,avx512-vbmi,x86_64,linux,0
1,commit-3-amd-9950x3d,run-1,1,base64-0.23.0,decode,url-safe,padded,47,64,89240,2170926,1842.521169,external,avx512-vbmi,avx512-vbmi,x86_64,linux,0
1,commit-3-amd-9950x3d,run-1,2,base64-0.23.0,decode,url-safe,padded,47,64,89240,2162521,1849.682436,external,avx512-vbmi,avx512-vbmi,x86_64,linux,0
1,commit-3-amd-9950x3d,run-1,3,base64-0.23.0,decode,url-safe,padded,47,64,89240,2165095,1847.483418,external,avx512-vbmi,avx512-vbmi,x86_64,linux,0
1,commit-3-amd-9950x3d,run-1,4,base64-0.23.0,decode,url-safe,padded,47,64,89240,2163503,1848.842877,external,avx512-vbmi,avx512-vbmi,x86_64,linux,0
1,commit-3-amd-9950x3d,run-1,0,base64ct-1.8.3,encode,url-safe,padded,47,64,89240,2646742,1511.283348,external,avx512-vbmi,avx512-vbmi,x86_64,linux,0
1,commit-3-amd-9950x3d,run-1,1,base64ct-1.8.3,encode,url-safe,padded,47,64,89240,2627196,1522.527102,external,avx512-vbmi,avx512-vbmi,x86_64,linux,0
1,commit-3-amd-9950x3d,run-1,2,base64ct-1.8.3,encode,url-safe,padded,47,64,89240,2623859,1524.463438,external,avx512-vbmi,avx512-vbmi,x86_64,linux,0
1,commit-3-amd-9950x3d,run-1,3,base64ct-1.8.3,encode,url-safe,padded,47,64,89240,2622427,1525.295885,external,avx512-vbmi,avx512-vbmi,x86_64,linux,0
1,commit-3-amd-9950x3d,run-1,4,base64ct-1.8.3,encode,url-safe,padded,47,64,89240,2642735,1513.574805,external,avx512-vbmi,avx512-vbmi,x86_64,linux,0
1,commit-3-amd-9950x3d,run-1,0,base64ct-1.8.3,decode,url-safe,padded,47,64,89240,6811302,587.255874,external,avx512-vbmi,avx512-vbmi,x86_64,linux,0
1,commit-3-amd-9950x3d,run-1,1,base64ct-1.8.3,decode,url-safe,padded,47,64,89240,6864702,582.687655,external,avx512-vbmi,avx512-vbmi,x86_64,linux,0
1,commit-3-amd-9950x3d,run-1,2,base64ct-1.8.3,decode,url-safe,padded,47,64,89240,6726602,594.650481,external,avx512-vbmi,avx512-vbmi,x86_64,linux,0
1,commit-3-amd-9950x3d,run-1,3,base64ct-1.8.3,decode,url-safe,padded,47,64,89240,6715782,595.608540,external,avx512-vbmi,avx512-vbmi,x86_64,linux,0
1,commit-3-amd-9950x3d,run-1,4,base64ct-1.8.3,decode,url-safe,padded,47,64,89240,6705723,596.501990,external,avx512-vbmi,avx512-vbmi,x86_64,linux,0
1,commit-3-amd-9950x3d,run-1,0,base64-ng,encode,url-safe,padded,48,64,87381,6145308,650.900613,auto,avx512-vbmi,avx512-vbmi,x86_64,linux,0
1,commit-3-amd-9950x3d,run-1,1,base64-ng,encode,url-safe,padded,48,64,87381,6125411,653.014915,auto,avx512-vbmi,avx512-vbmi,x86_64,linux,0
1,commit-3-amd-9950x3d,run-1,2,base64-ng,encode,url-safe,padded,48,64,87381,6150949,650.303675,auto,avx512-vbmi,avx512-vbmi,x86_64,linux,0
1,commit-3-amd-9950x3d,run-1,3,base64-ng,encode,url-safe,padded,48,64,87381,6200432,645.113879,auto,avx512-vbmi,avx512-vbmi,x86_64,linux,0
1,commit-3-amd-9950x3d,run-1,4,base64-ng,encode,url-safe,padded,48,64,87381,6191696,646.024085,auto,avx512-vbmi,avx512-vbmi,x86_64,linux,0
1,commit-3-amd-9950x3d,run-1,0,base64-ng,decode,url-safe,padded,48,64,87381,29013025,137.868586,auto,avx512-vbmi,avx512-vbmi,x86_64,linux,0
1,commit-3-amd-9950x3d,run-1,1,base64-ng,decode,url-safe,padded,48,64,87381,28843375,138.679497,auto,avx512-vbmi,avx512-vbmi,x86_64,linux,0
1,commit-3-amd-9950x3d,run-1,2,base64-ng,decode,url-safe,padded,48,64,87381,28780506,138.982433,auto,avx512-vbmi,avx512-vbmi,x86_64,linux,0
1,commit-3-amd-9950x3d,run-1,3,base64-ng,decode,url-safe,padded,48,64,87381,28935399,138.238451,auto,avx512-vbmi,avx512-vbmi,x86_64,linux,0
1,commit-3-amd-9950x3d,run-1,4,base64-ng,decode,url-safe,padded,48,64,87381,28823687,138.774222,auto,avx512-vbmi,avx512-vbmi,x86_64,linux,0
1,commit-3-amd-9950x3d,run-1,0,base64-ng,encode,url-safe,padded,48,64,87381,11540604,346.600987,scalar,avx512-vbmi,avx512-vbmi,x86_64,linux,0
1,commit-3-amd-9950x3d,run-1,1,base64-ng,encode,url-safe,padded,48,64,87381,11586922,345.215471,scalar,avx512-vbmi,avx512-vbmi,x86_64,linux,0
1,commit-3-amd-9950x3d,run-1,2,base64-ng,encode,url-safe,padded,48,64,87381,11537798,346.685281,scalar,avx512-vbmi,avx512-vbmi,x86_64,linux,0
1,commit-3-amd-9950x3d,run-1,3,base64-ng,encode,url-safe,padded,48,64,87381,11652504,343.272548,scalar,avx512-vbmi,avx512-vbmi,x86_64,linux,0
1,commit-3-amd-9950x3d,run-1,4,base64-ng,encode,url-safe,padded,48,64,87381,11703610,341.773584,scalar,avx512-vbmi,avx512-vbmi,x86_64,linux,0
1,commit-3-amd-9950x3d,run-1,0,base64-ng,decode,url-safe,padded,48,64,87381,12994360,307.824682,scalar,avx512-vbmi,avx512-vbmi,x86_64,linux,0
1,commit-3-amd-9950x3d,run-1,1,base64-ng,decode,url-safe,padded,48,64,87381,12915993,309.692390,scalar,avx512-vbmi,avx512-vbmi,x86_64,linux,0
1,commit-3-amd-9950x3d,run-1,2,base64-ng,decode,url-safe,padded,48,64,87381,12895555,310.183217,scalar,avx512-vbmi,avx512-vbmi,x86_64,linux,0
1,commit-3-amd-9950x3d,run-1,3,base64-ng,decode,url-safe,padded,48,64,87381,12909350,309.851754,scalar,avx512-vbmi,avx512-vbmi,x86_64,linux,0
1,commit-3-amd-9950x3d,run-1,4,base64-ng,decode,url-safe,padded,48,64,87381,12901827,310.032427,scalar,avx512-vbmi,avx512-vbmi,x86_64,linux,0
1,commit-3-amd-9950x3d,run-1,0,base64-ng,encode,url-safe,padded,48,64,87381,14469818,276.436424,ssse3-sse4.1,avx512-vbmi,avx512-vbmi,x86_64,linux,0
1,commit-3-amd-9950x3d,run-1,1,base64-ng,encode,url-safe,padded,48,64,87381,14450592,276.804213,ssse3-sse4.1,avx512-vbmi,avx512-vbmi,x86_64,linux,0
1,commit-3-amd-9950x3d,run-1,2,base64-ng,encode,url-safe,padded,48,64,87381,14394997,277.873260,ssse3-sse4.1,avx512-vbmi,avx512-vbmi,x86_64,linux,0
1,commit-3-amd-9950x3d,run-1,3,base64-ng,encode,url-safe,padded,48,64,87381,14369449,278.367301,ssse3-sse4.1,avx512-vbmi,avx512-vbmi,x86_64,linux,0
1,commit-3-amd-9950x3d,run-1,4,base64-ng,encode,url-safe,padded,48,64,87381,14382854,278.107860,ssse3-sse4.1,avx512-vbmi,avx512-vbmi,x86_64,linux,0
1,commit-3-amd-9950x3d,run-1,0,base64-ng,decode,url-safe,padded,48,64,87381,52333192,76.433036,ssse3-sse4.1,avx512-vbmi,avx512-vbmi,x86_64,linux,0
1,commit-3-amd-9950x3d,run-1,1,base64-ng,decode,url-safe,padded,48,64,87381,51837499,77.163922,ssse3-sse4.1,avx512-vbmi,avx512-vbmi,x86_64,linux,0
1,commit-3-amd-9950x3d,run-1,2,base64-ng,decode,url-safe,padded,48,64,87381,51885720,77.092208,ssse3-sse4.1,avx512-vbmi,avx512-vbmi,x86_64,linux,0
1,commit-3-amd-9950x3d,run-1,3,base64-ng,decode,url-safe,padded,48,64,87381,52022657,76.889282,ssse3-sse4.1,avx512-vbmi,avx512-vbmi,x86_64,linux,0
1,commit-3-amd-9950x3d,run-1,4,base64-ng,decode,url-safe,padded,48,64,87381,51895438,77.077772,ssse3-sse4.1,avx512-vbmi,avx512-vbmi,x86_64,linux,0
1,commit-3-amd-9950x3d,run-1,0,base64-ng,encode,url-safe,padded,48,64,87381,7929597,504.437330,avx2,avx512-vbmi,avx512-vbmi,x86_64,linux,0
1,commit-3-amd-9950x3d,run-1,1,base64-ng,encode,url-safe,padded,48,64,87381,7889952,506.971999,avx2,avx512-vbmi,avx512-vbmi,x86_64,linux,0
1,commit-3-amd-9950x3d,run-1,2,base64-ng,encode,url-safe,padded,48,64,87381,7930127,504.403617,avx2,avx512-vbmi,avx512-vbmi,x86_64,linux,0
1,commit-3-amd-9950x3d,run-1,3,base64-ng,encode,url-safe,padded,48,64,87381,7896154,506.573801,avx2,avx512-vbmi,avx512-vbmi,x86_64,linux,0
1,commit-3-amd-9950x3d,run-1,4,base64-ng,encode,url-safe,padded,48,64,87381,7935227,504.079435,avx2,avx512-vbmi,avx512-vbmi,x86_64,linux,0
1,commit-3-amd-9950x3d,run-1,0,base64-ng,decode,url-safe,padded,48,64,87381,36506490,109.569141,avx2,avx512-vbmi,avx512-vbmi,x86_64,linux,0
1,commit-3-amd-9950x3d,run-1,1,base64-ng,decode,url-safe,padded,48,64,87381,36528741,109.502398,avx2,avx512-vbmi,avx512-vbmi,x86_64,linux,0
1,commit-3-amd-9950x3d,run-1,2,base64-ng,decode,url-safe,padded,48,64,87381,36557305,109.416839,avx2,avx512-vbmi,avx512-vbmi,x86_64,linux,0
1,commit-3-amd-9950x3d,run-1,3,base64-ng,decode,url-safe,padded,48,64,87381,36473287,109.668886,avx2,avx512-vbmi,avx512-vbmi,x86_64,linux,0
1,commit-3-amd-9950x3d,run-1,4,base64-ng,decode,url-safe,padded,48,64,87381,36487444,109.626335,avx2,avx512-vbmi,avx512-vbmi,x86_64,linux,0
1,commit-3-amd-9950x3d,run-1,0,base64-ng,encode,url-safe,padded,48,64,87381,5098287,784.574258,avx512-vbmi,avx512-vbmi,avx512-vbmi,x86_64,linux,0
1,commit-3-amd-9950x3d,run-1,1,base64-ng,encode,url-safe,padded,48,64,87381,5109127,782.909632,avx512-vbmi,avx512-vbmi,avx512-vbmi,x86_64,linux,0
1,commit-3-amd-9950x3d,run-1,2,base64-ng,encode,url-safe,padded,48,64,87381,5082597,786.996243,avx512-vbmi,avx512-vbmi,avx512-vbmi,x86_64,linux,0
1,commit-3-amd-9950x3d,run-1,3,base64-ng,encode,url-safe,padded,48,64,87381,5094159,785.210030,avx512-vbmi,avx512-vbmi,avx512-vbmi,x86_64,linux,0
1,commit-3-amd-9950x3d,run-1,4,base64-ng,encode,url-safe,padded,48,64,87381,5100762,784.193566,avx512-vbmi,avx512-vbmi,avx512-vbmi,x86_64,linux,0
1,commit-3-amd-9950x3d,run-1,0,base64-ng,decode,url-safe,padded,48,64,87381,28027219,142.717861,avx512-vbmi,avx512-vbmi,avx512-vbmi,x86_64,linux,0
1,commit-3-amd-9950x3d,run-1,1,base64-ng,decode,url-safe,padded,48,64,87381,28033660,142.685070,avx512-vbmi,avx512-vbmi,avx512-vbmi,x86_64,linux,0
1,commit-3-amd-9950x3d,run-1,2,base64-ng,decode,url-safe,padded,48,64,87381,28021769,142.745618,avx512-vbmi,avx512-vbmi,avx512-vbmi,x86_64,linux,0
1,commit-3-amd-9950x3d,run-1,3,base64-ng,decode,url-safe,padded,48,64,87381,28037518,142.665436,avx512-vbmi,avx512-vbmi,avx512-vbmi,x86_64,linux,0
1,commit-3-amd-9950x3d,run-1,4,base64-ng,decode,url-safe,padded,48,64,87381,28048749,142.608312,avx512-vbmi,avx512-vbmi,avx512-vbmi,x86_64,linux,0
1,commit-3-amd-9950x3d,run-1,0,base64-0.23.0,encode,url-safe,padded,48,64,87381,1515033,2640.196445,external,avx512-vbmi,avx512-vbmi,x86_64,linux,0
1,commit-3-amd-9950x3d,run-1,1,base64-0.23.0,encode,url-safe,padded,48,64,87381,1548114,2583.779193,external,avx512-vbmi,avx512-vbmi,x86_64,linux,0
1,commit-3-amd-9950x3d,run-1,2,base64-0.23.0,encode,url-safe,padded,48,64,87381,1555157,2572.077765,external,avx512-vbmi,avx512-vbmi,x86_64,linux,0
1,commit-3-amd-9950x3d,run-1,3,base64-0.23.0,encode,url-safe,padded,48,64,87381,1551089,2578.823485,external,avx512-vbmi,avx512-vbmi,x86_64,linux,0
1,commit-3-amd-9950x3d,run-1,4,base64-0.23.0,encode,url-safe,padded,48,64,87381,1556359,2570.091310,external,avx512-vbmi,avx512-vbmi,x86_64,linux,0
1,commit-3-amd-9950x3d,run-1,0,base64-0.23.0,decode,url-safe,padded,48,64,87381,2123688,1883.508661,external,avx512-vbmi,avx512-vbmi,x86_64,linux,0
1,commit-3-amd-9950x3d,run-1,1,base64-0.23.0,decode,url-safe,padded,48,64,87381,2118007,1888.560680,external,avx512-vbmi,avx512-vbmi,x86_64,linux,0
1,commit-3-amd-9950x3d,run-1,2,base64-0.23.0,decode,url-safe,padded,48,64,87381,2108519,1897.058903,external,avx512-vbmi,avx512-vbmi,x86_64,linux,0
1,commit-3-amd-9950x3d,run-1,3,base64-0.23.0,decode,url-safe,padded,48,64,87381,2113047,1892.993739,external,avx512-vbmi,avx512-vbmi,x86_64,linux,0
1,commit-3-amd-9950x3d,run-1,4,base64-0.23.0,decode,url-safe,padded,48,64,87381,2099452,1905.251819,external,avx512-vbmi,avx512-vbmi,x86_64,linux,0
1,commit-3-amd-9950x3d,run-1,0,base64ct-1.8.3,encode,url-safe,padded,48,64,87381,2315268,1727.655175,external,avx512-vbmi,avx512-vbmi,x86_64,linux,0
1,commit-3-amd-9950x3d,run-1,1,base64ct-1.8.3,encode,url-safe,padded,48,64,87381,2294129,1743.574464,external,avx512-vbmi,avx512-vbmi,x86_64,linux,0
1,commit-3-amd-9950x3d,run-1,2,base64ct-1.8.3,encode,url-safe,padded,48,64,87381,2297074,1741.339087,external,avx512-vbmi,avx512-vbmi,x86_64,linux,0
1,commit-3-amd-9950x3d,run-1,3,base64ct-1.8.3,encode,url-safe,padded,48,64,87381,2300801,1738.518343,external,avx512-vbmi,avx512-vbmi,x86_64,linux,0
1,commit-3-amd-9950x3d,run-1,4,base64ct-1.8.3,encode,url-safe,padded,48,64,87381,2303316,1736.620047,external,avx512-vbmi,avx512-vbmi,x86_64,linux,0
1,commit-3-amd-9950x3d,run-1,0,base64ct-1.8.3,decode,url-safe,padded,48,64,87381,5710088,700.511926,external,avx512-vbmi,avx512-vbmi,x86_64,linux,0
1,commit-3-amd-9950x3d,run-1,1,base64ct-1.8.3,decode,url-safe,padded,48,64,87381,5722562,698.984955,external,avx512-vbmi,avx512-vbmi,x86_64,linux,0
1,commit-3-amd-9950x3d,run-1,2,base64ct-1.8.3,decode,url-safe,padded,48,64,87381,5727671,698.361470,external,avx512-vbmi,avx512-vbmi,x86_64,linux,0
1,commit-3-amd-9950x3d,run-1,3,base64ct-1.8.3,decode,url-safe,padded,48,64,87381,5744373,696.330956,external,avx512-vbmi,avx512-vbmi,x86_64,linux,0
1,commit-3-amd-9950x3d,run-1,4,base64ct-1.8.3,decode,url-safe,padded,48,64,87381,5756215,694.898426,external,avx512-vbmi,avx512-vbmi,x86_64,linux,0
1,commit-3-amd-9950x3d,run-1,0,base64-ng,encode,url-safe,padded,63,84,66576,7307196,547.403510,auto,avx512-vbmi,avx512-vbmi,x86_64,linux,0
1,commit-3-amd-9950x3d,run-1,1,base64-ng,encode,url-safe,padded,63,84,66576,7302466,547.758078,auto,avx512-vbmi,avx512-vbmi,x86_64,linux,0
1,commit-3-amd-9950x3d,run-1,2,base64-ng,encode,url-safe,padded,63,84,66576,7312795,546.984394,auto,avx512-vbmi,avx512-vbmi,x86_64,linux,0
1,commit-3-amd-9950x3d,run-1,3,base64-ng,encode,url-safe,padded,63,84,66576,7282579,549.253876,auto,avx512-vbmi,avx512-vbmi,x86_64,linux,0
1,commit-3-amd-9950x3d,run-1,4,base64-ng,encode,url-safe,padded,63,84,66576,7285124,549.061998,auto,avx512-vbmi,avx512-vbmi,x86_64,linux,0
1,commit-3-amd-9950x3d,run-1,0,base64-ng,decode,url-safe,padded,63,84,66576,34323881,116.536494,auto,avx512-vbmi,avx512-vbmi,x86_64,linux,0
1,commit-3-amd-9950x3d,run-1,1,base64-ng,decode,url-safe,padded,63,84,66576,33794635,118.361531,auto,avx512-vbmi,avx512-vbmi,x86_64,linux,0
1,commit-3-amd-9950x3d,run-1,2,base64-ng,decode,url-safe,padded,63,84,66576,34104088,117.287545,auto,avx512-vbmi,avx512-vbmi,x86_64,linux,0
1,commit-3-amd-9950x3d,run-1,3,base64-ng,decode,url-safe,padded,63,84,66576,33758357,118.488727,auto,avx512-vbmi,avx512-vbmi,x86_64,linux,0
1,commit-3-amd-9950x3d,run-1,4,base64-ng,decode,url-safe,padded,63,84,66576,33602212,119.039328,auto,avx512-vbmi,avx512-vbmi,x86_64,linux,0
1,commit-3-amd-9950x3d,run-1,0,base64-ng,encode,url-safe,padded,63,84,66576,4213952,949.224087,scalar,avx512-vbmi,avx512-vbmi,x86_64,linux,0
1,commit-3-amd-9950x3d,run-1,1,base64-ng,encode,url-safe,padded,63,84,66576,4233960,944.738434,scalar,avx512-vbmi,avx512-vbmi,x86_64,linux,0
1,commit-3-amd-9950x3d,run-1,2,base64-ng,encode,url-safe,padded,63,84,66576,4222909,947.210736,scalar,avx512-vbmi,avx512-vbmi,x86_64,linux,0
1,commit-3-amd-9950x3d,run-1,3,base64-ng,encode,url-safe,padded,63,84,66576,4223911,946.986038,scalar,avx512-vbmi,avx512-vbmi,x86_64,linux,0
1,commit-3-amd-9950x3d,run-1,4,base64-ng,encode,url-safe,padded,63,84,66576,4240522,943.276498,scalar,avx512-vbmi,avx512-vbmi,x86_64,linux,0
1,commit-3-amd-9950x3d,run-1,0,base64-ng,decode,url-safe,padded,63,84,66576,12621689,316.913587,scalar,avx512-vbmi,avx512-vbmi,x86_64,linux,0
1,commit-3-amd-9950x3d,run-1,1,base64-ng,decode,url-safe,padded,63,84,66576,12723019,314.389591,scalar,avx512-vbmi,avx512-vbmi,x86_64,linux,0
1,commit-3-amd-9950x3d,run-1,2,base64-ng,decode,url-safe,padded,63,84,66576,12672355,315.646519,scalar,avx512-vbmi,avx512-vbmi,x86_64,linux,0
1,commit-3-amd-9950x3d,run-1,3,base64-ng,decode,url-safe,padded,63,84,66576,12602623,317.393033,scalar,avx512-vbmi,avx512-vbmi,x86_64,linux,0
1,commit-3-amd-9950x3d,run-1,4,base64-ng,decode,url-safe,padded,63,84,66576,12709584,314.721925,scalar,avx512-vbmi,avx512-vbmi,x86_64,linux,0
1,commit-3-amd-9950x3d,run-1,0,base64-ng,encode,url-safe,padded,63,84,66576,13384806,298.845179,ssse3-sse4.1,avx512-vbmi,avx512-vbmi,x86_64,linux,0
1,commit-3-amd-9950x3d,run-1,1,base64-ng,encode,url-safe,padded,63,84,66576,13360279,299.393803,ssse3-sse4.1,avx512-vbmi,avx512-vbmi,x86_64,linux,0
1,commit-3-amd-9950x3d,run-1,2,base64-ng,encode,url-safe,padded,63,84,66576,13241816,302.072219,ssse3-sse4.1,avx512-vbmi,avx512-vbmi,x86_64,linux,0
1,commit-3-amd-9950x3d,run-1,3,base64-ng,encode,url-safe,padded,63,84,66576,13172425,303.663505,ssse3-sse4.1,avx512-vbmi,avx512-vbmi,x86_64,linux,0
1,commit-3-amd-9950x3d,run-1,4,base64-ng,encode,url-safe,padded,63,84,66576,13199998,303.029193,ssse3-sse4.1,avx512-vbmi,avx512-vbmi,x86_64,linux,0
1,commit-3-amd-9950x3d,run-1,0,base64-ng,decode,url-safe,padded,63,84,66576,49451458,80.887094,ssse3-sse4.1,avx512-vbmi,avx512-vbmi,x86_64,linux,0
1,commit-3-amd-9950x3d,run-1,1,base64-ng,decode,url-safe,padded,63,84,66576,50898110,78.588080,ssse3-sse4.1,avx512-vbmi,avx512-vbmi,x86_64,linux,0
1,commit-3-amd-9950x3d,run-1,2,base64-ng,decode,url-safe,padded,63,84,66576,49526790,80.764062,ssse3-sse4.1,avx512-vbmi,avx512-vbmi,x86_64,linux,0
1,commit-3-amd-9950x3d,run-1,3,base64-ng,decode,url-safe,padded,63,84,66576,49313177,81.113913,ssse3-sse4.1,avx512-vbmi,avx512-vbmi,x86_64,linux,0
1,commit-3-amd-9950x3d,run-1,4,base64-ng,decode,url-safe,padded,63,84,66576,49640463,80.579118,ssse3-sse4.1,avx512-vbmi,avx512-vbmi,x86_64,linux,0
1,commit-3-amd-9950x3d,run-1,0,base64-ng,encode,url-safe,padded,63,84,66576,8617431,464.173689,avx2,avx512-vbmi,avx512-vbmi,x86_64,linux,0
1,commit-3-amd-9950x3d,run-1,1,base64-ng,encode,url-safe,padded,63,84,66576,8607242,464.723165,avx2,avx512-vbmi,avx512-vbmi,x86_64,linux,0
1,commit-3-amd-9950x3d,run-1,2,base64-ng,encode,url-safe,padded,63,84,66576,8729212,458.229762,avx2,avx512-vbmi,avx512-vbmi,x86_64,linux,0
1,commit-3-amd-9950x3d,run-1,3,base64-ng,encode,url-safe,padded,63,84,66576,8696350,459.961333,avx2,avx512-vbmi,avx512-vbmi,x86_64,linux,0
1,commit-3-amd-9950x3d,run-1,4,base64-ng,encode,url-safe,padded,63,84,66576,8602974,464.953717,avx2,avx512-vbmi,avx512-vbmi,x86_64,linux,0
1,commit-3-amd-9950x3d,run-1,0,base64-ng,decode,url-safe,padded,63,84,66576,39999876,99.999929,avx2,avx512-vbmi,avx512-vbmi,x86_64,linux,0
1,commit-3-amd-9950x3d,run-1,1,base64-ng,decode,url-safe,padded,63,84,66576,39906911,100.232883,avx2,avx512-vbmi,avx512-vbmi,x86_64,linux,0
1,commit-3-amd-9950x3d,run-1,2,base64-ng,decode,url-safe,padded,63,84,66576,39843522,100.392348,avx2,avx512-vbmi,avx512-vbmi,x86_64,linux,0
1,commit-3-amd-9950x3d,run-1,3,base64-ng,decode,url-safe,padded,63,84,66576,39770364,100.577021,avx2,avx512-vbmi,avx512-vbmi,x86_64,linux,0
1,commit-3-amd-9950x3d,run-1,4,base64-ng,decode,url-safe,padded,63,84,66576,39675044,100.818659,avx2,avx512-vbmi,avx512-vbmi,x86_64,linux,0
1,commit-3-amd-9950x3d,run-1,0,base64-ng,encode,url-safe,padded,63,84,66576,6488945,616.430674,avx512-vbmi,avx512-vbmi,avx512-vbmi,x86_64,linux,0
1,commit-3-amd-9950x3d,run-1,1,base64-ng,encode,url-safe,padded,63,84,66576,6480699,617.215017,avx512-vbmi,avx512-vbmi,avx512-vbmi,x86_64,linux,0
1,commit-3-amd-9950x3d,run-1,2,base64-ng,encode,url-safe,padded,63,84,66576,6483685,616.930764,avx512-vbmi,avx512-vbmi,avx512-vbmi,x86_64,linux,0
1,commit-3-amd-9950x3d,run-1,3,base64-ng,encode,url-safe,padded,63,84,66576,6489125,616.413575,avx512-vbmi,avx512-vbmi,avx512-vbmi,x86_64,linux,0
1,commit-3-amd-9950x3d,run-1,4,base64-ng,encode,url-safe,padded,63,84,66576,6481921,617.098657,avx512-vbmi,avx512-vbmi,avx512-vbmi,x86_64,linux,0
1,commit-3-amd-9950x3d,run-1,0,base64-ng,decode,url-safe,padded,63,84,66576,33439266,119.619394,avx512-vbmi,avx512-vbmi,avx512-vbmi,x86_64,linux,0
1,commit-3-amd-9950x3d,run-1,1,base64-ng,decode,url-safe,padded,63,84,66576,33451789,119.574614,avx512-vbmi,avx512-vbmi,avx512-vbmi,x86_64,linux,0
1,commit-3-amd-9950x3d,run-1,2,base64-ng,decode,url-safe,padded,63,84,66576,33458953,119.549011,avx512-vbmi,avx512-vbmi,avx512-vbmi,x86_64,linux,0
1,commit-3-amd-9950x3d,run-1,3,base64-ng,decode,url-safe,padded,63,84,66576,33432073,119.645131,avx512-vbmi,avx512-vbmi,avx512-vbmi,x86_64,linux,0
1,commit-3-amd-9950x3d,run-1,4,base64-ng,decode,url-safe,padded,63,84,66576,33366569,119.880013,avx512-vbmi,avx512-vbmi,avx512-vbmi,x86_64,linux,0
1,commit-3-amd-9950x3d,run-1,0,base64-0.23.0,encode,url-safe,padded,63,84,66576,1286091,3110.187958,external,avx512-vbmi,avx512-vbmi,x86_64,linux,0
1,commit-3-amd-9950x3d,run-1,1,base64-0.23.0,encode,url-safe,padded,63,84,66576,1303473,3068.713154,external,avx512-vbmi,avx512-vbmi,x86_64,linux,0
1,commit-3-amd-9950x3d,run-1,2,base64-0.23.0,encode,url-safe,padded,63,84,66576,1317300,3036.502498,external,avx512-vbmi,avx512-vbmi,x86_64,linux,0
1,commit-3-amd-9950x3d,run-1,3,base64-0.23.0,encode,url-safe,padded,63,84,66576,1317770,3035.419490,external,avx512-vbmi,avx512-vbmi,x86_64,linux,0
1,commit-3-amd-9950x3d,run-1,4,base64-0.23.0,encode,url-safe,padded,63,84,66576,1318582,3033.550239,external,avx512-vbmi,avx512-vbmi,x86_64,linux,0
1,commit-3-amd-9950x3d,run-1,0,base64-0.23.0,decode,url-safe,padded,63,84,66576,1801161,2220.781341,external,avx512-vbmi,avx512-vbmi,x86_64,linux,0
1,commit-3-amd-9950x3d,run-1,1,base64-0.23.0,decode,url-safe,padded,63,84,66576,1807513,2212.977025,external,avx512-vbmi,avx512-vbmi,x86_64,linux,0
1,commit-3-amd-9950x3d,run-1,2,base64-0.23.0,decode,url-safe,padded,63,84,66576,1805769,2215.114304,external,avx512-vbmi,avx512-vbmi,x86_64,linux,0
1,commit-3-amd-9950x3d,run-1,3,base64-0.23.0,decode,url-safe,padded,63,84,66576,1818713,2199.349068,external,avx512-vbmi,avx512-vbmi,x86_64,linux,0
1,commit-3-amd-9950x3d,run-1,4,base64-0.23.0,decode,url-safe,padded,63,84,66576,1811089,2208.607496,external,avx512-vbmi,avx512-vbmi,x86_64,linux,0
1,commit-3-amd-9950x3d,run-1,0,base64ct-1.8.3,encode,url-safe,padded,63,84,66576,1607365,2488.535424,external,avx512-vbmi,avx512-vbmi,x86_64,linux,0
1,commit-3-amd-9950x3d,run-1,1,base64ct-1.8.3,encode,url-safe,padded,63,84,66576,1589613,2516.326138,external,avx512-vbmi,avx512-vbmi,x86_64,linux,0
1,commit-3-amd-9950x3d,run-1,2,base64ct-1.8.3,encode,url-safe,padded,63,84,66576,1592748,2511.373263,external,avx512-vbmi,avx512-vbmi,x86_64,linux,0
1,commit-3-amd-9950x3d,run-1,3,base64ct-1.8.3,encode,url-safe,padded,63,84,66576,1594932,2507.934345,external,avx512-vbmi,avx512-vbmi,x86_64,linux,0
1,commit-3-amd-9950x3d,run-1,4,base64ct-1.8.3,encode,url-safe,padded,63,84,66576,1594882,2508.012970,external,avx512-vbmi,avx512-vbmi,x86_64,linux,0
1,commit-3-amd-9950x3d,run-1,0,base64ct-1.8.3,decode,url-safe,padded,63,84,66576,5438608,735.479509,external,avx512-vbmi,avx512-vbmi,x86_64,linux,0
1,commit-3-amd-9950x3d,run-1,1,base64ct-1.8.3,decode,url-safe,padded,63,84,66576,5440241,735.258740,external,avx512-vbmi,avx512-vbmi,x86_64,linux,0
1,commit-3-amd-9950x3d,run-1,2,base64ct-1.8.3,decode,url-safe,padded,63,84,66576,5451312,733.765512,external,avx512-vbmi,avx512-vbmi,x86_64,linux,0
1,commit-3-amd-9950x3d,run-1,3,base64ct-1.8.3,decode,url-safe,padded,63,84,66576,5440932,735.165362,external,avx512-vbmi,avx512-vbmi,x86_64,linux,0
1,commit-3-amd-9950x3d,run-1,4,base64ct-1.8.3,decode,url-safe,padded,63,84,66576,5447405,734.291785,external,avx512-vbmi,avx512-vbmi,x86_64,linux,0
1,commit-3-amd-9950x3d,run-1,0,base64-ng,encode,url-safe,padded,64,88,65536,7397686,540.709622,auto,avx512-vbmi,avx512-vbmi,x86_64,linux,0
1,commit-3-amd-9950x3d,run-1,1,base64-ng,encode,url-safe,padded,64,88,65536,7344415,544.631533,auto,avx512-vbmi,avx512-vbmi,x86_64,linux,0
1,commit-3-amd-9950x3d,run-1,2,base64-ng,encode,url-safe,padded,64,88,65536,7335899,545.263777,auto,avx512-vbmi,avx512-vbmi,x86_64,linux,0
1,commit-3-amd-9950x3d,run-1,3,base64-ng,encode,url-safe,padded,64,88,65536,7322284,546.277637,auto,avx512-vbmi,avx512-vbmi,x86_64,linux,0
1,commit-3-amd-9950x3d,run-1,4,base64-ng,encode,url-safe,padded,64,88,65536,7312805,546.985733,auto,avx512-vbmi,avx512-vbmi,x86_64,linux,0
1,commit-3-amd-9950x3d,run-1,0,base64-ng,decode,url-safe,padded,64,88,65536,34151076,117.126617,auto,avx512-vbmi,avx512-vbmi,x86_64,linux,0
1,commit-3-amd-9950x3d,run-1,1,base64-ng,decode,url-safe,padded,64,88,65536,34039126,117.511830,auto,avx512-vbmi,avx512-vbmi,x86_64,linux,0
1,commit-3-amd-9950x3d,run-1,2,base64-ng,decode,url-safe,padded,64,88,65536,34127081,117.208970,auto,avx512-vbmi,avx512-vbmi,x86_64,linux,0
1,commit-3-amd-9950x3d,run-1,3,base64-ng,decode,url-safe,padded,64,88,65536,34093988,117.322737,auto,avx512-vbmi,avx512-vbmi,x86_64,linux,0
1,commit-3-amd-9950x3d,run-1,4,base64-ng,decode,url-safe,padded,64,88,65536,34019208,117.580633,auto,avx512-vbmi,avx512-vbmi,x86_64,linux,0
1,commit-3-amd-9950x3d,run-1,0,base64-ng,encode,url-safe,padded,64,88,65536,4366329,916.101375,scalar,avx512-vbmi,avx512-vbmi,x86_64,linux,0
1,commit-3-amd-9950x3d,run-1,1,base64-ng,encode,url-safe,padded,64,88,65536,4371780,914.959124,scalar,avx512-vbmi,avx512-vbmi,x86_64,linux,0
1,commit-3-amd-9950x3d,run-1,2,base64-ng,encode,url-safe,padded,64,88,65536,4371379,915.043056,scalar,avx512-vbmi,avx512-vbmi,x86_64,linux,0
1,commit-3-amd-9950x3d,run-1,3,base64-ng,encode,url-safe,padded,64,88,65536,4366679,916.027947,scalar,avx512-vbmi,avx512-vbmi,x86_64,linux,0
1,commit-3-amd-9950x3d,run-1,4,base64-ng,encode,url-safe,padded,64,88,65536,4373672,914.563323,scalar,avx512-vbmi,avx512-vbmi,x86_64,linux,0
1,commit-3-amd-9950x3d,run-1,0,base64-ng,decode,url-safe,padded,64,88,65536,13595352,294.218200,scalar,avx512-vbmi,avx512-vbmi,x86_64,linux,0
1,commit-3-amd-9950x3d,run-1,1,base64-ng,decode,url-safe,padded,64,88,65536,13633624,293.392278,scalar,avx512-vbmi,avx512-vbmi,x86_64,linux,0
1,commit-3-amd-9950x3d,run-1,2,base64-ng,decode,url-safe,padded,64,88,65536,13607435,293.956943,scalar,avx512-vbmi,avx512-vbmi,x86_64,linux,0
1,commit-3-amd-9950x3d,run-1,3,base64-ng,decode,url-safe,padded,64,88,65536,13590903,294.314513,scalar,avx512-vbmi,avx512-vbmi,x86_64,linux,0
1,commit-3-amd-9950x3d,run-1,4,base64-ng,decode,url-safe,padded,64,88,65536,13574273,294.675081,scalar,avx512-vbmi,avx512-vbmi,x86_64,linux,0
1,commit-3-amd-9950x3d,run-1,0,base64-ng,encode,url-safe,padded,64,88,65536,13262806,301.595303,ssse3-sse4.1,avx512-vbmi,avx512-vbmi,x86_64,linux,0
1,commit-3-amd-9950x3d,run-1,1,base64-ng,encode,url-safe,padded,64,88,65536,13167226,303.784563,ssse3-sse4.1,avx512-vbmi,avx512-vbmi,x86_64,linux,0
1,commit-3-amd-9950x3d,run-1,2,base64-ng,encode,url-safe,padded,64,88,65536,13237669,302.168003,ssse3-sse4.1,avx512-vbmi,avx512-vbmi,x86_64,linux,0
1,commit-3-amd-9950x3d,run-1,3,base64-ng,encode,url-safe,padded,64,88,65536,13202202,302.979760,ssse3-sse4.1,avx512-vbmi,avx512-vbmi,x86_64,linux,0
1,commit-3-amd-9950x3d,run-1,4,base64-ng,encode,url-safe,padded,64,88,65536,13265902,301.524917,ssse3-sse4.1,avx512-vbmi,avx512-vbmi,x86_64,linux,0
1,commit-3-amd-9950x3d,run-1,0,base64-ng,decode,url-safe,padded,64,88,65536,49395402,80.979197,ssse3-sse4.1,avx512-vbmi,avx512-vbmi,x86_64,linux,0
1,commit-3-amd-9950x3d,run-1,1,base64-ng,decode,url-safe,padded,64,88,65536,49518464,80.777950,ssse3-sse4.1,avx512-vbmi,avx512-vbmi,x86_64,linux,0
1,commit-3-amd-9950x3d,run-1,2,base64-ng,decode,url-safe,padded,64,88,65536,49600017,80.645134,ssse3-sse4.1,avx512-vbmi,avx512-vbmi,x86_64,linux,0
1,commit-3-amd-9950x3d,run-1,3,base64-ng,decode,url-safe,padded,64,88,65536,49606129,80.635197,ssse3-sse4.1,avx512-vbmi,avx512-vbmi,x86_64,linux,0
1,commit-3-amd-9950x3d,run-1,4,base64-ng,decode,url-safe,padded,64,88,65536,49490070,80.824295,ssse3-sse4.1,avx512-vbmi,avx512-vbmi,x86_64,linux,0
1,commit-3-amd-9950x3d,run-1,0,base64-ng,encode,url-safe,padded,64,88,65536,8656005,462.106942,avx2,avx512-vbmi,avx512-vbmi,x86_64,linux,0
1,commit-3-amd-9950x3d,run-1,1,base64-ng,encode,url-safe,padded,64,88,65536,8696390,459.960972,avx2,avx512-vbmi,avx512-vbmi,x86_64,linux,0
1,commit-3-amd-9950x3d,run-1,2,base64-ng,encode,url-safe,padded,64,88,65536,8666854,461.528485,avx2,avx512-vbmi,avx512-vbmi,x86_64,linux,0
1,commit-3-amd-9950x3d,run-1,3,base64-ng,encode,url-safe,padded,64,88,65536,8676302,461.025907,avx2,avx512-vbmi,avx512-vbmi,x86_64,linux,0
1,commit-3-amd-9950x3d,run-1,4,base64-ng,encode,url-safe,padded,64,88,65536,8693174,460.131133,avx2,avx512-vbmi,avx512-vbmi,x86_64,linux,0
1,commit-3-amd-9950x3d,run-1,0,base64-ng,decode,url-safe,padded,64,88,65536,40162933,99.594320,avx2,avx512-vbmi,avx512-vbmi,x86_64,linux,0
1,commit-3-amd-9950x3d,run-1,1,base64-ng,decode,url-safe,padded,64,88,65536,40221062,99.450382,avx2,avx512-vbmi,avx512-vbmi,x86_64,linux,0
1,commit-3-amd-9950x3d,run-1,2,base64-ng,decode,url-safe,padded,64,88,65536,40228777,99.431310,avx2,avx512-vbmi,avx512-vbmi,x86_64,linux,0
1,commit-3-amd-9950x3d,run-1,3,base64-ng,decode,url-safe,padded,64,88,65536,40259083,99.356461,avx2,avx512-vbmi,avx512-vbmi,x86_64,linux,0
1,commit-3-amd-9950x3d,run-1,4,base64-ng,decode,url-safe,padded,64,88,65536,40124060,99.690809,avx2,avx512-vbmi,avx512-vbmi,x86_64,linux,0
1,commit-3-amd-9950x3d,run-1,0,base64-ng,encode,url-safe,padded,64,88,65536,6582772,607.646748,avx512-vbmi,avx512-vbmi,avx512-vbmi,x86_64,linux,0
1,commit-3-amd-9950x3d,run-1,1,base64-ng,encode,url-safe,padded,64,88,65536,6575578,608.311543,avx512-vbmi,avx512-vbmi,avx512-vbmi,x86_64,linux,0
1,commit-3-amd-9950x3d,run-1,2,base64-ng,encode,url-safe,padded,64,88,65536,6570148,608.814292,avx512-vbmi,avx512-vbmi,avx512-vbmi,x86_64,linux,0
1,commit-3-amd-9950x3d,run-1,3,base64-ng,encode,url-safe,padded,64,88,65536,6576068,608.266216,avx512-vbmi,avx512-vbmi,avx512-vbmi,x86_64,linux,0
1,commit-3-amd-9950x3d,run-1,4,base64-ng,encode,url-safe,padded,64,88,65536,6592951,606.708589,avx512-vbmi,avx512-vbmi,avx512-vbmi,x86_64,linux,0
1,commit-3-amd-9950x3d,run-1,0,base64-ng,decode,url-safe,padded,64,88,65536,33986276,117.694566,avx512-vbmi,avx512-vbmi,avx512-vbmi,x86_64,linux,0
1,commit-3-amd-9950x3d,run-1,1,base64-ng,decode,url-safe,padded,64,88,65536,33995844,117.661441,avx512-vbmi,avx512-vbmi,avx512-vbmi,x86_64,linux,0
1,commit-3-amd-9950x3d,run-1,2,base64-ng,decode,url-safe,padded,64,88,65536,33962441,117.777164,avx512-vbmi,avx512-vbmi,avx512-vbmi,x86_64,linux,0
1,commit-3-amd-9950x3d,run-1,3,base64-ng,decode,url-safe,padded,64,88,65536,34006323,117.625184,avx512-vbmi,avx512-vbmi,avx512-vbmi,x86_64,linux,0
1,commit-3-amd-9950x3d,run-1,4,base64-ng,decode,url-safe,padded,64,88,65536,33997788,117.654713,avx512-vbmi,avx512-vbmi,avx512-vbmi,x86_64,linux,0
1,commit-3-amd-9950x3d,run-1,0,base64-0.23.0,encode,url-safe,padded,64,88,65536,1304165,3067.096571,external,avx512-vbmi,avx512-vbmi,x86_64,linux,0
1,commit-3-amd-9950x3d,run-1,1,base64-0.23.0,encode,url-safe,padded,64,88,65536,1313172,3046.059465,external,avx512-vbmi,avx512-vbmi,x86_64,linux,0
1,commit-3-amd-9950x3d,run-1,2,base64-0.23.0,encode,url-safe,padded,64,88,65536,1324794,3019.337346,external,avx512-vbmi,avx512-vbmi,x86_64,linux,0
1,commit-3-amd-9950x3d,run-1,3,base64-0.23.0,encode,url-safe,padded,64,88,65536,1332328,3002.263707,external,avx512-vbmi,avx512-vbmi,x86_64,linux,0
1,commit-3-amd-9950x3d,run-1,4,base64-0.23.0,encode,url-safe,padded,64,88,65536,1331356,3004.455608,external,avx512-vbmi,avx512-vbmi,x86_64,linux,0
1,commit-3-amd-9950x3d,run-1,0,base64-0.23.0,decode,url-safe,padded,64,88,65536,1830726,2184.925543,external,avx512-vbmi,avx512-vbmi,x86_64,linux,0
1,commit-3-amd-9950x3d,run-1,1,base64-0.23.0,decode,url-safe,padded,64,88,65536,1832830,2182.417355,external,avx512-vbmi,avx512-vbmi,x86_64,linux,0
1,commit-3-amd-9950x3d,run-1,2,base64-0.23.0,decode,url-safe,padded,64,88,65536,1821309,2196.222607,external,avx512-vbmi,avx512-vbmi,x86_64,linux,0
1,commit-3-amd-9950x3d,run-1,3,base64-0.23.0,decode,url-safe,padded,64,88,65536,1823834,2193.182055,external,avx512-vbmi,avx512-vbmi,x86_64,linux,0
1,commit-3-amd-9950x3d,run-1,4,base64-0.23.0,decode,url-safe,padded,64,88,65536,1820818,2196.814838,external,avx512-vbmi,avx512-vbmi,x86_64,linux,0
1,commit-3-amd-9950x3d,run-1,0,base64ct-1.8.3,encode,url-safe,padded,64,88,65536,1925545,2077.333950,external,avx512-vbmi,avx512-vbmi,x86_64,linux,0
1,commit-3-amd-9950x3d,run-1,1,base64ct-1.8.3,encode,url-safe,padded,64,88,65536,1900367,2104.856588,external,avx512-vbmi,avx512-vbmi,x86_64,linux,0
1,commit-3-amd-9950x3d,run-1,2,base64ct-1.8.3,encode,url-safe,padded,64,88,65536,1879278,2128.477000,external,avx512-vbmi,avx512-vbmi,x86_64,linux,0
1,commit-3-amd-9950x3d,run-1,3,base64ct-1.8.3,encode,url-safe,padded,64,88,65536,1899345,2105.989170,external,avx512-vbmi,avx512-vbmi,x86_64,linux,0
1,commit-3-amd-9950x3d,run-1,4,base64ct-1.8.3,encode,url-safe,padded,64,88,65536,1887964,2118.684466,external,avx512-vbmi,avx512-vbmi,x86_64,linux,0
1,commit-3-amd-9950x3d,run-1,0,base64ct-1.8.3,decode,url-safe,padded,64,88,65536,6022597,664.165309,external,avx512-vbmi,avx512-vbmi,x86_64,linux,0
1,commit-3-amd-9950x3d,run-1,1,base64ct-1.8.3,decode,url-safe,padded,64,88,65536,6027236,663.654119,external,avx512-vbmi,avx512-vbmi,x86_64,linux,0
1,commit-3-amd-9950x3d,run-1,2,base64ct-1.8.3,decode,url-safe,padded,64,88,65536,6026284,663.758960,external,avx512-vbmi,avx512-vbmi,x86_64,linux,0
1,commit-3-amd-9950x3d,run-1,3,base64ct-1.8.3,decode,url-safe,padded,64,88,65536,6027656,663.607877,external,avx512-vbmi,avx512-vbmi,x86_64,linux,0
1,commit-3-amd-9950x3d,run-1,4,base64ct-1.8.3,decode,url-safe,padded,64,88,65536,6041342,662.104546,external,avx512-vbmi,avx512-vbmi,x86_64,linux,0
1,commit-3-amd-9950x3d,run-1,0,base64-ng,encode,url-safe,padded,1024,1368,4096,3945687,1013.765157,auto,avx512-vbmi,avx512-vbmi,x86_64,linux,0
1,commit-3-amd-9950x3d,run-1,1,base64-ng,encode,url-safe,padded,1024,1368,4096,3905392,1024.224969,auto,avx512-vbmi,avx512-vbmi,x86_64,linux,0
1,commit-3-amd-9950x3d,run-1,2,base64-ng,encode,url-safe,padded,1024,1368,4096,3944756,1014.004415,auto,avx512-vbmi,avx512-vbmi,x86_64,linux,0
1,commit-3-amd-9950x3d,run-1,3,base64-ng,encode,url-safe,padded,1024,1368,4096,3972067,1007.032359,auto,avx512-vbmi,avx512-vbmi,x86_64,linux,0
1,commit-3-amd-9950x3d,run-1,4,base64-ng,encode,url-safe,padded,1024,1368,4096,3929016,1018.066610,auto,avx512-vbmi,avx512-vbmi,x86_64,linux,0
1,commit-3-amd-9950x3d,run-1,0,base64-ng,decode,url-safe,padded,1024,1368,4096,27494195,145.485256,auto,avx512-vbmi,avx512-vbmi,x86_64,linux,0
1,commit-3-amd-9950x3d,run-1,1,base64-ng,decode,url-safe,padded,1024,1368,4096,27374590,146.120910,auto,avx512-vbmi,avx512-vbmi,x86_64,linux,0
1,commit-3-amd-9950x3d,run-1,2,base64-ng,decode,url-safe,padded,1024,1368,4096,27405157,145.957930,auto,avx512-vbmi,avx512-vbmi,x86_64,linux,0
1,commit-3-amd-9950x3d,run-1,3,base64-ng,decode,url-safe,padded,1024,1368,4096,27451184,145.713205,auto,avx512-vbmi,avx512-vbmi,x86_64,linux,0
1,commit-3-amd-9950x3d,run-1,4,base64-ng,decode,url-safe,padded,1024,1368,4096,27364471,146.174943,auto,avx512-vbmi,avx512-vbmi,x86_64,linux,0
1,commit-3-amd-9950x3d,run-1,0,base64-ng,encode,url-safe,padded,1024,1368,4096,1947777,2053.623182,scalar,avx512-vbmi,avx512-vbmi,x86_64,linux,0
1,commit-3-amd-9950x3d,run-1,1,base64-ng,encode,url-safe,padded,1024,1368,4096,1963796,2036.871447,scalar,avx512-vbmi,avx512-vbmi,x86_64,linux,0
1,commit-3-amd-9950x3d,run-1,2,base64-ng,encode,url-safe,padded,1024,1368,4096,1971471,2028.941841,scalar,avx512-vbmi,avx512-vbmi,x86_64,linux,0
1,commit-3-amd-9950x3d,run-1,3,base64-ng,encode,url-safe,padded,1024,1368,4096,1977212,2023.050639,scalar,avx512-vbmi,avx512-vbmi,x86_64,linux,0
1,commit-3-amd-9950x3d,run-1,4,base64-ng,encode,url-safe,padded,1024,1368,4096,1972553,2027.828910,scalar,avx512-vbmi,avx512-vbmi,x86_64,linux,0
1,commit-3-amd-9950x3d,run-1,0,base64-ng,decode,url-safe,padded,1024,1368,4096,12891958,310.270946,scalar,avx512-vbmi,avx512-vbmi,x86_64,linux,0
1,commit-3-amd-9950x3d,run-1,1,base64-ng,decode,url-safe,padded,1024,1368,4096,12893201,310.241033,scalar,avx512-vbmi,avx512-vbmi,x86_64,linux,0
1,commit-3-amd-9950x3d,run-1,2,base64-ng,decode,url-safe,padded,1024,1368,4096,12949236,308.898533,scalar,avx512-vbmi,avx512-vbmi,x86_64,linux,0
1,commit-3-amd-9950x3d,run-1,3,base64-ng,decode,url-safe,padded,1024,1368,4096,12890184,310.313646,scalar,avx512-vbmi,avx512-vbmi,x86_64,linux,0
1,commit-3-amd-9950x3d,run-1,4,base64-ng,decode,url-safe,padded,1024,1368,4096,12882861,310.490038,scalar,avx512-vbmi,avx512-vbmi,x86_64,linux,0
1,commit-3-amd-9950x3d,run-1,0,base64-ng,encode,url-safe,padded,1024,1368,4096,11890473,336.403775,ssse3-sse4.1,avx512-vbmi,avx512-vbmi,x86_64,linux,0
1,commit-3-amd-9950x3d,run-1,1,base64-ng,encode,url-safe,padded,1024,1368,4096,11833856,338.013239,ssse3-sse4.1,avx512-vbmi,avx512-vbmi,x86_64,linux,0
1,commit-3-amd-9950x3d,run-1,2,base64-ng,encode,url-safe,padded,1024,1368,4096,11857370,337.342935,ssse3-sse4.1,avx512-vbmi,avx512-vbmi,x86_64,linux,0
1,commit-3-amd-9950x3d,run-1,3,base64-ng,encode,url-safe,padded,1024,1368,4096,11832473,338.052747,ssse3-sse4.1,avx512-vbmi,avx512-vbmi,x86_64,linux,0
1,commit-3-amd-9950x3d,run-1,4,base64-ng,encode,url-safe,padded,1024,1368,4096,11844306,337.715017,ssse3-sse4.1,avx512-vbmi,avx512-vbmi,x86_64,linux,0
1,commit-3-amd-9950x3d,run-1,0,base64-ng,decode,url-safe,padded,1024,1368,4096,50309643,79.507620,ssse3-sse4.1,avx512-vbmi,avx512-vbmi,x86_64,linux,0
1,commit-3-amd-9950x3d,run-1,1,base64-ng,decode,url-safe,padded,1024,1368,4096,50290206,79.538350,ssse3-sse4.1,avx512-vbmi,avx512-vbmi,x86_64,linux,0
1,commit-3-amd-9950x3d,run-1,2,base64-ng,decode,url-safe,padded,1024,1368,4096,50156194,79.750868,ssse3-sse4.1,avx512-vbmi,avx512-vbmi,x86_64,linux,0
1,commit-3-amd-9950x3d,run-1,3,base64-ng,decode,url-safe,padded,1024,1368,4096,50119224,79.809695,ssse3-sse4.1,avx512-vbmi,avx512-vbmi,x86_64,linux,0
1,commit-3-amd-9950x3d,run-1,4,base64-ng,decode,url-safe,padded,1024,1368,4096,50418157,79.336498,ssse3-sse4.1,avx512-vbmi,avx512-vbmi,x86_64,linux,0
1,commit-3-amd-9950x3d,run-1,0,base64-ng,encode,url-safe,padded,1024,1368,4096,6522468,613.264795,avx2,avx512-vbmi,avx512-vbmi,x86_64,linux,0
1,commit-3-amd-9950x3d,run-1,1,base64-ng,encode,url-safe,padded,1024,1368,4096,6677910,598.989804,avx2,avx512-vbmi,avx512-vbmi,x86_64,linux,0
1,commit-3-amd-9950x3d,run-1,2,base64-ng,encode,url-safe,padded,1024,1368,4096,6520594,613.441045,avx2,avx512-vbmi,avx512-vbmi,x86_64,linux,0
1,commit-3-amd-9950x3d,run-1,3,base64-ng,encode,url-safe,padded,1024,1368,4096,6508311,614.598780,avx2,avx512-vbmi,avx512-vbmi,x86_64,linux,0
1,commit-3-amd-9950x3d,run-1,4,base64-ng,encode,url-safe,padded,1024,1368,4096,6510966,614.348163,avx2,avx512-vbmi,avx512-vbmi,x86_64,linux,0
1,commit-3-amd-9950x3d,run-1,0,base64-ng,decode,url-safe,padded,1024,1368,4096,35433911,112.886212,avx2,avx512-vbmi,avx512-vbmi,x86_64,linux,0
1,commit-3-amd-9950x3d,run-1,1,base64-ng,decode,url-safe,padded,1024,1368,4096,35390890,113.023436,avx2,avx512-vbmi,avx512-vbmi,x86_64,linux,0
1,commit-3-amd-9950x3d,run-1,2,base64-ng,decode,url-safe,padded,1024,1368,4096,35379889,113.058580,avx2,avx512-vbmi,avx512-vbmi,x86_64,linux,0
1,commit-3-amd-9950x3d,run-1,3,base64-ng,decode,url-safe,padded,1024,1368,4096,35383245,113.047856,avx2,avx512-vbmi,avx512-vbmi,x86_64,linux,0
1,commit-3-amd-9950x3d,run-1,4,base64-ng,decode,url-safe,padded,1024,1368,4096,35342950,113.176744,avx2,avx512-vbmi,avx512-vbmi,x86_64,linux,0
1,commit-3-amd-9950x3d,run-1,0,base64-ng,encode,url-safe,padded,1024,1368,4096,3792268,1054.777774,avx512-vbmi,avx512-vbmi,avx512-vbmi,x86_64,linux,0
1,commit-3-amd-9950x3d,run-1,1,base64-ng,encode,url-safe,padded,1024,1368,4096,3717307,1076.047795,avx512-vbmi,avx512-vbmi,avx512-vbmi,x86_64,linux,0
1,commit-3-amd-9950x3d,run-1,2,base64-ng,encode,url-safe,padded,1024,1368,4096,3710364,1078.061344,avx512-vbmi,avx512-vbmi,avx512-vbmi,x86_64,linux,0
1,commit-3-amd-9950x3d,run-1,3,base64-ng,encode,url-safe,padded,1024,1368,4096,3707419,1078.917705,avx512-vbmi,avx512-vbmi,avx512-vbmi,x86_64,linux,0
1,commit-3-amd-9950x3d,run-1,4,base64-ng,encode,url-safe,padded,1024,1368,4096,3715974,1076.433796,avx512-vbmi,avx512-vbmi,avx512-vbmi,x86_64,linux,0
1,commit-3-amd-9950x3d,run-1,0,base64-ng,decode,url-safe,padded,1024,1368,4096,27575548,145.056047,avx512-vbmi,avx512-vbmi,avx512-vbmi,x86_64,linux,0
1,commit-3-amd-9950x3d,run-1,1,base64-ng,decode,url-safe,padded,1024,1368,4096,27531435,145.288468,avx512-vbmi,avx512-vbmi,avx512-vbmi,x86_64,linux,0
1,commit-3-amd-9950x3d,run-1,2,base64-ng,decode,url-safe,padded,1024,1368,4096,27546183,145.210681,avx512-vbmi,avx512-vbmi,avx512-vbmi,x86_64,linux,0
1,commit-3-amd-9950x3d,run-1,3,base64-ng,decode,url-safe,padded,1024,1368,4096,27580919,145.027800,avx512-vbmi,avx512-vbmi,avx512-vbmi,x86_64,linux,0
1,commit-3-amd-9950x3d,run-1,4,base64-ng,decode,url-safe,padded,1024,1368,4096,27627196,144.784871,avx512-vbmi,avx512-vbmi,avx512-vbmi,x86_64,linux,0
1,commit-3-amd-9950x3d,run-1,0,base64-0.23.0,encode,url-safe,padded,1024,1368,4096,810606,4934.579808,external,avx512-vbmi,avx512-vbmi,x86_64,linux,0
1,commit-3-amd-9950x3d,run-1,1,base64-0.23.0,encode,url-safe,padded,1024,1368,4096,809825,4939.338746,external,avx512-vbmi,avx512-vbmi,x86_64,linux,0
1,commit-3-amd-9950x3d,run-1,2,base64-0.23.0,encode,url-safe,padded,1024,1368,4096,814884,4908.674118,external,avx512-vbmi,avx512-vbmi,x86_64,linux,0
1,commit-3-amd-9950x3d,run-1,3,base64-0.23.0,encode,url-safe,padded,1024,1368,4096,823089,4859.741778,external,avx512-vbmi,avx512-vbmi,x86_64,linux,0
1,commit-3-amd-9950x3d,run-1,4,base64-0.23.0,encode,url-safe,padded,1024,1368,4096,824302,4852.590434,external,avx512-vbmi,avx512-vbmi,x86_64,linux,0
1,commit-3-amd-9950x3d,run-1,0,base64-0.23.0,decode,url-safe,padded,1024,1368,4096,1009851,3960.980382,external,avx512-vbmi,avx512-vbmi,x86_64,linux,0
1,commit-3-amd-9950x3d,run-1,1,base64-0.23.0,decode,url-safe,padded,1024,1368,4096,1012426,3950.906042,external,avx512-vbmi,avx512-vbmi,x86_64,linux,0
1,commit-3-amd-9950x3d,run-1,2,base64-0.23.0,decode,url-safe,padded,1024,1368,4096,1015842,3937.620220,external,avx512-vbmi,avx512-vbmi,x86_64,linux,0
1,commit-3-amd-9950x3d,run-1,3,base64-0.23.0,decode,url-safe,padded,1024,1368,4096,1015371,3939.446764,external,avx512-vbmi,avx512-vbmi,x86_64,linux,0
1,commit-3-amd-9950x3d,run-1,4,base64-0.23.0,decode,url-safe,padded,1024,1368,4096,1017085,3932.807976,external,avx512-vbmi,avx512-vbmi,x86_64,linux,0
1,commit-3-amd-9950x3d,run-1,0,base64ct-1.8.3,encode,url-safe,padded,1024,1368,4096,1375940,2907.103507,external,avx512-vbmi,avx512-vbmi,x86_64,linux,0
1,commit-3-amd-9950x3d,run-1,1,base64ct-1.8.3,encode,url-safe,padded,1024,1368,4096,1354780,2952.508894,external,avx512-vbmi,avx512-vbmi,x86_64,linux,0
1,commit-3-amd-9950x3d,run-1,2,base64ct-1.8.3,encode,url-safe,padded,1024,1368,4096,1365401,2929.542310,external,avx512-vbmi,avx512-vbmi,x86_64,linux,0
1,commit-3-amd-9950x3d,run-1,3,base64ct-1.8.3,encode,url-safe,padded,1024,1368,4096,1364178,2932.168676,external,avx512-vbmi,avx512-vbmi,x86_64,linux,0
1,commit-3-amd-9950x3d,run-1,4,base64ct-1.8.3,encode,url-safe,padded,1024,1368,4096,1367995,2923.987295,external,avx512-vbmi,avx512-vbmi,x86_64,linux,0
1,commit-3-amd-9950x3d,run-1,0,base64ct-1.8.3,decode,url-safe,padded,1024,1368,4096,4619486,865.897202,external,avx512-vbmi,avx512-vbmi,x86_64,linux,0
1,commit-3-amd-9950x3d,run-1,1,base64ct-1.8.3,decode,url-safe,padded,1024,1368,4096,4617371,866.293828,external,avx512-vbmi,avx512-vbmi,x86_64,linux,0
1,commit-3-amd-9950x3d,run-1,2,base64ct-1.8.3,decode,url-safe,padded,1024,1368,4096,4636688,862.684744,external,avx512-vbmi,avx512-vbmi,x86_64,linux,0
1,commit-3-amd-9950x3d,run-1,3,base64ct-1.8.3,decode,url-safe,padded,1024,1368,4096,4630988,863.746570,external,avx512-vbmi,avx512-vbmi,x86_64,linux,0
1,commit-3-amd-9950x3d,run-1,4,base64ct-1.8.3,decode,url-safe,padded,1024,1368,4096,4626559,864.573434,external,avx512-vbmi,avx512-vbmi,x86_64,linux,0
1,commit-3-amd-9950x3d,run-1,0,base64-ng,encode,url-safe,padded,65536,87384,64,3512111,1138.916168,auto,avx512-vbmi,avx512-vbmi,x86_64,linux,0
1,commit-3-amd-9950x3d,run-1,1,base64-ng,encode,url-safe,padded,65536,87384,64,3494258,1144.735163,auto,avx512-vbmi,avx512-vbmi,x86_64,linux,0
1,commit-3-amd-9950x3d,run-1,2,base64-ng,encode,url-safe,padded,65536,87384,64,3491843,1145.526875,auto,avx512-vbmi,avx512-vbmi,x86_64,linux,0
1,commit-3-amd-9950x3d,run-1,3,base64-ng,encode,url-safe,padded,65536,87384,64,3518733,1136.772810,auto,avx512-vbmi,avx512-vbmi,x86_64,linux,0
1,commit-3-amd-9950x3d,run-1,4,base64-ng,encode,url-safe,padded,65536,87384,64,3480862,1149.140644,auto,avx512-vbmi,avx512-vbmi,x86_64,linux,0
1,commit-3-amd-9950x3d,run-1,0,base64-ng,decode,url-safe,padded,65536,87384,64,26898123,148.709261,auto,avx512-vbmi,avx512-vbmi,x86_64,linux,0
1,commit-3-amd-9950x3d,run-1,1,base64-ng,decode,url-safe,padded,65536,87384,64,26905106,148.670665,auto,avx512-vbmi,avx512-vbmi,x86_64,linux,0
1,commit-3-amd-9950x3d,run-1,2,base64-ng,decode,url-safe,padded,65536,87384,64,26924483,148.563670,auto,avx512-vbmi,avx512-vbmi,x86_64,linux,0
1,commit-3-amd-9950x3d,run-1,3,base64-ng,decode,url-safe,padded,65536,87384,64,26953186,148.405461,auto,avx512-vbmi,avx512-vbmi,x86_64,linux,0
1,commit-3-amd-9950x3d,run-1,4,base64-ng,decode,url-safe,padded,65536,87384,64,26907220,148.658984,auto,avx512-vbmi,avx512-vbmi,x86_64,linux,0
1,commit-3-amd-9950x3d,run-1,0,base64-ng,encode,url-safe,padded,65536,87384,64,1793146,2230.716294,scalar,avx512-vbmi,avx512-vbmi,x86_64,linux,0
1,commit-3-amd-9950x3d,run-1,1,base64-ng,encode,url-safe,padded,65536,87384,64,1804908,2216.179440,scalar,avx512-vbmi,avx512-vbmi,x86_64,linux,0
1,commit-3-amd-9950x3d,run-1,2,base64-ng,encode,url-safe,padded,65536,87384,64,1818002,2200.217602,scalar,avx512-vbmi,avx512-vbmi,x86_64,linux,0
1,commit-3-amd-9950x3d,run-1,3,base64-ng,encode,url-safe,padded,65536,87384,64,1817772,2200.495992,scalar,avx512-vbmi,avx512-vbmi,x86_64,linux,0
1,commit-3-amd-9950x3d,run-1,4,base64-ng,encode,url-safe,padded,65536,87384,64,1816029,2202.607998,scalar,avx512-vbmi,avx512-vbmi,x86_64,linux,0
1,commit-3-amd-9950x3d,run-1,0,base64-ng,decode,url-safe,padded,65536,87384,64,12791228,312.714307,scalar,avx512-vbmi,avx512-vbmi,x86_64,linux,0
1,commit-3-amd-9950x3d,run-1,1,base64-ng,decode,url-safe,padded,65536,87384,64,12785348,312.858125,scalar,avx512-vbmi,avx512-vbmi,x86_64,linux,0
1,commit-3-amd-9950x3d,run-1,2,base64-ng,decode,url-safe,padded,65536,87384,64,12784054,312.889792,scalar,avx512-vbmi,avx512-vbmi,x86_64,linux,0
1,commit-3-amd-9950x3d,run-1,3,base64-ng,decode,url-safe,padded,65536,87384,64,12783002,312.915542,scalar,avx512-vbmi,avx512-vbmi,x86_64,linux,0
1,commit-3-amd-9950x3d,run-1,4,base64-ng,decode,url-safe,padded,65536,87384,64,12784185,312.886586,scalar,avx512-vbmi,avx512-vbmi,x86_64,linux,0
1,commit-3-amd-9950x3d,run-1,0,base64-ng,encode,url-safe,padded,65536,87384,64,11776688,339.654069,ssse3-sse4.1,avx512-vbmi,avx512-vbmi,x86_64,linux,0
1,commit-3-amd-9950x3d,run-1,1,base64-ng,encode,url-safe,padded,65536,87384,64,11756180,340.246577,ssse3-sse4.1,avx512-vbmi,avx512-vbmi,x86_64,linux,0
1,commit-3-amd-9950x3d,run-1,2,base64-ng,encode,url-safe,padded,65536,87384,64,11759216,340.158732,ssse3-sse4.1,avx512-vbmi,avx512-vbmi,x86_64,linux,0
1,commit-3-amd-9950x3d,run-1,3,base64-ng,encode,url-safe,padded,65536,87384,64,11775156,339.698260,ssse3-sse4.1,avx512-vbmi,avx512-vbmi,x86_64,linux,0
1,commit-3-amd-9950x3d,run-1,4,base64-ng,encode,url-safe,padded,65536,87384,64,11711286,341.550877,ssse3-sse4.1,avx512-vbmi,avx512-vbmi,x86_64,linux,0
1,commit-3-amd-9950x3d,run-1,0,base64-ng,decode,url-safe,padded,65536,87384,64,50216447,79.655178,ssse3-sse4.1,avx512-vbmi,avx512-vbmi,x86_64,linux,0
1,commit-3-amd-9950x3d,run-1,1,base64-ng,decode,url-safe,padded,65536,87384,64,50138180,79.779521,ssse3-sse4.1,avx512-vbmi,avx512-vbmi,x86_64,linux,0
1,commit-3-amd-9950x3d,run-1,2,base64-ng,decode,url-safe,padded,65536,87384,64,49970745,80.046835,ssse3-sse4.1,avx512-vbmi,avx512-vbmi,x86_64,linux,0
1,commit-3-amd-9950x3d,run-1,3,base64-ng,decode,url-safe,padded,65536,87384,64,49819681,80.289555,ssse3-sse4.1,avx512-vbmi,avx512-vbmi,x86_64,linux,0
1,commit-3-amd-9950x3d,run-1,4,base64-ng,decode,url-safe,padded,65536,87384,64,50055915,79.910636,ssse3-sse4.1,avx512-vbmi,avx512-vbmi,x86_64,linux,0
1,commit-3-amd-9950x3d,run-1,0,base64-ng,encode,url-safe,padded,65536,87384,64,6267538,638.209134,avx2,avx512-vbmi,avx512-vbmi,x86_64,linux,0
1,commit-3-amd-9950x3d,run-1,1,base64-ng,encode,url-safe,padded,65536,87384,64,6249534,640.047722,avx2,avx512-vbmi,avx512-vbmi,x86_64,linux,0
1,commit-3-amd-9950x3d,run-1,2,base64-ng,encode,url-safe,padded,65536,87384,64,6248071,640.197591,avx2,avx512-vbmi,avx512-vbmi,x86_64,linux,0
1,commit-3-amd-9950x3d,run-1,3,base64-ng,encode,url-safe,padded,65536,87384,64,6249274,640.074351,avx2,avx512-vbmi,avx512-vbmi,x86_64,linux,0
1,commit-3-amd-9950x3d,run-1,4,base64-ng,encode,url-safe,padded,65536,87384,64,6244274,640.586880,avx2,avx512-vbmi,avx512-vbmi,x86_64,linux,0
1,commit-3-amd-9950x3d,run-1,0,base64-ng,decode,url-safe,padded,65536,87384,64,34831076,114.839978,avx2,avx512-vbmi,avx512-vbmi,x86_64,linux,0
1,commit-3-amd-9950x3d,run-1,1,base64-ng,decode,url-safe,padded,65536,87384,64,34838921,114.814118,avx2,avx512-vbmi,avx512-vbmi,x86_64,linux,0
1,commit-3-amd-9950x3d,run-1,2,base64-ng,decode,url-safe,padded,65536,87384,64,34833430,114.832217,avx2,avx512-vbmi,avx512-vbmi,x86_64,linux,0
1,commit-3-amd-9950x3d,run-1,3,base64-ng,decode,url-safe,padded,65536,87384,64,34862135,114.737666,avx2,avx512-vbmi,avx512-vbmi,x86_64,linux,0
1,commit-3-amd-9950x3d,run-1,4,base64-ng,decode,url-safe,padded,65536,87384,64,34830004,114.843513,avx2,avx512-vbmi,avx512-vbmi,x86_64,linux,0
1,commit-3-amd-9950x3d,run-1,0,base64-ng,encode,url-safe,padded,65536,87384,64,3479390,1149.626802,avx512-vbmi,avx512-vbmi,avx512-vbmi,x86_64,linux,0
1,commit-3-amd-9950x3d,run-1,1,base64-ng,encode,url-safe,padded,65536,87384,64,3474440,1151.264664,avx512-vbmi,avx512-vbmi,avx512-vbmi,x86_64,linux,0
1,commit-3-amd-9950x3d,run-1,2,base64-ng,encode,url-safe,padded,65536,87384,64,3479539,1149.577573,avx512-vbmi,avx512-vbmi,avx512-vbmi,x86_64,linux,0
1,commit-3-amd-9950x3d,run-1,3,base64-ng,encode,url-safe,padded,65536,87384,64,3486554,1147.264606,avx512-vbmi,avx512-vbmi,avx512-vbmi,x86_64,linux,0
1,commit-3-amd-9950x3d,run-1,4,base64-ng,encode,url-safe,padded,65536,87384,64,3475552,1150.896318,avx512-vbmi,avx512-vbmi,avx512-vbmi,x86_64,linux,0
1,commit-3-amd-9950x3d,run-1,0,base64-ng,decode,url-safe,padded,65536,87384,64,26776464,149.384923,avx512-vbmi,avx512-vbmi,avx512-vbmi,x86_64,linux,0
1,commit-3-amd-9950x3d,run-1,1,base64-ng,decode,url-safe,padded,65536,87384,64,26886441,148.773875,avx512-vbmi,avx512-vbmi,avx512-vbmi,x86_64,linux,0
1,commit-3-amd-9950x3d,run-1,2,base64-ng,decode,url-safe,padded,65536,87384,64,26835295,149.057426,avx512-vbmi,avx512-vbmi,avx512-vbmi,x86_64,linux,0
1,commit-3-amd-9950x3d,run-1,3,base64-ng,decode,url-safe,padded,65536,87384,64,26831598,149.077964,avx512-vbmi,avx512-vbmi,avx512-vbmi,x86_64,linux,0
1,commit-3-amd-9950x3d,run-1,4,base64-ng,decode,url-safe,padded,65536,87384,64,26927077,148.549358,avx512-vbmi,avx512-vbmi,avx512-vbmi,x86_64,linux,0
1,commit-3-amd-9950x3d,run-1,0,base64-0.23.0,encode,url-safe,padded,65536,87384,64,790037,5063.054009,external,avx512-vbmi,avx512-vbmi,x86_64,linux,0
1,commit-3-amd-9950x3d,run-1,1,base64-0.23.0,encode,url-safe,padded,65536,87384,64,789286,5067.871469,external,avx512-vbmi,avx512-vbmi,x86_64,linux,0
1,commit-3-amd-9950x3d,run-1,2,base64-0.23.0,encode,url-safe,padded,65536,87384,64,793394,5041.631270,external,avx512-vbmi,avx512-vbmi,x86_64,linux,0
1,commit-3-amd-9950x3d,run-1,3,base64-0.23.0,encode,url-safe,padded,65536,87384,64,798312,5010.572308,external,avx512-vbmi,avx512-vbmi,x86_64,linux,0
1,commit-3-amd-9950x3d,run-1,4,base64-0.23.0,encode,url-safe,padded,65536,87384,64,802551,4984.106929,external,avx512-vbmi,avx512-vbmi,x86_64,linux,0
1,commit-3-amd-9950x3d,run-1,0,base64-0.23.0,decode,url-safe,padded,65536,87384,64,943085,4241.399238,external,avx512-vbmi,avx512-vbmi,x86_64,linux,0
1,commit-3-amd-9950x3d,run-1,1,base64-0.23.0,decode,url-safe,padded,65536,87384,64,946652,4225.417577,external,avx512-vbmi,avx512-vbmi,x86_64,linux,0
1,commit-3-amd-9950x3d,run-1,2,base64-0.23.0,decode,url-safe,padded,65536,87384,64,946201,4227.431592,external,avx512-vbmi,avx512-vbmi,x86_64,linux,0
1,commit-3-amd-9950x3d,run-1,3,base64-0.23.0,decode,url-safe,padded,65536,87384,64,948535,4217.029419,external,avx512-vbmi,avx512-vbmi,x86_64,linux,0
1,commit-3-amd-9950x3d,run-1,4,base64-0.23.0,decode,url-safe,padded,65536,87384,64,947634,4221.038924,external,avx512-vbmi,avx512-vbmi,x86_64,linux,0
1,commit-3-amd-9950x3d,run-1,0,base64ct-1.8.3,encode,url-safe,padded,65536,87384,64,1331516,3004.094581,external,avx512-vbmi,avx512-vbmi,x86_64,linux,0
1,commit-3-amd-9950x3d,run-1,1,base64ct-1.8.3,encode,url-safe,padded,65536,87384,64,1322850,3023.774426,external,avx512-vbmi,avx512-vbmi,x86_64,linux,0
1,commit-3-amd-9950x3d,run-1,2,base64ct-1.8.3,encode,url-safe,padded,65536,87384,64,1332538,3001.790568,external,avx512-vbmi,avx512-vbmi,x86_64,linux,0
1,commit-3-amd-9950x3d,run-1,3,base64ct-1.8.3,encode,url-safe,padded,65536,87384,64,1330905,3005.473719,external,avx512-vbmi,avx512-vbmi,x86_64,linux,0
1,commit-3-amd-9950x3d,run-1,4,base64ct-1.8.3,encode,url-safe,padded,65536,87384,64,1330344,3006.741114,external,avx512-vbmi,avx512-vbmi,x86_64,linux,0
1,commit-3-amd-9950x3d,run-1,0,base64ct-1.8.3,decode,url-safe,padded,65536,87384,64,4533003,882.417241,external,avx512-vbmi,avx512-vbmi,x86_64,linux,0
1,commit-3-amd-9950x3d,run-1,1,base64ct-1.8.3,decode,url-safe,padded,65536,87384,64,4533073,882.403615,external,avx512-vbmi,avx512-vbmi,x86_64,linux,0
1,commit-3-amd-9950x3d,run-1,2,base64ct-1.8.3,decode,url-safe,padded,65536,87384,64,4532792,882.458317,external,avx512-vbmi,avx512-vbmi,x86_64,linux,0
1,commit-3-amd-9950x3d,run-1,3,base64ct-1.8.3,decode,url-safe,padded,65536,87384,64,4530338,882.936328,external,avx512-vbmi,avx512-vbmi,x86_64,linux,0
1,commit-3-amd-9950x3d,run-1,4,base64ct-1.8.3,decode,url-safe,padded,65536,87384,64,4549143,879.286494,external,avx512-vbmi,avx512-vbmi,x86_64,linux,0
1,commit-3-amd-9950x3d,run-1,0,base64-ng,encode,url-safe,unpadded,1,2,4194304,35230348,113.538475,auto,avx512-vbmi,avx512-vbmi,x86_64,linux,0
1,commit-3-amd-9950x3d,run-1,1,base64-ng,encode,url-safe,unpadded,1,2,4194304,35215400,113.586669,auto,avx512-vbmi,avx512-vbmi,x86_64,linux,0
1,commit-3-amd-9950x3d,run-1,2,base64-ng,encode,url-safe,unpadded,1,2,4194304,35246548,113.486291,auto,avx512-vbmi,avx512-vbmi,x86_64,linux,0
1,commit-3-amd-9950x3d,run-1,3,base64-ng,encode,url-safe,unpadded,1,2,4194304,35258340,113.448336,auto,avx512-vbmi,avx512-vbmi,x86_64,linux,0
1,commit-3-amd-9950x3d,run-1,4,base64-ng,encode,url-safe,unpadded,1,2,4194304,35262749,113.434151,auto,avx512-vbmi,avx512-vbmi,x86_64,linux,0
1,commit-3-amd-9950x3d,run-1,0,base64-ng,decode,url-safe,unpadded,1,2,4194304,58714975,68.125721,auto,avx512-vbmi,avx512-vbmi,x86_64,linux,0
1,commit-3-amd-9950x3d,run-1,1,base64-ng,decode,url-safe,unpadded,1,2,4194304,57419146,69.663175,auto,avx512-vbmi,avx512-vbmi,x86_64,linux,0
1,commit-3-amd-9950x3d,run-1,2,base64-ng,decode,url-safe,unpadded,1,2,4194304,56708218,70.536514,auto,avx512-vbmi,avx512-vbmi,x86_64,linux,0
1,commit-3-amd-9950x3d,run-1,3,base64-ng,decode,url-safe,unpadded,1,2,4194304,56959200,70.225705,auto,avx512-vbmi,avx512-vbmi,x86_64,linux,0
1,commit-3-amd-9950x3d,run-1,4,base64-ng,decode,url-safe,unpadded,1,2,4194304,57342401,69.756409,auto,avx512-vbmi,avx512-vbmi,x86_64,linux,0
1,commit-3-amd-9950x3d,run-1,0,base64-ng,encode,url-safe,unpadded,1,2,4194304,26104108,153.232587,scalar,avx512-vbmi,avx512-vbmi,x86_64,linux,0
1,commit-3-amd-9950x3d,run-1,1,base64-ng,encode,url-safe,unpadded,1,2,4194304,26108557,153.206476,scalar,avx512-vbmi,avx512-vbmi,x86_64,linux,0
1,commit-3-amd-9950x3d,run-1,2,base64-ng,encode,url-safe,unpadded,1,2,4194304,26408762,151.464881,scalar,avx512-vbmi,avx512-vbmi,x86_64,linux,0
1,commit-3-amd-9950x3d,run-1,3,base64-ng,encode,url-safe,unpadded,1,2,4194304,26383975,151.607178,scalar,avx512-vbmi,avx512-vbmi,x86_64,linux,0
1,commit-3-amd-9950x3d,run-1,4,base64-ng,encode,url-safe,unpadded,1,2,4194304,26133303,153.061402,scalar,avx512-vbmi,avx512-vbmi,x86_64,linux,0
1,commit-3-amd-9950x3d,run-1,0,base64-ng,decode,url-safe,unpadded,1,2,4194304,34674791,115.357581,scalar,avx512-vbmi,avx512-vbmi,x86_64,linux,0
1,commit-3-amd-9950x3d,run-1,1,base64-ng,decode,url-safe,unpadded,1,2,4194304,34594080,115.626720,scalar,avx512-vbmi,avx512-vbmi,x86_64,linux,0
1,commit-3-amd-9950x3d,run-1,2,base64-ng,decode,url-safe,unpadded,1,2,4194304,35512339,112.636906,scalar,avx512-vbmi,avx512-vbmi,x86_64,linux,0
1,commit-3-amd-9950x3d,run-1,3,base64-ng,decode,url-safe,unpadded,1,2,4194304,35503873,112.663765,scalar,avx512-vbmi,avx512-vbmi,x86_64,linux,0
1,commit-3-amd-9950x3d,run-1,4,base64-ng,decode,url-safe,unpadded,1,2,4194304,34432345,116.169840,scalar,avx512-vbmi,avx512-vbmi,x86_64,linux,0
1,commit-3-amd-9950x3d,run-1,0,base64-ng,encode,url-safe,unpadded,1,2,4194304,32783953,122.010912,ssse3-sse4.1,avx512-vbmi,avx512-vbmi,x86_64,linux,0
1,commit-3-amd-9950x3d,run-1,1,base64-ng,encode,url-safe,unpadded,1,2,4194304,32927904,121.477516,ssse3-sse4.1,avx512-vbmi,avx512-vbmi,x86_64,linux,0
1,commit-3-amd-9950x3d,run-1,2,base64-ng,encode,url-safe,unpadded,1,2,4194304,32909189,121.546599,ssse3-sse4.1,avx512-vbmi,avx512-vbmi,x86_64,linux,0
1,commit-3-amd-9950x3d,run-1,3,base64-ng,encode,url-safe,unpadded,1,2,4194304,32665078,122.454935,ssse3-sse4.1,avx512-vbmi,avx512-vbmi,x86_64,linux,0
1,commit-3-amd-9950x3d,run-1,4,base64-ng,encode,url-safe,unpadded,1,2,4194304,32761300,122.095277,ssse3-sse4.1,avx512-vbmi,avx512-vbmi,x86_64,linux,0
1,commit-3-amd-9950x3d,run-1,0,base64-ng,decode,url-safe,unpadded,1,2,4194304,42357003,94.435388,ssse3-sse4.1,avx512-vbmi,avx512-vbmi,x86_64,linux,0
1,commit-3-amd-9950x3d,run-1,1,base64-ng,decode,url-safe,unpadded,1,2,4194304,42286500,94.592837,ssse3-sse4.1,avx512-vbmi,avx512-vbmi,x86_64,linux,0
1,commit-3-amd-9950x3d,run-1,2,base64-ng,decode,url-safe,unpadded,1,2,4194304,42216959,94.748653,ssse3-sse4.1,avx512-vbmi,avx512-vbmi,x86_64,linux,0
1,commit-3-amd-9950x3d,run-1,3,base64-ng,decode,url-safe,unpadded,1,2,4194304,41963151,95.321726,ssse3-sse4.1,avx512-vbmi,avx512-vbmi,x86_64,linux,0
1,commit-3-amd-9950x3d,run-1,4,base64-ng,decode,url-safe,unpadded,1,2,4194304,42009679,95.216152,ssse3-sse4.1,avx512-vbmi,avx512-vbmi,x86_64,linux,0
1,commit-3-amd-9950x3d,run-1,0,base64-ng,encode,url-safe,unpadded,1,2,4194304,32606999,122.673049,avx2,avx512-vbmi,avx512-vbmi,x86_64,linux,0
1,commit-3-amd-9950x3d,run-1,1,base64-ng,encode,url-safe,unpadded,1,2,4194304,32752153,122.129376,avx2,avx512-vbmi,avx512-vbmi,x86_64,linux,0
1,commit-3-amd-9950x3d,run-1,2,base64-ng,encode,url-safe,unpadded,1,2,4194304,32511320,123.034069,avx2,avx512-vbmi,avx512-vbmi,x86_64,linux,0
1,commit-3-amd-9950x3d,run-1,3,base64-ng,encode,url-safe,unpadded,1,2,4194304,32462197,123.220249,avx2,avx512-vbmi,avx512-vbmi,x86_64,linux,0
1,commit-3-amd-9950x3d,run-1,4,base64-ng,encode,url-safe,unpadded,1,2,4194304,32452078,123.258671,avx2,avx512-vbmi,avx512-vbmi,x86_64,linux,0
1,commit-3-amd-9950x3d,run-1,0,base64-ng,decode,url-safe,unpadded,1,2,4194304,46804625,85.461640,avx2,avx512-vbmi,avx512-vbmi,x86_64,linux,0
1,commit-3-amd-9950x3d,run-1,1,base64-ng,decode,url-safe,unpadded,1,2,4194304,47214316,84.720067,avx2,avx512-vbmi,avx512-vbmi,x86_64,linux,0
1,commit-3-amd-9950x3d,run-1,2,base64-ng,decode,url-safe,unpadded,1,2,4194304,45034102,88.821578,avx2,avx512-vbmi,avx512-vbmi,x86_64,linux,0
1,commit-3-amd-9950x3d,run-1,3,base64-ng,decode,url-safe,unpadded,1,2,4194304,44289551,90.314756,avx2,avx512-vbmi,avx512-vbmi,x86_64,linux,0
1,commit-3-amd-9950x3d,run-1,4,base64-ng,decode,url-safe,unpadded,1,2,4194304,44263241,90.368439,avx2,avx512-vbmi,avx512-vbmi,x86_64,linux,0
1,commit-3-amd-9950x3d,run-1,0,base64-ng,encode,url-safe,unpadded,1,2,4194304,33611991,119.005149,avx512-vbmi,avx512-vbmi,avx512-vbmi,x86_64,linux,0
1,commit-3-amd-9950x3d,run-1,1,base64-ng,encode,url-safe,unpadded,1,2,4194304,33723882,118.610307,avx512-vbmi,avx512-vbmi,avx512-vbmi,x86_64,linux,0
1,commit-3-amd-9950x3d,run-1,2,base64-ng,encode,url-safe,unpadded,1,2,4194304,33793523,118.365877,avx512-vbmi,avx512-vbmi,avx512-vbmi,x86_64,linux,0
1,commit-3-amd-9950x3d,run-1,3,base64-ng,encode,url-safe,unpadded,1,2,4194304,33743630,118.540892,avx512-vbmi,avx512-vbmi,avx512-vbmi,x86_64,linux,0
1,commit-3-amd-9950x3d,run-1,4,base64-ng,encode,url-safe,unpadded,1,2,4194304,33717540,118.632617,avx512-vbmi,avx512-vbmi,avx512-vbmi,x86_64,linux,0
1,commit-3-amd-9950x3d,run-1,0,base64-ng,decode,url-safe,unpadded,1,2,4194304,49715194,80.458300,avx512-vbmi,avx512-vbmi,avx512-vbmi,x86_64,linux,0
1,commit-3-amd-9950x3d,run-1,1,base64-ng,decode,url-safe,unpadded,1,2,4194304,49265858,81.192131,avx512-vbmi,avx512-vbmi,avx512-vbmi,x86_64,linux,0
1,commit-3-amd-9950x3d,run-1,2,base64-ng,decode,url-safe,unpadded,1,2,4194304,49369833,81.021137,avx512-vbmi,avx512-vbmi,avx512-vbmi,x86_64,linux,0
1,commit-3-amd-9950x3d,run-1,3,base64-ng,decode,url-safe,unpadded,1,2,4194304,49969613,80.048649,avx512-vbmi,avx512-vbmi,avx512-vbmi,x86_64,linux,0
1,commit-3-amd-9950x3d,run-1,4,base64-ng,decode,url-safe,unpadded,1,2,4194304,49525306,80.766790,avx512-vbmi,avx512-vbmi,avx512-vbmi,x86_64,linux,0
1,commit-3-amd-9950x3d,run-1,0,base64-0.23.0,encode,url-safe,unpadded,1,2,4194304,27258712,146.742076,external,avx512-vbmi,avx512-vbmi,x86_64,linux,0
1,commit-3-amd-9950x3d,run-1,1,base64-0.23.0,encode,url-safe,unpadded,1,2,4194304,27254013,146.767377,external,avx512-vbmi,avx512-vbmi,x86_64,linux,0
1,commit-3-amd-9950x3d,run-1,2,base64-0.23.0,encode,url-safe,unpadded,1,2,4194304,27428441,145.834027,external,avx512-vbmi,avx512-vbmi,x86_64,linux,0
1,commit-3-amd-9950x3d,run-1,3,base64-0.23.0,encode,url-safe,unpadded,1,2,4194304,27235418,146.867582,external,avx512-vbmi,avx512-vbmi,x86_64,linux,0
1,commit-3-amd-9950x3d,run-1,4,base64-0.23.0,encode,url-safe,unpadded,1,2,4194304,27181527,147.158767,external,avx512-vbmi,avx512-vbmi,x86_64,linux,0
1,commit-3-amd-9950x3d,run-1,0,base64-0.23.0,decode,url-safe,unpadded,1,2,4194304,50399271,79.366227,external,avx512-vbmi,avx512-vbmi,x86_64,linux,0
1,commit-3-amd-9950x3d,run-1,1,base64-0.23.0,decode,url-safe,unpadded,1,2,4194304,50380256,79.396183,external,avx512-vbmi,avx512-vbmi,x86_64,linux,0
1,commit-3-amd-9950x3d,run-1,2,base64-0.23.0,decode,url-safe,unpadded,1,2,4194304,50356100,79.434269,external,avx512-vbmi,avx512-vbmi,x86_64,linux,0
1,commit-3-amd-9950x3d,run-1,3,base64-0.23.0,decode,url-safe,unpadded,1,2,4194304,50383412,79.391209,external,avx512-vbmi,avx512-vbmi,x86_64,linux,0
1,commit-3-amd-9950x3d,run-1,4,base64-0.23.0,decode,url-safe,unpadded,1,2,4194304,50401235,79.363135,external,avx512-vbmi,avx512-vbmi,x86_64,linux,0
1,commit-3-amd-9950x3d,run-1,0,base64ct-1.8.3,encode,url-safe,unpadded,1,2,4194304,24532379,163.049821,external,avx512-vbmi,avx512-vbmi,x86_64,linux,0
1,commit-3-amd-9950x3d,run-1,1,base64ct-1.8.3,encode,url-safe,unpadded,1,2,4194304,24662645,162.188605,external,avx512-vbmi,avx512-vbmi,x86_64,linux,0
1,commit-3-amd-9950x3d,run-1,2,base64ct-1.8.3,encode,url-safe,unpadded,1,2,4194304,24626437,162.427070,external,avx512-vbmi,avx512-vbmi,x86_64,linux,0
1,commit-3-amd-9950x3d,run-1,3,base64ct-1.8.3,encode,url-safe,unpadded,1,2,4194304,24692181,161.994601,external,avx512-vbmi,avx512-vbmi,x86_64,linux,0
1,commit-3-amd-9950x3d,run-1,4,base64ct-1.8.3,encode,url-safe,unpadded,1,2,4194304,24694675,161.978240,external,avx512-vbmi,avx512-vbmi,x86_64,linux,0
1,commit-3-amd-9950x3d,run-1,0,base64ct-1.8.3,decode,url-safe,unpadded,1,2,4194304,98625633,40.557408,external,avx512-vbmi,avx512-vbmi,x86_64,linux,0
1,commit-3-amd-9950x3d,run-1,1,base64ct-1.8.3,decode,url-safe,unpadded,1,2,4194304,98810461,40.481544,external,avx512-vbmi,avx512-vbmi,x86_64,linux,0
1,commit-3-amd-9950x3d,run-1,2,base64ct-1.8.3,decode,url-safe,unpadded,1,2,4194304,98600135,40.567896,external,avx512-vbmi,avx512-vbmi,x86_64,linux,0
1,commit-3-amd-9950x3d,run-1,3,base64ct-1.8.3,decode,url-safe,unpadded,1,2,4194304,98925998,40.434265,external,avx512-vbmi,avx512-vbmi,x86_64,linux,0
1,commit-3-amd-9950x3d,run-1,4,base64ct-1.8.3,decode,url-safe,unpadded,1,2,4194304,98857840,40.462142,external,avx512-vbmi,avx512-vbmi,x86_64,linux,0
1,commit-3-amd-9950x3d,run-1,0,base64-ng,encode,url-safe,unpadded,2,3,2097152,22029648,181.573487,auto,avx512-vbmi,avx512-vbmi,x86_64,linux,0
1,commit-3-amd-9950x3d,run-1,1,base64-ng,encode,url-safe,unpadded,2,3,2097152,20925981,191.149939,auto,avx512-vbmi,avx512-vbmi,x86_64,linux,0
1,commit-3-amd-9950x3d,run-1,2,base64-ng,encode,url-safe,unpadded,2,3,2097152,20920651,191.198639,auto,avx512-vbmi,avx512-vbmi,x86_64,linux,0
1,commit-3-amd-9950x3d,run-1,3,base64-ng,encode,url-safe,unpadded,2,3,2097152,20941521,191.008093,auto,avx512-vbmi,avx512-vbmi,x86_64,linux,0
1,commit-3-amd-9950x3d,run-1,4,base64-ng,encode,url-safe,unpadded,2,3,2097152,20913778,191.261474,auto,avx512-vbmi,avx512-vbmi,x86_64,linux,0
1,commit-3-amd-9950x3d,run-1,0,base64-ng,decode,url-safe,unpadded,2,3,2097152,30598669,130.724640,auto,avx512-vbmi,avx512-vbmi,x86_64,linux,0
1,commit-3-amd-9950x3d,run-1,1,base64-ng,decode,url-safe,unpadded,2,3,2097152,30602607,130.707818,auto,avx512-vbmi,avx512-vbmi,x86_64,linux,0
1,commit-3-amd-9950x3d,run-1,2,base64-ng,decode,url-safe,unpadded,2,3,2097152,30637001,130.561082,auto,avx512-vbmi,avx512-vbmi,x86_64,linux,0
1,commit-3-amd-9950x3d,run-1,3,base64-ng,decode,url-safe,unpadded,2,3,2097152,30724355,130.189877,auto,avx512-vbmi,avx512-vbmi,x86_64,linux,0
1,commit-3-amd-9950x3d,run-1,4,base64-ng,decode,url-safe,unpadded,2,3,2097152,30608969,130.680651,auto,avx512-vbmi,avx512-vbmi,x86_64,linux,0
1,commit-3-amd-9950x3d,run-1,0,base64-ng,encode,url-safe,unpadded,2,3,2097152,17779267,224.981154,scalar,avx512-vbmi,avx512-vbmi,x86_64,linux,0
1,commit-3-amd-9950x3d,run-1,1,base64-ng,encode,url-safe,unpadded,2,3,2097152,17825855,224.393164,scalar,avx512-vbmi,avx512-vbmi,x86_64,linux,0
1,commit-3-amd-9950x3d,run-1,2,base64-ng,encode,url-safe,unpadded,2,3,2097152,17796100,224.768348,scalar,avx512-vbmi,avx512-vbmi,x86_64,linux,0
1,commit-3-amd-9950x3d,run-1,3,base64-ng,encode,url-safe,unpadded,2,3,2097152,17786261,224.892685,scalar,avx512-vbmi,avx512-vbmi,x86_64,linux,0
1,commit-3-amd-9950x3d,run-1,4,base64-ng,encode,url-safe,unpadded,2,3,2097152,17783465,224.928044,scalar,avx512-vbmi,avx512-vbmi,x86_64,linux,0
1,commit-3-amd-9950x3d,run-1,0,base64-ng,decode,url-safe,unpadded,2,3,2097152,21456740,186.421609,scalar,avx512-vbmi,avx512-vbmi,x86_64,linux,0
1,commit-3-amd-9950x3d,run-1,1,base64-ng,decode,url-safe,unpadded,2,3,2097152,21410634,186.823053,scalar,avx512-vbmi,avx512-vbmi,x86_64,linux,0
1,commit-3-amd-9950x3d,run-1,2,base64-ng,decode,url-safe,unpadded,2,3,2097152,21463804,186.360256,scalar,avx512-vbmi,avx512-vbmi,x86_64,linux,0
1,commit-3-amd-9950x3d,run-1,3,base64-ng,decode,url-safe,unpadded,2,3,2097152,21385777,187.040200,scalar,avx512-vbmi,avx512-vbmi,x86_64,linux,0
1,commit-3-amd-9950x3d,run-1,4,base64-ng,decode,url-safe,unpadded,2,3,2097152,21380677,187.084815,scalar,avx512-vbmi,avx512-vbmi,x86_64,linux,0
1,commit-3-amd-9950x3d,run-1,0,base64-ng,encode,url-safe,unpadded,2,3,2097152,21496896,186.073375,ssse3-sse4.1,avx512-vbmi,avx512-vbmi,x86_64,linux,0
1,commit-3-amd-9950x3d,run-1,1,base64-ng,encode,url-safe,unpadded,2,3,2097152,21351613,187.339476,ssse3-sse4.1,avx512-vbmi,avx512-vbmi,x86_64,linux,0
1,commit-3-amd-9950x3d,run-1,2,base64-ng,encode,url-safe,unpadded,2,3,2097152,21369686,187.181038,ssse3-sse4.1,avx512-vbmi,avx512-vbmi,x86_64,linux,0
1,commit-3-amd-9950x3d,run-1,3,base64-ng,encode,url-safe,unpadded,2,3,2097152,21404061,186.880424,ssse3-sse4.1,avx512-vbmi,avx512-vbmi,x86_64,linux,0
1,commit-3-amd-9950x3d,run-1,4,base64-ng,encode,url-safe,unpadded,2,3,2097152,21382741,187.066756,ssse3-sse4.1,avx512-vbmi,avx512-vbmi,x86_64,linux,0
1,commit-3-amd-9950x3d,run-1,0,base64-ng,decode,url-safe,unpadded,2,3,2097152,25141897,159.096985,ssse3-sse4.1,avx512-vbmi,avx512-vbmi,x86_64,linux,0
1,commit-3-amd-9950x3d,run-1,1,base64-ng,decode,url-safe,unpadded,2,3,2097152,25199525,158.733151,ssse3-sse4.1,avx512-vbmi,avx512-vbmi,x86_64,linux,0
1,commit-3-amd-9950x3d,run-1,2,base64-ng,decode,url-safe,unpadded,2,3,2097152,25204245,158.703425,ssse3-sse4.1,avx512-vbmi,avx512-vbmi,x86_64,linux,0
1,commit-3-amd-9950x3d,run-1,3,base64-ng,decode,url-safe,unpadded,2,3,2097152,25240603,158.474819,ssse3-sse4.1,avx512-vbmi,avx512-vbmi,x86_64,linux,0
1,commit-3-amd-9950x3d,run-1,4,base64-ng,decode,url-safe,unpadded,2,3,2097152,25233249,158.521005,ssse3-sse4.1,avx512-vbmi,avx512-vbmi,x86_64,linux,0
1,commit-3-amd-9950x3d,run-1,0,base64-ng,encode,url-safe,unpadded,2,3,2097152,21430060,186.653700,avx2,avx512-vbmi,avx512-vbmi,x86_64,linux,0
1,commit-3-amd-9950x3d,run-1,1,base64-ng,encode,url-safe,unpadded,2,3,2097152,21379926,187.091387,avx2,avx512-vbmi,avx512-vbmi,x86_64,linux,0
1,commit-3-amd-9950x3d,run-1,2,base64-ng,encode,url-safe,unpadded,2,3,2097152,21407517,186.850255,avx2,avx512-vbmi,avx512-vbmi,x86_64,linux,0
1,commit-3-amd-9950x3d,run-1,3,base64-ng,encode,url-safe,unpadded,2,3,2097152,21392589,186.980641,avx2,avx512-vbmi,avx512-vbmi,x86_64,linux,0
1,commit-3-amd-9950x3d,run-1,4,base64-ng,encode,url-safe,unpadded,2,3,2097152,21370207,187.176474,avx2,avx512-vbmi,avx512-vbmi,x86_64,linux,0
1,commit-3-amd-9950x3d,run-1,0,base64-ng,decode,url-safe,unpadded,2,3,2097152,26854131,148.952874,avx2,avx512-vbmi,avx512-vbmi,x86_64,linux,0
1,commit-3-amd-9950x3d,run-1,1,base64-ng,decode,url-safe,unpadded,2,3,2097152,26849191,148.980280,avx2,avx512-vbmi,avx512-vbmi,x86_64,linux,0
1,commit-3-amd-9950x3d,run-1,2,base64-ng,decode,url-safe,unpadded,2,3,2097152,26813865,149.176555,avx2,avx512-vbmi,avx512-vbmi,x86_64,linux,0
1,commit-3-amd-9950x3d,run-1,3,base64-ng,decode,url-safe,unpadded,2,3,2097152,26812291,149.185312,avx2,avx512-vbmi,avx512-vbmi,x86_64,linux,0
1,commit-3-amd-9950x3d,run-1,4,base64-ng,decode,url-safe,unpadded,2,3,2097152,26807412,149.212464,avx2,avx512-vbmi,avx512-vbmi,x86_64,linux,0
1,commit-3-amd-9950x3d,run-1,0,base64-ng,encode,url-safe,unpadded,2,3,2097152,22343510,179.022902,avx512-vbmi,avx512-vbmi,avx512-vbmi,x86_64,linux,0
1,commit-3-amd-9950x3d,run-1,1,base64-ng,encode,url-safe,unpadded,2,3,2097152,22335074,179.090519,avx512-vbmi,avx512-vbmi,avx512-vbmi,x86_64,linux,0
1,commit-3-amd-9950x3d,run-1,2,base64-ng,encode,url-safe,unpadded,2,3,2097152,22347487,178.991043,avx512-vbmi,avx512-vbmi,avx512-vbmi,x86_64,linux,0
1,commit-3-amd-9950x3d,run-1,3,base64-ng,encode,url-safe,unpadded,2,3,2097152,22322841,179.188662,avx512-vbmi,avx512-vbmi,avx512-vbmi,x86_64,linux,0
1,commit-3-amd-9950x3d,run-1,4,base64-ng,encode,url-safe,unpadded,2,3,2097152,22330815,179.124676,avx512-vbmi,avx512-vbmi,avx512-vbmi,x86_64,linux,0
1,commit-3-amd-9950x3d,run-1,0,base64-ng,decode,url-safe,unpadded,2,3,2097152,29577287,135.238908,avx512-vbmi,avx512-vbmi,avx512-vbmi,x86_64,linux,0
1,commit-3-amd-9950x3d,run-1,1,base64-ng,decode,url-safe,unpadded,2,3,2097152,29526971,135.469365,avx512-vbmi,avx512-vbmi,avx512-vbmi,x86_64,linux,0
1,commit-3-amd-9950x3d,run-1,2,base64-ng,decode,url-safe,unpadded,2,3,2097152,29555516,135.338527,avx512-vbmi,avx512-vbmi,avx512-vbmi,x86_64,linux,0
1,commit-3-amd-9950x3d,run-1,3,base64-ng,decode,url-safe,unpadded,2,3,2097152,29628483,135.005225,avx512-vbmi,avx512-vbmi,avx512-vbmi,x86_64,linux,0
1,commit-3-amd-9950x3d,run-1,4,base64-ng,decode,url-safe,unpadded,2,3,2097152,29579190,135.230207,avx512-vbmi,avx512-vbmi,avx512-vbmi,x86_64,linux,0
1,commit-3-amd-9950x3d,run-1,0,base64-0.23.0,encode,url-safe,unpadded,2,3,2097152,14367185,278.412229,external,avx512-vbmi,avx512-vbmi,x86_64,linux,0
1,commit-3-amd-9950x3d,run-1,1,base64-0.23.0,encode,url-safe,unpadded,2,3,2097152,14554978,274.820065,external,avx512-vbmi,avx512-vbmi,x86_64,linux,0
1,commit-3-amd-9950x3d,run-1,2,base64-0.23.0,encode,url-safe,unpadded,2,3,2097152,14379338,278.176923,external,avx512-vbmi,avx512-vbmi,x86_64,linux,0
1,commit-3-amd-9950x3d,run-1,3,base64-0.23.0,encode,url-safe,unpadded,2,3,2097152,14096535,283.757675,external,avx512-vbmi,avx512-vbmi,x86_64,linux,0
1,commit-3-amd-9950x3d,run-1,4,base64-0.23.0,encode,url-safe,unpadded,2,3,2097152,14816260,269.973664,external,avx512-vbmi,avx512-vbmi,x86_64,linux,0
1,commit-3-amd-9950x3d,run-1,0,base64-0.23.0,decode,url-safe,unpadded,2,3,2097152,25910544,154.377307,external,avx512-vbmi,avx512-vbmi,x86_64,linux,0
1,commit-3-amd-9950x3d,run-1,1,base64-0.23.0,decode,url-safe,unpadded,2,3,2097152,25878564,154.568082,external,avx512-vbmi,avx512-vbmi,x86_64,linux,0
1,commit-3-amd-9950x3d,run-1,2,base64-0.23.0,decode,url-safe,unpadded,2,3,2097152,25873565,154.597946,external,avx512-vbmi,avx512-vbmi,x86_64,linux,0
1,commit-3-amd-9950x3d,run-1,3,base64-0.23.0,decode,url-safe,unpadded,2,3,2097152,25850842,154.733838,external,avx512-vbmi,avx512-vbmi,x86_64,linux,0
1,commit-3-amd-9950x3d,run-1,4,base64-0.23.0,decode,url-safe,unpadded,2,3,2097152,25838117,154.810043,external,avx512-vbmi,avx512-vbmi,x86_64,linux,0
1,commit-3-amd-9950x3d,run-1,0,base64ct-1.8.3,encode,url-safe,unpadded,2,3,2097152,12717038,314.538653,external,avx512-vbmi,avx512-vbmi,x86_64,linux,0
1,commit-3-amd-9950x3d,run-1,1,base64ct-1.8.3,encode,url-safe,unpadded,2,3,2097152,12748898,313.752608,external,avx512-vbmi,avx512-vbmi,x86_64,linux,0
1,commit-3-amd-9950x3d,run-1,2,base64ct-1.8.3,encode,url-safe,unpadded,2,3,2097152,12670701,315.688927,external,avx512-vbmi,avx512-vbmi,x86_64,linux,0
1,commit-3-amd-9950x3d,run-1,3,base64ct-1.8.3,encode,url-safe,unpadded,2,3,2097152,12652177,316.151126,external,avx512-vbmi,avx512-vbmi,x86_64,linux,0
1,commit-3-amd-9950x3d,run-1,4,base64ct-1.8.3,encode,url-safe,unpadded,2,3,2097152,12758427,313.518273,external,avx512-vbmi,avx512-vbmi,x86_64,linux,0
1,commit-3-amd-9950x3d,run-1,0,base64ct-1.8.3,decode,url-safe,unpadded,2,3,2097152,57535204,69.522653,external,avx512-vbmi,avx512-vbmi,x86_64,linux,0
1,commit-3-amd-9950x3d,run-1,1,base64ct-1.8.3,decode,url-safe,unpadded,2,3,2097152,57462507,69.610607,external,avx512-vbmi,avx512-vbmi,x86_64,linux,0
1,commit-3-amd-9950x3d,run-1,2,base64ct-1.8.3,decode,url-safe,unpadded,2,3,2097152,57331401,69.769793,external,avx512-vbmi,avx512-vbmi,x86_64,linux,0
1,commit-3-amd-9950x3d,run-1,3,base64ct-1.8.3,decode,url-safe,unpadded,2,3,2097152,57522451,69.538066,external,avx512-vbmi,avx512-vbmi,x86_64,linux,0
1,commit-3-amd-9950x3d,run-1,4,base64ct-1.8.3,decode,url-safe,unpadded,2,3,2097152,57403066,69.682689,external,avx512-vbmi,avx512-vbmi,x86_64,linux,0
1,commit-3-amd-9950x3d,run-1,0,base64-ng,encode,url-safe,unpadded,3,4,1398101,18082609,221.206964,auto,avx512-vbmi,avx512-vbmi,x86_64,linux,0
1,commit-3-amd-9950x3d,run-1,1,base64-ng,encode,url-safe,unpadded,3,4,1398101,18093399,221.075048,auto,avx512-vbmi,avx512-vbmi,x86_64,linux,0
1,commit-3-amd-9950x3d,run-1,2,base64-ng,encode,url-safe,unpadded,3,4,1398101,18093139,221.078225,auto,avx512-vbmi,avx512-vbmi,x86_64,linux,0
1,commit-3-amd-9950x3d,run-1,3,base64-ng,encode,url-safe,unpadded,3,4,1398101,18096124,221.041757,auto,avx512-vbmi,avx512-vbmi,x86_64,linux,0
1,commit-3-amd-9950x3d,run-1,4,base64-ng,encode,url-safe,unpadded,3,4,1398101,18108227,220.894019,auto,avx512-vbmi,avx512-vbmi,x86_64,linux,0
1,commit-3-amd-9950x3d,run-1,0,base64-ng,decode,url-safe,unpadded,3,4,1398101,25625367,156.095288,auto,avx512-vbmi,avx512-vbmi,x86_64,linux,0
1,commit-3-amd-9950x3d,run-1,1,base64-ng,decode,url-safe,unpadded,3,4,1398101,25588147,156.322341,auto,avx512-vbmi,avx512-vbmi,x86_64,linux,0
1,commit-3-amd-9950x3d,run-1,2,base64-ng,decode,url-safe,unpadded,3,4,1398101,25537602,156.631740,auto,avx512-vbmi,avx512-vbmi,x86_64,linux,0
1,commit-3-amd-9950x3d,run-1,3,base64-ng,decode,url-safe,unpadded,3,4,1398101,25573710,156.410589,auto,avx512-vbmi,avx512-vbmi,x86_64,linux,0
1,commit-3-amd-9950x3d,run-1,4,base64-ng,decode,url-safe,unpadded,3,4,1398101,25628003,156.079233,auto,avx512-vbmi,avx512-vbmi,x86_64,linux,0
1,commit-3-amd-9950x3d,run-1,0,base64-ng,encode,url-safe,unpadded,3,4,1398101,17821157,224.452265,scalar,avx512-vbmi,avx512-vbmi,x86_64,linux,0
1,commit-3-amd-9950x3d,run-1,1,base64-ng,encode,url-safe,unpadded,3,4,1398101,17774759,225.038159,scalar,avx512-vbmi,avx512-vbmi,x86_64,linux,0
1,commit-3-amd-9950x3d,run-1,2,base64-ng,encode,url-safe,unpadded,3,4,1398101,17781261,224.955870,scalar,avx512-vbmi,avx512-vbmi,x86_64,linux,0
1,commit-3-amd-9950x3d,run-1,3,base64-ng,encode,url-safe,unpadded,3,4,1398101,17775410,225.029918,scalar,avx512-vbmi,avx512-vbmi,x86_64,linux,0
1,commit-3-amd-9950x3d,run-1,4,base64-ng,encode,url-safe,unpadded,3,4,1398101,17783887,224.922653,scalar,avx512-vbmi,avx512-vbmi,x86_64,linux,0
1,commit-3-amd-9950x3d,run-1,0,base64-ng,decode,url-safe,unpadded,3,4,1398101,19517360,204.945702,scalar,avx512-vbmi,avx512-vbmi,x86_64,linux,0
1,commit-3-amd-9950x3d,run-1,1,base64-ng,decode,url-safe,unpadded,3,4,1398101,19516478,204.954964,scalar,avx512-vbmi,avx512-vbmi,x86_64,linux,0
1,commit-3-amd-9950x3d,run-1,2,base64-ng,decode,url-safe,unpadded,3,4,1398101,19482815,205.309091,scalar,avx512-vbmi,avx512-vbmi,x86_64,linux,0
1,commit-3-amd-9950x3d,run-1,3,base64-ng,decode,url-safe,unpadded,3,4,1398101,19471262,205.430909,scalar,avx512-vbmi,avx512-vbmi,x86_64,linux,0
1,commit-3-amd-9950x3d,run-1,4,base64-ng,decode,url-safe,unpadded,3,4,1398101,19499586,205.132511,scalar,avx512-vbmi,avx512-vbmi,x86_64,linux,0
1,commit-3-amd-9950x3d,run-1,0,base64-ng,encode,url-safe,unpadded,3,4,1398101,20014064,199.859411,ssse3-sse4.1,avx512-vbmi,avx512-vbmi,x86_64,linux,0
1,commit-3-amd-9950x3d,run-1,1,base64-ng,encode,url-safe,unpadded,3,4,1398101,20020446,199.795701,ssse3-sse4.1,avx512-vbmi,avx512-vbmi,x86_64,linux,0
1,commit-3-amd-9950x3d,run-1,2,base64-ng,encode,url-safe,unpadded,3,4,1398101,20017631,199.823798,ssse3-sse4.1,avx512-vbmi,avx512-vbmi,x86_64,linux,0
1,commit-3-amd-9950x3d,run-1,3,base64-ng,encode,url-safe,unpadded,3,4,1398101,19996582,200.034138,ssse3-sse4.1,avx512-vbmi,avx512-vbmi,x86_64,linux,0
1,commit-3-amd-9950x3d,run-1,4,base64-ng,encode,url-safe,unpadded,3,4,1398101,20006791,199.932065,ssse3-sse4.1,avx512-vbmi,avx512-vbmi,x86_64,linux,0
1,commit-3-amd-9950x3d,run-1,0,base64-ng,decode,url-safe,unpadded,3,4,1398101,21904513,182.610727,ssse3-sse4.1,avx512-vbmi,avx512-vbmi,x86_64,linux,0
1,commit-3-amd-9950x3d,run-1,1,base64-ng,decode,url-safe,unpadded,3,4,1398101,22066248,181.272278,ssse3-sse4.1,avx512-vbmi,avx512-vbmi,x86_64,linux,0
1,commit-3-amd-9950x3d,run-1,2,base64-ng,decode,url-safe,unpadded,3,4,1398101,21969746,182.068516,ssse3-sse4.1,avx512-vbmi,avx512-vbmi,x86_64,linux,0
1,commit-3-amd-9950x3d,run-1,3,base64-ng,decode,url-safe,unpadded,3,4,1398101,21965187,182.106305,ssse3-sse4.1,avx512-vbmi,avx512-vbmi,x86_64,linux,0
1,commit-3-amd-9950x3d,run-1,4,base64-ng,decode,url-safe,unpadded,3,4,1398101,21987830,181.918773,ssse3-sse4.1,avx512-vbmi,avx512-vbmi,x86_64,linux,0
1,commit-3-amd-9950x3d,run-1,0,base64-ng,encode,url-safe,unpadded,3,4,1398101,19933112,200.671077,avx2,avx512-vbmi,avx512-vbmi,x86_64,linux,0
1,commit-3-amd-9950x3d,run-1,1,base64-ng,encode,url-safe,unpadded,3,4,1398101,19906221,200.942160,avx2,avx512-vbmi,avx512-vbmi,x86_64,linux,0
1,commit-3-amd-9950x3d,run-1,2,base64-ng,encode,url-safe,unpadded,3,4,1398101,19898046,201.024716,avx2,avx512-vbmi,avx512-vbmi,x86_64,linux,0
1,commit-3-amd-9950x3d,run-1,3,base64-ng,encode,url-safe,unpadded,3,4,1398101,19878590,201.221467,avx2,avx512-vbmi,avx512-vbmi,x86_64,linux,0
1,commit-3-amd-9950x3d,run-1,4,base64-ng,encode,url-safe,unpadded,3,4,1398101,19832613,201.687949,avx2,avx512-vbmi,avx512-vbmi,x86_64,linux,0
1,commit-3-amd-9950x3d,run-1,0,base64-ng,decode,url-safe,unpadded,3,4,1398101,22828953,175.216053,avx2,avx512-vbmi,avx512-vbmi,x86_64,linux,0
1,commit-3-amd-9950x3d,run-1,1,base64-ng,decode,url-safe,unpadded,3,4,1398101,22806731,175.386777,avx2,avx512-vbmi,avx512-vbmi,x86_64,linux,0
1,commit-3-amd-9950x3d,run-1,2,base64-ng,decode,url-safe,unpadded,3,4,1398101,22823242,175.259897,avx2,avx512-vbmi,avx512-vbmi,x86_64,linux,0
1,commit-3-amd-9950x3d,run-1,3,base64-ng,decode,url-safe,unpadded,3,4,1398101,22843861,175.101707,avx2,avx512-vbmi,avx512-vbmi,x86_64,linux,0
1,commit-3-amd-9950x3d,run-1,4,base64-ng,decode,url-safe,unpadded,3,4,1398101,22880130,174.824140,avx2,avx512-vbmi,avx512-vbmi,x86_64,linux,0
1,commit-3-amd-9950x3d,run-1,0,base64-ng,encode,url-safe,unpadded,3,4,1398101,20771280,192.573546,avx512-vbmi,avx512-vbmi,avx512-vbmi,x86_64,linux,0
1,commit-3-amd-9950x3d,run-1,1,base64-ng,encode,url-safe,unpadded,3,4,1398101,20824841,192.078251,avx512-vbmi,avx512-vbmi,avx512-vbmi,x86_64,linux,0
1,commit-3-amd-9950x3d,run-1,2,base64-ng,encode,url-safe,unpadded,3,4,1398101,20784074,192.455004,avx512-vbmi,avx512-vbmi,avx512-vbmi,x86_64,linux,0
1,commit-3-amd-9950x3d,run-1,3,base64-ng,encode,url-safe,unpadded,3,4,1398101,20769076,192.593982,avx512-vbmi,avx512-vbmi,avx512-vbmi,x86_64,linux,0
1,commit-3-amd-9950x3d,run-1,4,base64-ng,encode,url-safe,unpadded,3,4,1398101,20761452,192.664706,avx512-vbmi,avx512-vbmi,avx512-vbmi,x86_64,linux,0
1,commit-3-amd-9950x3d,run-1,0,base64-ng,decode,url-safe,unpadded,3,4,1398101,24790767,161.350355,avx512-vbmi,avx512-vbmi,avx512-vbmi,x86_64,linux,0
1,commit-3-amd-9950x3d,run-1,1,base64-ng,decode,url-safe,unpadded,3,4,1398101,24724231,161.784569,avx512-vbmi,avx512-vbmi,avx512-vbmi,x86_64,linux,0
1,commit-3-amd-9950x3d,run-1,2,base64-ng,decode,url-safe,unpadded,3,4,1398101,24772371,161.470174,avx512-vbmi,avx512-vbmi,avx512-vbmi,x86_64,linux,0
1,commit-3-amd-9950x3d,run-1,3,base64-ng,decode,url-safe,unpadded,3,4,1398101,24906975,160.597545,avx512-vbmi,avx512-vbmi,avx512-vbmi,x86_64,linux,0
1,commit-3-amd-9950x3d,run-1,4,base64-ng,decode,url-safe,unpadded,3,4,1398101,24737176,161.699907,avx512-vbmi,avx512-vbmi,avx512-vbmi,x86_64,linux,0
1,commit-3-amd-9950x3d,run-1,0,base64-0.23.0,encode,url-safe,unpadded,3,4,1398101,10053194,397.883404,external,avx512-vbmi,avx512-vbmi,x86_64,linux,0
1,commit-3-amd-9950x3d,run-1,1,base64-0.23.0,encode,url-safe,unpadded,3,4,1398101,10052603,397.906796,external,avx512-vbmi,avx512-vbmi,x86_64,linux,0
1,commit-3-amd-9950x3d,run-1,2,base64-0.23.0,encode,url-safe,unpadded,3,4,1398101,9804256,407.985986,external,avx512-vbmi,avx512-vbmi,x86_64,linux,0
1,commit-3-amd-9950x3d,run-1,3,base64-0.23.0,encode,url-safe,unpadded,3,4,1398101,9608888,416.281160,external,avx512-vbmi,avx512-vbmi,x86_64,linux,0
1,commit-3-amd-9950x3d,run-1,4,base64-0.23.0,encode,url-safe,unpadded,3,4,1398101,9794106,408.408797,external,avx512-vbmi,avx512-vbmi,x86_64,linux,0
1,commit-3-amd-9950x3d,run-1,0,base64-0.23.0,decode,url-safe,unpadded,3,4,1398101,17781602,224.951556,external,avx512-vbmi,avx512-vbmi,x86_64,linux,0
1,commit-3-amd-9950x3d,run-1,1,base64-0.23.0,decode,url-safe,unpadded,3,4,1398101,17717512,225.765279,external,avx512-vbmi,avx512-vbmi,x86_64,linux,0
1,commit-3-amd-9950x3d,run-1,2,base64-0.23.0,decode,url-safe,unpadded,3,4,1398101,17712722,225.826332,external,avx512-vbmi,avx512-vbmi,x86_64,linux,0
1,commit-3-amd-9950x3d,run-1,3,base64-0.23.0,decode,url-safe,unpadded,3,4,1398101,17699608,225.993652,external,avx512-vbmi,avx512-vbmi,x86_64,linux,0
1,commit-3-amd-9950x3d,run-1,4,base64-0.23.0,decode,url-safe,unpadded,3,4,1398101,17704437,225.932011,external,avx512-vbmi,avx512-vbmi,x86_64,linux,0
1,commit-3-amd-9950x3d,run-1,0,base64ct-1.8.3,encode,url-safe,unpadded,3,4,1398101,9769641,409.431528,external,avx512-vbmi,avx512-vbmi,x86_64,linux,0
1,commit-3-amd-9950x3d,run-1,1,base64ct-1.8.3,encode,url-safe,unpadded,3,4,1398101,9993271,400.269246,external,avx512-vbmi,avx512-vbmi,x86_64,linux,0
1,commit-3-amd-9950x3d,run-1,2,base64ct-1.8.3,encode,url-safe,unpadded,3,4,1398101,10012898,399.484649,external,avx512-vbmi,avx512-vbmi,x86_64,linux,0
1,commit-3-amd-9950x3d,run-1,3,base64ct-1.8.3,encode,url-safe,unpadded,3,4,1398101,9974135,401.037187,external,avx512-vbmi,avx512-vbmi,x86_64,linux,0
1,commit-3-amd-9950x3d,run-1,4,base64ct-1.8.3,encode,url-safe,unpadded,3,4,1398101,10029078,398.840157,external,avx512-vbmi,avx512-vbmi,x86_64,linux,0
1,commit-3-amd-9950x3d,run-1,0,base64ct-1.8.3,decode,url-safe,unpadded,3,4,1398101,24776369,161.444118,external,avx512-vbmi,avx512-vbmi,x86_64,linux,0
1,commit-3-amd-9950x3d,run-1,1,base64ct-1.8.3,decode,url-safe,unpadded,3,4,1398101,24698042,161.956120,external,avx512-vbmi,avx512-vbmi,x86_64,linux,0
1,commit-3-amd-9950x3d,run-1,2,base64ct-1.8.3,decode,url-safe,unpadded,3,4,1398101,24701648,161.932477,external,avx512-vbmi,avx512-vbmi,x86_64,linux,0
1,commit-3-amd-9950x3d,run-1,3,base64ct-1.8.3,decode,url-safe,unpadded,3,4,1398101,24694324,161.980504,external,avx512-vbmi,avx512-vbmi,x86_64,linux,0
1,commit-3-amd-9950x3d,run-1,4,base64ct-1.8.3,decode,url-safe,unpadded,3,4,1398101,24717208,161.830537,external,avx512-vbmi,avx512-vbmi,x86_64,linux,0
1,commit-3-amd-9950x3d,run-1,0,base64-ng,encode,url-safe,unpadded,11,15,381300,12769127,313.255259,auto,avx512-vbmi,avx512-vbmi,x86_64,linux,0
1,commit-3-amd-9950x3d,run-1,1,base64-ng,encode,url-safe,unpadded,11,15,381300,12675521,315.568582,auto,avx512-vbmi,avx512-vbmi,x86_64,linux,0
1,commit-3-amd-9950x3d,run-1,2,base64-ng,encode,url-safe,unpadded,11,15,381300,12661845,315.909426,auto,avx512-vbmi,avx512-vbmi,x86_64,linux,0
1,commit-3-amd-9950x3d,run-1,3,base64-ng,encode,url-safe,unpadded,11,15,381300,12649572,316.215931,auto,avx512-vbmi,avx512-vbmi,x86_64,linux,0
1,commit-3-amd-9950x3d,run-1,4,base64-ng,encode,url-safe,unpadded,11,15,381300,12659060,315.978926,auto,avx512-vbmi,avx512-vbmi,x86_64,linux,0
1,commit-3-amd-9950x3d,run-1,0,base64-ng,decode,url-safe,unpadded,11,15,381300,16800234,238.091695,auto,avx512-vbmi,avx512-vbmi,x86_64,linux,0
1,commit-3-amd-9950x3d,run-1,1,base64-ng,decode,url-safe,unpadded,11,15,381300,17094519,233.992906,auto,avx512-vbmi,avx512-vbmi,x86_64,linux,0
1,commit-3-amd-9950x3d,run-1,2,base64-ng,decode,url-safe,unpadded,11,15,381300,16909420,236.554310,auto,avx512-vbmi,avx512-vbmi,x86_64,linux,0
1,commit-3-amd-9950x3d,run-1,3,base64-ng,decode,url-safe,unpadded,11,15,381300,16962911,235.808358,auto,avx512-vbmi,avx512-vbmi,x86_64,linux,0
1,commit-3-amd-9950x3d,run-1,4,base64-ng,decode,url-safe,unpadded,11,15,381300,16968030,235.737218,auto,avx512-vbmi,avx512-vbmi,x86_64,linux,0
1,commit-3-amd-9950x3d,run-1,0,base64-ng,encode,url-safe,unpadded,11,15,381300,12829911,311.771156,scalar,avx512-vbmi,avx512-vbmi,x86_64,linux,0
1,commit-3-amd-9950x3d,run-1,1,base64-ng,encode,url-safe,unpadded,11,15,381300,12798592,312.534081,scalar,avx512-vbmi,avx512-vbmi,x86_64,linux,0
1,commit-3-amd-9950x3d,run-1,2,base64-ng,encode,url-safe,unpadded,11,15,381300,12830773,311.750211,scalar,avx512-vbmi,avx512-vbmi,x86_64,linux,0
1,commit-3-amd-9950x3d,run-1,3,base64-ng,encode,url-safe,unpadded,11,15,381300,12861991,310.993546,scalar,avx512-vbmi,avx512-vbmi,x86_64,linux,0
1,commit-3-amd-9950x3d,run-1,4,base64-ng,encode,url-safe,unpadded,11,15,381300,12793262,312.664290,scalar,avx512-vbmi,avx512-vbmi,x86_64,linux,0
1,commit-3-amd-9950x3d,run-1,0,base64-ng,decode,url-safe,unpadded,11,15,381300,15275285,261.860658,scalar,avx512-vbmi,avx512-vbmi,x86_64,linux,0
1,commit-3-amd-9950x3d,run-1,1,base64-ng,decode,url-safe,unpadded,11,15,381300,15390712,259.896760,scalar,avx512-vbmi,avx512-vbmi,x86_64,linux,0
1,commit-3-amd-9950x3d,run-1,2,base64-ng,decode,url-safe,unpadded,11,15,381300,15373890,260.181137,scalar,avx512-vbmi,avx512-vbmi,x86_64,linux,0
1,commit-3-amd-9950x3d,run-1,3,base64-ng,decode,url-safe,unpadded,11,15,381300,15293619,261.546740,scalar,avx512-vbmi,avx512-vbmi,x86_64,linux,0
1,commit-3-amd-9950x3d,run-1,4,base64-ng,decode,url-safe,unpadded,11,15,381300,15359863,260.418741,scalar,avx512-vbmi,avx512-vbmi,x86_64,linux,0
1,commit-3-amd-9950x3d,run-1,0,base64-ng,encode,url-safe,unpadded,11,15,381300,13583970,294.464445,ssse3-sse4.1,avx512-vbmi,avx512-vbmi,x86_64,linux,0
1,commit-3-amd-9950x3d,run-1,1,base64-ng,encode,url-safe,unpadded,11,15,381300,13540438,295.411137,ssse3-sse4.1,avx512-vbmi,avx512-vbmi,x86_64,linux,0
1,commit-3-amd-9950x3d,run-1,2,base64-ng,encode,url-safe,unpadded,11,15,381300,13490635,296.501698,ssse3-sse4.1,avx512-vbmi,avx512-vbmi,x86_64,linux,0
1,commit-3-amd-9950x3d,run-1,3,base64-ng,encode,url-safe,unpadded,11,15,381300,13402479,298.451964,ssse3-sse4.1,avx512-vbmi,avx512-vbmi,x86_64,linux,0
1,commit-3-amd-9950x3d,run-1,4,base64-ng,encode,url-safe,unpadded,11,15,381300,13428638,297.870580,ssse3-sse4.1,avx512-vbmi,avx512-vbmi,x86_64,linux,0
1,commit-3-amd-9950x3d,run-1,0,base64-ng,decode,url-safe,unpadded,11,15,381300,15985641,250.224322,ssse3-sse4.1,avx512-vbmi,avx512-vbmi,x86_64,linux,0
1,commit-3-amd-9950x3d,run-1,1,base64-ng,decode,url-safe,unpadded,11,15,381300,15996823,250.049412,ssse3-sse4.1,avx512-vbmi,avx512-vbmi,x86_64,linux,0
1,commit-3-amd-9950x3d,run-1,2,base64-ng,decode,url-safe,unpadded,11,15,381300,16063939,249.004692,ssse3-sse4.1,avx512-vbmi,avx512-vbmi,x86_64,linux,0
1,commit-3-amd-9950x3d,run-1,3,base64-ng,decode,url-safe,unpadded,11,15,381300,16032560,249.492045,ssse3-sse4.1,avx512-vbmi,avx512-vbmi,x86_64,linux,0
1,commit-3-amd-9950x3d,run-1,4,base64-ng,decode,url-safe,unpadded,11,15,381300,16003716,249.941713,ssse3-sse4.1,avx512-vbmi,avx512-vbmi,x86_64,linux,0
1,commit-3-amd-9950x3d,run-1,0,base64-ng,encode,url-safe,unpadded,11,15,381300,13372292,299.125699,avx2,avx512-vbmi,avx512-vbmi,x86_64,linux,0
1,commit-3-amd-9950x3d,run-1,1,base64-ng,encode,url-safe,unpadded,11,15,381300,13399143,298.526270,avx2,avx512-vbmi,avx512-vbmi,x86_64,linux,0
1,commit-3-amd-9950x3d,run-1,2,base64-ng,encode,url-safe,unpadded,11,15,381300,13601343,294.088325,avx2,avx512-vbmi,avx512-vbmi,x86_64,linux,0
1,commit-3-amd-9950x3d,run-1,3,base64-ng,encode,url-safe,unpadded,11,15,381300,13496446,296.374037,avx2,avx512-vbmi,avx512-vbmi,x86_64,linux,0
1,commit-3-amd-9950x3d,run-1,4,base64-ng,encode,url-safe,unpadded,11,15,381300,13674611,292.512612,avx2,avx512-vbmi,avx512-vbmi,x86_64,linux,0
1,commit-3-amd-9950x3d,run-1,0,base64-ng,decode,url-safe,unpadded,11,15,381300,16333446,244.896036,avx2,avx512-vbmi,avx512-vbmi,x86_64,linux,0
1,commit-3-amd-9950x3d,run-1,1,base64-ng,decode,url-safe,unpadded,11,15,381300,16296276,245.454617,avx2,avx512-vbmi,avx512-vbmi,x86_64,linux,0
1,commit-3-amd-9950x3d,run-1,2,base64-ng,decode,url-safe,unpadded,11,15,381300,16329118,244.960946,avx2,avx512-vbmi,avx512-vbmi,x86_64,linux,0
1,commit-3-amd-9950x3d,run-1,3,base64-ng,decode,url-safe,unpadded,11,15,381300,16344426,244.731518,avx2,avx512-vbmi,avx512-vbmi,x86_64,linux,0
1,commit-3-amd-9950x3d,run-1,4,base64-ng,decode,url-safe,unpadded,11,15,381300,16536048,241.895535,avx2,avx512-vbmi,avx512-vbmi,x86_64,linux,0
1,commit-3-amd-9950x3d,run-1,0,base64-ng,encode,url-safe,unpadded,11,15,381300,13759982,290.697777,avx512-vbmi,avx512-vbmi,avx512-vbmi,x86_64,linux,0
1,commit-3-amd-9950x3d,run-1,1,base64-ng,encode,url-safe,unpadded,11,15,381300,13743260,291.051482,avx512-vbmi,avx512-vbmi,avx512-vbmi,x86_64,linux,0
1,commit-3-amd-9950x3d,run-1,2,base64-ng,encode,url-safe,unpadded,11,15,381300,13697504,292.023728,avx512-vbmi,avx512-vbmi,avx512-vbmi,x86_64,linux,0
1,commit-3-amd-9950x3d,run-1,3,base64-ng,encode,url-safe,unpadded,11,15,381300,13637491,293.308805,avx512-vbmi,avx512-vbmi,avx512-vbmi,x86_64,linux,0
1,commit-3-amd-9950x3d,run-1,4,base64-ng,encode,url-safe,unpadded,11,15,381300,13687836,292.229991,avx512-vbmi,avx512-vbmi,avx512-vbmi,x86_64,linux,0
1,commit-3-amd-9950x3d,run-1,0,base64-ng,decode,url-safe,unpadded,11,15,381300,16900654,236.677006,avx512-vbmi,avx512-vbmi,avx512-vbmi,x86_64,linux,0
1,commit-3-amd-9950x3d,run-1,1,base64-ng,decode,url-safe,unpadded,11,15,381300,16870857,237.095020,avx512-vbmi,avx512-vbmi,avx512-vbmi,x86_64,linux,0
1,commit-3-amd-9950x3d,run-1,2,base64-ng,decode,url-safe,unpadded,11,15,381300,16838837,237.545870,avx512-vbmi,avx512-vbmi,avx512-vbmi,x86_64,linux,0
1,commit-3-amd-9950x3d,run-1,3,base64-ng,decode,url-safe,unpadded,11,15,381300,16828027,237.698465,avx512-vbmi,avx512-vbmi,avx512-vbmi,x86_64,linux,0
1,commit-3-amd-9950x3d,run-1,4,base64-ng,decode,url-safe,unpadded,11,15,381300,16842094,237.499932,avx512-vbmi,avx512-vbmi,avx512-vbmi,x86_64,linux,0
1,commit-3-amd-9950x3d,run-1,0,base64-0.23.0,encode,url-safe,unpadded,11,15,381300,3627238,1102.766398,external,avx512-vbmi,avx512-vbmi,x86_64,linux,0
1,commit-3-amd-9950x3d,run-1,1,base64-0.23.0,encode,url-safe,unpadded,11,15,381300,3657896,1093.523759,external,avx512-vbmi,avx512-vbmi,x86_64,linux,0
1,commit-3-amd-9950x3d,run-1,2,base64-0.23.0,encode,url-safe,unpadded,11,15,381300,3676150,1088.093844,external,avx512-vbmi,avx512-vbmi,x86_64,linux,0
1,commit-3-amd-9950x3d,run-1,3,base64-0.23.0,encode,url-safe,unpadded,11,15,381300,3658307,1093.400905,external,avx512-vbmi,avx512-vbmi,x86_64,linux,0
1,commit-3-amd-9950x3d,run-1,4,base64-0.23.0,encode,url-safe,unpadded,11,15,381300,3663096,1091.971432,external,avx512-vbmi,avx512-vbmi,x86_64,linux,0
1,commit-3-amd-9950x3d,run-1,0,base64-0.23.0,decode,url-safe,unpadded,11,15,381300,5545189,721.345329,external,avx512-vbmi,avx512-vbmi,x86_64,linux,0
1,commit-3-amd-9950x3d,run-1,1,base64-0.23.0,decode,url-safe,unpadded,11,15,381300,5526113,723.835395,external,avx512-vbmi,avx512-vbmi,x86_64,linux,0
1,commit-3-amd-9950x3d,run-1,2,base64-0.23.0,decode,url-safe,unpadded,11,15,381300,5522255,724.341086,external,avx512-vbmi,avx512-vbmi,x86_64,linux,0
1,commit-3-amd-9950x3d,run-1,3,base64-0.23.0,decode,url-safe,unpadded,11,15,381300,5513699,725.465098,external,avx512-vbmi,avx512-vbmi,x86_64,linux,0
1,commit-3-amd-9950x3d,run-1,4,base64-0.23.0,decode,url-safe,unpadded,11,15,381300,5512537,725.618020,external,avx512-vbmi,avx512-vbmi,x86_64,linux,0
1,commit-3-amd-9950x3d,run-1,0,base64ct-1.8.3,encode,url-safe,unpadded,11,15,381300,3777080,1059.018127,external,avx512-vbmi,avx512-vbmi,x86_64,linux,0
1,commit-3-amd-9950x3d,run-1,1,base64ct-1.8.3,encode,url-safe,unpadded,11,15,381300,3786758,1056.311543,external,avx512-vbmi,avx512-vbmi,x86_64,linux,0
1,commit-3-amd-9950x3d,run-1,2,base64ct-1.8.3,encode,url-safe,unpadded,11,15,381300,3790716,1055.208616,external,avx512-vbmi,avx512-vbmi,x86_64,linux,0
1,commit-3-amd-9950x3d,run-1,3,base64ct-1.8.3,encode,url-safe,unpadded,11,15,381300,3777731,1058.835631,external,avx512-vbmi,avx512-vbmi,x86_64,linux,0
1,commit-3-amd-9950x3d,run-1,4,base64ct-1.8.3,encode,url-safe,unpadded,11,15,381300,3791007,1055.127618,external,avx512-vbmi,avx512-vbmi,x86_64,linux,0
1,commit-3-amd-9950x3d,run-1,0,base64ct-1.8.3,decode,url-safe,unpadded,11,15,381300,13500193,296.291778,external,avx512-vbmi,avx512-vbmi,x86_64,linux,0
1,commit-3-amd-9950x3d,run-1,1,base64ct-1.8.3,decode,url-safe,unpadded,11,15,381300,13684791,292.295015,external,avx512-vbmi,avx512-vbmi,x86_64,linux,0
1,commit-3-amd-9950x3d,run-1,2,base64ct-1.8.3,decode,url-safe,unpadded,11,15,381300,13659542,292.835308,external,avx512-vbmi,avx512-vbmi,x86_64,linux,0
1,commit-3-amd-9950x3d,run-1,3,base64ct-1.8.3,decode,url-safe,unpadded,11,15,381300,13674902,292.506388,external,avx512-vbmi,avx512-vbmi,x86_64,linux,0
1,commit-3-amd-9950x3d,run-1,4,base64ct-1.8.3,decode,url-safe,unpadded,11,15,381300,13603537,294.040894,external,avx512-vbmi,avx512-vbmi,x86_64,linux,0
1,commit-3-amd-9950x3d,run-1,0,base64-ng,encode,url-safe,unpadded,12,16,349525,13117593,304.933701,auto,avx512-vbmi,avx512-vbmi,x86_64,linux,0
1,commit-3-amd-9950x3d,run-1,1,base64-ng,encode,url-safe,unpadded,12,16,349525,13060084,306.276452,auto,avx512-vbmi,avx512-vbmi,x86_64,linux,0
1,commit-3-amd-9950x3d,run-1,2,base64-ng,encode,url-safe,unpadded,12,16,349525,13103666,305.257795,auto,avx512-vbmi,avx512-vbmi,x86_64,linux,0
1,commit-3-amd-9950x3d,run-1,3,base64-ng,encode,url-safe,unpadded,12,16,349525,13108416,305.147181,auto,avx512-vbmi,avx512-vbmi,x86_64,linux,0
1,commit-3-amd-9950x3d,run-1,4,base64-ng,encode,url-safe,unpadded,12,16,349525,13114327,305.009642,auto,avx512-vbmi,avx512-vbmi,x86_64,linux,0
1,commit-3-amd-9950x3d,run-1,0,base64-ng,decode,url-safe,unpadded,12,16,349525,57156011,69.983823,auto,avx512-vbmi,avx512-vbmi,x86_64,linux,0
1,commit-3-amd-9950x3d,run-1,1,base64-ng,decode,url-safe,unpadded,12,16,349525,56944904,70.243269,auto,avx512-vbmi,avx512-vbmi,x86_64,linux,0
1,commit-3-amd-9950x3d,run-1,2,base64-ng,decode,url-safe,unpadded,12,16,349525,56931869,70.259351,auto,avx512-vbmi,avx512-vbmi,x86_64,linux,0
1,commit-3-amd-9950x3d,run-1,3,base64-ng,decode,url-safe,unpadded,12,16,349525,56816561,70.401941,auto,avx512-vbmi,avx512-vbmi,x86_64,linux,0
1,commit-3-amd-9950x3d,run-1,4,base64-ng,decode,url-safe,unpadded,12,16,349525,56644377,70.615945,auto,avx512-vbmi,avx512-vbmi,x86_64,linux,0
1,commit-3-amd-9950x3d,run-1,0,base64-ng,encode,url-safe,unpadded,12,16,349525,12465075,320.896279,scalar,avx512-vbmi,avx512-vbmi,x86_64,linux,0
1,commit-3-amd-9950x3d,run-1,1,base64-ng,encode,url-safe,unpadded,12,16,349525,12455857,321.133759,scalar,avx512-vbmi,avx512-vbmi,x86_64,linux,0
1,commit-3-amd-9950x3d,run-1,2,base64-ng,encode,url-safe,unpadded,12,16,349525,12483279,320.428325,scalar,avx512-vbmi,avx512-vbmi,x86_64,linux,0
1,commit-3-amd-9950x3d,run-1,3,base64-ng,encode,url-safe,unpadded,12,16,349525,12473540,320.678507,scalar,avx512-vbmi,avx512-vbmi,x86_64,linux,0
1,commit-3-amd-9950x3d,run-1,4,base64-ng,encode,url-safe,unpadded,12,16,349525,12475884,320.618257,scalar,avx512-vbmi,avx512-vbmi,x86_64,linux,0
1,commit-3-amd-9950x3d,run-1,0,base64-ng,decode,url-safe,unpadded,12,16,349525,14835626,269.620991,scalar,avx512-vbmi,avx512-vbmi,x86_64,linux,0
1,commit-3-amd-9950x3d,run-1,1,base64-ng,decode,url-safe,unpadded,12,16,349525,14842740,269.491764,scalar,avx512-vbmi,avx512-vbmi,x86_64,linux,0
1,commit-3-amd-9950x3d,run-1,2,base64-ng,decode,url-safe,unpadded,12,16,349525,14839685,269.547243,scalar,avx512-vbmi,avx512-vbmi,x86_64,linux,0
1,commit-3-amd-9950x3d,run-1,3,base64-ng,decode,url-safe,unpadded,12,16,349525,14835486,269.623535,scalar,avx512-vbmi,avx512-vbmi,x86_64,linux,0
1,commit-3-amd-9950x3d,run-1,4,base64-ng,decode,url-safe,unpadded,12,16,349525,14848731,269.383032,scalar,avx512-vbmi,avx512-vbmi,x86_64,linux,0
1,commit-3-amd-9950x3d,run-1,0,base64-ng,encode,url-safe,unpadded,12,16,349525,19263712,207.644102,ssse3-sse4.1,avx512-vbmi,avx512-vbmi,x86_64,linux,0
1,commit-3-amd-9950x3d,run-1,1,base64-ng,encode,url-safe,unpadded,12,16,349525,18511857,216.077522,ssse3-sse4.1,avx512-vbmi,avx512-vbmi,x86_64,linux,0
1,commit-3-amd-9950x3d,run-1,2,base64-ng,encode,url-safe,unpadded,12,16,349525,18527336,215.896996,ssse3-sse4.1,avx512-vbmi,avx512-vbmi,x86_64,linux,0
1,commit-3-amd-9950x3d,run-1,3,base64-ng,encode,url-safe,unpadded,12,16,349525,18525602,215.917204,ssse3-sse4.1,avx512-vbmi,avx512-vbmi,x86_64,linux,0
1,commit-3-amd-9950x3d,run-1,4,base64-ng,encode,url-safe,unpadded,12,16,349525,18487661,216.360316,ssse3-sse4.1,avx512-vbmi,avx512-vbmi,x86_64,linux,0
1,commit-3-amd-9950x3d,run-1,0,base64-ng,decode,url-safe,unpadded,12,16,349525,55609038,71.930685,ssse3-sse4.1,avx512-vbmi,avx512-vbmi,x86_64,linux,0
1,commit-3-amd-9950x3d,run-1,1,base64-ng,decode,url-safe,unpadded,12,16,349525,55483773,72.093082,ssse3-sse4.1,avx512-vbmi,avx512-vbmi,x86_64,linux,0
1,commit-3-amd-9950x3d,run-1,2,base64-ng,decode,url-safe,unpadded,12,16,349525,55182847,72.486224,ssse3-sse4.1,avx512-vbmi,avx512-vbmi,x86_64,linux,0
1,commit-3-amd-9950x3d,run-1,3,base64-ng,decode,url-safe,unpadded,12,16,349525,55840755,71.632201,ssse3-sse4.1,avx512-vbmi,avx512-vbmi,x86_64,linux,0
1,commit-3-amd-9950x3d,run-1,4,base64-ng,decode,url-safe,unpadded,12,16,349525,55413621,72.184349,ssse3-sse4.1,avx512-vbmi,avx512-vbmi,x86_64,linux,0
1,commit-3-amd-9950x3d,run-1,0,base64-ng,encode,url-safe,unpadded,12,16,349525,12900464,310.066071,avx2,avx512-vbmi,avx512-vbmi,x86_64,linux,0
1,commit-3-amd-9950x3d,run-1,1,base64-ng,encode,url-safe,unpadded,12,16,349525,12910824,309.817265,avx2,avx512-vbmi,avx512-vbmi,x86_64,linux,0
1,commit-3-amd-9950x3d,run-1,2,base64-ng,encode,url-safe,unpadded,12,16,349525,12922355,309.540806,avx2,avx512-vbmi,avx512-vbmi,x86_64,linux,0
1,commit-3-amd-9950x3d,run-1,3,base64-ng,encode,url-safe,unpadded,12,16,349525,12925261,309.471212,avx2,avx512-vbmi,avx512-vbmi,x86_64,linux,0
1,commit-3-amd-9950x3d,run-1,4,base64-ng,encode,url-safe,unpadded,12,16,349525,12936762,309.196087,avx2,avx512-vbmi,avx512-vbmi,x86_64,linux,0
1,commit-3-amd-9950x3d,run-1,0,base64-ng,decode,url-safe,unpadded,12,16,349525,55892713,71.565612,avx2,avx512-vbmi,avx512-vbmi,x86_64,linux,0
1,commit-3-amd-9950x3d,run-1,1,base64-ng,decode,url-safe,unpadded,12,16,349525,56237942,71.126290,avx2,avx512-vbmi,avx512-vbmi,x86_64,linux,0
1,commit-3-amd-9950x3d,run-1,2,base64-ng,decode,url-safe,unpadded,12,16,349525,55838922,71.634552,avx2,avx512-vbmi,avx512-vbmi,x86_64,linux,0
1,commit-3-amd-9950x3d,run-1,3,base64-ng,decode,url-safe,unpadded,12,16,349525,55815908,71.664089,avx2,avx512-vbmi,avx512-vbmi,x86_64,linux,0
1,commit-3-amd-9950x3d,run-1,4,base64-ng,decode,url-safe,unpadded,12,16,349525,55902151,71.553529,avx2,avx512-vbmi,avx512-vbmi,x86_64,linux,0
1,commit-3-amd-9950x3d,run-1,0,base64-ng,encode,url-safe,unpadded,12,16,349525,13144474,304.310099,avx512-vbmi,avx512-vbmi,avx512-vbmi,x86_64,linux,0
1,commit-3-amd-9950x3d,run-1,1,base64-ng,encode,url-safe,unpadded,12,16,349525,13138141,304.456786,avx512-vbmi,avx512-vbmi,avx512-vbmi,x86_64,linux,0
1,commit-3-amd-9950x3d,run-1,2,base64-ng,encode,url-safe,unpadded,12,16,349525,13144222,304.315933,avx512-vbmi,avx512-vbmi,avx512-vbmi,x86_64,linux,0
1,commit-3-amd-9950x3d,run-1,3,base64-ng,encode,url-safe,unpadded,12,16,349525,13164592,303.845055,avx512-vbmi,avx512-vbmi,avx512-vbmi,x86_64,linux,0
1,commit-3-amd-9950x3d,run-1,4,base64-ng,encode,url-safe,unpadded,12,16,349525,13152127,304.133026,avx512-vbmi,avx512-vbmi,avx512-vbmi,x86_64,linux,0
1,commit-3-amd-9950x3d,run-1,0,base64-ng,decode,url-safe,unpadded,12,16,349525,56441476,70.869801,avx512-vbmi,avx512-vbmi,avx512-vbmi,x86_64,linux,0
1,commit-3-amd-9950x3d,run-1,1,base64-ng,decode,url-safe,unpadded,12,16,349525,56248082,71.113468,avx512-vbmi,avx512-vbmi,avx512-vbmi,x86_64,linux,0
1,commit-3-amd-9950x3d,run-1,2,base64-ng,decode,url-safe,unpadded,12,16,349525,56596247,70.675997,avx512-vbmi,avx512-vbmi,avx512-vbmi,x86_64,linux,0
1,commit-3-amd-9950x3d,run-1,3,base64-ng,decode,url-safe,unpadded,12,16,349525,56073452,71.334937,avx512-vbmi,avx512-vbmi,avx512-vbmi,x86_64,linux,0
1,commit-3-amd-9950x3d,run-1,4,base64-ng,decode,url-safe,unpadded,12,16,349525,56357277,70.975682,avx512-vbmi,avx512-vbmi,avx512-vbmi,x86_64,linux,0
1,commit-3-amd-9950x3d,run-1,0,base64-0.23.0,encode,url-safe,unpadded,12,16,349525,3289653,1215.932557,external,avx512-vbmi,avx512-vbmi,x86_64,linux,0
1,commit-3-amd-9950x3d,run-1,1,base64-0.23.0,encode,url-safe,unpadded,12,16,349525,3289432,1216.014250,external,avx512-vbmi,avx512-vbmi,x86_64,linux,0
1,commit-3-amd-9950x3d,run-1,2,base64-0.23.0,encode,url-safe,unpadded,12,16,349525,3340297,1197.497164,external,avx512-vbmi,avx512-vbmi,x86_64,linux,0
1,commit-3-amd-9950x3d,run-1,3,base64-0.23.0,encode,url-safe,unpadded,12,16,349525,3291646,1215.196344,external,avx512-vbmi,avx512-vbmi,x86_64,linux,0
1,commit-3-amd-9950x3d,run-1,4,base64-0.23.0,encode,url-safe,unpadded,12,16,349525,3329828,1201.262103,external,avx512-vbmi,avx512-vbmi,x86_64,linux,0
1,commit-3-amd-9950x3d,run-1,0,base64-0.23.0,decode,url-safe,unpadded,12,16,349525,5191894,770.431019,external,avx512-vbmi,avx512-vbmi,x86_64,linux,0
1,commit-3-amd-9950x3d,run-1,1,base64-0.23.0,decode,url-safe,unpadded,12,16,349525,5211881,767.476499,external,avx512-vbmi,avx512-vbmi,x86_64,linux,0
1,commit-3-amd-9950x3d,run-1,2,base64-0.23.0,decode,url-safe,unpadded,12,16,349525,5207632,768.102697,external,avx512-vbmi,avx512-vbmi,x86_64,linux,0
1,commit-3-amd-9950x3d,run-1,3,base64-0.23.0,decode,url-safe,unpadded,12,16,349525,5199107,769.362159,external,avx512-vbmi,avx512-vbmi,x86_64,linux,0
1,commit-3-amd-9950x3d,run-1,4,base64-0.23.0,decode,url-safe,unpadded,12,16,349525,5208935,767.910559,external,avx512-vbmi,avx512-vbmi,x86_64,linux,0
1,commit-3-amd-9950x3d,run-1,0,base64ct-1.8.3,encode,url-safe,unpadded,12,16,349525,3700536,1080.923462,external,avx512-vbmi,avx512-vbmi,x86_64,linux,0
1,commit-3-amd-9950x3d,run-1,1,base64ct-1.8.3,encode,url-safe,unpadded,12,16,349525,3727437,1073.122412,external,avx512-vbmi,avx512-vbmi,x86_64,linux,0
1,commit-3-amd-9950x3d,run-1,2,base64ct-1.8.3,encode,url-safe,unpadded,12,16,349525,3712569,1077.420025,external,avx512-vbmi,avx512-vbmi,x86_64,linux,0
1,commit-3-amd-9950x3d,run-1,3,base64ct-1.8.3,encode,url-safe,unpadded,12,16,349525,3705766,1079.397940,external,avx512-vbmi,avx512-vbmi,x86_64,linux,0
1,commit-3-amd-9950x3d,run-1,4,base64ct-1.8.3,encode,url-safe,unpadded,12,16,349525,3720793,1075.038624,external,avx512-vbmi,avx512-vbmi,x86_64,linux,0
1,commit-3-amd-9950x3d,run-1,0,base64ct-1.8.3,decode,url-safe,unpadded,12,16,349525,9450510,423.257177,external,avx512-vbmi,avx512-vbmi,x86_64,linux,0
1,commit-3-amd-9950x3d,run-1,1,base64ct-1.8.3,decode,url-safe,unpadded,12,16,349525,9454547,423.076450,external,avx512-vbmi,avx512-vbmi,x86_64,linux,0
1,commit-3-amd-9950x3d,run-1,2,base64ct-1.8.3,decode,url-safe,unpadded,12,16,349525,9430031,424.176356,external,avx512-vbmi,avx512-vbmi,x86_64,linux,0
1,commit-3-amd-9950x3d,run-1,3,base64ct-1.8.3,decode,url-safe,unpadded,12,16,349525,9436753,423.874206,external,avx512-vbmi,avx512-vbmi,x86_64,linux,0
1,commit-3-amd-9950x3d,run-1,4,base64ct-1.8.3,decode,url-safe,unpadded,12,16,349525,9436474,423.886738,external,avx512-vbmi,avx512-vbmi,x86_64,linux,0
1,commit-3-amd-9950x3d,run-1,0,base64-ng,encode,url-safe,unpadded,15,20,279620,12651305,316.172615,auto,avx512-vbmi,avx512-vbmi,x86_64,linux,0
1,commit-3-amd-9950x3d,run-1,1,base64-ng,encode,url-safe,unpadded,15,20,279620,12495611,320.112093,auto,avx512-vbmi,avx512-vbmi,x86_64,linux,0
1,commit-3-amd-9950x3d,run-1,2,base64-ng,encode,url-safe,unpadded,15,20,279620,12463962,320.924934,auto,avx512-vbmi,avx512-vbmi,x86_64,linux,0
1,commit-3-amd-9950x3d,run-1,3,base64-ng,encode,url-safe,unpadded,15,20,279620,12461598,320.985815,auto,avx512-vbmi,avx512-vbmi,x86_64,linux,0
1,commit-3-amd-9950x3d,run-1,4,base64-ng,encode,url-safe,unpadded,15,20,279620,12457329,321.095813,auto,avx512-vbmi,avx512-vbmi,x86_64,linux,0
1,commit-3-amd-9950x3d,run-1,0,base64-ng,decode,url-safe,unpadded,15,20,279620,49278122,81.171847,auto,avx512-vbmi,avx512-vbmi,x86_64,linux,0
1,commit-3-amd-9950x3d,run-1,1,base64-ng,decode,url-safe,unpadded,15,20,279620,49158596,81.369211,auto,avx512-vbmi,avx512-vbmi,x86_64,linux,0
1,commit-3-amd-9950x3d,run-1,2,base64-ng,decode,url-safe,unpadded,15,20,279620,49441359,80.903848,auto,avx512-vbmi,avx512-vbmi,x86_64,linux,0
1,commit-3-amd-9950x3d,run-1,3,base64-ng,decode,url-safe,unpadded,15,20,279620,49214191,81.277292,auto,avx512-vbmi,avx512-vbmi,x86_64,linux,0
1,commit-3-amd-9950x3d,run-1,4,base64-ng,decode,url-safe,unpadded,15,20,279620,49101959,81.463067,auto,avx512-vbmi,avx512-vbmi,x86_64,linux,0
1,commit-3-amd-9950x3d,run-1,0,base64-ng,encode,url-safe,unpadded,15,20,279620,12230022,327.063695,scalar,avx512-vbmi,avx512-vbmi,x86_64,linux,0
1,commit-3-amd-9950x3d,run-1,1,base64-ng,encode,url-safe,unpadded,15,20,279620,12244480,326.677506,scalar,avx512-vbmi,avx512-vbmi,x86_64,linux,0
1,commit-3-amd-9950x3d,run-1,2,base64-ng,encode,url-safe,unpadded,15,20,279620,12198082,327.920093,scalar,avx512-vbmi,avx512-vbmi,x86_64,linux,0
1,commit-3-amd-9950x3d,run-1,3,base64-ng,encode,url-safe,unpadded,15,20,279620,12246192,326.631837,scalar,avx512-vbmi,avx512-vbmi,x86_64,linux,0
1,commit-3-amd-9950x3d,run-1,4,base64-ng,encode,url-safe,unpadded,15,20,279620,12293701,325.369568,scalar,avx512-vbmi,avx512-vbmi,x86_64,linux,0
1,commit-3-amd-9950x3d,run-1,0,base64-ng,decode,url-safe,unpadded,15,20,279620,14677720,272.521630,scalar,avx512-vbmi,avx512-vbmi,x86_64,linux,0
1,commit-3-amd-9950x3d,run-1,1,base64-ng,decode,url-safe,unpadded,15,20,279620,14678902,272.499686,scalar,avx512-vbmi,avx512-vbmi,x86_64,linux,0
1,commit-3-amd-9950x3d,run-1,2,base64-ng,decode,url-safe,unpadded,15,20,279620,14724808,271.650142,scalar,avx512-vbmi,avx512-vbmi,x86_64,linux,0
1,commit-3-amd-9950x3d,run-1,3,base64-ng,decode,url-safe,unpadded,15,20,279620,14677680,272.522373,scalar,avx512-vbmi,avx512-vbmi,x86_64,linux,0
1,commit-3-amd-9950x3d,run-1,4,base64-ng,decode,url-safe,unpadded,15,20,279620,14653864,272.965287,scalar,avx512-vbmi,avx512-vbmi,x86_64,linux,0
1,commit-3-amd-9950x3d,run-1,0,base64-ng,encode,url-safe,unpadded,15,20,279620,17309043,231.092856,ssse3-sse4.1,avx512-vbmi,avx512-vbmi,x86_64,linux,0
1,commit-3-amd-9950x3d,run-1,1,base64-ng,encode,url-safe,unpadded,15,20,279620,17089649,234.059587,ssse3-sse4.1,avx512-vbmi,avx512-vbmi,x86_64,linux,0
1,commit-3-amd-9950x3d,run-1,2,base64-ng,encode,url-safe,unpadded,15,20,279620,17001905,235.267529,ssse3-sse4.1,avx512-vbmi,avx512-vbmi,x86_64,linux,0
1,commit-3-amd-9950x3d,run-1,3,base64-ng,encode,url-safe,unpadded,15,20,279620,17046318,234.654556,ssse3-sse4.1,avx512-vbmi,avx512-vbmi,x86_64,linux,0
1,commit-3-amd-9950x3d,run-1,4,base64-ng,encode,url-safe,unpadded,15,20,279620,17057560,234.499904,ssse3-sse4.1,avx512-vbmi,avx512-vbmi,x86_64,linux,0
1,commit-3-amd-9950x3d,run-1,0,base64-ng,decode,url-safe,unpadded,15,20,279620,48274942,82.858643,ssse3-sse4.1,avx512-vbmi,avx512-vbmi,x86_64,linux,0
1,commit-3-amd-9950x3d,run-1,1,base64-ng,decode,url-safe,unpadded,15,20,279620,48536195,82.412645,ssse3-sse4.1,avx512-vbmi,avx512-vbmi,x86_64,linux,0
1,commit-3-amd-9950x3d,run-1,2,base64-ng,decode,url-safe,unpadded,15,20,279620,48174213,83.031895,ssse3-sse4.1,avx512-vbmi,avx512-vbmi,x86_64,linux,0
1,commit-3-amd-9950x3d,run-1,3,base64-ng,decode,url-safe,unpadded,15,20,279620,48423181,82.604986,ssse3-sse4.1,avx512-vbmi,avx512-vbmi,x86_64,linux,0
1,commit-3-amd-9950x3d,run-1,4,base64-ng,decode,url-safe,unpadded,15,20,279620,48762250,82.030591,ssse3-sse4.1,avx512-vbmi,avx512-vbmi,x86_64,linux,0
1,commit-3-amd-9950x3d,run-1,0,base64-ng,encode,url-safe,unpadded,15,20,279620,12607051,317.282462,avx2,avx512-vbmi,avx512-vbmi,x86_64,linux,0
1,commit-3-amd-9950x3d,run-1,1,base64-ng,encode,url-safe,unpadded,15,20,279620,12547088,318.798767,avx2,avx512-vbmi,avx512-vbmi,x86_64,linux,0
1,commit-3-amd-9950x3d,run-1,2,base64-ng,encode,url-safe,unpadded,15,20,279620,12553401,318.638446,avx2,avx512-vbmi,avx512-vbmi,x86_64,linux,0
1,commit-3-amd-9950x3d,run-1,3,base64-ng,encode,url-safe,unpadded,15,20,279620,12674658,315.590068,avx2,avx512-vbmi,avx512-vbmi,x86_64,linux,0
1,commit-3-amd-9950x3d,run-1,4,base64-ng,encode,url-safe,unpadded,15,20,279620,12607602,317.268596,avx2,avx512-vbmi,avx512-vbmi,x86_64,linux,0
1,commit-3-amd-9950x3d,run-1,0,base64-ng,decode,url-safe,unpadded,15,20,279620,48834917,81.908528,avx2,avx512-vbmi,avx512-vbmi,x86_64,linux,0
1,commit-3-amd-9950x3d,run-1,1,base64-ng,decode,url-safe,unpadded,15,20,279620,48742914,82.063132,avx2,avx512-vbmi,avx512-vbmi,x86_64,linux,0
1,commit-3-amd-9950x3d,run-1,2,base64-ng,decode,url-safe,unpadded,15,20,279620,48673884,82.179515,avx2,avx512-vbmi,avx512-vbmi,x86_64,linux,0
1,commit-3-amd-9950x3d,run-1,3,base64-ng,decode,url-safe,unpadded,15,20,279620,48694613,82.144532,avx2,avx512-vbmi,avx512-vbmi,x86_64,linux,0
1,commit-3-amd-9950x3d,run-1,4,base64-ng,decode,url-safe,unpadded,15,20,279620,48631233,82.251589,avx2,avx512-vbmi,avx512-vbmi,x86_64,linux,0
1,commit-3-amd-9950x3d,run-1,0,base64-ng,encode,url-safe,unpadded,15,20,279620,12672415,315.645927,avx512-vbmi,avx512-vbmi,avx512-vbmi,x86_64,linux,0
1,commit-3-amd-9950x3d,run-1,1,base64-ng,encode,url-safe,unpadded,15,20,279620,12672856,315.634943,avx512-vbmi,avx512-vbmi,avx512-vbmi,x86_64,linux,0
1,commit-3-amd-9950x3d,run-1,2,base64-ng,encode,url-safe,unpadded,15,20,279620,12673647,315.615244,avx512-vbmi,avx512-vbmi,avx512-vbmi,x86_64,linux,0
1,commit-3-amd-9950x3d,run-1,3,base64-ng,encode,url-safe,unpadded,15,20,279620,12671343,315.672631,avx512-vbmi,avx512-vbmi,avx512-vbmi,x86_64,linux,0
1,commit-3-amd-9950x3d,run-1,4,base64-ng,encode,url-safe,unpadded,15,20,279620,12672796,315.636438,avx512-vbmi,avx512-vbmi,avx512-vbmi,x86_64,linux,0
1,commit-3-amd-9950x3d,run-1,0,base64-ng,decode,url-safe,unpadded,15,20,279620,48944884,81.724500,avx512-vbmi,avx512-vbmi,avx512-vbmi,x86_64,linux,0
1,commit-3-amd-9950x3d,run-1,1,base64-ng,decode,url-safe,unpadded,15,20,279620,48956035,81.705885,avx512-vbmi,avx512-vbmi,avx512-vbmi,x86_64,linux,0
1,commit-3-amd-9950x3d,run-1,2,base64-ng,decode,url-safe,unpadded,15,20,279620,49136695,81.405479,avx512-vbmi,avx512-vbmi,avx512-vbmi,x86_64,linux,0
1,commit-3-amd-9950x3d,run-1,3,base64-ng,decode,url-safe,unpadded,15,20,279620,49061604,81.530074,avx512-vbmi,avx512-vbmi,avx512-vbmi,x86_64,linux,0
1,commit-3-amd-9950x3d,run-1,4,base64-ng,decode,url-safe,unpadded,15,20,279620,49154558,81.375896,avx512-vbmi,avx512-vbmi,avx512-vbmi,x86_64,linux,0
1,commit-3-amd-9950x3d,run-1,0,base64-0.23.0,encode,url-safe,unpadded,15,20,279620,2852069,1402.489275,external,avx512-vbmi,avx512-vbmi,x86_64,linux,0
1,commit-3-amd-9950x3d,run-1,1,base64-0.23.0,encode,url-safe,unpadded,15,20,279620,2877116,1390.279775,external,avx512-vbmi,avx512-vbmi,x86_64,linux,0
1,commit-3-amd-9950x3d,run-1,2,base64-0.23.0,encode,url-safe,unpadded,15,20,279620,2880011,1388.882260,external,avx512-vbmi,avx512-vbmi,x86_64,linux,0
1,commit-3-amd-9950x3d,run-1,3,base64-0.23.0,encode,url-safe,unpadded,15,20,279620,2883679,1387.115620,external,avx512-vbmi,avx512-vbmi,x86_64,linux,0
1,commit-3-amd-9950x3d,run-1,4,base64-0.23.0,encode,url-safe,unpadded,15,20,279620,2895881,1381.270910,external,avx512-vbmi,avx512-vbmi,x86_64,linux,0
1,commit-3-amd-9950x3d,run-1,0,base64-0.23.0,decode,url-safe,unpadded,15,20,279620,4435940,901.724592,external,avx512-vbmi,avx512-vbmi,x86_64,linux,0
1,commit-3-amd-9950x3d,run-1,1,base64-0.23.0,decode,url-safe,unpadded,15,20,279620,4451339,898.605158,external,avx512-vbmi,avx512-vbmi,x86_64,linux,0
1,commit-3-amd-9950x3d,run-1,2,base64-0.23.0,decode,url-safe,unpadded,15,20,279620,4450538,898.766887,external,avx512-vbmi,avx512-vbmi,x86_64,linux,0
1,commit-3-amd-9950x3d,run-1,3,base64-0.23.0,decode,url-safe,unpadded,15,20,279620,4443474,900.195699,external,avx512-vbmi,avx512-vbmi,x86_64,linux,0
1,commit-3-amd-9950x3d,run-1,4,base64-0.23.0,decode,url-safe,unpadded,15,20,279620,4443926,900.104139,external,avx512-vbmi,avx512-vbmi,x86_64,linux,0
1,commit-3-amd-9950x3d,run-1,0,base64ct-1.8.3,encode,url-safe,unpadded,15,20,279620,3298318,1212.738185,external,avx512-vbmi,avx512-vbmi,x86_64,linux,0
1,commit-3-amd-9950x3d,run-1,1,base64ct-1.8.3,encode,url-safe,unpadded,15,20,279620,3305733,1210.017925,external,avx512-vbmi,avx512-vbmi,x86_64,linux,0
1,commit-3-amd-9950x3d,run-1,2,base64ct-1.8.3,encode,url-safe,unpadded,15,20,279620,3313888,1207.040246,external,avx512-vbmi,avx512-vbmi,x86_64,linux,0
1,commit-3-amd-9950x3d,run-1,3,base64ct-1.8.3,encode,url-safe,unpadded,15,20,279620,3313217,1207.284698,external,avx512-vbmi,avx512-vbmi,x86_64,linux,0
1,commit-3-amd-9950x3d,run-1,4,base64ct-1.8.3,encode,url-safe,unpadded,15,20,279620,3328976,1201.569547,external,avx512-vbmi,avx512-vbmi,x86_64,linux,0
1,commit-3-amd-9950x3d,run-1,0,base64ct-1.8.3,decode,url-safe,unpadded,15,20,279620,8465024,472.532173,external,avx512-vbmi,avx512-vbmi,x86_64,linux,0
1,commit-3-amd-9950x3d,run-1,1,base64ct-1.8.3,decode,url-safe,unpadded,15,20,279620,8434247,474.256467,external,avx512-vbmi,avx512-vbmi,x86_64,linux,0
1,commit-3-amd-9950x3d,run-1,2,base64ct-1.8.3,decode,url-safe,unpadded,15,20,279620,8404751,475.920843,external,avx512-vbmi,avx512-vbmi,x86_64,linux,0
1,commit-3-amd-9950x3d,run-1,3,base64ct-1.8.3,decode,url-safe,unpadded,15,20,279620,8476587,471.887587,external,avx512-vbmi,avx512-vbmi,x86_64,linux,0
1,commit-3-amd-9950x3d,run-1,4,base64ct-1.8.3,decode,url-safe,unpadded,15,20,279620,8428967,474.553547,external,avx512-vbmi,avx512-vbmi,x86_64,linux,0
1,commit-3-amd-9950x3d,run-1,0,base64-ng,encode,url-safe,unpadded,16,22,262144,12456007,321.130198,auto,avx512-vbmi,avx512-vbmi,x86_64,linux,0
1,commit-3-amd-9950x3d,run-1,1,base64-ng,encode,url-safe,unpadded,16,22,262144,12415341,322.182049,auto,avx512-vbmi,avx512-vbmi,x86_64,linux,0
1,commit-3-amd-9950x3d,run-1,2,base64-ng,encode,url-safe,unpadded,16,22,262144,12406484,322.412055,auto,avx512-vbmi,avx512-vbmi,x86_64,linux,0
1,commit-3-amd-9950x3d,run-1,3,base64-ng,encode,url-safe,unpadded,16,22,262144,12406304,322.416733,auto,avx512-vbmi,avx512-vbmi,x86_64,linux,0
1,commit-3-amd-9950x3d,run-1,4,base64-ng,encode,url-safe,unpadded,16,22,262144,12418065,322.111376,auto,avx512-vbmi,avx512-vbmi,x86_64,linux,0
1,commit-3-amd-9950x3d,run-1,0,base64-ng,decode,url-safe,unpadded,16,22,262144,47839934,83.612155,auto,avx512-vbmi,avx512-vbmi,x86_64,linux,0
1,commit-3-amd-9950x3d,run-1,1,base64-ng,decode,url-safe,unpadded,16,22,262144,47759873,83.752317,auto,avx512-vbmi,avx512-vbmi,x86_64,linux,0
1,commit-3-amd-9950x3d,run-1,2,base64-ng,decode,url-safe,unpadded,16,22,262144,47709960,83.839936,auto,avx512-vbmi,avx512-vbmi,x86_64,linux,0
1,commit-3-amd-9950x3d,run-1,3,base64-ng,decode,url-safe,unpadded,16,22,262144,47807322,83.669192,auto,avx512-vbmi,avx512-vbmi,x86_64,linux,0
1,commit-3-amd-9950x3d,run-1,4,base64-ng,decode,url-safe,unpadded,16,22,262144,47790861,83.698011,auto,avx512-vbmi,avx512-vbmi,x86_64,linux,0
1,commit-3-amd-9950x3d,run-1,0,base64-ng,encode,url-safe,unpadded,16,22,262144,12202911,327.790639,scalar,avx512-vbmi,avx512-vbmi,x86_64,linux,0
1,commit-3-amd-9950x3d,run-1,1,base64-ng,encode,url-safe,unpadded,16,22,262144,12208932,327.628985,scalar,avx512-vbmi,avx512-vbmi,x86_64,linux,0
1,commit-3-amd-9950x3d,run-1,2,base64-ng,encode,url-safe,unpadded,16,22,262144,12207740,327.660976,scalar,avx512-vbmi,avx512-vbmi,x86_64,linux,0
1,commit-3-amd-9950x3d,run-1,3,base64-ng,encode,url-safe,unpadded,16,22,262144,12225082,327.196169,scalar,avx512-vbmi,avx512-vbmi,x86_64,linux,0
1,commit-3-amd-9950x3d,run-1,4,base64-ng,encode,url-safe,unpadded,16,22,262144,12217528,327.398472,scalar,avx512-vbmi,avx512-vbmi,x86_64,linux,0
1,commit-3-amd-9950x3d,run-1,0,base64-ng,decode,url-safe,unpadded,16,22,262144,14844674,269.456911,scalar,avx512-vbmi,avx512-vbmi,x86_64,linux,0
1,commit-3-amd-9950x3d,run-1,1,base64-ng,decode,url-safe,unpadded,16,22,262144,14821280,269.882223,scalar,avx512-vbmi,avx512-vbmi,x86_64,linux,0
1,commit-3-amd-9950x3d,run-1,2,base64-ng,decode,url-safe,unpadded,16,22,262144,14838863,269.562432,scalar,avx512-vbmi,avx512-vbmi,x86_64,linux,0
1,commit-3-amd-9950x3d,run-1,3,base64-ng,decode,url-safe,unpadded,16,22,262144,14821831,269.872191,scalar,avx512-vbmi,avx512-vbmi,x86_64,linux,0
1,commit-3-amd-9950x3d,run-1,4,base64-ng,decode,url-safe,unpadded,16,22,262144,14822081,269.867639,scalar,avx512-vbmi,avx512-vbmi,x86_64,linux,0
1,commit-3-amd-9950x3d,run-1,0,base64-ng,encode,url-safe,unpadded,16,22,262144,16663227,240.049541,ssse3-sse4.1,avx512-vbmi,avx512-vbmi,x86_64,linux,0
1,commit-3-amd-9950x3d,run-1,1,base64-ng,encode,url-safe,unpadded,16,22,262144,16582635,241.216188,ssse3-sse4.1,avx512-vbmi,avx512-vbmi,x86_64,linux,0
1,commit-3-amd-9950x3d,run-1,2,base64-ng,encode,url-safe,unpadded,16,22,262144,16574560,241.333707,ssse3-sse4.1,avx512-vbmi,avx512-vbmi,x86_64,linux,0
1,commit-3-amd-9950x3d,run-1,3,base64-ng,encode,url-safe,unpadded,16,22,262144,17059413,234.474656,ssse3-sse4.1,avx512-vbmi,avx512-vbmi,x86_64,linux,0
1,commit-3-amd-9950x3d,run-1,4,base64-ng,encode,url-safe,unpadded,16,22,262144,16601420,240.943245,ssse3-sse4.1,avx512-vbmi,avx512-vbmi,x86_64,linux,0
1,commit-3-amd-9950x3d,run-1,0,base64-ng,decode,url-safe,unpadded,16,22,262144,46752297,85.557294,ssse3-sse4.1,avx512-vbmi,avx512-vbmi,x86_64,linux,0
1,commit-3-amd-9950x3d,run-1,1,base64-ng,decode,url-safe,unpadded,16,22,262144,46881680,85.321174,ssse3-sse4.1,avx512-vbmi,avx512-vbmi,x86_64,linux,0
1,commit-3-amd-9950x3d,run-1,2,base64-ng,decode,url-safe,unpadded,16,22,262144,46683377,85.683604,ssse3-sse4.1,avx512-vbmi,avx512-vbmi,x86_64,linux,0
1,commit-3-amd-9950x3d,run-1,3,base64-ng,decode,url-safe,unpadded,16,22,262144,46647028,85.750372,ssse3-sse4.1,avx512-vbmi,avx512-vbmi,x86_64,linux,0
1,commit-3-amd-9950x3d,run-1,4,base64-ng,decode,url-safe,unpadded,16,22,262144,46983762,85.135796,ssse3-sse4.1,avx512-vbmi,avx512-vbmi,x86_64,linux,0
1,commit-3-amd-9950x3d,run-1,0,base64-ng,encode,url-safe,unpadded,16,22,262144,12588016,317.762545,avx2,avx512-vbmi,avx512-vbmi,x86_64,linux,0
1,commit-3-amd-9950x3d,run-1,1,base64-ng,encode,url-safe,unpadded,16,22,262144,12510259,319.737585,avx2,avx512-vbmi,avx512-vbmi,x86_64,linux,0
1,commit-3-amd-9950x3d,run-1,2,base64-ng,encode,url-safe,unpadded,16,22,262144,12490632,320.240001,avx2,avx512-vbmi,avx512-vbmi,x86_64,linux,0
1,commit-3-amd-9950x3d,run-1,3,base64-ng,encode,url-safe,unpadded,16,22,262144,12497366,320.067445,avx2,avx512-vbmi,avx512-vbmi,x86_64,linux,0
1,commit-3-amd-9950x3d,run-1,4,base64-ng,encode,url-safe,unpadded,16,22,262144,12485062,320.382870,avx2,avx512-vbmi,avx512-vbmi,x86_64,linux,0
1,commit-3-amd-9950x3d,run-1,0,base64-ng,decode,url-safe,unpadded,16,22,262144,46889545,85.306863,avx2,avx512-vbmi,avx512-vbmi,x86_64,linux,0
1,commit-3-amd-9950x3d,run-1,1,base64-ng,decode,url-safe,unpadded,16,22,262144,46969295,85.162019,avx2,avx512-vbmi,avx512-vbmi,x86_64,linux,0
1,commit-3-amd-9950x3d,run-1,2,base64-ng,decode,url-safe,unpadded,16,22,262144,46796810,85.475912,avx2,avx512-vbmi,avx512-vbmi,x86_64,linux,0
1,commit-3-amd-9950x3d,run-1,3,base64-ng,decode,url-safe,unpadded,16,22,262144,46918689,85.253874,avx2,avx512-vbmi,avx512-vbmi,x86_64,linux,0
1,commit-3-amd-9950x3d,run-1,4,base64-ng,decode,url-safe,unpadded,16,22,262144,46818982,85.435433,avx2,avx512-vbmi,avx512-vbmi,x86_64,linux,0
1,commit-3-amd-9950x3d,run-1,0,base64-ng,encode,url-safe,unpadded,16,22,262144,12601020,317.434620,avx512-vbmi,avx512-vbmi,avx512-vbmi,x86_64,linux,0
1,commit-3-amd-9950x3d,run-1,1,base64-ng,encode,url-safe,unpadded,16,22,262144,12610588,317.193774,avx512-vbmi,avx512-vbmi,avx512-vbmi,x86_64,linux,0
1,commit-3-amd-9950x3d,run-1,2,base64-ng,encode,url-safe,unpadded,16,22,262144,12601371,317.425779,avx512-vbmi,avx512-vbmi,avx512-vbmi,x86_64,linux,0
1,commit-3-amd-9950x3d,run-1,3,base64-ng,encode,url-safe,unpadded,16,22,262144,12615929,317.059489,avx512-vbmi,avx512-vbmi,avx512-vbmi,x86_64,linux,0
1,commit-3-amd-9950x3d,run-1,4,base64-ng,encode,url-safe,unpadded,16,22,262144,12603535,317.371277,avx512-vbmi,avx512-vbmi,avx512-vbmi,x86_64,linux,0
1,commit-3-amd-9950x3d,run-1,0,base64-ng,decode,url-safe,unpadded,16,22,262144,47622044,83.994715,avx512-vbmi,avx512-vbmi,avx512-vbmi,x86_64,linux,0
1,commit-3-amd-9950x3d,run-1,1,base64-ng,decode,url-safe,unpadded,16,22,262144,47504993,84.201675,avx512-vbmi,avx512-vbmi,avx512-vbmi,x86_64,linux,0
1,commit-3-amd-9950x3d,run-1,2,base64-ng,decode,url-safe,unpadded,16,22,262144,47645779,83.952872,avx512-vbmi,avx512-vbmi,avx512-vbmi,x86_64,linux,0
1,commit-3-amd-9950x3d,run-1,3,base64-ng,decode,url-safe,unpadded,16,22,262144,47573312,84.080755,avx512-vbmi,avx512-vbmi,avx512-vbmi,x86_64,linux,0
1,commit-3-amd-9950x3d,run-1,4,base64-ng,decode,url-safe,unpadded,16,22,262144,47400326,84.387605,avx512-vbmi,avx512-vbmi,avx512-vbmi,x86_64,linux,0
1,commit-3-amd-9950x3d,run-1,0,base64-0.23.0,encode,url-safe,unpadded,16,22,262144,2800522,1428.305152,external,avx512-vbmi,avx512-vbmi,x86_64,linux,0
1,commit-3-amd-9950x3d,run-1,1,base64-0.23.0,encode,url-safe,unpadded,16,22,262144,2857659,1399.747136,external,avx512-vbmi,avx512-vbmi,x86_64,linux,0
1,commit-3-amd-9950x3d,run-1,2,base64-0.23.0,encode,url-safe,unpadded,16,22,262144,2854743,1401.176919,external,avx512-vbmi,avx512-vbmi,x86_64,linux,0
1,commit-3-amd-9950x3d,run-1,3,base64-0.23.0,encode,url-safe,unpadded,16,22,262144,2871575,1392.963792,external,avx512-vbmi,avx512-vbmi,x86_64,linux,0
1,commit-3-amd-9950x3d,run-1,4,base64-0.23.0,encode,url-safe,unpadded,16,22,262144,2842912,1407.008026,external,avx512-vbmi,avx512-vbmi,x86_64,linux,0
1,commit-3-amd-9950x3d,run-1,0,base64-0.23.0,decode,url-safe,unpadded,16,22,262144,4136767,966.938675,external,avx512-vbmi,avx512-vbmi,x86_64,linux,0
1,commit-3-amd-9950x3d,run-1,1,base64-0.23.0,decode,url-safe,unpadded,16,22,262144,4128191,968.947415,external,avx512-vbmi,avx512-vbmi,x86_64,linux,0
1,commit-3-amd-9950x3d,run-1,2,base64-0.23.0,decode,url-safe,unpadded,16,22,262144,4112070,972.746087,external,avx512-vbmi,avx512-vbmi,x86_64,linux,0
1,commit-3-amd-9950x3d,run-1,3,base64-0.23.0,decode,url-safe,unpadded,16,22,262144,4120356,970.789903,external,avx512-vbmi,avx512-vbmi,x86_64,linux,0
1,commit-3-amd-9950x3d,run-1,4,base64-0.23.0,decode,url-safe,unpadded,16,22,262144,4119254,971.049612,external,avx512-vbmi,avx512-vbmi,x86_64,linux,0
1,commit-3-amd-9950x3d,run-1,0,base64ct-1.8.3,encode,url-safe,unpadded,16,22,262144,3228447,1238.985803,external,avx512-vbmi,avx512-vbmi,x86_64,linux,0
1,commit-3-amd-9950x3d,run-1,1,base64ct-1.8.3,encode,url-safe,unpadded,16,22,262144,3243145,1233.370694,external,avx512-vbmi,avx512-vbmi,x86_64,linux,0
1,commit-3-amd-9950x3d,run-1,2,base64ct-1.8.3,encode,url-safe,unpadded,16,22,262144,3228227,1239.070239,external,avx512-vbmi,avx512-vbmi,x86_64,linux,0
1,commit-3-amd-9950x3d,run-1,3,base64ct-1.8.3,encode,url-safe,unpadded,16,22,262144,3309169,1208.762683,external,avx512-vbmi,avx512-vbmi,x86_64,linux,0
1,commit-3-amd-9950x3d,run-1,4,base64ct-1.8.3,encode,url-safe,unpadded,16,22,262144,3279503,1219.697009,external,avx512-vbmi,avx512-vbmi,x86_64,linux,0
1,commit-3-amd-9950x3d,run-1,0,base64ct-1.8.3,decode,url-safe,unpadded,16,22,262144,10159424,393.723109,external,avx512-vbmi,avx512-vbmi,x86_64,linux,0
1,commit-3-amd-9950x3d,run-1,1,base64ct-1.8.3,decode,url-safe,unpadded,16,22,262144,10118478,395.316371,external,avx512-vbmi,avx512-vbmi,x86_64,linux,0
1,commit-3-amd-9950x3d,run-1,2,base64ct-1.8.3,decode,url-safe,unpadded,16,22,262144,10095403,396.219943,external,avx512-vbmi,avx512-vbmi,x86_64,linux,0
1,commit-3-amd-9950x3d,run-1,3,base64ct-1.8.3,decode,url-safe,unpadded,16,22,262144,10090765,396.402057,external,avx512-vbmi,avx512-vbmi,x86_64,linux,0
1,commit-3-amd-9950x3d,run-1,4,base64ct-1.8.3,decode,url-safe,unpadded,16,22,262144,10091646,396.367451,external,avx512-vbmi,avx512-vbmi,x86_64,linux,0
1,commit-3-amd-9950x3d,run-1,0,base64-ng,encode,url-safe,unpadded,23,31,182361,11946158,334.835605,auto,avx512-vbmi,avx512-vbmi,x86_64,linux,0
1,commit-3-amd-9950x3d,run-1,1,base64-ng,encode,url-safe,unpadded,23,31,182361,11917583,335.638447,auto,avx512-vbmi,avx512-vbmi,x86_64,linux,0
1,commit-3-amd-9950x3d,run-1,2,base64-ng,encode,url-safe,unpadded,23,31,182361,11882758,336.622108,auto,avx512-vbmi,avx512-vbmi,x86_64,linux,0
1,commit-3-amd-9950x3d,run-1,3,base64-ng,encode,url-safe,unpadded,23,31,182361,11869443,336.999727,auto,avx512-vbmi,avx512-vbmi,x86_64,linux,0
1,commit-3-amd-9950x3d,run-1,4,base64-ng,encode,url-safe,unpadded,23,31,182361,11851138,337.520249,auto,avx512-vbmi,avx512-vbmi,x86_64,linux,0
1,commit-3-amd-9950x3d,run-1,0,base64-ng,decode,url-safe,unpadded,23,31,182361,37800977,105.817346,auto,avx512-vbmi,avx512-vbmi,x86_64,linux,0
1,commit-3-amd-9950x3d,run-1,1,base64-ng,decode,url-safe,unpadded,23,31,182361,37772723,105.896497,auto,avx512-vbmi,avx512-vbmi,x86_64,linux,0
1,commit-3-amd-9950x3d,run-1,2,base64-ng,decode,url-safe,unpadded,23,31,182361,37696230,106.111382,auto,avx512-vbmi,avx512-vbmi,x86_64,linux,0
1,commit-3-amd-9950x3d,run-1,3,base64-ng,decode,url-safe,unpadded,23,31,182361,37815194,105.777562,auto,avx512-vbmi,avx512-vbmi,x86_64,linux,0
1,commit-3-amd-9950x3d,run-1,4,base64-ng,decode,url-safe,unpadded,23,31,182361,37949526,105.403136,auto,avx512-vbmi,avx512-vbmi,x86_64,linux,0
1,commit-3-amd-9950x3d,run-1,0,base64-ng,encode,url-safe,unpadded,23,31,182361,11698351,341.928452,scalar,avx512-vbmi,avx512-vbmi,x86_64,linux,0
1,commit-3-amd-9950x3d,run-1,1,base64-ng,encode,url-safe,unpadded,23,31,182361,11750148,340.421163,scalar,avx512-vbmi,avx512-vbmi,x86_64,linux,0
1,commit-3-amd-9950x3d,run-1,2,base64-ng,encode,url-safe,unpadded,23,31,182361,11716205,341.407397,scalar,avx512-vbmi,avx512-vbmi,x86_64,linux,0
1,commit-3-amd-9950x3d,run-1,3,base64-ng,encode,url-safe,unpadded,23,31,182361,11723799,341.186253,scalar,avx512-vbmi,avx512-vbmi,x86_64,linux,0
1,commit-3-amd-9950x3d,run-1,4,base64-ng,encode,url-safe,unpadded,23,31,182361,11743256,340.620953,scalar,avx512-vbmi,avx512-vbmi,x86_64,linux,0
1,commit-3-amd-9950x3d,run-1,0,base64-ng,decode,url-safe,unpadded,23,31,182361,14334313,279.050628,scalar,avx512-vbmi,avx512-vbmi,x86_64,linux,0
1,commit-3-amd-9950x3d,run-1,1,base64-ng,decode,url-safe,unpadded,23,31,182361,14328322,279.167306,scalar,avx512-vbmi,avx512-vbmi,x86_64,linux,0
1,commit-3-amd-9950x3d,run-1,2,base64-ng,decode,url-safe,unpadded,23,31,182361,14339893,278.942043,scalar,avx512-vbmi,avx512-vbmi,x86_64,linux,0
1,commit-3-amd-9950x3d,run-1,3,base64-ng,decode,url-safe,unpadded,23,31,182361,14311550,279.494467,scalar,avx512-vbmi,avx512-vbmi,x86_64,linux,0
1,commit-3-amd-9950x3d,run-1,4,base64-ng,decode,url-safe,unpadded,23,31,182361,14318784,279.353264,scalar,avx512-vbmi,avx512-vbmi,x86_64,linux,0
1,commit-3-amd-9950x3d,run-1,0,base64-ng,encode,url-safe,unpadded,23,31,182361,15097690,264.941130,ssse3-sse4.1,avx512-vbmi,avx512-vbmi,x86_64,linux,0
1,commit-3-amd-9950x3d,run-1,1,base64-ng,encode,url-safe,unpadded,23,31,182361,14761597,270.973327,ssse3-sse4.1,avx512-vbmi,avx512-vbmi,x86_64,linux,0
1,commit-3-amd-9950x3d,run-1,2,base64-ng,encode,url-safe,unpadded,23,31,182361,14735248,271.457871,ssse3-sse4.1,avx512-vbmi,avx512-vbmi,x86_64,linux,0
1,commit-3-amd-9950x3d,run-1,3,base64-ng,encode,url-safe,unpadded,23,31,182361,14759984,271.002939,ssse3-sse4.1,avx512-vbmi,avx512-vbmi,x86_64,linux,0
1,commit-3-amd-9950x3d,run-1,4,base64-ng,encode,url-safe,unpadded,23,31,182361,14770805,270.804404,ssse3-sse4.1,avx512-vbmi,avx512-vbmi,x86_64,linux,0
1,commit-3-amd-9950x3d,run-1,0,base64-ng,decode,url-safe,unpadded,23,31,182361,38898793,102.830930,ssse3-sse4.1,avx512-vbmi,avx512-vbmi,x86_64,linux,0
1,commit-3-amd-9950x3d,run-1,1,base64-ng,decode,url-safe,unpadded,23,31,182361,39730118,100.679264,ssse3-sse4.1,avx512-vbmi,avx512-vbmi,x86_64,linux,0
1,commit-3-amd-9950x3d,run-1,2,base64-ng,decode,url-safe,unpadded,23,31,182361,39222032,101.983473,ssse3-sse4.1,avx512-vbmi,avx512-vbmi,x86_64,linux,0
1,commit-3-amd-9950x3d,run-1,3,base64-ng,decode,url-safe,unpadded,23,31,182361,39559677,101.113036,ssse3-sse4.1,avx512-vbmi,avx512-vbmi,x86_64,linux,0
1,commit-3-amd-9950x3d,run-1,4,base64-ng,decode,url-safe,unpadded,23,31,182361,39583793,101.051434,ssse3-sse4.1,avx512-vbmi,avx512-vbmi,x86_64,linux,0
1,commit-3-amd-9950x3d,run-1,0,base64-ng,encode,url-safe,unpadded,23,31,182361,12229871,327.067967,avx2,avx512-vbmi,avx512-vbmi,x86_64,linux,0
1,commit-3-amd-9950x3d,run-1,1,base64-ng,encode,url-safe,unpadded,23,31,182361,12310683,324.920969,avx2,avx512-vbmi,avx512-vbmi,x86_64,linux,0
1,commit-3-amd-9950x3d,run-1,2,base64-ng,encode,url-safe,unpadded,23,31,182361,12264026,326.157091,avx2,avx512-vbmi,avx512-vbmi,x86_64,linux,0
1,commit-3-amd-9950x3d,run-1,3,base64-ng,encode,url-safe,unpadded,23,31,182361,12162926,328.868156,avx2,avx512-vbmi,avx512-vbmi,x86_64,linux,0
1,commit-3-amd-9950x3d,run-1,4,base64-ng,encode,url-safe,unpadded,23,31,182361,12155902,329.058185,avx2,avx512-vbmi,avx512-vbmi,x86_64,linux,0
1,commit-3-amd-9950x3d,run-1,0,base64-ng,decode,url-safe,unpadded,23,31,182361,38507637,103.875474,avx2,avx512-vbmi,avx512-vbmi,x86_64,linux,0
1,commit-3-amd-9950x3d,run-1,1,base64-ng,decode,url-safe,unpadded,23,31,182361,38215446,104.669694,avx2,avx512-vbmi,avx512-vbmi,x86_64,linux,0
1,commit-3-amd-9950x3d,run-1,2,base64-ng,decode,url-safe,unpadded,23,31,182361,38091023,105.011594,avx2,avx512-vbmi,avx512-vbmi,x86_64,linux,0
1,commit-3-amd-9950x3d,run-1,3,base64-ng,decode,url-safe,unpadded,23,31,182361,38196261,104.722267,avx2,avx512-vbmi,avx512-vbmi,x86_64,linux,0
1,commit-3-amd-9950x3d,run-1,4,base64-ng,decode,url-safe,unpadded,23,31,182361,38111270,104.955806,avx2,avx512-vbmi,avx512-vbmi,x86_64,linux,0
1,commit-3-amd-9950x3d,run-1,0,base64-ng,encode,url-safe,unpadded,23,31,182361,12363032,323.545150,avx512-vbmi,avx512-vbmi,avx512-vbmi,x86_64,linux,0
1,commit-3-amd-9950x3d,run-1,1,base64-ng,encode,url-safe,unpadded,23,31,182361,12374213,323.252804,avx512-vbmi,avx512-vbmi,avx512-vbmi,x86_64,linux,0
1,commit-3-amd-9950x3d,run-1,2,base64-ng,encode,url-safe,unpadded,23,31,182361,12362521,323.558524,avx512-vbmi,avx512-vbmi,avx512-vbmi,x86_64,linux,0
1,commit-3-amd-9950x3d,run-1,3,base64-ng,encode,url-safe,unpadded,23,31,182361,12167134,328.754417,avx512-vbmi,avx512-vbmi,avx512-vbmi,x86_64,linux,0
1,commit-3-amd-9950x3d,run-1,4,base64-ng,encode,url-safe,unpadded,23,31,182361,12285637,325.583366,avx512-vbmi,avx512-vbmi,avx512-vbmi,x86_64,linux,0
1,commit-3-amd-9950x3d,run-1,0,base64-ng,decode,url-safe,unpadded,23,31,182361,39922450,100.194228,avx512-vbmi,avx512-vbmi,avx512-vbmi,x86_64,linux,0
1,commit-3-amd-9950x3d,run-1,1,base64-ng,decode,url-safe,unpadded,23,31,182361,39522277,101.208719,avx512-vbmi,avx512-vbmi,avx512-vbmi,x86_64,linux,0
1,commit-3-amd-9950x3d,run-1,2,base64-ng,decode,url-safe,unpadded,23,31,182361,38438948,104.061096,avx512-vbmi,avx512-vbmi,avx512-vbmi,x86_64,linux,0
1,commit-3-amd-9950x3d,run-1,3,base64-ng,decode,url-safe,unpadded,23,31,182361,38616551,103.582504,avx512-vbmi,avx512-vbmi,avx512-vbmi,x86_64,linux,0
1,commit-3-amd-9950x3d,run-1,4,base64-ng,decode,url-safe,unpadded,23,31,182361,38593399,103.644643,avx512-vbmi,avx512-vbmi,avx512-vbmi,x86_64,linux,0
1,commit-3-amd-9950x3d,run-1,0,base64-0.23.0,encode,url-safe,unpadded,23,31,182361,2342700,1707.431189,external,avx512-vbmi,avx512-vbmi,x86_64,linux,0
1,commit-3-amd-9950x3d,run-1,1,base64-0.23.0,encode,url-safe,unpadded,23,31,182361,2384659,1677.388275,external,avx512-vbmi,avx512-vbmi,x86_64,linux,0
1,commit-3-amd-9950x3d,run-1,2,base64-0.23.0,encode,url-safe,unpadded,23,31,182361,2386583,1676.036009,external,avx512-vbmi,avx512-vbmi,x86_64,linux,0
1,commit-3-amd-9950x3d,run-1,3,base64-0.23.0,encode,url-safe,unpadded,23,31,182361,2374229,1684.757050,external,avx512-vbmi,avx512-vbmi,x86_64,linux,0
1,commit-3-amd-9950x3d,run-1,4,base64-0.23.0,encode,url-safe,unpadded,23,31,182361,2389047,1674.307390,external,avx512-vbmi,avx512-vbmi,x86_64,linux,0
1,commit-3-amd-9950x3d,run-1,0,base64-0.23.0,decode,url-safe,unpadded,23,31,182361,3309129,1208.777006,external,avx512-vbmi,avx512-vbmi,x86_64,linux,0
1,commit-3-amd-9950x3d,run-1,1,base64-0.23.0,decode,url-safe,unpadded,23,31,182361,3436398,1164.009246,external,avx512-vbmi,avx512-vbmi,x86_64,linux,0
1,commit-3-amd-9950x3d,run-1,2,base64-0.23.0,decode,url-safe,unpadded,23,31,182361,3297558,1213.018557,external,avx512-vbmi,avx512-vbmi,x86_64,linux,0
1,commit-3-amd-9950x3d,run-1,3,base64-0.23.0,decode,url-safe,unpadded,23,31,182361,3316744,1206.001743,external,avx512-vbmi,avx512-vbmi,x86_64,linux,0
1,commit-3-amd-9950x3d,run-1,4,base64-0.23.0,decode,url-safe,unpadded,23,31,182361,3315341,1206.512104,external,avx512-vbmi,avx512-vbmi,x86_64,linux,0
1,commit-3-amd-9950x3d,run-1,0,base64ct-1.8.3,encode,url-safe,unpadded,23,31,182361,2814287,1421.318809,external,avx512-vbmi,avx512-vbmi,x86_64,linux,0
1,commit-3-amd-9950x3d,run-1,1,base64ct-1.8.3,encode,url-safe,unpadded,23,31,182361,2936888,1361.985560,external,avx512-vbmi,avx512-vbmi,x86_64,linux,0
1,commit-3-amd-9950x3d,run-1,2,base64ct-1.8.3,encode,url-safe,unpadded,23,31,182361,2829596,1413.629029,external,avx512-vbmi,avx512-vbmi,x86_64,linux,0
1,commit-3-amd-9950x3d,run-1,3,base64ct-1.8.3,encode,url-safe,unpadded,23,31,182361,2819878,1418.500746,external,avx512-vbmi,avx512-vbmi,x86_64,linux,0
1,commit-3-amd-9950x3d,run-1,4,base64ct-1.8.3,encode,url-safe,unpadded,23,31,182361,2805041,1426.003772,external,avx512-vbmi,avx512-vbmi,x86_64,linux,0
1,commit-3-amd-9950x3d,run-1,0,base64ct-1.8.3,decode,url-safe,unpadded,23,31,182361,8827297,453.139738,external,avx512-vbmi,avx512-vbmi,x86_64,linux,0
1,commit-3-amd-9950x3d,run-1,1,base64ct-1.8.3,decode,url-safe,unpadded,23,31,182361,8812689,453.890866,external,avx512-vbmi,avx512-vbmi,x86_64,linux,0
1,commit-3-amd-9950x3d,run-1,2,base64ct-1.8.3,decode,url-safe,unpadded,23,31,182361,8758367,456.706033,external,avx512-vbmi,avx512-vbmi,x86_64,linux,0
1,commit-3-amd-9950x3d,run-1,3,base64ct-1.8.3,decode,url-safe,unpadded,23,31,182361,8778264,455.670853,external,avx512-vbmi,avx512-vbmi,x86_64,linux,0
1,commit-3-amd-9950x3d,run-1,4,base64ct-1.8.3,decode,url-safe,unpadded,23,31,182361,8839480,452.515198,external,avx512-vbmi,avx512-vbmi,x86_64,linux,0
1,commit-3-amd-9950x3d,run-1,0,base64-ng,encode,url-safe,unpadded,24,32,174762,12123301,329.941881,auto,avx512-vbmi,avx512-vbmi,x86_64,linux,0
1,commit-3-amd-9950x3d,run-1,1,base64-ng,encode,url-safe,unpadded,24,32,174762,12265158,326.125823,auto,avx512-vbmi,avx512-vbmi,x86_64,linux,0
1,commit-3-amd-9950x3d,run-1,2,base64-ng,encode,url-safe,unpadded,24,32,174762,12249138,326.552345,auto,avx512-vbmi,avx512-vbmi,x86_64,linux,0
1,commit-3-amd-9950x3d,run-1,3,base64-ng,encode,url-safe,unpadded,24,32,174762,12226054,327.168908,auto,avx512-vbmi,avx512-vbmi,x86_64,linux,0
1,commit-3-amd-9950x3d,run-1,4,base64-ng,encode,url-safe,unpadded,24,32,174762,12134201,329.645499,auto,avx512-vbmi,avx512-vbmi,x86_64,linux,0
1,commit-3-amd-9950x3d,run-1,0,base64-ng,decode,url-safe,unpadded,24,32,174762,38776763,103.154168,auto,avx512-vbmi,avx512-vbmi,x86_64,linux,0
1,commit-3-amd-9950x3d,run-1,1,base64-ng,decode,url-safe,unpadded,24,32,174762,38635487,103.531366,auto,avx512-vbmi,avx512-vbmi,x86_64,linux,0
1,commit-3-amd-9950x3d,run-1,2,base64-ng,decode,url-safe,unpadded,24,32,174762,38564203,103.722738,auto,avx512-vbmi,avx512-vbmi,x86_64,linux,0
1,commit-3-amd-9950x3d,run-1,3,base64-ng,decode,url-safe,unpadded,24,32,174762,38468724,103.980177,auto,avx512-vbmi,avx512-vbmi,x86_64,linux,0
1,commit-3-amd-9950x3d,run-1,4,base64-ng,decode,url-safe,unpadded,24,32,174762,38290248,104.464843,auto,avx512-vbmi,avx512-vbmi,x86_64,linux,0
1,commit-3-amd-9950x3d,run-1,0,base64-ng,encode,url-safe,unpadded,24,32,174762,11885984,336.529541,scalar,avx512-vbmi,avx512-vbmi,x86_64,linux,0
1,commit-3-amd-9950x3d,run-1,1,base64-ng,encode,url-safe,unpadded,24,32,174762,11859674,337.276112,scalar,avx512-vbmi,avx512-vbmi,x86_64,linux,0
1,commit-3-amd-9950x3d,run-1,2,base64-ng,encode,url-safe,unpadded,24,32,174762,11700114,341.875707,scalar,avx512-vbmi,avx512-vbmi,x86_64,linux,0
1,commit-3-amd-9950x3d,run-1,3,base64-ng,encode,url-safe,unpadded,24,32,174762,11800253,338.974490,scalar,avx512-vbmi,avx512-vbmi,x86_64,linux,0
1,commit-3-amd-9950x3d,run-1,4,base64-ng,encode,url-safe,unpadded,24,32,174762,11792148,339.207474,scalar,avx512-vbmi,avx512-vbmi,x86_64,linux,0
1,commit-3-amd-9950x3d,run-1,0,base64-ng,decode,url-safe,unpadded,24,32,174762,14483484,276.175590,scalar,avx512-vbmi,avx512-vbmi,x86_64,linux,0
1,commit-3-amd-9950x3d,run-1,1,base64-ng,decode,url-safe,unpadded,24,32,174762,14263119,280.442499,scalar,avx512-vbmi,avx512-vbmi,x86_64,linux,0
1,commit-3-amd-9950x3d,run-1,2,base64-ng,decode,url-safe,unpadded,24,32,174762,14252589,280.649694,scalar,avx512-vbmi,avx512-vbmi,x86_64,linux,0
1,commit-3-amd-9950x3d,run-1,3,base64-ng,decode,url-safe,unpadded,24,32,174762,14372916,278.300154,scalar,avx512-vbmi,avx512-vbmi,x86_64,linux,0
1,commit-3-amd-9950x3d,run-1,4,base64-ng,decode,url-safe,unpadded,24,32,174762,14318824,279.351485,scalar,avx512-vbmi,avx512-vbmi,x86_64,linux,0
1,commit-3-amd-9950x3d,run-1,0,base64-ng,encode,url-safe,unpadded,24,32,174762,15562855,257.021269,ssse3-sse4.1,avx512-vbmi,avx512-vbmi,x86_64,linux,0
1,commit-3-amd-9950x3d,run-1,1,base64-ng,encode,url-safe,unpadded,24,32,174762,15007851,266.526150,ssse3-sse4.1,avx512-vbmi,avx512-vbmi,x86_64,linux,0
1,commit-3-amd-9950x3d,run-1,2,base64-ng,encode,url-safe,unpadded,24,32,174762,15064727,265.519896,ssse3-sse4.1,avx512-vbmi,avx512-vbmi,x86_64,linux,0
1,commit-3-amd-9950x3d,run-1,3,base64-ng,encode,url-safe,unpadded,24,32,174762,15096859,264.954766,ssse3-sse4.1,avx512-vbmi,avx512-vbmi,x86_64,linux,0
1,commit-3-amd-9950x3d,run-1,4,base64-ng,encode,url-safe,unpadded,24,32,174762,15148806,264.046205,ssse3-sse4.1,avx512-vbmi,avx512-vbmi,x86_64,linux,0
1,commit-3-amd-9950x3d,run-1,0,base64-ng,decode,url-safe,unpadded,24,32,174762,52471893,76.230997,ssse3-sse4.1,avx512-vbmi,avx512-vbmi,x86_64,linux,0
1,commit-3-amd-9950x3d,run-1,1,base64-ng,decode,url-safe,unpadded,24,32,174762,53043920,75.408920,ssse3-sse4.1,avx512-vbmi,avx512-vbmi,x86_64,linux,0
1,commit-3-amd-9950x3d,run-1,2,base64-ng,decode,url-safe,unpadded,24,32,174762,53083524,75.352660,ssse3-sse4.1,avx512-vbmi,avx512-vbmi,x86_64,linux,0
1,commit-3-amd-9950x3d,run-1,3,base64-ng,decode,url-safe,unpadded,24,32,174762,52942219,75.553780,ssse3-sse4.1,avx512-vbmi,avx512-vbmi,x86_64,linux,0
1,commit-3-amd-9950x3d,run-1,4,base64-ng,decode,url-safe,unpadded,24,32,174762,52845737,75.691720,ssse3-sse4.1,avx512-vbmi,avx512-vbmi,x86_64,linux,0
1,commit-3-amd-9950x3d,run-1,0,base64-ng,encode,url-safe,unpadded,24,32,174762,9565386,418.172852,avx2,avx512-vbmi,avx512-vbmi,x86_64,linux,0
1,commit-3-amd-9950x3d,run-1,1,base64-ng,encode,url-safe,unpadded,24,32,174762,9516254,420.331860,avx2,avx512-vbmi,avx512-vbmi,x86_64,linux,0
1,commit-3-amd-9950x3d,run-1,2,base64-ng,encode,url-safe,unpadded,24,32,174762,9502808,420.926608,avx2,avx512-vbmi,avx512-vbmi,x86_64,linux,0
1,commit-3-amd-9950x3d,run-1,3,base64-ng,encode,url-safe,unpadded,24,32,174762,9530170,419.718089,avx2,avx512-vbmi,avx512-vbmi,x86_64,linux,0
1,commit-3-amd-9950x3d,run-1,4,base64-ng,encode,url-safe,unpadded,24,32,174762,9565306,418.176349,avx2,avx512-vbmi,avx512-vbmi,x86_64,linux,0
1,commit-3-amd-9950x3d,run-1,0,base64-ng,decode,url-safe,unpadded,24,32,174762,37801868,105.814473,avx2,avx512-vbmi,avx512-vbmi,x86_64,linux,0
1,commit-3-amd-9950x3d,run-1,1,base64-ng,decode,url-safe,unpadded,24,32,174762,38070194,105.068672,avx2,avx512-vbmi,avx512-vbmi,x86_64,linux,0
1,commit-3-amd-9950x3d,run-1,2,base64-ng,decode,url-safe,unpadded,24,32,174762,37873063,105.615560,avx2,avx512-vbmi,avx512-vbmi,x86_64,linux,0
1,commit-3-amd-9950x3d,run-1,3,base64-ng,decode,url-safe,unpadded,24,32,174762,38073630,105.059190,avx2,avx512-vbmi,avx512-vbmi,x86_64,linux,0
1,commit-3-amd-9950x3d,run-1,4,base64-ng,decode,url-safe,unpadded,24,32,174762,37844638,105.694887,avx2,avx512-vbmi,avx512-vbmi,x86_64,linux,0
1,commit-3-amd-9950x3d,run-1,0,base64-ng,encode,url-safe,unpadded,24,32,174762,12003816,333.226096,avx512-vbmi,avx512-vbmi,avx512-vbmi,x86_64,linux,0
1,commit-3-amd-9950x3d,run-1,1,base64-ng,encode,url-safe,unpadded,24,32,174762,11997805,333.393045,avx512-vbmi,avx512-vbmi,avx512-vbmi,x86_64,linux,0
1,commit-3-amd-9950x3d,run-1,2,base64-ng,encode,url-safe,unpadded,24,32,174762,11990320,333.601167,avx512-vbmi,avx512-vbmi,avx512-vbmi,x86_64,linux,0
1,commit-3-amd-9950x3d,run-1,3,base64-ng,encode,url-safe,unpadded,24,32,174762,11989459,333.625124,avx512-vbmi,avx512-vbmi,avx512-vbmi,x86_64,linux,0
1,commit-3-amd-9950x3d,run-1,4,base64-ng,encode,url-safe,unpadded,24,32,174762,11980502,333.874552,avx512-vbmi,avx512-vbmi,avx512-vbmi,x86_64,linux,0
1,commit-3-amd-9950x3d,run-1,0,base64-ng,decode,url-safe,unpadded,24,32,174762,39383756,101.564329,avx512-vbmi,avx512-vbmi,avx512-vbmi,x86_64,linux,0
1,commit-3-amd-9950x3d,run-1,1,base64-ng,decode,url-safe,unpadded,24,32,174762,39323072,101.721064,avx512-vbmi,avx512-vbmi,avx512-vbmi,x86_64,linux,0
1,commit-3-amd-9950x3d,run-1,2,base64-ng,decode,url-safe,unpadded,24,32,174762,39175444,102.104388,avx512-vbmi,avx512-vbmi,avx512-vbmi,x86_64,linux,0
1,commit-3-amd-9950x3d,run-1,3,base64-ng,decode,url-safe,unpadded,24,32,174762,39196133,102.050494,avx512-vbmi,avx512-vbmi,avx512-vbmi,x86_64,linux,0
1,commit-3-amd-9950x3d,run-1,4,base64-ng,decode,url-safe,unpadded,24,32,174762,39265724,101.869629,avx512-vbmi,avx512-vbmi,avx512-vbmi,x86_64,linux,0
1,commit-3-amd-9950x3d,run-1,0,base64-0.23.0,encode,url-safe,unpadded,24,32,174762,2204179,1814.727725,external,avx512-vbmi,avx512-vbmi,x86_64,linux,0
1,commit-3-amd-9950x3d,run-1,1,base64-0.23.0,encode,url-safe,unpadded,24,32,174762,2253482,1775.024048,external,avx512-vbmi,avx512-vbmi,x86_64,linux,0
1,commit-3-amd-9950x3d,run-1,2,base64-0.23.0,encode,url-safe,unpadded,24,32,174762,2247250,1779.946486,external,avx512-vbmi,avx512-vbmi,x86_64,linux,0
1,commit-3-amd-9950x3d,run-1,3,base64-0.23.0,encode,url-safe,unpadded,24,32,174762,2244926,1781.789129,external,avx512-vbmi,avx512-vbmi,x86_64,linux,0
1,commit-3-amd-9950x3d,run-1,4,base64-0.23.0,encode,url-safe,unpadded,24,32,174762,2243674,1782.783391,external,avx512-vbmi,avx512-vbmi,x86_64,linux,0
1,commit-3-amd-9950x3d,run-1,0,base64-0.23.0,decode,url-safe,unpadded,24,32,174762,3248746,1231.239605,external,avx512-vbmi,avx512-vbmi,x86_64,linux,0
1,commit-3-amd-9950x3d,run-1,1,base64-0.23.0,decode,url-safe,unpadded,24,32,174762,3241011,1234.178082,external,avx512-vbmi,avx512-vbmi,x86_64,linux,0
1,commit-3-amd-9950x3d,run-1,2,base64-0.23.0,decode,url-safe,unpadded,24,32,174762,3325269,1202.905612,external,avx512-vbmi,avx512-vbmi,x86_64,linux,0
1,commit-3-amd-9950x3d,run-1,3,base64-0.23.0,decode,url-safe,unpadded,24,32,174762,3323537,1203.532484,external,avx512-vbmi,avx512-vbmi,x86_64,linux,0
1,commit-3-amd-9950x3d,run-1,4,base64-0.23.0,decode,url-safe,unpadded,24,32,174762,3229890,1238.427544,external,avx512-vbmi,avx512-vbmi,x86_64,linux,0
1,commit-3-amd-9950x3d,run-1,0,base64ct-1.8.3,encode,url-safe,unpadded,24,32,174762,2818676,1419.100578,external,avx512-vbmi,avx512-vbmi,x86_64,linux,0
1,commit-3-amd-9950x3d,run-1,1,base64ct-1.8.3,encode,url-safe,unpadded,24,32,174762,2809308,1423.832752,external,avx512-vbmi,avx512-vbmi,x86_64,linux,0
1,commit-3-amd-9950x3d,run-1,2,base64ct-1.8.3,encode,url-safe,unpadded,24,32,174762,2801865,1427.615085,external,avx512-vbmi,avx512-vbmi,x86_64,linux,0
1,commit-3-amd-9950x3d,run-1,3,base64ct-1.8.3,encode,url-safe,unpadded,24,32,174762,2809048,1423.964539,external,avx512-vbmi,avx512-vbmi,x86_64,linux,0
1,commit-3-amd-9950x3d,run-1,4,base64ct-1.8.3,encode,url-safe,unpadded,24,32,174762,2911210,1373.993886,external,avx512-vbmi,avx512-vbmi,x86_64,linux,0
1,commit-3-amd-9950x3d,run-1,0,base64ct-1.8.3,decode,url-safe,unpadded,24,32,174762,6984167,572.721807,external,avx512-vbmi,avx512-vbmi,x86_64,linux,0
1,commit-3-amd-9950x3d,run-1,1,base64ct-1.8.3,decode,url-safe,unpadded,24,32,174762,6972535,573.677255,external,avx512-vbmi,avx512-vbmi,x86_64,linux,0
1,commit-3-amd-9950x3d,run-1,2,base64ct-1.8.3,decode,url-safe,unpadded,24,32,174762,6979438,573.109861,external,avx512-vbmi,avx512-vbmi,x86_64,linux,0
1,commit-3-amd-9950x3d,run-1,3,base64ct-1.8.3,decode,url-safe,unpadded,24,32,174762,6973016,573.637683,external,avx512-vbmi,avx512-vbmi,x86_64,linux,0
1,commit-3-amd-9950x3d,run-1,4,base64ct-1.8.3,decode,url-safe,unpadded,24,32,174762,6958799,574.809639,external,avx512-vbmi,avx512-vbmi,x86_64,linux,0
1,commit-3-amd-9950x3d,run-1,0,base64-ng,encode,url-safe,unpadded,31,42,135300,11702068,341.819598,auto,avx512-vbmi,avx512-vbmi,x86_64,linux,0
1,commit-3-amd-9950x3d,run-1,1,base64-ng,encode,url-safe,unpadded,31,42,135300,11613932,344.413605,auto,avx512-vbmi,avx512-vbmi,x86_64,linux,0
1,commit-3-amd-9950x3d,run-1,2,base64-ng,encode,url-safe,unpadded,31,42,135300,11595107,344.972770,auto,avx512-vbmi,avx512-vbmi,x86_64,linux,0
1,commit-3-amd-9950x3d,run-1,3,base64-ng,encode,url-safe,unpadded,31,42,135300,11665108,342.902628,auto,avx512-vbmi,avx512-vbmi,x86_64,linux,0
1,commit-3-amd-9950x3d,run-1,4,base64-ng,encode,url-safe,unpadded,31,42,135300,11621306,344.195066,auto,avx512-vbmi,avx512-vbmi,x86_64,linux,0
1,commit-3-amd-9950x3d,run-1,0,base64-ng,decode,url-safe,unpadded,31,42,135300,33869697,118.099556,auto,avx512-vbmi,avx512-vbmi,x86_64,linux,0
1,commit-3-amd-9950x3d,run-1,1,base64-ng,decode,url-safe,unpadded,31,42,135300,33733290,118.577114,auto,avx512-vbmi,avx512-vbmi,x86_64,linux,0
1,commit-3-amd-9950x3d,run-1,2,base64-ng,decode,url-safe,unpadded,31,42,135300,33796909,118.353906,auto,avx512-vbmi,avx512-vbmi,x86_64,linux,0
1,commit-3-amd-9950x3d,run-1,3,base64-ng,decode,url-safe,unpadded,31,42,135300,33785628,118.393424,auto,avx512-vbmi,avx512-vbmi,x86_64,linux,0
1,commit-3-amd-9950x3d,run-1,4,base64-ng,decode,url-safe,unpadded,31,42,135300,33959145,117.788483,auto,avx512-vbmi,avx512-vbmi,x86_64,linux,0
1,commit-3-amd-9950x3d,run-1,0,base64-ng,encode,url-safe,unpadded,31,42,135300,11445565,349.480011,scalar,avx512-vbmi,avx512-vbmi,x86_64,linux,0
1,commit-3-amd-9950x3d,run-1,1,base64-ng,encode,url-safe,unpadded,31,42,135300,11451186,349.308463,scalar,avx512-vbmi,avx512-vbmi,x86_64,linux,0
1,commit-3-amd-9950x3d,run-1,2,base64-ng,encode,url-safe,unpadded,31,42,135300,11461856,348.983287,scalar,avx512-vbmi,avx512-vbmi,x86_64,linux,0
1,commit-3-amd-9950x3d,run-1,3,base64-ng,encode,url-safe,unpadded,31,42,135300,11547497,346.395083,scalar,avx512-vbmi,avx512-vbmi,x86_64,linux,0
1,commit-3-amd-9950x3d,run-1,4,base64-ng,encode,url-safe,unpadded,31,42,135300,11519905,347.224754,scalar,avx512-vbmi,avx512-vbmi,x86_64,linux,0
1,commit-3-amd-9950x3d,run-1,0,base64-ng,decode,url-safe,unpadded,31,42,135300,14309476,279.534777,scalar,avx512-vbmi,avx512-vbmi,x86_64,linux,0
1,commit-3-amd-9950x3d,run-1,1,base64-ng,decode,url-safe,unpadded,31,42,135300,14272426,280.260426,scalar,avx512-vbmi,avx512-vbmi,x86_64,linux,0
1,commit-3-amd-9950x3d,run-1,2,base64-ng,decode,url-safe,unpadded,31,42,135300,14252128,280.659575,scalar,avx512-vbmi,avx512-vbmi,x86_64,linux,0
1,commit-3-amd-9950x3d,run-1,3,base64-ng,decode,url-safe,unpadded,31,42,135300,14242911,280.841198,scalar,avx512-vbmi,avx512-vbmi,x86_64,linux,0
1,commit-3-amd-9950x3d,run-1,4,base64-ng,decode,url-safe,unpadded,31,42,135300,14244203,280.815724,scalar,avx512-vbmi,avx512-vbmi,x86_64,linux,0
1,commit-3-amd-9950x3d,run-1,0,base64-ng,encode,url-safe,unpadded,31,42,135300,14309667,279.531046,ssse3-sse4.1,avx512-vbmi,avx512-vbmi,x86_64,linux,0
1,commit-3-amd-9950x3d,run-1,1,base64-ng,encode,url-safe,unpadded,31,42,135300,14612076,273.745920,ssse3-sse4.1,avx512-vbmi,avx512-vbmi,x86_64,linux,0
1,commit-3-amd-9950x3d,run-1,2,base64-ng,encode,url-safe,unpadded,31,42,135300,14625792,273.489202,ssse3-sse4.1,avx512-vbmi,avx512-vbmi,x86_64,linux,0
1,commit-3-amd-9950x3d,run-1,3,base64-ng,encode,url-safe,unpadded,31,42,135300,14693709,272.225085,ssse3-sse4.1,avx512-vbmi,avx512-vbmi,x86_64,linux,0
1,commit-3-amd-9950x3d,run-1,4,base64-ng,encode,url-safe,unpadded,31,42,135300,14550680,274.900980,ssse3-sse4.1,avx512-vbmi,avx512-vbmi,x86_64,linux,0
1,commit-3-amd-9950x3d,run-1,0,base64-ng,decode,url-safe,unpadded,31,42,135300,45157234,88.579300,ssse3-sse4.1,avx512-vbmi,avx512-vbmi,x86_64,linux,0
1,commit-3-amd-9950x3d,run-1,1,base64-ng,decode,url-safe,unpadded,31,42,135300,45170599,88.553091,ssse3-sse4.1,avx512-vbmi,avx512-vbmi,x86_64,linux,0
1,commit-3-amd-9950x3d,run-1,2,base64-ng,decode,url-safe,unpadded,31,42,135300,45140873,88.611405,ssse3-sse4.1,avx512-vbmi,avx512-vbmi,x86_64,linux,0
1,commit-3-amd-9950x3d,run-1,3,base64-ng,decode,url-safe,unpadded,31,42,135300,45142236,88.608730,ssse3-sse4.1,avx512-vbmi,avx512-vbmi,x86_64,linux,0
1,commit-3-amd-9950x3d,run-1,4,base64-ng,decode,url-safe,unpadded,31,42,135300,45106448,88.679033,ssse3-sse4.1,avx512-vbmi,avx512-vbmi,x86_64,linux,0
1,commit-3-amd-9950x3d,run-1,0,base64-ng,encode,url-safe,unpadded,31,42,135300,9826297,407.070556,avx2,avx512-vbmi,avx512-vbmi,x86_64,linux,0
1,commit-3-amd-9950x3d,run-1,1,base64-ng,encode,url-safe,unpadded,31,42,135300,9836356,406.654272,avx2,avx512-vbmi,avx512-vbmi,x86_64,linux,0
1,commit-3-amd-9950x3d,run-1,2,base64-ng,encode,url-safe,unpadded,31,42,135300,9830365,406.902102,avx2,avx512-vbmi,avx512-vbmi,x86_64,linux,0
1,commit-3-amd-9950x3d,run-1,3,base64-ng,encode,url-safe,unpadded,31,42,135300,9837207,406.619093,avx2,avx512-vbmi,avx512-vbmi,x86_64,linux,0
1,commit-3-amd-9950x3d,run-1,4,base64-ng,encode,url-safe,unpadded,31,42,135300,9829052,406.956458,avx2,avx512-vbmi,avx512-vbmi,x86_64,linux,0
1,commit-3-amd-9950x3d,run-1,0,base64-ng,decode,url-safe,unpadded,31,42,135300,33314491,120.067756,avx2,avx512-vbmi,avx512-vbmi,x86_64,linux,0
1,commit-3-amd-9950x3d,run-1,1,base64-ng,decode,url-safe,unpadded,31,42,135300,33297068,120.130583,avx2,avx512-vbmi,avx512-vbmi,x86_64,linux,0
1,commit-3-amd-9950x3d,run-1,2,base64-ng,decode,url-safe,unpadded,31,42,135300,33469693,119.510991,avx2,avx512-vbmi,avx512-vbmi,x86_64,linux,0
1,commit-3-amd-9950x3d,run-1,3,base64-ng,decode,url-safe,unpadded,31,42,135300,33293783,120.142436,avx2,avx512-vbmi,avx512-vbmi,x86_64,linux,0
1,commit-3-amd-9950x3d,run-1,4,base64-ng,decode,url-safe,unpadded,31,42,135300,33418617,119.693648,avx2,avx512-vbmi,avx512-vbmi,x86_64,linux,0
1,commit-3-amd-9950x3d,run-1,0,base64-ng,encode,url-safe,unpadded,31,42,135300,11711205,341.552913,avx512-vbmi,avx512-vbmi,avx512-vbmi,x86_64,linux,0
1,commit-3-amd-9950x3d,run-1,1,base64-ng,encode,url-safe,unpadded,31,42,135300,11712137,341.525734,avx512-vbmi,avx512-vbmi,avx512-vbmi,x86_64,linux,0
1,commit-3-amd-9950x3d,run-1,2,base64-ng,encode,url-safe,unpadded,31,42,135300,11703501,341.777745,avx512-vbmi,avx512-vbmi,avx512-vbmi,x86_64,linux,0
1,commit-3-amd-9950x3d,run-1,3,base64-ng,encode,url-safe,unpadded,31,42,135300,11719230,341.319027,avx512-vbmi,avx512-vbmi,avx512-vbmi,x86_64,linux,0
1,commit-3-amd-9950x3d,run-1,4,base64-ng,encode,url-safe,unpadded,31,42,135300,11723699,341.188919,avx512-vbmi,avx512-vbmi,avx512-vbmi,x86_64,linux,0
1,commit-3-amd-9950x3d,run-1,0,base64-ng,decode,url-safe,unpadded,31,42,135300,33765380,118.464421,avx512-vbmi,avx512-vbmi,avx512-vbmi,x86_64,linux,0
1,commit-3-amd-9950x3d,run-1,1,base64-ng,decode,url-safe,unpadded,31,42,135300,33732579,118.579614,avx512-vbmi,avx512-vbmi,avx512-vbmi,x86_64,linux,0
1,commit-3-amd-9950x3d,run-1,2,base64-ng,decode,url-safe,unpadded,31,42,135300,33609296,119.014578,avx512-vbmi,avx512-vbmi,avx512-vbmi,x86_64,linux,0
1,commit-3-amd-9950x3d,run-1,3,base64-ng,decode,url-safe,unpadded,31,42,135300,33594108,119.068385,avx512-vbmi,avx512-vbmi,avx512-vbmi,x86_64,linux,0
1,commit-3-amd-9950x3d,run-1,4,base64-ng,decode,url-safe,unpadded,31,42,135300,33591012,119.079359,avx512-vbmi,avx512-vbmi,avx512-vbmi,x86_64,linux,0
1,commit-3-amd-9950x3d,run-1,0,base64-0.23.0,encode,url-safe,unpadded,31,42,135300,1688889,2368.418638,external,avx512-vbmi,avx512-vbmi,x86_64,linux,0
1,commit-3-amd-9950x3d,run-1,1,base64-0.23.0,encode,url-safe,unpadded,31,42,135300,1732261,2309.118652,external,avx512-vbmi,avx512-vbmi,x86_64,linux,0
1,commit-3-amd-9950x3d,run-1,2,base64-0.23.0,encode,url-safe,unpadded,31,42,135300,1737150,2302.619915,external,avx512-vbmi,avx512-vbmi,x86_64,linux,0
1,commit-3-amd-9950x3d,run-1,3,base64-0.23.0,encode,url-safe,unpadded,31,42,135300,1750345,2285.261583,external,avx512-vbmi,avx512-vbmi,x86_64,linux,0
1,commit-3-amd-9950x3d,run-1,4,base64-0.23.0,encode,url-safe,unpadded,31,42,135300,1753470,2281.188834,external,avx512-vbmi,avx512-vbmi,x86_64,linux,0
1,commit-3-amd-9950x3d,run-1,0,base64-0.23.0,decode,url-safe,unpadded,31,42,135300,2567864,1557.713409,external,avx512-vbmi,avx512-vbmi,x86_64,linux,0
1,commit-3-amd-9950x3d,run-1,1,base64-0.23.0,decode,url-safe,unpadded,31,42,135300,2577482,1551.900725,external,avx512-vbmi,avx512-vbmi,x86_64,linux,0
1,commit-3-amd-9950x3d,run-1,2,base64-0.23.0,decode,url-safe,unpadded,31,42,135300,2568435,1557.367107,external,avx512-vbmi,avx512-vbmi,x86_64,linux,0
1,commit-3-amd-9950x3d,run-1,3,base64-0.23.0,decode,url-safe,unpadded,31,42,135300,2568765,1557.167038,external,avx512-vbmi,avx512-vbmi,x86_64,linux,0
1,commit-3-amd-9950x3d,run-1,4,base64-0.23.0,decode,url-safe,unpadded,31,42,135300,2563836,1560.160707,external,avx512-vbmi,avx512-vbmi,x86_64,linux,0
1,commit-3-amd-9950x3d,run-1,0,base64ct-1.8.3,encode,url-safe,unpadded,31,42,135300,2632937,1519.214545,external,avx512-vbmi,avx512-vbmi,x86_64,linux,0
1,commit-3-amd-9950x3d,run-1,1,base64ct-1.8.3,encode,url-safe,unpadded,31,42,135300,2607047,1534.301524,external,avx512-vbmi,avx512-vbmi,x86_64,linux,0
1,commit-3-amd-9950x3d,run-1,2,base64ct-1.8.3,encode,url-safe,unpadded,31,42,135300,2622626,1525.187421,external,avx512-vbmi,avx512-vbmi,x86_64,linux,0
1,commit-3-amd-9950x3d,run-1,3,base64ct-1.8.3,encode,url-safe,unpadded,31,42,135300,2618699,1527.474592,external,avx512-vbmi,avx512-vbmi,x86_64,linux,0
1,commit-3-amd-9950x3d,run-1,4,base64ct-1.8.3,encode,url-safe,unpadded,31,42,135300,2622777,1525.099612,external,avx512-vbmi,avx512-vbmi,x86_64,linux,0
1,commit-3-amd-9950x3d,run-1,0,base64ct-1.8.3,decode,url-safe,unpadded,31,42,135300,7421400,538.981349,external,avx512-vbmi,avx512-vbmi,x86_64,linux,0
1,commit-3-amd-9950x3d,run-1,1,base64ct-1.8.3,decode,url-safe,unpadded,31,42,135300,7418965,539.158250,external,avx512-vbmi,avx512-vbmi,x86_64,linux,0
1,commit-3-amd-9950x3d,run-1,2,base64ct-1.8.3,decode,url-safe,unpadded,31,42,135300,7411462,539.704067,external,avx512-vbmi,avx512-vbmi,x86_64,linux,0
1,commit-3-amd-9950x3d,run-1,3,base64ct-1.8.3,decode,url-safe,unpadded,31,42,135300,7403446,540.288426,external,avx512-vbmi,avx512-vbmi,x86_64,linux,0
1,commit-3-amd-9950x3d,run-1,4,base64ct-1.8.3,decode,url-safe,unpadded,31,42,135300,7419356,539.129836,external,avx512-vbmi,avx512-vbmi,x86_64,linux,0
1,commit-3-amd-9950x3d,run-1,0,base64-ng,encode,url-safe,unpadded,32,43,131072,11559209,346.044440,auto,avx512-vbmi,avx512-vbmi,x86_64,linux,0
1,commit-3-amd-9950x3d,run-1,1,base64-ng,encode,url-safe,unpadded,32,43,131072,11541586,346.572819,auto,avx512-vbmi,avx512-vbmi,x86_64,linux,0
1,commit-3-amd-9950x3d,run-1,2,base64-ng,encode,url-safe,unpadded,32,43,131072,11546145,346.435975,auto,avx512-vbmi,avx512-vbmi,x86_64,linux,0
1,commit-3-amd-9950x3d,run-1,3,base64-ng,encode,url-safe,unpadded,32,43,131072,11541275,346.582158,auto,avx512-vbmi,avx512-vbmi,x86_64,linux,0
1,commit-3-amd-9950x3d,run-1,4,base64-ng,encode,url-safe,unpadded,32,43,131072,11534242,346.793487,auto,avx512-vbmi,avx512-vbmi,x86_64,linux,0
1,commit-3-amd-9950x3d,run-1,0,base64-ng,decode,url-safe,unpadded,32,43,131072,33276610,120.204552,auto,avx512-vbmi,avx512-vbmi,x86_64,linux,0
1,commit-3-amd-9950x3d,run-1,1,base64-ng,decode,url-safe,unpadded,32,43,131072,33234922,120.355330,auto,avx512-vbmi,avx512-vbmi,x86_64,linux,0
1,commit-3-amd-9950x3d,run-1,2,base64-ng,decode,url-safe,unpadded,32,43,131072,33132268,120.728228,auto,avx512-vbmi,avx512-vbmi,x86_64,linux,0
1,commit-3-amd-9950x3d,run-1,3,base64-ng,decode,url-safe,unpadded,32,43,131072,33284234,120.177018,auto,avx512-vbmi,avx512-vbmi,x86_64,linux,0
1,commit-3-amd-9950x3d,run-1,4,base64-ng,decode,url-safe,unpadded,32,43,131072,33292800,120.146098,auto,avx512-vbmi,avx512-vbmi,x86_64,linux,0
1,commit-3-amd-9950x3d,run-1,0,base64-ng,encode,url-safe,unpadded,32,43,131072,11394209,351.055523,scalar,avx512-vbmi,avx512-vbmi,x86_64,linux,0
1,commit-3-amd-9950x3d,run-1,1,base64-ng,encode,url-safe,unpadded,32,43,131072,11403726,350.762549,scalar,avx512-vbmi,avx512-vbmi,x86_64,linux,0
1,commit-3-amd-9950x3d,run-1,2,base64-ng,encode,url-safe,unpadded,32,43,131072,11404318,350.744341,scalar,avx512-vbmi,avx512-vbmi,x86_64,linux,0
1,commit-3-amd-9950x3d,run-1,3,base64-ng,encode,url-safe,unpadded,32,43,131072,11398186,350.933034,scalar,avx512-vbmi,avx512-vbmi,x86_64,linux,0
1,commit-3-amd-9950x3d,run-1,4,base64-ng,encode,url-safe,unpadded,32,43,131072,11393357,351.081775,scalar,avx512-vbmi,avx512-vbmi,x86_64,linux,0
1,commit-3-amd-9950x3d,run-1,0,base64-ng,decode,url-safe,unpadded,32,43,131072,14065567,284.382421,scalar,avx512-vbmi,avx512-vbmi,x86_64,linux,0
1,commit-3-amd-9950x3d,run-1,1,base64-ng,decode,url-safe,unpadded,32,43,131072,14080986,284.071016,scalar,avx512-vbmi,avx512-vbmi,x86_64,linux,0
1,commit-3-amd-9950x3d,run-1,2,base64-ng,decode,url-safe,unpadded,32,43,131072,14118206,283.322116,scalar,avx512-vbmi,avx512-vbmi,x86_64,linux,0
1,commit-3-amd-9950x3d,run-1,3,base64-ng,decode,url-safe,unpadded,32,43,131072,14098409,283.719957,scalar,avx512-vbmi,avx512-vbmi,x86_64,linux,0
1,commit-3-amd-9950x3d,run-1,4,base64-ng,decode,url-safe,unpadded,32,43,131072,14085344,283.983125,scalar,avx512-vbmi,avx512-vbmi,x86_64,linux,0
1,commit-3-amd-9950x3d,run-1,0,base64-ng,encode,url-safe,unpadded,32,43,131072,14116162,283.363141,ssse3-sse4.1,avx512-vbmi,avx512-vbmi,x86_64,linux,0
1,commit-3-amd-9950x3d,run-1,1,base64-ng,encode,url-safe,unpadded,32,43,131072,14093429,283.820212,ssse3-sse4.1,avx512-vbmi,avx512-vbmi,x86_64,linux,0
1,commit-3-amd-9950x3d,run-1,2,base64-ng,encode,url-safe,unpadded,32,43,131072,14085294,283.984133,ssse3-sse4.1,avx512-vbmi,avx512-vbmi,x86_64,linux,0
1,commit-3-amd-9950x3d,run-1,3,base64-ng,encode,url-safe,unpadded,32,43,131072,14088720,283.915075,ssse3-sse4.1,avx512-vbmi,avx512-vbmi,x86_64,linux,0
1,commit-3-amd-9950x3d,run-1,4,base64-ng,encode,url-safe,unpadded,32,43,131072,14099812,283.691726,ssse3-sse4.1,avx512-vbmi,avx512-vbmi,x86_64,linux,0
1,commit-3-amd-9950x3d,run-1,0,base64-ng,decode,url-safe,unpadded,32,43,131072,43895539,91.125433,ssse3-sse4.1,avx512-vbmi,avx512-vbmi,x86_64,linux,0
1,commit-3-amd-9950x3d,run-1,1,base64-ng,decode,url-safe,unpadded,32,43,131072,43974578,90.961646,ssse3-sse4.1,avx512-vbmi,avx512-vbmi,x86_64,linux,0
1,commit-3-amd-9950x3d,run-1,2,base64-ng,decode,url-safe,unpadded,32,43,131072,43874299,91.169548,ssse3-sse4.1,avx512-vbmi,avx512-vbmi,x86_64,linux,0
1,commit-3-amd-9950x3d,run-1,3,base64-ng,decode,url-safe,unpadded,32,43,131072,43929443,91.055104,ssse3-sse4.1,avx512-vbmi,avx512-vbmi,x86_64,linux,0
1,commit-3-amd-9950x3d,run-1,4,base64-ng,decode,url-safe,unpadded,32,43,131072,43766516,91.394069,ssse3-sse4.1,avx512-vbmi,avx512-vbmi,x86_64,linux,0
1,commit-3-amd-9950x3d,run-1,0,base64-ng,encode,url-safe,unpadded,32,43,131072,10063153,397.489733,avx2,avx512-vbmi,avx512-vbmi,x86_64,linux,0
1,commit-3-amd-9950x3d,run-1,1,base64-ng,encode,url-safe,unpadded,32,43,131072,10049437,398.032248,avx2,avx512-vbmi,avx512-vbmi,x86_64,linux,0
1,commit-3-amd-9950x3d,run-1,2,base64-ng,encode,url-safe,unpadded,32,43,131072,10063033,397.494473,avx2,avx512-vbmi,avx512-vbmi,x86_64,linux,0
1,commit-3-amd-9950x3d,run-1,3,base64-ng,encode,url-safe,unpadded,32,43,131072,10061079,397.571672,avx2,avx512-vbmi,avx512-vbmi,x86_64,linux,0
1,commit-3-amd-9950x3d,run-1,4,base64-ng,encode,url-safe,unpadded,32,43,131072,9870680,405.240571,avx2,avx512-vbmi,avx512-vbmi,x86_64,linux,0
1,commit-3-amd-9950x3d,run-1,0,base64-ng,decode,url-safe,unpadded,32,43,131072,32578065,122.782001,avx2,avx512-vbmi,avx512-vbmi,x86_64,linux,0
1,commit-3-amd-9950x3d,run-1,1,base64-ng,decode,url-safe,unpadded,32,43,131072,32447600,123.275681,avx2,avx512-vbmi,avx512-vbmi,x86_64,linux,0
1,commit-3-amd-9950x3d,run-1,2,base64-ng,decode,url-safe,unpadded,32,43,131072,32485391,123.132272,avx2,avx512-vbmi,avx512-vbmi,x86_64,linux,0
1,commit-3-amd-9950x3d,run-1,3,base64-ng,decode,url-safe,unpadded,32,43,131072,32587683,122.745763,avx2,avx512-vbmi,avx512-vbmi,x86_64,linux,0
1,commit-3-amd-9950x3d,run-1,4,base64-ng,decode,url-safe,unpadded,32,43,131072,32625324,122.604146,avx2,avx512-vbmi,avx512-vbmi,x86_64,linux,0
1,commit-3-amd-9950x3d,run-1,0,base64-ng,encode,url-safe,unpadded,32,43,131072,11654299,343.220987,avx512-vbmi,avx512-vbmi,avx512-vbmi,x86_64,linux,0
1,commit-3-amd-9950x3d,run-1,1,base64-ng,encode,url-safe,unpadded,32,43,131072,11654007,343.229586,avx512-vbmi,avx512-vbmi,avx512-vbmi,x86_64,linux,0
1,commit-3-amd-9950x3d,run-1,2,base64-ng,encode,url-safe,unpadded,32,43,131072,11652675,343.268820,avx512-vbmi,avx512-vbmi,avx512-vbmi,x86_64,linux,0
1,commit-3-amd-9950x3d,run-1,3,base64-ng,encode,url-safe,unpadded,32,43,131072,11655200,343.194454,avx512-vbmi,avx512-vbmi,avx512-vbmi,x86_64,linux,0
1,commit-3-amd-9950x3d,run-1,4,base64-ng,encode,url-safe,unpadded,32,43,131072,11653667,343.239600,avx512-vbmi,avx512-vbmi,avx512-vbmi,x86_64,linux,0
1,commit-3-amd-9950x3d,run-1,0,base64-ng,decode,url-safe,unpadded,32,43,131072,32873451,121.678737,avx512-vbmi,avx512-vbmi,avx512-vbmi,x86_64,linux,0
1,commit-3-amd-9950x3d,run-1,1,base64-ng,decode,url-safe,unpadded,32,43,131072,32946739,121.408070,avx512-vbmi,avx512-vbmi,avx512-vbmi,x86_64,linux,0
1,commit-3-amd-9950x3d,run-1,2,base64-ng,decode,url-safe,unpadded,32,43,131072,32878511,121.660011,avx512-vbmi,avx512-vbmi,avx512-vbmi,x86_64,linux,0
1,commit-3-amd-9950x3d,run-1,3,base64-ng,decode,url-safe,unpadded,32,43,131072,32811274,121.909317,avx512-vbmi,avx512-vbmi,avx512-vbmi,x86_64,linux,0
1,commit-3-amd-9950x3d,run-1,4,base64-ng,decode,url-safe,unpadded,32,43,131072,32888660,121.622468,avx512-vbmi,avx512-vbmi,avx512-vbmi,x86_64,linux,0
1,commit-3-amd-9950x3d,run-1,0,base64-0.23.0,encode,url-safe,unpadded,32,43,131072,1706923,2343.398033,external,avx512-vbmi,avx512-vbmi,x86_64,linux,0
1,commit-3-amd-9950x3d,run-1,1,base64-0.23.0,encode,url-safe,unpadded,32,43,131072,1739444,2299.585385,external,avx512-vbmi,avx512-vbmi,x86_64,linux,0
1,commit-3-amd-9950x3d,run-1,2,base64-0.23.0,encode,url-safe,unpadded,32,43,131072,1746888,2289.786180,external,avx512-vbmi,avx512-vbmi,x86_64,linux,0
1,commit-3-amd-9950x3d,run-1,3,base64-0.23.0,encode,url-safe,unpadded,32,43,131072,1740396,2298.327507,external,avx512-vbmi,avx512-vbmi,x86_64,linux,0
1,commit-3-amd-9950x3d,run-1,4,base64-0.23.0,encode,url-safe,unpadded,32,43,131072,1750566,2284.975259,external,avx512-vbmi,avx512-vbmi,x86_64,linux,0
1,commit-3-amd-9950x3d,run-1,0,base64-0.23.0,decode,url-safe,unpadded,32,43,131072,2547977,1569.872883,external,avx512-vbmi,avx512-vbmi,x86_64,linux,0
1,commit-3-amd-9950x3d,run-1,1,base64-0.23.0,decode,url-safe,unpadded,32,43,131072,2543858,1572.414812,external,avx512-vbmi,avx512-vbmi,x86_64,linux,0
1,commit-3-amd-9950x3d,run-1,2,base64-0.23.0,decode,url-safe,unpadded,32,43,131072,2539260,1575.262084,external,avx512-vbmi,avx512-vbmi,x86_64,linux,0
1,commit-3-amd-9950x3d,run-1,3,base64-0.23.0,decode,url-safe,unpadded,32,43,131072,2540593,1574.435575,external,avx512-vbmi,avx512-vbmi,x86_64,linux,0
1,commit-3-amd-9950x3d,run-1,4,base64-0.23.0,decode,url-safe,unpadded,32,43,131072,2536995,1576.668460,external,avx512-vbmi,avx512-vbmi,x86_64,linux,0
1,commit-3-amd-9950x3d,run-1,0,base64ct-1.8.3,encode,url-safe,unpadded,32,43,131072,2579185,1550.877506,external,avx512-vbmi,avx512-vbmi,x86_64,linux,0
1,commit-3-amd-9950x3d,run-1,1,base64ct-1.8.3,encode,url-safe,unpadded,32,43,131072,2542847,1573.039982,external,avx512-vbmi,avx512-vbmi,x86_64,linux,0
1,commit-3-amd-9950x3d,run-1,2,base64ct-1.8.3,encode,url-safe,unpadded,32,43,131072,2536535,1576.954389,external,avx512-vbmi,avx512-vbmi,x86_64,linux,0
1,commit-3-amd-9950x3d,run-1,3,base64ct-1.8.3,encode,url-safe,unpadded,32,43,131072,2553396,1566.541187,external,avx512-vbmi,avx512-vbmi,x86_64,linux,0
1,commit-3-amd-9950x3d,run-1,4,base64ct-1.8.3,encode,url-safe,unpadded,32,43,131072,2558225,1563.584126,external,avx512-vbmi,avx512-vbmi,x86_64,linux,0
1,commit-3-amd-9950x3d,run-1,0,base64ct-1.8.3,decode,url-safe,unpadded,32,43,131072,7577453,527.881862,external,avx512-vbmi,avx512-vbmi,x86_64,linux,0
1,commit-3-amd-9950x3d,run-1,1,base64ct-1.8.3,decode,url-safe,unpadded,32,43,131072,7503124,533.111275,external,avx512-vbmi,avx512-vbmi,x86_64,linux,0
1,commit-3-amd-9950x3d,run-1,2,base64ct-1.8.3,decode,url-safe,unpadded,32,43,131072,7478818,534.843875,external,avx512-vbmi,avx512-vbmi,x86_64,linux,0
1,commit-3-amd-9950x3d,run-1,3,base64ct-1.8.3,decode,url-safe,unpadded,32,43,131072,7471945,535.335846,external,avx512-vbmi,avx512-vbmi,x86_64,linux,0
1,commit-3-amd-9950x3d,run-1,4,base64ct-1.8.3,decode,url-safe,unpadded,32,43,131072,7518502,532.020873,external,avx512-vbmi,avx512-vbmi,x86_64,linux,0
1,commit-3-amd-9950x3d,run-1,0,base64-ng,encode,url-safe,unpadded,47,63,89240,11300272,353.971755,auto,avx512-vbmi,avx512-vbmi,x86_64,linux,0
1,commit-3-amd-9950x3d,run-1,1,base64-ng,encode,url-safe,unpadded,47,63,89240,11292497,354.215468,auto,avx512-vbmi,avx512-vbmi,x86_64,linux,0
1,commit-3-amd-9950x3d,run-1,2,base64-ng,encode,url-safe,unpadded,47,63,89240,11292587,354.212645,auto,avx512-vbmi,avx512-vbmi,x86_64,linux,0
1,commit-3-amd-9950x3d,run-1,3,base64-ng,encode,url-safe,unpadded,47,63,89240,11288659,354.335897,auto,avx512-vbmi,avx512-vbmi,x86_64,linux,0
1,commit-3-amd-9950x3d,run-1,4,base64-ng,encode,url-safe,unpadded,47,63,89240,11288650,354.336179,auto,avx512-vbmi,avx512-vbmi,x86_64,linux,0
1,commit-3-amd-9950x3d,run-1,0,base64-ng,decode,url-safe,unpadded,47,63,89240,38546070,103.771334,auto,avx512-vbmi,avx512-vbmi,x86_64,linux,0
1,commit-3-amd-9950x3d,run-1,1,base64-ng,decode,url-safe,unpadded,47,63,89240,38482690,103.942243,auto,avx512-vbmi,avx512-vbmi,x86_64,linux,0
1,commit-3-amd-9950x3d,run-1,2,base64-ng,decode,url-safe,unpadded,47,63,89240,38490154,103.922086,auto,avx512-vbmi,avx512-vbmi,x86_64,linux,0
1,commit-3-amd-9950x3d,run-1,3,base64-ng,decode,url-safe,unpadded,47,63,89240,38499411,103.897099,auto,avx512-vbmi,avx512-vbmi,x86_64,linux,0
1,commit-3-amd-9950x3d,run-1,4,base64-ng,decode,url-safe,unpadded,47,63,89240,38494182,103.911212,auto,avx512-vbmi,avx512-vbmi,x86_64,linux,0
1,commit-3-amd-9950x3d,run-1,0,base64-ng,encode,url-safe,unpadded,47,63,89240,11193681,357.342425,scalar,avx512-vbmi,avx512-vbmi,x86_64,linux,0
1,commit-3-amd-9950x3d,run-1,1,base64-ng,encode,url-safe,unpadded,47,63,89240,11207496,356.901944,scalar,avx512-vbmi,avx512-vbmi,x86_64,linux,0
1,commit-3-amd-9950x3d,run-1,2,base64-ng,encode,url-safe,unpadded,47,63,89240,11200253,357.132746,scalar,avx512-vbmi,avx512-vbmi,x86_64,linux,0
1,commit-3-amd-9950x3d,run-1,3,base64-ng,encode,url-safe,unpadded,47,63,89240,11200975,357.109726,scalar,avx512-vbmi,avx512-vbmi,x86_64,linux,0
1,commit-3-amd-9950x3d,run-1,4,base64-ng,encode,url-safe,unpadded,47,63,89240,11198510,357.188332,scalar,avx512-vbmi,avx512-vbmi,x86_64,linux,0
1,commit-3-amd-9950x3d,run-1,0,base64-ng,decode,url-safe,unpadded,47,63,89240,13936394,287.016649,scalar,avx512-vbmi,avx512-vbmi,x86_64,linux,0
1,commit-3-amd-9950x3d,run-1,1,base64-ng,decode,url-safe,unpadded,47,63,89240,13938848,286.966119,scalar,avx512-vbmi,avx512-vbmi,x86_64,linux,0
1,commit-3-amd-9950x3d,run-1,2,base64-ng,decode,url-safe,unpadded,47,63,89240,13939590,286.950844,scalar,avx512-vbmi,avx512-vbmi,x86_64,linux,0
1,commit-3-amd-9950x3d,run-1,3,base64-ng,decode,url-safe,unpadded,47,63,89240,13945601,286.827159,scalar,avx512-vbmi,avx512-vbmi,x86_64,linux,0
1,commit-3-amd-9950x3d,run-1,4,base64-ng,decode,url-safe,unpadded,47,63,89240,13939490,286.952902,scalar,avx512-vbmi,avx512-vbmi,x86_64,linux,0
1,commit-3-amd-9950x3d,run-1,0,base64-ng,encode,url-safe,unpadded,47,63,89240,14157961,282.524942,ssse3-sse4.1,avx512-vbmi,avx512-vbmi,x86_64,linux,0
1,commit-3-amd-9950x3d,run-1,1,base64-ng,encode,url-safe,unpadded,47,63,89240,14088791,283.912020,ssse3-sse4.1,avx512-vbmi,avx512-vbmi,x86_64,linux,0
1,commit-3-amd-9950x3d,run-1,2,base64-ng,encode,url-safe,unpadded,47,63,89240,14188658,281.913703,ssse3-sse4.1,avx512-vbmi,avx512-vbmi,x86_64,linux,0
1,commit-3-amd-9950x3d,run-1,3,base64-ng,encode,url-safe,unpadded,47,63,89240,14150808,282.667754,ssse3-sse4.1,avx512-vbmi,avx512-vbmi,x86_64,linux,0
1,commit-3-amd-9950x3d,run-1,4,base64-ng,encode,url-safe,unpadded,47,63,89240,14168050,282.323757,ssse3-sse4.1,avx512-vbmi,avx512-vbmi,x86_64,linux,0
1,commit-3-amd-9950x3d,run-1,0,base64-ng,decode,url-safe,unpadded,47,63,89240,44432950,90.022767,ssse3-sse4.1,avx512-vbmi,avx512-vbmi,x86_64,linux,0
1,commit-3-amd-9950x3d,run-1,1,base64-ng,decode,url-safe,unpadded,47,63,89240,44255056,90.384636,ssse3-sse4.1,avx512-vbmi,avx512-vbmi,x86_64,linux,0
1,commit-3-amd-9950x3d,run-1,2,base64-ng,decode,url-safe,unpadded,47,63,89240,44375793,90.138718,ssse3-sse4.1,avx512-vbmi,avx512-vbmi,x86_64,linux,0
1,commit-3-amd-9950x3d,run-1,3,base64-ng,decode,url-safe,unpadded,47,63,89240,44232483,90.430761,ssse3-sse4.1,avx512-vbmi,avx512-vbmi,x86_64,linux,0
1,commit-3-amd-9950x3d,run-1,4,base64-ng,decode,url-safe,unpadded,47,63,89240,44137915,90.624514,ssse3-sse4.1,avx512-vbmi,avx512-vbmi,x86_64,linux,0
1,commit-3-amd-9950x3d,run-1,0,base64-ng,encode,url-safe,unpadded,47,63,89240,10133605,394.724001,avx2,avx512-vbmi,avx512-vbmi,x86_64,linux,0
1,commit-3-amd-9950x3d,run-1,1,base64-ng,encode,url-safe,unpadded,47,63,89240,10145649,394.255420,avx2,avx512-vbmi,avx512-vbmi,x86_64,linux,0
1,commit-3-amd-9950x3d,run-1,2,base64-ng,encode,url-safe,unpadded,47,63,89240,10160887,393.664167,avx2,avx512-vbmi,avx512-vbmi,x86_64,linux,0
1,commit-3-amd-9950x3d,run-1,3,base64-ng,encode,url-safe,unpadded,47,63,89240,10186616,392.669863,avx2,avx512-vbmi,avx512-vbmi,x86_64,linux,0
1,commit-3-amd-9950x3d,run-1,4,base64-ng,encode,url-safe,unpadded,47,63,89240,10187446,392.637871,avx2,avx512-vbmi,avx512-vbmi,x86_64,linux,0
1,commit-3-amd-9950x3d,run-1,0,base64-ng,decode,url-safe,unpadded,47,63,89240,38269539,104.521173,avx2,avx512-vbmi,avx512-vbmi,x86_64,linux,0
1,commit-3-amd-9950x3d,run-1,1,base64-ng,decode,url-safe,unpadded,47,63,89240,38244571,104.589410,avx2,avx512-vbmi,avx512-vbmi,x86_64,linux,0
1,commit-3-amd-9950x3d,run-1,2,base64-ng,decode,url-safe,unpadded,47,63,89240,38221368,104.652903,avx2,avx512-vbmi,avx512-vbmi,x86_64,linux,0
1,commit-3-amd-9950x3d,run-1,3,base64-ng,decode,url-safe,unpadded,47,63,89240,38249701,104.575382,avx2,avx512-vbmi,avx512-vbmi,x86_64,linux,0
1,commit-3-amd-9950x3d,run-1,4,base64-ng,decode,url-safe,unpadded,47,63,89240,38352565,104.294905,avx2,avx512-vbmi,avx512-vbmi,x86_64,linux,0
1,commit-3-amd-9950x3d,run-1,0,base64-ng,encode,url-safe,unpadded,47,63,89240,11362268,352.040377,avx512-vbmi,avx512-vbmi,avx512-vbmi,x86_64,linux,0
1,commit-3-amd-9950x3d,run-1,1,base64-ng,encode,url-safe,unpadded,47,63,89240,11383228,351.392163,avx512-vbmi,avx512-vbmi,avx512-vbmi,x86_64,linux,0
1,commit-3-amd-9950x3d,run-1,2,base64-ng,encode,url-safe,unpadded,47,63,89240,11377718,351.562335,avx512-vbmi,avx512-vbmi,avx512-vbmi,x86_64,linux,0
1,commit-3-amd-9950x3d,run-1,3,base64-ng,encode,url-safe,unpadded,47,63,89240,11377477,351.569782,avx512-vbmi,avx512-vbmi,avx512-vbmi,x86_64,linux,0
1,commit-3-amd-9950x3d,run-1,4,base64-ng,encode,url-safe,unpadded,47,63,89240,11381374,351.449404,avx512-vbmi,avx512-vbmi,avx512-vbmi,x86_64,linux,0
1,commit-3-amd-9950x3d,run-1,0,base64-ng,decode,url-safe,unpadded,47,63,89240,38311938,104.405502,avx512-vbmi,avx512-vbmi,avx512-vbmi,x86_64,linux,0
1,commit-3-amd-9950x3d,run-1,1,base64-ng,decode,url-safe,unpadded,47,63,89240,38329312,104.358177,avx512-vbmi,avx512-vbmi,avx512-vbmi,x86_64,linux,0
1,commit-3-amd-9950x3d,run-1,2,base64-ng,decode,url-safe,unpadded,47,63,89240,38325424,104.368763,avx512-vbmi,avx512-vbmi,avx512-vbmi,x86_64,linux,0
1,commit-3-amd-9950x3d,run-1,3,base64-ng,decode,url-safe,unpadded,47,63,89240,38415754,104.123353,avx512-vbmi,avx512-vbmi,avx512-vbmi,x86_64,linux,0
1,commit-3-amd-9950x3d,run-1,4,base64-ng,decode,url-safe,unpadded,47,63,89240,38365480,104.259796,avx512-vbmi,avx512-vbmi,avx512-vbmi,x86_64,linux,0
1,commit-3-amd-9950x3d,run-1,0,base64-0.23.0,encode,url-safe,unpadded,47,63,89240,1529829,2614.656352,external,avx512-vbmi,avx512-vbmi,x86_64,linux,0
1,commit-3-amd-9950x3d,run-1,1,base64-0.23.0,encode,url-safe,unpadded,47,63,89240,1556970,2569.077832,external,avx512-vbmi,avx512-vbmi,x86_64,linux,0
1,commit-3-amd-9950x3d,run-1,2,base64-0.23.0,encode,url-safe,unpadded,47,63,89240,1576929,2536.561324,external,avx512-vbmi,avx512-vbmi,x86_64,linux,0
1,commit-3-amd-9950x3d,run-1,3,base64-0.23.0,encode,url-safe,unpadded,47,63,89240,1571218,2545.781115,external,avx512-vbmi,avx512-vbmi,x86_64,linux,0
1,commit-3-amd-9950x3d,run-1,4,base64-0.23.0,encode,url-safe,unpadded,47,63,89240,1574905,2539.821203,external,avx512-vbmi,avx512-vbmi,x86_64,linux,0
1,commit-3-amd-9950x3d,run-1,0,base64-0.23.0,decode,url-safe,unpadded,47,63,89240,2116213,1890.158085,external,avx512-vbmi,avx512-vbmi,x86_64,linux,0
1,commit-3-amd-9950x3d,run-1,1,base64-0.23.0,decode,url-safe,unpadded,47,63,89240,2106536,1898.841089,external,avx512-vbmi,avx512-vbmi,x86_64,linux,0
1,commit-3-amd-9950x3d,run-1,2,base64-0.23.0,decode,url-safe,unpadded,47,63,89240,2115733,1890.586909,external,avx512-vbmi,avx512-vbmi,x86_64,linux,0
1,commit-3-amd-9950x3d,run-1,3,base64-0.23.0,decode,url-safe,unpadded,47,63,89240,2116264,1890.112534,external,avx512-vbmi,avx512-vbmi,x86_64,linux,0
1,commit-3-amd-9950x3d,run-1,4,base64-0.23.0,decode,url-safe,unpadded,47,63,89240,2113649,1892.450975,external,avx512-vbmi,avx512-vbmi,x86_64,linux,0
1,commit-3-amd-9950x3d,run-1,0,base64ct-1.8.3,encode,url-safe,unpadded,47,63,89240,2435855,1642.124474,external,avx512-vbmi,avx512-vbmi,x86_64,linux,0
1,commit-3-amd-9950x3d,run-1,1,base64ct-1.8.3,encode,url-safe,unpadded,47,63,89240,2415046,1656.273674,external,avx512-vbmi,avx512-vbmi,x86_64,linux,0
1,commit-3-amd-9950x3d,run-1,2,base64ct-1.8.3,encode,url-safe,unpadded,47,63,89240,2417190,1654.804592,external,avx512-vbmi,avx512-vbmi,x86_64,linux,0
1,commit-3-amd-9950x3d,run-1,3,base64ct-1.8.3,encode,url-safe,unpadded,47,63,89240,2417030,1654.914135,external,avx512-vbmi,avx512-vbmi,x86_64,linux,0
1,commit-3-amd-9950x3d,run-1,4,base64ct-1.8.3,encode,url-safe,unpadded,47,63,89240,2422310,1651.306857,external,avx512-vbmi,avx512-vbmi,x86_64,linux,0
1,commit-3-amd-9950x3d,run-1,0,base64ct-1.8.3,decode,url-safe,unpadded,47,63,89240,6571490,608.686479,external,avx512-vbmi,avx512-vbmi,x86_64,linux,0
1,commit-3-amd-9950x3d,run-1,1,base64ct-1.8.3,decode,url-safe,unpadded,47,63,89240,6565849,609.209428,external,avx512-vbmi,avx512-vbmi,x86_64,linux,0
1,commit-3-amd-9950x3d,run-1,2,base64ct-1.8.3,decode,url-safe,unpadded,47,63,89240,6533418,612.233461,external,avx512-vbmi,avx512-vbmi,x86_64,linux,0
1,commit-3-amd-9950x3d,run-1,3,base64ct-1.8.3,decode,url-safe,unpadded,47,63,89240,6527358,612.801858,external,avx512-vbmi,avx512-vbmi,x86_64,linux,0
1,commit-3-amd-9950x3d,run-1,4,base64ct-1.8.3,decode,url-safe,unpadded,47,63,89240,6545712,611.083578,external,avx512-vbmi,avx512-vbmi,x86_64,linux,0
1,commit-3-amd-9950x3d,run-1,0,base64-ng,encode,url-safe,unpadded,48,64,87381,6066760,659.328001,auto,avx512-vbmi,avx512-vbmi,x86_64,linux,0
1,commit-3-amd-9950x3d,run-1,1,base64-ng,encode,url-safe,unpadded,48,64,87381,6047293,661.450461,auto,avx512-vbmi,avx512-vbmi,x86_64,linux,0
1,commit-3-amd-9950x3d,run-1,2,base64-ng,encode,url-safe,unpadded,48,64,87381,6036924,662.586566,auto,avx512-vbmi,avx512-vbmi,x86_64,linux,0
1,commit-3-amd-9950x3d,run-1,3,base64-ng,encode,url-safe,unpadded,48,64,87381,6030923,663.245865,auto,avx512-vbmi,avx512-vbmi,x86_64,linux,0
1,commit-3-amd-9950x3d,run-1,4,base64-ng,encode,url-safe,unpadded,48,64,87381,6032225,663.102709,auto,avx512-vbmi,avx512-vbmi,x86_64,linux,0
1,commit-3-amd-9950x3d,run-1,0,base64-ng,decode,url-safe,unpadded,48,64,87381,29326534,136.394732,auto,avx512-vbmi,avx512-vbmi,x86_64,linux,0
1,commit-3-amd-9950x3d,run-1,1,base64-ng,decode,url-safe,unpadded,48,64,87381,29313540,136.455192,auto,avx512-vbmi,avx512-vbmi,x86_64,linux,0
1,commit-3-amd-9950x3d,run-1,2,base64-ng,decode,url-safe,unpadded,48,64,87381,29329680,136.380102,auto,avx512-vbmi,avx512-vbmi,x86_64,linux,0
1,commit-3-amd-9950x3d,run-1,3,base64-ng,decode,url-safe,unpadded,48,64,87381,29318168,136.433652,auto,avx512-vbmi,avx512-vbmi,x86_64,linux,0
1,commit-3-amd-9950x3d,run-1,4,base64-ng,decode,url-safe,unpadded,48,64,87381,29327516,136.390165,auto,avx512-vbmi,avx512-vbmi,x86_64,linux,0
1,commit-3-amd-9950x3d,run-1,0,base64-ng,encode,url-safe,unpadded,48,64,87381,11193871,357.337041,scalar,avx512-vbmi,avx512-vbmi,x86_64,linux,0
1,commit-3-amd-9950x3d,run-1,1,base64-ng,encode,url-safe,unpadded,48,64,87381,11196176,357.263475,scalar,avx512-vbmi,avx512-vbmi,x86_64,linux,0
1,commit-3-amd-9950x3d,run-1,2,base64-ng,encode,url-safe,unpadded,48,64,87381,11199562,357.155462,scalar,avx512-vbmi,avx512-vbmi,x86_64,linux,0
1,commit-3-amd-9950x3d,run-1,3,base64-ng,encode,url-safe,unpadded,48,64,87381,11196055,357.267336,scalar,avx512-vbmi,avx512-vbmi,x86_64,linux,0
1,commit-3-amd-9950x3d,run-1,4,base64-ng,encode,url-safe,unpadded,48,64,87381,11215031,356.662834,scalar,avx512-vbmi,avx512-vbmi,x86_64,linux,0
1,commit-3-amd-9950x3d,run-1,0,base64-ng,decode,url-safe,unpadded,48,64,87381,13973343,286.258252,scalar,avx512-vbmi,avx512-vbmi,x86_64,linux,0
1,commit-3-amd-9950x3d,run-1,1,base64-ng,decode,url-safe,unpadded,48,64,87381,13966390,286.400762,scalar,avx512-vbmi,avx512-vbmi,x86_64,linux,0
1,commit-3-amd-9950x3d,run-1,2,base64-ng,decode,url-safe,unpadded,48,64,87381,14349562,278.753090,scalar,avx512-vbmi,avx512-vbmi,x86_64,linux,0
1,commit-3-amd-9950x3d,run-1,3,base64-ng,decode,url-safe,unpadded,48,64,87381,13921646,287.321251,scalar,avx512-vbmi,avx512-vbmi,x86_64,linux,0
1,commit-3-amd-9950x3d,run-1,4,base64-ng,decode,url-safe,unpadded,48,64,87381,13953406,286.667265,scalar,avx512-vbmi,avx512-vbmi,x86_64,linux,0
1,commit-3-amd-9950x3d,run-1,0,base64-ng,encode,url-safe,unpadded,48,64,87381,14414604,277.495292,ssse3-sse4.1,avx512-vbmi,avx512-vbmi,x86_64,linux,0
1,commit-3-amd-9950x3d,run-1,1,base64-ng,encode,url-safe,unpadded,48,64,87381,14221601,281.261213,ssse3-sse4.1,avx512-vbmi,avx512-vbmi,x86_64,linux,0
1,commit-3-amd-9950x3d,run-1,2,base64-ng,encode,url-safe,unpadded,48,64,87381,14259573,280.512238,ssse3-sse4.1,avx512-vbmi,avx512-vbmi,x86_64,linux,0
1,commit-3-amd-9950x3d,run-1,3,base64-ng,encode,url-safe,unpadded,48,64,87381,14313915,279.447289,ssse3-sse4.1,avx512-vbmi,avx512-vbmi,x86_64,linux,0
1,commit-3-amd-9950x3d,run-1,4,base64-ng,encode,url-safe,unpadded,48,64,87381,14146619,282.751995,ssse3-sse4.1,avx512-vbmi,avx512-vbmi,x86_64,linux,0
1,commit-3-amd-9950x3d,run-1,0,base64-ng,decode,url-safe,unpadded,48,64,87381,53176970,75.220246,ssse3-sse4.1,avx512-vbmi,avx512-vbmi,x86_64,linux,0
1,commit-3-amd-9950x3d,run-1,1,base64-ng,decode,url-safe,unpadded,48,64,87381,53087973,75.346345,ssse3-sse4.1,avx512-vbmi,avx512-vbmi,x86_64,linux,0
1,commit-3-amd-9950x3d,run-1,2,base64-ng,decode,url-safe,unpadded,48,64,87381,53330259,75.004037,ssse3-sse4.1,avx512-vbmi,avx512-vbmi,x86_64,linux,0
1,commit-3-amd-9950x3d,run-1,3,base64-ng,decode,url-safe,unpadded,48,64,87381,53077654,75.360994,ssse3-sse4.1,avx512-vbmi,avx512-vbmi,x86_64,linux,0
1,commit-3-amd-9950x3d,run-1,4,base64-ng,decode,url-safe,unpadded,48,64,87381,52904959,75.606991,ssse3-sse4.1,avx512-vbmi,avx512-vbmi,x86_64,linux,0
1,commit-3-amd-9950x3d,run-1,0,base64-ng,encode,url-safe,unpadded,48,64,87381,8169788,489.606920,avx2,avx512-vbmi,avx512-vbmi,x86_64,linux,0
1,commit-3-amd-9950x3d,run-1,1,base64-ng,encode,url-safe,unpadded,48,64,87381,8096691,494.027096,avx2,avx512-vbmi,avx512-vbmi,x86_64,linux,0
1,commit-3-amd-9950x3d,run-1,2,base64-ng,encode,url-safe,unpadded,48,64,87381,8113853,492.982155,avx2,avx512-vbmi,avx512-vbmi,x86_64,linux,0
1,commit-3-amd-9950x3d,run-1,3,base64-ng,encode,url-safe,unpadded,48,64,87381,8115657,492.872572,avx2,avx512-vbmi,avx512-vbmi,x86_64,linux,0
1,commit-3-amd-9950x3d,run-1,4,base64-ng,encode,url-safe,unpadded,48,64,87381,8141084,491.333186,avx2,avx512-vbmi,avx512-vbmi,x86_64,linux,0
1,commit-3-amd-9950x3d,run-1,0,base64-ng,decode,url-safe,unpadded,48,64,87381,37459965,106.780258,avx2,avx512-vbmi,avx512-vbmi,x86_64,linux,0
1,commit-3-amd-9950x3d,run-1,1,base64-ng,decode,url-safe,unpadded,48,64,87381,38025660,105.191724,avx2,avx512-vbmi,avx512-vbmi,x86_64,linux,0
1,commit-3-amd-9950x3d,run-1,2,base64-ng,decode,url-safe,unpadded,48,64,87381,37701409,106.096426,avx2,avx512-vbmi,avx512-vbmi,x86_64,linux,0
1,commit-3-amd-9950x3d,run-1,3,base64-ng,decode,url-safe,unpadded,48,64,87381,37776280,105.886147,avx2,avx512-vbmi,avx512-vbmi,x86_64,linux,0
1,commit-3-amd-9950x3d,run-1,4,base64-ng,decode,url-safe,unpadded,48,64,87381,37320552,107.179142,avx2,avx512-vbmi,avx512-vbmi,x86_64,linux,0
1,commit-3-amd-9950x3d,run-1,0,base64-ng,encode,url-safe,unpadded,48,64,87381,5235716,763.980464,avx512-vbmi,avx512-vbmi,avx512-vbmi,x86_64,linux,0
1,commit-3-amd-9950x3d,run-1,1,base64-ng,encode,url-safe,unpadded,48,64,87381,5194037,770.110945,avx512-vbmi,avx512-vbmi,avx512-vbmi,x86_64,linux,0
1,commit-3-amd-9950x3d,run-1,2,base64-ng,encode,url-safe,unpadded,48,64,87381,5235164,764.061019,avx512-vbmi,avx512-vbmi,avx512-vbmi,x86_64,linux,0
1,commit-3-amd-9950x3d,run-1,3,base64-ng,encode,url-safe,unpadded,48,64,87381,5221629,766.041544,avx512-vbmi,avx512-vbmi,avx512-vbmi,x86_64,linux,0
1,commit-3-amd-9950x3d,run-1,4,base64-ng,encode,url-safe,unpadded,48,64,87381,5209346,767.847776,avx512-vbmi,avx512-vbmi,avx512-vbmi,x86_64,linux,0
1,commit-3-amd-9950x3d,run-1,0,base64-ng,decode,url-safe,unpadded,48,64,87381,28719842,139.276001,avx512-vbmi,avx512-vbmi,avx512-vbmi,x86_64,linux,0
1,commit-3-amd-9950x3d,run-1,1,base64-ng,decode,url-safe,unpadded,48,64,87381,28515627,140.273428,avx512-vbmi,avx512-vbmi,avx512-vbmi,x86_64,linux,0
1,commit-3-amd-9950x3d,run-1,2,base64-ng,decode,url-safe,unpadded,48,64,87381,28716776,139.290871,avx512-vbmi,avx512-vbmi,avx512-vbmi,x86_64,linux,0
1,commit-3-amd-9950x3d,run-1,3,base64-ng,decode,url-safe,unpadded,48,64,87381,28790105,138.936094,avx512-vbmi,avx512-vbmi,avx512-vbmi,x86_64,linux,0
1,commit-3-amd-9950x3d,run-1,4,base64-ng,decode,url-safe,unpadded,48,64,87381,28513444,140.284167,avx512-vbmi,avx512-vbmi,avx512-vbmi,x86_64,linux,0
1,commit-3-amd-9950x3d,run-1,0,base64-0.23.0,encode,url-safe,unpadded,48,64,87381,1556130,2570.469525,external,avx512-vbmi,avx512-vbmi,x86_64,linux,0
1,commit-3-amd-9950x3d,run-1,1,base64-0.23.0,encode,url-safe,unpadded,48,64,87381,1549747,2581.056612,external,avx512-vbmi,avx512-vbmi,x86_64,linux,0
1,commit-3-amd-9950x3d,run-1,2,base64-0.23.0,encode,url-safe,unpadded,48,64,87381,1562401,2560.152446,external,avx512-vbmi,avx512-vbmi,x86_64,linux,0
1,commit-3-amd-9950x3d,run-1,3,base64-0.23.0,encode,url-safe,unpadded,48,64,87381,1635970,2445.023284,external,avx512-vbmi,avx512-vbmi,x86_64,linux,0
1,commit-3-amd-9950x3d,run-1,4,base64-0.23.0,encode,url-safe,unpadded,48,64,87381,1558664,2566.290580,external,avx512-vbmi,avx512-vbmi,x86_64,linux,0
1,commit-3-amd-9950x3d,run-1,0,base64-0.23.0,decode,url-safe,unpadded,48,64,87381,2142864,1866.653573,external,avx512-vbmi,avx512-vbmi,x86_64,linux,0
1,commit-3-amd-9950x3d,run-1,1,base64-0.23.0,decode,url-safe,unpadded,48,64,87381,2145299,1864.534846,external,avx512-vbmi,avx512-vbmi,x86_64,linux,0
1,commit-3-amd-9950x3d,run-1,2,base64-0.23.0,decode,url-safe,unpadded,48,64,87381,2134017,1874.392163,external,avx512-vbmi,avx512-vbmi,x86_64,linux,0
1,commit-3-amd-9950x3d,run-1,3,base64-0.23.0,decode,url-safe,unpadded,48,64,87381,2138355,1870.589655,external,avx512-vbmi,avx512-vbmi,x86_64,linux,0
1,commit-3-amd-9950x3d,run-1,4,base64-0.23.0,decode,url-safe,unpadded,48,64,87381,2133166,1875.139929,external,avx512-vbmi,avx512-vbmi,x86_64,linux,0
1,commit-3-amd-9950x3d,run-1,0,base64ct-1.8.3,encode,url-safe,unpadded,48,64,87381,2510486,1593.310913,external,avx512-vbmi,avx512-vbmi,x86_64,linux,0
1,commit-3-amd-9950x3d,run-1,1,base64ct-1.8.3,encode,url-safe,unpadded,48,64,87381,2501910,1598.772434,external,avx512-vbmi,avx512-vbmi,x86_64,linux,0
1,commit-3-amd-9950x3d,run-1,2,base64ct-1.8.3,encode,url-safe,unpadded,48,64,87381,2511818,1592.465991,external,avx512-vbmi,avx512-vbmi,x86_64,linux,0
1,commit-3-amd-9950x3d,run-1,3,base64ct-1.8.3,encode,url-safe,unpadded,48,64,87381,2506247,1596.005797,external,avx512-vbmi,avx512-vbmi,x86_64,linux,0
1,commit-3-amd-9950x3d,run-1,4,base64ct-1.8.3,encode,url-safe,unpadded,48,64,87381,2511848,1592.446972,external,avx512-vbmi,avx512-vbmi,x86_64,linux,0
1,commit-3-amd-9950x3d,run-1,0,base64ct-1.8.3,decode,url-safe,unpadded,48,64,87381,5835234,685.488318,external,avx512-vbmi,avx512-vbmi,x86_64,linux,0
1,commit-3-amd-9950x3d,run-1,1,base64ct-1.8.3,decode,url-safe,unpadded,48,64,87381,5830615,686.031361,external,avx512-vbmi,avx512-vbmi,x86_64,linux,0
1,commit-3-amd-9950x3d,run-1,2,base64ct-1.8.3,decode,url-safe,unpadded,48,64,87381,5815477,687.817137,external,avx512-vbmi,avx512-vbmi,x86_64,linux,0
1,commit-3-amd-9950x3d,run-1,3,base64ct-1.8.3,decode,url-safe,unpadded,48,64,87381,5813464,688.055304,external,avx512-vbmi,avx512-vbmi,x86_64,linux,0
1,commit-3-amd-9950x3d,run-1,4,base64ct-1.8.3,decode,url-safe,unpadded,48,64,87381,5818152,687.500901,external,avx512-vbmi,avx512-vbmi,x86_64,linux,0
1,commit-3-amd-9950x3d,run-1,0,base64-ng,encode,url-safe,unpadded,63,84,66576,7360245,543.458097,auto,avx512-vbmi,avx512-vbmi,x86_64,linux,0
1,commit-3-amd-9950x3d,run-1,1,base64-ng,encode,url-safe,unpadded,63,84,66576,7405610,540.129002,auto,avx512-vbmi,avx512-vbmi,x86_64,linux,0
1,commit-3-amd-9950x3d,run-1,2,base64-ng,encode,url-safe,unpadded,63,84,66576,7345827,544.524768,auto,avx512-vbmi,avx512-vbmi,x86_64,linux,0
1,commit-3-amd-9950x3d,run-1,3,base64-ng,encode,url-safe,unpadded,63,84,66576,7359934,543.481061,auto,avx512-vbmi,avx512-vbmi,x86_64,linux,0
1,commit-3-amd-9950x3d,run-1,4,base64-ng,encode,url-safe,unpadded,63,84,66576,7322113,546.288311,auto,avx512-vbmi,avx512-vbmi,x86_64,linux,0
1,commit-3-amd-9950x3d,run-1,0,base64-ng,decode,url-safe,unpadded,63,84,66576,34466229,116.055190,auto,avx512-vbmi,avx512-vbmi,x86_64,linux,0
1,commit-3-amd-9950x3d,run-1,1,base64-ng,decode,url-safe,unpadded,63,84,66576,33659630,118.836266,auto,avx512-vbmi,avx512-vbmi,x86_64,linux,0
1,commit-3-amd-9950x3d,run-1,2,base64-ng,decode,url-safe,unpadded,63,84,66576,33654602,118.854020,auto,avx512-vbmi,avx512-vbmi,x86_64,linux,0
1,commit-3-amd-9950x3d,run-1,3,base64-ng,decode,url-safe,unpadded,63,84,66576,33689066,118.732432,auto,avx512-vbmi,avx512-vbmi,x86_64,linux,0
1,commit-3-amd-9950x3d,run-1,4,base64-ng,decode,url-safe,unpadded,63,84,66576,33612732,119.002072,auto,avx512-vbmi,avx512-vbmi,x86_64,linux,0
1,commit-3-amd-9950x3d,run-1,0,base64-ng,encode,url-safe,unpadded,63,84,66576,4205286,951.180191,scalar,avx512-vbmi,avx512-vbmi,x86_64,linux,0
1,commit-3-amd-9950x3d,run-1,1,base64-ng,encode,url-safe,unpadded,63,84,66576,4228169,946.032370,scalar,avx512-vbmi,avx512-vbmi,x86_64,linux,0
1,commit-3-amd-9950x3d,run-1,2,base64-ng,encode,url-safe,unpadded,63,84,66576,4215715,948.827125,scalar,avx512-vbmi,avx512-vbmi,x86_64,linux,0
1,commit-3-amd-9950x3d,run-1,3,base64-ng,encode,url-safe,unpadded,63,84,66576,4212580,949.533241,scalar,avx512-vbmi,avx512-vbmi,x86_64,linux,0
1,commit-3-amd-9950x3d,run-1,4,base64-ng,encode,url-safe,unpadded,63,84,66576,4206088,950.998824,scalar,avx512-vbmi,avx512-vbmi,x86_64,linux,0
1,commit-3-amd-9950x3d,run-1,0,base64-ng,decode,url-safe,unpadded,63,84,66576,13934510,287.056003,scalar,avx512-vbmi,avx512-vbmi,x86_64,linux,0
1,commit-3-amd-9950x3d,run-1,1,base64-ng,decode,url-safe,unpadded,63,84,66576,13936724,287.010401,scalar,avx512-vbmi,avx512-vbmi,x86_64,linux,0
1,commit-3-amd-9950x3d,run-1,2,base64-ng,decode,url-safe,unpadded,63,84,66576,13928099,287.188133,scalar,avx512-vbmi,avx512-vbmi,x86_64,linux,0
1,commit-3-amd-9950x3d,run-1,3,base64-ng,decode,url-safe,unpadded,63,84,66576,13932356,287.100383,scalar,avx512-vbmi,avx512-vbmi,x86_64,linux,0
1,commit-3-amd-9950x3d,run-1,4,base64-ng,decode,url-safe,unpadded,63,84,66576,13913921,287.480771,scalar,avx512-vbmi,avx512-vbmi,x86_64,linux,0
1,commit-3-amd-9950x3d,run-1,0,base64-ng,encode,url-safe,unpadded,63,84,66576,13521423,295.825723,ssse3-sse4.1,avx512-vbmi,avx512-vbmi,x86_64,linux,0
1,commit-3-amd-9950x3d,run-1,1,base64-ng,encode,url-safe,unpadded,63,84,66576,13392591,298.671463,ssse3-sse4.1,avx512-vbmi,avx512-vbmi,x86_64,linux,0
1,commit-3-amd-9950x3d,run-1,2,base64-ng,encode,url-safe,unpadded,63,84,66576,13138752,304.441757,ssse3-sse4.1,avx512-vbmi,avx512-vbmi,x86_64,linux,0
1,commit-3-amd-9950x3d,run-1,3,base64-ng,encode,url-safe,unpadded,63,84,66576,13330884,300.053976,ssse3-sse4.1,avx512-vbmi,avx512-vbmi,x86_64,linux,0
1,commit-3-amd-9950x3d,run-1,4,base64-ng,encode,url-safe,unpadded,63,84,66576,13329992,300.074054,ssse3-sse4.1,avx512-vbmi,avx512-vbmi,x86_64,linux,0
1,commit-3-amd-9950x3d,run-1,0,base64-ng,decode,url-safe,unpadded,63,84,66576,50058199,79.906685,ssse3-sse4.1,avx512-vbmi,avx512-vbmi,x86_64,linux,0
1,commit-3-amd-9950x3d,run-1,1,base64-ng,decode,url-safe,unpadded,63,84,66576,49851470,80.238050,ssse3-sse4.1,avx512-vbmi,avx512-vbmi,x86_64,linux,0
1,commit-3-amd-9950x3d,run-1,2,base64-ng,decode,url-safe,unpadded,63,84,66576,49877089,80.196836,ssse3-sse4.1,avx512-vbmi,avx512-vbmi,x86_64,linux,0
1,commit-3-amd-9950x3d,run-1,3,base64-ng,decode,url-safe,unpadded,63,84,66576,50270349,79.569464,ssse3-sse4.1,avx512-vbmi,avx512-vbmi,x86_64,linux,0
1,commit-3-amd-9950x3d,run-1,4,base64-ng,decode,url-safe,unpadded,63,84,66576,49860217,80.223974,ssse3-sse4.1,avx512-vbmi,avx512-vbmi,x86_64,linux,0
1,commit-3-amd-9950x3d,run-1,0,base64-ng,encode,url-safe,unpadded,63,84,66576,9164111,436.483663,avx2,avx512-vbmi,avx512-vbmi,x86_64,linux,0
1,commit-3-amd-9950x3d,run-1,1,base64-ng,encode,url-safe,unpadded,63,84,66576,9178688,435.790468,avx2,avx512-vbmi,avx512-vbmi,x86_64,linux,0
1,commit-3-amd-9950x3d,run-1,2,base64-ng,encode,url-safe,unpadded,63,84,66576,9138372,437.713057,avx2,avx512-vbmi,avx512-vbmi,x86_64,linux,0
1,commit-3-amd-9950x3d,run-1,3,base64-ng,encode,url-safe,unpadded,63,84,66576,9106542,439.242991,avx2,avx512-vbmi,avx512-vbmi,x86_64,linux,0
1,commit-3-amd-9950x3d,run-1,4,base64-ng,encode,url-safe,unpadded,63,84,66576,9109498,439.100458,avx2,avx512-vbmi,avx512-vbmi,x86_64,linux,0
1,commit-3-amd-9950x3d,run-1,0,base64-ng,decode,url-safe,unpadded,63,84,66576,39763872,100.593442,avx2,avx512-vbmi,avx512-vbmi,x86_64,linux,0
1,commit-3-amd-9950x3d,run-1,1,base64-ng,decode,url-safe,unpadded,63,84,66576,39796082,100.512024,avx2,avx512-vbmi,avx512-vbmi,x86_64,linux,0
1,commit-3-amd-9950x3d,run-1,2,base64-ng,decode,url-safe,unpadded,63,84,66576,39788408,100.531410,avx2,avx512-vbmi,avx512-vbmi,x86_64,linux,0
1,commit-3-amd-9950x3d,run-1,3,base64-ng,decode,url-safe,unpadded,63,84,66576,39808877,100.479718,avx2,avx512-vbmi,avx512-vbmi,x86_64,linux,0
1,commit-3-amd-9950x3d,run-1,4,base64-ng,decode,url-safe,unpadded,63,84,66576,39876163,100.310171,avx2,avx512-vbmi,avx512-vbmi,x86_64,linux,0
1,commit-3-amd-9950x3d,run-1,0,base64-ng,encode,url-safe,unpadded,63,84,66576,6618459,604.367987,avx512-vbmi,avx512-vbmi,avx512-vbmi,x86_64,linux,0
1,commit-3-amd-9950x3d,run-1,1,base64-ng,encode,url-safe,unpadded,63,84,66576,6612868,604.878963,avx512-vbmi,avx512-vbmi,avx512-vbmi,x86_64,linux,0
1,commit-3-amd-9950x3d,run-1,2,base64-ng,encode,url-safe,unpadded,63,84,66576,6629770,603.336879,avx512-vbmi,avx512-vbmi,avx512-vbmi,x86_64,linux,0
1,commit-3-amd-9950x3d,run-1,3,base64-ng,encode,url-safe,unpadded,63,84,66576,6621645,604.077196,avx512-vbmi,avx512-vbmi,avx512-vbmi,x86_64,linux,0
1,commit-3-amd-9950x3d,run-1,4,base64-ng,encode,url-safe,unpadded,63,84,66576,6626113,603.669865,avx512-vbmi,avx512-vbmi,avx512-vbmi,x86_64,linux,0
1,commit-3-amd-9950x3d,run-1,0,base64-ng,decode,url-safe,unpadded,63,84,66576,33783925,118.399053,avx512-vbmi,avx512-vbmi,avx512-vbmi,x86_64,linux,0
1,commit-3-amd-9950x3d,run-1,1,base64-ng,decode,url-safe,unpadded,63,84,66576,33814172,118.293145,avx512-vbmi,avx512-vbmi,avx512-vbmi,x86_64,linux,0
1,commit-3-amd-9950x3d,run-1,2,base64-ng,decode,url-safe,unpadded,63,84,66576,33970627,117.748334,avx512-vbmi,avx512-vbmi,avx512-vbmi,x86_64,linux,0
1,commit-3-amd-9950x3d,run-1,3,base64-ng,decode,url-safe,unpadded,63,84,66576,33818580,118.277726,avx512-vbmi,avx512-vbmi,avx512-vbmi,x86_64,linux,0
1,commit-3-amd-9950x3d,run-1,4,base64-ng,decode,url-safe,unpadded,63,84,66576,33861361,118.128292,avx512-vbmi,avx512-vbmi,avx512-vbmi,x86_64,linux,0
1,commit-3-amd-9950x3d,run-1,0,base64-0.23.0,encode,url-safe,unpadded,63,84,66576,1294607,3089.728961,external,avx512-vbmi,avx512-vbmi,x86_64,linux,0
1,commit-3-amd-9950x3d,run-1,1,base64-0.23.0,encode,url-safe,unpadded,63,84,66576,1319464,3031.522452,external,avx512-vbmi,avx512-vbmi,x86_64,linux,0
1,commit-3-amd-9950x3d,run-1,2,base64-0.23.0,encode,url-safe,unpadded,63,84,66576,1323942,3021.268863,external,avx512-vbmi,avx512-vbmi,x86_64,linux,0
1,commit-3-amd-9950x3d,run-1,3,base64-0.23.0,encode,url-safe,unpadded,63,84,66576,1326096,3016.361365,external,avx512-vbmi,avx512-vbmi,x86_64,linux,0
1,commit-3-amd-9950x3d,run-1,4,base64-0.23.0,encode,url-safe,unpadded,63,84,66576,1323882,3021.405791,external,avx512-vbmi,avx512-vbmi,x86_64,linux,0
1,commit-3-amd-9950x3d,run-1,0,base64-0.23.0,decode,url-safe,unpadded,63,84,66576,1817812,2200.439177,external,avx512-vbmi,avx512-vbmi,x86_64,linux,0
1,commit-3-amd-9950x3d,run-1,1,base64-0.23.0,decode,url-safe,unpadded,63,84,66576,1815638,2203.073928,external,avx512-vbmi,avx512-vbmi,x86_64,linux,0
1,commit-3-amd-9950x3d,run-1,2,base64-0.23.0,decode,url-safe,unpadded,63,84,66576,1814897,2203.973416,external,avx512-vbmi,avx512-vbmi,x86_64,linux,0
1,commit-3-amd-9950x3d,run-1,3,base64-0.23.0,decode,url-safe,unpadded,63,84,66576,1812482,2206.910050,external,avx512-vbmi,avx512-vbmi,x86_64,linux,0
1,commit-3-amd-9950x3d,run-1,4,base64-0.23.0,decode,url-safe,unpadded,63,84,66576,1814125,2204.911316,external,avx512-vbmi,avx512-vbmi,x86_64,linux,0
1,commit-3-amd-9950x3d,run-1,0,base64ct-1.8.3,encode,url-safe,unpadded,63,84,66576,1739404,2299.629494,external,avx512-vbmi,avx512-vbmi,x86_64,linux,0
1,commit-3-amd-9950x3d,run-1,1,base64ct-1.8.3,encode,url-safe,unpadded,63,84,66576,1729976,2312.161984,external,avx512-vbmi,avx512-vbmi,x86_64,linux,0
1,commit-3-amd-9950x3d,run-1,2,base64ct-1.8.3,encode,url-safe,unpadded,63,84,66576,1729115,2313.313308,external,avx512-vbmi,avx512-vbmi,x86_64,linux,0
1,commit-3-amd-9950x3d,run-1,3,base64ct-1.8.3,encode,url-safe,unpadded,63,84,66576,1733033,2308.083424,external,avx512-vbmi,avx512-vbmi,x86_64,linux,0
1,commit-3-amd-9950x3d,run-1,4,base64ct-1.8.3,encode,url-safe,unpadded,63,84,66576,1731539,2310.074876,external,avx512-vbmi,avx512-vbmi,x86_64,linux,0
1,commit-3-amd-9950x3d,run-1,0,base64ct-1.8.3,decode,url-safe,unpadded,63,84,66576,5483842,729.412835,external,avx512-vbmi,avx512-vbmi,x86_64,linux,0
1,commit-3-amd-9950x3d,run-1,1,base64ct-1.8.3,decode,url-safe,unpadded,63,84,66576,5484574,729.315484,external,avx512-vbmi,avx512-vbmi,x86_64,linux,0
1,commit-3-amd-9950x3d,run-1,2,base64ct-1.8.3,decode,url-safe,unpadded,63,84,66576,5491317,728.419929,external,avx512-vbmi,avx512-vbmi,x86_64,linux,0
1,commit-3-amd-9950x3d,run-1,3,base64ct-1.8.3,decode,url-safe,unpadded,63,84,66576,5510232,725.919479,external,avx512-vbmi,avx512-vbmi,x86_64,linux,0
1,commit-3-amd-9950x3d,run-1,4,base64ct-1.8.3,decode,url-safe,unpadded,63,84,66576,5492329,728.285713,external,avx512-vbmi,avx512-vbmi,x86_64,linux,0
1,commit-3-amd-9950x3d,run-1,0,base64-ng,encode,url-safe,unpadded,64,86,65536,7395882,540.841512,auto,avx512-vbmi,avx512-vbmi,x86_64,linux,0
1,commit-3-amd-9950x3d,run-1,1,base64-ng,encode,url-safe,unpadded,64,86,65536,7372207,542.578362,auto,avx512-vbmi,avx512-vbmi,x86_64,linux,0
1,commit-3-amd-9950x3d,run-1,2,base64-ng,encode,url-safe,unpadded,64,86,65536,7375514,542.335083,auto,avx512-vbmi,avx512-vbmi,x86_64,linux,0
1,commit-3-amd-9950x3d,run-1,3,base64-ng,encode,url-safe,unpadded,64,86,65536,7373641,542.472843,auto,avx512-vbmi,avx512-vbmi,x86_64,linux,0
1,commit-3-amd-9950x3d,run-1,4,base64-ng,encode,url-safe,unpadded,64,86,65536,7381866,541.868411,auto,avx512-vbmi,avx512-vbmi,x86_64,linux,0
1,commit-3-amd-9950x3d,run-1,0,base64-ng,decode,url-safe,unpadded,64,86,65536,33936442,117.867395,auto,avx512-vbmi,avx512-vbmi,x86_64,linux,0
1,commit-3-amd-9950x3d,run-1,1,base64-ng,decode,url-safe,unpadded,64,86,65536,33891528,118.023596,auto,avx512-vbmi,avx512-vbmi,x86_64,linux,0
1,commit-3-amd-9950x3d,run-1,2,base64-ng,decode,url-safe,unpadded,64,86,65536,33962601,117.776610,auto,avx512-vbmi,avx512-vbmi,x86_64,linux,0
1,commit-3-amd-9950x3d,run-1,3,base64-ng,decode,url-safe,unpadded,64,86,65536,33946460,117.832611,auto,avx512-vbmi,avx512-vbmi,x86_64,linux,0
1,commit-3-amd-9950x3d,run-1,4,base64-ng,decode,url-safe,unpadded,64,86,65536,33797020,118.353630,auto,avx512-vbmi,avx512-vbmi,x86_64,linux,0
1,commit-3-amd-9950x3d,run-1,0,base64-ng,encode,url-safe,unpadded,64,86,65536,4326584,924.516894,scalar,avx512-vbmi,avx512-vbmi,x86_64,linux,0
1,commit-3-amd-9950x3d,run-1,1,base64-ng,encode,url-safe,unpadded,64,86,65536,4339097,921.850791,scalar,avx512-vbmi,avx512-vbmi,x86_64,linux,0
1,commit-3-amd-9950x3d,run-1,2,base64-ng,encode,url-safe,unpadded,64,86,65536,4308952,928.299967,scalar,avx512-vbmi,avx512-vbmi,x86_64,linux,0
1,commit-3-amd-9950x3d,run-1,3,base64-ng,encode,url-safe,unpadded,64,86,65536,4319020,926.136022,scalar,avx512-vbmi,avx512-vbmi,x86_64,linux,0
1,commit-3-amd-9950x3d,run-1,4,base64-ng,encode,url-safe,unpadded,64,86,65536,4317498,926.462502,scalar,avx512-vbmi,avx512-vbmi,x86_64,linux,0
1,commit-3-amd-9950x3d,run-1,0,base64-ng,decode,url-safe,unpadded,64,86,65536,13979275,286.137872,scalar,avx512-vbmi,avx512-vbmi,x86_64,linux,0
1,commit-3-amd-9950x3d,run-1,1,base64-ng,decode,url-safe,unpadded,64,86,65536,13979575,286.131731,scalar,avx512-vbmi,avx512-vbmi,x86_64,linux,0
1,commit-3-amd-9950x3d,run-1,2,base64-ng,decode,url-safe,unpadded,64,86,65536,13974656,286.232448,scalar,avx512-vbmi,avx512-vbmi,x86_64,linux,0
1,commit-3-amd-9950x3d,run-1,3,base64-ng,decode,url-safe,unpadded,64,86,65536,13987310,285.973500,scalar,avx512-vbmi,avx512-vbmi,x86_64,linux,0
1,commit-3-amd-9950x3d,run-1,4,base64-ng,decode,url-safe,unpadded,64,86,65536,13941895,286.905044,scalar,avx512-vbmi,avx512-vbmi,x86_64,linux,0
1,commit-3-amd-9950x3d,run-1,0,base64-ng,encode,url-safe,unpadded,64,86,65536,13587747,294.382873,ssse3-sse4.1,avx512-vbmi,avx512-vbmi,x86_64,linux,0
1,commit-3-amd-9950x3d,run-1,1,base64-ng,encode,url-safe,unpadded,64,86,65536,13370329,299.169901,ssse3-sse4.1,avx512-vbmi,avx512-vbmi,x86_64,linux,0
1,commit-3-amd-9950x3d,run-1,2,base64-ng,encode,url-safe,unpadded,64,86,65536,13352725,299.564321,ssse3-sse4.1,avx512-vbmi,avx512-vbmi,x86_64,linux,0
1,commit-3-amd-9950x3d,run-1,3,base64-ng,encode,url-safe,unpadded,64,86,65536,13340712,299.834072,ssse3-sse4.1,avx512-vbmi,avx512-vbmi,x86_64,linux,0
1,commit-3-amd-9950x3d,run-1,4,base64-ng,encode,url-safe,unpadded,64,86,65536,13362283,299.350044,ssse3-sse4.1,avx512-vbmi,avx512-vbmi,x86_64,linux,0
1,commit-3-amd-9950x3d,run-1,0,base64-ng,decode,url-safe,unpadded,64,86,65536,49986575,80.021486,ssse3-sse4.1,avx512-vbmi,avx512-vbmi,x86_64,linux,0
1,commit-3-amd-9950x3d,run-1,1,base64-ng,decode,url-safe,unpadded,64,86,65536,50017133,79.972597,ssse3-sse4.1,avx512-vbmi,avx512-vbmi,x86_64,linux,0
1,commit-3-amd-9950x3d,run-1,2,base64-ng,decode,url-safe,unpadded,64,86,65536,49954304,80.073180,ssse3-sse4.1,avx512-vbmi,avx512-vbmi,x86_64,linux,0
1,commit-3-amd-9950x3d,run-1,3,base64-ng,decode,url-safe,unpadded,64,86,65536,50038432,79.938556,ssse3-sse4.1,avx512-vbmi,avx512-vbmi,x86_64,linux,0
1,commit-3-amd-9950x3d,run-1,4,base64-ng,decode,url-safe,unpadded,64,86,65536,49891075,80.174660,ssse3-sse4.1,avx512-vbmi,avx512-vbmi,x86_64,linux,0
1,commit-3-amd-9950x3d,run-1,0,base64-ng,encode,url-safe,unpadded,64,86,65536,8689437,460.329018,avx2,avx512-vbmi,avx512-vbmi,x86_64,linux,0
1,commit-3-amd-9950x3d,run-1,1,base64-ng,encode,url-safe,unpadded,64,86,65536,8696961,459.930774,avx2,avx512-vbmi,avx512-vbmi,x86_64,linux,0
1,commit-3-amd-9950x3d,run-1,2,base64-ng,encode,url-safe,unpadded,64,86,65536,8670702,461.323662,avx2,avx512-vbmi,avx512-vbmi,x86_64,linux,0
1,commit-3-amd-9950x3d,run-1,3,base64-ng,encode,url-safe,unpadded,64,86,65536,8667927,461.471353,avx2,avx512-vbmi,avx512-vbmi,x86_64,linux,0
1,commit-3-amd-9950x3d,run-1,4,base64-ng,encode,url-safe,unpadded,64,86,65536,8687293,460.442626,avx2,avx512-vbmi,avx512-vbmi,x86_64,linux,0
1,commit-3-amd-9950x3d,run-1,0,base64-ng,decode,url-safe,unpadded,64,86,65536,39628627,100.937133,avx2,avx512-vbmi,avx512-vbmi,x86_64,linux,0
1,commit-3-amd-9950x3d,run-1,1,base64-ng,decode,url-safe,unpadded,64,86,65536,40478397,98.818142,avx2,avx512-vbmi,avx512-vbmi,x86_64,linux,0
1,commit-3-amd-9950x3d,run-1,2,base64-ng,decode,url-safe,unpadded,64,86,65536,40290623,99.278683,avx2,avx512-vbmi,avx512-vbmi,x86_64,linux,0
1,commit-3-amd-9950x3d,run-1,3,base64-ng,decode,url-safe,unpadded,64,86,65536,40329456,99.183088,avx2,avx512-vbmi,avx512-vbmi,x86_64,linux,0
1,commit-3-amd-9950x3d,run-1,4,base64-ng,decode,url-safe,unpadded,64,86,65536,39865674,100.336947,avx2,avx512-vbmi,avx512-vbmi,x86_64,linux,0
1,commit-3-amd-9950x3d,run-1,0,base64-ng,encode,url-safe,unpadded,64,86,65536,6570839,608.750268,avx512-vbmi,avx512-vbmi,avx512-vbmi,x86_64,linux,0
1,commit-3-amd-9950x3d,run-1,1,base64-ng,encode,url-safe,unpadded,64,86,65536,6576149,608.258724,avx512-vbmi,avx512-vbmi,avx512-vbmi,x86_64,linux,0
1,commit-3-amd-9950x3d,run-1,2,base64-ng,encode,url-safe,unpadded,64,86,65536,6698189,597.176341,avx512-vbmi,avx512-vbmi,avx512-vbmi,x86_64,linux,0
1,commit-3-amd-9950x3d,run-1,3,base64-ng,encode,url-safe,unpadded,64,86,65536,6712055,595.942673,avx512-vbmi,avx512-vbmi,avx512-vbmi,x86_64,linux,0
1,commit-3-amd-9950x3d,run-1,4,base64-ng,encode,url-safe,unpadded,64,86,65536,6692488,597.685046,avx512-vbmi,avx512-vbmi,avx512-vbmi,x86_64,linux,0
1,commit-3-amd-9950x3d,run-1,0,base64-ng,decode,url-safe,unpadded,64,86,65536,33929399,117.891861,avx512-vbmi,avx512-vbmi,avx512-vbmi,x86_64,linux,0
1,commit-3-amd-9950x3d,run-1,1,base64-ng,decode,url-safe,unpadded,64,86,65536,33891718,118.022934,avx512-vbmi,avx512-vbmi,avx512-vbmi,x86_64,linux,0
1,commit-3-amd-9950x3d,run-1,2,base64-ng,decode,url-safe,unpadded,64,86,65536,34005301,117.628719,avx512-vbmi,avx512-vbmi,avx512-vbmi,x86_64,linux,0
1,commit-3-amd-9950x3d,run-1,3,base64-ng,decode,url-safe,unpadded,64,86,65536,33912868,117.949328,avx512-vbmi,avx512-vbmi,avx512-vbmi,x86_64,linux,0
1,commit-3-amd-9950x3d,run-1,4,base64-ng,decode,url-safe,unpadded,64,86,65536,33954366,117.805174,avx512-vbmi,avx512-vbmi,avx512-vbmi,x86_64,linux,0
1,commit-3-amd-9950x3d,run-1,0,base64-0.23.0,encode,url-safe,unpadded,64,86,65536,1299566,3077.950639,external,avx512-vbmi,avx512-vbmi,x86_64,linux,0
1,commit-3-amd-9950x3d,run-1,1,base64-0.23.0,encode,url-safe,unpadded,64,86,65536,1314404,3043.204372,external,avx512-vbmi,avx512-vbmi,x86_64,linux,0
1,commit-3-amd-9950x3d,run-1,2,base64-0.23.0,encode,url-safe,unpadded,64,86,65536,1329713,3008.167928,external,avx512-vbmi,avx512-vbmi,x86_64,linux,0
1,commit-3-amd-9950x3d,run-1,3,base64-0.23.0,encode,url-safe,unpadded,64,86,65536,1333460,2999.715027,external,avx512-vbmi,avx512-vbmi,x86_64,linux,0
1,commit-3-amd-9950x3d,run-1,4,base64-0.23.0,encode,url-safe,unpadded,64,86,65536,1333390,2999.872505,external,avx512-vbmi,avx512-vbmi,x86_64,linux,0
1,commit-3-amd-9950x3d,run-1,0,base64-0.23.0,decode,url-safe,unpadded,64,86,65536,1776193,2252.007524,external,avx512-vbmi,avx512-vbmi,x86_64,linux,0
1,commit-3-amd-9950x3d,run-1,1,base64-0.23.0,decode,url-safe,unpadded,64,86,65536,1784730,2241.235369,external,avx512-vbmi,avx512-vbmi,x86_64,linux,0
1,commit-3-amd-9950x3d,run-1,2,base64-0.23.0,decode,url-safe,unpadded,64,86,65536,1780511,2246.546076,external,avx512-vbmi,avx512-vbmi,x86_64,linux,0
1,commit-3-amd-9950x3d,run-1,3,base64-0.23.0,decode,url-safe,unpadded,64,86,65536,1778638,2248.911808,external,avx512-vbmi,avx512-vbmi,x86_64,linux,0
1,commit-3-amd-9950x3d,run-1,4,base64-0.23.0,decode,url-safe,unpadded,64,86,65536,1772707,2256.436061,external,avx512-vbmi,avx512-vbmi,x86_64,linux,0
1,commit-3-amd-9950x3d,run-1,0,base64ct-1.8.3,encode,url-safe,unpadded,64,86,65536,1736819,2303.060941,external,avx512-vbmi,avx512-vbmi,x86_64,linux,0
1,commit-3-amd-9950x3d,run-1,1,base64ct-1.8.3,encode,url-safe,unpadded,64,86,65536,1719617,2326.099358,external,avx512-vbmi,avx512-vbmi,x86_64,linux,0
1,commit-3-amd-9950x3d,run-1,2,base64ct-1.8.3,encode,url-safe,unpadded,64,86,65536,1714858,2332.554649,external,avx512-vbmi,avx512-vbmi,x86_64,linux,0
1,commit-3-amd-9950x3d,run-1,3,base64ct-1.8.3,encode,url-safe,unpadded,64,86,65536,1730608,2311.326424,external,avx512-vbmi,avx512-vbmi,x86_64,linux,0
1,commit-3-amd-9950x3d,run-1,4,base64ct-1.8.3,encode,url-safe,unpadded,64,86,65536,1725578,2318.063860,external,avx512-vbmi,avx512-vbmi,x86_64,linux,0
1,commit-3-amd-9950x3d,run-1,0,base64ct-1.8.3,decode,url-safe,unpadded,64,86,65536,6041032,662.138522,external,avx512-vbmi,avx512-vbmi,x86_64,linux,0
1,commit-3-amd-9950x3d,run-1,1,base64ct-1.8.3,decode,url-safe,unpadded,64,86,65536,5991709,667.589164,external,avx512-vbmi,avx512-vbmi,x86_64,linux,0
1,commit-3-amd-9950x3d,run-1,2,base64ct-1.8.3,decode,url-safe,unpadded,64,86,65536,6007999,665.779072,external,avx512-vbmi,avx512-vbmi,x86_64,linux,0
1,commit-3-amd-9950x3d,run-1,3,base64ct-1.8.3,decode,url-safe,unpadded,64,86,65536,6013229,665.200012,external,avx512-vbmi,avx512-vbmi,x86_64,linux,0
1,commit-3-amd-9950x3d,run-1,4,base64ct-1.8.3,decode,url-safe,unpadded,64,86,65536,6028227,663.545019,external,avx512-vbmi,avx512-vbmi,x86_64,linux,0
1,commit-3-amd-9950x3d,run-1,0,base64-ng,encode,url-safe,unpadded,1024,1366,4096,3754448,1065.402957,auto,avx512-vbmi,avx512-vbmi,x86_64,linux,0
1,commit-3-amd-9950x3d,run-1,1,base64-ng,encode,url-safe,unpadded,1024,1366,4096,3735432,1070.826614,auto,avx512-vbmi,avx512-vbmi,x86_64,linux,0
1,commit-3-amd-9950x3d,run-1,2,base64-ng,encode,url-safe,unpadded,1024,1366,4096,3729410,1072.555713,auto,avx512-vbmi,avx512-vbmi,x86_64,linux,0
1,commit-3-amd-9950x3d,run-1,3,base64-ng,encode,url-safe,unpadded,1024,1366,4096,3720845,1075.024625,auto,avx512-vbmi,avx512-vbmi,x86_64,linux,0
1,commit-3-amd-9950x3d,run-1,4,base64-ng,encode,url-safe,unpadded,1024,1366,4096,3718720,1075.638930,auto,avx512-vbmi,avx512-vbmi,x86_64,linux,0
1,commit-3-amd-9950x3d,run-1,0,base64-ng,decode,url-safe,unpadded,1024,1366,4096,27017538,148.051980,auto,avx512-vbmi,avx512-vbmi,x86_64,linux,0
1,commit-3-amd-9950x3d,run-1,1,base64-ng,decode,url-safe,unpadded,1024,1366,4096,28410530,140.792868,auto,avx512-vbmi,avx512-vbmi,x86_64,linux,0
1,commit-3-amd-9950x3d,run-1,2,base64-ng,decode,url-safe,unpadded,1024,1366,4096,27908405,143.325998,auto,avx512-vbmi,avx512-vbmi,x86_64,linux,0
1,commit-3-amd-9950x3d,run-1,3,base64-ng,decode,url-safe,unpadded,1024,1366,4096,26965079,148.340007,auto,avx512-vbmi,avx512-vbmi,x86_64,linux,0
1,commit-3-amd-9950x3d,run-1,4,base64-ng,decode,url-safe,unpadded,1024,1366,4096,27035351,147.954432,auto,avx512-vbmi,avx512-vbmi,x86_64,linux,0
1,commit-3-amd-9950x3d,run-1,0,base64-ng,encode,url-safe,unpadded,1024,1366,4096,1956372,2044.600925,scalar,avx512-vbmi,avx512-vbmi,x86_64,linux,0
1,commit-3-amd-9950x3d,run-1,1,base64-ng,encode,url-safe,unpadded,1024,1366,4096,1975579,2024.722879,scalar,avx512-vbmi,avx512-vbmi,x86_64,linux,0
1,commit-3-amd-9950x3d,run-1,2,base64-ng,encode,url-safe,unpadded,1024,1366,4096,1980238,2019.959217,scalar,avx512-vbmi,avx512-vbmi,x86_64,linux,0
1,commit-3-amd-9950x3d,run-1,3,base64-ng,encode,url-safe,unpadded,1024,1366,4096,1981761,2018.406861,scalar,avx512-vbmi,avx512-vbmi,x86_64,linux,0
1,commit-3-amd-9950x3d,run-1,4,base64-ng,encode,url-safe,unpadded,1024,1366,4096,1981700,2018.468991,scalar,avx512-vbmi,avx512-vbmi,x86_64,linux,0
1,commit-3-amd-9950x3d,run-1,0,base64-ng,decode,url-safe,unpadded,1024,1366,4096,13820996,289.414743,scalar,avx512-vbmi,avx512-vbmi,x86_64,linux,0
1,commit-3-amd-9950x3d,run-1,1,base64-ng,decode,url-safe,unpadded,1024,1366,4096,13827198,289.284930,scalar,avx512-vbmi,avx512-vbmi,x86_64,linux,0
1,commit-3-amd-9950x3d,run-1,2,base64-ng,decode,url-safe,unpadded,1024,1366,4096,13878395,288.217766,scalar,avx512-vbmi,avx512-vbmi,x86_64,linux,0
1,commit-3-amd-9950x3d,run-1,3,base64-ng,decode,url-safe,unpadded,1024,1366,4096,13880308,288.178043,scalar,avx512-vbmi,avx512-vbmi,x86_64,linux,0
1,commit-3-amd-9950x3d,run-1,4,base64-ng,decode,url-safe,unpadded,1024,1366,4096,13887251,288.033967,scalar,avx512-vbmi,avx512-vbmi,x86_64,linux,0
1,commit-3-amd-9950x3d,run-1,0,base64-ng,encode,url-safe,unpadded,1024,1366,4096,11772671,339.769964,ssse3-sse4.1,avx512-vbmi,avx512-vbmi,x86_64,linux,0
1,commit-3-amd-9950x3d,run-1,1,base64-ng,encode,url-safe,unpadded,1024,1366,4096,11747754,340.490616,ssse3-sse4.1,avx512-vbmi,avx512-vbmi,x86_64,linux,0
1,commit-3-amd-9950x3d,run-1,2,base64-ng,encode,url-safe,unpadded,1024,1366,4096,11768623,339.886833,ssse3-sse4.1,avx512-vbmi,avx512-vbmi,x86_64,linux,0
1,commit-3-amd-9950x3d,run-1,3,base64-ng,encode,url-safe,unpadded,1024,1366,4096,11764255,340.013031,ssse3-sse4.1,avx512-vbmi,avx512-vbmi,x86_64,linux,0
1,commit-3-amd-9950x3d,run-1,4,base64-ng,encode,url-safe,unpadded,1024,1366,4096,11793620,339.166431,ssse3-sse4.1,avx512-vbmi,avx512-vbmi,x86_64,linux,0
1,commit-3-amd-9950x3d,run-1,0,base64-ng,decode,url-safe,unpadded,1024,1366,4096,49790526,80.336568,ssse3-sse4.1,avx512-vbmi,avx512-vbmi,x86_64,linux,0
1,commit-3-amd-9950x3d,run-1,1,base64-ng,decode,url-safe,unpadded,1024,1366,4096,49941320,80.093998,ssse3-sse4.1,avx512-vbmi,avx512-vbmi,x86_64,linux,0
1,commit-3-amd-9950x3d,run-1,2,base64-ng,decode,url-safe,unpadded,1024,1366,4096,52545392,76.124658,ssse3-sse4.1,avx512-vbmi,avx512-vbmi,x86_64,linux,0
1,commit-3-amd-9950x3d,run-1,3,base64-ng,decode,url-safe,unpadded,1024,1366,4096,49973280,80.042775,ssse3-sse4.1,avx512-vbmi,avx512-vbmi,x86_64,linux,0
1,commit-3-amd-9950x3d,run-1,4,base64-ng,decode,url-safe,unpadded,1024,1366,4096,49740802,80.416878,ssse3-sse4.1,avx512-vbmi,avx512-vbmi,x86_64,linux,0
1,commit-3-amd-9950x3d,run-1,0,base64-ng,encode,url-safe,unpadded,1024,1366,4096,6301342,634.785416,avx2,avx512-vbmi,avx512-vbmi,x86_64,linux,0
1,commit-3-amd-9950x3d,run-1,1,base64-ng,encode,url-safe,unpadded,1024,1366,4096,6399666,625.032619,avx2,avx512-vbmi,avx512-vbmi,x86_64,linux,0
1,commit-3-amd-9950x3d,run-1,2,base64-ng,encode,url-safe,unpadded,1024,1366,4096,6356185,629.308304,avx2,avx512-vbmi,avx512-vbmi,x86_64,linux,0
1,commit-3-amd-9950x3d,run-1,3,base64-ng,encode,url-safe,unpadded,1024,1366,4096,6359651,628.965332,avx2,avx512-vbmi,avx512-vbmi,x86_64,linux,0
1,commit-3-amd-9950x3d,run-1,4,base64-ng,encode,url-safe,unpadded,1024,1366,4096,6458257,619.362159,avx2,avx512-vbmi,avx512-vbmi,x86_64,linux,0
1,commit-3-amd-9950x3d,run-1,0,base64-ng,decode,url-safe,unpadded,1024,1366,4096,34763038,115.064742,avx2,avx512-vbmi,avx512-vbmi,x86_64,linux,0
1,commit-3-amd-9950x3d,run-1,1,base64-ng,decode,url-safe,unpadded,1024,1366,4096,34681214,115.336216,avx2,avx512-vbmi,avx512-vbmi,x86_64,linux,0
1,commit-3-amd-9950x3d,run-1,2,base64-ng,decode,url-safe,unpadded,1024,1366,4096,34597056,115.616774,avx2,avx512-vbmi,avx512-vbmi,x86_64,linux,0
1,commit-3-amd-9950x3d,run-1,3,base64-ng,decode,url-safe,unpadded,1024,1366,4096,34635538,115.488317,avx2,avx512-vbmi,avx512-vbmi,x86_64,linux,0
1,commit-3-amd-9950x3d,run-1,4,base64-ng,decode,url-safe,unpadded,1024,1366,4096,34738331,115.146580,avx2,avx512-vbmi,avx512-vbmi,x86_64,linux,0
1,commit-3-amd-9950x3d,run-1,0,base64-ng,encode,url-safe,unpadded,1024,1366,4096,3665109,1091.372726,avx512-vbmi,avx512-vbmi,avx512-vbmi,x86_64,linux,0
1,commit-3-amd-9950x3d,run-1,1,base64-ng,encode,url-safe,unpadded,1024,1366,4096,3671993,1089.326695,avx512-vbmi,avx512-vbmi,avx512-vbmi,x86_64,linux,0
1,commit-3-amd-9950x3d,run-1,2,base64-ng,encode,url-safe,unpadded,1024,1366,4096,3718761,1075.627070,avx512-vbmi,avx512-vbmi,avx512-vbmi,x86_64,linux,0
1,commit-3-amd-9950x3d,run-1,3,base64-ng,encode,url-safe,unpadded,1024,1366,4096,3684345,1085.674659,avx512-vbmi,avx512-vbmi,avx512-vbmi,x86_64,linux,0
1,commit-3-amd-9950x3d,run-1,4,base64-ng,encode,url-safe,unpadded,1024,1366,4096,3716756,1076.207316,avx512-vbmi,avx512-vbmi,avx512-vbmi,x86_64,linux,0
1,commit-3-amd-9950x3d,run-1,0,base64-ng,decode,url-safe,unpadded,1024,1366,4096,26988473,148.211423,avx512-vbmi,avx512-vbmi,avx512-vbmi,x86_64,linux,0
1,commit-3-amd-9950x3d,run-1,1,base64-ng,decode,url-safe,unpadded,1024,1366,4096,27119339,147.496220,avx512-vbmi,avx512-vbmi,avx512-vbmi,x86_64,linux,0
1,commit-3-amd-9950x3d,run-1,2,base64-ng,decode,url-safe,unpadded,1024,1366,4096,26956513,148.387145,avx512-vbmi,avx512-vbmi,avx512-vbmi,x86_64,linux,0
1,commit-3-amd-9950x3d,run-1,3,base64-ng,decode,url-safe,unpadded,1024,1366,4096,27073643,147.745170,avx512-vbmi,avx512-vbmi,avx512-vbmi,x86_64,linux,0
1,commit-3-amd-9950x3d,run-1,4,base64-ng,decode,url-safe,unpadded,1024,1366,4096,26968065,148.323582,avx512-vbmi,avx512-vbmi,avx512-vbmi,x86_64,linux,0
1,commit-3-amd-9950x3d,run-1,0,base64-0.23.0,encode,url-safe,unpadded,1024,1366,4096,815235,4906.560685,external,avx512-vbmi,avx512-vbmi,x86_64,linux,0
1,commit-3-amd-9950x3d,run-1,1,base64-0.23.0,encode,url-safe,unpadded,1024,1366,4096,836765,4780.314664,external,avx512-vbmi,avx512-vbmi,x86_64,linux,0
1,commit-3-amd-9950x3d,run-1,2,base64-0.23.0,encode,url-safe,unpadded,1024,1366,4096,849900,4706.436051,external,avx512-vbmi,avx512-vbmi,x86_64,linux,0
1,commit-3-amd-9950x3d,run-1,3,base64-0.23.0,encode,url-safe,unpadded,1024,1366,4096,853156,4688.474324,external,avx512-vbmi,avx512-vbmi,x86_64,linux,0
1,commit-3-amd-9950x3d,run-1,4,base64-0.23.0,encode,url-safe,unpadded,1024,1366,4096,857424,4665.136502,external,avx512-vbmi,avx512-vbmi,x86_64,linux,0
1,commit-3-amd-9950x3d,run-1,0,base64-0.23.0,decode,url-safe,unpadded,1024,1366,4096,1017205,3932.344021,external,avx512-vbmi,avx512-vbmi,x86_64,linux,0
1,commit-3-amd-9950x3d,run-1,1,base64-0.23.0,decode,url-safe,unpadded,1024,1366,4096,1022114,3913.457794,external,avx512-vbmi,avx512-vbmi,x86_64,linux,0
1,commit-3-amd-9950x3d,run-1,2,base64-0.23.0,decode,url-safe,unpadded,1024,1366,4096,1019900,3921.953133,external,avx512-vbmi,avx512-vbmi,x86_64,linux,0
1,commit-3-amd-9950x3d,run-1,3,base64-0.23.0,decode,url-safe,unpadded,1024,1366,4096,1076166,3716.898694,external,avx512-vbmi,avx512-vbmi,x86_64,linux,0
1,commit-3-amd-9950x3d,run-1,4,base64-0.23.0,decode,url-safe,unpadded,1024,1366,4096,1011564,3954.272789,external,avx512-vbmi,avx512-vbmi,x86_64,linux,0
1,commit-3-amd-9950x3d,run-1,0,base64ct-1.8.3,encode,url-safe,unpadded,1024,1366,4096,1370390,2918.877108,external,avx512-vbmi,avx512-vbmi,x86_64,linux,0
1,commit-3-amd-9950x3d,run-1,1,base64ct-1.8.3,encode,url-safe,unpadded,1024,1366,4096,1376731,2905.433233,external,avx512-vbmi,avx512-vbmi,x86_64,linux,0
1,commit-3-amd-9950x3d,run-1,2,base64ct-1.8.3,encode,url-safe,unpadded,1024,1366,4096,1383715,2890.768692,external,avx512-vbmi,avx512-vbmi,x86_64,linux,0
1,commit-3-amd-9950x3d,run-1,3,base64ct-1.8.3,encode,url-safe,unpadded,1024,1366,4096,1385348,2887.361154,external,avx512-vbmi,avx512-vbmi,x86_64,linux,0
1,commit-3-amd-9950x3d,run-1,4,base64ct-1.8.3,encode,url-safe,unpadded,1024,1366,4096,1368035,2923.901801,external,avx512-vbmi,avx512-vbmi,x86_64,linux,0
1,commit-3-amd-9950x3d,run-1,0,base64ct-1.8.3,decode,url-safe,unpadded,1024,1366,4096,4643571,861.406017,external,avx512-vbmi,avx512-vbmi,x86_64,linux,0
1,commit-3-amd-9950x3d,run-1,1,base64ct-1.8.3,decode,url-safe,unpadded,1024,1366,4096,4681473,854.431928,external,avx512-vbmi,avx512-vbmi,x86_64,linux,0
1,commit-3-amd-9950x3d,run-1,2,base64ct-1.8.3,decode,url-safe,unpadded,1024,1366,4096,4651155,860.001441,external,avx512-vbmi,avx512-vbmi,x86_64,linux,0
1,commit-3-amd-9950x3d,run-1,3,base64ct-1.8.3,decode,url-safe,unpadded,1024,1366,4096,4710136,849.232379,external,avx512-vbmi,avx512-vbmi,x86_64,linux,0
1,commit-3-amd-9950x3d,run-1,4,base64ct-1.8.3,decode,url-safe,unpadded,1024,1366,4096,4741265,843.656703,external,avx512-vbmi,avx512-vbmi,x86_64,linux,0
1,commit-3-amd-9950x3d,run-1,0,base64-ng,encode,url-safe,unpadded,65536,87382,64,3576142,1118.523817,auto,avx512-vbmi,avx512-vbmi,x86_64,linux,0
1,commit-3-amd-9950x3d,run-1,1,base64-ng,encode,url-safe,unpadded,65536,87382,64,3572926,1119.530603,auto,avx512-vbmi,avx512-vbmi,x86_64,linux,0
1,commit-3-amd-9950x3d,run-1,2,base64-ng,encode,url-safe,unpadded,65536,87382,64,3505428,1141.087479,auto,avx512-vbmi,avx512-vbmi,x86_64,linux,0
1,commit-3-amd-9950x3d,run-1,3,base64-ng,encode,url-safe,unpadded,65536,87382,64,3559510,1123.750179,auto,avx512-vbmi,avx512-vbmi,x86_64,linux,0
1,commit-3-amd-9950x3d,run-1,4,base64-ng,encode,url-safe,unpadded,65536,87382,64,3617750,1105.659595,auto,avx512-vbmi,avx512-vbmi,x86_64,linux,0
1,commit-3-amd-9950x3d,run-1,0,base64-ng,decode,url-safe,unpadded,65536,87382,64,26596385,150.396379,auto,avx512-vbmi,avx512-vbmi,x86_64,linux,0
1,commit-3-amd-9950x3d,run-1,1,base64-ng,decode,url-safe,unpadded,65536,87382,64,26583811,150.467516,auto,avx512-vbmi,avx512-vbmi,x86_64,linux,0
1,commit-3-amd-9950x3d,run-1,2,base64-ng,decode,url-safe,unpadded,65536,87382,64,26474766,151.087266,auto,avx512-vbmi,avx512-vbmi,x86_64,linux,0
1,commit-3-amd-9950x3d,run-1,3,base64-ng,decode,url-safe,unpadded,65536,87382,64,26660485,150.034780,auto,avx512-vbmi,avx512-vbmi,x86_64,linux,0
1,commit-3-amd-9950x3d,run-1,4,base64-ng,decode,url-safe,unpadded,65536,87382,64,26485807,151.024283,auto,avx512-vbmi,avx512-vbmi,x86_64,linux,0
1,commit-3-amd-9950x3d,run-1,0,base64-ng,encode,url-safe,unpadded,65536,87382,64,1801642,2220.196909,scalar,avx512-vbmi,avx512-vbmi,x86_64,linux,0
1,commit-3-amd-9950x3d,run-1,1,base64-ng,encode,url-safe,unpadded,65536,87382,64,1850433,2161.656218,scalar,avx512-vbmi,avx512-vbmi,x86_64,linux,0
1,commit-3-amd-9950x3d,run-1,2,base64-ng,encode,url-safe,unpadded,65536,87382,64,1835064,2179.760488,scalar,avx512-vbmi,avx512-vbmi,x86_64,linux,0
1,commit-3-amd-9950x3d,run-1,3,base64-ng,encode,url-safe,unpadded,65536,87382,64,1831508,2183.992644,scalar,avx512-vbmi,avx512-vbmi,x86_64,linux,0
1,commit-3-amd-9950x3d,run-1,4,base64-ng,encode,url-safe,unpadded,65536,87382,64,1836868,2177.619731,scalar,avx512-vbmi,avx512-vbmi,x86_64,linux,0
1,commit-3-amd-9950x3d,run-1,0,base64-ng,decode,url-safe,unpadded,65536,87382,64,13727741,291.380789,scalar,avx512-vbmi,avx512-vbmi,x86_64,linux,0
1,commit-3-amd-9950x3d,run-1,1,base64-ng,decode,url-safe,unpadded,65536,87382,64,13756606,290.769395,scalar,avx512-vbmi,avx512-vbmi,x86_64,linux,0
1,commit-3-amd-9950x3d,run-1,2,base64-ng,decode,url-safe,unpadded,65536,87382,64,13741056,291.098443,scalar,avx512-vbmi,avx512-vbmi,x86_64,linux,0
1,commit-3-amd-9950x3d,run-1,3,base64-ng,decode,url-safe,unpadded,65536,87382,64,13725838,291.421187,scalar,avx512-vbmi,avx512-vbmi,x86_64,linux,0
1,commit-3-amd-9950x3d,run-1,4,base64-ng,decode,url-safe,unpadded,65536,87382,64,13758730,290.724507,scalar,avx512-vbmi,avx512-vbmi,x86_64,linux,0
1,commit-3-amd-9950x3d,run-1,0,base64-ng,encode,url-safe,unpadded,65536,87382,64,11913245,335.760744,ssse3-sse4.1,avx512-vbmi,avx512-vbmi,x86_64,linux,0
1,commit-3-amd-9950x3d,run-1,1,base64-ng,encode,url-safe,unpadded,65536,87382,64,11767150,339.929380,ssse3-sse4.1,avx512-vbmi,avx512-vbmi,x86_64,linux,0
1,commit-3-amd-9950x3d,run-1,2,base64-ng,encode,url-safe,unpadded,65536,87382,64,11716205,341.407478,ssse3-sse4.1,avx512-vbmi,avx512-vbmi,x86_64,linux,0
1,commit-3-amd-9950x3d,run-1,3,base64-ng,encode,url-safe,unpadded,65536,87382,64,11765457,339.978294,ssse3-sse4.1,avx512-vbmi,avx512-vbmi,x86_64,linux,0
1,commit-3-amd-9950x3d,run-1,4,base64-ng,encode,url-safe,unpadded,65536,87382,64,11752883,340.342025,ssse3-sse4.1,avx512-vbmi,avx512-vbmi,x86_64,linux,0
1,commit-3-amd-9950x3d,run-1,0,base64-ng,decode,url-safe,unpadded,65536,87382,64,49586362,80.667342,ssse3-sse4.1,avx512-vbmi,avx512-vbmi,x86_64,linux,0
1,commit-3-amd-9950x3d,run-1,1,base64-ng,decode,url-safe,unpadded,65536,87382,64,49847142,80.245323,ssse3-sse4.1,avx512-vbmi,avx512-vbmi,x86_64,linux,0
1,commit-3-amd-9950x3d,run-1,2,base64-ng,decode,url-safe,unpadded,65536,87382,64,49704394,80.475782,ssse3-sse4.1,avx512-vbmi,avx512-vbmi,x86_64,linux,0
1,commit-3-amd-9950x3d,run-1,3,base64-ng,decode,url-safe,unpadded,65536,87382,64,50014137,79.977387,ssse3-sse4.1,avx512-vbmi,avx512-vbmi,x86_64,linux,0
1,commit-3-amd-9950x3d,run-1,4,base64-ng,decode,url-safe,unpadded,65536,87382,64,50094998,79.848291,ssse3-sse4.1,avx512-vbmi,avx512-vbmi,x86_64,linux,0
1,commit-3-amd-9950x3d,run-1,0,base64-ng,encode,url-safe,unpadded,65536,87382,64,6321870,632.724178,avx2,avx512-vbmi,avx512-vbmi,x86_64,linux,0
1,commit-3-amd-9950x3d,run-1,1,base64-ng,encode,url-safe,unpadded,65536,87382,64,6284650,636.471403,avx2,avx512-vbmi,avx512-vbmi,x86_64,linux,0
1,commit-3-amd-9950x3d,run-1,2,base64-ng,encode,url-safe,unpadded,65536,87382,64,6262779,638.694100,avx2,avx512-vbmi,avx512-vbmi,x86_64,linux,0
1,commit-3-amd-9950x3d,run-1,3,base64-ng,encode,url-safe,unpadded,65536,87382,64,6284159,636.521132,avx2,avx512-vbmi,avx512-vbmi,x86_64,linux,0
1,commit-3-amd-9950x3d,run-1,4,base64-ng,encode,url-safe,unpadded,65536,87382,64,6269111,638.048999,avx2,avx512-vbmi,avx512-vbmi,x86_64,linux,0
1,commit-3-amd-9950x3d,run-1,0,base64-ng,decode,url-safe,unpadded,65536,87382,64,34361432,116.409584,avx2,avx512-vbmi,avx512-vbmi,x86_64,linux,0
1,commit-3-amd-9950x3d,run-1,1,base64-ng,decode,url-safe,unpadded,65536,87382,64,34168679,117.066276,avx2,avx512-vbmi,avx512-vbmi,x86_64,linux,0
1,commit-3-amd-9950x3d,run-1,2,base64-ng,decode,url-safe,unpadded,65536,87382,64,34574112,115.693499,avx2,avx512-vbmi,avx512-vbmi,x86_64,linux,0
1,commit-3-amd-9950x3d,run-1,3,base64-ng,decode,url-safe,unpadded,65536,87382,64,34376010,116.360217,avx2,avx512-vbmi,avx512-vbmi,x86_64,linux,0
1,commit-3-amd-9950x3d,run-1,4,base64-ng,decode,url-safe,unpadded,65536,87382,64,34220737,116.888190,avx2,avx512-vbmi,avx512-vbmi,x86_64,linux,0
1,commit-3-amd-9950x3d,run-1,0,base64-ng,encode,url-safe,unpadded,65536,87382,64,3490360,1146.013592,avx512-vbmi,avx512-vbmi,avx512-vbmi,x86_64,linux,0
1,commit-3-amd-9950x3d,run-1,1,base64-ng,encode,url-safe,unpadded,65536,87382,64,3487535,1146.941894,avx512-vbmi,avx512-vbmi,avx512-vbmi,x86_64,linux,0
1,commit-3-amd-9950x3d,run-1,2,base64-ng,encode,url-safe,unpadded,65536,87382,64,3477095,1150.385595,avx512-vbmi,avx512-vbmi,avx512-vbmi,x86_64,linux,0
1,commit-3-amd-9950x3d,run-1,3,base64-ng,encode,url-safe,unpadded,65536,87382,64,3468610,1153.199697,avx512-vbmi,avx512-vbmi,avx512-vbmi,x86_64,linux,0
1,commit-3-amd-9950x3d,run-1,4,base64-ng,encode,url-safe,unpadded,65536,87382,64,3503676,1141.658076,avx512-vbmi,avx512-vbmi,avx512-vbmi,x86_64,linux,0
1,commit-3-amd-9950x3d,run-1,0,base64-ng,decode,url-safe,unpadded,65536,87382,64,26454598,151.202449,avx512-vbmi,avx512-vbmi,avx512-vbmi,x86_64,linux,0
1,commit-3-amd-9950x3d,run-1,1,base64-ng,decode,url-safe,unpadded,65536,87382,64,26561990,150.591127,avx512-vbmi,avx512-vbmi,avx512-vbmi,x86_64,linux,0
1,commit-3-amd-9950x3d,run-1,2,base64-ng,decode,url-safe,unpadded,65536,87382,64,26342096,151.848205,avx512-vbmi,avx512-vbmi,avx512-vbmi,x86_64,linux,0
1,commit-3-amd-9950x3d,run-1,3,base64-ng,decode,url-safe,unpadded,65536,87382,64,26247749,152.394021,avx512-vbmi,avx512-vbmi,avx512-vbmi,x86_64,linux,0
1,commit-3-amd-9950x3d,run-1,4,base64-ng,decode,url-safe,unpadded,65536,87382,64,26355201,151.772699,avx512-vbmi,avx512-vbmi,avx512-vbmi,x86_64,linux,0
1,commit-3-amd-9950x3d,run-1,0,base64-0.23.0,encode,url-safe,unpadded,65536,87382,64,789016,5069.605686,external,avx512-vbmi,avx512-vbmi,x86_64,linux,0
1,commit-3-amd-9950x3d,run-1,1,base64-0.23.0,encode,url-safe,unpadded,65536,87382,64,796389,5022.671082,external,avx512-vbmi,avx512-vbmi,x86_64,linux,0
1,commit-3-amd-9950x3d,run-1,2,base64-0.23.0,encode,url-safe,unpadded,65536,87382,64,803222,4979.943278,external,avx512-vbmi,avx512-vbmi,x86_64,linux,0
1,commit-3-amd-9950x3d,run-1,3,base64-0.23.0,encode,url-safe,unpadded,65536,87382,64,802701,4983.175554,external,avx512-vbmi,avx512-vbmi,x86_64,linux,0
1,commit-3-amd-9950x3d,run-1,4,base64-0.23.0,encode,url-safe,unpadded,65536,87382,64,810275,4936.595600,external,avx512-vbmi,avx512-vbmi,x86_64,linux,0
1,commit-3-amd-9950x3d,run-1,0,base64-0.23.0,decode,url-safe,unpadded,65536,87382,64,946762,4224.926645,external,avx512-vbmi,avx512-vbmi,x86_64,linux,0
1,commit-3-amd-9950x3d,run-1,1,base64-0.23.0,decode,url-safe,unpadded,65536,87382,64,943687,4238.693550,external,avx512-vbmi,avx512-vbmi,x86_64,linux,0
1,commit-3-amd-9950x3d,run-1,2,base64-0.23.0,decode,url-safe,unpadded,65536,87382,64,945199,4231.913068,external,avx512-vbmi,avx512-vbmi,x86_64,linux,0
1,commit-3-amd-9950x3d,run-1,3,base64-0.23.0,decode,url-safe,unpadded,65536,87382,64,949076,4214.625594,external,avx512-vbmi,avx512-vbmi,x86_64,linux,0
1,commit-3-amd-9950x3d,run-1,4,base64-0.23.0,decode,url-safe,unpadded,65536,87382,64,1185812,3373.215990,external,avx512-vbmi,avx512-vbmi,x86_64,linux,0
1,commit-3-amd-9950x3d,run-1,0,base64ct-1.8.3,encode,url-safe,unpadded,65536,87382,64,1387632,2882.608646,external,avx512-vbmi,avx512-vbmi,x86_64,linux,0
1,commit-3-amd-9950x3d,run-1,1,base64ct-1.8.3,encode,url-safe,unpadded,65536,87382,64,1338470,2988.486854,external,avx512-vbmi,avx512-vbmi,x86_64,linux,0
1,commit-3-amd-9950x3d,run-1,2,base64ct-1.8.3,encode,url-safe,unpadded,65536,87382,64,1333961,2998.588415,external,avx512-vbmi,avx512-vbmi,x86_64,linux,0
1,commit-3-amd-9950x3d,run-1,3,base64ct-1.8.3,encode,url-safe,unpadded,65536,87382,64,1332268,3002.398917,external,avx512-vbmi,avx512-vbmi,x86_64,linux,0
1,commit-3-amd-9950x3d,run-1,4,base64ct-1.8.3,encode,url-safe,unpadded,65536,87382,64,1340914,2983.039926,external,avx512-vbmi,avx512-vbmi,x86_64,linux,0
1,commit-3-amd-9950x3d,run-1,0,base64ct-1.8.3,decode,url-safe,unpadded,65536,87382,64,4556327,877.900116,external,avx512-vbmi,avx512-vbmi,x86_64,linux,0
1,commit-3-amd-9950x3d,run-1,1,base64ct-1.8.3,decode,url-safe,unpadded,65536,87382,64,4581524,873.071930,external,avx512-vbmi,avx512-vbmi,x86_64,linux,0
1,commit-3-amd-9950x3d,run-1,2,base64ct-1.8.3,decode,url-safe,unpadded,65536,87382,64,4579039,873.545737,external,avx512-vbmi,avx512-vbmi,x86_64,linux,0
1,commit-3-amd-9950x3d,run-1,3,base64ct-1.8.3,decode,url-safe,unpadded,65536,87382,64,4601151,869.347691,external,avx512-vbmi,avx512-vbmi,x86_64,linux,0
1,commit-3-amd-9950x3d,run-1,4,base64ct-1.8.3,decode,url-safe,unpadded,65536,87382,64,4586363,872.150765,external,avx512-vbmi,avx512-vbmi,x86_64,linux,0
