backend,alphabet,padding,input_len,sample_index,iterations,elapsed_ns,throughput_mib_s
scalar,standard,padded,12,0,1398101,54198804,295.209396
scalar,standard,padded,12,1,1398101,54233679,295.019561
scalar,standard,padded,12,2,1398101,55449507,288.550738
scalar,standard,padded,12,3,1398101,54600079,293.039799
scalar,standard,padded,12,4,1398101,53996963,296.312891
scalar,standard,padded,12,5,1398101,54434326,293.932108
scalar,standard,padded,12,6,1398101,55542191,288.069230
scalar,standard,padded,12,7,1398101,55459256,288.500015
scalar,standard,padded,12,8,1398101,56142893,284.987027
scalar,standard,padded,12,9,1398101,56593270,282.719062
scalar,standard,padded,12,10,1398101,56340264,283.988662
scalar,standard,padded,12,11,1398101,56235767,284.516368
scalar,standard,padded,12,12,1398101,55996317,285.733010
scalar,standard,padded,12,13,1398101,55460608,288.492982
scalar,standard,padded,12,14,1398101,55751796,286.986202
ssse3-sse4.1,standard,padded,12,0,1398101,49859676,320.900525
ssse3-sse4.1,standard,padded,12,1,1398101,50254750,318.377789
ssse3-sse4.1,standard,padded,12,2,1398101,49098624,325.874635
ssse3-sse4.1,standard,padded,12,3,1398101,50348597,317.784350
ssse3-sse4.1,standard,padded,12,4,1398101,48998675,326.539364
ssse3-sse4.1,standard,padded,12,5,1398101,48325057,331.091098
ssse3-sse4.1,standard,padded,12,6,1398101,48522409,329.744473
ssse3-sse4.1,standard,padded,12,7,1398101,48259034,331.544063
ssse3-sse4.1,standard,padded,12,8,1398101,48205263,331.913886
ssse3-sse4.1,standard,padded,12,9,1398101,47984427,333.441435
ssse3-sse4.1,standard,padded,12,10,1398101,47874760,334.205251
ssse3-sse4.1,standard,padded,12,11,1398101,47879900,334.169373
ssse3-sse4.1,standard,padded,12,12,1398101,47606165,336.090844
ssse3-sse4.1,standard,padded,12,13,1398101,47669303,335.645692
ssse3-sse4.1,standard,padded,12,14,1398101,47620191,335.991852
scalar,standard,padded,24,0,699050,50911486,314.270629
scalar,standard,padded,24,1,699050,50880908,314.459497
scalar,standard,padded,24,2,699050,50929290,314.160766
scalar,standard,padded,24,3,699050,51595824,310.102320
scalar,standard,padded,24,4,699050,51090973,313.166569
scalar,standard,padded,24,5,699050,50992549,313.771032
scalar,standard,padded,24,6,699050,50972301,313.895673
scalar,standard,padded,24,7,699050,51001746,313.714451
scalar,standard,padded,24,8,699050,51026473,313.562428
scalar,standard,padded,24,9,699050,51188768,312.568272
scalar,standard,padded,24,10,699050,51045237,313.447163
scalar,standard,padded,24,11,699050,51274990,312.042669
scalar,standard,padded,24,12,699050,51110571,313.046488
scalar,standard,padded,24,13,699050,51108788,313.057409
scalar,standard,padded,24,14,699050,51232400,312.302073
ssse3-sse4.1,standard,padded,24,0,699050,33627464,475.801111
ssse3-sse4.1,standard,padded,24,1,699050,33672659,475.162497
ssse3-sse4.1,standard,padded,24,2,699050,33230567,481.483952
ssse3-sse4.1,standard,padded,24,3,699050,33250034,481.202057
ssse3-sse4.1,standard,padded,24,4,699050,33202053,481.897452
ssse3-sse4.1,standard,padded,24,5,699050,33212783,481.741766
ssse3-sse4.1,standard,padded,24,6,699050,33199388,481.936135
ssse3-sse4.1,standard,padded,24,7,699050,33160885,482.495710
ssse3-sse4.1,standard,padded,24,8,699050,33108678,483.256527
ssse3-sse4.1,standard,padded,24,9,699050,33129006,482.960000
ssse3-sse4.1,standard,padded,24,10,699050,33471480,478.018443
ssse3-sse4.1,standard,padded,24,11,699050,35318076,453.025378
ssse3-sse4.1,standard,padded,24,12,699050,33431465,478.590595
ssse3-sse4.1,standard,padded,24,13,699050,33748101,474.100298
ssse3-sse4.1,standard,padded,24,14,699050,33231308,481.473216
avx2,standard,padded,24,0,699050,31990663,500.145456
avx2,standard,padded,24,1,699050,32074151,498.843593
avx2,standard,padded,24,2,699050,32010661,499.833001
avx2,standard,padded,24,3,699050,31840741,502.500389
avx2,standard,padded,24,4,699050,31865587,502.108583
avx2,standard,padded,24,5,699050,31859928,502.197768
avx2,standard,padded,24,6,699050,31829069,502.684660
avx2,standard,padded,24,7,699050,31825141,502.746704
avx2,standard,padded,24,8,699050,31805104,503.063431
avx2,standard,padded,24,9,699050,31788703,503.322981
avx2,standard,padded,24,10,699050,31851912,502.324154
avx2,standard,padded,24,11,699050,31542128,507.257619
avx2,standard,padded,24,12,699050,28859459,554.410418
avx2,standard,padded,24,13,699050,28949670,552.682802
avx2,standard,padded,24,14,699050,28956191,552.558337
scalar,standard,padded,48,0,349525,49716126,321.826860
scalar,standard,padded,48,1,349525,49705977,321.892571
scalar,standard,padded,48,2,349525,49856290,320.922089
scalar,standard,padded,48,3,349525,50580352,316.328062
scalar,standard,padded,48,4,349525,50191410,318.779344
scalar,standard,padded,48,5,349525,49698583,321.940461
scalar,standard,padded,48,6,349525,49655933,322.216979
scalar,standard,padded,48,7,349525,49616007,322.476267
scalar,standard,padded,48,8,349525,49643620,322.296898
scalar,standard,padded,48,9,349525,49570452,322.772622
scalar,standard,padded,48,10,349525,49618031,322.463113
scalar,standard,padded,48,11,349525,51417108,311.180176
scalar,standard,padded,48,12,349525,49936070,320.409370
scalar,standard,padded,48,13,349525,50352985,317.756430
scalar,standard,padded,48,14,349525,49937813,320.398187
ssse3-sse4.1,standard,padded,48,0,349525,25777529,620.695053
ssse3-sse4.1,standard,padded,48,1,349525,25794941,620.276074
ssse3-sse4.1,standard,padded,48,2,349525,25852239,618.901316
ssse3-sse4.1,standard,padded,48,3,349525,25995749,615.484660
ssse3-sse4.1,standard,padded,48,4,349525,25993765,615.531638
ssse3-sse4.1,standard,padded,48,5,349525,25701215,622.538068
ssse3-sse4.1,standard,padded,48,6,349525,25740700,621.583125
ssse3-sse4.1,standard,padded,48,7,349525,25666730,623.374491
ssse3-sse4.1,standard,padded,48,8,349525,25674695,623.181103
ssse3-sse4.1,standard,padded,48,9,349525,25739868,621.603217
ssse3-sse4.1,standard,padded,48,10,349525,25719460,622.096449
ssse3-sse4.1,standard,padded,48,11,349525,25722986,622.011175
ssse3-sse4.1,standard,padded,48,12,349525,25747933,621.408512
ssse3-sse4.1,standard,padded,48,13,349525,25681899,623.006295
ssse3-sse4.1,standard,padded,48,14,349525,25736782,621.677751
avx2,standard,padded,48,0,349525,24762048,646.149492
avx2,standard,padded,48,1,349525,24796101,645.262122
avx2,standard,padded,48,2,349525,23328158,685.865757
avx2,standard,padded,48,3,349525,22629895,707.028678
avx2,standard,padded,48,4,349525,22650633,706.381351
avx2,standard,padded,48,5,349525,22642127,706.646718
avx2,standard,padded,48,6,349525,22615818,707.468761
avx2,standard,padded,48,7,349525,22582626,708.508600
avx2,standard,padded,48,8,349525,22560804,709.193907
avx2,standard,padded,48,9,349525,22541157,709.812045
avx2,standard,padded,48,10,349525,22519356,710.499214
avx2,standard,padded,48,11,349525,22550244,709.526014
avx2,standard,padded,48,12,349525,22533423,710.055669
avx2,standard,padded,48,13,349525,22528623,710.206955
avx2,standard,padded,48,14,349525,22593356,708.172117
avx512-vbmi,standard,padded,48,0,349525,24900859,642.547502
avx512-vbmi,standard,padded,48,1,349525,24153472,662.430012
avx512-vbmi,standard,padded,48,2,349525,22636156,706.833119
avx512-vbmi,standard,padded,48,3,349525,22811405,701.402861
avx512-vbmi,standard,padded,48,4,349525,22756823,703.085169
avx512-vbmi,standard,padded,48,5,349525,22699545,704.859271
avx512-vbmi,standard,padded,48,6,349525,22674909,705.625092
avx512-vbmi,standard,padded,48,7,349525,22690759,705.132197
avx512-vbmi,standard,padded,48,8,349525,22726065,704.036741
avx512-vbmi,standard,padded,48,9,349525,22675630,705.602655
avx512-vbmi,standard,padded,48,10,349525,22685138,705.306917
avx512-vbmi,standard,padded,48,11,349525,22687422,705.235912
avx512-vbmi,standard,padded,48,12,349525,22649722,706.409763
avx512-vbmi,standard,padded,48,13,349525,22676411,705.578354
avx512-vbmi,standard,padded,48,14,349525,22670521,705.761669
scalar,standard,padded,64,0,262144,52420055,305.226692
scalar,standard,padded,64,1,262144,52101616,307.092202
scalar,standard,padded,64,2,262144,52486301,304.841448
scalar,standard,padded,64,3,262144,52587721,304.253535
scalar,standard,padded,64,4,262144,51528096,310.510212
scalar,standard,padded,64,5,262144,51548145,310.389443
scalar,standard,padded,64,6,262144,51472211,310.847342
scalar,standard,padded,64,7,262144,51470919,310.855145
scalar,standard,padded,64,8,262144,51537134,310.455758
scalar,standard,padded,64,9,262144,51489754,310.741434
scalar,standard,padded,64,10,262144,51477401,310.816003
scalar,standard,padded,64,11,262144,51484525,310.772994
scalar,standard,padded,64,12,262144,52167289,306.705606
scalar,standard,padded,64,13,262144,51495485,310.706851
scalar,standard,padded,64,14,262144,51376120,311.428734
ssse3-sse4.1,standard,padded,64,0,262144,28445270,562.483675
ssse3-sse4.1,standard,padded,64,1,262144,28457032,562.251186
ssse3-sse4.1,standard,padded,64,2,262144,28483912,561.720595
ssse3-sse4.1,standard,padded,64,3,262144,28498030,561.442317
ssse3-sse4.1,standard,padded,64,4,262144,28453977,562.311553
ssse3-sse4.1,standard,padded,64,5,262144,28464957,562.094649
ssse3-sse4.1,standard,padded,64,6,262144,28523948,560.932168
ssse3-sse4.1,standard,padded,64,7,262144,28492008,561.560982
ssse3-sse4.1,standard,padded,64,8,262144,28473813,561.919824
ssse3-sse4.1,standard,padded,64,9,262144,28469306,562.008782
ssse3-sse4.1,standard,padded,64,10,262144,28464917,562.095438
ssse3-sse4.1,standard,padded,64,11,262144,28438086,562.625769
ssse3-sse4.1,standard,padded,64,12,262144,28931726,553.026114
ssse3-sse4.1,standard,padded,64,13,262144,28975778,552.185346
ssse3-sse4.1,standard,padded,64,14,262144,29145528,548.969296
avx2,standard,padded,64,0,262144,36604888,437.100094
avx2,standard,padded,64,1,262144,36786279,434.944779
avx2,standard,padded,64,2,262144,36951120,433.004466
avx2,standard,padded,64,3,262144,36905503,433.539681
avx2,standard,padded,64,4,262144,37142990,430.767690
avx2,standard,padded,64,5,262144,36830764,434.419443
avx2,standard,padded,64,6,262144,36829010,434.440133
avx2,standard,padded,64,7,262144,36868584,433.973814
avx2,standard,padded,64,8,262144,36867502,433.986550
avx2,standard,padded,64,9,262144,36967661,432.810721
avx2,standard,padded,64,10,262144,36849208,434.202005
avx2,standard,padded,64,11,262144,36794846,434.843510
avx2,standard,padded,64,12,262144,36909111,433.497301
avx2,standard,padded,64,13,262144,36920201,433.367088
avx2,standard,padded,64,14,262144,37080554,431.493014
avx512-vbmi,standard,padded,64,0,262144,36742326,435.465082
avx512-vbmi,standard,padded,64,1,262144,36917837,433.394838
avx512-vbmi,standard,padded,64,2,262144,36804724,434.726803
avx512-vbmi,standard,padded,64,3,262144,36716579,435.770446
avx512-vbmi,standard,padded,64,4,262144,37309033,428.850568
avx512-vbmi,standard,padded,64,5,262144,36681321,436.189307
avx512-vbmi,standard,padded,64,6,262144,36625476,436.854391
avx512-vbmi,standard,padded,64,7,262144,36485814,438.526601
avx512-vbmi,standard,padded,64,8,262144,36479792,438.598992
avx512-vbmi,standard,padded,64,9,262144,36363253,440.004639
avx512-vbmi,standard,padded,64,10,262144,36299533,440.777020
avx512-vbmi,standard,padded,64,11,262144,37512356,426.526129
avx512-vbmi,standard,padded,64,12,262144,37538355,426.230718
avx512-vbmi,standard,padded,64,13,262144,37519850,426.440937
avx512-vbmi,standard,padded,64,14,262144,37551360,426.083103
scalar,standard,padded,96,0,174762,49569169,322.780052
scalar,standard,padded,96,1,174762,49560063,322.839359
scalar,standard,padded,96,2,174762,49524625,323.070371
scalar,standard,padded,96,3,174762,49494559,323.266623
scalar,standard,padded,96,4,174762,49540476,322.967001
scalar,standard,padded,96,5,174762,49592443,322.628570
scalar,standard,padded,96,6,174762,49605227,322.545424
scalar,standard,padded,96,7,174762,49530276,323.033511
scalar,standard,padded,96,8,174762,49519135,323.106188
scalar,standard,padded,96,9,174762,49594116,322.617686
scalar,standard,padded,96,10,174762,50130677,319.164630
scalar,standard,padded,96,11,174762,50432755,317.252924
scalar,standard,padded,96,12,174762,49422844,323.735699
scalar,standard,padded,96,13,174762,49438473,323.633357
scalar,standard,padded,96,14,174762,49333717,324.320565
ssse3-sse4.1,standard,padded,96,0,174762,21988788,727.640785
ssse3-sse4.1,standard,padded,96,1,174762,21986062,727.731004
ssse3-sse4.1,standard,padded,96,2,174762,22040245,725.941974
ssse3-sse4.1,standard,padded,96,3,174762,21990781,727.574840
ssse3-sse4.1,standard,padded,96,4,174762,21951767,728.867930
ssse3-sse4.1,standard,padded,96,5,174762,21992385,727.521775
ssse3-sse4.1,standard,padded,96,6,174762,21962458,728.513127
ssse3-sse4.1,standard,padded,96,7,174762,21993135,727.496965
ssse3-sse4.1,standard,padded,96,8,174762,22085099,724.467613
ssse3-sse4.1,standard,padded,96,9,174762,22081211,724.595176
ssse3-sse4.1,standard,padded,96,10,174762,22061254,725.250657
ssse3-sse4.1,standard,padded,96,11,174762,22083817,724.509670
ssse3-sse4.1,standard,padded,96,12,174762,22245040,719.258719
ssse3-sse4.1,standard,padded,96,13,174762,22114905,723.491191
ssse3-sse4.1,standard,padded,96,14,174762,22076192,724.759912
avx2,standard,padded,96,0,174762,20905439,765.348145
avx2,standard,padded,96,1,174762,20199089,792.111910
avx2,standard,padded,96,2,174762,20205131,791.875042
avx2,standard,padded,96,3,174762,20193959,792.313135
avx2,standard,padded,96,4,174762,20188970,792.508928
avx2,standard,padded,96,5,174762,20190492,792.449187
avx2,standard,padded,96,6,174762,20179873,792.866187
avx2,standard,padded,96,7,174762,20189140,792.502254
avx2,standard,padded,96,8,174762,20210780,791.653710
avx2,standard,padded,96,9,174762,20219797,791.300673
avx2,standard,padded,96,10,174762,20240477,790.492189
avx2,standard,padded,96,11,174762,20245877,790.281348
avx2,standard,padded,96,12,174762,20208176,791.755721
avx2,standard,padded,96,13,174762,20229006,790.940443
avx2,standard,padded,96,14,174762,20221612,791.229649
avx512-vbmi,standard,padded,96,0,174762,20828804,768.164075
avx512-vbmi,standard,padded,96,1,174762,20820348,768.476058
avx512-vbmi,standard,padded,96,2,174762,20740247,771.443993
avx512-vbmi,standard,padded,96,3,174762,20802315,769.142231
avx512-vbmi,standard,padded,96,4,174762,20818464,768.545603
avx512-vbmi,standard,padded,96,5,174762,20799529,769.245254
avx512-vbmi,standard,padded,96,6,174762,20836990,767.862295
avx512-vbmi,standard,padded,96,7,174762,20809699,768.869313
avx512-vbmi,standard,padded,96,8,174762,20792676,769.498787
avx512-vbmi,standard,padded,96,9,174762,20794519,769.430587
avx512-vbmi,standard,padded,96,10,174762,20797425,769.323076
avx512-vbmi,standard,padded,96,11,174762,20778279,770.031963
avx512-vbmi,standard,padded,96,12,174762,21318967,750.502544
avx512-vbmi,standard,padded,96,13,174762,21990270,727.591747
avx512-vbmi,standard,padded,96,14,174762,21982987,727.832799
scalar,standard,padded,192,0,87381,50453204,317.124339
scalar,standard,padded,192,1,87381,50621049,316.072845
scalar,standard,padded,192,2,87381,50369877,317.648958
scalar,standard,padded,192,3,87381,50396697,317.479913
scalar,standard,padded,192,4,87381,50429389,317.274099
scalar,standard,padded,192,5,87381,50318981,317.970250
scalar,standard,padded,192,6,87381,50225024,318.565084
scalar,standard,padded,192,7,87381,50178086,318.863078
scalar,standard,padded,192,8,87381,50085091,319.455124
scalar,standard,padded,192,9,87381,50194045,318.761697
scalar,standard,padded,192,10,87381,50244250,318.443184
scalar,standard,padded,192,11,87381,50315794,317.990390
scalar,standard,padded,192,12,87381,50160753,318.973261
scalar,standard,padded,192,13,87381,50150574,319.038003
scalar,standard,padded,192,14,87381,50123313,319.211521
ssse3-sse4.1,standard,padded,192,0,87381,20409095,783.961218
ssse3-sse4.1,standard,padded,192,1,87381,20453107,782.274251
ssse3-sse4.1,standard,padded,192,2,87381,20402312,784.221855
ssse3-sse4.1,standard,padded,192,3,87381,20386332,784.836574
ssse3-sse4.1,standard,padded,192,4,87381,20375622,785.249106
ssse3-sse4.1,standard,padded,192,5,87381,20369500,785.485111
ssse3-sse4.1,standard,padded,192,6,87381,20381292,785.030653
ssse3-sse4.1,standard,padded,192,7,87381,20363749,785.706943
ssse3-sse4.1,standard,padded,192,8,87381,20380079,785.077377
ssse3-sse4.1,standard,padded,192,9,87381,20402071,784.231119
ssse3-sse4.1,standard,padded,192,10,87381,20391631,784.632625
ssse3-sse4.1,standard,padded,192,11,87381,20365302,785.647027
ssse3-sse4.1,standard,padded,192,12,87381,20374289,785.300482
ssse3-sse4.1,standard,padded,192,13,87381,20348369,786.300807
ssse3-sse4.1,standard,padded,192,14,87381,20349733,786.248103
avx2,standard,padded,192,0,87381,18640856,858.326408
avx2,standard,padded,192,1,87381,18646376,858.072312
avx2,standard,padded,192,2,87381,18647859,858.004072
avx2,standard,padded,192,3,87381,18667285,857.111196
avx2,standard,padded,192,4,87381,18690109,856.064508
avx2,standard,padded,192,5,87381,18734402,854.040549
avx2,standard,padded,192,6,87381,18768186,852.503218
avx2,standard,padded,192,7,87381,18779126,852.006582
avx2,standard,padded,192,8,87381,18753778,853.158172
avx2,standard,padded,192,9,87381,18735394,853.995329
avx2,standard,padded,192,10,87381,18697333,855.733754
avx2,standard,padded,192,11,87381,18693916,855.890171
avx2,standard,padded,192,12,87381,18714885,854.931193
avx2,standard,padded,192,13,87381,18681622,856.453415
avx2,standard,padded,192,14,87381,18711709,855.076304
avx512-vbmi,standard,padded,192,0,87381,18721528,854.627836
avx512-vbmi,standard,padded,192,1,87381,18724363,854.498440
avx512-vbmi,standard,padded,192,2,87381,18732278,854.137386
avx512-vbmi,standard,padded,192,3,87381,18727519,854.354438
avx512-vbmi,standard,padded,192,4,87381,18717029,854.833263
avx512-vbmi,standard,padded,192,5,87381,18746415,853.493266
avx512-vbmi,standard,padded,192,6,87381,18743479,853.626958
avx512-vbmi,standard,padded,192,7,87381,18784476,851.763923
avx512-vbmi,standard,padded,192,8,87381,18722159,854.599032
avx512-vbmi,standard,padded,192,9,87381,18708533,855.221463
avx512-vbmi,standard,padded,192,10,87381,18716238,854.869390
avx512-vbmi,standard,padded,192,11,87381,18722509,854.583056
avx512-vbmi,standard,padded,192,12,87381,18720446,854.677232
avx512-vbmi,standard,padded,192,13,87381,18779026,852.011119
avx512-vbmi,standard,padded,192,14,87381,18721107,854.647055
scalar,standard,padded,384,0,43690,50150523,319.034676
scalar,standard,padded,384,1,43690,50097494,319.372379
scalar,standard,padded,384,2,43690,50127761,319.179543
scalar,standard,padded,384,3,43690,50143721,319.077953
scalar,standard,padded,384,4,43690,50123924,319.203977
scalar,standard,padded,384,5,43690,50064783,319.581049
scalar,standard,padded,384,6,43690,50146687,319.059081
scalar,standard,padded,384,7,43690,50027512,319.819140
scalar,standard,padded,384,8,43690,50221607,318.583112
scalar,standard,padded,384,9,43690,50232437,318.514426
scalar,standard,padded,384,10,43690,50275930,318.238884
scalar,standard,padded,384,11,43690,50738330,315.338638
scalar,standard,padded,384,12,43690,51359369,311.525554
scalar,standard,padded,384,13,43690,51243471,312.230135
scalar,standard,padded,384,14,43690,51608658,310.020769
ssse3-sse4.1,standard,padded,384,0,43690,19665515,813.594552
ssse3-sse4.1,standard,padded,384,1,43690,20038396,798.454919
ssse3-sse4.1,standard,padded,384,2,43690,19841987,806.358550
ssse3-sse4.1,standard,padded,384,3,43690,19981450,800.730470
ssse3-sse4.1,standard,padded,384,4,43690,20028387,798.853940
ssse3-sse4.1,standard,padded,384,5,43690,19899955,804.009650
ssse3-sse4.1,standard,padded,384,6,43690,20163993,793.481522
ssse3-sse4.1,standard,padded,384,7,43690,20315328,787.570639
ssse3-sse4.1,standard,padded,384,8,43690,20903134,765.423781
ssse3-sse4.1,standard,padded,384,9,43690,20257068,789.835719
ssse3-sse4.1,standard,padded,384,10,43690,20073743,797.048954
ssse3-sse4.1,standard,padded,384,11,43690,20103008,795.888648
ssse3-sse4.1,standard,padded,384,12,43690,20507920,780.174482
ssse3-sse4.1,standard,padded,384,13,43690,20026213,798.940661
ssse3-sse4.1,standard,padded,384,14,43690,20104861,795.815294
avx2,standard,padded,384,0,43690,18587405,860.784809
avx2,standard,padded,384,1,43690,18458113,866.814276
avx2,standard,padded,384,2,43690,18589990,860.665114
avx2,standard,padded,384,3,43690,18608756,859.797176
avx2,standard,padded,384,4,43690,18576354,861.296886
avx2,standard,padded,384,5,43690,18872793,847.768312
avx2,standard,padded,384,6,43690,18791649,851.429050
avx2,standard,padded,384,7,43690,18321264,873.288866
avx2,standard,padded,384,8,43690,18124835,882.753187
avx2,standard,padded,384,9,43690,18073739,885.248805
avx2,standard,padded,384,10,43690,18034605,887.169742
avx2,standard,padded,384,11,43690,18082625,884.813784
avx2,standard,padded,384,12,43690,18087324,884.583914
avx2,standard,padded,384,13,43690,18431692,868.056815
avx2,standard,padded,384,14,43690,18039555,886.926305
avx512-vbmi,standard,padded,384,0,43690,18557880,862.154290
avx512-vbmi,standard,padded,384,1,43690,18130556,882.474639
avx512-vbmi,standard,padded,384,2,43690,18058489,885.996379
avx512-vbmi,standard,padded,384,3,43690,18042079,886.802228
avx512-vbmi,standard,padded,384,4,43690,18065313,885.661702
avx512-vbmi,standard,padded,384,5,43690,18032170,887.289542
avx512-vbmi,standard,padded,384,6,43690,18150643,881.498020
avx512-vbmi,standard,padded,384,7,43690,18246444,876.869809
avx512-vbmi,standard,padded,384,8,43690,18378212,870.582833
avx512-vbmi,standard,padded,384,9,43690,18256964,876.364540
avx512-vbmi,standard,padded,384,10,43690,18288312,874.862363
avx512-vbmi,standard,padded,384,11,43690,18408879,869.132545
avx512-vbmi,standard,padded,384,12,43690,18433767,867.959102
avx512-vbmi,standard,padded,384,13,43690,18176753,880.231792
avx512-vbmi,standard,padded,384,14,43690,18347344,872.047521
scalar,standard,padded,768,0,21845,51355923,311.546457
scalar,standard,padded,768,1,21845,51357125,311.539165
scalar,standard,padded,768,2,21845,51240936,312.245582
scalar,standard,padded,768,3,21845,51162068,312.726918
scalar,standard,padded,768,4,21845,51072980,313.272416
scalar,standard,padded,768,5,21845,51183468,312.596166
scalar,standard,padded,768,6,21845,51271223,312.061131
scalar,standard,padded,768,7,21845,51172066,312.665818
scalar,standard,padded,768,8,21845,51210980,312.428230
scalar,standard,padded,768,9,21845,51427737,311.111412
scalar,standard,padded,768,10,21845,55111712,290.314985
scalar,standard,padded,768,11,21845,51289447,311.950251
scalar,standard,padded,768,12,21845,51105441,313.073433
scalar,standard,padded,768,13,21845,51204167,312.469801
scalar,standard,padded,768,14,21845,50788274,315.028541
ssse3-sse4.1,standard,padded,768,0,21845,19460488,822.166220
ssse3-sse4.1,standard,padded,768,1,21845,19445190,822.813038
ssse3-sse4.1,standard,padded,768,2,21845,19428298,823.528436
ssse3-sse4.1,standard,padded,768,3,21845,19487329,821.033804
ssse3-sse4.1,standard,padded,768,4,21845,19421034,823.836458
ssse3-sse4.1,standard,padded,768,5,21845,19412719,824.189330
ssse3-sse4.1,standard,padded,768,6,21845,19406356,824.459567
ssse3-sse4.1,standard,padded,768,7,21845,19447965,822.695632
ssse3-sse4.1,standard,padded,768,8,21845,19556248,818.140364
ssse3-sse4.1,standard,padded,768,9,21845,19573161,817.433416
ssse3-sse4.1,standard,padded,768,10,21845,19495825,820.676009
ssse3-sse4.1,standard,padded,768,11,21845,19440161,823.025893
ssse3-sse4.1,standard,padded,768,12,21845,19400255,824.718843
ssse3-sse4.1,standard,padded,768,13,21845,19335123,827.496978
ssse3-sse4.1,standard,padded,768,14,21845,19327629,827.817828
avx2,standard,padded,768,0,21845,17983910,889.670592
avx2,standard,padded,768,1,21845,17986184,889.558111
avx2,standard,padded,768,2,21845,17977788,889.973553
avx2,standard,padded,768,3,21845,17986515,889.541741
avx2,standard,padded,768,4,21845,17981304,889.799531
avx2,standard,padded,768,5,21845,17865135,895.585500
avx2,standard,padded,768,6,21845,17811936,898.260350
avx2,standard,padded,768,7,21845,17824670,897.618630
avx2,standard,padded,768,8,21845,17843535,896.669626
avx2,standard,padded,768,9,21845,17906413,893.520989
avx2,standard,padded,768,10,21845,18015519,888.109627
avx2,standard,padded,768,11,21845,18036338,887.084499
avx2,standard,padded,768,12,21845,18126999,882.647804
avx2,standard,padded,768,13,21845,18823539,849.986597
avx2,standard,padded,768,14,21845,18344298,872.192322
avx512-vbmi,standard,padded,768,0,21845,17742715,901.764801
avx512-vbmi,standard,padded,768,1,21845,17454212,916.670192
avx512-vbmi,standard,padded,768,2,21845,17480963,915.267417
avx512-vbmi,standard,padded,768,3,21845,17479861,915.325120
avx512-vbmi,standard,padded,768,4,21845,17478137,915.415405
avx512-vbmi,standard,padded,768,5,21845,17475072,915.575962
avx512-vbmi,standard,padded,768,6,21845,17486754,914.964313
avx512-vbmi,standard,padded,768,7,21845,17473208,915.673634
avx512-vbmi,standard,padded,768,8,21845,17483998,915.108539
avx512-vbmi,standard,padded,768,9,21845,17496993,914.428888
avx512-vbmi,standard,padded,768,10,21845,17482727,915.175067
avx512-vbmi,standard,padded,768,11,21845,17472587,915.706178
avx512-vbmi,standard,padded,768,12,21845,17462448,916.237853
avx512-vbmi,standard,padded,768,13,21845,17451547,916.810175
avx512-vbmi,standard,padded,768,14,21845,17472978,915.685687
scalar,standard,padded,1024,0,16384,51214095,312.413995
scalar,standard,padded,1024,1,16384,51439169,311.047016
scalar,standard,padded,1024,2,16384,53487785,299.133718
scalar,standard,padded,1024,3,16384,51381210,311.397883
scalar,standard,padded,1024,4,16384,51122934,312.971083
scalar,standard,padded,1024,5,16384,51027595,313.555832
scalar,standard,padded,1024,6,16384,50997628,313.740082
scalar,standard,padded,1024,7,16384,50931574,314.146977
scalar,standard,padded,1024,8,16384,50886879,314.422899
scalar,standard,padded,1024,9,16384,51037543,313.494715
scalar,standard,padded,1024,10,16384,51160054,312.744001
scalar,standard,padded,1024,11,16384,50996766,313.745385
scalar,standard,padded,1024,12,16384,51144395,312.839755
scalar,standard,padded,1024,13,16384,51163601,312.722320
scalar,standard,padded,1024,14,16384,51209066,312.444675
ssse3-sse4.1,standard,padded,1024,0,16384,20520784,779.697306
ssse3-sse4.1,standard,padded,1024,1,16384,20464368,781.846769
ssse3-sse4.1,standard,padded,1024,2,16384,20497511,780.582579
ssse3-sse4.1,standard,padded,1024,3,16384,20490127,780.863877
ssse3-sse4.1,standard,padded,1024,4,16384,20508741,780.155154
ssse3-sse4.1,standard,padded,1024,5,16384,20518360,779.789418
ssse3-sse4.1,standard,padded,1024,6,16384,20443399,782.648717
ssse3-sse4.1,standard,padded,1024,7,16384,20455361,782.191035
ssse3-sse4.1,standard,padded,1024,8,16384,20477683,781.338397
ssse3-sse4.1,standard,padded,1024,9,16384,20454019,782.242355
ssse3-sse4.1,standard,padded,1024,10,16384,20487812,780.952109
ssse3-sse4.1,standard,padded,1024,11,16384,20550180,778.581988
ssse3-sse4.1,standard,padded,1024,12,16384,20560028,778.209057
ssse3-sse4.1,standard,padded,1024,13,16384,20502249,780.402189
ssse3-sse4.1,standard,padded,1024,14,16384,20531464,779.291725
avx2,standard,padded,1024,0,16384,19770462,809.288119
avx2,standard,padded,1024,1,16384,19746106,810.286342
avx2,standard,padded,1024,2,16384,19686705,812.731232
avx2,standard,padded,1024,3,16384,19716019,811.522854
avx2,standard,padded,1024,4,16384,19764411,809.535888
avx2,standard,padded,1024,5,16384,19768909,809.351695
avx2,standard,padded,1024,6,16384,20112045,795.543168
avx2,standard,padded,1024,7,16384,20251116,790.079915
avx2,standard,padded,1024,8,16384,19760483,809.696808
avx2,standard,padded,1024,9,16384,19758539,809.776472
avx2,standard,padded,1024,10,16384,19636711,814.800401
avx2,standard,padded,1024,11,16384,19648352,814.317659
avx2,standard,padded,1024,12,16384,19618886,815.540699
avx2,standard,padded,1024,13,16384,19613266,815.774385
avx2,standard,padded,1024,14,16384,19596935,816.454206
avx512-vbmi,standard,padded,1024,0,16384,19198325,833.406039
avx512-vbmi,standard,padded,1024,1,16384,19255844,830.916578
avx512-vbmi,standard,padded,1024,2,16384,19200951,833.292059
avx512-vbmi,standard,padded,1024,3,16384,19185180,833.977059
avx512-vbmi,standard,padded,1024,4,16384,19167137,834.762124
avx512-vbmi,standard,padded,1024,5,16384,19186714,833.910382
avx512-vbmi,standard,padded,1024,6,16384,19283455,829.726831
avx512-vbmi,standard,padded,1024,7,16384,19250734,831.137140
avx512-vbmi,standard,padded,1024,8,16384,19160965,835.031012
avx512-vbmi,standard,padded,1024,9,16384,19361753,826.371455
avx512-vbmi,standard,padded,1024,10,16384,19289026,829.487191
avx512-vbmi,standard,padded,1024,11,16384,19231678,831.960685
avx512-vbmi,standard,padded,1024,12,16384,19256605,830.883741
avx512-vbmi,standard,padded,1024,13,16384,19256154,830.903201
avx512-vbmi,standard,padded,1024,14,16384,19248590,831.229716
scalar,standard,padded,1536,0,10922,50209054,318.648175
scalar,standard,padded,1536,1,10922,50269468,318.265223
scalar,standard,padded,1536,2,10922,50103686,319.318292
scalar,standard,padded,1536,3,10922,49865507,320.843493
scalar,standard,padded,1536,4,10922,50232187,318.501431
scalar,standard,padded,1536,5,10922,49927634,320.444254
scalar,standard,padded,1536,6,10922,49721826,321.770633
scalar,standard,padded,1536,7,10922,49695507,321.941045
scalar,standard,padded,1536,8,10922,49908949,320.564223
scalar,standard,padded,1536,9,10922,49894151,320.659298
scalar,standard,padded,1536,10,10922,49810554,321.197460
scalar,standard,padded,1536,11,10922,49832125,321.058422
scalar,standard,padded,1536,12,10922,50296418,318.094689
scalar,standard,padded,1536,13,10922,50775670,315.092316
scalar,standard,padded,1536,14,10922,49801567,321.255422
ssse3-sse4.1,standard,padded,1536,0,10922,19209386,832.875316
ssse3-sse4.1,standard,padded,1536,1,10922,18920011,845.613855
ssse3-sse4.1,standard,padded,1536,2,10922,18906536,846.216538
ssse3-sse4.1,standard,padded,1536,3,10922,18918940,845.661725
ssse3-sse4.1,standard,padded,1536,4,10922,18916695,845.762087
ssse3-sse4.1,standard,padded,1536,5,10922,18902078,846.416116
ssse3-sse4.1,standard,padded,1536,6,10922,18924099,845.431185
ssse3-sse4.1,standard,padded,1536,7,10922,18921955,845.526978
ssse3-sse4.1,standard,padded,1536,8,10922,18900234,846.498696
ssse3-sse4.1,standard,padded,1536,9,10922,18865238,848.068995
ssse3-sse4.1,standard,padded,1536,10,10922,18973202,843.243193
ssse3-sse4.1,standard,padded,1536,11,10922,18853406,848.601226
ssse3-sse4.1,standard,padded,1536,12,10922,18853807,848.583177
ssse3-sse4.1,standard,padded,1536,13,10922,18880477,847.384493
ssse3-sse4.1,standard,padded,1536,14,10922,18881198,847.352135
avx2,standard,padded,1536,0,10922,17643809,906.778317
avx2,standard,padded,1536,1,10922,17630324,907.471890
avx2,standard,padded,1536,2,10922,17630354,907.470346
avx2,standard,padded,1536,3,10922,17643559,906.791166
avx2,standard,padded,1536,4,10922,17692201,904.298082
avx2,standard,padded,1536,5,10922,17547318,911.764603
avx2,standard,padded,1536,6,10922,17530246,912.652534
avx2,standard,padded,1536,7,10922,17506130,913.909781
avx2,standard,padded,1536,8,10922,17506390,913.896208
avx2,standard,padded,1536,9,10922,17603974,908.830213
avx2,standard,padded,1536,10,10922,17603724,908.843120
avx2,standard,padded,1536,11,10922,17622288,907.885709
avx2,standard,padded,1536,12,10922,17644290,906.753598
avx2,standard,padded,1536,13,10922,17654099,906.249786
avx2,standard,padded,1536,14,10922,17726285,902.559303
avx512-vbmi,standard,padded,1536,0,10922,17278442,925.952898
avx512-vbmi,standard,padded,1536,1,10922,17404389,919.252232
avx512-vbmi,standard,padded,1536,2,10922,17417554,918.557418
avx512-vbmi,standard,padded,1536,3,10922,17248114,927.581035
avx512-vbmi,standard,padded,1536,4,10922,17246923,927.645090
avx512-vbmi,standard,padded,1536,5,10922,17241872,927.916843
avx512-vbmi,standard,padded,1536,6,10922,17227015,928.717101
avx512-vbmi,standard,padded,1536,7,10922,17222837,928.942394
avx512-vbmi,standard,padded,1536,8,10922,17239167,928.062443
avx512-vbmi,standard,padded,1536,9,10922,17223258,928.919687
avx512-vbmi,standard,padded,1536,10,10922,17542579,912.010910
avx512-vbmi,standard,padded,1536,11,10922,17296626,924.979440
avx512-vbmi,standard,padded,1536,12,10922,17156993,932.507429
avx512-vbmi,standard,padded,1536,13,10922,17122128,934.406251
avx512-vbmi,standard,padded,1536,14,10922,17136494,933.622912
scalar,standard,padded,3072,0,5461,49520187,323.080836
scalar,standard,padded,3072,1,5461,49437812,323.619165
scalar,standard,padded,3072,2,5461,49430679,323.665864
scalar,standard,padded,3072,3,5461,49439766,323.606375
scalar,standard,padded,3072,4,5461,49556837,322.841900
scalar,standard,padded,3072,5,5461,49436700,323.626444
scalar,standard,padded,3072,6,5461,49460295,323.472058
scalar,standard,padded,3072,7,5461,49430338,323.668097
scalar,standard,padded,3072,8,5461,49429056,323.676492
scalar,standard,padded,3072,9,5461,49405431,323.831269
scalar,standard,padded,3072,10,5461,49443793,323.580018
scalar,standard,padded,3072,11,5461,49460274,323.472196
scalar,standard,padded,3072,12,5461,49438233,323.616409
scalar,standard,padded,3072,13,5461,49843586,320.984598
scalar,standard,padded,3072,14,5461,50031469,319.779206
ssse3-sse4.1,standard,padded,3072,0,5461,19283295,829.683072
ssse3-sse4.1,standard,padded,3072,1,5461,24555228,651.552632
ssse3-sse4.1,standard,padded,3072,2,5461,19257246,830.805373
ssse3-sse4.1,standard,padded,3072,3,5461,19447193,822.690629
ssse3-sse4.1,standard,padded,3072,4,5461,18796039,851.191224
ssse3-sse4.1,standard,padded,3072,5,5461,18705868,855.294362
ssse3-sse4.1,standard,padded,3072,6,5461,18742187,853.636955
ssse3-sse4.1,standard,padded,3072,7,5461,18715016,854.876290
ssse3-sse4.1,standard,padded,3072,8,5461,19253919,830.948932
ssse3-sse4.1,standard,padded,3072,9,5461,21803048,733.797561
ssse3-sse4.1,standard,padded,3072,10,5461,18750833,853.243343
ssse3-sse4.1,standard,padded,3072,11,5461,19079682,838.537217
ssse3-sse4.1,standard,padded,3072,12,5461,18835102,849.425898
ssse3-sse4.1,standard,padded,3072,13,5461,19309355,828.563328
ssse3-sse4.1,standard,padded,3072,14,5461,19027714,840.827408
avx2,standard,padded,3072,0,5461,17607792,908.633146
avx2,standard,padded,3072,1,5461,17759898,900.851088
avx2,standard,padded,3072,2,5461,17816875,897.970235
avx2,standard,padded,3072,3,5461,17804151,898.611983
avx2,standard,padded,3072,4,5461,17793531,899.148316
avx2,standard,padded,3072,5,5461,17747856,901.462320
avx2,standard,padded,3072,6,5461,17735422,902.094319
avx2,standard,padded,3072,7,5461,17871277,895.236722
avx2,standard,padded,3072,8,5461,17875937,895.003347
avx2,standard,padded,3072,9,5461,17872058,895.197600
avx2,standard,padded,3072,10,5461,17870716,895.264825
avx2,standard,padded,3072,11,5461,17983599,889.645251
avx2,standard,padded,3072,12,5461,17872560,895.172456
avx2,standard,padded,3072,13,5461,17750079,901.349421
avx2,standard,padded,3072,14,5461,17793411,899.154380
avx512-vbmi,standard,padded,3072,0,5461,17340849,922.620538
avx512-vbmi,standard,padded,3072,1,5461,17452119,916.738159
avx512-vbmi,standard,padded,3072,2,5461,17441659,917.287939
avx512-vbmi,standard,padded,3072,3,5461,17384631,920.296982
avx512-vbmi,standard,padded,3072,4,5461,17400230,919.471952
avx512-vbmi,standard,padded,3072,5,5461,17392065,919.903613
avx512-vbmi,standard,padded,3072,6,5461,17497644,914.353009
avx512-vbmi,standard,padded,3072,7,5461,17712298,903.272034
avx512-vbmi,standard,padded,3072,8,5461,17438283,917.465523
avx512-vbmi,standard,padded,3072,9,5461,17344426,922.430263
avx512-vbmi,standard,padded,3072,10,5461,17257292,927.087717
avx512-vbmi,standard,padded,3072,11,5461,17465594,916.030880
avx512-vbmi,standard,padded,3072,12,5461,17574589,910.349792
avx512-vbmi,standard,padded,3072,13,5461,17443092,917.212581
avx512-vbmi,standard,padded,3072,14,5461,17360056,921.599760
scalar,standard,padded,4096,0,4096,51522546,310.543660
scalar,standard,padded,4096,1,4096,51565568,310.284568
scalar,standard,padded,4096,2,4096,51788757,308.947365
scalar,standard,padded,4096,3,4096,51529108,310.504114
scalar,standard,padded,4096,4,4096,51525782,310.524157
scalar,standard,padded,4096,5,4096,51526063,310.522463
scalar,standard,padded,4096,6,4096,51084773,313.204876
scalar,standard,padded,4096,7,4096,51172368,312.668743
scalar,standard,padded,4096,8,4096,50994713,313.758016
scalar,standard,padded,4096,9,4096,50908461,314.289603
scalar,standard,padded,4096,10,4096,50734914,315.364682
scalar,standard,padded,4096,11,4096,50592396,316.253059
scalar,standard,padded,4096,12,4096,50568821,316.400495
scalar,standard,padded,4096,13,4096,50596934,316.224695
scalar,standard,padded,4096,14,4096,50585362,316.297035
ssse3-sse4.1,standard,padded,4096,0,4096,19750254,810.116164
ssse3-sse4.1,standard,padded,4096,1,4096,19807141,807.789474
ssse3-sse4.1,standard,padded,4096,2,4096,19831186,806.810042
ssse3-sse4.1,standard,padded,4096,3,4096,19855652,805.815896
ssse3-sse4.1,standard,padded,4096,4,4096,19853479,805.904094
ssse3-sse4.1,standard,padded,4096,5,4096,19848950,806.087979
ssse3-sse4.1,standard,padded,4096,6,4096,19846476,806.188464
ssse3-sse4.1,standard,padded,4096,7,4096,19839522,806.471043
ssse3-sse4.1,standard,padded,4096,8,4096,19856774,805.770363
ssse3-sse4.1,standard,padded,4096,9,4096,19856154,805.795523
ssse3-sse4.1,standard,padded,4096,10,4096,19875830,804.997829
ssse3-sse4.1,standard,padded,4096,11,4096,19806049,807.834011
ssse3-sse4.1,standard,padded,4096,12,4096,19822941,807.145620
ssse3-sse4.1,standard,padded,4096,13,4096,19817672,807.360219
ssse3-sse4.1,standard,padded,4096,14,4096,19876081,804.987663
avx2,standard,padded,4096,0,4096,18737769,853.890343
avx2,standard,padded,4096,1,4096,18712701,855.034236
avx2,standard,padded,4096,2,4096,18733691,854.076220
avx2,standard,padded,4096,3,4096,18704415,855.413013
avx2,standard,padded,4096,4,4096,18716017,854.882746
avx2,standard,padded,4096,5,4096,18722359,854.593163
avx2,standard,padded,4096,6,4096,18701540,855.544517
avx2,standard,padded,4096,7,4096,18688546,856.139370
avx2,standard,padded,4096,8,4096,18724414,854.499372
avx2,standard,padded,4096,9,4096,18694687,855.858138
avx2,standard,padded,4096,10,4096,18693084,855.931531
avx2,standard,padded,4096,11,4096,18679780,856.541137
avx2,standard,padded,4096,12,4096,18670352,856.973666
avx2,standard,padded,4096,13,4096,18687914,856.168324
avx2,standard,padded,4096,14,4096,18685269,856.289519
avx512-vbmi,standard,padded,4096,0,4096,18261992,876.136623
avx512-vbmi,standard,padded,4096,1,4096,18258636,876.297660
avx512-vbmi,standard,padded,4096,2,4096,18362523,871.339957
avx512-vbmi,standard,padded,4096,3,4096,18282191,875.168627
avx512-vbmi,standard,padded,4096,4,4096,18245101,876.947735
avx512-vbmi,standard,padded,4096,5,4096,18257875,876.334185
avx512-vbmi,standard,padded,4096,6,4096,18260841,876.191847
avx512-vbmi,standard,padded,4096,7,4096,18232377,877.559739
avx512-vbmi,standard,padded,4096,8,4096,18211568,878.562461
avx512-vbmi,standard,padded,4096,9,4096,18258026,876.326937
avx512-vbmi,standard,padded,4096,10,4096,18249750,876.724339
avx512-vbmi,standard,padded,4096,11,4096,18207831,878.742778
avx512-vbmi,standard,padded,4096,12,4096,18200857,879.079485
avx512-vbmi,standard,padded,4096,13,4096,18186872,879.755463
avx512-vbmi,standard,padded,4096,14,4096,18175690,880.296704
scalar,standard,padded,8192,0,2048,50536059,316.605614
scalar,standard,padded,8192,1,2048,50884536,314.437376
scalar,standard,padded,8192,2,2048,51129346,312.931834
scalar,standard,padded,8192,3,2048,50596373,316.228201
scalar,standard,padded,8192,4,2048,50588348,316.278365
scalar,standard,padded,8192,5,2048,50593287,316.247490
scalar,standard,padded,8192,6,2048,50528375,316.653761
scalar,standard,padded,8192,7,2048,50429569,317.274177
scalar,standard,padded,8192,8,2048,50407658,317.412088
scalar,standard,padded,8192,9,2048,50790418,315.020050
scalar,standard,padded,8192,10,2048,50865530,314.554867
scalar,standard,padded,8192,11,2048,50548854,316.525475
scalar,standard,padded,8192,12,2048,50584400,316.303050
scalar,standard,padded,8192,13,2048,50464766,317.052892
scalar,standard,padded,8192,14,2048,50547531,316.533759
ssse3-sse4.1,standard,padded,8192,0,2048,19580405,817.143466
ssse3-sse4.1,standard,padded,8192,1,2048,19644215,814.489151
ssse3-sse4.1,standard,padded,8192,2,2048,19535831,819.007904
ssse3-sse4.1,standard,padded,8192,3,2048,19623355,815.354969
ssse3-sse4.1,standard,padded,8192,4,2048,19616913,815.622723
ssse3-sse4.1,standard,padded,8192,5,2048,19591716,816.671699
ssse3-sse4.1,standard,padded,8192,6,2048,19579002,817.202021
ssse3-sse4.1,standard,padded,8192,7,2048,19597547,816.428709
ssse3-sse4.1,standard,padded,8192,8,2048,19789989,808.489585
ssse3-sse4.1,standard,padded,8192,9,2048,19887041,804.544024
ssse3-sse4.1,standard,padded,8192,10,2048,19671075,813.377002
ssse3-sse4.1,standard,padded,8192,11,2048,19648513,814.310986
ssse3-sse4.1,standard,padded,8192,12,2048,19684791,812.810255
ssse3-sse4.1,standard,padded,8192,13,2048,19665725,813.598278
ssse3-sse4.1,standard,padded,8192,14,2048,19678729,813.060640
avx2,standard,padded,8192,0,2048,18536029,863.183803
avx2,standard,padded,8192,1,2048,18463832,866.559011
avx2,standard,padded,8192,2,2048,18495793,865.061585
avx2,standard,padded,8192,3,2048,18577146,861.273309
avx2,standard,padded,8192,4,2048,18511463,864.329308
avx2,standard,padded,8192,5,2048,18473942,866.084780
avx2,standard,padded,8192,6,2048,18515890,864.122654
avx2,standard,padded,8192,7,2048,18582146,861.041561
avx2,standard,padded,8192,8,2048,18473851,866.089047
avx2,standard,padded,8192,9,2048,18483309,865.645865
avx2,standard,padded,8192,10,2048,18498258,864.946310
avx2,standard,padded,8192,11,2048,18451018,867.160825
avx2,standard,padded,8192,12,2048,18453163,867.060027
avx2,standard,padded,8192,13,2048,18494881,865.104242
avx2,standard,padded,8192,14,2048,18575723,861.339287
avx512-vbmi,standard,padded,8192,0,2048,18394021,869.847871
avx512-vbmi,standard,padded,8192,1,2048,18373233,870.832041
avx512-vbmi,standard,padded,8192,2,2048,18278363,875.351912
avx512-vbmi,standard,padded,8192,3,2048,18368473,871.057708
avx512-vbmi,standard,padded,8192,4,2048,18325513,873.099705
avx512-vbmi,standard,padded,8192,5,2048,18254018,876.519350
avx512-vbmi,standard,padded,8192,6,2048,18344688,872.187088
avx512-vbmi,standard,padded,8192,7,2048,18417545,868.736848
avx512-vbmi,standard,padded,8192,8,2048,18433656,867.977573
avx512-vbmi,standard,padded,8192,9,2048,18264447,876.018858
avx512-vbmi,standard,padded,8192,10,2048,18470866,866.229012
avx512-vbmi,standard,padded,8192,11,2048,18415582,868.829451
avx512-vbmi,standard,padded,8192,12,2048,18782202,851.870297
avx512-vbmi,standard,padded,8192,13,2048,18473100,866.124256
avx512-vbmi,standard,padded,8192,14,2048,18457130,866.873669
scalar,standard,padded,16384,0,1024,51598910,310.084070
scalar,standard,padded,16384,1,1024,51521955,310.547222
scalar,standard,padded,16384,2,1024,51826809,308.720531
scalar,standard,padded,16384,3,1024,51309365,311.833912
scalar,standard,padded,16384,4,1024,51667099,309.674828
scalar,standard,padded,16384,5,1024,50948586,314.042082
scalar,standard,padded,16384,6,1024,50756955,315.227736
scalar,standard,padded,16384,7,1024,50650454,315.890555
scalar,standard,padded,16384,8,1024,50646838,315.913108
scalar,standard,padded,16384,9,1024,50669200,315.773685
scalar,standard,padded,16384,10,1024,50690370,315.641807
scalar,standard,padded,16384,11,1024,50667517,315.784174
scalar,standard,padded,16384,12,1024,50656426,315.853313
scalar,standard,padded,16384,13,1024,50641688,315.945235
scalar,standard,padded,16384,14,1024,50621010,316.074294
ssse3-sse4.1,standard,padded,16384,0,1024,19651227,814.198523
ssse3-sse4.1,standard,padded,16384,1,1024,19633295,814.942168
ssse3-sse4.1,standard,padded,16384,2,1024,19656808,813.967354
ssse3-sse4.1,standard,padded,16384,3,1024,19650005,814.249157
ssse3-sse4.1,standard,padded,16384,4,1024,19641449,814.603851
ssse3-sse4.1,standard,padded,16384,5,1024,20118287,795.296339
ssse3-sse4.1,standard,padded,16384,6,1024,19587247,816.858030
ssse3-sse4.1,standard,padded,16384,7,1024,19563182,817.862861
ssse3-sse4.1,standard,padded,16384,8,1024,19537544,818.936096
ssse3-sse4.1,standard,padded,16384,9,1024,19567831,817.668550
ssse3-sse4.1,standard,padded,16384,10,1024,19527365,819.362981
ssse3-sse4.1,standard,padded,16384,11,1024,19510613,820.066494
ssse3-sse4.1,standard,padded,16384,12,1024,19515923,819.843366
ssse3-sse4.1,standard,padded,16384,13,1024,19548734,818.467324
ssse3-sse4.1,standard,padded,16384,14,1024,20123507,795.090041
avx2,standard,padded,16384,0,1024,18363634,871.287241
avx2,standard,padded,16384,1,1024,18278484,875.346117
avx2,standard,padded,16384,2,1024,18348366,872.012254
avx2,standard,padded,16384,3,1024,18278524,875.344202
avx2,standard,padded,16384,4,1024,18345961,872.126568
avx2,standard,padded,16384,5,1024,18294975,874.557085
avx2,standard,padded,16384,6,1024,18407627,869.204923
avx2,standard,padded,16384,7,1024,18415031,868.855447
avx2,standard,padded,16384,8,1024,18394091,869.844560
avx2,standard,padded,16384,9,1024,18445578,867.416570
avx2,standard,padded,16384,10,1024,18381879,870.422442
avx2,standard,padded,16384,11,1024,18451600,867.133474
avx2,standard,padded,16384,12,1024,18386928,870.183426
avx2,standard,padded,16384,13,1024,18453413,867.048280
avx2,standard,padded,16384,14,1024,18387629,870.150252
avx512-vbmi,standard,padded,16384,0,1024,18200287,879.107016
avx512-vbmi,standard,padded,16384,1,1024,18015008,888.148371
avx512-vbmi,standard,padded,16384,2,1024,18107292,883.621913
avx512-vbmi,standard,padded,16384,3,1024,18465907,866.461637
avx512-vbmi,standard,padded,16384,4,1024,17883160,894.696463
avx512-vbmi,standard,padded,16384,5,1024,18074550,885.222592
avx512-vbmi,standard,padded,16384,6,1024,17859145,895.899552
avx512-vbmi,standard,padded,16384,7,1024,17995611,889.105682
avx512-vbmi,standard,padded,16384,8,1024,18202200,879.014625
avx512-vbmi,standard,padded,16384,9,1024,18361290,871.398469
avx512-vbmi,standard,padded,16384,10,1024,17953042,891.213868
avx512-vbmi,standard,padded,16384,11,1024,18077025,885.101393
avx512-vbmi,standard,padded,16384,12,1024,17992626,889.253186
avx512-vbmi,standard,padded,16384,13,1024,18097554,884.097376
avx512-vbmi,standard,padded,16384,14,1024,18178215,880.174429
scalar,standard,padded,65536,0,256,50532022,316.630908
scalar,standard,padded,65536,1,256,51203315,312.479768
scalar,standard,padded,65536,2,256,51013177,313.644453
scalar,standard,padded,65536,3,256,50882882,314.447598
scalar,standard,padded,65536,4,256,50664962,315.800099
scalar,standard,padded,65536,5,256,50571226,316.385448
scalar,standard,padded,65536,6,256,50637881,315.968988
scalar,standard,padded,65536,7,256,50554043,316.492986
scalar,standard,padded,65536,8,256,50491345,316.885993
scalar,standard,padded,65536,9,256,51140137,312.865802
scalar,standard,padded,65536,10,256,50592987,316.249365
scalar,standard,padded,65536,11,256,51515994,310.583156
scalar,standard,padded,65536,12,256,51834693,308.673575
scalar,standard,padded,65536,13,256,51747770,309.192068
scalar,standard,padded,65536,14,256,52031564,307.505652
ssse3-sse4.1,standard,padded,65536,0,256,20173841,793.106281
ssse3-sse4.1,standard,padded,65536,1,256,20233413,790.771186
ssse3-sse4.1,standard,padded,65536,2,256,20336888,786.747707
ssse3-sse4.1,standard,padded,65536,3,256,19904244,803.848667
ssse3-sse4.1,standard,padded,65536,4,256,20221521,791.236228
ssse3-sse4.1,standard,padded,65536,5,256,20426046,783.313618
ssse3-sse4.1,standard,padded,65536,6,256,20221802,791.225233
ssse3-sse4.1,standard,padded,65536,7,256,20046341,798.150645
ssse3-sse4.1,standard,padded,65536,8,256,20022627,799.095943
ssse3-sse4.1,standard,padded,65536,9,256,19972242,801.111863
ssse3-sse4.1,standard,padded,65536,10,256,20085205,796.606258
ssse3-sse4.1,standard,padded,65536,11,256,20309326,787.815411
ssse3-sse4.1,standard,padded,65536,12,256,20126702,794.963825
ssse3-sse4.1,standard,padded,65536,13,256,19908332,803.683603
ssse3-sse4.1,standard,padded,65536,14,256,19800729,808.051057
avx2,standard,padded,65536,0,256,18815675,850.354824
avx2,standard,padded,65536,1,256,18718843,854.753683
avx2,standard,padded,65536,2,256,18753508,853.173710
avx2,standard,padded,65536,3,256,18699146,855.654050
avx2,standard,padded,65536,4,256,18759980,852.879374
avx2,standard,padded,65536,5,256,18801879,850.978777
avx2,standard,padded,65536,6,256,18759330,852.908926
avx2,standard,padded,65536,7,256,18783054,851.831656
avx2,standard,padded,65536,8,256,18735364,853.999954
avx2,standard,padded,65536,9,256,18928447,845.288575
avx2,standard,padded,65536,10,256,18780569,851.944369
avx2,standard,padded,65536,11,256,18763066,852.739099
avx2,standard,padded,65536,12,256,18735574,853.990382
avx2,standard,padded,65536,13,256,18671544,856.918956
avx2,standard,padded,65536,14,256,18782122,851.873926
avx512-vbmi,standard,padded,65536,0,256,18227137,877.812023
avx512-vbmi,standard,padded,65536,1,256,18341112,872.357140
avx512-vbmi,standard,padded,65536,2,256,18316476,873.530476
avx512-vbmi,standard,padded,65536,3,256,18604577,860.003428
avx512-vbmi,standard,padded,65536,4,256,18142097,881.926714
avx512-vbmi,standard,padded,65536,5,256,17898558,893.926762
avx512-vbmi,standard,padded,65536,6,256,18106020,883.683990
avx512-vbmi,standard,padded,65536,7,256,19040037,840.334501
avx512-vbmi,standard,padded,65536,8,256,18210125,878.632080
avx512-vbmi,standard,padded,65536,9,256,17981675,889.794749
avx512-vbmi,standard,padded,65536,10,256,17885784,894.565203
avx512-vbmi,standard,padded,65536,11,256,17830511,897.338276
avx512-vbmi,standard,padded,65536,12,256,17845089,896.605223
avx512-vbmi,standard,padded,65536,13,256,18074149,885.242232
avx512-vbmi,standard,padded,65536,14,256,18408489,869.164221
scalar,standard,unpadded,12,0,1398101,58900302,271.645402
scalar,standard,unpadded,12,1,1398101,58657626,272.769242
scalar,standard,unpadded,12,2,1398101,58649971,272.804844
scalar,standard,unpadded,12,3,1398101,63443003,252.194812
scalar,standard,unpadded,12,4,1398101,58821465,272.009481
scalar,standard,unpadded,12,5,1398101,58853605,271.860937
scalar,standard,unpadded,12,6,1398101,58874113,271.766238
scalar,standard,unpadded,12,7,1398101,58931351,271.502280
scalar,standard,unpadded,12,8,1398101,58912886,271.587377
scalar,standard,unpadded,12,9,1398101,59065253,270.886780
scalar,standard,unpadded,12,10,1398101,59142128,270.534672
scalar,standard,unpadded,12,11,1398101,58467238,273.657466
scalar,standard,unpadded,12,12,1398101,58635444,272.872432
scalar,standard,unpadded,12,13,1398101,58605268,273.012934
scalar,standard,unpadded,12,14,1398101,59313761,269.751840
ssse3-sse4.1,standard,unpadded,12,0,1398101,41116740,389.135816
ssse3-sse4.1,standard,unpadded,12,1,1398101,40788332,392.268950
ssse3-sse4.1,standard,unpadded,12,2,1398101,41525720,385.303282
ssse3-sse4.1,standard,unpadded,12,3,1398101,41074400,389.536942
ssse3-sse4.1,standard,unpadded,12,4,1398101,40831383,391.855358
ssse3-sse4.1,standard,unpadded,12,5,1398101,40408217,395.958975
ssse3-sse4.1,standard,unpadded,12,6,1398101,40557157,394.504876
ssse3-sse4.1,standard,unpadded,12,7,1398101,40659320,393.513620
ssse3-sse4.1,standard,unpadded,12,8,1398101,40493978,395.120385
ssse3-sse4.1,standard,unpadded,12,9,1398101,40445056,395.598319
ssse3-sse4.1,standard,unpadded,12,10,1398101,40722798,392.900217
ssse3-sse4.1,standard,unpadded,12,11,1398101,40455435,395.496827
ssse3-sse4.1,standard,unpadded,12,12,1398101,40909019,391.111705
ssse3-sse4.1,standard,unpadded,12,13,1398101,40262503,397.391990
ssse3-sse4.1,standard,unpadded,12,14,1398101,41394603,386.523726
scalar,standard,unpadded,24,0,699050,56158351,284.908379
scalar,standard,unpadded,24,1,699050,56274570,284.319982
scalar,standard,unpadded,24,2,699050,56111173,285.147928
scalar,standard,unpadded,24,3,699050,56042053,285.499618
scalar,standard,unpadded,24,4,699050,55954307,285.947331
scalar,standard,unpadded,24,5,699050,55930112,286.071030
scalar,standard,unpadded,24,6,699050,56054978,285.433789
scalar,standard,unpadded,24,7,699050,56196493,284.715004
scalar,standard,unpadded,24,8,699050,56126742,285.068831
scalar,standard,unpadded,24,9,699050,55944259,285.998689
scalar,standard,unpadded,24,10,699050,56133625,285.033877
scalar,standard,unpadded,24,11,699050,56053224,285.442720
scalar,standard,unpadded,24,12,699050,56057201,285.422469
scalar,standard,unpadded,24,13,699050,56010213,285.661916
scalar,standard,unpadded,24,14,699050,56201263,284.690839
ssse3-sse4.1,standard,unpadded,24,0,699050,26287959,608.643096
ssse3-sse4.1,standard,unpadded,24,1,699050,26143788,611.999483
ssse3-sse4.1,standard,unpadded,24,2,699050,26175117,611.266981
ssse3-sse4.1,standard,unpadded,24,3,699050,26245239,609.633798
ssse3-sse4.1,standard,unpadded,24,4,699050,26114934,612.675672
ssse3-sse4.1,standard,unpadded,24,5,699050,26241752,609.714806
ssse3-sse4.1,standard,unpadded,24,6,699050,26193642,610.834673
ssse3-sse4.1,standard,unpadded,24,7,699050,26000338,615.376029
ssse3-sse4.1,standard,unpadded,24,8,699050,26051955,614.156778
ssse3-sse4.1,standard,unpadded,24,9,699050,26127146,612.389303
ssse3-sse4.1,standard,unpadded,24,10,699050,26026006,614.769118
ssse3-sse4.1,standard,unpadded,24,11,699050,26106347,612.877196
ssse3-sse4.1,standard,unpadded,24,12,699050,26132396,612.266274
ssse3-sse4.1,standard,unpadded,24,13,699050,26195235,610.797526
ssse3-sse4.1,standard,unpadded,24,14,699050,26227876,610.037379
avx2,standard,unpadded,24,0,699050,25666780,623.373276
avx2,standard,unpadded,24,1,699050,25580578,625.473933
avx2,standard,unpadded,24,2,699050,25422109,629.372832
avx2,standard,unpadded,24,3,699050,25590196,625.238851
avx2,standard,unpadded,24,4,699050,25569186,625.752605
avx2,standard,unpadded,24,5,699050,25610153,624.751626
avx2,standard,unpadded,24,6,699050,25635721,624.128525
avx2,standard,unpadded,24,7,699050,25537567,626.527372
avx2,standard,unpadded,24,8,699050,25632265,624.212677
avx2,standard,unpadded,24,9,699050,25529392,626.727998
avx2,standard,unpadded,24,10,699050,25562164,625.924501
avx2,standard,unpadded,24,11,699050,25549159,626.243108
avx2,standard,unpadded,24,12,699050,25527809,626.766862
avx2,standard,unpadded,24,13,699050,25797998,620.202573
avx2,standard,unpadded,24,14,699050,25598030,625.047503
scalar,standard,unpadded,48,0,349525,55241225,289.638485
scalar,standard,unpadded,48,1,349525,55195008,289.881011
scalar,standard,unpadded,48,2,349525,55152779,290.102965
scalar,standard,unpadded,48,3,349525,55117803,290.287056
scalar,standard,unpadded,48,4,349525,55093417,290.415545
scalar,standard,unpadded,48,5,349525,55136889,290.186571
scalar,standard,unpadded,48,6,349525,55080453,290.483899
scalar,standard,unpadded,48,7,349525,55055175,290.617272
scalar,standard,unpadded,48,8,349525,55191222,289.900897
scalar,standard,unpadded,48,9,349525,55069021,290.544202
scalar,standard,unpadded,48,10,349525,54994772,290.936468
scalar,standard,unpadded,48,11,349525,55049865,290.645304
scalar,standard,unpadded,48,12,349525,54907798,291.397312
scalar,standard,unpadded,48,13,349525,54937614,291.239163
scalar,standard,unpadded,48,14,349525,54916454,291.351382
ssse3-sse4.1,standard,unpadded,48,0,349525,19145276,835.714499
ssse3-sse4.1,standard,unpadded,48,1,349525,19162918,834.945113
ssse3-sse4.1,standard,unpadded,48,2,349525,19122202,836.722922
ssse3-sse4.1,standard,unpadded,48,3,349525,19177346,834.316946
ssse3-sse4.1,standard,unpadded,48,4,349525,19154193,835.325442
ssse3-sse4.1,standard,unpadded,48,5,349525,19144704,835.739468
ssse3-sse4.1,standard,unpadded,48,6,349525,19193416,833.618400
ssse3-sse4.1,standard,unpadded,48,7,349525,19306188,828.749038
ssse3-sse4.1,standard,unpadded,48,8,349525,19142771,835.823860
ssse3-sse4.1,standard,unpadded,48,9,349525,19375149,825.799313
ssse3-sse4.1,standard,unpadded,48,10,349525,19162989,834.942020
ssse3-sse4.1,standard,unpadded,48,11,349525,19176113,834.370591
ssse3-sse4.1,standard,unpadded,48,12,349525,19202182,833.237845
ssse3-sse4.1,standard,unpadded,48,13,349525,19157278,835.190925
ssse3-sse4.1,standard,unpadded,48,14,349525,19221348,832.407006
avx2,standard,unpadded,48,0,349525,18428677,868.211253
avx2,standard,unpadded,48,1,349525,18433425,867.987623
avx2,standard,unpadded,48,2,349525,18425571,868.357607
avx2,standard,unpadded,48,3,349525,18554063,862.343991
avx2,standard,unpadded,48,4,349525,18664400,857.246134
avx2,standard,unpadded,48,5,349525,18586263,860.850013
avx2,standard,unpadded,48,6,349525,18478049,865.891455
avx2,standard,unpadded,48,7,349525,18633853,858.651442
avx2,standard,unpadded,48,8,349525,18482688,865.674124
avx2,standard,unpadded,48,9,349525,18433796,867.970153
avx2,standard,unpadded,48,10,349525,18462991,866.597657
avx2,standard,unpadded,48,11,349525,18459014,866.784366
avx2,standard,unpadded,48,12,349525,18447843,867.309243
avx2,standard,unpadded,48,13,349525,18437052,867.816869
avx2,standard,unpadded,48,14,349525,18450127,867.201876
avx512-vbmi,standard,unpadded,48,0,349525,18772163,852.325049
avx512-vbmi,standard,unpadded,48,1,349525,18747467,853.447815
avx512-vbmi,standard,unpadded,48,2,349525,18824020,849.977037
avx512-vbmi,standard,unpadded,48,3,349525,18804253,850.870531
avx512-vbmi,standard,unpadded,48,4,349525,18759970,852.879015
avx512-vbmi,standard,unpadded,48,5,349525,18762665,852.756511
avx512-vbmi,standard,unpadded,48,6,349525,18822097,850.063877
avx512-vbmi,standard,unpadded,48,7,349525,18742157,853.689612
avx512-vbmi,standard,unpadded,48,8,349525,18783664,851.803181
avx512-vbmi,standard,unpadded,48,9,349525,18710798,855.120382
avx512-vbmi,standard,unpadded,48,10,349525,18727228,854.370158
avx512-vbmi,standard,unpadded,48,11,349525,18709555,855.177194
avx512-vbmi,standard,unpadded,48,12,349525,18733110,854.101895
avx512-vbmi,standard,unpadded,48,13,349525,18727699,854.348670
avx512-vbmi,standard,unpadded,48,14,349525,18718532,854.767069
scalar,standard,unpadded,64,0,262144,55123013,290.259896
scalar,standard,unpadded,64,1,262144,55106321,290.347817
scalar,standard,unpadded,64,2,262144,55734544,287.075104
scalar,standard,unpadded,64,3,262144,55948787,285.975816
scalar,standard,unpadded,64,4,262144,56079984,285.306786
scalar,standard,unpadded,64,5,262144,56145527,284.973726
scalar,standard,unpadded,64,6,262144,56288207,284.251371
scalar,standard,unpadded,64,7,262144,56026343,285.579946
scalar,standard,unpadded,64,8,262144,55918490,286.130759
scalar,standard,unpadded,64,9,262144,56163552,284.882267
scalar,standard,unpadded,64,10,262144,56714638,282.114117
scalar,standard,unpadded,64,11,262144,56370601,283.835895
scalar,standard,unpadded,64,12,262144,56212133,284.636059
scalar,standard,unpadded,64,13,262144,56090584,285.252869
scalar,standard,unpadded,64,14,262144,56288156,284.251628
ssse3-sse4.1,standard,unpadded,64,0,262144,21383318,748.246834
ssse3-sse4.1,standard,unpadded,64,1,262144,21733337,736.196195
ssse3-sse4.1,standard,unpadded,64,2,262144,21467506,745.312474
ssse3-sse4.1,standard,unpadded,64,3,262144,21427771,746.694558
ssse3-sse4.1,standard,unpadded,64,4,262144,21452648,745.828673
ssse3-sse4.1,standard,unpadded,64,5,262144,21588795,741.125199
ssse3-sse4.1,standard,unpadded,64,6,262144,21401572,747.608634
ssse3-sse4.1,standard,unpadded,64,7,262144,21376765,748.476208
ssse3-sse4.1,standard,unpadded,64,8,262144,21570230,741.763069
ssse3-sse4.1,standard,unpadded,64,9,262144,21689905,737.670359
ssse3-sse4.1,standard,unpadded,64,10,262144,21452678,745.827630
ssse3-sse4.1,standard,unpadded,64,11,262144,21517460,743.582189
ssse3-sse4.1,standard,unpadded,64,12,262144,21251700,752.880946
ssse3-sse4.1,standard,unpadded,64,13,262144,21286827,751.638560
ssse3-sse4.1,standard,unpadded,64,14,262144,21229539,753.666860
avx2,standard,unpadded,64,0,262144,27674449,578.150626
avx2,standard,unpadded,64,1,262144,28287643,565.617998
avx2,standard,unpadded,64,2,262144,27697022,577.679434
avx2,standard,unpadded,64,3,262144,28052250,570.364231
avx2,standard,unpadded,64,4,262144,27972730,571.985645
avx2,standard,unpadded,64,5,262144,27510070,581.605209
avx2,standard,unpadded,64,6,262144,27417115,583.577083
avx2,standard,unpadded,64,7,262144,27365477,584.678279
avx2,standard,unpadded,64,8,262144,27334910,585.332090
avx2,standard,unpadded,64,9,262144,27285477,586.392534
avx2,standard,unpadded,64,10,262144,27243969,587.285942
avx2,standard,unpadded,64,11,262144,27354077,584.921948
avx2,standard,unpadded,64,12,262144,27303350,586.008677
avx2,standard,unpadded,64,13,262144,27390635,584.141258
avx2,standard,unpadded,64,14,262144,27335972,585.309350
avx512-vbmi,standard,unpadded,64,0,262144,30177050,530.204245
avx512-vbmi,standard,unpadded,64,1,262144,30104162,531.487972
avx512-vbmi,standard,unpadded,64,2,262144,30139348,530.867489
avx512-vbmi,standard,unpadded,64,3,262144,30120584,531.198200
avx512-vbmi,standard,unpadded,64,4,262144,30067944,532.128169
avx512-vbmi,standard,unpadded,64,5,262144,30110504,531.376027
avx512-vbmi,standard,unpadded,64,6,262144,30053587,532.382374
avx512-vbmi,standard,unpadded,64,7,262144,30056523,532.330370
avx512-vbmi,standard,unpadded,64,8,262144,30032056,532.764057
avx512-vbmi,standard,unpadded,64,9,262144,30005847,533.229407
avx512-vbmi,standard,unpadded,64,10,262144,30161691,530.474236
avx512-vbmi,standard,unpadded,64,11,262144,30604033,522.806912
avx512-vbmi,standard,unpadded,64,12,262144,30639160,522.207528
avx512-vbmi,standard,unpadded,64,13,262144,30377967,526.697524
avx512-vbmi,standard,unpadded,64,14,262144,30820140,519.141055
scalar,standard,unpadded,96,0,174762,54679127,292.615114
scalar,standard,unpadded,96,1,174762,54685629,292.580322
scalar,standard,unpadded,96,2,174762,54799885,291.970302
scalar,standard,unpadded,96,3,174762,54725004,292.369809
scalar,standard,unpadded,96,4,174762,54759569,292.185261
scalar,standard,unpadded,96,5,174762,54720786,292.392345
scalar,standard,unpadded,96,6,174762,54632560,292.864529
scalar,standard,unpadded,96,7,174762,54809903,291.916936
scalar,standard,unpadded,96,8,174762,54913879,291.364210
scalar,standard,unpadded,96,9,174762,54618083,292.942156
scalar,standard,unpadded,96,10,174762,54544013,293.339967
scalar,standard,unpadded,96,11,174762,54478590,293.692237
scalar,standard,unpadded,96,12,174762,54429538,293.956913
scalar,standard,unpadded,96,13,174762,54491284,293.623820
scalar,standard,unpadded,96,14,174762,54442883,293.884858
ssse3-sse4.1,standard,unpadded,96,0,174762,16114631,992.882739
ssse3-sse4.1,standard,unpadded,96,1,174762,16147593,990.855972
ssse3-sse4.1,standard,unpadded,96,2,174762,16441917,973.118826
ssse3-sse4.1,standard,unpadded,96,3,174762,16537427,967.498690
ssse3-sse4.1,standard,unpadded,96,4,174762,16613340,963.077802
ssse3-sse4.1,standard,unpadded,96,5,174762,16606397,963.480457
ssse3-sse4.1,standard,unpadded,96,6,174762,16436517,973.438531
ssse3-sse4.1,standard,unpadded,96,7,174762,16395921,975.848747
ssse3-sse4.1,standard,unpadded,96,8,174762,16226461,986.039961
ssse3-sse4.1,standard,unpadded,96,9,174762,16079445,995.055424
ssse3-sse4.1,standard,unpadded,96,10,174762,16103601,993.562804
ssse3-sse4.1,standard,unpadded,96,11,174762,16102338,993.640735
ssse3-sse4.1,standard,unpadded,96,12,174762,16207255,987.208442
ssse3-sse4.1,standard,unpadded,96,13,174762,16140079,991.317265
ssse3-sse4.1,standard,unpadded,96,14,174762,16119450,992.585911
avx2,standard,unpadded,96,0,174762,15586316,1026.537571
avx2,standard,unpadded,96,1,174762,15512208,1031.441750
avx2,standard,unpadded,96,2,174762,15292955,1046.229389
avx2,standard,unpadded,96,3,174762,15519020,1030.989003
avx2,standard,unpadded,96,4,174762,15260944,1048.423935
avx2,standard,unpadded,96,5,174762,15234514,1050.242821
avx2,standard,unpadded,96,6,174762,15243441,1049.627769
avx2,standard,unpadded,96,7,174762,15273418,1047.567674
avx2,standard,unpadded,96,8,174762,15243131,1049.649115
avx2,standard,unpadded,96,9,174762,15337790,1043.171080
avx2,standard,unpadded,96,10,174762,15316509,1044.620479
avx2,standard,unpadded,96,11,174762,15243832,1049.600846
avx2,standard,unpadded,96,12,174762,15459017,1034.990709
avx2,standard,unpadded,96,13,174762,15245235,1049.504253
avx2,standard,unpadded,96,14,174762,15305578,1045.366530
avx512-vbmi,standard,unpadded,96,0,174762,16803408,952.184162
avx512-vbmi,standard,unpadded,96,1,174762,16796524,952.574412
avx512-vbmi,standard,unpadded,96,2,174762,16784762,953.241932
avx512-vbmi,standard,unpadded,96,3,174762,16986783,941.905184
avx512-vbmi,standard,unpadded,96,4,174762,16919095,945.673451
avx512-vbmi,standard,unpadded,96,5,174762,16876144,948.080258
avx512-vbmi,standard,unpadded,96,6,174762,16824838,950.971353
avx512-vbmi,standard,unpadded,96,7,174762,16797135,952.539761
avx512-vbmi,standard,unpadded,96,8,174762,16764154,954.413743
avx512-vbmi,standard,unpadded,96,9,174762,16763553,954.447960
avx512-vbmi,standard,unpadded,96,10,174762,16782328,953.380184
avx512-vbmi,standard,unpadded,96,11,174762,16746029,955.446749
avx512-vbmi,standard,unpadded,96,12,174762,16739126,955.840763
avx512-vbmi,standard,unpadded,96,13,174762,16745078,955.501011
avx512-vbmi,standard,unpadded,96,14,174762,16747132,955.383821
scalar,standard,unpadded,192,0,87381,55462312,288.483087
scalar,standard,unpadded,192,1,87381,55296810,289.346510
scalar,standard,unpadded,192,2,87381,55544887,288.054218
scalar,standard,unpadded,192,3,87381,55438506,288.606965
scalar,standard,unpadded,192,4,87381,55564614,287.951950
scalar,standard,unpadded,192,5,87381,55337466,289.133929
scalar,standard,unpadded,192,6,87381,55425853,288.672850
scalar,standard,unpadded,192,7,87381,55370198,288.963008
scalar,standard,unpadded,192,8,87381,55464586,288.471259
scalar,standard,unpadded,192,9,87381,55351754,289.059295
scalar,standard,unpadded,192,10,87381,55318070,289.235307
scalar,standard,unpadded,192,11,87381,55313121,289.261186
scalar,standard,unpadded,192,12,87381,55739914,287.046352
scalar,standard,unpadded,192,13,87381,55350091,289.067979
scalar,standard,unpadded,192,14,87381,55249240,289.595639
ssse3-sse4.1,standard,unpadded,192,0,87381,15052021,1062.976126
ssse3-sse4.1,standard,unpadded,192,1,87381,15086035,1060.579467
ssse3-sse4.1,standard,unpadded,192,2,87381,15059485,1062.449278
ssse3-sse4.1,standard,unpadded,192,3,87381,15081756,1060.880375
ssse3-sse4.1,standard,unpadded,192,4,87381,15058924,1062.488858
ssse3-sse4.1,standard,unpadded,192,5,87381,15063793,1062.145435
ssse3-sse4.1,standard,unpadded,192,6,87381,15105492,1059.213362
ssse3-sse4.1,standard,unpadded,192,7,87381,15130048,1057.494263
ssse3-sse4.1,standard,unpadded,192,8,87381,15144335,1056.496635
ssse3-sse4.1,standard,unpadded,192,9,87381,15118917,1058.272822
ssse3-sse4.1,standard,unpadded,192,10,87381,15115120,1058.538666
ssse3-sse4.1,standard,unpadded,192,11,87381,15133545,1057.249902
ssse3-sse4.1,standard,unpadded,192,12,87381,15260914,1048.425996
ssse3-sse4.1,standard,unpadded,192,13,87381,15417829,1037.755638
ssse3-sse4.1,standard,unpadded,192,14,87381,15332288,1043.545423
avx2,standard,unpadded,192,0,87381,14070153,1137.154583
avx2,standard,unpadded,192,1,87381,14073069,1136.918960
avx2,standard,unpadded,192,2,87381,13937423,1147.984026
avx2,standard,unpadded,192,3,87381,14092345,1135.363842
avx2,standard,unpadded,192,4,87381,14060885,1137.904119
avx2,standard,unpadded,192,5,87381,14005672,1142.389952
avx2,standard,unpadded,192,6,87381,14010871,1141.966047
avx2,standard,unpadded,192,7,87381,13920111,1149.411737
avx2,standard,unpadded,192,8,87381,13861811,1154.245933
avx2,standard,unpadded,192,9,87381,14051819,1138.638276
avx2,standard,unpadded,192,10,87381,13877611,1152.931795
avx2,standard,unpadded,192,11,87381,13858384,1154.531363
avx2,standard,unpadded,192,12,87381,14045226,1139.172767
avx2,standard,unpadded,192,13,87381,13980725,1144.428416
avx2,standard,unpadded,192,14,87381,13963482,1145.841629
avx512-vbmi,standard,unpadded,192,0,87381,13680229,1169.566603
avx512-vbmi,standard,unpadded,192,1,87381,13683375,1169.297704
avx512-vbmi,standard,unpadded,192,2,87381,13613223,1175.323358
avx512-vbmi,standard,unpadded,192,3,87381,13631026,1173.788309
avx512-vbmi,standard,unpadded,192,4,87381,13698784,1167.982426
avx512-vbmi,standard,unpadded,192,5,87381,13602483,1176.251348
avx512-vbmi,standard,unpadded,192,6,87381,13670911,1170.363772
avx512-vbmi,standard,unpadded,192,7,87381,13738048,1164.644276
avx512-vbmi,standard,unpadded,192,8,87381,13769597,1161.975835
avx512-vbmi,standard,unpadded,192,9,87381,13687102,1168.979304
avx512-vbmi,standard,unpadded,192,10,87381,13614926,1175.176344
avx512-vbmi,standard,unpadded,192,11,87381,13653037,1171.895965
avx512-vbmi,standard,unpadded,192,12,87381,13676962,1169.845976
avx512-vbmi,standard,unpadded,192,13,87381,13629323,1173.934976
avx512-vbmi,standard,unpadded,192,14,87381,13937052,1148.014585
scalar,standard,unpadded,384,0,43690,55001564,290.896380
scalar,standard,unpadded,384,1,43690,54956449,291.135183
scalar,standard,unpadded,384,2,43690,55164541,290.036962
scalar,standard,unpadded,384,3,43690,54948294,291.178391
scalar,standard,unpadded,384,4,43690,54926974,291.291413
scalar,standard,unpadded,384,5,43690,54942884,291.207063
scalar,standard,unpadded,384,6,43690,54880637,291.537357
scalar,standard,unpadded,384,7,43690,54850179,291.699246
scalar,standard,unpadded,384,8,43690,54764268,292.156847
scalar,standard,unpadded,384,9,43690,54799234,291.970429
scalar,standard,unpadded,384,10,43690,54809904,291.913590
scalar,standard,unpadded,384,11,43690,54975365,291.035009
scalar,standard,unpadded,384,12,43690,54975585,291.033845
scalar,standard,unpadded,384,13,43690,55200538,289.847825
scalar,standard,unpadded,384,14,43690,54967441,291.076964
ssse3-sse4.1,standard,unpadded,384,0,43690,13724081,1165.816193
ssse3-sse4.1,standard,unpadded,384,1,43690,13918017,1149.571513
ssse3-sse4.1,standard,unpadded,384,2,43690,13646115,1172.476991
ssse3-sse4.1,standard,unpadded,384,3,43690,13633862,1173.530718
ssse3-sse4.1,standard,unpadded,384,4,43690,14090060,1135.534970
ssse3-sse4.1,standard,unpadded,384,5,43690,14170121,1129.119212
ssse3-sse4.1,standard,unpadded,384,6,43690,14256264,1122.296547
ssse3-sse4.1,standard,unpadded,384,7,43690,14242467,1123.383741
ssse3-sse4.1,standard,unpadded,384,8,43690,14315625,1117.642845
ssse3-sse4.1,standard,unpadded,384,9,43690,14136377,1131.814457
ssse3-sse4.1,standard,unpadded,384,10,43690,14121480,1133.008428
ssse3-sse4.1,standard,unpadded,384,11,43690,14063531,1137.677007
ssse3-sse4.1,standard,unpadded,384,12,43690,14128583,1132.438820
ssse3-sse4.1,standard,unpadded,384,13,43690,13859807,1154.399615
ssse3-sse4.1,standard,unpadded,384,14,43690,14103356,1134.464439
avx2,standard,unpadded,384,0,43690,13761351,1162.658801
avx2,standard,unpadded,384,1,43690,12981554,1232.499272
avx2,standard,unpadded,384,2,43690,12590398,1270.790317
avx2,standard,unpadded,384,3,43690,13583497,1177.881944
avx2,standard,unpadded,384,4,43690,13017091,1229.134517
avx2,standard,unpadded,384,5,43690,12704182,1259.408584
avx2,standard,unpadded,384,6,43690,12976073,1233.019871
avx2,standard,unpadded,384,7,43690,12642566,1265.546556
avx2,standard,unpadded,384,8,43690,12860707,1244.080583
avx2,standard,unpadded,384,9,43690,14487027,1104.419551
avx2,standard,unpadded,384,10,43690,12738417,1256.023873
avx2,standard,unpadded,384,11,43690,13213561,1210.858743
avx2,standard,unpadded,384,12,43690,13253886,1207.174700
avx2,standard,unpadded,384,13,43690,12814831,1248.534285
avx2,standard,unpadded,384,14,43690,12730431,1256.811797
avx512-vbmi,standard,unpadded,384,0,43690,12742674,1255.604268
avx512-vbmi,standard,unpadded,384,1,43690,12830580,1247.001761
avx512-vbmi,standard,unpadded,384,2,43690,12973058,1233.306431
avx512-vbmi,standard,unpadded,384,3,43690,12486252,1281.389792
avx512-vbmi,standard,unpadded,384,4,43690,12635102,1266.294159
avx512-vbmi,standard,unpadded,384,5,43690,12416730,1288.564369
avx512-vbmi,standard,unpadded,384,6,43690,13088154,1222.460850
avx512-vbmi,standard,unpadded,384,7,43690,12535605,1276.344928
avx512-vbmi,standard,unpadded,384,8,43690,12377707,1292.626806
avx512-vbmi,standard,unpadded,384,9,43690,12850618,1245.057308
avx512-vbmi,standard,unpadded,384,10,43690,12415298,1288.712994
avx512-vbmi,standard,unpadded,384,11,43690,12427672,1287.429847
avx512-vbmi,standard,unpadded,384,12,43690,12382687,1292.106944
avx512-vbmi,standard,unpadded,384,13,43690,12665930,1263.212086
avx512-vbmi,standard,unpadded,384,14,43690,12496672,1280.321342
scalar,standard,unpadded,768,0,21845,55874647,286.350907
scalar,standard,unpadded,768,1,21845,55265481,289.507222
scalar,standard,unpadded,768,2,21845,56212293,284.630906
scalar,standard,unpadded,768,3,21845,55693527,287.282144
scalar,standard,unpadded,768,4,21845,56219166,284.596108
scalar,standard,unpadded,768,5,21845,55820997,286.626121
scalar,standard,unpadded,768,6,21845,55591595,287.808901
scalar,standard,unpadded,768,7,21845,55397330,288.818177
scalar,standard,unpadded,768,8,21845,55473021,288.424095
scalar,standard,unpadded,768,9,21845,54951230,291.162834
scalar,standard,unpadded,768,10,21845,54747626,292.245656
scalar,standard,unpadded,768,11,21845,54476416,293.700596
scalar,standard,unpadded,768,12,21845,54419479,294.007884
scalar,standard,unpadded,768,13,21845,54496984,293.589749
scalar,standard,unpadded,768,14,21845,54427273,293.965782
ssse3-sse4.1,standard,unpadded,768,0,21845,13127979,1218.752396
ssse3-sse4.1,standard,unpadded,768,1,21845,13166351,1215.200465
ssse3-sse4.1,standard,unpadded,768,2,21845,13236664,1208.745335
ssse3-sse4.1,standard,unpadded,768,3,21845,13231254,1209.239567
ssse3-sse4.1,standard,unpadded,768,4,21845,13178244,1214.103780
ssse3-sse4.1,standard,unpadded,768,5,21845,13166842,1215.155150
ssse3-sse4.1,standard,unpadded,768,6,21845,13169899,1214.873087
ssse3-sse4.1,standard,unpadded,768,7,21845,13171822,1214.695724
ssse3-sse4.1,standard,unpadded,768,8,21845,13416363,1192.555379
ssse3-sse4.1,standard,unpadded,768,9,21845,13169247,1214.933235
ssse3-sse4.1,standard,unpadded,768,10,21845,13168536,1214.998832
ssse3-sse4.1,standard,unpadded,768,11,21845,13173085,1214.579262
ssse3-sse4.1,standard,unpadded,768,12,21845,13208542,1211.318846
ssse3-sse4.1,standard,unpadded,768,13,21845,13189095,1213.104907
ssse3-sse4.1,standard,unpadded,768,14,21845,13201748,1211.942226
avx2,standard,unpadded,768,0,21845,11986902,1334.769890
avx2,standard,unpadded,768,1,21845,11992072,1334.194446
avx2,standard,unpadded,768,2,21845,11994466,1333.928151
avx2,standard,unpadded,768,3,21845,11978406,1335.716610
avx2,standard,unpadded,768,4,21845,11969059,1336.759712
avx2,standard,unpadded,768,5,21845,11991471,1334.261315
avx2,standard,unpadded,768,6,21845,11969560,1336.703760
avx2,standard,unpadded,768,7,21845,11961194,1337.638689
avx2,standard,unpadded,768,8,21845,11967265,1336.960104
avx2,standard,unpadded,768,9,21845,11970811,1336.564069
avx2,standard,unpadded,768,10,21845,11964029,1337.321722
avx2,standard,unpadded,768,11,21845,11952346,1338.628907
avx2,standard,unpadded,768,12,21845,11950494,1338.836358
avx2,standard,unpadded,768,13,21845,11941767,1339.814774
avx2,standard,unpadded,768,14,21845,11937429,1340.301656
avx512-vbmi,standard,unpadded,768,0,21845,11557103,1384.408866
avx512-vbmi,standard,unpadded,768,1,21845,11743574,1362.426452
avx512-vbmi,standard,unpadded,768,2,21845,11550581,1385.190568
avx512-vbmi,standard,unpadded,768,3,21845,11546133,1385.724195
avx512-vbmi,standard,unpadded,768,4,21845,11542826,1386.121203
avx512-vbmi,standard,unpadded,768,5,21845,11534119,1387.167573
avx512-vbmi,standard,unpadded,768,6,21845,11544119,1385.965950
avx512-vbmi,standard,unpadded,768,7,21845,11548647,1385.422540
avx512-vbmi,standard,unpadded,768,8,21845,11538037,1386.696529
avx512-vbmi,standard,unpadded,768,9,21845,12001369,1333.160897
avx512-vbmi,standard,unpadded,768,10,21845,11519642,1388.910858
avx512-vbmi,standard,unpadded,768,11,21845,11532887,1387.315757
avx512-vbmi,standard,unpadded,768,12,21845,11545111,1385.846863
avx512-vbmi,standard,unpadded,768,13,21845,11543006,1386.099588
avx512-vbmi,standard,unpadded,768,14,21845,11581949,1381.438984
scalar,standard,unpadded,1024,0,16384,54283954,294.746400
scalar,standard,unpadded,1024,1,16384,54350279,294.386713
scalar,standard,unpadded,1024,2,16384,54321895,294.540535
scalar,standard,unpadded,1024,3,16384,54348956,294.393879
scalar,standard,unpadded,1024,4,16384,54752335,292.224980
scalar,standard,unpadded,1024,5,16384,54539826,293.363606
scalar,standard,unpadded,1024,6,16384,54432744,293.940721
scalar,standard,unpadded,1024,7,16384,54585612,293.117534
scalar,standard,unpadded,1024,8,16384,54392628,294.157510
scalar,standard,unpadded,1024,9,16384,54403799,294.097109
scalar,standard,unpadded,1024,10,16384,54290697,294.709792
scalar,standard,unpadded,1024,11,16384,54371729,294.270576
scalar,standard,unpadded,1024,12,16384,54316676,294.568836
scalar,standard,unpadded,1024,13,16384,54221937,295.083519
scalar,standard,unpadded,1024,14,16384,54185829,295.280155
ssse3-sse4.1,standard,unpadded,1024,0,16384,13735273,1164.884018
ssse3-sse4.1,standard,unpadded,1024,1,16384,13798722,1159.527672
ssse3-sse4.1,standard,unpadded,1024,2,16384,13808851,1158.677141
ssse3-sse4.1,standard,unpadded,1024,3,16384,13848817,1155.333340
ssse3-sse4.1,standard,unpadded,1024,4,16384,13850991,1155.152003
ssse3-sse4.1,standard,unpadded,1024,5,16384,14555766,1099.220749
ssse3-sse4.1,standard,unpadded,1024,6,16384,13848095,1155.393576
ssse3-sse4.1,standard,unpadded,1024,7,16384,13848536,1155.356783
ssse3-sse4.1,standard,unpadded,1024,8,16384,13988439,1143.801678
ssse3-sse4.1,standard,unpadded,1024,9,16384,14016362,1141.523029
ssse3-sse4.1,standard,unpadded,1024,10,16384,13845400,1155.618473
ssse3-sse4.1,standard,unpadded,1024,11,16384,13842805,1155.835107
ssse3-sse4.1,standard,unpadded,1024,12,16384,14133943,1132.026640
ssse3-sse4.1,standard,unpadded,1024,13,16384,13840851,1155.998284
ssse3-sse4.1,standard,unpadded,1024,14,16384,13839970,1156.071870
avx2,standard,unpadded,1024,0,16384,13068447,1224.322982
avx2,standard,unpadded,1024,1,16384,13089146,1222.386854
avx2,standard,unpadded,1024,2,16384,13099005,1221.466821
avx2,standard,unpadded,1024,3,16384,13146074,1217.093408
avx2,standard,unpadded,1024,4,16384,13170871,1214.801967
avx2,standard,unpadded,1024,5,16384,13182292,1213.749475
avx2,standard,unpadded,1024,6,16384,13147126,1216.996019
avx2,standard,unpadded,1024,7,16384,13045064,1226.517555
avx2,standard,unpadded,1024,8,16384,13042369,1226.770995
avx2,standard,unpadded,1024,9,16384,13061805,1224.945557
avx2,standard,unpadded,1024,10,16384,13054722,1225.610166
avx2,standard,unpadded,1024,11,16384,13043520,1226.662741
avx2,standard,unpadded,1024,12,16384,13095228,1221.819124
avx2,standard,unpadded,1024,13,16384,13085380,1222.738659
avx2,standard,unpadded,1024,14,16384,13072305,1223.961650
avx512-vbmi,standard,unpadded,1024,0,16384,12695075,1260.331270
avx512-vbmi,standard,unpadded,1024,1,16384,12707708,1259.078348
avx512-vbmi,standard,unpadded,1024,2,16384,12718959,1257.964587
avx512-vbmi,standard,unpadded,1024,3,16384,12741191,1255.769574
avx512-vbmi,standard,unpadded,1024,4,16384,12654058,1264.416522
avx512-vbmi,standard,unpadded,1024,5,16384,12741162,1255.772433
avx512-vbmi,standard,unpadded,1024,6,16384,12779954,1251.960688
avx512-vbmi,standard,unpadded,1024,7,16384,12726033,1257.265324
avx512-vbmi,standard,unpadded,1024,8,16384,12684475,1261.384488
avx512-vbmi,standard,unpadded,1024,9,16384,12691619,1260.674466
avx512-vbmi,standard,unpadded,1024,10,16384,12694684,1260.370089
avx512-vbmi,standard,unpadded,1024,11,16384,12692049,1260.631755
avx512-vbmi,standard,unpadded,1024,12,16384,12702999,1259.545089
avx512-vbmi,standard,unpadded,1024,13,16384,12698992,1259.942521
avx512-vbmi,standard,unpadded,1024,14,16384,12678263,1262.002531
scalar,standard,unpadded,1536,0,10922,54287250,294.710516
scalar,standard,unpadded,1536,1,10922,54274786,294.778195
scalar,standard,unpadded,1536,2,10922,54283202,294.732493
scalar,standard,unpadded,1536,3,10922,54226857,295.038738
scalar,standard,unpadded,1536,4,10922,54277452,294.763716
scalar,standard,unpadded,1536,5,10922,54208202,295.140271
scalar,standard,unpadded,1536,6,10922,54311746,294.577594
scalar,standard,unpadded,1536,7,10922,54269376,294.807581
scalar,standard,unpadded,1536,8,10922,54219813,295.077068
scalar,standard,unpadded,1536,9,10922,54169889,295.349016
scalar,standard,unpadded,1536,10,10922,54197361,295.199308
scalar,standard,unpadded,1536,11,10922,54168406,295.357102
scalar,standard,unpadded,1536,12,10922,54446099,293.850684
scalar,standard,unpadded,1536,13,10922,54237035,294.983371
scalar,standard,unpadded,1536,14,10922,54194626,295.214205
ssse3-sse4.1,standard,unpadded,1536,0,10922,12918485,1238.459729
ssse3-sse4.1,standard,unpadded,1536,1,10922,12920199,1238.295435
ssse3-sse4.1,standard,unpadded,1536,2,10922,12942361,1236.175025
ssse3-sse4.1,standard,unpadded,1536,3,10922,12941498,1236.257459
ssse3-sse4.1,standard,unpadded,1536,4,10922,12919607,1238.352176
ssse3-sse4.1,standard,unpadded,1536,5,10922,12922162,1238.107326
ssse3-sse4.1,standard,unpadded,1536,6,10922,12952539,1235.203649
ssse3-sse4.1,standard,unpadded,1536,7,10922,12948201,1235.617476
ssse3-sse4.1,standard,unpadded,1536,8,10922,12951287,1235.323056
ssse3-sse4.1,standard,unpadded,1536,9,10922,12962838,1234.222277
ssse3-sse4.1,standard,unpadded,1536,10,10922,12957018,1234.776662
ssse3-sse4.1,standard,unpadded,1536,11,10922,12963299,1234.178386
ssse3-sse4.1,standard,unpadded,1536,12,10922,12988367,1231.796379
ssse3-sse4.1,standard,unpadded,1536,13,10922,12942340,1236.177031
ssse3-sse4.1,standard,unpadded,1536,14,10922,12942801,1236.133001
avx2,standard,unpadded,1536,0,10922,11659977,1372.131646
avx2,standard,unpadded,1536,1,10922,11669594,1371.000862
avx2,standard,unpadded,1536,2,10922,11653665,1372.874837
avx2,standard,unpadded,1536,3,10922,11669183,1371.049150
avx2,standard,unpadded,1536,4,10922,11666739,1371.336364
avx2,standard,unpadded,1536,5,10922,11668613,1371.116125
avx2,standard,unpadded,1536,6,10922,11668492,1371.130343
avx2,standard,unpadded,1536,7,10922,12096458,1322.620509
avx2,standard,unpadded,1536,8,10922,11699501,1367.496224
avx2,standard,unpadded,1536,9,10922,11691155,1368.472442
avx2,standard,unpadded,1536,10,10922,11700663,1367.360417
avx2,standard,unpadded,1536,11,10922,11910648,1343.253821
avx2,standard,unpadded,1536,12,10922,11694462,1368.085461
avx2,standard,unpadded,1536,13,10922,11712886,1365.933506
avx2,standard,unpadded,1536,14,10922,11845586,1350.631656
avx512-vbmi,standard,unpadded,1536,0,10922,11663302,1371.740476
avx512-vbmi,standard,unpadded,1536,1,10922,11479838,1393.662823
avx512-vbmi,standard,unpadded,1536,2,10922,11455392,1396.636923
avx512-vbmi,standard,unpadded,1536,3,10922,11925787,1341.548649
avx512-vbmi,standard,unpadded,1536,4,10922,11528890,1387.733202
avx512-vbmi,standard,unpadded,1536,5,10922,11470730,1394.769421
avx512-vbmi,standard,unpadded,1536,6,10922,11546122,1385.662081
avx512-vbmi,standard,unpadded,1536,7,10922,11564928,1383.408823
avx512-vbmi,standard,unpadded,1536,8,10922,11528198,1387.816503
avx512-vbmi,standard,unpadded,1536,9,10922,11584454,1381.077040
avx512-vbmi,standard,unpadded,1536,10,10922,11483454,1393.223976
avx512-vbmi,standard,unpadded,1536,11,10922,11519352,1388.882242
avx512-vbmi,standard,unpadded,1536,12,10922,11606787,1378.419664
avx512-vbmi,standard,unpadded,1536,13,10922,11415636,1401.500840
avx512-vbmi,standard,unpadded,1536,14,10922,11379008,1406.012144
scalar,standard,unpadded,3072,0,5461,54343346,294.406300
scalar,standard,unpadded,3072,1,5461,54258887,294.864571
scalar,standard,unpadded,3072,2,5461,54108353,295.684909
scalar,standard,unpadded,3072,3,5461,54315163,294.559061
scalar,standard,unpadded,3072,4,5461,54312577,294.573086
scalar,standard,unpadded,3072,5,5461,54313780,294.566562
scalar,standard,unpadded,3072,6,5461,54277502,294.763444
scalar,standard,unpadded,3072,7,5461,54206969,295.146984
scalar,standard,unpadded,3072,8,5461,54829431,291.796270
scalar,standard,unpadded,3072,9,5461,54202080,295.173607
scalar,standard,unpadded,3072,10,5461,54157746,295.415238
scalar,standard,unpadded,3072,11,5461,54066364,295.914544
scalar,standard,unpadded,3072,12,5461,54055113,295.976135
scalar,standard,unpadded,3072,13,5461,54054261,295.980800
scalar,standard,unpadded,3072,14,5461,54168556,295.356285
ssse3-sse4.1,standard,unpadded,3072,0,5461,12785595,1251.331943
ssse3-sse4.1,standard,unpadded,3072,1,5461,12828005,1247.194980
ssse3-sse4.1,standard,unpadded,3072,2,5461,12813147,1248.641215
ssse3-sse4.1,standard,unpadded,3072,3,5461,12810792,1248.870752
ssse3-sse4.1,standard,unpadded,3072,4,5461,12800022,1249.921558
ssse3-sse4.1,standard,unpadded,3072,5,5461,12794923,1250.419673
ssse3-sse4.1,standard,unpadded,3072,6,5461,12804380,1249.496144
ssse3-sse4.1,standard,unpadded,3072,7,5461,12793520,1250.556800
ssse3-sse4.1,standard,unpadded,3072,8,5461,12849716,1245.087708
ssse3-sse4.1,standard,unpadded,3072,9,5461,12798039,1250.115228
ssse3-sse4.1,standard,unpadded,3072,10,5461,12792348,1250.671373
ssse3-sse4.1,standard,unpadded,3072,11,5461,12784273,1251.461341
ssse3-sse4.1,standard,unpadded,3072,12,5461,12784683,1251.421208
ssse3-sse4.1,standard,unpadded,3072,13,5461,12728868,1256.908583
ssse3-sse4.1,standard,unpadded,3072,14,5461,12787899,1251.106490
avx2,standard,unpadded,3072,0,5461,11504815,1390.637176
avx2,standard,unpadded,3072,1,5461,11483073,1393.270202
avx2,standard,unpadded,3072,2,5461,11481861,1393.417272
avx2,standard,unpadded,3072,3,5461,11495317,1391.786189
avx2,standard,unpadded,3072,4,5461,11485598,1392.963905
avx2,standard,unpadded,3072,5,5461,11498853,1391.358202
avx2,standard,unpadded,3072,6,5461,11487402,1392.745151
avx2,standard,unpadded,3072,7,5461,11490096,1392.418604
avx2,standard,unpadded,3072,8,5461,11481821,1393.422127
avx2,standard,unpadded,3072,9,5461,11514313,1389.490058
avx2,standard,unpadded,3072,10,5461,11499936,1391.227172
avx2,standard,unpadded,3072,11,5461,11500907,1391.109713
avx2,standard,unpadded,3072,12,5461,11499024,1391.337512
avx2,standard,unpadded,3072,13,5461,11501057,1391.091570
avx2,standard,unpadded,3072,14,5461,11503441,1390.803277
avx512-vbmi,standard,unpadded,3072,0,5461,11090955,1442.528929
avx512-vbmi,standard,unpadded,3072,1,5461,11088611,1442.833862
avx512-vbmi,standard,unpadded,3072,2,5461,11089883,1442.668371
avx512-vbmi,standard,unpadded,3072,3,5461,11092098,1442.380282
avx512-vbmi,standard,unpadded,3072,4,5461,11103379,1440.914828
avx512-vbmi,standard,unpadded,3072,5,5461,11080345,1443.910225
avx512-vbmi,standard,unpadded,3072,6,5461,11079815,1443.979294
avx512-vbmi,standard,unpadded,3072,7,5461,11059166,1446.675404
avx512-vbmi,standard,unpadded,3072,8,5461,11056040,1447.084439
avx512-vbmi,standard,unpadded,3072,9,5461,11053886,1447.366423
avx512-vbmi,standard,unpadded,3072,10,5461,11056951,1446.965211
avx512-vbmi,standard,unpadded,3072,11,5461,11056310,1447.049100
avx512-vbmi,standard,unpadded,3072,12,5461,11047294,1448.230077
avx512-vbmi,standard,unpadded,3072,13,5461,11056019,1447.087187
avx512-vbmi,standard,unpadded,3072,14,5461,11051150,1447.724756
scalar,standard,unpadded,4096,0,4096,54024716,296.160742
scalar,standard,unpadded,4096,1,4096,55324321,289.203730
scalar,standard,unpadded,4096,2,4096,55828381,286.592585
scalar,standard,unpadded,4096,3,4096,55427116,288.667374
scalar,standard,unpadded,4096,4,4096,55266223,289.507752
scalar,standard,unpadded,4096,5,4096,55411065,288.750992
scalar,standard,unpadded,4096,6,4096,55087476,290.447143
scalar,standard,unpadded,4096,7,4096,55177065,289.975554
scalar,standard,unpadded,4096,8,4096,55243400,289.627358
scalar,standard,unpadded,4096,9,4096,55503268,288.271314
scalar,standard,unpadded,4096,10,4096,55218763,289.756581
scalar,standard,unpadded,4096,11,4096,55219455,289.752950
scalar,standard,unpadded,4096,12,4096,55345963,289.090642
scalar,standard,unpadded,4096,13,4096,55361091,289.011645
scalar,standard,unpadded,4096,14,4096,55015440,290.827448
ssse3-sse4.1,standard,unpadded,4096,0,4096,13432743,1191.119342
ssse3-sse4.1,standard,unpadded,4096,1,4096,13450988,1189.503700
ssse3-sse4.1,standard,unpadded,4096,2,4096,13428536,1191.492505
ssse3-sse4.1,standard,unpadded,4096,3,4096,13421522,1192.115171
ssse3-sse4.1,standard,unpadded,4096,4,4096,13472108,1187.638935
ssse3-sse4.1,standard,unpadded,4096,5,4096,13454665,1189.178623
ssse3-sse4.1,standard,unpadded,4096,6,4096,13398539,1194.160050
ssse3-sse4.1,standard,unpadded,4096,7,4096,13628842,1173.980886
ssse3-sse4.1,standard,unpadded,4096,8,4096,13445187,1190.016918
ssse3-sse4.1,standard,unpadded,4096,9,4096,13400012,1194.028781
ssse3-sse4.1,standard,unpadded,4096,10,4096,13405993,1193.496073
ssse3-sse4.1,standard,unpadded,4096,11,4096,13442301,1190.272409
ssse3-sse4.1,standard,unpadded,4096,12,4096,13484952,1186.507746
ssse3-sse4.1,standard,unpadded,4096,13,4096,13611640,1175.464529
ssse3-sse4.1,standard,unpadded,4096,14,4096,13677615,1169.794588
avx2,standard,unpadded,4096,0,4096,12570430,1272.828376
avx2,standard,unpadded,4096,1,4096,12632948,1266.529396
avx2,standard,unpadded,4096,2,4096,12639911,1265.831698
avx2,standard,unpadded,4096,3,4096,12282217,1302.696411
avx2,standard,unpadded,4096,4,4096,12271017,1303.885407
avx2,standard,unpadded,4096,5,4096,12263482,1304.686548
avx2,standard,unpadded,4096,6,4096,12255337,1305.553654
avx2,standard,unpadded,4096,7,4096,12249206,1306.207113
avx2,standard,unpadded,4096,8,4096,12238165,1307.385544
avx2,standard,unpadded,4096,9,4096,12235820,1307.636104
avx2,standard,unpadded,4096,10,4096,12215051,1309.859451
avx2,standard,unpadded,4096,11,4096,12213588,1310.016352
avx2,standard,unpadded,4096,12,4096,12212947,1310.085109
avx2,standard,unpadded,4096,13,4096,12213709,1310.003374
avx2,standard,unpadded,4096,14,4096,12202337,1311.224235
avx512-vbmi,standard,unpadded,4096,0,4096,11803216,1355.562755
avx512-vbmi,standard,unpadded,4096,1,4096,11781054,1358.112780
avx512-vbmi,standard,unpadded,4096,2,4096,11775884,1358.709036
avx512-vbmi,standard,unpadded,4096,3,4096,11790162,1357.063626
avx512-vbmi,standard,unpadded,4096,4,4096,11789480,1357.142130
avx512-vbmi,standard,unpadded,4096,5,4096,11778509,1358.406230
avx512-vbmi,standard,unpadded,4096,6,4096,11824245,1353.151935
avx512-vbmi,standard,unpadded,4096,7,4096,11801583,1355.750326
avx512-vbmi,standard,unpadded,4096,8,4096,11793398,1356.691261
avx512-vbmi,standard,unpadded,4096,9,4096,11794880,1356.520795
avx512-vbmi,standard,unpadded,4096,10,4096,11794490,1356.565651
avx512-vbmi,standard,unpadded,4096,11,4096,11793147,1356.720136
avx512-vbmi,standard,unpadded,4096,12,4096,11811822,1354.575103
avx512-vbmi,standard,unpadded,4096,13,4096,11806011,1355.241834
avx512-vbmi,standard,unpadded,4096,14,4096,11819106,1353.740291
scalar,standard,unpadded,8192,0,2048,54267673,294.834827
scalar,standard,unpadded,8192,1,2048,54230573,295.036529
scalar,standard,unpadded,8192,2,2048,54149280,295.479460
scalar,standard,unpadded,8192,3,2048,54204394,295.179022
scalar,standard,unpadded,8192,4,2048,54027661,296.144599
scalar,standard,unpadded,8192,5,2048,54092303,295.790697
scalar,standard,unpadded,8192,6,2048,54204264,295.179730
scalar,standard,unpadded,8192,7,2048,54197000,295.219293
scalar,standard,unpadded,8192,8,2048,54075151,295.884518
scalar,standard,unpadded,8192,9,2048,54062206,295.955367
scalar,standard,unpadded,8192,10,2048,54094778,295.777164
scalar,standard,unpadded,8192,11,2048,54143068,295.513361
scalar,standard,unpadded,8192,12,2048,53990451,296.348701
scalar,standard,unpadded,8192,13,2048,54087404,295.817488
scalar,standard,unpadded,8192,14,2048,54035186,296.103358
ssse3-sse4.1,standard,unpadded,8192,0,2048,12639861,1265.836705
ssse3-sse4.1,standard,unpadded,8192,1,2048,12670298,1262.795871
ssse3-sse4.1,standard,unpadded,8192,2,2048,12643468,1265.475580
ssse3-sse4.1,standard,unpadded,8192,3,2048,12756010,1254.310713
ssse3-sse4.1,standard,unpadded,8192,4,2048,12649388,1264.883329
ssse3-sse4.1,standard,unpadded,8192,5,2048,12783361,1251.627017
ssse3-sse4.1,standard,unpadded,8192,6,2048,12671250,1262.700996
ssse3-sse4.1,standard,unpadded,8192,7,2048,12646033,1265.218903
ssse3-sse4.1,standard,unpadded,8192,8,2048,12658476,1263.975221
ssse3-sse4.1,standard,unpadded,8192,9,2048,12652665,1264.555728
ssse3-sse4.1,standard,unpadded,8192,10,2048,12655160,1264.306417
ssse3-sse4.1,standard,unpadded,8192,11,2048,12652935,1264.528744
ssse3-sse4.1,standard,unpadded,8192,12,2048,12722557,1257.608828
ssse3-sse4.1,standard,unpadded,8192,13,2048,12674977,1262.329707
ssse3-sse4.1,standard,unpadded,8192,14,2048,12650120,1264.810136
avx2,standard,unpadded,8192,0,2048,11409595,1402.328479
avx2,standard,unpadded,8192,1,2048,11423651,1400.603012
avx2,standard,unpadded,8192,2,2048,11431607,1399.628241
avx2,standard,unpadded,8192,3,2048,11579054,1381.805457
avx2,standard,unpadded,8192,4,2048,11456554,1396.580508
avx2,standard,unpadded,8192,5,2048,11430625,1399.748483
avx2,standard,unpadded,8192,6,2048,11415106,1401.651461
avx2,standard,unpadded,8192,7,2048,11417660,1401.337927
avx2,standard,unpadded,8192,8,2048,11416108,1401.528437
avx2,standard,unpadded,8192,9,2048,11456643,1396.569658
avx2,standard,unpadded,8192,10,2048,11599613,1379.356363
avx2,standard,unpadded,8192,11,2048,11608019,1378.357496
avx2,standard,unpadded,8192,12,2048,11431356,1399.658973
avx2,standard,unpadded,8192,13,2048,11420666,1400.969085
avx2,standard,unpadded,8192,14,2048,11440814,1398.501890
avx512-vbmi,standard,unpadded,8192,0,2048,11069966,1445.352226
avx512-vbmi,standard,unpadded,8192,1,2048,11054026,1447.436436
avx512-vbmi,standard,unpadded,8192,2,2048,11083421,1443.597604
avx512-vbmi,standard,unpadded,8192,3,2048,11208707,1427.461705
avx512-vbmi,standard,unpadded,8192,4,2048,11062111,1446.378544
avx512-vbmi,standard,unpadded,8192,5,2048,11071278,1445.180945
avx512-vbmi,standard,unpadded,8192,6,2048,11102367,1441.134129
avx512-vbmi,standard,unpadded,8192,7,2048,11084463,1443.461898
avx512-vbmi,standard,unpadded,8192,8,2048,11152813,1434.615644
avx512-vbmi,standard,unpadded,8192,9,2048,11069455,1445.418948
avx512-vbmi,standard,unpadded,8192,10,2048,11190874,1429.736408
avx512-vbmi,standard,unpadded,8192,11,2048,11073813,1444.850116
avx512-vbmi,standard,unpadded,8192,12,2048,11229716,1424.791152
avx512-vbmi,standard,unpadded,8192,13,2048,11069114,1445.463476
avx512-vbmi,standard,unpadded,8192,14,2048,11230218,1424.727463
scalar,standard,unpadded,16384,0,1024,53982196,296.394019
scalar,standard,unpadded,16384,1,1024,53960665,296.512284
scalar,standard,unpadded,16384,2,1024,53967838,296.472873
scalar,standard,unpadded,16384,3,1024,53932372,296.667834
scalar,standard,unpadded,16384,4,1024,53936119,296.647224
scalar,standard,unpadded,16384,5,1024,53942360,296.612903
scalar,standard,unpadded,16384,6,1024,53932583,296.666674
scalar,standard,unpadded,16384,7,1024,53924056,296.713585
scalar,standard,unpadded,16384,8,1024,53925208,296.707247
scalar,standard,unpadded,16384,9,1024,53909769,296.792220
scalar,standard,unpadded,16384,10,1024,53901243,296.839166
scalar,standard,unpadded,16384,11,1024,53967158,296.476609
scalar,standard,unpadded,16384,12,1024,53907425,296.805125
scalar,standard,unpadded,16384,13,1024,53909119,296.795798
scalar,standard,unpadded,16384,14,1024,53887037,296.917420
ssse3-sse4.1,standard,unpadded,16384,0,1024,12507041,1279.279407
ssse3-sse4.1,standard,unpadded,16384,1,1024,12528512,1277.087016
ssse3-sse4.1,standard,unpadded,16384,2,1024,12539042,1276.014547
ssse3-sse4.1,standard,unpadded,16384,3,1024,12566973,1273.178513
ssse3-sse4.1,standard,unpadded,16384,4,1024,13004127,1230.378633
ssse3-sse4.1,standard,unpadded,16384,5,1024,12545263,1275.381792
ssse3-sse4.1,standard,unpadded,16384,6,1024,12560862,1273.797929
ssse3-sse4.1,standard,unpadded,16384,7,1024,12557696,1274.119074
ssse3-sse4.1,standard,unpadded,16384,8,1024,12561704,1273.712547
ssse3-sse4.1,standard,unpadded,16384,9,1024,12576472,1272.216882
ssse3-sse4.1,standard,unpadded,16384,10,1024,12554199,1274.473983
ssse3-sse4.1,standard,unpadded,16384,11,1024,12552507,1274.645774
ssse3-sse4.1,standard,unpadded,16384,12,1024,12549921,1274.908424
ssse3-sse4.1,standard,unpadded,16384,13,1024,12543640,1275.546811
ssse3-sse4.1,standard,unpadded,16384,14,1024,12942220,1236.263949
avx2,standard,unpadded,16384,0,1024,11347138,1410.047185
avx2,standard,unpadded,16384,1,1024,11333282,1411.771100
avx2,standard,unpadded,16384,2,1024,11336037,1411.427997
avx2,standard,unpadded,16384,3,1024,11352197,1409.418811
avx2,standard,unpadded,16384,4,1024,11452697,1397.050843
avx2,standard,unpadded,16384,5,1024,11337239,1411.278354
avx2,standard,unpadded,16384,6,1024,11341437,1410.755974
avx2,standard,unpadded,16384,7,1024,11338812,1411.082572
avx2,standard,unpadded,16384,8,1024,11328803,1412.329264
avx2,standard,unpadded,16384,9,1024,11364250,1407.923972
avx2,standard,unpadded,16384,10,1024,11370251,1407.180897
avx2,standard,unpadded,16384,11,1024,11381722,1405.762678
avx2,standard,unpadded,16384,12,1024,11329154,1412.285507
avx2,standard,unpadded,16384,13,1024,11329224,1412.276781
avx2,standard,unpadded,16384,14,1024,11391371,1404.571934
avx512-vbmi,standard,unpadded,16384,0,1024,10908322,1466.770050
avx512-vbmi,standard,unpadded,16384,1,1024,10900727,1467.792011
avx512-vbmi,standard,unpadded,16384,2,1024,10904674,1467.260736
avx512-vbmi,standard,unpadded,16384,3,1024,10903443,1467.426390
avx512-vbmi,standard,unpadded,16384,4,1024,10909263,1466.643530
avx512-vbmi,standard,unpadded,16384,5,1024,10925254,1464.496844
avx512-vbmi,standard,unpadded,16384,6,1024,10920204,1465.174094
avx512-vbmi,standard,unpadded,16384,7,1024,10960660,1459.766109
avx512-vbmi,standard,unpadded,16384,8,1024,10917158,1465.582893
avx512-vbmi,standard,unpadded,16384,9,1024,11069074,1445.468700
avx512-vbmi,standard,unpadded,16384,10,1024,10910696,1466.450903
avx512-vbmi,standard,unpadded,16384,11,1024,10922388,1464.881123
avx512-vbmi,standard,unpadded,16384,12,1024,11049698,1448.003375
avx512-vbmi,standard,unpadded,16384,13,1024,10911367,1466.360723
avx512-vbmi,standard,unpadded,16384,14,1024,10921647,1464.980511
scalar,standard,unpadded,65536,0,256,53935237,296.652076
scalar,standard,unpadded,65536,1,256,53904860,296.819248
scalar,standard,unpadded,65536,2,256,53955535,296.540475
scalar,standard,unpadded,65536,3,256,53895082,296.873099
scalar,standard,unpadded,65536,4,256,53881636,296.947183
scalar,standard,unpadded,65536,5,256,53886777,296.918853
scalar,standard,unpadded,65536,6,256,53929636,296.682885
scalar,standard,unpadded,65536,7,256,53882478,296.942542
scalar,standard,unpadded,65536,8,256,53926481,296.700243
scalar,standard,unpadded,65536,9,256,53846621,297.140279
scalar,standard,unpadded,65536,10,256,54100548,295.745618
scalar,standard,unpadded,65536,11,256,53929988,296.680949
scalar,standard,unpadded,65536,12,256,54069651,295.914616
scalar,standard,unpadded,65536,13,256,53992374,296.338146
scalar,standard,unpadded,65536,14,256,54037730,296.089418
ssse3-sse4.1,standard,unpadded,65536,0,256,13082043,1223.050559
ssse3-sse4.1,standard,unpadded,65536,1,256,13093946,1221.938749
ssse3-sse4.1,standard,unpadded,65536,2,256,13065502,1224.598948
ssse3-sse4.1,standard,unpadded,65536,3,256,13098484,1221.515406
ssse3-sse4.1,standard,unpadded,65536,4,256,13047728,1226.267132
ssse3-sse4.1,standard,unpadded,65536,5,256,13033772,1227.580166
ssse3-sse4.1,standard,unpadded,65536,6,256,13053860,1225.691098
ssse3-sse4.1,standard,unpadded,65536,7,256,13089948,1222.311960
ssse3-sse4.1,standard,unpadded,65536,8,256,13059721,1225.141027
ssse3-sse4.1,standard,unpadded,65536,9,256,13054551,1225.626220
ssse3-sse4.1,standard,unpadded,65536,10,256,13065813,1224.569799
ssse3-sse4.1,standard,unpadded,65536,11,256,13063709,1224.767024
ssse3-sse4.1,standard,unpadded,65536,12,256,13075651,1223.648444
ssse3-sse4.1,standard,unpadded,65536,13,256,13128090,1218.760688
ssse3-sse4.1,standard,unpadded,65536,14,256,13071112,1224.073361
avx2,standard,unpadded,65536,0,256,11891593,1345.488363
avx2,standard,unpadded,65536,1,256,11886613,1346.052067
avx2,standard,unpadded,65536,2,256,11759524,1360.599290
avx2,standard,unpadded,65536,3,256,11851607,1350.027891
avx2,standard,unpadded,65536,4,256,11836128,1351.793424
avx2,standard,unpadded,65536,5,256,11862157,1348.827199
avx2,standard,unpadded,65536,6,256,11880281,1346.769491
avx2,standard,unpadded,65536,7,256,11874750,1347.396787
avx2,standard,unpadded,65536,8,256,11851888,1349.995883
avx2,standard,unpadded,65536,9,256,11827351,1352.796581
avx2,standard,unpadded,65536,10,256,11830477,1352.439128
avx2,standard,unpadded,65536,11,256,11851597,1350.029030
avx2,standard,unpadded,65536,12,256,11837571,1351.628641
avx2,standard,unpadded,65536,13,256,12104874,1321.781623
avx2,standard,unpadded,65536,14,256,11854873,1349.655960
avx512-vbmi,standard,unpadded,65536,0,256,11453708,1396.927528
avx512-vbmi,standard,unpadded,65536,1,256,11400488,1403.448694
avx512-vbmi,standard,unpadded,65536,2,256,11408803,1402.425829
avx512-vbmi,standard,unpadded,65536,3,256,11399076,1403.622539
avx512-vbmi,standard,unpadded,65536,4,256,11397793,1403.780539
avx512-vbmi,standard,unpadded,65536,5,256,11413122,1401.895117
avx512-vbmi,standard,unpadded,65536,6,256,11406910,1402.658564
avx512-vbmi,standard,unpadded,65536,7,256,11410977,1402.158641
avx512-vbmi,standard,unpadded,65536,8,256,11416719,1401.453430
avx512-vbmi,standard,unpadded,65536,9,256,11432318,1399.541195
avx512-vbmi,standard,unpadded,65536,10,256,11428851,1399.965753
avx512-vbmi,standard,unpadded,65536,11,256,11406229,1402.742309
avx512-vbmi,standard,unpadded,65536,12,256,11408222,1402.497252
avx512-vbmi,standard,unpadded,65536,13,256,11408734,1402.434310
avx512-vbmi,standard,unpadded,65536,14,256,11396069,1403.992903
scalar,url-safe,padded,12,0,1398101,53498696,299.072639
scalar,url-safe,padded,12,1,1398101,53390221,299.680276
scalar,url-safe,padded,12,2,1398101,53472857,299.217156
scalar,url-safe,padded,12,3,1398101,53504647,299.039375
scalar,url-safe,padded,12,4,1398101,53561214,298.723554
scalar,url-safe,padded,12,5,1398101,53467928,299.244739
scalar,url-safe,padded,12,6,1398101,53551505,298.777713
scalar,url-safe,padded,12,7,1398101,53568046,298.685455
scalar,url-safe,padded,12,8,1398101,53468759,299.240089
scalar,url-safe,padded,12,9,1398101,53422592,299.498687
scalar,url-safe,padded,12,10,1398101,53454442,299.320236
scalar,url-safe,padded,12,11,1398101,54545025,293.335573
scalar,url-safe,padded,12,12,1398101,54947302,291.188022
scalar,url-safe,padded,12,13,1398101,54178446,295.320323
scalar,url-safe,padded,12,14,1398101,54112611,295.679619
ssse3-sse4.1,url-safe,padded,12,0,1398101,48105625,332.601358
ssse3-sse4.1,url-safe,padded,12,1,1398101,48159827,332.227028
ssse3-sse4.1,url-safe,padded,12,2,1398101,48229748,331.745382
ssse3-sse4.1,url-safe,padded,12,3,1398101,48415137,330.475078
ssse3-sse4.1,url-safe,padded,12,4,1398101,48557145,329.508586
ssse3-sse4.1,url-safe,padded,12,5,1398101,48237213,331.694043
ssse3-sse4.1,url-safe,padded,12,6,1398101,48387055,330.666873
ssse3-sse4.1,url-safe,padded,12,7,1398101,48352619,330.902369
ssse3-sse4.1,url-safe,padded,12,8,1398101,48265766,331.497819
ssse3-sse4.1,url-safe,padded,12,9,1398101,48233596,331.718916
ssse3-sse4.1,url-safe,padded,12,10,1398101,48329596,331.060003
ssse3-sse4.1,url-safe,padded,12,11,1398101,48390691,330.642028
ssse3-sse4.1,url-safe,padded,12,12,1398101,48455804,330.197724
ssse3-sse4.1,url-safe,padded,12,13,1398101,48304319,331.233242
ssse3-sse4.1,url-safe,padded,12,14,1398101,48146441,332.319396
scalar,url-safe,padded,24,0,699050,51100201,313.110016
scalar,url-safe,padded,24,1,699050,50915895,314.243415
scalar,url-safe,padded,24,2,699050,50791009,315.016084
scalar,url-safe,padded,24,3,699050,50825915,314.799738
scalar,url-safe,padded,24,4,699050,50751825,315.259298
scalar,url-safe,padded,24,5,699050,50763557,315.186439
scalar,url-safe,padded,24,6,699050,50763447,315.187122
scalar,url-safe,padded,24,7,699050,50746505,315.292349
scalar,url-safe,padded,24,8,699050,50751575,315.260851
scalar,url-safe,padded,24,9,699050,50724484,315.429226
scalar,url-safe,padded,24,10,699050,50743349,315.311958
scalar,url-safe,padded,24,11,699050,50722340,315.442559
scalar,url-safe,padded,24,12,699050,50808312,314.908804
scalar,url-safe,padded,24,13,699050,50961620,313.961462
scalar,url-safe,padded,24,14,699050,50764780,315.178845
ssse3-sse4.1,url-safe,padded,24,0,699050,32996185,484.904080
ssse3-sse4.1,url-safe,padded,24,1,699050,32894294,486.406084
ssse3-sse4.1,url-safe,padded,24,2,699050,32985235,485.065052
ssse3-sse4.1,url-safe,padded,24,3,699050,33052382,484.079627
ssse3-sse4.1,url-safe,padded,24,4,699050,33104460,483.318101
ssse3-sse4.1,url-safe,padded,24,5,699050,33056108,484.025063
ssse3-sse4.1,url-safe,padded,24,6,699050,33004351,484.784104
ssse3-sse4.1,url-safe,padded,24,7,699050,32935511,485.797374
ssse3-sse4.1,url-safe,padded,24,8,699050,33083871,483.618883
ssse3-sse4.1,url-safe,padded,24,9,699050,32959617,485.442071
ssse3-sse4.1,url-safe,padded,24,10,699050,32945290,485.653177
ssse3-sse4.1,url-safe,padded,24,11,699050,32986979,485.039407
ssse3-sse4.1,url-safe,padded,24,12,699050,32948136,485.611227
ssse3-sse4.1,url-safe,padded,24,13,699050,32975657,485.205943
ssse3-sse4.1,url-safe,padded,24,14,699050,32966409,485.342057
avx2,url-safe,padded,24,0,699050,31834719,502.595444
avx2,url-safe,padded,24,1,699050,31838186,502.540715
avx2,url-safe,padded,24,2,699050,31786368,503.359954
avx2,url-safe,padded,24,3,699050,31886337,501.781837
avx2,url-safe,padded,24,4,699050,31899211,501.579326
avx2,url-safe,padded,24,5,699050,31836322,502.570138
avx2,url-safe,padded,24,6,699050,31826454,502.725963
avx2,url-safe,padded,24,7,699050,31805304,503.060268
avx2,url-safe,padded,24,8,699050,31883200,501.831207
avx2,url-safe,padded,24,9,699050,31827115,502.715522
avx2,url-safe,padded,24,10,699050,31837074,502.558267
avx2,url-safe,padded,24,11,699050,31806055,503.048389
avx2,url-safe,padded,24,12,699050,31861921,502.166355
avx2,url-safe,padded,24,13,699050,31823889,502.766483
avx2,url-safe,padded,24,14,699050,31819762,502.831691
scalar,url-safe,padded,48,0,349525,49299131,324.549022
scalar,url-safe,padded,48,1,349525,49230833,324.999269
scalar,url-safe,padded,48,2,349525,49297428,324.560233
scalar,url-safe,padded,48,3,349525,49296467,324.566561
scalar,url-safe,padded,48,4,349525,49543390,322.948929
scalar,url-safe,padded,48,5,349525,49436380,323.647984
scalar,url-safe,padded,48,6,349525,49467278,323.445829
scalar,url-safe,padded,48,7,349525,49343956,324.254195
scalar,url-safe,padded,48,8,349525,49322415,324.395810
scalar,url-safe,padded,48,9,349525,49329899,324.346594
scalar,url-safe,padded,48,10,349525,49363312,324.127051
scalar,url-safe,padded,48,11,349525,49305152,324.509389
scalar,url-safe,padded,48,12,349525,49336732,324.301673
scalar,url-safe,padded,48,13,349525,49321063,324.404702
scalar,url-safe,padded,48,14,349525,49282429,324.659013
ssse3-sse4.1,url-safe,padded,48,0,349525,25646862,623.857404
ssse3-sse4.1,url-safe,padded,48,1,349525,25646613,623.863461
ssse3-sse4.1,url-safe,padded,48,2,349525,25722104,622.032503
ssse3-sse4.1,url-safe,padded,48,3,349525,25648797,623.810339
ssse3-sse4.1,url-safe,padded,48,4,349525,25717145,622.152449
ssse3-sse4.1,url-safe,padded,48,5,349525,25701255,622.537100
ssse3-sse4.1,url-safe,padded,48,6,349525,25643076,623.949511
ssse3-sse4.1,url-safe,padded,48,7,349525,25668453,623.332647
ssse3-sse4.1,url-safe,padded,48,8,349525,25680837,623.032059
ssse3-sse4.1,url-safe,padded,48,9,349525,25672551,623.233147
ssse3-sse4.1,url-safe,padded,48,10,349525,25673894,623.200545
ssse3-sse4.1,url-safe,padded,48,11,349525,25688992,622.834276
ssse3-sse4.1,url-safe,padded,48,12,349525,25713448,622.241900
ssse3-sse4.1,url-safe,padded,48,13,349525,25699321,622.583948
ssse3-sse4.1,url-safe,padded,48,14,349525,25705433,622.435916
avx2,url-safe,padded,48,0,349525,24660597,648.807681
avx2,url-safe,padded,48,1,349525,24764712,646.079984
avx2,url-safe,padded,48,2,349525,24666638,648.648784
avx2,url-safe,padded,48,3,349525,24794419,645.305895
avx2,url-safe,padded,48,4,349525,24754643,646.342779
avx2,url-safe,padded,48,5,349525,24766296,646.038662
avx2,url-safe,padded,48,6,349525,24754984,646.333875
avx2,url-safe,padded,48,7,349525,24725879,647.094679
avx2,url-safe,padded,48,8,349525,24678690,648.332012
avx2,url-safe,padded,48,9,349525,24815939,644.746296
avx2,url-safe,padded,48,10,349525,24844313,644.009949
avx2,url-safe,padded,48,11,349525,24783909,645.579547
avx2,url-safe,padded,48,12,349525,24749053,646.488766
avx2,url-safe,padded,48,13,349525,24716361,647.343868
avx2,url-safe,padded,48,14,349525,22736274,703.720616
avx512-vbmi,url-safe,padded,48,0,349525,24879338,643.103315
avx512-vbmi,url-safe,padded,48,1,349525,24940463,641.527174
avx512-vbmi,url-safe,padded,48,2,349525,24832841,644.307461
avx512-vbmi,url-safe,padded,48,3,349525,24835496,644.238583
avx512-vbmi,url-safe,padded,48,4,349525,24858068,643.653591
avx512-vbmi,url-safe,padded,48,5,349525,24923882,641.953960
avx512-vbmi,url-safe,padded,48,6,349525,24919704,642.061589
avx512-vbmi,url-safe,padded,48,7,349525,24875982,643.190076
avx512-vbmi,url-safe,padded,48,8,349525,24874148,643.237499
avx512-vbmi,url-safe,padded,48,9,349525,25410127,629.669609
avx512-vbmi,url-safe,padded,48,10,349525,24816249,644.738242
avx512-vbmi,url-safe,padded,48,11,349525,24840705,644.103488
avx512-vbmi,url-safe,padded,48,12,349525,24838661,644.156492
avx512-vbmi,url-safe,padded,48,13,349525,24856435,643.695878
avx512-vbmi,url-safe,padded,48,14,349525,24771946,645.891314
scalar,url-safe,padded,64,0,262144,52056671,307.357341
scalar,url-safe,padded,64,1,262144,52075507,307.246169
scalar,url-safe,padded,64,2,262144,52054547,307.369883
scalar,url-safe,padded,64,3,262144,52101455,307.093151
scalar,url-safe,padded,64,4,262144,52097959,307.113759
scalar,url-safe,padded,64,5,262144,52259663,306.163474
scalar,url-safe,padded,64,6,262144,52192558,306.557115
scalar,url-safe,padded,64,7,262144,52165927,306.713614
scalar,url-safe,padded,64,8,262144,52120471,306.981109
scalar,url-safe,padded,64,9,262144,52143154,306.847568
scalar,url-safe,padded,64,10,262144,51776304,309.021671
scalar,url-safe,padded,64,11,262144,51291852,311.940384
scalar,url-safe,padded,64,12,262144,51385297,311.373115
scalar,url-safe,padded,64,13,262144,51365430,311.493547
scalar,url-safe,padded,64,14,262144,51341274,311.640105
ssse3-sse4.1,url-safe,padded,64,0,262144,28560116,560.221814
ssse3-sse4.1,url-safe,padded,64,1,262144,28521222,560.985781
ssse3-sse4.1,url-safe,padded,64,2,262144,28542623,560.565159
ssse3-sse4.1,url-safe,padded,64,3,262144,28614508,559.156914
ssse3-sse4.1,url-safe,padded,64,4,262144,28591726,559.602453
ssse3-sse4.1,url-safe,padded,64,5,262144,28545549,560.507699
ssse3-sse4.1,url-safe,padded,64,6,262144,28540279,560.611198
ssse3-sse4.1,url-safe,padded,64,7,262144,28611333,559.218964
ssse3-sse4.1,url-safe,padded,64,8,262144,28564715,560.131617
ssse3-sse4.1,url-safe,padded,64,9,262144,28520461,561.000750
ssse3-sse4.1,url-safe,padded,64,10,262144,28527785,560.856723
ssse3-sse4.1,url-safe,padded,64,11,262144,28547232,560.474655
ssse3-sse4.1,url-safe,padded,64,12,262144,28544928,560.519893
ssse3-sse4.1,url-safe,padded,64,13,262144,28524288,560.925482
ssse3-sse4.1,url-safe,padded,64,14,262144,28530821,560.797041
avx2,url-safe,padded,64,0,262144,36189857,442.112827
avx2,url-safe,padded,64,1,262144,36205937,441.916474
avx2,url-safe,padded,64,2,262144,36250822,441.369302
avx2,url-safe,padded,64,3,262144,36242927,441.465448
avx2,url-safe,padded,64,4,262144,36219172,441.754991
avx2,url-safe,padded,64,5,262144,36204835,441.929925
avx2,url-safe,padded,64,6,262144,37007827,432.340975
avx2,url-safe,padded,64,7,262144,36566495,437.559028
avx2,url-safe,padded,64,8,262144,36469353,438.724537
avx2,url-safe,padded,64,9,262144,36657237,436.475886
avx2,url-safe,padded,64,10,262144,36708162,435.870366
avx2,url-safe,padded,64,11,262144,36695609,436.019470
avx2,url-safe,padded,64,12,262144,36847264,434.224913
avx2,url-safe,padded,64,13,262144,36782182,434.993226
avx2,url-safe,padded,64,14,262144,36623984,436.872187
avx512-vbmi,url-safe,padded,64,0,262144,37101803,431.245889
avx512-vbmi,url-safe,padded,64,1,262144,37202363,430.080208
avx512-vbmi,url-safe,padded,64,2,262144,37285088,429.125982
avx512-vbmi,url-safe,padded,64,3,262144,37276291,429.227253
avx512-vbmi,url-safe,padded,64,4,262144,37240715,429.637293
avx512-vbmi,url-safe,padded,64,5,262144,37440110,427.349172
avx512-vbmi,url-safe,padded,64,6,262144,37220136,429.874840
avx512-vbmi,url-safe,padded,64,7,262144,37358146,428.286778
avx512-vbmi,url-safe,padded,64,8,262144,37226939,429.796283
avx512-vbmi,url-safe,padded,64,9,262144,37490064,426.779746
avx512-vbmi,url-safe,padded,64,10,262144,37268136,429.321177
avx512-vbmi,url-safe,padded,64,11,262144,37321597,428.706199
avx512-vbmi,url-safe,padded,64,12,262144,37267605,429.327294
avx512-vbmi,url-safe,padded,64,13,262144,37270781,429.290709
avx512-vbmi,url-safe,padded,64,14,262144,37350571,428.373639
scalar,url-safe,padded,96,0,174762,49739570,321.674252
scalar,url-safe,padded,96,1,174762,49525537,323.064422
scalar,url-safe,padded,96,2,174762,49313398,324.454197
scalar,url-safe,padded,96,3,174762,49270487,324.736773
scalar,url-safe,padded,96,4,174762,49306204,324.501537
scalar,url-safe,padded,96,5,174762,49235031,324.970628
scalar,url-safe,padded,96,6,174762,49225723,325.032077
scalar,url-safe,padded,96,7,174762,49150151,325.531837
scalar,url-safe,padded,96,8,174762,49124673,325.700671
scalar,url-safe,padded,96,9,174762,49155371,325.497268
scalar,url-safe,padded,96,10,174762,49124553,325.701467
scalar,url-safe,padded,96,11,174762,49103583,325.840560
scalar,url-safe,padded,96,12,174762,49103282,325.842557
scalar,url-safe,padded,96,13,174762,49146083,325.558783
scalar,url-safe,padded,96,14,174762,49104075,325.837295
ssse3-sse4.1,url-safe,padded,96,0,174762,22789194,702.084460
ssse3-sse4.1,url-safe,padded,96,1,174762,22766090,702.796965
ssse3-sse4.1,url-safe,padded,96,2,174762,22725084,704.065119
ssse3-sse4.1,url-safe,padded,96,3,174762,22638771,706.749451
ssse3-sse4.1,url-safe,padded,96,4,174762,22669940,705.777738
ssse3-sse4.1,url-safe,padded,96,5,174762,22701378,704.800341
ssse3-sse4.1,url-safe,padded,96,6,174762,22735833,703.732252
ssse3-sse4.1,url-safe,padded,96,7,174762,22778945,702.400351
ssse3-sse4.1,url-safe,padded,96,8,174762,22750922,703.265519
ssse3-sse4.1,url-safe,padded,96,9,174762,22720575,704.204844
ssse3-sse4.1,url-safe,padded,96,10,174762,23054544,694.003706
ssse3-sse4.1,url-safe,padded,96,11,174762,23533265,679.886066
ssse3-sse4.1,url-safe,padded,96,12,174762,22981426,696.211757
ssse3-sse4.1,url-safe,padded,96,13,174762,22959564,696.874687
ssse3-sse4.1,url-safe,padded,96,14,174762,22884553,699.158903
avx2,url-safe,padded,96,0,174762,19376881,825.723137
avx2,url-safe,padded,96,1,174762,19429811,823.473731
avx2,url-safe,padded,96,2,174762,19429651,823.480513
avx2,url-safe,padded,96,3,174762,19440541,823.019224
avx2,url-safe,padded,96,4,174762,19441312,822.986585
avx2,url-safe,padded,96,5,174762,19428198,823.542099
avx2,url-safe,padded,96,6,174762,19426424,823.617304
avx2,url-safe,padded,96,7,174762,19446843,822.752514
avx2,url-safe,padded,96,8,174762,19440481,823.021764
avx2,url-safe,padded,96,9,174762,19435010,823.253446
avx2,url-safe,padded,96,10,174762,19439129,823.079005
avx2,url-safe,padded,96,11,174762,19432045,823.379061
avx2,url-safe,padded,96,12,174762,19443717,822.884789
avx2,url-safe,padded,96,13,174762,19433678,823.309873
avx2,url-safe,padded,96,14,174762,19441653,822.972150
avx512-vbmi,url-safe,padded,96,0,174762,20847319,767.481851
avx512-vbmi,url-safe,padded,96,1,174762,20842600,767.655617
avx512-vbmi,url-safe,padded,96,2,174762,20852138,767.304483
avx512-vbmi,url-safe,padded,96,3,174762,20841768,767.686262
avx512-vbmi,url-safe,padded,96,4,174762,20839464,767.771137
avx512-vbmi,url-safe,padded,96,5,174762,20927139,764.554532
avx512-vbmi,url-safe,padded,96,6,174762,20829375,768.143017
avx512-vbmi,url-safe,padded,96,7,174762,20837140,767.856768
avx512-vbmi,url-safe,padded,96,8,174762,20830517,768.100905
avx512-vbmi,url-safe,padded,96,9,174762,20882465,766.190149
avx512-vbmi,url-safe,padded,96,10,174762,20884840,766.103018
avx512-vbmi,url-safe,padded,96,11,174762,20859572,767.031028
avx512-vbmi,url-safe,padded,96,12,174762,20792646,769.499897
avx512-vbmi,url-safe,padded,96,13,174762,20822251,768.405825
avx512-vbmi,url-safe,padded,96,14,174762,20807694,768.943400
scalar,url-safe,padded,192,0,87381,49893751,320.680218
scalar,url-safe,padded,192,1,87381,49895644,320.668052
scalar,url-safe,padded,192,2,87381,49848355,320.972256
scalar,url-safe,padded,192,3,87381,49844457,320.997357
scalar,url-safe,padded,192,4,87381,50104477,319.331523
scalar,url-safe,padded,192,5,87381,49922715,320.494167
scalar,url-safe,padded,192,6,87381,49816896,321.174948
scalar,url-safe,padded,192,7,87381,49924688,320.481501
scalar,url-safe,padded,192,8,87381,49749680,321.608882
scalar,url-safe,padded,192,9,87381,49878171,320.780386
scalar,url-safe,padded,192,10,87381,49915712,320.539131
scalar,url-safe,padded,192,11,87381,49801687,321.273032
scalar,url-safe,padded,192,12,87381,49832665,321.073315
scalar,url-safe,padded,192,13,87381,49838496,321.035750
scalar,url-safe,padded,192,14,87381,49896766,320.660841
ssse3-sse4.1,url-safe,padded,192,0,87381,20878177,766.347510
ssse3-sse4.1,url-safe,padded,192,1,87381,20825728,768.277535
ssse3-sse4.1,url-safe,padded,192,2,87381,20837530,767.842396
ssse3-sse4.1,url-safe,padded,192,3,87381,20846327,767.518372
ssse3-sse4.1,url-safe,padded,192,4,87381,20863910,766.871548
ssse3-sse4.1,url-safe,padded,192,5,87381,20863460,766.888089
ssse3-sse4.1,url-safe,padded,192,6,87381,20859713,767.025844
ssse3-sse4.1,url-safe,padded,192,7,87381,20850084,767.380072
ssse3-sse4.1,url-safe,padded,192,8,87381,20834635,767.949089
ssse3-sse4.1,url-safe,padded,192,9,87381,20800992,769.191150
ssse3-sse4.1,url-safe,padded,192,10,87381,20853781,767.244030
ssse3-sse4.1,url-safe,padded,192,11,87381,20827051,768.228731
ssse3-sse4.1,url-safe,padded,192,12,87381,20839334,767.775926
ssse3-sse4.1,url-safe,padded,192,13,87381,20835166,767.929517
ssse3-sse4.1,url-safe,padded,192,14,87381,20826429,768.251675
avx2,url-safe,padded,192,0,87381,18370076,870.978376
avx2,url-safe,padded,192,1,87381,18380386,870.489823
avx2,url-safe,padded,192,2,87381,18411454,869.020935
avx2,url-safe,padded,192,3,87381,18388030,870.127956
avx2,url-safe,padded,192,4,87381,18378112,870.597533
avx2,url-safe,padded,192,5,87381,18392188,869.931243
avx2,url-safe,padded,192,6,87381,18361460,871.387077
avx2,url-safe,padded,192,7,87381,18363073,871.310535
avx2,url-safe,padded,192,8,87381,18364847,871.226369
avx2,url-safe,padded,192,9,87381,18373122,870.833980
avx2,url-safe,padded,192,10,87381,18405403,869.306636
avx2,url-safe,padded,192,11,87381,18464634,866.518067
avx2,url-safe,padded,192,12,87381,18380956,870.462829
avx2,url-safe,padded,192,13,87381,18376478,870.674945
avx2,url-safe,padded,192,14,87381,18397157,869.696278
avx512-vbmi,url-safe,padded,192,0,87381,18880517,847.431189
avx512-vbmi,url-safe,padded,192,1,87381,18886939,847.143042
avx512-vbmi,url-safe,padded,192,2,87381,18916916,845.800603
avx512-vbmi,url-safe,padded,192,3,87381,18876459,847.613367
avx512-vbmi,url-safe,padded,192,4,87381,18890406,846.987564
avx512-vbmi,url-safe,padded,192,5,87381,18896948,846.694343
avx512-vbmi,url-safe,padded,192,6,87381,18922286,845.560572
avx512-vbmi,url-safe,padded,192,7,87381,19094520,837.933552
avx512-vbmi,url-safe,padded,192,8,87381,18878593,847.517554
avx512-vbmi,url-safe,padded,192,9,87381,18880286,847.441557
avx512-vbmi,url-safe,padded,192,10,87381,18877261,847.577356
avx512-vbmi,url-safe,padded,192,11,87381,18894404,846.808344
avx512-vbmi,url-safe,padded,192,12,87381,18881138,847.403317
avx512-vbmi,url-safe,padded,192,13,87381,18914781,845.896073
avx512-vbmi,url-safe,padded,192,14,87381,18949838,844.331174
scalar,url-safe,padded,384,0,43690,49797419,321.296890
scalar,url-safe,padded,384,1,43690,49850740,320.953227
scalar,url-safe,padded,384,2,43690,49800254,321.278599
scalar,url-safe,padded,384,3,43690,49868723,320.837489
scalar,url-safe,padded,384,4,43690,49804332,321.252293
scalar,url-safe,padded,384,5,43690,49810955,321.209578
scalar,url-safe,padded,384,6,43690,50244761,318.436301
scalar,url-safe,padded,384,7,43690,49721045,321.790418
scalar,url-safe,padded,384,8,43690,49680008,322.056226
scalar,url-safe,padded,384,9,43690,49753686,321.579307
scalar,url-safe,padded,384,10,43690,49677063,322.075318
scalar,url-safe,padded,384,11,43690,49620225,322.444242
scalar,url-safe,padded,384,12,43690,49788703,321.353136
scalar,url-safe,padded,384,13,43690,49747766,321.617575
scalar,url-safe,padded,384,14,43690,49772372,321.458577
ssse3-sse4.1,url-safe,padded,384,0,43690,19272906,830.168313
ssse3-sse4.1,url-safe,padded,384,1,43690,19259109,830.763036
ssse3-sse4.1,url-safe,padded,384,2,43690,19262095,830.634251
ssse3-sse4.1,url-safe,padded,384,3,43690,19250283,831.143930
ssse3-sse4.1,url-safe,padded,384,4,43690,19242709,831.471071
ssse3-sse4.1,url-safe,padded,384,5,43690,19252507,831.047918
ssse3-sse4.1,url-safe,padded,384,6,43690,19242148,831.495312
ssse3-sse4.1,url-safe,padded,384,7,43690,19244663,831.386648
ssse3-sse4.1,url-safe,padded,384,8,43690,19234233,831.837477
ssse3-sse4.1,url-safe,padded,384,9,43690,19243300,831.445535
ssse3-sse4.1,url-safe,padded,384,10,43690,19260122,830.719341
ssse3-sse4.1,url-safe,padded,384,11,43690,19232459,831.914206
ssse3-sse4.1,url-safe,padded,384,12,43690,19227600,832.124439
ssse3-sse4.1,url-safe,padded,384,13,43690,19257927,830.814026
ssse3-sse4.1,url-safe,padded,384,14,43690,19260803,830.689970
avx2,url-safe,padded,384,0,43690,18152166,881.424060
avx2,url-safe,padded,384,1,43690,18119755,883.000673
avx2,url-safe,padded,384,2,43690,18119144,883.030449
avx2,url-safe,padded,384,3,43690,18074840,885.194882
avx2,url-safe,padded,384,4,43690,18022563,887.762515
avx2,url-safe,padded,384,5,43690,18051036,886.362193
avx2,url-safe,padded,384,6,43690,18097724,884.075581
avx2,url-safe,padded,384,7,43690,17757193,901.029564
avx2,url-safe,padded,384,8,43690,17639191,907.057237
avx2,url-safe,padded,384,9,43690,17636426,907.199444
avx2,url-safe,padded,384,10,43690,17705165,903.677309
avx2,url-safe,padded,384,11,43690,17773403,900.207791
avx2,url-safe,padded,384,12,43690,17879453,894.868308
avx2,url-safe,padded,384,13,43690,17595869,909.290462
avx2,url-safe,padded,384,14,43690,17596069,909.280127
avx512-vbmi,url-safe,padded,384,0,43690,17758005,900.988363
avx512-vbmi,url-safe,padded,384,1,43690,17801026,898.810881
avx512-vbmi,url-safe,padded,384,2,43690,18340901,872.353864
avx512-vbmi,url-safe,padded,384,3,43690,18275999,875.451780
avx512-vbmi,url-safe,padded,384,4,43690,17975524,890.085644
avx512-vbmi,url-safe,padded,384,5,43690,17748867,901.452237
avx512-vbmi,url-safe,padded,384,6,43690,17805073,898.606586
avx512-vbmi,url-safe,padded,384,7,43690,17780377,899.854703
avx512-vbmi,url-safe,padded,384,8,43690,17904129,893.634974
avx512-vbmi,url-safe,padded,384,9,43690,17421000,918.417764
avx512-vbmi,url-safe,padded,384,10,43690,17386004,920.266432
avx512-vbmi,url-safe,padded,384,11,43690,17403307,919.351469
avx512-vbmi,url-safe,padded,384,12,43690,17531448,912.631738
avx512-vbmi,url-safe,padded,384,13,43690,17458230,916.459221
avx512-vbmi,url-safe,padded,384,14,43690,18320513,873.324664
scalar,url-safe,padded,768,0,21845,49635745,322.343421
scalar,url-safe,padded,768,1,21845,49887128,320.719121
scalar,url-safe,padded,768,2,21845,49298380,324.549323
scalar,url-safe,padded,768,3,21845,49256821,324.823152
scalar,url-safe,padded,768,4,21845,50957522,313.982220
scalar,url-safe,padded,768,5,21845,51212232,312.420592
scalar,url-safe,padded,768,6,21845,50055155,319.642520
scalar,url-safe,padded,768,7,21845,51589062,310.138530
scalar,url-safe,padded,768,8,21845,50595732,316.227382
scalar,url-safe,padded,768,9,21845,50573179,316.368403
scalar,url-safe,padded,768,10,21845,50451320,317.132552
scalar,url-safe,padded,768,11,21845,51023998,313.573152
scalar,url-safe,padded,768,12,21845,50794987,314.986907
scalar,url-safe,padded,768,13,21845,50586033,316.288013
scalar,url-safe,padded,768,14,21845,50768517,315.151137
ssse3-sse4.1,url-safe,padded,768,0,21845,19493911,820.756587
ssse3-sse4.1,url-safe,padded,768,1,21845,19388553,825.216604
ssse3-sse4.1,url-safe,padded,768,2,21845,19567991,817.649388
ssse3-sse4.1,url-safe,padded,768,3,21845,19559555,818.002038
ssse3-sse4.1,url-safe,padded,768,4,21845,19441794,822.956763
ssse3-sse4.1,url-safe,padded,768,5,21845,19478993,821.385164
ssse3-sse4.1,url-safe,padded,768,6,21845,19447434,822.718095
ssse3-sse4.1,url-safe,padded,768,7,21845,19685553,812.766391
ssse3-sse4.1,url-safe,padded,768,8,21845,19542664,818.709049
ssse3-sse4.1,url-safe,padded,768,9,21845,19398622,824.788269
ssse3-sse4.1,url-safe,padded,768,10,21845,19583260,817.011869
ssse3-sse4.1,url-safe,padded,768,11,21845,19520873,819.622968
ssse3-sse4.1,url-safe,padded,768,12,21845,19632593,814.958873
ssse3-sse4.1,url-safe,padded,768,13,21845,19394895,824.946764
ssse3-sse4.1,url-safe,padded,768,14,21845,19293214,829.294479
avx2,url-safe,padded,768,0,21845,18235963,877.373784
avx2,url-safe,padded,768,1,21845,18284766,875.032027
avx2,url-safe,padded,768,2,21845,18031429,887.326005
avx2,url-safe,padded,768,3,21845,18063800,885.735884
avx2,url-safe,padded,768,4,21845,17886576,894.511943
avx2,url-safe,padded,768,5,21845,17712118,903.322565
avx2,url-safe,padded,768,6,21845,17908858,893.399002
avx2,url-safe,padded,768,7,21845,17956278,891.039661
avx2,url-safe,padded,768,8,21845,17941570,891.770110
avx2,url-safe,padded,768,9,21845,17721876,902.825178
avx2,url-safe,padded,768,10,21845,17656633,906.161206
avx2,url-safe,padded,768,11,21845,17809671,898.374589
avx2,url-safe,padded,768,12,21845,17906464,893.518444
avx2,url-safe,padded,768,13,21845,18018024,887.986155
avx2,url-safe,padded,768,14,21845,17973740,890.173990
avx512-vbmi,url-safe,padded,768,0,21845,17948964,891.402749
avx512-vbmi,url-safe,padded,768,1,21845,18114826,883.240935
avx512-vbmi,url-safe,padded,768,2,21845,17774846,900.134711
avx512-vbmi,url-safe,padded,768,3,21845,17526719,912.877981
avx512-vbmi,url-safe,padded,768,4,21845,17508755,913.814595
avx512-vbmi,url-safe,padded,768,5,21845,17475272,915.565484
avx512-vbmi,url-safe,padded,768,6,21845,17467397,915.978257
avx512-vbmi,url-safe,padded,768,7,21845,17469381,915.874229
avx512-vbmi,url-safe,padded,768,8,21845,17434575,917.702660
avx512-vbmi,url-safe,padded,768,9,21845,17478879,915.376544
avx512-vbmi,url-safe,padded,768,10,21845,17473870,915.638943
avx512-vbmi,url-safe,padded,768,11,21845,18105789,883.681780
avx512-vbmi,url-safe,padded,768,12,21845,17471615,915.757121
avx512-vbmi,url-safe,padded,768,13,21845,17452429,916.763842
avx512-vbmi,url-safe,padded,768,14,21845,17440126,917.410566
scalar,url-safe,padded,1024,0,16384,50647709,315.907675
scalar,url-safe,padded,1024,1,16384,50488720,316.902469
scalar,url-safe,padded,1024,2,16384,50427085,317.289806
scalar,url-safe,padded,1024,3,16384,50414220,317.370774
scalar,url-safe,padded,1024,4,16384,50482789,316.939700
scalar,url-safe,padded,1024,5,16384,50367873,317.662809
scalar,url-safe,padded,1024,6,16384,50429900,317.272095
scalar,url-safe,padded,1024,7,16384,50405784,317.423889
scalar,url-safe,padded,1024,8,16384,50413428,317.375759
scalar,url-safe,padded,1024,9,16384,50402558,317.444206
scalar,url-safe,padded,1024,10,16384,50521221,316.698601
scalar,url-safe,padded,1024,11,16384,50349037,317.781649
scalar,url-safe,padded,1024,12,16384,50381489,317.576958
scalar,url-safe,padded,1024,13,16384,50546198,316.542107
scalar,url-safe,padded,1024,14,16384,50484722,316.927565
ssse3-sse4.1,url-safe,padded,1024,0,16384,20343331,786.498534
ssse3-sse4.1,url-safe,padded,1024,1,16384,20291092,788.523358
ssse3-sse4.1,url-safe,padded,1024,2,16384,20444401,782.610359
ssse3-sse4.1,url-safe,padded,1024,3,16384,20279360,788.979534
ssse3-sse4.1,url-safe,padded,1024,4,16384,20173000,793.139345
ssse3-sse4.1,url-safe,padded,1024,5,16384,20119539,795.246849
ssse3-sse4.1,url-safe,padded,1024,6,16384,20235057,790.706940
ssse3-sse4.1,url-safe,padded,1024,7,16384,20160877,793.616270
ssse3-sse4.1,url-safe,padded,1024,8,16384,20151920,793.969011
ssse3-sse4.1,url-safe,padded,1024,9,16384,20173892,793.104276
ssse3-sse4.1,url-safe,padded,1024,10,16384,20206583,791.821160
ssse3-sse4.1,url-safe,padded,1024,11,16384,20603109,776.581826
ssse3-sse4.1,url-safe,padded,1024,12,16384,20370892,785.434433
ssse3-sse4.1,url-safe,padded,1024,13,16384,20346397,786.380016
ssse3-sse4.1,url-safe,padded,1024,14,16384,20352928,786.127677
avx2,url-safe,padded,1024,0,16384,19895037,804.220671
avx2,url-safe,padded,1024,1,16384,19758399,809.782210
avx2,url-safe,padded,1024,2,16384,19693958,812.431914
avx2,url-safe,padded,1024,3,16384,19701342,812.127418
avx2,url-safe,padded,1024,4,16384,19704899,811.980818
avx2,url-safe,padded,1024,5,16384,19704528,811.996106
avx2,url-safe,padded,1024,6,16384,19727141,811.065324
avx2,url-safe,padded,1024,7,16384,19710709,811.741475
avx2,url-safe,padded,1024,8,16384,19705009,811.976285
avx2,url-safe,padded,1024,9,16384,19699078,812.220755
avx2,url-safe,padded,1024,10,16384,19818092,807.343109
avx2,url-safe,padded,1024,11,16384,19701743,812.110888
avx2,url-safe,padded,1024,12,16384,19697454,812.287720
avx2,url-safe,padded,1024,13,16384,19703967,812.019224
avx2,url-safe,padded,1024,14,16384,19692104,812.508404
avx512-vbmi,url-safe,padded,1024,0,16384,19261484,830.673275
avx512-vbmi,url-safe,padded,1024,1,16384,19260432,830.718646
avx512-vbmi,url-safe,padded,1024,2,16384,19270191,830.297946
avx512-vbmi,url-safe,padded,1024,3,16384,19261164,830.687076
avx512-vbmi,url-safe,padded,1024,4,16384,19250424,831.150524
avx512-vbmi,url-safe,padded,1024,5,16384,19261404,830.676725
avx512-vbmi,url-safe,padded,1024,6,16384,19244422,831.409746
avx512-vbmi,url-safe,padded,1024,7,16384,19243581,831.446081
avx512-vbmi,url-safe,padded,1024,8,16384,19265732,830.490116
avx512-vbmi,url-safe,padded,1024,9,16384,19263628,830.580823
avx512-vbmi,url-safe,padded,1024,10,16384,19289657,829.460057
avx512-vbmi,url-safe,padded,1024,11,16384,19471900,821.696907
avx512-vbmi,url-safe,padded,1024,12,16384,19271393,830.246158
avx512-vbmi,url-safe,padded,1024,13,16384,19252286,831.070139
avx512-vbmi,url-safe,padded,1024,14,16384,19273357,830.161554
scalar,url-safe,padded,1536,0,10922,49191238,325.241325
scalar,url-safe,padded,1536,1,10922,49174837,325.349801
scalar,url-safe,padded,1536,2,10922,49188923,325.256632
scalar,url-safe,padded,1536,3,10922,49345829,324.222407
scalar,url-safe,padded,1536,4,10922,49204413,325.154238
scalar,url-safe,padded,1536,5,10922,49201377,325.174302
scalar,url-safe,padded,1536,6,10922,49884593,320.720737
scalar,url-safe,padded,1536,7,10922,49363773,324.104550
scalar,url-safe,padded,1536,8,10922,49279454,324.659105
scalar,url-safe,padded,1536,9,10922,49320191,324.390946
scalar,url-safe,padded,1536,10,10922,49133950,325.620542
scalar,url-safe,padded,1536,11,10922,49201367,325.174368
scalar,url-safe,padded,1536,12,10922,49189515,325.252718
scalar,url-safe,padded,1536,13,10922,49220824,325.045827
scalar,url-safe,padded,1536,14,10922,49178124,325.328055
ssse3-sse4.1,url-safe,padded,1536,0,10922,18789616,851.482193
ssse3-sse4.1,url-safe,padded,1536,1,10922,18815966,850.289772
ssse3-sse4.1,url-safe,padded,1536,2,10922,18800166,851.004371
ssse3-sse4.1,url-safe,padded,1536,3,10922,18812118,850.463698
ssse3-sse4.1,url-safe,padded,1536,4,10922,18822918,849.975728
ssse3-sse4.1,url-safe,padded,1536,5,10922,18808311,850.635841
ssse3-sse4.1,url-safe,padded,1536,6,10922,18820835,850.069800
ssse3-sse4.1,url-safe,padded,1536,7,10922,19038505,840.350828
ssse3-sse4.1,url-safe,padded,1536,8,10922,18811407,850.495842
ssse3-sse4.1,url-safe,padded,1536,9,10922,18801899,850.925932
ssse3-sse4.1,url-safe,padded,1536,10,10922,18836243,849.374445
ssse3-sse4.1,url-safe,padded,1536,11,10922,18907057,846.193220
ssse3-sse4.1,url-safe,padded,1536,12,10922,18867652,847.960490
ssse3-sse4.1,url-safe,padded,1536,13,10922,18841544,849.135476
ssse3-sse4.1,url-safe,padded,1536,14,10922,18829561,849.675860
avx2,url-safe,padded,1536,0,10922,17618662,908.072556
avx2,url-safe,padded,1536,1,10922,17629101,907.534845
avx2,url-safe,padded,1536,2,10922,17634372,907.263578
avx2,url-safe,padded,1536,3,10922,17601109,908.978147
avx2,url-safe,padded,1536,4,10922,17592342,909.431128
avx2,url-safe,padded,1536,5,10922,17588194,909.645609
avx2,url-safe,padded,1536,6,10922,17583265,909.900604
avx2,url-safe,padded,1536,7,10922,17608202,908.611989
avx2,url-safe,padded,1536,8,10922,17957570,890.934767
avx2,url-safe,padded,1536,9,10922,17653568,906.277045
avx2,url-safe,padded,1536,10,10922,17605236,908.765065
avx2,url-safe,padded,1536,11,10922,17589287,909.589083
avx2,url-safe,padded,1536,12,10922,17622479,907.875869
avx2,url-safe,padded,1536,13,10922,17646354,906.647540
avx2,url-safe,padded,1536,14,10922,17617370,908.139151
avx512-vbmi,url-safe,padded,1536,0,10922,17189885,930.723122
avx512-vbmi,url-safe,padded,1536,1,10922,17196257,930.378247
avx512-vbmi,url-safe,padded,1536,2,10922,17200284,930.160423
avx512-vbmi,url-safe,padded,1536,3,10922,17194894,930.451996
avx512-vbmi,url-safe,padded,1536,4,10922,17211756,929.540451
avx512-vbmi,url-safe,padded,1536,5,10922,17202279,930.052549
avx512-vbmi,url-safe,padded,1536,6,10922,17203641,929.978918
avx512-vbmi,url-safe,padded,1536,7,10922,17193591,930.522509
avx512-vbmi,url-safe,padded,1536,8,10922,17189374,930.750790
avx512-vbmi,url-safe,padded,1536,9,10922,17182511,931.122549
avx512-vbmi,url-safe,padded,1536,10,10922,17266028,926.618643
avx512-vbmi,url-safe,padded,1536,11,10922,17243836,927.811157
avx512-vbmi,url-safe,padded,1536,12,10922,17208310,929.726594
avx512-vbmi,url-safe,padded,1536,13,10922,17230191,928.545913
avx512-vbmi,url-safe,padded,1536,14,10922,17203360,929.994108
scalar,url-safe,padded,3072,0,5461,49267742,324.736284
scalar,url-safe,padded,3072,1,5461,49101169,325.837933
scalar,url-safe,padded,3072,2,5461,49072956,326.025264
scalar,url-safe,padded,3072,3,5461,49063988,326.084856
scalar,url-safe,padded,3072,4,5461,49074388,326.015751
scalar,url-safe,padded,3072,5,5461,49090328,325.909891
scalar,url-safe,padded,3072,6,5461,49077474,325.995251
scalar,url-safe,padded,3072,7,5461,49285936,324.616407
scalar,url-safe,padded,3072,8,5461,49105988,325.805957
scalar,url-safe,padded,3072,9,5461,49073246,326.023337
scalar,url-safe,padded,3072,10,5461,49079889,325.979210
scalar,url-safe,padded,3072,11,5461,49128370,325.657526
scalar,url-safe,padded,3072,12,5461,49144620,325.549845
scalar,url-safe,padded,3072,13,5461,49082473,325.962048
scalar,url-safe,padded,3072,14,5461,49104235,325.817589
ssse3-sse4.1,url-safe,padded,3072,0,5461,18682535,856.362557
ssse3-sse4.1,url-safe,padded,3072,1,5461,18707562,855.216914
ssse3-sse4.1,url-safe,padded,3072,2,5461,18700689,855.531229
ssse3-sse4.1,url-safe,padded,3072,3,5461,18713383,854.950889
ssse3-sse4.1,url-safe,padded,3072,4,5461,18718672,854.709321
ssse3-sse4.1,url-safe,padded,3072,5,5461,18704235,855.369035
ssse3-sse4.1,url-safe,padded,3072,6,5461,18707802,855.205942
ssse3-sse4.1,url-safe,padded,3072,7,5461,18705628,855.305336
ssse3-sse4.1,url-safe,padded,3072,8,5461,18713002,854.968296
ssse3-sse4.1,url-safe,padded,3072,9,5461,18712871,854.974281
ssse3-sse4.1,url-safe,padded,3072,10,5461,18742127,853.639688
ssse3-sse4.1,url-safe,padded,3072,11,5461,18749360,853.310376
ssse3-sse4.1,url-safe,padded,3072,12,5461,18753348,853.128915
ssse3-sse4.1,url-safe,padded,3072,13,5461,18749801,853.290306
ssse3-sse4.1,url-safe,padded,3072,14,5461,18729002,854.237905
avx2,url-safe,padded,3072,0,5461,17505529,913.941158
avx2,url-safe,padded,3072,1,5461,17312116,924.151816
avx2,url-safe,padded,3072,2,5461,17324719,923.479535
avx2,url-safe,padded,3072,3,5461,17336741,922.839156
avx2,url-safe,padded,3072,4,5461,17341390,922.591755
avx2,url-safe,padded,3072,5,5461,17336291,922.863111
avx2,url-safe,padded,3072,6,5461,17311264,924.197299
avx2,url-safe,padded,3072,7,5461,17323697,923.534015
avx2,url-safe,padded,3072,8,5461,17329799,923.208829
avx2,url-safe,padded,3072,9,5461,17327063,923.354606
avx2,url-safe,padded,3072,10,5461,17320060,923.727945
avx2,url-safe,padded,3072,11,5461,17320421,923.708693
avx2,url-safe,padded,3072,12,5461,17353172,921.965358
avx2,url-safe,padded,3072,13,5461,17313818,924.060969
avx2,url-safe,padded,3072,14,5461,17310031,924.263130
avx512-vbmi,url-safe,padded,3072,0,5461,16894178,947.014021
avx512-vbmi,url-safe,padded,3072,1,5461,16890622,947.213397
avx512-vbmi,url-safe,padded,3072,2,5461,17058318,937.901582
avx512-vbmi,url-safe,padded,3072,3,5461,16920848,945.521373
avx512-vbmi,url-safe,padded,3072,4,5461,16895862,946.919633
avx512-vbmi,url-safe,padded,3072,5,5461,16962437,943.203116
avx512-vbmi,url-safe,padded,3072,6,5461,16926960,945.179964
avx512-vbmi,url-safe,padded,3072,7,5461,17590910,909.505161
avx512-vbmi,url-safe,padded,3072,8,5461,17273332,926.226824
avx512-vbmi,url-safe,padded,3072,9,5461,17004296,940.881260
avx512-vbmi,url-safe,padded,3072,10,5461,17190546,930.687335
avx512-vbmi,url-safe,padded,3072,11,5461,17284543,925.626060
avx512-vbmi,url-safe,padded,3072,12,5461,17249837,927.488384
avx512-vbmi,url-safe,padded,3072,13,5461,17239418,928.048931
avx512-vbmi,url-safe,padded,3072,14,5461,17219070,929.145618
scalar,url-safe,padded,4096,0,4096,51047722,313.432204
scalar,url-safe,padded,4096,1,4096,51357445,311.541978
scalar,url-safe,padded,4096,2,4096,51286181,311.974877
scalar,url-safe,padded,4096,3,4096,51211070,312.432449
scalar,url-safe,padded,4096,4,4096,51222061,312.365408
scalar,url-safe,padded,4096,5,4096,51574904,310.228401
scalar,url-safe,padded,4096,6,4096,51059144,313.362088
scalar,url-safe,padded,4096,7,4096,51446744,311.001217
scalar,url-safe,padded,4096,8,4096,51300088,311.890303
scalar,url-safe,padded,4096,9,4096,51238471,312.265368
scalar,url-safe,padded,4096,10,4096,51418450,311.172352
scalar,url-safe,padded,4096,11,4096,51155986,312.768871
scalar,url-safe,padded,4096,12,4096,51261705,312.123836
scalar,url-safe,padded,4096,13,4096,51140336,312.864585
scalar,url-safe,padded,4096,14,4096,50465928,317.045592
ssse3-sse4.1,url-safe,padded,4096,0,4096,19822730,807.154211
ssse3-sse4.1,url-safe,padded,4096,1,4096,19811480,807.612556
ssse3-sse4.1,url-safe,padded,4096,2,4096,19708345,811.838843
ssse3-sse4.1,url-safe,padded,4096,3,4096,19723614,811.210359
ssse3-sse4.1,url-safe,padded,4096,4,4096,19695290,812.376969
ssse3-sse4.1,url-safe,padded,4096,5,4096,19679902,813.012179
ssse3-sse4.1,url-safe,padded,4096,6,4096,19705179,811.969280
ssse3-sse4.1,url-safe,padded,4096,7,4096,19686594,812.735814
ssse3-sse4.1,url-safe,padded,4096,8,4096,19658581,813.893943
ssse3-sse4.1,url-safe,padded,4096,9,4096,19651187,814.200180
ssse3-sse4.1,url-safe,padded,4096,10,4096,19646027,814.414029
ssse3-sse4.1,url-safe,padded,4096,11,4096,19640357,814.649143
ssse3-sse4.1,url-safe,padded,4096,12,4096,19628285,815.150177
ssse3-sse4.1,url-safe,padded,4096,13,4096,19629016,815.119821
ssse3-sse4.1,url-safe,padded,4096,14,4096,19647771,814.341739
avx2,url-safe,padded,4096,0,4096,18523445,863.770211
avx2,url-safe,padded,4096,1,4096,18521742,863.849631
avx2,url-safe,padded,4096,2,4096,18586654,860.832724
avx2,url-safe,padded,4096,3,4096,18515761,864.128674
avx2,url-safe,padded,4096,4,4096,18509399,864.425690
avx2,url-safe,padded,4096,5,4096,18506393,864.566099
avx2,url-safe,padded,4096,6,4096,18501174,864.809984
avx2,url-safe,padded,4096,7,4096,18506853,864.544610
avx2,url-safe,padded,4096,8,4096,18494741,865.110790
avx2,url-safe,padded,4096,9,4096,18494711,865.112193
avx2,url-safe,padded,4096,10,4096,18492277,865.226062
avx2,url-safe,padded,4096,11,4096,18495643,865.068600
avx2,url-safe,padded,4096,12,4096,18489701,865.346606
avx2,url-safe,padded,4096,13,4096,18496524,865.027396
avx2,url-safe,padded,4096,14,4096,18497216,864.995035
avx512-vbmi,url-safe,padded,4096,0,4096,18080040,884.953794
avx512-vbmi,url-safe,padded,4096,1,4096,18076695,885.117551
avx512-vbmi,url-safe,padded,4096,2,4096,18093847,884.278506
avx512-vbmi,url-safe,padded,4096,3,4096,18134383,882.301868
avx512-vbmi,url-safe,padded,4096,4,4096,18126988,882.661808
avx512-vbmi,url-safe,padded,4096,5,4096,18077976,885.054831
avx512-vbmi,url-safe,padded,4096,6,4096,18077075,885.098944
avx512-vbmi,url-safe,padded,4096,7,4096,18075602,885.171072
avx512-vbmi,url-safe,padded,4096,8,4096,18097634,884.093468
avx512-vbmi,url-safe,padded,4096,9,4096,18056296,886.117507
avx512-vbmi,url-safe,padded,4096,10,4096,18058660,886.001508
avx512-vbmi,url-safe,padded,4096,11,4096,18063199,885.778870
avx512-vbmi,url-safe,padded,4096,12,4096,18065142,885.683600
avx512-vbmi,url-safe,padded,4096,13,4096,18058059,886.030996
avx512-vbmi,url-safe,padded,4096,14,4096,18059001,885.984778
scalar,url-safe,padded,8192,0,2048,50092505,319.409061
scalar,url-safe,padded,8192,1,2048,50069731,319.554343
scalar,url-safe,padded,8192,2,2048,50052389,319.665061
scalar,url-safe,padded,8192,3,2048,50064702,319.586442
scalar,url-safe,padded,8192,4,2048,50033774,319.783992
scalar,url-safe,padded,8192,5,2048,50127270,319.187540
scalar,url-safe,padded,8192,6,2048,50059192,319.621619
scalar,url-safe,padded,8192,7,2048,50062749,319.598910
scalar,url-safe,padded,8192,8,2048,50397899,317.473552
scalar,url-safe,padded,8192,9,2048,50161204,318.971610
scalar,url-safe,padded,8192,10,2048,50080462,319.485871
scalar,url-safe,padded,8192,11,2048,50064432,319.588166
scalar,url-safe,padded,8192,12,2048,50099739,319.362941
scalar,url-safe,padded,8192,13,2048,50190159,318.787593
scalar,url-safe,padded,8192,14,2048,50177063,318.870796
ssse3-sse4.1,url-safe,padded,8192,0,2048,19573691,817.423755
ssse3-sse4.1,url-safe,padded,8192,1,2048,19548565,818.474400
ssse3-sse4.1,url-safe,padded,8192,2,2048,19584632,816.967100
ssse3-sse4.1,url-safe,padded,8192,3,2048,19551620,818.346510
ssse3-sse4.1,url-safe,padded,8192,4,2048,19581196,817.110456
ssse3-sse4.1,url-safe,padded,8192,5,2048,19565216,817.777836
ssse3-sse4.1,url-safe,padded,8192,6,2048,19576236,817.317486
ssse3-sse4.1,url-safe,padded,8192,7,2048,19561719,817.924028
ssse3-sse4.1,url-safe,padded,8192,8,2048,19620921,815.456114
ssse3-sse4.1,url-safe,padded,8192,9,2048,19547904,818.502076
ssse3-sse4.1,url-safe,padded,8192,10,2048,19574945,817.371390
ssse3-sse4.1,url-safe,padded,8192,11,2048,19555618,818.179206
ssse3-sse4.1,url-safe,padded,8192,12,2048,19547924,818.501238
ssse3-sse4.1,url-safe,padded,8192,13,2048,19558813,818.045553
ssse3-sse4.1,url-safe,padded,8192,14,2048,19563252,817.859935
avx2,url-safe,padded,8192,0,2048,18329099,872.928888
avx2,url-safe,padded,8192,1,2048,18347454,872.055600
avx2,url-safe,padded,8192,2,2048,18318289,873.444021
avx2,url-safe,padded,8192,3,2048,18339138,872.451039
avx2,url-safe,padded,8192,4,2048,18327887,872.986613
avx2,url-safe,padded,8192,5,2048,18339409,872.438147
avx2,url-safe,padded,8192,6,2048,18322607,873.238181
avx2,url-safe,padded,8192,7,2048,18316695,873.520032
avx2,url-safe,padded,8192,8,2048,18342605,872.286134
avx2,url-safe,padded,8192,9,2048,18317246,873.493756
avx2,url-safe,padded,8192,10,2048,18391898,869.948278
avx2,url-safe,padded,8192,11,2048,18314592,873.620335
avx2,url-safe,padded,8192,12,2048,18344247,872.208055
avx2,url-safe,padded,8192,13,2048,18326174,873.068214
avx2,url-safe,padded,8192,14,2048,18314471,873.626107
avx512-vbmi,url-safe,padded,8192,0,2048,17957871,890.974214
avx512-vbmi,url-safe,padded,8192,1,2048,17938784,891.922217
avx512-vbmi,url-safe,padded,8192,2,2048,17961337,890.802283
avx512-vbmi,url-safe,padded,8192,3,2048,17939686,891.877372
avx512-vbmi,url-safe,padded,8192,4,2048,17947281,891.499944
avx512-vbmi,url-safe,padded,8192,5,2048,17940178,891.852912
avx512-vbmi,url-safe,padded,8192,6,2048,17942732,891.725965
avx512-vbmi,url-safe,padded,8192,7,2048,17952942,891.218832
avx512-vbmi,url-safe,padded,8192,8,2048,17972447,890.251617
avx512-vbmi,url-safe,padded,8192,9,2048,17943794,891.673188
avx512-vbmi,url-safe,padded,8192,10,2048,17918757,892.919079
avx512-vbmi,url-safe,padded,8192,11,2048,17924347,892.640608
avx512-vbmi,url-safe,padded,8192,12,2048,17938564,891.933156
avx512-vbmi,url-safe,padded,8192,13,2048,17933966,892.161834
avx512-vbmi,url-safe,padded,8192,14,2048,17928955,892.411186
scalar,url-safe,padded,16384,0,1024,50062748,319.598916
scalar,url-safe,padded,16384,1,1024,50011622,319.925636
scalar,url-safe,padded,16384,2,1024,51255534,312.161415
scalar,url-safe,padded,16384,3,1024,50199346,318.729252
scalar,url-safe,padded,16384,4,1024,49970064,320.191705
scalar,url-safe,padded,16384,5,1024,50081414,319.479797
scalar,url-safe,padded,16384,6,1024,49970335,320.189969
scalar,url-safe,padded,16384,7,1024,50002275,319.985441
scalar,url-safe,padded,16384,8,1024,49964033,320.230355
scalar,url-safe,padded,16384,9,1024,50134683,319.140344
scalar,url-safe,padded,16384,10,1024,50071244,319.544687
scalar,url-safe,padded,16384,11,1024,50193926,318.763669
scalar,url-safe,padded,16384,12,1024,50044124,319.717855
scalar,url-safe,padded,16384,13,1024,50146165,319.067271
scalar,url-safe,padded,16384,14,1024,49985342,320.093839
ssse3-sse4.1,url-safe,padded,16384,0,1024,19470437,821.758649
ssse3-sse4.1,url-safe,padded,16384,1,1024,19540249,818.822728
ssse3-sse4.1,url-safe,padded,16384,2,1024,19443306,822.905323
ssse3-sse4.1,url-safe,padded,16384,3,1024,19492219,820.840357
ssse3-sse4.1,url-safe,padded,16384,4,1024,19484945,821.146788
ssse3-sse4.1,url-safe,padded,16384,5,1024,19589331,816.771129
ssse3-sse4.1,url-safe,padded,16384,6,1024,19512216,819.999123
ssse3-sse4.1,url-safe,padded,16384,7,1024,19824714,807.073434
ssse3-sse4.1,url-safe,padded,16384,8,1024,19369177,826.054716
ssse3-sse4.1,url-safe,padded,16384,9,1024,19366121,826.185068
ssse3-sse4.1,url-safe,padded,16384,10,1024,19362344,826.346232
ssse3-sse4.1,url-safe,padded,16384,11,1024,19357014,826.573768
ssse3-sse4.1,url-safe,padded,16384,12,1024,19375579,825.781774
ssse3-sse4.1,url-safe,padded,16384,13,1024,19365760,826.200469
ssse3-sse4.1,url-safe,padded,16384,14,1024,19360320,826.432621
avx2,url-safe,padded,16384,0,1024,18175741,880.294234
avx2,url-safe,padded,16384,1,1024,18168657,880.637463
avx2,url-safe,padded,16384,2,1024,18175730,880.294767
avx2,url-safe,padded,16384,3,1024,18166753,880.729759
avx2,url-safe,padded,16384,4,1024,18169078,880.617057
avx2,url-safe,padded,16384,5,1024,18171573,880.496146
avx2,url-safe,padded,16384,6,1024,18169038,880.618996
avx2,url-safe,padded,16384,7,1024,18167014,880.717106
avx2,url-safe,padded,16384,8,1024,18164539,880.837108
avx2,url-safe,padded,16384,9,1024,18161093,881.004244
avx2,url-safe,padded,16384,10,1024,18158037,881.152517
avx2,url-safe,padded,16384,11,1024,18217038,878.298656
avx2,url-safe,padded,16384,12,1024,18254569,876.492893
avx2,url-safe,padded,16384,13,1024,18290677,874.762591
avx2,url-safe,padded,16384,14,1024,18277001,875.417143
avx512-vbmi,url-safe,padded,16384,0,1024,17851681,896.274138
avx512-vbmi,url-safe,padded,16384,1,1024,17870065,895.352087
avx512-vbmi,url-safe,padded,16384,2,1024,17886296,894.539596
avx512-vbmi,url-safe,padded,16384,3,1024,17851090,896.303811
avx512-vbmi,url-safe,padded,16384,4,1024,17898258,893.941746
avx512-vbmi,url-safe,padded,16384,5,1024,17877119,894.998797
avx512-vbmi,url-safe,padded,16384,6,1024,17871868,895.261760
avx512-vbmi,url-safe,padded,16384,7,1024,17870356,895.337508
avx512-vbmi,url-safe,padded,16384,8,1024,17844598,896.629893
avx512-vbmi,url-safe,padded,16384,9,1024,17856379,896.038329
avx512-vbmi,url-safe,padded,16384,10,1024,17890533,894.327743
avx512-vbmi,url-safe,padded,16384,11,1024,17883371,894.685907
avx512-vbmi,url-safe,padded,16384,12,1024,17874483,895.130785
avx512-vbmi,url-safe,padded,16384,13,1024,17873592,895.175407
avx512-vbmi,url-safe,padded,16384,14,1024,17846541,896.532275
scalar,url-safe,padded,65536,0,256,49961759,320.244930
scalar,url-safe,padded,65536,1,256,49989260,320.068751
scalar,url-safe,padded,65536,2,256,49972689,320.174886
scalar,url-safe,padded,65536,3,256,50623083,316.061351
scalar,url-safe,padded,65536,4,256,49980043,320.127776
scalar,url-safe,padded,65536,5,256,50015620,319.900063
scalar,url-safe,padded,65536,6,256,50075342,319.518537
scalar,url-safe,padded,65536,7,256,49993819,320.039563
scalar,url-safe,padded,65536,8,256,50003667,319.976533
scalar,url-safe,padded,65536,9,256,49981866,320.116100
scalar,url-safe,padded,65536,10,256,49986264,320.087935
scalar,url-safe,padded,65536,11,256,51780281,308.997937
scalar,url-safe,padded,65536,12,256,49962800,320.238257
scalar,url-safe,padded,65536,13,256,50011221,319.928202
scalar,url-safe,padded,65536,14,256,50049423,319.684005
ssse3-sse4.1,url-safe,padded,65536,0,256,19439720,823.057122
ssse3-sse4.1,url-safe,padded,65536,1,256,19428288,823.541426
ssse3-sse4.1,url-safe,padded,65536,2,256,19412608,824.206619
ssse3-sse4.1,url-safe,padded,65536,3,256,19329953,827.730931
ssse3-sse4.1,url-safe,padded,65536,4,256,19332177,827.635708
ssse3-sse4.1,url-safe,padded,65536,5,256,19521954,819.590088
ssse3-sse4.1,url-safe,padded,65536,6,256,19606103,816.072424
ssse3-sse4.1,url-safe,padded,65536,7,256,19587608,816.842975
ssse3-sse4.1,url-safe,padded,65536,8,256,19598769,816.377804
ssse3-sse4.1,url-safe,padded,65536,9,256,19541121,818.786189
ssse3-sse4.1,url-safe,padded,65536,10,256,19400886,824.704604
ssse3-sse4.1,url-safe,padded,65536,11,256,19361232,826.393692
ssse3-sse4.1,url-safe,padded,65536,12,256,19360892,826.408205
ssse3-sse4.1,url-safe,padded,65536,13,256,19444018,822.875190
ssse3-sse4.1,url-safe,padded,65536,14,256,19625810,815.252976
avx2,url-safe,padded,65536,0,256,18906426,846.273114
avx2,url-safe,padded,65536,1,256,18720446,854.680492
avx2,url-safe,padded,65536,2,256,18524396,863.725867
avx2,url-safe,padded,65536,3,256,18644001,858.184893
avx2,url-safe,padded,65536,4,256,18691822,855.989320
avx2,url-safe,padded,65536,5,256,18665682,857.188074
avx2,url-safe,padded,65536,6,256,18663498,857.288382
avx2,url-safe,padded,65536,7,256,18488580,865.399073
avx2,url-safe,padded,65536,8,256,18534126,863.272431
avx2,url-safe,padded,65536,9,256,18720275,854.688299
avx2,url-safe,padded,65536,10,256,18639494,858.392401
avx2,url-safe,padded,65536,11,256,18754269,853.139091
avx2,url-safe,padded,65536,12,256,18817098,850.290518
avx2,url-safe,padded,65536,13,256,18710417,855.138611
avx2,url-safe,padded,65536,14,256,18564883,861.842221
avx512-vbmi,url-safe,padded,65536,0,256,18211598,878.561014
avx512-vbmi,url-safe,padded,65536,1,256,18268986,875.801208
avx512-vbmi,url-safe,padded,65536,2,256,18398160,869.652183
avx512-vbmi,url-safe,padded,65536,3,256,18309242,873.875609
avx512-vbmi,url-safe,padded,65536,4,256,18270329,875.736830
avx512-vbmi,url-safe,padded,65536,5,256,18377320,870.638374
avx512-vbmi,url-safe,padded,65536,6,256,18285427,875.013747
avx512-vbmi,url-safe,padded,65536,7,256,18616309,859.461454
avx512-vbmi,url-safe,padded,65536,8,256,18410733,869.058282
avx512-vbmi,url-safe,padded,65536,9,256,18331193,872.829172
avx512-vbmi,url-safe,padded,65536,10,256,18212590,878.513160
avx512-vbmi,url-safe,padded,65536,11,256,18286619,874.956710
avx512-vbmi,url-safe,padded,65536,12,256,18422034,868.525159
avx512-vbmi,url-safe,padded,65536,13,256,18256713,876.389961
avx512-vbmi,url-safe,padded,65536,14,256,18313811,873.657591
scalar,url-safe,unpadded,12,0,1398101,59606942,268.425047
scalar,url-safe,unpadded,12,1,1398101,59748760,267.787920
scalar,url-safe,unpadded,12,2,1398101,59617863,268.375876
scalar,url-safe,unpadded,12,3,1398101,59575673,268.565933
scalar,url-safe,unpadded,12,4,1398101,59545467,268.702170
scalar,url-safe,unpadded,12,5,1398101,59066204,270.882418
scalar,url-safe,unpadded,12,6,1398101,58877971,271.748430
scalar,url-safe,unpadded,12,7,1398101,58697551,272.583709
scalar,url-safe,unpadded,12,8,1398101,58604456,273.016717
scalar,url-safe,unpadded,12,9,1398101,58596140,273.055464
scalar,url-safe,unpadded,12,10,1398101,58705957,272.544679
scalar,url-safe,unpadded,12,11,1398101,59111801,270.673468
scalar,url-safe,unpadded,12,12,1398101,58810904,272.058328
scalar,url-safe,unpadded,12,13,1398101,58583175,273.115894
scalar,url-safe,unpadded,12,14,1398101,58545304,273.292563
ssse3-sse4.1,url-safe,unpadded,12,0,1398101,40337153,396.656556
ssse3-sse4.1,url-safe,unpadded,12,1,1398101,40683505,393.279689
ssse3-sse4.1,url-safe,unpadded,12,2,1398101,40834780,391.822760
ssse3-sse4.1,url-safe,unpadded,12,3,1398101,40716798,392.958115
ssse3-sse4.1,url-safe,unpadded,12,4,1398101,40938375,390.831248
ssse3-sse4.1,url-safe,unpadded,12,5,1398101,41600721,384.608627
ssse3-sse4.1,url-safe,unpadded,12,6,1398101,40800465,392.152300
ssse3-sse4.1,url-safe,unpadded,12,7,1398101,40742606,392.709199
ssse3-sse4.1,url-safe,unpadded,12,8,1398101,40400702,396.032628
ssse3-sse4.1,url-safe,unpadded,12,9,1398101,40595449,394.132756
ssse3-sse4.1,url-safe,unpadded,12,10,1398101,40394772,396.090766
ssse3-sse4.1,url-safe,unpadded,12,11,1398101,40687192,393.244050
ssse3-sse4.1,url-safe,unpadded,12,12,1398101,40533934,394.730898
ssse3-sse4.1,url-safe,unpadded,12,13,1398101,40619345,393.900891
ssse3-sse4.1,url-safe,unpadded,12,14,1398101,40291647,397.104546
scalar,url-safe,unpadded,24,0,699050,55744834,287.021838
scalar,url-safe,unpadded,24,1,699050,55613105,287.701698
scalar,url-safe,unpadded,24,2,699050,55636440,287.581030
scalar,url-safe,unpadded,24,3,699050,55668179,287.417067
scalar,url-safe,unpadded,24,4,699050,55650946,287.506069
scalar,url-safe,unpadded,24,5,699050,55625569,287.637233
scalar,url-safe,unpadded,24,6,699050,55608016,287.728027
scalar,url-safe,unpadded,24,7,699050,55568903,287.930549
scalar,url-safe,unpadded,24,8,699050,55583450,287.855193
scalar,url-safe,unpadded,24,9,699050,55599921,287.769919
scalar,url-safe,unpadded,24,10,699050,55595732,287.791601
scalar,url-safe,unpadded,24,11,699050,55650816,287.506741
scalar,url-safe,unpadded,24,12,699050,55593728,287.801975
scalar,url-safe,unpadded,24,13,699050,55566177,287.944674
scalar,url-safe,unpadded,24,14,699050,55599420,287.772512
ssse3-sse4.1,url-safe,unpadded,24,0,699050,26209021,610.476246
ssse3-sse4.1,url-safe,unpadded,24,1,699050,25931869,617.000832
ssse3-sse4.1,url-safe,unpadded,24,2,699050,25831720,619.392930
ssse3-sse4.1,url-safe,unpadded,24,3,699050,25967736,616.148622
ssse3-sse4.1,url-safe,unpadded,24,4,699050,25908014,617.568940
ssse3-sse4.1,url-safe,unpadded,24,5,699050,25789902,620.397268
ssse3-sse4.1,url-safe,unpadded,24,6,699050,25963178,616.256790
ssse3-sse4.1,url-safe,unpadded,24,7,699050,25886845,618.073958
ssse3-sse4.1,url-safe,unpadded,24,8,699050,25954021,616.474216
ssse3-sse4.1,url-safe,unpadded,24,9,699050,26007371,615.209617
ssse3-sse4.1,url-safe,unpadded,24,10,699050,25838273,619.235842
ssse3-sse4.1,url-safe,unpadded,24,11,699050,25968228,616.136948
ssse3-sse4.1,url-safe,unpadded,24,12,699050,25801714,620.113251
ssse3-sse4.1,url-safe,unpadded,24,13,699050,25941687,616.767319
ssse3-sse4.1,url-safe,unpadded,24,14,699050,26038369,614.477226
avx2,url-safe,unpadded,24,0,699050,25342530,631.349149
avx2,url-safe,unpadded,24,1,699050,23754661,673.551382
avx2,url-safe,unpadded,24,2,699050,23027853,694.810095
avx2,url-safe,unpadded,24,3,699050,23616892,677.480540
avx2,url-safe,unpadded,24,4,699050,22927234,697.859355
avx2,url-safe,unpadded,24,5,699050,23026720,694.844283
avx2,url-safe,unpadded,24,6,699050,23446562,682.402168
avx2,url-safe,unpadded,24,7,699050,25179333,635.441167
avx2,url-safe,unpadded,24,8,699050,25255617,633.521832
avx2,url-safe,unpadded,24,9,699050,24573542,651.106167
avx2,url-safe,unpadded,24,10,699050,22924488,697.942948
avx2,url-safe,unpadded,24,11,699050,24843040,644.042949
avx2,url-safe,unpadded,24,12,699050,24821829,644.593303
avx2,url-safe,unpadded,24,13,699050,24605633,650.256986
avx2,url-safe,unpadded,24,14,699050,23019437,695.064121
scalar,url-safe,unpadded,48,0,349525,54676662,292.629143
scalar,url-safe,unpadded,48,1,349525,54601562,293.031631
scalar,url-safe,unpadded,48,2,349525,54660222,292.717156
scalar,url-safe,unpadded,48,3,349525,54816566,291.882289
scalar,url-safe,unpadded,48,4,349525,55088378,290.442110
scalar,url-safe,unpadded,48,5,349525,54780288,292.075586
scalar,url-safe,unpadded,48,6,349525,54666854,292.681645
scalar,url-safe,unpadded,48,7,349525,54768827,292.136707
scalar,url-safe,unpadded,48,8,349525,54909932,291.385987
scalar,url-safe,unpadded,48,9,349525,54998438,290.917076
scalar,url-safe,unpadded,48,10,349525,54974944,291.041401
scalar,url-safe,unpadded,48,11,349525,54811226,291.910725
scalar,url-safe,unpadded,48,12,349525,54848306,291.713380
scalar,url-safe,unpadded,48,13,349525,54730103,292.343406
scalar,url-safe,unpadded,48,14,349525,54744430,292.266898
ssse3-sse4.1,url-safe,unpadded,48,0,349525,19137621,836.048783
ssse3-sse4.1,url-safe,unpadded,48,1,349525,19210178,832.891020
ssse3-sse4.1,url-safe,unpadded,48,2,349525,19170934,834.595995
ssse3-sse4.1,url-safe,unpadded,48,3,349525,19119317,836.849179
ssse3-sse4.1,url-safe,unpadded,48,4,349525,19069964,839.014942
ssse3-sse4.1,url-safe,unpadded,48,5,349525,19035509,840.533591
ssse3-sse4.1,url-safe,unpadded,48,6,349525,18977640,843.096652
ssse3-sse4.1,url-safe,unpadded,48,7,349525,19280410,829.857080
ssse3-sse4.1,url-safe,unpadded,48,8,349525,18997307,842.223834
ssse3-sse4.1,url-safe,unpadded,48,9,349525,19382291,825.495022
ssse3-sse4.1,url-safe,unpadded,48,10,349525,19159522,835.093106
ssse3-sse4.1,url-safe,unpadded,48,11,349525,19422217,823.798063
ssse3-sse4.1,url-safe,unpadded,48,12,349525,19144514,835.747763
ssse3-sse4.1,url-safe,unpadded,48,13,349525,19083168,838.434412
ssse3-sse4.1,url-safe,unpadded,48,14,349525,19111061,837.210699
avx2,url-safe,unpadded,48,0,349525,18352323,871.823406
avx2,url-safe,unpadded,48,1,349525,18156084,881.246459
avx2,url-safe,unpadded,48,2,349525,18483610,865.630942
avx2,url-safe,unpadded,48,3,349525,18316596,873.523920
avx2,url-safe,unpadded,48,4,349525,17644701,906.786958
avx2,url-safe,unpadded,48,5,349525,16697328,958.236236
avx2,url-safe,unpadded,48,6,349525,16778110,953.622592
avx2,url-safe,unpadded,48,7,349525,16990970,941.675769
avx2,url-safe,unpadded,48,8,349525,18327527,873.002928
avx2,url-safe,unpadded,48,9,349525,18259979,876.232374
avx2,url-safe,unpadded,48,10,349525,17354946,921.926507
avx2,url-safe,unpadded,48,11,349525,16663214,960.197999
avx2,url-safe,unpadded,48,12,349525,17571804,910.548783
avx2,url-safe,unpadded,48,13,349525,18407176,869.225390
avx2,url-safe,unpadded,48,14,349525,18345540,872.145750
avx512-vbmi,url-safe,unpadded,48,0,349525,18674990,856.760017
avx512-vbmi,url-safe,unpadded,48,1,349525,18542551,862.879371
avx512-vbmi,url-safe,unpadded,48,2,349525,18449897,867.212686
avx512-vbmi,url-safe,unpadded,48,3,349525,18493849,865.151691
avx512-vbmi,url-safe,unpadded,48,4,349525,18455237,866.961759
avx512-vbmi,url-safe,unpadded,48,5,349525,18467770,866.373403
avx512-vbmi,url-safe,unpadded,48,6,349525,17411121,918.952016
avx512-vbmi,url-safe,unpadded,48,7,349525,16930386,945.045479
avx512-vbmi,url-safe,unpadded,48,8,349525,17143799,933.281167
avx512-vbmi,url-safe,unpadded,48,9,349525,16907844,946.305439
avx512-vbmi,url-safe,unpadded,48,10,349525,17076983,936.932756
avx512-vbmi,url-safe,unpadded,48,11,349525,16927341,945.215480
avx512-vbmi,url-safe,unpadded,48,12,349525,16966544,943.031459
avx512-vbmi,url-safe,unpadded,48,13,349525,16902945,946.579708
avx512-vbmi,url-safe,unpadded,48,14,349525,17026939,939.686502
scalar,url-safe,unpadded,64,0,262144,54833698,291.791373
scalar,url-safe,unpadded,64,1,262144,54758948,292.189689
scalar,url-safe,unpadded,64,2,262144,54844589,291.733429
scalar,url-safe,unpadded,64,3,262144,54993228,290.944914
scalar,url-safe,unpadded,64,4,262144,54760601,292.180869
scalar,url-safe,unpadded,64,5,262144,54677765,292.623519
scalar,url-safe,unpadded,64,6,262144,54686601,292.576238
scalar,url-safe,unpadded,64,7,262144,54720043,292.397431
scalar,url-safe,unpadded,64,8,262144,54717780,292.409524
scalar,url-safe,unpadded,64,9,262144,54740734,292.286910
scalar,url-safe,unpadded,64,10,262144,54695709,292.527518
scalar,url-safe,unpadded,64,11,262144,54738830,292.297077
scalar,url-safe,unpadded,64,12,262144,55375729,288.935248
scalar,url-safe,unpadded,64,13,262144,55788926,286.795268
scalar,url-safe,unpadded,64,14,262144,55775090,286.866413
ssse3-sse4.1,url-safe,unpadded,64,0,262144,21256379,752.715220
ssse3-sse4.1,url-safe,unpadded,64,1,262144,21355856,749.209023
ssse3-sse4.1,url-safe,unpadded,64,2,262144,21214600,754.197581
ssse3-sse4.1,url-safe,unpadded,64,3,262144,21321872,750.403154
ssse3-sse4.1,url-safe,unpadded,64,4,262144,21442039,746.197691
ssse3-sse4.1,url-safe,unpadded,64,5,262144,21307305,750.916176
ssse3-sse4.1,url-safe,unpadded,64,6,262144,21227073,753.754415
ssse3-sse4.1,url-safe,unpadded,64,7,262144,21203599,754.588879
ssse3-sse4.1,url-safe,unpadded,64,8,262144,21233105,753.540285
ssse3-sse4.1,url-safe,unpadded,64,9,262144,21250779,752.913576
ssse3-sse4.1,url-safe,unpadded,64,10,262144,21218608,754.055120
ssse3-sse4.1,url-safe,unpadded,64,11,262144,21264664,752.421952
ssse3-sse4.1,url-safe,unpadded,64,12,262144,21257420,752.678359
ssse3-sse4.1,url-safe,unpadded,64,13,262144,21646463,739.150780
ssse3-sse4.1,url-safe,unpadded,64,14,262144,22202771,720.630772
avx2,url-safe,unpadded,64,0,262144,27512745,581.548660
avx2,url-safe,unpadded,64,1,262144,27856131,574.379838
avx2,url-safe,unpadded,64,2,262144,27623503,579.216908
avx2,url-safe,unpadded,64,3,262144,27491575,581.996484
avx2,url-safe,unpadded,64,4,262144,27493829,581.948771
avx2,url-safe,unpadded,64,5,262144,27494850,581.927161
avx2,url-safe,unpadded,64,6,262144,27424478,583.420403
avx2,url-safe,unpadded,64,7,262144,27601833,579.671647
avx2,url-safe,unpadded,64,8,262144,27652227,578.615241
avx2,url-safe,unpadded,64,9,262144,27867733,574.140710
avx2,url-safe,unpadded,64,10,262144,27611451,579.469728
avx2,url-safe,unpadded,64,11,262144,27607473,579.553225
avx2,url-safe,unpadded,64,12,262144,27531520,581.152076
avx2,url-safe,unpadded,64,13,262144,27436051,583.174306
avx2,url-safe,unpadded,64,14,262144,27673047,578.179916
avx512-vbmi,url-safe,unpadded,64,0,262144,27523064,581.330625
avx512-vbmi,url-safe,unpadded,64,1,262144,27346272,585.088893
avx512-vbmi,url-safe,unpadded,64,2,262144,27052157,591.450064
avx512-vbmi,url-safe,unpadded,64,3,262144,27638161,578.909718
avx512-vbmi,url-safe,unpadded,64,4,262144,27384964,584.262225
avx512-vbmi,url-safe,unpadded,64,5,262144,27328428,585.470924
avx512-vbmi,url-safe,unpadded,64,6,262144,27483801,582.161106
avx512-vbmi,url-safe,unpadded,64,7,262144,27280608,586.497192
avx512-vbmi,url-safe,unpadded,64,8,262144,27229161,587.605325
avx512-vbmi,url-safe,unpadded,64,9,262144,27225064,587.693752
avx512-vbmi,url-safe,unpadded,64,10,262144,27226466,587.663489
avx512-vbmi,url-safe,unpadded,64,11,262144,27223260,587.732696
avx512-vbmi,url-safe,unpadded,64,12,262144,27408008,583.770991
avx512-vbmi,url-safe,unpadded,64,13,262144,27623413,579.218795
avx512-vbmi,url-safe,unpadded,64,14,262144,27467630,582.503842
scalar,url-safe,unpadded,96,0,174762,54477278,293.699310
scalar,url-safe,unpadded,96,1,174762,54341602,294.432596
scalar,url-safe,unpadded,96,2,174762,54269356,294.824559
scalar,url-safe,unpadded,96,3,174762,55014960,290.828876
scalar,url-safe,unpadded,96,4,174762,54397388,294.130648
scalar,url-safe,unpadded,96,5,174762,54362892,294.317288
scalar,url-safe,unpadded,96,6,174762,54284064,294.744678
scalar,url-safe,unpadded,96,7,174762,54233008,295.022156
scalar,url-safe,unpadded,96,8,174762,54222488,295.079395
scalar,url-safe,unpadded,96,9,174762,54211377,295.139874
scalar,url-safe,unpadded,96,10,174762,54219151,295.097556
scalar,url-safe,unpadded,96,11,174762,54198943,295.207583
scalar,url-safe,unpadded,96,12,174762,54183575,295.291312
scalar,url-safe,unpadded,96,13,174762,54178355,295.319763
scalar,url-safe,unpadded,96,14,174762,54161493,295.411704
ssse3-sse4.1,url-safe,unpadded,96,0,174762,15812242,1011.870357
ssse3-sse4.1,url-safe,unpadded,96,1,174762,15817121,1011.558233
ssse3-sse4.1,url-safe,unpadded,96,2,174762,15774130,1014.315145
ssse3-sse4.1,url-safe,unpadded,96,3,174762,16001328,999.913193
ssse3-sse4.1,url-safe,unpadded,96,4,174762,16124099,992.299723
ssse3-sse4.1,url-safe,unpadded,96,5,174762,15960962,1002.442019
ssse3-sse4.1,url-safe,unpadded,96,6,174762,16023510,998.528972
ssse3-sse4.1,url-safe,unpadded,96,7,174762,16003822,999.757368
ssse3-sse4.1,url-safe,unpadded,96,8,174762,15970390,1001.850234
ssse3-sse4.1,url-safe,unpadded,96,9,174762,16004304,999.727259
ssse3-sse4.1,url-safe,unpadded,96,10,174762,16078102,995.138541
ssse3-sse4.1,url-safe,unpadded,96,11,174762,15962946,1002.317427
ssse3-sse4.1,url-safe,unpadded,96,12,174762,15979407,1001.284902
ssse3-sse4.1,url-safe,unpadded,96,13,174762,15952196,1002.992877
ssse3-sse4.1,url-safe,unpadded,96,14,174762,16017839,998.882494
avx2,url-safe,unpadded,96,0,174762,16706645,957.699105
avx2,url-safe,unpadded,96,1,174762,16863039,948.817053
avx2,url-safe,unpadded,96,2,174762,16836981,950.285503
avx2,url-safe,unpadded,96,3,174762,16853622,949.347206
avx2,url-safe,unpadded,96,4,174762,16878098,947.970498
avx2,url-safe,unpadded,96,5,174762,16087771,994.540447
avx2,url-safe,unpadded,96,6,174762,15687086,1019.943345
avx2,url-safe,unpadded,96,7,174762,16069947,995.643543
avx2,url-safe,unpadded,96,8,174762,16097419,993.944369
avx2,url-safe,unpadded,96,9,174762,16151421,990.621133
avx2,url-safe,unpadded,96,10,174762,15668561,1021.149228
avx2,url-safe,unpadded,96,11,174762,16191696,988.157075
avx2,url-safe,unpadded,96,12,174762,16380913,976.742808
avx2,url-safe,unpadded,96,13,174762,16476122,971.098597
avx2,url-safe,unpadded,96,14,174762,16425687,974.080351
avx512-vbmi,url-safe,unpadded,96,0,174762,15083440,1060.761933
avx512-vbmi,url-safe,unpadded,96,1,174762,15123184,1057.974231
avx512-vbmi,url-safe,unpadded,96,2,174762,15493903,1032.660329
avx512-vbmi,url-safe,unpadded,96,3,174762,14640105,1092.884167
avx512-vbmi,url-safe,unpadded,96,4,174762,15013940,1065.672233
avx512-vbmi,url-safe,unpadded,96,5,174762,14754952,1084.377568
avx512-vbmi,url-safe,unpadded,96,6,174762,14802310,1080.908248
avx512-vbmi,url-safe,unpadded,96,7,174762,14738401,1085.595307
avx512-vbmi,url-safe,unpadded,96,8,174762,14781142,1082.456211
avx512-vbmi,url-safe,unpadded,96,9,174762,14248579,1122.914711
avx512-vbmi,url-safe,unpadded,96,10,174762,14097043,1134.985469
avx512-vbmi,url-safe,unpadded,96,11,174762,14927306,1071.857103
avx512-vbmi,url-safe,unpadded,96,12,174762,14967823,1068.955650
avx512-vbmi,url-safe,unpadded,96,13,174762,15052482,1062.943571
avx512-vbmi,url-safe,unpadded,96,14,174762,14935471,1071.271135
scalar,url-safe,unpadded,192,0,87381,54695469,292.527686
scalar,url-safe,unpadded,192,1,87381,54703644,292.483970
scalar,url-safe,unpadded,192,2,87381,54551487,293.299777
scalar,url-safe,unpadded,192,3,87381,54588256,293.102219
scalar,url-safe,unpadded,192,4,87381,55376150,288.931949
scalar,url-safe,unpadded,192,5,87381,54638811,292.831024
scalar,url-safe,unpadded,192,6,87381,54571666,293.191323
scalar,url-safe,unpadded,192,7,87381,54540898,293.356720
scalar,url-safe,unpadded,192,8,87381,54555374,293.278880
scalar,url-safe,unpadded,192,9,87381,54691530,292.548754
scalar,url-safe,unpadded,192,10,87381,54628222,292.887785
scalar,url-safe,unpadded,192,11,87381,54832356,291.797401
scalar,url-safe,unpadded,192,12,87381,54957532,291.132778
scalar,url-safe,unpadded,192,13,87381,54920562,291.328755
scalar,url-safe,unpadded,192,14,87381,54818119,291.873185
ssse3-sse4.1,url-safe,unpadded,192,0,87381,15391179,1039.552523
ssse3-sse4.1,url-safe,unpadded,192,1,87381,15182176,1053.863357
ssse3-sse4.1,url-safe,unpadded,192,2,87381,15073241,1061.479675
ssse3-sse4.1,url-safe,unpadded,192,3,87381,15086837,1060.523088
ssse3-sse4.1,url-safe,unpadded,192,4,87381,15138394,1056.911253
ssse3-sse4.1,url-safe,unpadded,192,5,87381,15022595,1065.058265
ssse3-sse4.1,url-safe,unpadded,192,6,87381,14996867,1066.885434
ssse3-sse4.1,url-safe,unpadded,192,7,87381,15006946,1066.168890
ssse3-sse4.1,url-safe,unpadded,192,8,87381,15021233,1065.154835
ssse3-sse4.1,url-safe,unpadded,192,9,87381,14972411,1068.628090
ssse3-sse4.1,url-safe,unpadded,192,10,87381,14950380,1070.202829
ssse3-sse4.1,url-safe,unpadded,192,11,87381,15233643,1050.302870
ssse3-sse4.1,url-safe,unpadded,192,12,87381,15059885,1062.421059
ssse3-sse4.1,url-safe,unpadded,192,13,87381,15079463,1061.041694
ssse3-sse4.1,url-safe,unpadded,192,14,87381,14972772,1068.602325
avx2,url-safe,unpadded,192,0,87381,14094880,1135.159644
avx2,url-safe,unpadded,192,1,87381,14226387,1124.666366
avx2,url-safe,unpadded,192,2,87381,13970285,1145.283648
avx2,url-safe,unpadded,192,3,87381,14018726,1141.326178
avx2,url-safe,unpadded,192,4,87381,14410714,1110.280793
avx2,url-safe,unpadded,192,5,87381,14050176,1138.771426
avx2,url-safe,unpadded,192,6,87381,14522785,1101.712858
avx2,url-safe,unpadded,192,7,87381,14120117,1133.130764
avx2,url-safe,unpadded,192,8,87381,14089429,1135.598821
avx2,url-safe,unpadded,192,9,87381,14176604,1128.615779
avx2,url-safe,unpadded,192,10,87381,14087866,1135.724812
avx2,url-safe,unpadded,192,11,87381,14081985,1136.199120
avx2,url-safe,unpadded,192,12,87381,14234242,1124.045732
avx2,url-safe,unpadded,192,13,87381,14194808,1127.168396
avx2,url-safe,unpadded,192,14,87381,14072458,1136.968322
avx512-vbmi,url-safe,unpadded,192,0,87381,13934207,1148.248979
avx512-vbmi,url-safe,unpadded,192,1,87381,13703773,1167.557210
avx512-vbmi,url-safe,unpadded,192,2,87381,13647587,1172.363947
avx512-vbmi,url-safe,unpadded,192,3,87381,13650203,1172.139269
avx512-vbmi,url-safe,unpadded,192,4,87381,13663728,1170.979030
avx512-vbmi,url-safe,unpadded,192,5,87381,13208271,1211.357563
avx512-vbmi,url-safe,unpadded,192,6,87381,13131526,1218.437139
avx512-vbmi,url-safe,unpadded,192,7,87381,13372991,1196.436830
avx512-vbmi,url-safe,unpadded,192,8,87381,13188544,1213.169472
avx512-vbmi,url-safe,unpadded,192,9,87381,13174998,1214.416804
avx512-vbmi,url-safe,unpadded,192,10,87381,13114625,1220.007356
avx512-vbmi,url-safe,unpadded,192,11,87381,13234460,1208.960469
avx512-vbmi,url-safe,unpadded,192,12,87381,13368462,1196.842162
avx512-vbmi,url-safe,unpadded,192,13,87381,13611550,1175.467817
avx512-vbmi,url-safe,unpadded,192,14,87381,13663958,1170.959320
scalar,url-safe,unpadded,384,0,43690,54917146,291.343542
scalar,url-safe,unpadded,384,1,43690,54293983,294.687458
scalar,url-safe,unpadded,384,2,43690,54289524,294.711662
scalar,url-safe,unpadded,384,3,43690,54281569,294.754852
scalar,url-safe,unpadded,384,4,43690,54319320,294.550003
scalar,url-safe,unpadded,384,5,43690,54300405,294.652606
scalar,url-safe,unpadded,384,6,43690,54287090,294.724876
scalar,url-safe,unpadded,384,7,43690,54406154,294.079891
scalar,url-safe,unpadded,384,8,43690,54561566,293.242241
scalar,url-safe,unpadded,384,9,43690,54335411,294.462774
scalar,url-safe,unpadded,384,10,43690,54382490,294.207857
scalar,url-safe,unpadded,384,11,43690,54305814,294.623258
scalar,url-safe,unpadded,384,12,43690,54277712,294.775798
scalar,url-safe,unpadded,384,13,43690,54308590,294.608198
scalar,url-safe,unpadded,384,14,43690,54449305,293.846833
ssse3-sse4.1,url-safe,unpadded,384,0,43690,13585721,1177.689124
ssse3-sse4.1,url-safe,unpadded,384,1,43690,13766311,1162.239896
ssse3-sse4.1,url-safe,unpadded,384,2,43690,13598446,1176.587079
ssse3-sse4.1,url-safe,unpadded,384,3,43690,13623953,1174.384252
ssse3-sse4.1,url-safe,unpadded,384,4,43690,13690248,1168.697299
ssse3-sse4.1,url-safe,unpadded,384,5,43690,13843697,1155.742997
ssse3-sse4.1,url-safe,unpadded,384,6,43690,13758106,1162.933027
ssse3-sse4.1,url-safe,unpadded,384,7,43690,13775789,1161.440253
ssse3-sse4.1,url-safe,unpadded,384,8,43690,13569431,1179.102931
ssse3-sse4.1,url-safe,unpadded,384,9,43690,13585090,1177.743825
ssse3-sse4.1,url-safe,unpadded,384,10,43690,13731134,1165.217371
ssse3-sse4.1,url-safe,unpadded,384,11,43690,13583567,1177.875875
ssse3-sse4.1,url-safe,unpadded,384,12,43690,13580591,1178.133990
ssse3-sse4.1,url-safe,unpadded,384,13,43690,13735904,1164.812732
ssse3-sse4.1,url-safe,unpadded,384,14,43690,13583397,1177.890616
avx2,url-safe,unpadded,384,0,43690,12536626,1276.240981
avx2,url-safe,unpadded,384,1,43690,12462617,1283.819912
avx2,url-safe,unpadded,384,2,43690,12368880,1293.549283
avx2,url-safe,unpadded,384,3,43690,12445225,1285.614029
avx2,url-safe,unpadded,384,4,43690,12447739,1285.354381
avx2,url-safe,unpadded,384,5,43690,12405179,1289.764207
avx2,url-safe,unpadded,384,6,43690,12396894,1290.626173
avx2,url-safe,unpadded,384,7,43690,12746782,1255.199615
avx2,url-safe,unpadded,384,8,43690,12390401,1291.302506
avx2,url-safe,unpadded,384,9,43690,12400000,1290.302892
avx2,url-safe,unpadded,384,10,43690,12458920,1284.200866
avx2,url-safe,unpadded,384,11,43690,12355736,1294.925358
avx2,url-safe,unpadded,384,12,43690,12350687,1295.454727
avx2,url-safe,unpadded,384,13,43690,12331470,1297.473526
avx2,url-safe,unpadded,384,14,43690,12327723,1297.867892
avx512-vbmi,url-safe,unpadded,384,0,43690,12250698,1306.028102
avx512-vbmi,url-safe,unpadded,384,1,43690,12183031,1313.282044
avx512-vbmi,url-safe,unpadded,384,2,43690,12173052,1314.358623
avx512-vbmi,url-safe,unpadded,384,3,43690,12115384,1320.614836
avx512-vbmi,url-safe,unpadded,384,4,43690,12183903,1313.188053
avx512-vbmi,url-safe,unpadded,384,5,43690,12086038,1323.821409
avx512-vbmi,url-safe,unpadded,384,6,43690,12287327,1302.134782
avx512-vbmi,url-safe,unpadded,384,7,43690,12108591,1321.355710
avx512-vbmi,url-safe,unpadded,384,8,43690,12220752,1309.228422
avx512-vbmi,url-safe,unpadded,384,9,43690,12171279,1314.550086
avx512-vbmi,url-safe,unpadded,384,10,43690,12388388,1291.512331
avx512-vbmi,url-safe,unpadded,384,11,43690,12177631,1313.864401
avx512-vbmi,url-safe,unpadded,384,12,43690,12079877,1324.496587
avx512-vbmi,url-safe,unpadded,384,13,43690,12303208,1300.453984
avx512-vbmi,url-safe,unpadded,384,14,43690,12098602,1322.446664
scalar,url-safe,unpadded,768,0,21845,54116789,295.652350
scalar,url-safe,unpadded,768,1,21845,54136877,295.542646
scalar,url-safe,unpadded,768,2,21845,54088686,295.805963
scalar,url-safe,unpadded,768,3,21845,54088236,295.808424
scalar,url-safe,unpadded,768,4,21845,54082224,295.841307
scalar,url-safe,unpadded,768,5,21845,55067008,290.550666
scalar,url-safe,unpadded,768,6,21845,55307681,289.286326
scalar,url-safe,unpadded,768,7,21845,55268307,289.492418
scalar,url-safe,unpadded,768,8,21845,55662589,287.441819
scalar,url-safe,unpadded,768,9,21845,55678970,287.357253
scalar,url-safe,unpadded,768,10,21845,55341614,289.108949
scalar,url-safe,unpadded,768,11,21845,55848078,286.487135
scalar,url-safe,unpadded,768,12,21845,55432085,288.637093
scalar,url-safe,unpadded,768,13,21845,55881240,286.317123
scalar,url-safe,unpadded,768,14,21845,55643593,287.539948
ssse3-sse4.1,url-safe,unpadded,768,0,21845,13369815,1196.707349
ssse3-sse4.1,url-safe,unpadded,768,1,21845,13576764,1178.466081
ssse3-sse4.1,url-safe,unpadded,768,2,21845,13441580,1190.318092
ssse3-sse4.1,url-safe,unpadded,768,3,21845,13613434,1175.291691
ssse3-sse4.1,url-safe,unpadded,768,4,21845,13620507,1174.681373
ssse3-sse4.1,url-safe,unpadded,768,5,21845,13769307,1161.987009
ssse3-sse4.1,url-safe,unpadded,768,6,21845,13501092,1185.071242
ssse3-sse4.1,url-safe,unpadded,768,7,21845,13437351,1190.692709
ssse3-sse4.1,url-safe,unpadded,768,8,21845,13332575,1200.049942
ssse3-sse4.1,url-safe,unpadded,768,9,21845,13477407,1187.153869
ssse3-sse4.1,url-safe,unpadded,768,10,21845,13378902,1195.894540
ssse3-sse4.1,url-safe,unpadded,768,11,21845,13427282,1191.585599
ssse3-sse4.1,url-safe,unpadded,768,12,21845,13454674,1189.159682
ssse3-sse4.1,url-safe,unpadded,768,13,21845,13581253,1178.076563
ssse3-sse4.1,url-safe,unpadded,768,14,21845,13420931,1192.149476
avx2,url-safe,unpadded,768,0,21845,12253704,1305.707716
avx2,url-safe,unpadded,768,1,21845,12222054,1309.088952
avx2,url-safe,unpadded,768,2,21845,12088513,1323.550370
avx2,url-safe,unpadded,768,3,21845,12392365,1291.097854
avx2,url-safe,unpadded,768,4,21845,12150099,1316.841604
avx2,url-safe,unpadded,768,5,21845,12152333,1316.599525
avx2,url-safe,unpadded,768,6,21845,12091028,1323.275065
avx2,url-safe,unpadded,768,7,21845,12114382,1320.724067
avx2,url-safe,unpadded,768,8,21845,12121656,1319.931523
avx2,url-safe,unpadded,768,9,21845,12037166,1329.196246
avx2,url-safe,unpadded,768,10,21845,11982153,1335.298912
avx2,url-safe,unpadded,768,11,21845,12128709,1319.163965
avx2,url-safe,unpadded,768,12,21845,12097801,1322.534224
avx2,url-safe,unpadded,768,13,21845,12171079,1314.571687
avx2,url-safe,unpadded,768,14,21845,12105826,1321.657511
avx512-vbmi,url-safe,unpadded,768,0,21845,11815439,1354.139771
avx512-vbmi,url-safe,unpadded,768,1,21845,11691146,1368.536143
avx512-vbmi,url-safe,unpadded,768,2,21845,11554678,1384.699414
avx512-vbmi,url-safe,unpadded,768,3,21845,11789230,1357.150201
avx512-vbmi,url-safe,unpadded,768,4,21845,11748232,1361.886270
avx512-vbmi,url-safe,unpadded,768,5,21845,11646261,1373.810518
avx512-vbmi,url-safe,unpadded,768,6,21845,11665447,1371.551031
avx512-vbmi,url-safe,unpadded,768,7,21845,11588061,1380.710359
avx512-vbmi,url-safe,unpadded,768,8,21845,11596667,1379.685720
avx512-vbmi,url-safe,unpadded,768,9,21845,11567713,1383.139075
avx512-vbmi,url-safe,unpadded,768,10,21845,11602578,1378.982831
avx512-vbmi,url-safe,unpadded,768,11,21845,11582531,1381.369569
avx512-vbmi,url-safe,unpadded,768,12,21845,11600064,1379.281688
avx512-vbmi,url-safe,unpadded,768,13,21845,12028260,1330.180413
avx512-vbmi,url-safe,unpadded,768,14,21845,11543838,1385.999687
scalar,url-safe,unpadded,1024,0,16384,54355308,294.359476
scalar,url-safe,unpadded,1024,1,16384,54226565,295.058335
scalar,url-safe,unpadded,1024,2,16384,54223951,295.072559
scalar,url-safe,unpadded,1024,3,16384,54342564,294.428507
scalar,url-safe,unpadded,1024,4,16384,54254949,294.903973
scalar,url-safe,unpadded,1024,5,16384,54153558,295.456118
scalar,url-safe,unpadded,1024,6,16384,54151405,295.467865
scalar,url-safe,unpadded,1024,7,16384,54167133,295.382072
scalar,url-safe,unpadded,1024,8,16384,54117030,295.655545
scalar,url-safe,unpadded,1024,9,16384,54113132,295.676842
scalar,url-safe,unpadded,1024,10,16384,54250872,294.926135
scalar,url-safe,unpadded,1024,11,16384,54269567,294.824538
scalar,url-safe,unpadded,1024,12,16384,54191670,295.248329
scalar,url-safe,unpadded,1024,13,16384,54228970,295.045250
scalar,url-safe,unpadded,1024,14,16384,54146475,295.494767
ssse3-sse4.1,url-safe,unpadded,1024,0,16384,13801347,1159.307131
ssse3-sse4.1,url-safe,unpadded,1024,1,16384,13777252,1161.334641
ssse3-sse4.1,url-safe,unpadded,1024,2,16384,13796077,1159.749978
ssse3-sse4.1,url-safe,unpadded,1024,3,16384,14069481,1137.213235
ssse3-sse4.1,url-safe,unpadded,1024,4,16384,13829540,1156.943760
ssse3-sse4.1,url-safe,unpadded,1024,5,16384,13768154,1162.102051
ssse3-sse4.1,url-safe,unpadded,1024,6,16384,13746134,1163.963628
ssse3-sse4.1,url-safe,unpadded,1024,7,16384,13928376,1148.734066
ssse3-sse4.1,url-safe,unpadded,1024,8,16384,13791028,1160.174571
ssse3-sse4.1,url-safe,unpadded,1024,9,16384,13785037,1160.678785
ssse3-sse4.1,url-safe,unpadded,1024,10,16384,13752796,1163.399792
ssse3-sse4.1,url-safe,unpadded,1024,11,16384,13751123,1163.541334
ssse3-sse4.1,url-safe,unpadded,1024,12,16384,13735503,1164.864512
ssse3-sse4.1,url-safe,unpadded,1024,13,16384,13733409,1165.042125
ssse3-sse4.1,url-safe,unpadded,1024,14,16384,13758747,1162.896592
avx2,url-safe,unpadded,1024,0,16384,13050313,1226.024234
avx2,url-safe,unpadded,1024,1,16384,13237686,1208.670458
avx2,url-safe,unpadded,1024,2,16384,13021179,1228.767380
avx2,url-safe,unpadded,1024,3,16384,12952971,1235.237846
avx2,url-safe,unpadded,1024,4,16384,13142958,1217.381962
avx2,url-safe,unpadded,1024,5,16384,12954173,1235.123230
avx2,url-safe,unpadded,1024,6,16384,12974550,1233.183424
avx2,url-safe,unpadded,1024,7,16384,13175349,1214.389084
avx2,url-safe,unpadded,1024,8,16384,12953751,1235.163467
avx2,url-safe,unpadded,1024,9,16384,12988818,1231.828793
avx2,url-safe,unpadded,1024,10,16384,13030797,1227.860429
avx2,url-safe,unpadded,1024,11,16384,12989329,1231.780333
avx2,url-safe,unpadded,1024,12,16384,13005629,1230.236538
avx2,url-safe,unpadded,1024,13,16384,12985752,1232.119634
avx2,url-safe,unpadded,1024,14,16384,13010148,1229.809223
avx512-vbmi,url-safe,unpadded,1024,0,16384,12631976,1266.626852
avx512-vbmi,url-safe,unpadded,1024,1,16384,12644961,1265.326164
avx512-vbmi,url-safe,unpadded,1024,2,16384,12625083,1267.318401
avx512-vbmi,url-safe,unpadded,1024,3,16384,12743676,1255.524701
avx512-vbmi,url-safe,unpadded,1024,4,16384,12763614,1253.563450
avx512-vbmi,url-safe,unpadded,1024,5,16384,12593894,1270.456937
avx512-vbmi,url-safe,unpadded,1024,6,16384,12786727,1251.297537
avx512-vbmi,url-safe,unpadded,1024,7,16384,12617979,1268.031909
avx512-vbmi,url-safe,unpadded,1024,8,16384,12624923,1267.334462
avx512-vbmi,url-safe,unpadded,1024,9,16384,12625644,1267.262090
avx512-vbmi,url-safe,unpadded,1024,10,16384,12633619,1266.462128
avx512-vbmi,url-safe,unpadded,1024,11,16384,12569859,1272.886195
avx512-vbmi,url-safe,unpadded,1024,12,16384,12621566,1267.671539
avx512-vbmi,url-safe,unpadded,1024,13,16384,12627077,1267.118273
avx512-vbmi,url-safe,unpadded,1024,14,16384,12769775,1252.958646
scalar,url-safe,unpadded,1536,0,10922,53985983,296.355138
scalar,url-safe,unpadded,1536,1,10922,54235553,294.991432
scalar,url-safe,unpadded,1536,2,10922,54087313,295.799931
scalar,url-safe,unpadded,1536,3,10922,53959333,296.501505
scalar,url-safe,unpadded,1536,4,10922,54144020,295.490129
scalar,url-safe,unpadded,1536,5,10922,53988508,296.341278
scalar,url-safe,unpadded,1536,6,10922,53994920,296.306087
scalar,url-safe,unpadded,1536,7,10922,53987286,296.347985
scalar,url-safe,unpadded,1536,8,10922,54030897,296.108788
scalar,url-safe,unpadded,1536,9,10922,53997805,296.290255
scalar,url-safe,unpadded,1536,10,10922,53965394,296.468204
scalar,url-safe,unpadded,1536,11,10922,53975543,296.412459
scalar,url-safe,unpadded,1536,12,10922,53950907,296.547812
scalar,url-safe,unpadded,1536,13,10922,54006020,296.245186
scalar,url-safe,unpadded,1536,14,10922,54026409,296.133386
ssse3-sse4.1,url-safe,unpadded,1536,0,10922,13010639,1229.687753
ssse3-sse4.1,url-safe,unpadded,1536,1,10922,12816122,1248.351368
ssse3-sse4.1,url-safe,unpadded,1536,2,10922,12935578,1236.823236
ssse3-sse4.1,url-safe,unpadded,1536,3,10922,12826702,1247.321676
ssse3-sse4.1,url-safe,unpadded,1536,4,10922,12825861,1247.403464
ssse3-sse4.1,url-safe,unpadded,1536,5,10922,12912063,1239.075695
ssse3-sse4.1,url-safe,unpadded,1536,6,10922,12855256,1244.551134
ssse3-sse4.1,url-safe,unpadded,1536,7,10922,12825520,1247.436629
ssse3-sse4.1,url-safe,unpadded,1536,8,10922,12806114,1249.326957
ssse3-sse4.1,url-safe,unpadded,1536,9,10922,12819359,1248.036149
ssse3-sse4.1,url-safe,unpadded,1536,10,10922,12840379,1245.993085
ssse3-sse4.1,url-safe,unpadded,1536,11,10922,12970403,1233.502416
ssse3-sse4.1,url-safe,unpadded,1536,12,10922,12822404,1247.739772
ssse3-sse4.1,url-safe,unpadded,1536,13,10922,13043210,1226.617024
ssse3-sse4.1,url-safe,unpadded,1536,14,10922,12826321,1247.358727
avx2,url-safe,unpadded,1536,0,10922,11610544,1377.973628
avx2,url-safe,unpadded,1536,1,10922,11814026,1354.239735
avx2,url-safe,unpadded,1536,2,10922,11674023,1370.480719
avx2,url-safe,unpadded,1536,3,10922,11816511,1353.954940
avx2,url-safe,unpadded,1536,4,10922,11612988,1377.683628
avx2,url-safe,unpadded,1536,5,10922,11598741,1379.375868
avx2,url-safe,unpadded,1536,6,10922,11625732,1376.173426
avx2,url-safe,unpadded,1536,7,10922,11621133,1376.718039
avx2,url-safe,unpadded,1536,8,10922,11611285,1377.885689
avx2,url-safe,unpadded,1536,9,10922,11609942,1378.045079
avx2,url-safe,unpadded,1536,10,10922,11608490,1378.217446
avx2,url-safe,unpadded,1536,11,10922,11639759,1374.515008
avx2,url-safe,unpadded,1536,12,10922,11688801,1368.748038
avx2,url-safe,unpadded,1536,13,10922,11625291,1376.225631
avx2,url-safe,unpadded,1536,14,10922,11623187,1376.474752
avx512-vbmi,url-safe,unpadded,1536,0,10922,11522197,1388.539307
avx512-vbmi,url-safe,unpadded,1536,1,10922,11236720,1423.816153
avx512-vbmi,url-safe,unpadded,1536,2,10922,11254994,1421.504395
avx512-vbmi,url-safe,unpadded,1536,3,10922,11197586,1428.792191
avx512-vbmi,url-safe,unpadded,1536,4,10922,11261997,1420.620467
avx512-vbmi,url-safe,unpadded,1536,5,10922,11213406,1426.776435
avx512-vbmi,url-safe,unpadded,1536,6,10922,11460100,1396.063162
avx512-vbmi,url-safe,unpadded,1536,7,10922,11389728,1404.688807
avx512-vbmi,url-safe,unpadded,1536,8,10922,11309767,1414.620075
avx512-vbmi,url-safe,unpadded,1536,9,10922,11315639,1413.885989
avx512-vbmi,url-safe,unpadded,1536,10,10922,11293156,1416.700826
avx512-vbmi,url-safe,unpadded,1536,11,10922,11227122,1425.033365
avx512-vbmi,url-safe,unpadded,1536,12,10922,11545341,1385.755816
avx512-vbmi,url-safe,unpadded,1536,13,10922,11233464,1424.228843
avx512-vbmi,url-safe,unpadded,1536,14,10922,11245947,1422.647949
scalar,url-safe,unpadded,3072,0,5461,53891965,296.872149
scalar,url-safe,unpadded,3072,1,5461,53940096,296.607248
scalar,url-safe,unpadded,3072,2,5461,53897847,296.839750
scalar,url-safe,unpadded,3072,3,5461,53963540,296.478390
scalar,url-safe,unpadded,3072,4,5461,53860006,297.048304
scalar,url-safe,unpadded,3072,5,5461,53978148,296.398154
scalar,url-safe,unpadded,3072,6,5461,53944535,296.582841
scalar,url-safe,unpadded,3072,7,5461,53898719,296.834948
scalar,url-safe,unpadded,3072,8,5461,53849295,297.107389
scalar,url-safe,unpadded,3072,9,5461,53940437,296.605373
scalar,url-safe,unpadded,3072,10,5461,54068879,295.900779
scalar,url-safe,unpadded,3072,11,5461,53913146,296.755516
scalar,url-safe,unpadded,3072,12,5461,53934566,296.637660
scalar,url-safe,unpadded,3072,13,5461,53890022,296.882852
scalar,url-safe,unpadded,3072,14,5461,53876006,296.960087
ssse3-sse4.1,url-safe,unpadded,3072,0,5461,12696207,1260.141981
ssse3-sse4.1,url-safe,unpadded,3072,1,5461,12733697,1256.431925
ssse3-sse4.1,url-safe,unpadded,3072,2,5461,12822935,1247.688102
ssse3-sse4.1,url-safe,unpadded,3072,3,5461,12842573,1245.780222
ssse3-sse4.1,url-safe,unpadded,3072,4,5461,12833495,1246.661446
ssse3-sse4.1,url-safe,unpadded,3072,5,5461,12716235,1258.157264
ssse3-sse4.1,url-safe,unpadded,3072,6,5461,12703962,1259.372740
ssse3-sse4.1,url-safe,unpadded,3072,7,5461,12836120,1246.406503
ssse3-sse4.1,url-safe,unpadded,3072,8,5461,12693832,1260.377752
ssse3-sse4.1,url-safe,unpadded,3072,9,5461,12920169,1238.298310
ssse3-sse4.1,url-safe,unpadded,3072,10,5461,12667863,1262.961514
ssse3-sse4.1,url-safe,unpadded,3072,11,5461,12671230,1262.625920
ssse3-sse4.1,url-safe,unpadded,3072,12,5461,12653917,1264.353436
ssse3-sse4.1,url-safe,unpadded,3072,13,5461,12671601,1262.588953
ssse3-sse4.1,url-safe,unpadded,3072,14,5461,12676931,1262.058099
avx2,url-safe,unpadded,3072,0,5461,11501368,1391.053954
avx2,url-safe,unpadded,3072,1,5461,11956705,1338.079633
avx2,url-safe,unpadded,3072,2,5461,11695884,1367.919128
avx2,url-safe,unpadded,3072,3,5461,11613219,1377.656224
avx2,url-safe,unpadded,3072,4,5461,11566139,1383.263978
avx2,url-safe,unpadded,3072,5,5461,11847610,1350.400919
avx2,url-safe,unpadded,3072,6,5461,11478855,1393.782171
avx2,url-safe,unpadded,3072,7,5461,11624179,1376.357284
avx2,url-safe,unpadded,3072,8,5461,11605384,1378.586304
avx2,url-safe,unpadded,3072,9,5461,11451253,1397.141731
avx2,url-safe,unpadded,3072,10,5461,11454510,1396.744465
avx2,url-safe,unpadded,3072,11,5461,11444461,1397.970899
avx2,url-safe,unpadded,3072,12,5461,11646852,1373.677921
avx2,url-safe,unpadded,3072,13,5461,11434392,1399.201937
avx2,url-safe,unpadded,3072,14,5461,11440453,1398.460659
avx512-vbmi,url-safe,unpadded,3072,0,5461,11090926,1442.532701
avx512-vbmi,url-safe,unpadded,3072,1,5461,11251387,1421.960105
avx512-vbmi,url-safe,unpadded,3072,2,5461,11043065,1448.784684
avx512-vbmi,url-safe,unpadded,3072,3,5461,11127074,1437.846413
avx512-vbmi,url-safe,unpadded,3072,4,5461,11007428,1453.475184
avx512-vbmi,url-safe,unpadded,3072,5,5461,11077079,1444.335952
avx512-vbmi,url-safe,unpadded,3072,6,5461,11019271,1451.913056
avx512-vbmi,url-safe,unpadded,3072,7,5461,11494665,1391.865134
avx512-vbmi,url-safe,unpadded,3072,8,5461,11507410,1390.323577
avx512-vbmi,url-safe,unpadded,3072,9,5461,11009312,1453.226454
avx512-vbmi,url-safe,unpadded,3072,10,5461,10990807,1455.673222
avx512-vbmi,url-safe,unpadded,3072,11,5461,11181807,1430.808405
avx512-vbmi,url-safe,unpadded,3072,12,5461,11050369,1447.827076
avx512-vbmi,url-safe,unpadded,3072,13,5461,10986669,1456.221484
avx512-vbmi,url-safe,unpadded,3072,14,5461,10978694,1457.279294
scalar,url-safe,unpadded,4096,0,4096,53863823,297.045384
scalar,url-safe,unpadded,4096,1,4096,53850518,297.118776
scalar,url-safe,unpadded,4096,2,4096,53887217,296.916428
scalar,url-safe,unpadded,4096,3,4096,53870335,297.009477
scalar,url-safe,unpadded,4096,4,4096,53846851,297.139010
scalar,url-safe,unpadded,4096,5,4096,53871677,297.002078
scalar,url-safe,unpadded,4096,6,4096,53903117,296.828846
scalar,url-safe,unpadded,4096,7,4096,53827825,297.244037
scalar,url-safe,unpadded,4096,8,4096,53881015,296.950605
scalar,url-safe,unpadded,4096,9,4096,53836602,297.195577
scalar,url-safe,unpadded,4096,10,4096,53810553,297.339446
scalar,url-safe,unpadded,4096,11,4096,53855317,297.092300
scalar,url-safe,unpadded,4096,12,4096,53831111,297.225892
scalar,url-safe,unpadded,4096,13,4096,53800013,297.397698
scalar,url-safe,unpadded,4096,14,4096,54825302,291.836058
ssse3-sse4.1,url-safe,unpadded,4096,0,4096,13238377,1208.607369
ssse3-sse4.1,url-safe,unpadded,4096,1,4096,13443414,1190.173865
ssse3-sse4.1,url-safe,unpadded,4096,2,4096,13436170,1190.815537
ssse3-sse4.1,url-safe,unpadded,4096,3,4096,13494370,1185.679658
ssse3-sse4.1,url-safe,unpadded,4096,4,4096,13409900,1193.148346
ssse3-sse4.1,url-safe,unpadded,4096,5,4096,13465064,1188.260227
ssse3-sse4.1,url-safe,unpadded,4096,6,4096,13488037,1186.236366
ssse3-sse4.1,url-safe,unpadded,4096,7,4096,13348003,1198.681181
ssse3-sse4.1,url-safe,unpadded,4096,8,4096,13389723,1194.946303
ssse3-sse4.1,url-safe,unpadded,4096,9,4096,13379764,1195.835741
ssse3-sse4.1,url-safe,unpadded,4096,10,4096,13569059,1179.153249
ssse3-sse4.1,url-safe,unpadded,4096,11,4096,13442882,1190.220966
ssse3-sse4.1,url-safe,unpadded,4096,12,4096,13389071,1195.004493
ssse3-sse4.1,url-safe,unpadded,4096,13,4096,13498757,1185.294320
ssse3-sse4.1,url-safe,unpadded,4096,14,4096,13621468,1174.616422
avx2,url-safe,unpadded,4096,0,4096,12537297,1276.192149
avx2,url-safe,unpadded,4096,1,4096,12443101,1285.853100
avx2,url-safe,unpadded,4096,2,4096,12367449,1293.718697
avx2,url-safe,unpadded,4096,3,4096,12343303,1296.249472
avx2,url-safe,unpadded,4096,4,4096,12378649,1292.548161
avx2,url-safe,unpadded,4096,5,4096,12260256,1305.029846
avx2,url-safe,unpadded,4096,6,4096,12261448,1304.902977
avx2,url-safe,unpadded,4096,7,4096,12260737,1304.978649
avx2,url-safe,unpadded,4096,8,4096,12293769,1301.472315
avx2,url-safe,unpadded,4096,9,4096,12344785,1296.093857
avx2,url-safe,unpadded,4096,10,4096,12323696,1298.311805
avx2,url-safe,unpadded,4096,11,4096,12504315,1279.558296
avx2,url-safe,unpadded,4096,12,4096,12405049,1289.797404
avx2,url-safe,unpadded,4096,13,4096,12457287,1284.388808
avx2,url-safe,unpadded,4096,14,4096,12303858,1300.405125
avx512-vbmi,url-safe,unpadded,4096,0,4096,11995168,1333.870438
avx512-vbmi,url-safe,unpadded,4096,1,4096,12003423,1332.953108
avx512-vbmi,url-safe,unpadded,4096,2,4096,11882015,1346.572951
avx512-vbmi,url-safe,unpadded,4096,3,4096,11848752,1350.353185
avx512-vbmi,url-safe,unpadded,4096,4,4096,11797956,1356.167119
avx512-vbmi,url-safe,unpadded,4096,5,4096,11923613,1341.875151
avx512-vbmi,url-safe,unpadded,4096,6,4096,11943520,1339.638566
avx512-vbmi,url-safe,unpadded,4096,7,4096,11935324,1340.558497
avx512-vbmi,url-safe,unpadded,4096,8,4096,11982784,1335.248971
avx512-vbmi,url-safe,unpadded,4096,9,4096,12195895,1311.916838
avx512-vbmi,url-safe,unpadded,4096,10,4096,11881384,1346.644465
avx512-vbmi,url-safe,unpadded,4096,11,4096,11878257,1346.998975
avx512-vbmi,url-safe,unpadded,4096,12,4096,11821029,1353.520070
avx512-vbmi,url-safe,unpadded,4096,13,4096,11850114,1350.197981
avx512-vbmi,url-safe,unpadded,4096,14,4096,11893747,1345.244690
scalar,url-safe,unpadded,8192,0,2048,55367844,288.976396
scalar,url-safe,unpadded,8192,1,2048,55341574,289.113569
scalar,url-safe,unpadded,8192,2,2048,55172536,289.999358
scalar,url-safe,unpadded,8192,3,2048,55215096,289.775825
scalar,url-safe,unpadded,8192,4,2048,54976507,291.033405
scalar,url-safe,unpadded,8192,5,2048,54661785,292.709065
scalar,url-safe,unpadded,8192,6,2048,54321845,294.540806
scalar,url-safe,unpadded,8192,7,2048,54123592,295.619699
scalar,url-safe,unpadded,8192,8,2048,53991764,296.341494
scalar,url-safe,unpadded,8192,9,2048,53997464,296.310212
scalar,url-safe,unpadded,8192,10,2048,54403780,294.097212
scalar,url-safe,unpadded,8192,11,2048,54718010,292.408295
scalar,url-safe,unpadded,8192,12,2048,54121147,295.633054
scalar,url-safe,unpadded,8192,13,2048,54078847,295.864296
scalar,url-safe,unpadded,8192,14,2048,54142918,295.514180
ssse3-sse4.1,url-safe,unpadded,8192,0,2048,12660850,1263.738217
ssse3-sse4.1,url-safe,unpadded,8192,1,2048,12653096,1264.512654
ssse3-sse4.1,url-safe,unpadded,8192,2,2048,12669486,1262.876805
ssse3-sse4.1,url-safe,unpadded,8192,3,2048,12665950,1263.229367
ssse3-sse4.1,url-safe,unpadded,8192,4,2048,12667492,1263.075595
ssse3-sse4.1,url-safe,unpadded,8192,5,2048,12903176,1240.004786
ssse3-sse4.1,url-safe,unpadded,8192,6,2048,12650932,1264.728954
ssse3-sse4.1,url-safe,unpadded,8192,7,2048,12661130,1263.710269
ssse3-sse4.1,url-safe,unpadded,8192,8,2048,12719742,1257.887149
ssse3-sse4.1,url-safe,unpadded,8192,9,2048,12673504,1262.476423
ssse3-sse4.1,url-safe,unpadded,8192,10,2048,12663044,1263.519261
ssse3-sse4.1,url-safe,unpadded,8192,11,2048,12689875,1260.847723
ssse3-sse4.1,url-safe,unpadded,8192,12,2048,12782189,1251.741779
ssse3-sse4.1,url-safe,unpadded,8192,13,2048,12651653,1264.656879
ssse3-sse4.1,url-safe,unpadded,8192,14,2048,12647696,1265.052544
avx2,url-safe,unpadded,8192,0,2048,11456724,1396.559784
avx2,url-safe,unpadded,8192,1,2048,11386342,1405.192291
avx2,url-safe,unpadded,8192,2,2048,11438970,1398.727333
avx2,url-safe,unpadded,8192,3,2048,11517859,1389.147063
avx2,url-safe,unpadded,8192,4,2048,11411349,1402.112932
avx2,url-safe,unpadded,8192,5,2048,11418552,1401.228457
avx2,url-safe,unpadded,8192,6,2048,11444190,1398.089336
avx2,url-safe,unpadded,8192,7,2048,11531344,1387.522565
avx2,url-safe,unpadded,8192,8,2048,11615383,1377.483635
avx2,url-safe,unpadded,8192,9,2048,11587470,1380.801849
avx2,url-safe,unpadded,8192,10,2048,11392954,1404.376775
avx2,url-safe,unpadded,8192,11,2048,11393024,1404.368147
avx2,url-safe,unpadded,8192,12,2048,11412771,1401.938232
avx2,url-safe,unpadded,8192,13,2048,11654586,1372.850138
avx2,url-safe,unpadded,8192,14,2048,11521456,1388.713371
avx512-vbmi,url-safe,unpadded,8192,0,2048,11128967,1437.689590
avx512-vbmi,url-safe,unpadded,8192,1,2048,11149075,1435.096634
avx512-vbmi,url-safe,unpadded,8192,2,2048,11000155,1454.524959
avx512-vbmi,url-safe,unpadded,8192,3,2048,10989605,1455.921300
avx512-vbmi,url-safe,unpadded,8192,4,2048,11406419,1402.718943
avx512-vbmi,url-safe,unpadded,8192,5,2048,11389127,1404.848677
avx512-vbmi,url-safe,unpadded,8192,6,2048,11003761,1454.048302
avx512-vbmi,url-safe,unpadded,8192,7,2048,10971731,1458.293135
avx512-vbmi,url-safe,unpadded,8192,8,2048,10975688,1457.767386
avx512-vbmi,url-safe,unpadded,8192,9,2048,11002810,1454.173979
avx512-vbmi,url-safe,unpadded,8192,10,2048,11281624,1418.235531
avx512-vbmi,url-safe,unpadded,8192,11,2048,10981880,1456.945441
avx512-vbmi,url-safe,unpadded,8192,12,2048,11157732,1433.983179
avx512-vbmi,url-safe,unpadded,8192,13,2048,11101446,1441.253689
avx512-vbmi,url-safe,unpadded,8192,14,2048,11037354,1449.622799
scalar,url-safe,unpadded,16384,0,1024,53921572,296.727254
scalar,url-safe,unpadded,16384,1,1024,53902266,296.833532
scalar,url-safe,unpadded,16384,2,1024,53829118,297.236897
scalar,url-safe,unpadded,16384,3,1024,53862620,297.052019
scalar,url-safe,unpadded,16384,4,1024,53809471,297.345425
scalar,url-safe,unpadded,16384,5,1024,53831101,297.225948
scalar,url-safe,unpadded,16384,6,1024,53815913,297.309831
scalar,url-safe,unpadded,16384,7,1024,53816704,297.305461
scalar,url-safe,unpadded,16384,8,1024,53810503,297.339722
scalar,url-safe,unpadded,16384,9,1024,53828747,297.238946
scalar,url-safe,unpadded,16384,10,1024,53809961,297.342717
scalar,url-safe,unpadded,16384,11,1024,53872490,296.997596
scalar,url-safe,unpadded,16384,12,1024,53829498,297.234799
scalar,url-safe,unpadded,16384,13,1024,53807216,297.357886
scalar,url-safe,unpadded,16384,14,1024,53809882,297.343153
ssse3-sse4.1,url-safe,unpadded,16384,0,1024,12508673,1279.112501
ssse3-sse4.1,url-safe,unpadded,16384,1,1024,12879491,1242.285118
ssse3-sse4.1,url-safe,unpadded,16384,2,1024,13082644,1222.994373
ssse3-sse4.1,url-safe,unpadded,16384,3,1024,13214142,1210.823979
ssse3-sse4.1,url-safe,unpadded,16384,4,1024,13077995,1223.429127
ssse3-sse4.1,url-safe,unpadded,16384,5,1024,13212388,1210.984721
ssse3-sse4.1,url-safe,unpadded,16384,6,1024,13233509,1209.051960
ssse3-sse4.1,url-safe,unpadded,16384,7,1024,13053239,1225.749410
ssse3-sse4.1,url-safe,unpadded,16384,8,1024,13217749,1210.493557
ssse3-sse4.1,url-safe,unpadded,16384,9,1024,13069439,1224.230053
ssse3-sse4.1,url-safe,unpadded,16384,10,1024,13227597,1209.592339
ssse3-sse4.1,url-safe,unpadded,16384,11,1024,13024154,1228.486702
ssse3-sse4.1,url-safe,unpadded,16384,12,1024,13079728,1223.267028
ssse3-sse4.1,url-safe,unpadded,16384,13,1024,13128070,1218.762545
ssse3-sse4.1,url-safe,unpadded,16384,14,1024,13255890,1207.010619
avx2,url-safe,unpadded,16384,0,1024,11858951,1349.191847
avx2,url-safe,unpadded,16384,1,1024,11878538,1346.967110
avx2,url-safe,unpadded,16384,2,1024,12041475,1328.740873
avx2,url-safe,unpadded,16384,3,1024,12199171,1311.564532
avx2,url-safe,unpadded,16384,4,1024,12206174,1310.812053
avx2,url-safe,unpadded,16384,5,1024,11870663,1347.860688
avx2,url-safe,unpadded,16384,6,1024,12044220,1328.438039
avx2,url-safe,unpadded,16384,7,1024,11884088,1346.338061
avx2,url-safe,unpadded,16384,8,1024,11881604,1346.619530
avx2,url-safe,unpadded,16384,9,1024,11881514,1346.629731
avx2,url-safe,unpadded,16384,10,1024,11883477,1346.407285
avx2,url-safe,unpadded,16384,11,1024,11929985,1341.158434
avx2,url-safe,unpadded,16384,12,1024,12042396,1328.639251
avx2,url-safe,unpadded,16384,13,1024,11879249,1346.886491
avx2,url-safe,unpadded,16384,14,1024,11884709,1346.267713
avx512-vbmi,url-safe,unpadded,16384,0,1024,11462785,1395.821347
avx512-vbmi,url-safe,unpadded,16384,1,1024,11467043,1395.303044
avx512-vbmi,url-safe,unpadded,16384,2,1024,11483344,1393.322363
avx512-vbmi,url-safe,unpadded,16384,3,1024,11476942,1394.099578
avx512-vbmi,url-safe,unpadded,16384,4,1024,11470399,1394.894807
avx512-vbmi,url-safe,unpadded,16384,5,1024,11506047,1390.573148
avx512-vbmi,url-safe,unpadded,16384,6,1024,11484446,1393.188666
avx512-vbmi,url-safe,unpadded,16384,7,1024,11531795,1387.468300
avx512-vbmi,url-safe,unpadded,16384,8,1024,11472183,1394.677892
avx512-vbmi,url-safe,unpadded,16384,9,1024,11472985,1394.580399
avx512-vbmi,url-safe,unpadded,16384,10,1024,11463807,1395.696909
avx512-vbmi,url-safe,unpadded,16384,11,1024,11453618,1396.938504
avx512-vbmi,url-safe,unpadded,16384,12,1024,11617908,1377.184257
avx512-vbmi,url-safe,unpadded,16384,13,1024,11440002,1398.601154
avx512-vbmi,url-safe,unpadded,16384,14,1024,11452035,1397.131602
scalar,url-safe,unpadded,65536,0,256,53821793,297.277350
scalar,url-safe,unpadded,65536,1,256,53911853,296.780747
scalar,url-safe,unpadded,65536,2,256,53906904,296.807993
scalar,url-safe,unpadded,65536,3,256,53812226,297.330202
scalar,url-safe,unpadded,65536,4,256,53793481,297.433810
scalar,url-safe,unpadded,65536,5,256,53951037,296.565199
scalar,url-safe,unpadded,65536,6,256,53830961,297.226721
scalar,url-safe,unpadded,65536,7,256,53864785,297.040079
scalar,url-safe,unpadded,65536,8,256,53808339,297.351680
scalar,url-safe,unpadded,65536,9,256,53869304,297.015161
scalar,url-safe,unpadded,65536,10,256,53822886,297.271313
scalar,url-safe,unpadded,65536,11,256,54040696,296.073167
scalar,url-safe,unpadded,65536,12,256,54039674,296.078766
scalar,url-safe,unpadded,65536,13,256,53873211,296.993621
scalar,url-safe,unpadded,65536,14,256,53809201,297.346917
ssse3-sse4.1,url-safe,unpadded,65536,0,256,12984730,1232.216611
ssse3-sse4.1,url-safe,unpadded,65536,1,256,13031298,1227.813223
ssse3-sse4.1,url-safe,unpadded,65536,2,256,13042669,1226.742778
ssse3-sse4.1,url-safe,unpadded,65536,3,256,13173625,1214.548008
ssse3-sse4.1,url-safe,unpadded,65536,4,256,14764631,1083.670835
ssse3-sse4.1,url-safe,unpadded,65536,5,256,14306207,1118.395673
ssse3-sse4.1,url-safe,unpadded,65536,6,256,13056635,1225.430595
ssse3-sse4.1,url-safe,unpadded,65536,7,256,13099065,1221.461226
ssse3-sse4.1,url-safe,unpadded,65536,8,256,13041767,1226.827622
ssse3-sse4.1,url-safe,unpadded,65536,9,256,13082363,1223.020642
ssse3-sse4.1,url-safe,unpadded,65536,10,256,13062075,1224.920237
ssse3-sse4.1,url-safe,unpadded,65536,11,256,13070973,1224.086378
ssse3-sse4.1,url-safe,unpadded,65536,12,256,13083496,1222.914732
ssse3-sse4.1,url-safe,unpadded,65536,13,256,13083707,1222.895010
ssse3-sse4.1,url-safe,unpadded,65536,14,256,13093144,1222.013597
avx2,url-safe,unpadded,65536,0,256,11957516,1338.070549
avx2,url-safe,unpadded,65536,1,256,12150530,1316.814987
avx2,url-safe,unpadded,65536,2,256,11877917,1347.037532
avx2,url-safe,unpadded,65536,3,256,11994276,1333.969637
avx2,url-safe,unpadded,65536,4,256,11839875,1351.365618
avx2,url-safe,unpadded,65536,5,256,11853822,1349.775625
avx2,url-safe,unpadded,65536,6,256,12047416,1328.085624
avx2,url-safe,unpadded,65536,7,256,11838823,1351.485701
avx2,url-safe,unpadded,65536,8,256,11998233,1333.529696
avx2,url-safe,unpadded,65536,9,256,11827171,1352.817170
avx2,url-safe,unpadded,65536,10,256,11844404,1350.848890
avx2,url-safe,unpadded,65536,11,256,11860544,1349.010636
avx2,url-safe,unpadded,65536,12,256,11852890,1349.881759
avx2,url-safe,unpadded,65536,13,256,11874621,1347.411425
avx2,url-safe,unpadded,65536,14,256,11858280,1349.268191
avx512-vbmi,url-safe,unpadded,65536,0,256,11417610,1401.344064
avx512-vbmi,url-safe,unpadded,65536,1,256,11402061,1403.255078
avx512-vbmi,url-safe,unpadded,65536,2,256,11403634,1403.061515
avx512-vbmi,url-safe,unpadded,65536,3,256,11407601,1402.573600
avx512-vbmi,url-safe,unpadded,65536,4,256,11444160,1398.093001
avx512-vbmi,url-safe,unpadded,65536,5,256,11439151,1398.705201
avx512-vbmi,url-safe,unpadded,65536,6,256,11402772,1403.167581
avx512-vbmi,url-safe,unpadded,65536,7,256,11404576,1402.945625
avx512-vbmi,url-safe,unpadded,65536,8,256,11419213,1401.147347
avx512-vbmi,url-safe,unpadded,65536,9,256,11407461,1402.590813
avx512-vbmi,url-safe,unpadded,65536,10,256,11376854,1406.364185
avx512-vbmi,url-safe,unpadded,65536,11,256,11396791,1403.903959
avx512-vbmi,url-safe,unpadded,65536,12,256,11402211,1403.236618
avx512-vbmi,url-safe,unpadded,65536,13,256,11578764,1381.840065
avx512-vbmi,url-safe,unpadded,65536,14,256,11423040,1400.677928
