backend,alphabet,padding,input_len,sample_index,iterations,elapsed_ns,throughput_mib_s
scalar,standard,padded,12,0,1398101,51814565,308.793409
scalar,standard,padded,12,1,1398101,51487520,310.754843
scalar,standard,padded,12,2,1398101,51244703,312.227318
scalar,standard,padded,12,3,1398101,51319835,311.770219
scalar,standard,padded,12,4,1398101,51256044,312.158234
scalar,standard,padded,12,5,1398101,51395077,311.313790
scalar,standard,padded,12,6,1398101,51240035,312.255762
scalar,standard,padded,12,7,1398101,51339131,311.653039
scalar,standard,padded,12,8,1398101,51240635,312.252106
scalar,standard,padded,12,9,1398101,51440562,311.038518
scalar,standard,padded,12,10,1398101,51226800,312.336437
scalar,standard,padded,12,11,1398101,51373195,311.446391
scalar,standard,padded,12,12,1398101,51251035,312.188743
scalar,standard,padded,12,13,1398101,51295940,311.915450
scalar,standard,padded,12,14,1398101,51326858,311.727560
ssse3-sse4.1,standard,padded,12,0,1398101,26183543,611.070709
ssse3-sse4.1,standard,padded,12,1,1398101,25477615,628.002118
ssse3-sse4.1,standard,padded,12,2,1398101,25462475,628.375529
ssse3-sse4.1,standard,padded,12,3,1398101,25436327,629.021485
ssse3-sse4.1,standard,padded,12,4,1398101,25433972,629.079728
ssse3-sse4.1,standard,padded,12,5,1398101,25469850,628.193577
ssse3-sse4.1,standard,padded,12,6,1398101,25461864,628.390607
ssse3-sse4.1,standard,padded,12,7,1398101,25466984,628.264273
ssse3-sse4.1,standard,padded,12,8,1398101,25496069,627.547572
ssse3-sse4.1,standard,padded,12,9,1398101,25471132,628.161959
ssse3-sse4.1,standard,padded,12,10,1398101,25441496,628.893686
ssse3-sse4.1,standard,padded,12,11,1398101,25468036,628.238321
ssse3-sse4.1,standard,padded,12,12,1398101,25538158,626.513321
ssse3-sse4.1,standard,padded,12,13,1398101,25493384,627.613666
ssse3-sse4.1,standard,padded,12,14,1398101,25460342,628.428172
scalar,standard,padded,24,0,699050,47460060,337.125253
scalar,standard,padded,24,1,699050,47420526,337.406311
scalar,standard,padded,24,2,699050,47411267,337.472203
scalar,standard,padded,24,3,699050,47518470,336.710857
scalar,standard,padded,24,4,699050,47438288,337.279978
scalar,standard,padded,24,5,699050,47426407,337.364472
scalar,standard,padded,24,6,699050,47404795,337.518277
scalar,standard,padded,24,7,699050,47408513,337.491807
scalar,standard,padded,24,8,699050,48885162,327.297366
scalar,standard,padded,24,9,699050,48433963,330.346388
scalar,standard,padded,24,10,699050,48456495,330.192779
scalar,standard,padded,24,11,699050,48630212,329.013263
scalar,standard,padded,24,12,699050,48825089,327.700063
scalar,standard,padded,24,13,699050,48687640,328.625186
scalar,standard,padded,24,14,699050,48378759,330.723340
ssse3-sse4.1,standard,padded,24,0,699050,13356620,1197.906712
ssse3-sse4.1,standard,padded,24,1,699050,13388439,1195.059763
ssse3-sse4.1,standard,padded,24,2,699050,13406304,1193.467248
ssse3-sse4.1,standard,padded,24,3,699050,13409770,1193.158775
ssse3-sse4.1,standard,padded,24,4,699050,13405893,1193.503838
ssse3-sse4.1,standard,padded,24,5,699050,13410161,1193.123986
ssse3-sse4.1,standard,padded,24,6,699050,13390584,1194.868330
ssse3-sse4.1,standard,padded,24,7,699050,13454144,1189.223539
ssse3-sse4.1,standard,padded,24,8,699050,13399471,1194.075851
ssse3-sse4.1,standard,padded,24,9,699050,13399090,1194.109805
ssse3-sse4.1,standard,padded,24,10,699050,13427583,1191.575933
ssse3-sse4.1,standard,padded,24,11,699050,13348594,1198.626967
ssse3-sse4.1,standard,padded,24,12,699050,13413467,1192.829918
ssse3-sse4.1,standard,padded,24,13,699050,13405542,1193.535087
ssse3-sse4.1,standard,padded,24,14,699050,13376657,1196.112358
avx2,standard,padded,24,0,699050,13535536,1182.072490
avx2,standard,padded,24,1,699050,13251001,1207.454798
avx2,standard,padded,24,2,699050,12797918,1250.202161
avx2,standard,padded,24,3,699050,12786627,1251.306130
avx2,standard,padded,24,4,699050,12754216,1254.485947
avx2,standard,padded,24,5,699050,12796566,1250.334249
avx2,standard,padded,24,6,699050,12766980,1253.231754
avx2,standard,padded,24,7,699050,12741953,1255.693279
avx2,standard,padded,24,8,699050,13609075,1175.684956
avx2,standard,padded,24,9,699050,12812436,1248.785535
avx2,standard,padded,24,10,699050,12806564,1249.358121
avx2,standard,padded,24,11,699050,12787499,1251.220801
avx2,standard,padded,24,12,699050,12787338,1251.236555
avx2,standard,padded,24,13,699050,12807907,1249.227117
avx2,standard,padded,24,14,699050,12739859,1255.899672
scalar,standard,padded,48,0,349525,46700460,342.608718
scalar,standard,padded,48,1,349525,46646329,343.006300
scalar,standard,padded,48,2,349525,46362183,345.108528
scalar,standard,padded,48,3,349525,45863335,348.862217
scalar,standard,padded,48,4,349525,45835382,349.074973
scalar,standard,padded,48,5,349525,45628242,350.659680
scalar,standard,padded,48,6,349525,45535066,351.377216
scalar,standard,padded,48,7,349525,45608495,350.811504
scalar,standard,padded,48,8,349525,45525879,351.448123
scalar,standard,padded,48,9,349525,45510370,351.567890
scalar,standard,padded,48,10,349525,45510260,351.568739
scalar,standard,padded,48,11,349525,45486144,351.755135
scalar,standard,padded,48,12,349525,45582456,351.011906
scalar,standard,padded,48,13,349525,45472569,351.860145
scalar,standard,padded,48,14,349525,45481515,351.790936
ssse3-sse4.1,standard,padded,48,0,349525,8018161,1995.468131
ssse3-sse4.1,standard,padded,48,1,349525,8045874,1988.594992
ssse3-sse4.1,standard,padded,48,2,349525,8047247,1988.255703
ssse3-sse4.1,standard,padded,48,3,349525,8056834,1985.889835
ssse3-sse4.1,standard,padded,48,4,349525,8053729,1986.655466
ssse3-sse4.1,standard,padded,48,5,349525,8054370,1986.497360
ssse3-sse4.1,standard,padded,48,6,349525,8050503,1987.451559
ssse3-sse4.1,standard,padded,48,7,349525,7257340,2204.662416
ssse3-sse4.1,standard,padded,48,8,349525,7086078,2257.946461
ssse3-sse4.1,standard,padded,48,9,349525,7113980,2249.090487
ssse3-sse4.1,standard,padded,48,10,349525,7165737,2232.845657
ssse3-sse4.1,standard,padded,48,11,349525,7108780,2250.735674
ssse3-sse4.1,standard,padded,48,12,349525,7096768,2254.545272
ssse3-sse4.1,standard,padded,48,13,349525,7089825,2256.753127
ssse3-sse4.1,standard,padded,48,14,349525,7095846,2254.838217
avx2,standard,padded,48,0,349525,7033628,2274.784043
avx2,standard,padded,48,1,349525,7003201,2284.667360
avx2,standard,padded,48,2,349525,7047715,2270.237196
avx2,standard,padded,48,3,349525,7018030,2279.839890
avx2,standard,padded,48,4,349525,7036263,2273.932163
avx2,standard,padded,48,5,349525,7073003,2262.120452
avx2,standard,padded,48,6,349525,6553695,2441.368532
avx2,standard,padded,48,7,349525,6412840,2494.992038
avx2,standard,padded,48,8,349525,6410446,2495.923800
avx2,standard,padded,48,9,349525,6437056,2485.605957
avx2,standard,padded,48,10,349525,6436284,2485.904093
avx2,standard,padded,48,11,349525,6407089,2497.231542
avx2,standard,padded,48,12,349525,6497891,2462.335047
avx2,standard,padded,48,13,349525,6464497,2475.054864
avx2,standard,padded,48,14,349525,6425083,2490.237829
avx512-vbmi,standard,padded,48,0,349525,7217795,2216.741365
avx512-vbmi,standard,padded,48,1,349525,7226041,2214.211730
avx512-vbmi,standard,padded,48,2,349525,7198188,2222.779502
avx512-vbmi,standard,padded,48,3,349525,7199401,2222.404995
avx512-vbmi,standard,padded,48,4,349525,7195032,2223.754494
avx512-vbmi,standard,padded,48,5,349525,7165126,2233.036061
avx512-vbmi,standard,padded,48,6,349525,6601725,2423.606670
avx512-vbmi,standard,padded,48,7,349525,6590224,2427.836253
avx512-vbmi,standard,padded,48,8,349525,6585526,2429.568229
avx512-vbmi,standard,padded,48,9,349525,6790621,2356.188741
avx512-vbmi,standard,padded,48,10,349525,6601295,2423.764540
avx512-vbmi,standard,padded,48,11,349525,6601746,2423.598960
avx512-vbmi,standard,padded,48,12,349525,6610413,2420.421348
avx512-vbmi,standard,padded,48,13,349525,6601144,2423.819984
avx512-vbmi,standard,padded,48,14,349525,6610052,2420.553536
scalar,standard,padded,64,0,262144,17457078,916.533683
scalar,standard,padded,64,1,262144,17433203,917.788888
scalar,standard,padded,64,2,262144,17415771,918.707532
scalar,standard,padded,64,3,262144,18250551,876.685860
scalar,standard,padded,64,4,262144,17549172,911.723926
scalar,standard,padded,64,5,262144,17515237,913.490351
scalar,standard,padded,64,6,262144,17428654,918.028438
scalar,standard,padded,64,7,262144,17432692,917.815791
scalar,standard,padded,64,8,262144,17429827,917.966656
scalar,standard,padded,64,9,262144,17401453,919.463449
scalar,standard,padded,64,10,262144,17399499,919.566707
scalar,standard,padded,64,11,262144,17419828,918.493570
scalar,standard,padded,64,12,262144,17439094,917.478855
scalar,standard,padded,64,13,262144,17426981,918.116569
scalar,standard,padded,64,14,262144,17416171,918.686432
ssse3-sse4.1,standard,padded,64,0,262144,8754878,1827.552594
ssse3-sse4.1,standard,padded,64,1,262144,8771069,1824.179014
ssse3-sse4.1,standard,padded,64,2,262144,8789013,1820.454697
ssse3-sse4.1,standard,padded,64,3,262144,8775728,1823.210564
ssse3-sse4.1,standard,padded,64,4,262144,8780036,1822.315991
ssse3-sse4.1,standard,padded,64,5,262144,8778113,1822.715201
ssse3-sse4.1,standard,padded,64,6,262144,8368912,1911.837524
ssse3-sse4.1,standard,padded,64,7,262144,8326362,1921.607540
ssse3-sse4.1,standard,padded,64,8,262144,8339025,1918.689535
ssse3-sse4.1,standard,padded,64,9,262144,8329137,1920.967322
ssse3-sse4.1,standard,padded,64,10,262144,8440527,1895.616233
ssse3-sse4.1,standard,padded,64,11,262144,8751031,1828.355996
ssse3-sse4.1,standard,padded,64,12,262144,8746222,1829.361295
ssse3-sse4.1,standard,padded,64,13,262144,8757604,1826.983728
ssse3-sse4.1,standard,padded,64,14,262144,8748717,1828.839589
avx2,standard,padded,64,0,262144,16231000,985.767975
avx2,standard,padded,64,1,262144,16158904,990.166165
avx2,standard,padded,64,2,262144,16283850,982.568619
avx2,standard,padded,64,3,262144,16088933,994.472412
avx2,standard,padded,64,4,262144,15919714,1005.043181
avx2,standard,padded,64,5,262144,15926206,1004.633495
avx2,standard,padded,64,6,262144,15932158,1004.258180
avx2,standard,padded,64,7,262144,15966612,1002.091114
avx2,standard,padded,64,8,262144,15964319,1002.235047
avx2,standard,padded,64,9,262144,15984005,1001.000688
avx2,standard,padded,64,10,262144,16150839,990.660609
avx2,standard,padded,64,11,262144,16139719,991.343158
avx2,standard,padded,64,12,262144,16134698,991.651657
avx2,standard,padded,64,13,262144,16132354,991.795742
avx2,standard,padded,64,14,262144,16153645,990.488524
avx512-vbmi,standard,padded,64,0,262144,16442939,973.062054
avx512-vbmi,standard,padded,64,1,262144,16408725,975.090996
avx512-vbmi,standard,padded,64,2,262144,16395029,975.905563
avx512-vbmi,standard,padded,64,3,262144,16399277,975.652768
avx512-vbmi,standard,padded,64,4,262144,16401571,975.516309
avx512-vbmi,standard,padded,64,5,262144,16428713,973.904651
avx512-vbmi,standard,padded,64,6,262144,16451736,972.541743
avx512-vbmi,standard,padded,64,7,262144,16470782,971.417143
avx512-vbmi,standard,padded,64,8,262144,16464820,971.768899
avx512-vbmi,standard,padded,64,9,262144,16429594,973.852428
avx512-vbmi,standard,padded,64,10,262144,16403635,975.393564
avx512-vbmi,standard,padded,64,11,262144,16076339,995.251469
avx512-vbmi,standard,padded,64,12,262144,16107868,993.303397
avx512-vbmi,standard,padded,64,13,262144,16344574,978.918141
avx512-vbmi,standard,padded,64,14,262144,16452307,972.507989
scalar,standard,padded,96,0,174762,26109494,612.801572
scalar,standard,padded,96,1,174762,26123240,612.479117
scalar,standard,padded,96,2,174762,26158786,611.646846
scalar,standard,padded,96,3,174762,26262261,609.236919
scalar,standard,padded,96,4,174762,26178724,611.181010
scalar,standard,padded,96,5,174762,26151682,611.812998
scalar,standard,padded,96,6,174762,26150912,611.831012
scalar,standard,padded,96,7,174762,26142426,612.029617
scalar,standard,padded,96,8,174762,26140652,612.071151
scalar,standard,padded,96,9,174762,26060531,613.952915
scalar,standard,padded,96,10,174762,26045493,614.307395
scalar,standard,padded,96,11,174762,26026748,614.749832
scalar,standard,padded,96,12,174762,26014284,615.044372
scalar,standard,padded,96,13,174762,26020145,614.905834
scalar,standard,padded,96,14,174762,26029143,614.693268
ssse3-sse4.1,standard,padded,96,0,174762,4771310,3353.363953
ssse3-sse4.1,standard,padded,96,1,174762,4819241,3320.012210
ssse3-sse4.1,standard,padded,96,2,174762,4800496,3332.976210
ssse3-sse4.1,standard,padded,96,3,174762,4815904,3322.312688
ssse3-sse4.1,standard,padded,96,4,174762,4810955,3325.730331
ssse3-sse4.1,standard,padded,96,5,174762,4812819,3324.442279
ssse3-sse4.1,standard,padded,96,6,174762,4815344,3322.699056
ssse3-sse4.1,standard,padded,96,7,174762,4814232,3323.466539
ssse3-sse4.1,standard,padded,96,8,174762,4266090,3750.492597
ssse3-sse4.1,standard,padded,96,9,174762,4088776,3913.136588
ssse3-sse4.1,standard,padded,96,10,174762,4091481,3910.549497
ssse3-sse4.1,standard,padded,96,11,174762,4097813,3904.506859
ssse3-sse4.1,standard,padded,96,12,174762,4099967,3902.455548
ssse3-sse4.1,standard,padded,96,13,174762,4095238,3906.961931
ssse3-sse4.1,standard,padded,96,14,174762,4096240,3906.006231
avx2,standard,padded,96,0,174762,3923435,4078.043593
avx2,standard,padded,96,1,174762,3915159,4086.663904
avx2,standard,padded,96,2,174762,3811594,4197.702842
avx2,standard,padded,96,3,174762,3439885,4651.300542
avx2,standard,padded,96,4,174762,3449433,4638.425783
avx2,standard,padded,96,5,174762,3448622,4639.516585
avx2,standard,padded,96,6,174762,3457618,4627.445532
avx2,standard,padded,96,7,174762,3452779,4633.930803
avx2,standard,padded,96,8,174762,3447940,4640.434278
avx2,standard,padded,96,9,174762,3447479,4641.054801
avx2,standard,padded,96,10,174762,3443832,4645.969654
avx2,standard,padded,96,11,174762,3454682,4631.378218
avx2,standard,padded,96,12,174762,3439233,4652.182322
avx2,standard,padded,96,13,174762,3448090,4640.232408
avx2,standard,padded,96,14,174762,3459882,4624.417528
avx512-vbmi,standard,padded,96,0,174762,3783882,4228.445539
avx512-vbmi,standard,padded,96,1,174762,3783802,4228.534940
avx512-vbmi,standard,padded,96,2,174762,3773582,4239.987090
avx512-vbmi,standard,padded,96,3,174762,3763724,4251.092526
avx512-vbmi,standard,padded,96,4,174762,3765577,4249.000609
avx512-vbmi,standard,padded,96,5,174762,3376625,4738.441185
avx512-vbmi,standard,padded,96,6,174762,3384911,4726.841847
avx512-vbmi,standard,padded,96,7,174762,3381435,4731.700880
avx512-vbmi,standard,padded,96,8,174762,3383258,4729.151299
avx512-vbmi,standard,padded,96,9,174762,3381325,4731.854810
avx512-vbmi,standard,padded,96,10,174762,3376344,4738.835547
avx512-vbmi,standard,padded,96,11,174762,3366146,4753.192216
avx512-vbmi,standard,padded,96,12,174762,3379851,4733.918437
avx512-vbmi,standard,padded,96,13,174762,3380703,4732.725402
avx512-vbmi,standard,padded,96,14,174762,3375042,4740.663661
scalar,standard,padded,192,0,87381,16676519,959.429181
scalar,standard,padded,192,1,87381,16579666,965.033853
scalar,standard,padded,192,2,87381,16583934,964.785494
scalar,standard,padded,192,3,87381,16581190,964.945156
scalar,standard,padded,192,4,87381,16602780,963.690356
scalar,standard,padded,192,5,87381,16602129,963.728144
scalar,standard,padded,192,6,87381,16685856,958.892308
scalar,standard,padded,192,7,87381,16632044,961.994747
scalar,standard,padded,192,8,87381,16595215,964.129658
scalar,standard,padded,192,9,87381,16601378,963.771740
scalar,standard,padded,192,10,87381,16589736,964.448076
scalar,standard,padded,192,11,87381,16600285,963.835197
scalar,standard,padded,192,12,87381,16597560,963.993440
scalar,standard,padded,192,13,87381,16580869,964.963837
scalar,standard,padded,192,14,87381,16604503,963.590356
ssse3-sse4.1,standard,padded,192,0,87381,3101668,5158.495031
ssse3-sse4.1,standard,padded,192,1,87381,3125313,5119.467703
ssse3-sse4.1,standard,padded,192,2,87381,3139509,5096.318872
ssse3-sse4.1,standard,padded,192,3,87381,3136052,5101.936755
ssse3-sse4.1,standard,padded,192,4,87381,3126946,5116.794139
ssse3-sse4.1,standard,padded,192,5,87381,3135422,5102.961887
ssse3-sse4.1,standard,padded,192,6,87381,3133137,5106.683482
ssse3-sse4.1,standard,padded,192,7,87381,3134079,5105.148583
ssse3-sse4.1,standard,padded,192,8,87381,3141683,5092.792292
ssse3-sse4.1,standard,padded,192,9,87381,3141713,5092.743661
ssse3-sse4.1,standard,padded,192,10,87381,3144769,5087.794673
ssse3-sse4.1,standard,padded,192,11,87381,3148596,5081.610650
ssse3-sse4.1,standard,padded,192,12,87381,3147023,5084.150629
ssse3-sse4.1,standard,padded,192,13,87381,3148707,5081.431510
ssse3-sse4.1,standard,padded,192,14,87381,3146222,5085.445008
avx2,standard,padded,192,0,87381,2354261,6796.161923
avx2,standard,padded,192,1,87381,2354962,6794.138914
avx2,standard,padded,192,2,87381,2366284,6761.630880
avx2,standard,padded,192,3,87381,2348229,6813.619526
avx2,standard,padded,192,4,87381,2407611,6645.566483
avx2,standard,padded,192,5,87381,2404807,6653.315199
avx2,standard,padded,192,6,87381,2353310,6798.908331
avx2,standard,padded,192,7,87381,2351927,6802.906283
avx2,standard,padded,192,8,87381,2347869,6814.664261
avx2,standard,padded,192,9,87381,2344744,6823.746629
avx2,standard,padded,192,10,87381,2350244,6807.777816
avx2,standard,padded,192,11,87381,2354282,6796.101302
avx2,standard,padded,192,12,87381,2347318,6816.263908
avx2,standard,padded,192,13,87381,2348941,6811.554213
avx2,standard,padded,192,14,87381,2352828,6800.301155
avx512-vbmi,standard,padded,192,0,87381,2038748,7847.923807
avx512-vbmi,standard,padded,192,1,87381,2054988,7785.903842
avx512-vbmi,standard,padded,192,2,87381,2054407,7788.105748
avx512-vbmi,standard,padded,192,3,87381,2154054,7427.826306
avx512-vbmi,standard,padded,192,4,87381,1776123,9008.350753
avx512-vbmi,standard,padded,192,5,87381,1787655,8950.238701
avx512-vbmi,standard,padded,192,6,87381,1788436,8946.330182
avx512-vbmi,standard,padded,192,7,87381,1786352,8956.767180
avx512-vbmi,standard,padded,192,8,87381,1793085,8923.134690
avx512-vbmi,standard,padded,192,9,87381,1794427,8916.461335
avx512-vbmi,standard,padded,192,10,87381,1787334,8951.846138
avx512-vbmi,standard,padded,192,11,87381,1788386,8946.580305
avx512-vbmi,standard,padded,192,12,87381,1785581,8960.634642
avx512-vbmi,standard,padded,192,13,87381,1784309,8967.022508
avx512-vbmi,standard,padded,192,14,87381,1788656,8945.229807
scalar,standard,padded,384,0,43690,12051804,1327.581818
scalar,standard,padded,384,1,43690,11983495,1335.149375
scalar,standard,padded,384,2,43690,11944411,1339.518195
scalar,standard,padded,384,3,43690,11927200,1341.451125
scalar,standard,padded,384,4,43690,11914887,1342.837398
scalar,standard,padded,384,5,43690,11921378,1342.106245
scalar,standard,padded,384,6,43690,11936026,1340.459200
scalar,standard,padded,384,7,43690,11933802,1340.709010
scalar,standard,padded,384,8,43690,11947127,1339.213675
scalar,standard,padded,384,9,43690,11937649,1340.276956
scalar,standard,padded,384,10,43690,11922420,1341.988947
scalar,standard,padded,384,11,43690,11936487,1340.407430
scalar,standard,padded,384,12,43690,11914786,1342.848781
scalar,standard,padded,384,13,43690,11898376,1344.700811
scalar,standard,padded,384,14,43690,11898034,1344.739464
ssse3-sse4.1,standard,padded,384,0,43690,2297545,6963.848743
ssse3-sse4.1,standard,padded,384,1,43690,2308454,6930.939867
ssse3-sse4.1,standard,padded,384,2,43690,2303907,6944.618797
ssse3-sse4.1,standard,padded,384,3,43690,2306731,6936.116894
ssse3-sse4.1,standard,padded,384,4,43690,2307573,6933.586005
ssse3-sse4.1,standard,padded,384,5,43690,2308234,6931.600461
ssse3-sse4.1,standard,padded,384,6,43690,2309357,6928.229745
ssse3-sse4.1,standard,padded,384,7,43690,2308465,6930.906840
ssse3-sse4.1,standard,padded,384,8,43690,2307674,6933.282543
ssse3-sse4.1,standard,padded,384,9,43690,2312673,6918.295781
ssse3-sse4.1,standard,padded,384,10,43690,2212624,7231.122802
ssse3-sse4.1,standard,padded,384,11,43690,2145508,7457.327523
ssse3-sse4.1,standard,padded,384,12,43690,2146620,7453.464451
ssse3-sse4.1,standard,padded,384,13,43690,2147603,7450.052854
ssse3-sse4.1,standard,padded,384,14,43690,2145267,7458.165282
avx2,standard,padded,384,0,43690,1558974,10263.003655
avx2,standard,padded,384,1,43690,1559806,10257.529372
avx2,standard,padded,384,2,43690,1561680,10245.220442
avx2,standard,padded,384,3,43690,1562711,10238.461148
avx2,standard,padded,384,4,43690,1561709,10245.030194
avx2,standard,padded,384,5,43690,1563723,10231.835088
avx2,standard,padded,384,6,43690,1553564,10298.742671
avx2,standard,padded,384,7,43690,1556691,10278.055092
avx2,standard,padded,384,8,43690,1555508,10285.871792
avx2,standard,padded,384,9,43690,1557702,10271.384295
avx2,standard,padded,384,10,43690,1563673,10232.162261
avx2,standard,padded,384,11,43690,1551200,10314.437764
avx2,standard,padded,384,12,43690,1563733,10231.769656
avx2,standard,padded,384,13,43690,1554286,10293.958679
avx2,standard,padded,384,14,43690,1559776,10257.726660
avx512-vbmi,standard,padded,384,0,43690,1153832,13866.625175
avx512-vbmi,standard,padded,384,1,43690,1163971,13745.837190
avx512-vbmi,standard,padded,384,2,43690,1168610,13691.270706
avx512-vbmi,standard,padded,384,3,43690,1151217,13898.123342
avx512-vbmi,standard,padded,384,4,43690,1045298,15306.406268
avx512-vbmi,standard,padded,384,5,43690,975626,16399.476705
avx512-vbmi,standard,padded,384,6,43690,976127,16391.059626
avx512-vbmi,standard,padded,384,7,43690,976017,16392.906947
avx512-vbmi,standard,padded,384,8,43690,978943,16343.909563
avx512-vbmi,standard,padded,384,9,43690,978101,16357.979247
avx512-vbmi,standard,padded,384,10,43690,980566,16316.857671
avx512-vbmi,standard,padded,384,11,43690,978822,16345.929964
avx512-vbmi,standard,padded,384,12,43690,975556,16400.653432
avx512-vbmi,standard,padded,384,13,43690,975527,16401.140983
avx512-vbmi,standard,padded,384,14,43690,978753,16347.082317
scalar,standard,padded,768,0,21845,9682535,1652.434601
scalar,standard,padded,768,1,21845,9645074,1658.852577
scalar,standard,padded,768,2,21845,9615719,1663.916745
scalar,standard,padded,768,3,21845,9612212,1664.523822
scalar,standard,padded,768,4,21845,9615859,1663.892520
scalar,standard,padded,768,5,21845,9619746,1663.220199
scalar,standard,padded,768,6,21845,9616531,1663.776247
scalar,standard,padded,768,7,21845,9607714,1665.303095
scalar,standard,padded,768,8,21845,9599819,1666.672659
scalar,standard,padded,768,9,21845,9624034,1662.479150
scalar,standard,padded,768,10,21845,9596192,1667.302599
scalar,standard,padded,768,11,21845,9592285,1667.981702
scalar,standard,padded,768,12,21845,9596532,1667.243527
scalar,standard,padded,768,13,21845,9586243,1669.032994
scalar,standard,padded,768,14,21845,9581474,1669.863724
ssse3-sse4.1,standard,padded,768,0,21845,1903733,8404.411679
ssse3-sse4.1,standard,padded,768,1,21845,1908051,8385.392141
ssse3-sse4.1,standard,padded,768,2,21845,1912670,8365.141849
ssse3-sse4.1,standard,padded,768,3,21845,1923902,8316.305019
ssse3-sse4.1,standard,padded,768,4,21845,1915405,8353.197292
ssse3-sse4.1,standard,padded,768,5,21845,1911087,8372.070900
ssse3-sse4.1,standard,padded,768,6,21845,1912249,8366.983515
ssse3-sse4.1,standard,padded,768,7,21845,1914954,8355.164594
ssse3-sse4.1,standard,padded,768,8,21845,1912279,8366.852253
ssse3-sse4.1,standard,padded,768,9,21845,1912119,8367.552364
ssse3-sse4.1,standard,padded,768,10,21845,1916036,8350.446369
ssse3-sse4.1,standard,padded,768,11,21845,1913452,8361.723137
ssse3-sse4.1,standard,padded,768,12,21845,1912450,8366.104138
ssse3-sse4.1,standard,padded,768,13,21845,1911258,8371.321852
ssse3-sse4.1,standard,padded,768,14,21845,1914323,8357.918627
avx2,standard,padded,768,0,21845,1176314,13601.602854
avx2,standard,padded,768,1,21845,1174891,13618.076791
avx2,standard,padded,768,2,21845,1171935,13652.425996
avx2,standard,padded,768,3,21845,1181985,13536.344251
avx2,standard,padded,768,4,21845,1179500,13564.862958
avx2,standard,padded,768,5,21845,1176434,13600.215447
avx2,standard,padded,768,6,21845,1178888,13571.904930
avx2,standard,padded,768,7,21845,1179780,13561.643577
avx2,standard,padded,768,8,21845,1174651,13620.859182
avx2,standard,padded,768,9,21845,1177957,13582.631505
avx2,standard,padded,768,10,21845,1177836,13584.026859
avx2,standard,padded,768,11,21845,1178909,13571.663173
avx2,standard,padded,768,12,21845,1183678,13516.983385
avx2,standard,padded,768,13,21845,1109408,14421.886141
avx2,standard,padded,768,14,21845,1096023,14598.011045
avx512-vbmi,standard,padded,768,0,21845,711409,22490.235377
avx512-vbmi,standard,padded,768,1,21845,709686,22544.837942
avx512-vbmi,standard,padded,768,2,21845,713493,22424.544963
avx512-vbmi,standard,padded,768,3,21845,707782,22605.485671
avx512-vbmi,standard,padded,768,4,21845,709155,22561.719031
avx512-vbmi,standard,padded,768,5,21845,706640,22642.018368
avx512-vbmi,standard,padded,768,6,21845,705418,22681.241277
avx512-vbmi,standard,padded,768,7,21845,712912,22442.820235
avx512-vbmi,standard,padded,768,8,21845,711379,22491.183827
avx512-vbmi,standard,padded,768,9,21845,708012,22598.142206
avx512-vbmi,standard,padded,768,10,21845,709135,22562.355348
avx512-vbmi,standard,padded,768,11,21845,710407,22521.956934
avx512-vbmi,standard,padded,768,12,21845,709606,22547.379615
avx512-vbmi,standard,padded,768,13,21845,704045,22725.473314
avx512-vbmi,standard,padded,768,14,21845,712010,22471.251611
scalar,standard,padded,1024,0,16384,7977675,2005.596869
scalar,standard,padded,1024,1,16384,7934675,2016.465703
scalar,standard,padded,1024,2,16384,7910529,2022.620738
scalar,standard,padded,1024,3,16384,7904768,2024.094825
scalar,standard,padded,1024,4,16384,7891894,2027.396719
scalar,standard,padded,1024,5,16384,7893938,2026.871759
scalar,standard,padded,1024,6,16384,7908946,2023.025571
scalar,standard,padded,1024,7,16384,7894829,2026.643009
scalar,standard,padded,1024,8,16384,7902133,2024.769768
scalar,standard,padded,1024,9,16384,7892365,2027.275728
scalar,standard,padded,1024,10,16384,7895240,2026.537509
scalar,standard,padded,1024,11,16384,7906462,2023.661152
scalar,standard,padded,1024,12,16384,7901152,2025.021161
scalar,standard,padded,1024,13,16384,7902384,2024.705456
scalar,standard,padded,1024,14,16384,7892937,2027.128811
ssse3-sse4.1,standard,padded,1024,0,16384,1948818,8210.104792
ssse3-sse4.1,standard,padded,1024,1,16384,1950050,8204.917823
ssse3-sse4.1,standard,padded,1024,2,16384,1955290,8182.929386
ssse3-sse4.1,standard,padded,1024,3,16384,1955831,8180.665916
ssse3-sse4.1,standard,padded,1024,4,16384,1960830,8159.809876
ssse3-sse4.1,standard,padded,1024,5,16384,1966181,8137.602794
ssse3-sse4.1,standard,padded,1024,6,16384,1943719,8231.642537
ssse3-sse4.1,standard,padded,1024,7,16384,1964829,8143.202284
ssse3-sse4.1,standard,padded,1024,8,16384,1947135,8217.201170
ssse3-sse4.1,standard,padded,1024,9,16384,1955431,8182.339341
ssse3-sse4.1,standard,padded,1024,10,16384,1941445,8241.284198
ssse3-sse4.1,standard,padded,1024,11,16384,1961031,8158.973520
ssse3-sse4.1,standard,padded,1024,12,16384,1930333,8288.725313
ssse3-sse4.1,standard,padded,1024,13,16384,1947005,8217.749826
ssse3-sse4.1,standard,padded,1024,14,16384,1958676,8168.783403
avx2,standard,padded,1024,0,16384,1738903,9201.203287
avx2,standard,padded,1024,1,16384,1723143,9285.358209
avx2,standard,padded,1024,2,16384,1729605,9250.667060
avx2,standard,padded,1024,3,16384,1724216,9279.579821
avx2,standard,padded,1024,4,16384,1723003,9286.112677
avx2,standard,padded,1024,5,16384,1731309,9241.562309
avx2,standard,padded,1024,6,16384,1726039,9269.778956
avx2,standard,padded,1024,7,16384,1722342,9289.676499
avx2,standard,padded,1024,8,16384,1725057,9275.055839
avx2,standard,padded,1024,9,16384,1731620,9239.902519
avx2,standard,padded,1024,10,16384,1726209,9268.866053
avx2,standard,padded,1024,11,16384,1723965,9280.930877
avx2,standard,padded,1024,12,16384,1733643,9229.120413
avx2,standard,padded,1024,13,16384,1725257,9273.980630
avx2,standard,padded,1024,14,16384,1724666,9277.158592
avx512-vbmi,standard,padded,1024,0,16384,1276032,12538.870499
avx512-vbmi,standard,padded,1024,1,16384,1272816,12570.552224
avx512-vbmi,standard,padded,1024,2,16384,1272185,12576.787181
avx512-vbmi,standard,padded,1024,3,16384,1273898,12559.875280
avx512-vbmi,standard,padded,1024,4,16384,1276843,12530.906306
avx512-vbmi,standard,padded,1024,5,16384,1350192,11850.166495
avx512-vbmi,standard,padded,1024,6,16384,1277955,12520.002661
avx512-vbmi,standard,padded,1024,7,16384,1273858,12560.269669
avx512-vbmi,standard,padded,1024,8,16384,1279788,12502.070655
avx512-vbmi,standard,padded,1024,9,16384,1282113,12479.399242
avx512-vbmi,standard,padded,1024,10,16384,1276883,12530.513759
avx512-vbmi,standard,padded,1024,11,16384,1272435,12574.316173
avx512-vbmi,standard,padded,1024,12,16384,1272354,12575.116674
avx512-vbmi,standard,padded,1024,13,16384,1270882,12589.681812
avx512-vbmi,standard,padded,1024,14,16384,1274068,12558.199405
scalar,standard,padded,65536,0,256,7316141,2186.945276
scalar,standard,padded,65536,1,256,7304108,2190.548113
scalar,standard,padded,65536,2,256,7290041,2194.775036
scalar,standard,padded,65536,3,256,7284661,2196.395961
scalar,standard,padded,65536,4,256,7284701,2196.383901
scalar,standard,padded,65536,5,256,7282768,2196.966868
scalar,standard,padded,65536,6,256,7287977,2195.396610
scalar,standard,padded,65536,7,256,7299539,2191.919243
scalar,standard,padded,65536,8,256,7275394,2199.193611
scalar,standard,padded,65536,9,256,7280233,2197.731858
scalar,standard,padded,65536,10,256,7272559,2200.050904
scalar,standard,padded,65536,11,256,7273800,2199.675548
scalar,standard,padded,65536,12,256,7287547,2195.526149
scalar,standard,padded,65536,13,256,7275253,2199.236233
scalar,standard,padded,65536,14,256,7274212,2199.550962
ssse3-sse4.1,standard,padded,65536,0,256,1514260,10566.217162
ssse3-sse4.1,standard,padded,65536,1,256,1518267,10538.330873
ssse3-sse4.1,standard,padded,65536,2,256,1519761,10527.971174
ssse3-sse4.1,standard,padded,65536,3,256,1523999,10498.694553
ssse3-sse4.1,standard,padded,65536,4,256,1519289,10531.241916
ssse3-sse4.1,standard,padded,65536,5,256,1522205,10511.067826
ssse3-sse4.1,standard,padded,65536,6,256,1520381,10523.677947
ssse3-sse4.1,standard,padded,65536,7,256,1522646,10508.023533
ssse3-sse4.1,standard,padded,65536,8,256,1519150,10532.205510
ssse3-sse4.1,standard,padded,65536,9,256,1519691,10528.456114
ssse3-sse4.1,standard,padded,65536,10,256,1518499,10536.720801
ssse3-sse4.1,standard,padded,65536,11,256,1519230,10531.650902
ssse3-sse4.1,standard,padded,65536,12,256,1524129,10497.799071
ssse3-sse4.1,standard,padded,65536,13,256,1523948,10499.045899
ssse3-sse4.1,standard,padded,65536,14,256,1520351,10523.885603
avx2,standard,padded,65536,0,256,814312,19648.488540
avx2,standard,padded,65536,1,256,817619,19569.016865
avx2,standard,padded,65536,2,256,815865,19611.087619
avx2,standard,padded,65536,3,256,817789,19564.948905
avx2,standard,padded,65536,4,256,819182,19531.679163
avx2,standard,padded,65536,5,256,816758,19589.645893
avx2,standard,padded,65536,6,256,818521,19547.452051
avx2,standard,padded,65536,7,256,821065,19486.885935
avx2,standard,padded,65536,8,256,821145,19484.987426
avx2,standard,padded,65536,9,256,820664,19496.407787
avx2,standard,padded,65536,10,256,820464,19501.160319
avx2,standard,padded,65536,11,256,817348,19575.505170
avx2,standard,padded,65536,12,256,820484,19500.684962
avx2,standard,padded,65536,13,256,817749,19565.905920
avx2,standard,padded,65536,14,256,817950,19561.097867
avx512-vbmi,standard,padded,65536,0,256,271101,59018.594546
avx512-vbmi,standard,padded,65536,1,256,271541,58922.961910
avx512-vbmi,standard,padded,65536,2,256,272833,58643.932369
avx512-vbmi,standard,padded,65536,3,256,271511,58929.472471
avx512-vbmi,standard,padded,65536,4,256,271731,58881.761742
avx512-vbmi,standard,padded,65536,5,256,267804,59745.186778
avx512-vbmi,standard,padded,65536,6,256,265981,60154.672702
avx512-vbmi,standard,padded,65536,7,256,265009,60375.308008
avx512-vbmi,standard,padded,65536,8,256,265660,60227.358277
avx512-vbmi,standard,padded,65536,9,256,265931,60165.982905
avx512-vbmi,standard,padded,65536,10,256,263927,60622.823735
avx512-vbmi,standard,padded,65536,11,256,264969,60384.422329
avx512-vbmi,standard,padded,65536,12,256,261662,61147.587346
avx512-vbmi,standard,padded,65536,13,256,259759,61595.555881
avx512-vbmi,standard,padded,65536,14,256,257295,62185.429177
scalar,standard,unpadded,12,0,1398101,50775731,315.111095
scalar,standard,unpadded,12,1,1398101,50669300,315.772987
scalar,standard,unpadded,12,2,1398101,50671575,315.758809
scalar,standard,unpadded,12,3,1398101,50671915,315.756691
scalar,standard,unpadded,12,4,1398101,50678948,315.712871
scalar,standard,unpadded,12,5,1398101,50693055,315.625014
scalar,standard,unpadded,12,6,1398101,50713944,315.495008
scalar,standard,unpadded,12,7,1398101,50687164,315.661697
scalar,standard,unpadded,12,8,1398101,50673739,315.745325
scalar,standard,unpadded,12,9,1398101,50700378,315.579426
scalar,standard,unpadded,12,10,1398101,50671395,315.759931
scalar,standard,unpadded,12,11,1398101,50682425,315.691212
scalar,standard,unpadded,12,12,1398101,50685411,315.672614
scalar,standard,unpadded,12,13,1398101,50690761,315.639297
scalar,standard,unpadded,12,14,1398101,50679609,315.708754
ssse3-sse4.1,standard,unpadded,12,0,1398101,27592976,579.857576
ssse3-sse4.1,standard,unpadded,12,1,1398101,27565965,580.425760
ssse3-sse4.1,standard,unpadded,12,2,1398101,27488620,582.058910
ssse3-sse4.1,standard,unpadded,12,3,1398101,27472609,582.398133
ssse3-sse4.1,standard,unpadded,12,4,1398101,27443213,583.021973
ssse3-sse4.1,standard,unpadded,12,5,1398101,27558711,580.578540
ssse3-sse4.1,standard,unpadded,12,6,1398101,27555756,580.640799
ssse3-sse4.1,standard,unpadded,12,7,1398101,27525869,581.271247
ssse3-sse4.1,standard,unpadded,12,8,1398101,27505161,581.708872
ssse3-sse4.1,standard,unpadded,12,9,1398101,27468521,582.484808
ssse3-sse4.1,standard,unpadded,12,10,1398101,27502085,581.773934
ssse3-sse4.1,standard,unpadded,12,11,1398101,27456018,582.750062
ssse3-sse4.1,standard,unpadded,12,12,1398101,27491375,582.000580
ssse3-sse4.1,standard,unpadded,12,13,1398101,27461959,582.623992
ssse3-sse4.1,standard,unpadded,12,14,1398101,27464714,582.565549
scalar,standard,unpadded,24,0,699050,46873555,341.343530
scalar,standard,unpadded,24,1,699050,46844541,341.554947
scalar,standard,unpadded,24,2,699050,46902760,341.130985
scalar,standard,unpadded,24,3,699050,46830575,341.656807
scalar,standard,unpadded,24,4,699050,46857385,341.461324
scalar,standard,unpadded,24,5,699050,46856684,341.466433
scalar,standard,unpadded,24,6,699050,47398935,337.560005
scalar,standard,unpadded,24,7,699050,46872854,341.348635
scalar,standard,unpadded,24,8,699050,46863157,341.419268
scalar,standard,unpadded,24,9,699050,46994473,340.465245
scalar,standard,unpadded,24,10,699050,48359693,330.853729
scalar,standard,unpadded,24,11,699050,47655777,335.740717
scalar,standard,unpadded,24,12,699050,47791754,334.785468
scalar,standard,unpadded,24,13,699050,48042155,333.040530
scalar,standard,unpadded,24,14,699050,48060420,332.913960
ssse3-sse4.1,standard,unpadded,24,0,699050,15100102,1059.594481
ssse3-sse4.1,standard,unpadded,24,1,699050,15056890,1062.635427
ssse3-sse4.1,standard,unpadded,24,2,699050,15131911,1057.367093
ssse3-sse4.1,standard,unpadded,24,3,699050,15170234,1054.695975
ssse3-sse4.1,standard,unpadded,24,4,699050,15211602,1051.827726
ssse3-sse4.1,standard,unpadded,24,5,699050,15171796,1054.587390
ssse3-sse4.1,standard,unpadded,24,6,699050,14987389,1067.563185
ssse3-sse4.1,standard,unpadded,24,7,699050,14991316,1067.283535
ssse3-sse4.1,standard,unpadded,24,8,699050,15001886,1066.531551
ssse3-sse4.1,standard,unpadded,24,9,699050,15053274,1062.890687
ssse3-sse4.1,standard,unpadded,24,10,699050,15007267,1066.149136
ssse3-sse4.1,standard,unpadded,24,11,699050,14996847,1066.889910
ssse3-sse4.1,standard,unpadded,24,12,699050,15145858,1056.393421
ssse3-sse4.1,standard,unpadded,24,13,699050,15134437,1057.190614
ssse3-sse4.1,standard,unpadded,24,14,699050,15064875,1062.072187
avx2,standard,unpadded,24,0,699050,13942373,1147.579737
avx2,standard,unpadded,24,1,699050,13883852,1152.416832
avx2,standard,unpadded,24,2,699050,13817718,1157.932500
avx2,standard,unpadded,24,3,699050,13815563,1158.113118
avx2,standard,unpadded,24,4,699050,13812017,1158.410444
avx2,standard,unpadded,24,5,699050,13830612,1156.852982
avx2,standard,unpadded,24,6,699050,13818660,1157.853565
avx2,standard,unpadded,24,7,699050,13802469,1159.211786
avx2,standard,unpadded,24,8,699050,13807559,1158.784456
avx2,standard,unpadded,24,9,699050,13797569,1159.623463
avx2,standard,unpadded,24,10,699050,13828739,1157.009670
avx2,standard,unpadded,24,11,699050,13783083,1160.842225
avx2,standard,unpadded,24,12,699050,13818279,1157.885489
avx2,standard,unpadded,24,13,699050,13802148,1159.238746
avx2,standard,unpadded,24,14,699050,13819151,1157.812426
scalar,standard,unpadded,48,0,349525,46388914,344.909664
scalar,standard,unpadded,48,1,349525,45976918,348.000376
scalar,standard,unpadded,48,2,349525,46127592,346.863646
scalar,standard,unpadded,48,3,349525,45748458,349.738230
scalar,standard,unpadded,48,4,349525,45747796,349.743291
scalar,standard,unpadded,48,5,349525,45527563,351.435124
scalar,standard,unpadded,48,6,349525,45242766,353.647360
scalar,standard,unpadded,48,7,349525,45014176,355.443244
scalar,standard,unpadded,48,8,349525,45048000,355.176362
scalar,standard,unpadded,48,9,349525,46231106,346.086999
scalar,standard,unpadded,48,10,349525,45628062,350.661063
scalar,standard,unpadded,48,11,349525,45457079,351.980046
scalar,standard,unpadded,48,12,349525,45959625,348.131316
scalar,standard,unpadded,48,13,349525,46226558,346.121049
scalar,standard,unpadded,48,14,349525,45715737,349.988555
ssse3-sse4.1,standard,unpadded,48,0,349525,8582213,1864.319231
ssse3-sse4.1,standard,unpadded,48,1,349525,9016802,1774.463356
ssse3-sse4.1,standard,unpadded,48,2,349525,8528713,1876.013971
ssse3-sse4.1,standard,unpadded,48,3,349525,8963431,1785.029052
ssse3-sse4.1,standard,unpadded,48,4,349525,8633320,1853.282948
ssse3-sse4.1,standard,unpadded,48,5,349525,8988408,1780.068811
ssse3-sse4.1,standard,unpadded,48,6,349525,8919238,1793.873506
ssse3-sse4.1,standard,unpadded,48,7,349525,8271499,1934.351288
ssse3-sse4.1,standard,unpadded,48,8,349525,8363992,1912.960311
ssse3-sse4.1,standard,unpadded,48,9,349525,8391906,1906.597231
ssse3-sse4.1,standard,unpadded,48,10,349525,8316864,1923.800214
ssse3-sse4.1,standard,unpadded,48,11,349525,8325881,1921.716722
ssse3-sse4.1,standard,unpadded,48,12,349525,8333075,1920.057691
ssse3-sse4.1,standard,unpadded,48,13,349525,8315952,1924.011195
ssse3-sse4.1,standard,unpadded,48,14,349525,8325240,1921.864684
avx2,standard,unpadded,48,0,349525,7305080,2190.254555
avx2,standard,unpadded,48,1,349525,7355595,2175.212847
avx2,standard,unpadded,48,2,349525,7276967,2198.716133
avx2,standard,unpadded,48,3,349525,7270054,2200.806863
avx2,standard,unpadded,48,4,349525,7257069,2204.744745
avx2,standard,unpadded,48,5,349525,7279572,2197.929321
avx2,standard,unpadded,48,6,349525,7267749,2201.504860
avx2,standard,unpadded,48,7,349525,7261949,2203.263165
avx2,standard,unpadded,48,8,349525,7257049,2204.750821
avx2,standard,unpadded,48,9,349525,7258312,2204.367178
avx2,standard,unpadded,48,10,349525,7276386,2198.891694
avx2,standard,unpadded,48,11,349525,7261768,2203.318082
avx2,standard,unpadded,48,12,349525,7266908,2201.759640
avx2,standard,unpadded,48,13,349525,7265815,2202.090852
avx2,standard,unpadded,48,14,349525,7266558,2201.865690
avx512-vbmi,standard,unpadded,48,0,349525,7238294,2210.463507
avx512-vbmi,standard,unpadded,48,1,349525,7275203,2199.249250
avx512-vbmi,standard,unpadded,48,2,349525,7256058,2205.051936
avx512-vbmi,standard,unpadded,48,3,349525,7255877,2205.106942
avx512-vbmi,standard,unpadded,48,4,349525,7298758,2192.151698
avx512-vbmi,standard,unpadded,48,5,349525,7259253,2204.081431
avx512-vbmi,standard,unpadded,48,6,349525,7300200,2191.718685
avx512-vbmi,standard,unpadded,48,7,349525,7269693,2200.916152
avx512-vbmi,standard,unpadded,48,8,349525,7268901,2201.155958
avx512-vbmi,standard,unpadded,48,9,349525,7232122,2212.349949
avx512-vbmi,standard,unpadded,48,10,349525,7275303,2199.219021
avx512-vbmi,standard,unpadded,48,11,349525,7255857,2205.113020
avx512-vbmi,standard,unpadded,48,12,349525,7323715,2184.681509
avx512-vbmi,standard,unpadded,48,13,349525,7335246,2181.247192
avx512-vbmi,standard,unpadded,48,14,349525,7284491,2196.445124
scalar,standard,unpadded,64,0,262144,17252412,927.406556
scalar,standard,unpadded,64,1,262144,17158646,932.474509
scalar,standard,unpadded,64,2,262144,17158936,932.458749
scalar,standard,unpadded,64,3,262144,17168164,931.957547
scalar,standard,unpadded,64,4,262144,17171821,931.759072
scalar,standard,unpadded,64,5,262144,17162854,932.245884
scalar,standard,unpadded,64,6,262144,17170267,931.843401
scalar,standard,unpadded,64,7,262144,17184245,931.085422
scalar,standard,unpadded,64,8,262144,17161923,932.296457
scalar,standard,unpadded,64,9,262144,17176751,931.491642
scalar,standard,unpadded,64,10,262144,17176460,931.507424
scalar,standard,unpadded,64,11,262144,17176109,931.526459
scalar,standard,unpadded,64,12,262144,17208349,929.781236
scalar,standard,unpadded,64,13,262144,17246852,927.705531
scalar,standard,unpadded,64,14,262144,17246471,927.726026
ssse3-sse4.1,standard,unpadded,64,0,262144,8880726,1801.654504
ssse3-sse4.1,standard,unpadded,64,1,262144,8896185,1798.523749
ssse3-sse4.1,standard,unpadded,64,2,262144,8897477,1798.262586
ssse3-sse4.1,standard,unpadded,64,3,262144,8885414,1800.703940
ssse3-sse4.1,standard,unpadded,64,4,262144,8882669,1801.260409
ssse3-sse4.1,standard,unpadded,64,5,262144,8881897,1801.416972
ssse3-sse4.1,standard,unpadded,64,6,262144,8893189,1799.129649
ssse3-sse4.1,standard,unpadded,64,7,262144,8895093,1798.744544
ssse3-sse4.1,standard,unpadded,64,8,262144,8903117,1797.123412
ssse3-sse4.1,standard,unpadded,64,9,262144,8915591,1794.609017
ssse3-sse4.1,standard,unpadded,64,10,262144,8883721,1801.047106
ssse3-sse4.1,standard,unpadded,64,11,262144,8900673,1797.616877
ssse3-sse4.1,standard,unpadded,64,12,262144,8892327,1799.304052
ssse3-sse4.1,standard,unpadded,64,13,262144,8887218,1800.338419
ssse3-sse4.1,standard,unpadded,64,14,262144,8896364,1798.487562
avx2,standard,unpadded,64,0,262144,16264984,983.708315
avx2,standard,unpadded,64,1,262144,16244415,984.953906
avx2,standard,unpadded,64,2,262144,16298988,981.656039
avx2,standard,unpadded,64,3,262144,16254835,984.322511
avx2,standard,unpadded,64,4,262144,16248874,984.683616
avx2,standard,unpadded,64,5,262144,16258021,984.129618
avx2,standard,unpadded,64,6,262144,16292416,982.052017
avx2,standard,unpadded,64,7,262144,16258432,984.104740
avx2,standard,unpadded,64,8,262144,16261948,983.891967
avx2,standard,unpadded,64,9,262144,16208437,987.140216
avx2,standard,unpadded,64,10,262144,16216563,986.645567
avx2,standard,unpadded,64,11,262144,16200774,987.607135
avx2,standard,unpadded,64,12,262144,16191686,988.161455
avx2,standard,unpadded,64,13,262144,16197447,987.809993
avx2,standard,unpadded,64,14,262144,16217535,986.586433
avx512-vbmi,standard,unpadded,64,0,262144,16417712,974.557234
avx512-vbmi,standard,unpadded,64,1,262144,16427901,973.952789
avx512-vbmi,standard,unpadded,64,2,262144,16381383,976.718510
avx512-vbmi,standard,unpadded,64,3,262144,16390270,976.188922
avx512-vbmi,standard,unpadded,64,4,262144,16383847,976.571620
avx512-vbmi,standard,unpadded,64,5,262144,16372397,977.254583
avx512-vbmi,standard,unpadded,64,6,262144,16400389,975.586616
avx512-vbmi,standard,unpadded,64,7,262144,16395220,975.894194
avx512-vbmi,standard,unpadded,64,8,262144,16383737,976.578176
avx512-vbmi,standard,unpadded,64,9,262144,16397824,975.739220
avx512-vbmi,standard,unpadded,64,10,262144,16384279,976.545871
avx512-vbmi,standard,unpadded,64,11,262144,16405559,975.279172
avx512-vbmi,standard,unpadded,64,12,262144,16384048,976.559639
avx512-vbmi,standard,unpadded,64,13,262144,16412311,974.877944
avx512-vbmi,standard,unpadded,64,14,262144,16404066,975.367936
scalar,standard,unpadded,96,0,174762,25808928,619.938146
scalar,standard,unpadded,96,1,174762,25826171,619.524240
scalar,standard,unpadded,96,2,174762,25849054,618.975803
scalar,standard,unpadded,96,3,174762,25859202,618.732897
scalar,standard,unpadded,96,4,174762,25870564,618.461158
scalar,standard,unpadded,96,5,174762,25799841,620.156495
scalar,standard,unpadded,96,6,174762,25789090,620.415027
scalar,standard,unpadded,96,7,174762,26114072,612.694143
scalar,standard,unpadded,96,8,174762,25799600,620.162288
scalar,standard,unpadded,96,9,174762,25800411,620.142794
scalar,standard,unpadded,96,10,174762,25793890,620.299573
scalar,standard,unpadded,96,11,174762,25800462,620.141568
scalar,standard,unpadded,96,12,174762,26186919,610.989745
scalar,standard,unpadded,96,13,174762,25823074,619.598541
scalar,standard,unpadded,96,14,174762,25919706,617.288598
ssse3-sse4.1,standard,unpadded,96,0,174762,4946511,3234.590798
ssse3-sse4.1,standard,unpadded,96,1,174762,4960978,3225.158218
ssse3-sse4.1,standard,unpadded,96,2,174762,4965796,3222.029049
ssse3-sse4.1,standard,unpadded,96,3,174762,4961238,3224.989199
ssse3-sse4.1,standard,unpadded,96,4,174762,4960267,3225.620509
ssse3-sse4.1,standard,unpadded,96,5,174762,4966207,3221.762396
ssse3-sse4.1,standard,unpadded,96,6,174762,4965536,3222.197758
ssse3-sse4.1,standard,unpadded,96,7,174762,5006834,3195.620020
ssse3-sse4.1,standard,unpadded,96,8,174762,4952001,3231.004793
ssse3-sse4.1,standard,unpadded,96,9,174762,4950758,3231.816010
ssse3-sse4.1,standard,unpadded,96,10,174762,4948665,3233.182882
ssse3-sse4.1,standard,unpadded,96,11,174762,4973190,3217.238626
ssse3-sse4.1,standard,unpadded,96,12,174762,4952141,3230.913450
ssse3-sse4.1,standard,unpadded,96,13,174762,4946560,3234.558757
ssse3-sse4.1,standard,unpadded,96,14,174762,4946100,3234.859579
avx2,standard,unpadded,96,0,174762,4119534,3883.919629
avx2,standard,unpadded,96,1,174762,4138489,3866.130601
avx2,standard,unpadded,96,2,174762,4121768,3881.814543
avx2,standard,unpadded,96,3,174762,4123812,3879.890491
avx2,standard,unpadded,96,4,174762,4114915,3888.279336
avx2,standard,unpadded,96,5,174762,4088716,3913.194011
avx2,standard,unpadded,96,6,174762,4086772,3915.055443
avx2,standard,unpadded,96,7,174762,4099997,3902.426993
avx2,standard,unpadded,96,8,174762,4080060,3921.495999
avx2,standard,unpadded,96,9,174762,4108493,3894.357119
avx2,standard,unpadded,96,10,174762,4112610,3890.458605
avx2,standard,unpadded,96,11,174762,4089878,3912.082210
avx2,standard,unpadded,96,12,174762,4102802,3899.758985
avx2,standard,unpadded,96,13,174762,4085049,3916.706743
avx2,standard,unpadded,96,14,174762,4082073,3919.562184
avx512-vbmi,standard,unpadded,96,0,174762,3801405,4208.954049
avx512-vbmi,standard,unpadded,96,1,174762,3806605,4203.204421
avx512-vbmi,standard,unpadded,96,2,174762,3849035,4156.870219
avx512-vbmi,standard,unpadded,96,3,174762,3784052,4228.255575
avx512-vbmi,standard,unpadded,96,4,174762,3800603,4209.842218
avx512-vbmi,standard,unpadded,96,5,174762,3797668,4213.095764
avx512-vbmi,standard,unpadded,96,6,174762,3823407,4184.733397
avx512-vbmi,standard,unpadded,96,7,174762,3809260,4200.274847
avx512-vbmi,standard,unpadded,96,8,174762,3775086,4238.297873
avx512-vbmi,standard,unpadded,96,9,174762,3791607,4219.830527
avx512-vbmi,standard,unpadded,96,10,174762,3810402,4199.016000
avx512-vbmi,standard,unpadded,96,11,174762,3773522,4240.054507
avx512-vbmi,standard,unpadded,96,12,174762,3795464,4215.542280
avx512-vbmi,standard,unpadded,96,13,174762,3777080,4236.060387
avx512-vbmi,standard,unpadded,96,14,174762,3800564,4209.885418
scalar,standard,unpadded,192,0,87381,16573394,965.399059
scalar,standard,unpadded,192,1,87381,16551132,966.697563
scalar,standard,unpadded,192,2,87381,16558868,966.245939
scalar,standard,unpadded,192,3,87381,16556193,966.402057
scalar,standard,unpadded,192,4,87381,16546945,966.942174
scalar,standard,unpadded,192,5,87381,16558908,966.243605
scalar,standard,unpadded,192,6,87381,16559499,966.209121
scalar,standard,unpadded,192,7,87381,16563576,965.971295
scalar,standard,unpadded,192,8,87381,16579416,965.048405
scalar,standard,unpadded,192,9,87381,16557895,966.302719
scalar,standard,unpadded,192,10,87381,16541334,967.270171
scalar,standard,unpadded,192,11,87381,16533991,967.699750
scalar,standard,unpadded,192,12,87381,16517098,968.689473
scalar,standard,unpadded,192,13,87381,16517840,968.645959
scalar,standard,unpadded,192,14,87381,16529762,967.947328
ssse3-sse4.1,standard,unpadded,192,0,87381,3182580,5027.348555
ssse3-sse4.1,standard,unpadded,192,1,87381,3214220,4977.860559
ssse3-sse4.1,standard,unpadded,192,2,87381,3215201,4976.341748
ssse3-sse4.1,standard,unpadded,192,3,87381,3214380,4977.612779
ssse3-sse4.1,standard,unpadded,192,4,87381,3218739,4970.871812
ssse3-sse4.1,standard,unpadded,192,5,87381,3206345,4990.086521
ssse3-sse4.1,standard,unpadded,192,6,87381,3216323,4974.605773
ssse3-sse4.1,standard,unpadded,192,7,87381,3217726,4972.436735
ssse3-sse4.1,standard,unpadded,192,8,87381,3217927,4972.126144
ssse3-sse4.1,standard,unpadded,192,9,87381,3212025,4981.262277
ssse3-sse4.1,standard,unpadded,192,10,87381,3218057,4971.925284
ssse3-sse4.1,standard,unpadded,192,11,87381,3223327,4963.796402
ssse3-sse4.1,standard,unpadded,192,12,87381,3224048,4962.686339
ssse3-sse4.1,standard,unpadded,192,13,87381,3209982,4984.432612
ssse3-sse4.1,standard,unpadded,192,14,87381,3221493,4966.622297
avx2,standard,unpadded,192,0,87381,2441926,6552.180109
avx2,standard,unpadded,192,1,87381,2428791,6587.614564
avx2,standard,unpadded,192,2,87381,2447176,6538.123521
avx2,standard,unpadded,192,3,87381,2436165,6567.674589
avx2,standard,unpadded,192,4,87381,2430875,6581.966973
avx2,standard,unpadded,192,5,87381,2435944,6568.270438
avx2,standard,unpadded,192,6,87381,2433500,6574.867049
avx2,standard,unpadded,192,7,87381,2434462,6572.268930
avx2,standard,unpadded,192,8,87381,2435183,6570.323037
avx2,standard,unpadded,192,9,87381,2431797,6579.471463
avx2,standard,unpadded,192,10,87381,2431286,6580.854315
avx2,standard,unpadded,192,11,87381,2441696,6552.797304
avx2,standard,unpadded,192,12,87381,2444281,6545.867257
avx2,standard,unpadded,192,13,87381,2441385,6553.632043
avx2,standard,unpadded,192,14,87381,2438610,6561.089705
avx512-vbmi,standard,unpadded,192,0,87381,2042945,7831.801133
avx512-vbmi,standard,unpadded,192,1,87381,2062532,7757.425807
avx512-vbmi,standard,unpadded,192,2,87381,2043205,7830.804528
avx512-vbmi,standard,unpadded,192,3,87381,2049538,7806.607618
avx512-vbmi,standard,unpadded,192,4,87381,2045180,7823.242436
avx512-vbmi,standard,unpadded,192,5,87381,2059517,7768.782178
avx512-vbmi,standard,unpadded,192,6,87381,2056721,7779.343414
avx512-vbmi,standard,unpadded,192,7,87381,2059957,7767.122792
avx512-vbmi,standard,unpadded,192,8,87381,2052172,7796.587696
avx512-vbmi,standard,unpadded,192,9,87381,2067942,7737.131392
avx512-vbmi,standard,unpadded,192,10,87381,2050610,7802.526548
avx512-vbmi,standard,unpadded,192,11,87381,2052283,7796.166009
avx512-vbmi,standard,unpadded,192,12,87381,2048075,7812.184107
avx512-vbmi,standard,unpadded,192,13,87381,2048526,7810.464190
avx512-vbmi,standard,unpadded,192,14,87381,2064055,7751.701851
scalar,standard,unpadded,384,0,43690,12250969,1305.999212
scalar,standard,unpadded,384,1,43690,11891873,1345.436153
scalar,standard,unpadded,384,2,43690,11878258,1346.978308
scalar,standard,unpadded,384,3,43690,11875833,1347.253356
scalar,standard,unpadded,384,4,43690,11868579,1348.076788
scalar,standard,unpadded,384,5,43690,11871745,1347.717278
scalar,standard,unpadded,384,6,43690,11870663,1347.840121
scalar,standard,unpadded,384,7,43690,11856636,1349.434684
scalar,standard,unpadded,384,8,43690,11847339,1350.493631
scalar,standard,unpadded,384,9,43690,11839514,1351.386202
scalar,standard,unpadded,384,10,43690,11845305,1350.725529
scalar,standard,unpadded,384,11,43690,12165007,1315.227838
scalar,standard,unpadded,384,12,43690,12171650,1314.510018
scalar,standard,unpadded,384,13,43690,12164476,1315.285250
scalar,standard,unpadded,384,14,43690,12169125,1314.782769
ssse3-sse4.1,standard,unpadded,384,0,43690,2322662,6888.542482
ssse3-sse4.1,standard,unpadded,384,1,43690,2335256,6851.392678
ssse3-sse4.1,standard,unpadded,384,2,43690,2334815,6852.686769
ssse3-sse4.1,standard,unpadded,384,3,43690,2350353,6807.384193
ssse3-sse4.1,standard,unpadded,384,4,43690,2338802,6841.004865
ssse3-sse4.1,standard,unpadded,384,5,43690,2338652,6841.443643
ssse3-sse4.1,standard,unpadded,384,6,43690,2362987,6770.987678
ssse3-sse4.1,standard,unpadded,384,7,43690,2334595,6853.332531
ssse3-sse4.1,standard,unpadded,384,8,43690,2336107,6848.896844
ssse3-sse4.1,standard,unpadded,384,9,43690,2337059,6846.106949
ssse3-sse4.1,standard,unpadded,384,10,43690,2340666,6835.556999
ssse3-sse4.1,standard,unpadded,384,11,43690,2337018,6846.227055
ssse3-sse4.1,standard,unpadded,384,12,43690,2331989,6860.991136
ssse3-sse4.1,standard,unpadded,384,13,43690,2340755,6835.297098
ssse3-sse4.1,standard,unpadded,384,14,43690,2340505,6836.027208
avx2,standard,unpadded,384,0,43690,1601143,9992.708871
avx2,standard,unpadded,384,1,43690,1599330,10004.036602
avx2,standard,unpadded,384,2,43690,1594992,10031.245210
avx2,standard,unpadded,384,3,43690,1593930,10037.928805
avx2,standard,unpadded,384,4,43690,1592428,10047.396717
avx2,standard,unpadded,384,5,43690,1596484,10021.870472
avx2,standard,unpadded,384,6,43690,1594962,10031.433890
avx2,standard,unpadded,384,7,43690,1608708,9945.717843
avx2,standard,unpadded,384,8,43690,1606534,9959.176625
avx2,standard,unpadded,384,9,43690,1597918,10012.876668
avx2,standard,unpadded,384,10,43690,1603438,9978.406312
avx2,standard,unpadded,384,11,43690,1600572,9996.273744
avx2,standard,unpadded,384,12,43690,1597507,10015.452739
avx2,standard,unpadded,384,13,43690,1601003,9993.582685
avx2,standard,unpadded,384,14,43690,1603668,9976.975196
avx512-vbmi,standard,unpadded,384,0,43690,1161246,13778.093409
avx512-vbmi,standard,unpadded,384,1,43690,1163339,13753.304806
avx512-vbmi,standard,unpadded,384,2,43690,1163109,13756.024465
avx512-vbmi,standard,unpadded,384,3,43690,1163980,13745.730905
avx512-vbmi,standard,unpadded,384,4,43690,1166375,13717.505827
avx512-vbmi,standard,unpadded,384,5,43690,1173659,13632.371804
avx512-vbmi,standard,unpadded,384,6,43690,1160825,13783.090353
avx512-vbmi,standard,unpadded,384,7,43690,1166095,13720.799643
avx512-vbmi,standard,unpadded,384,8,43690,1174351,13624.338770
avx512-vbmi,standard,unpadded,384,9,43690,1171786,13654.161988
avx512-vbmi,standard,unpadded,384,10,43690,1168450,13693.145500
avx512-vbmi,standard,unpadded,384,11,43690,1171265,13660.235608
avx512-vbmi,standard,unpadded,384,12,43690,1168109,13697.142869
avx512-vbmi,standard,unpadded,384,13,43690,1172136,13650.084853
avx512-vbmi,standard,unpadded,384,14,43690,1163821,13747.608833
scalar,standard,unpadded,768,0,21845,9592385,1667.964313
scalar,standard,unpadded,768,1,21845,9561627,1673.329849
scalar,standard,unpadded,768,2,21845,9722169,1645.698183
scalar,standard,unpadded,768,3,21845,9726768,1644.920066
scalar,standard,unpadded,768,4,21845,9725355,1645.159057
scalar,standard,unpadded,768,5,21845,9732648,1643.926284
scalar,standard,unpadded,768,6,21845,9751204,1640.797983
scalar,standard,unpadded,768,7,21845,9762505,1638.898608
scalar,standard,unpadded,768,8,21845,9754430,1640.255336
scalar,standard,unpadded,768,9,21845,9741666,1642.404478
scalar,standard,unpadded,768,10,21845,9753208,1640.460847
scalar,standard,unpadded,768,11,21845,9726237,1645.009870
scalar,standard,unpadded,768,12,21845,9737468,1643.112548
scalar,standard,unpadded,768,13,21845,9757345,1639.765311
scalar,standard,unpadded,768,14,21845,9753989,1640.329496
ssse3-sse4.1,standard,unpadded,768,0,21845,1923240,8319.167581
ssse3-sse4.1,standard,unpadded,768,1,21845,1930794,8286.619836
ssse3-sse4.1,standard,unpadded,768,2,21845,1934651,8270.099289
ssse3-sse4.1,standard,unpadded,768,3,21845,1928981,8294.408218
ssse3-sse4.1,standard,unpadded,768,4,21845,1932528,8279.184498
ssse3-sse4.1,standard,unpadded,768,5,21845,1929161,8293.634310
ssse3-sse4.1,standard,unpadded,768,6,21845,1928660,8295.788713
ssse3-sse4.1,standard,unpadded,768,7,21845,1931405,8283.998364
ssse3-sse4.1,standard,unpadded,768,8,21845,1926987,8302.991073
ssse3-sse4.1,standard,unpadded,768,9,21845,1929361,8292.774582
ssse3-sse4.1,standard,unpadded,768,10,21845,1925034,8311.414686
ssse3-sse4.1,standard,unpadded,768,11,21845,1936475,8262.309536
ssse3-sse4.1,standard,unpadded,768,12,21845,1931376,8284.122749
ssse3-sse4.1,standard,unpadded,768,13,21845,1927378,8301.306676
ssse3-sse4.1,standard,unpadded,768,14,21845,1935853,8264.964261
avx2,standard,unpadded,768,0,21845,1196522,13371.886066
avx2,standard,unpadded,768,1,21845,1196653,13370.422219
avx2,standard,unpadded,768,2,21845,1194589,13393.523513
avx2,standard,unpadded,768,3,21845,1199408,13339.710807
avx2,standard,unpadded,768,4,21845,1197583,13360.039228
avx2,standard,unpadded,768,5,21845,1197083,13365.619476
avx2,standard,unpadded,768,6,21845,1196903,13367.629507
avx2,standard,unpadded,768,7,21845,1197604,13359.804960
avx2,standard,unpadded,768,8,21845,1200800,13324.247051
avx2,standard,unpadded,768,9,21845,1194909,13389.936689
avx2,standard,unpadded,768,10,21845,1195210,13386.564586
avx2,standard,unpadded,768,11,21845,1200469,13327.920887
avx2,standard,unpadded,768,12,21845,1196993,13366.624416
avx2,standard,unpadded,768,13,21845,1204718,13280.913757
avx2,standard,unpadded,768,14,21845,1204246,13286.119165
avx512-vbmi,standard,unpadded,768,0,21845,713904,22411.634981
avx512-vbmi,standard,unpadded,768,1,21845,703174,22753.622659
avx512-vbmi,standard,unpadded,768,2,21845,710468,22520.023223
avx512-vbmi,standard,unpadded,768,3,21845,715557,22359.862121
avx512-vbmi,standard,unpadded,768,4,21845,705217,22687.705854
avx512-vbmi,standard,unpadded,768,5,21845,716658,22325.510717
avx512-vbmi,standard,unpadded,768,6,21845,713072,22437.784487
avx512-vbmi,standard,unpadded,768,7,21845,706399,22649.743076
avx512-vbmi,standard,unpadded,768,8,21845,712391,22459.233566
avx512-vbmi,standard,unpadded,768,9,21845,706920,22633.050217
avx512-vbmi,standard,unpadded,768,10,21845,715637,22357.362545
avx512-vbmi,standard,unpadded,768,11,21845,708694,22576.395256
avx512-vbmi,standard,unpadded,768,12,21845,711599,22484.230387
avx512-vbmi,standard,unpadded,768,13,21845,714344,22397.830540
avx512-vbmi,standard,unpadded,768,14,21845,717651,22294.619334
scalar,standard,unpadded,1024,0,16384,8094756,1976.588300
scalar,standard,unpadded,1024,1,16384,8049371,1987.732955
scalar,standard,unpadded,1024,2,16384,8034021,1991.530766
scalar,standard,unpadded,1024,3,16384,8013433,1996.647379
scalar,standard,unpadded,1024,4,16384,8158856,1961.059247
scalar,standard,unpadded,1024,5,16384,8105937,1973.861874
scalar,standard,unpadded,1024,6,16384,8029473,1992.658796
scalar,standard,unpadded,1024,7,16384,8021067,1994.747083
scalar,standard,unpadded,1024,8,16384,8025135,1993.735931
scalar,standard,unpadded,1024,9,16384,8032048,1992.019968
scalar,standard,unpadded,1024,10,16384,8031066,1992.263543
scalar,standard,unpadded,1024,11,16384,8033911,1991.558034
scalar,standard,unpadded,1024,12,16384,8039732,1990.116088
scalar,standard,unpadded,1024,13,16384,8040764,1989.860665
scalar,standard,unpadded,1024,14,16384,8040294,1989.976983
ssse3-sse4.1,standard,unpadded,1024,0,16384,1961672,8156.307476
ssse3-sse4.1,standard,unpadded,1024,1,16384,1961372,8157.555018
ssse3-sse4.1,standard,unpadded,1024,2,16384,1964848,8143.123539
ssse3-sse4.1,standard,unpadded,1024,3,16384,1966371,8136.816501
ssse3-sse4.1,standard,unpadded,1024,4,16384,1966111,8137.892520
ssse3-sse4.1,standard,unpadded,1024,5,16384,1962224,8154.012997
ssse3-sse4.1,standard,unpadded,1024,6,16384,1966211,8137.478633
ssse3-sse4.1,standard,unpadded,1024,7,16384,1976941,8093.311839
ssse3-sse4.1,standard,unpadded,1024,8,16384,1969837,8122.499476
ssse3-sse4.1,standard,unpadded,1024,9,16384,1963986,8146.697583
ssse3-sse4.1,standard,unpadded,1024,10,16384,1968295,8128.862797
ssse3-sse4.1,standard,unpadded,1024,11,16384,1964568,8144.284138
ssse3-sse4.1,standard,unpadded,1024,12,16384,1958636,8168.950229
ssse3-sse4.1,standard,unpadded,1024,13,16384,1972663,8110.863336
ssse3-sse4.1,standard,unpadded,1024,14,16384,1963515,8148.651780
avx2,standard,unpadded,1024,0,16384,1737139,9210.546767
avx2,standard,unpadded,1024,1,16384,1727992,9259.302126
avx2,standard,unpadded,1024,2,16384,1731649,9239.747778
avx2,standard,unpadded,1024,3,16384,1734805,9222.938601
avx2,standard,unpadded,1024,4,16384,1731589,9240.067938
avx2,standard,unpadded,1024,5,16384,1728874,9254.578413
avx2,standard,unpadded,1024,6,16384,1732500,9235.209235
avx2,standard,unpadded,1024,7,16384,1732731,9233.978038
avx2,standard,unpadded,1024,8,16384,1729936,9248.897069
avx2,standard,unpadded,1024,9,16384,1733272,9231.095870
avx2,standard,unpadded,1024,10,16384,1730827,9244.135896
avx2,standard,unpadded,1024,11,16384,1732130,9237.181967
avx2,standard,unpadded,1024,12,16384,1731829,9238.787432
avx2,standard,unpadded,1024,13,16384,1731729,9239.320933
avx2,standard,unpadded,1024,14,16384,1731840,9238.728751
avx512-vbmi,standard,unpadded,1024,0,16384,1276864,12530.700216
avx512-vbmi,standard,unpadded,1024,1,16384,1279158,12508.228069
avx512-vbmi,standard,unpadded,1024,2,16384,1276062,12538.575712
avx512-vbmi,standard,unpadded,1024,3,16384,1275521,12543.893828
avx512-vbmi,standard,unpadded,1024,4,16384,1279368,12506.174924
avx512-vbmi,standard,unpadded,1024,5,16384,1280470,12495.411841
avx512-vbmi,standard,unpadded,1024,6,16384,1275040,12548.625925
avx512-vbmi,standard,unpadded,1024,7,16384,1277515,12524.314783
avx512-vbmi,standard,unpadded,1024,8,16384,1279368,12506.174924
avx512-vbmi,standard,unpadded,1024,9,16384,1274499,12553.952573
avx512-vbmi,standard,unpadded,1024,10,16384,1275261,12546.451275
avx512-vbmi,standard,unpadded,1024,11,16384,1276703,12532.280413
avx512-vbmi,standard,unpadded,1024,12,16384,1276583,12533.458459
avx512-vbmi,standard,unpadded,1024,13,16384,1276743,12531.887780
avx512-vbmi,standard,unpadded,1024,14,16384,1277044,12528.934007
scalar,standard,unpadded,65536,0,256,7334906,2181.350381
scalar,standard,unpadded,65536,1,256,7325318,2184.205518
scalar,standard,unpadded,65536,2,256,7314698,2187.376704
scalar,standard,unpadded,65536,3,256,7310951,2188.497775
scalar,standard,unpadded,65536,4,256,7315029,2187.277726
scalar,standard,unpadded,65536,5,256,7300602,2191.600090
scalar,standard,unpadded,65536,6,256,7308767,2189.151741
scalar,standard,unpadded,65536,7,256,7304568,2190.410165
scalar,standard,unpadded,65536,8,256,7300982,2191.486022
scalar,standard,unpadded,65536,9,256,7309328,2188.983721
scalar,standard,unpadded,65536,10,256,7302936,2190.899660
scalar,standard,unpadded,65536,11,256,7299820,2191.834867
scalar,standard,unpadded,65536,12,256,7298928,2192.102731
scalar,standard,unpadded,65536,13,256,7302004,2191.179298
scalar,standard,unpadded,65536,14,256,7295572,2193.111109
ssse3-sse4.1,standard,unpadded,65536,0,256,1513008,10574.960608
ssse3-sse4.1,standard,unpadded,65536,1,256,1517677,10542.427671
ssse3-sse4.1,standard,unpadded,65536,2,256,1515933,10554.556171
ssse3-sse4.1,standard,unpadded,65536,3,256,1519721,10528.248277
ssse3-sse4.1,standard,unpadded,65536,4,256,1519510,10529.710236
ssse3-sse4.1,standard,unpadded,65536,5,256,1731690,9239.529015
ssse3-sse4.1,standard,unpadded,65536,6,256,1518759,10534.916995
ssse3-sse4.1,standard,unpadded,65536,7,256,1523507,10502.084992
ssse3-sse4.1,standard,unpadded,65536,8,256,1525001,10491.796399
ssse3-sse4.1,standard,unpadded,65536,9,256,1525401,10489.045176
ssse3-sse4.1,standard,unpadded,65536,10,256,1520972,10519.588789
ssse3-sse4.1,standard,unpadded,65536,11,256,1518669,10535.541319
ssse3-sse4.1,standard,unpadded,65536,12,256,1526493,10481.541678
ssse3-sse4.1,standard,unpadded,65536,13,256,1527175,10476.860871
ssse3-sse4.1,standard,unpadded,65536,14,256,1523287,10503.601751
avx2,standard,unpadded,65536,0,256,815094,19629.637809
avx2,standard,unpadded,65536,1,256,818931,19537.665566
avx2,standard,unpadded,65536,2,256,817108,19581.254865
avx2,standard,unpadded,65536,3,256,818771,19541.483516
avx2,standard,unpadded,65536,4,256,819162,19532.156033
avx2,standard,unpadded,65536,5,256,820604,19497.833303
avx2,standard,unpadded,65536,6,256,821066,19486.862201
avx2,standard,unpadded,65536,7,256,819483,19524.505084
avx2,standard,unpadded,65536,8,256,820595,19498.047149
avx2,standard,unpadded,65536,9,256,820053,19510.934049
avx2,standard,unpadded,65536,10,256,821947,19465.975300
avx2,standard,unpadded,65536,11,256,823671,19425.231676
avx2,standard,unpadded,65536,12,256,816948,19585.089871
avx2,standard,unpadded,65536,13,256,812710,19687.219303
avx2,standard,unpadded,65536,14,256,817709,19566.863028
avx512-vbmi,standard,unpadded,65536,0,256,272012,58820.934371
avx512-vbmi,standard,unpadded,65536,1,256,273355,58531.945638
avx512-vbmi,standard,unpadded,65536,2,256,266011,60147.888621
avx512-vbmi,standard,unpadded,65536,3,256,266111,60125.286065
avx512-vbmi,standard,unpadded,65536,4,256,267914,59720.656629
avx512-vbmi,standard,unpadded,65536,5,256,276901,57782.384318
avx512-vbmi,standard,unpadded,65536,6,256,283163,56504.557446
avx512-vbmi,standard,unpadded,65536,7,256,283003,56536.503147
avx512-vbmi,standard,unpadded,65536,8,256,283744,56388.857562
avx512-vbmi,standard,unpadded,65536,9,256,275890,57994.128095
avx512-vbmi,standard,unpadded,65536,10,256,270950,59051.485514
avx512-vbmi,standard,unpadded,65536,11,256,272473,58721.414599
avx512-vbmi,standard,unpadded,65536,12,256,271762,58875.045076
avx512-vbmi,standard,unpadded,65536,13,256,263707,60673.398886
avx512-vbmi,standard,unpadded,65536,14,256,256503,62377.438081
scalar,url-safe,padded,12,0,1398101,51377653,311.419367
scalar,url-safe,padded,12,1,1398101,51331627,311.698598
scalar,url-safe,padded,12,2,1398101,51291391,311.943113
scalar,url-safe,padded,12,3,1398101,51316559,311.790122
scalar,url-safe,padded,12,4,1398101,51302822,311.873608
scalar,url-safe,padded,12,5,1398101,51299456,311.894071
scalar,url-safe,padded,12,6,1398101,51252337,312.180812
scalar,url-safe,padded,12,7,1398101,51458997,310.927090
scalar,url-safe,padded,12,8,1398101,51272495,312.058077
scalar,url-safe,padded,12,9,1398101,51308383,311.839806
scalar,url-safe,padded,12,10,1398101,51516204,310.581816
scalar,url-safe,padded,12,11,1398101,51572050,310.245495
scalar,url-safe,padded,12,12,1398101,51587969,310.149760
scalar,url-safe,padded,12,13,1398101,51604490,310.050466
scalar,url-safe,padded,12,14,1398101,51438568,311.050576
ssse3-sse4.1,url-safe,padded,12,0,1398101,27193223,588.381752
ssse3-sse4.1,url-safe,padded,12,1,1398101,26206335,610.539253
ssse3-sse4.1,url-safe,padded,12,2,1398101,25541915,626.421166
ssse3-sse4.1,url-safe,padded,12,3,1398101,25537156,626.537904
ssse3-sse4.1,url-safe,padded,12,4,1398101,25572954,625.660852
ssse3-sse4.1,url-safe,padded,12,5,1398101,25610414,624.745706
ssse3-sse4.1,url-safe,padded,12,6,1398101,25599624,625.009031
ssse3-sse4.1,url-safe,padded,12,7,1398101,25545662,626.329284
ssse3-sse4.1,url-safe,padded,12,8,1398101,25586670,625.325460
ssse3-sse4.1,url-safe,padded,12,9,1398101,25550181,626.218506
ssse3-sse4.1,url-safe,padded,12,10,1398101,25508482,627.242193
ssse3-sse4.1,url-safe,padded,12,11,1398101,25541103,626.441081
ssse3-sse4.1,url-safe,padded,12,12,1398101,25511068,627.178611
ssse3-sse4.1,url-safe,padded,12,13,1398101,25981001,615.834478
ssse3-sse4.1,url-safe,padded,12,14,1398101,25506328,627.295163
scalar,url-safe,padded,24,0,699050,47419493,337.413661
scalar,url-safe,padded,24,1,699050,47430264,337.337037
scalar,url-safe,padded,24,2,699050,47444661,337.234673
scalar,url-safe,padded,24,3,699050,47502149,336.826545
scalar,url-safe,padded,24,4,699050,47698168,335.442333
scalar,url-safe,padded,24,5,699050,47552574,336.469373
scalar,url-safe,padded,24,6,699050,47422729,337.390637
scalar,url-safe,padded,24,7,699050,47458507,337.136285
scalar,url-safe,padded,24,8,699050,47602408,336.117130
scalar,url-safe,padded,24,9,699050,47881202,334.160048
scalar,url-safe,padded,24,10,699050,48083303,332.755525
scalar,url-safe,padded,24,11,699050,48296374,331.287495
scalar,url-safe,padded,24,12,699050,48518021,329.774059
scalar,url-safe,padded,24,13,699050,48757492,328.154384
scalar,url-safe,padded,24,14,699050,48914647,327.100076
ssse3-sse4.1,url-safe,padded,24,0,699050,14536471,1100.678751
ssse3-sse4.1,url-safe,padded,24,1,699050,14550607,1099.609435
ssse3-sse4.1,url-safe,padded,24,2,699050,14560876,1098.833940
ssse3-sse4.1,url-safe,padded,24,3,699050,14562299,1098.726564
ssse3-sse4.1,url-safe,padded,24,4,699050,14573901,1097.851889
ssse3-sse4.1,url-safe,padded,24,5,699050,14566587,1098.403129
ssse3-sse4.1,url-safe,padded,24,6,699050,14583399,1097.136871
ssse3-sse4.1,url-safe,padded,24,7,699050,14568691,1098.244499
ssse3-sse4.1,url-safe,padded,24,8,699050,14599680,1095.913386
ssse3-sse4.1,url-safe,padded,24,9,699050,14588138,1096.780462
ssse3-sse4.1,url-safe,padded,24,10,699050,14585293,1096.994400
ssse3-sse4.1,url-safe,padded,24,11,699050,14651006,1092.074138
ssse3-sse4.1,url-safe,padded,24,12,699050,14731607,1086.099075
ssse3-sse4.1,url-safe,padded,24,13,699050,14589190,1096.701376
ssse3-sse4.1,url-safe,padded,24,14,699050,14579651,1097.418912
avx2,url-safe,padded,24,0,699050,13492496,1185.843208
avx2,url-safe,padded,24,1,699050,13461808,1188.546497
avx2,url-safe,padded,24,2,699050,13488618,1186.184140
avx2,url-safe,padded,24,3,699050,13496764,1185.468216
avx2,url-safe,padded,24,4,699050,13511541,1184.171720
avx2,url-safe,padded,24,5,699050,13500060,1185.178787
avx2,url-safe,padded,24,6,699050,13502645,1184.951892
avx2,url-safe,padded,24,7,699050,13533463,1182.253555
avx2,url-safe,padded,24,8,699050,13535857,1182.044457
avx2,url-safe,padded,24,9,699050,13545275,1181.222584
avx2,url-safe,padded,24,10,699050,13540516,1181.637741
avx2,url-safe,padded,24,11,699050,13526079,1182.898957
avx2,url-safe,padded,24,12,699050,13509898,1184.315732
avx2,url-safe,padded,24,13,699050,13509558,1184.345538
avx2,url-safe,padded,24,14,699050,13502926,1184.927233
scalar,url-safe,padded,48,0,349525,46883283,341.272704
scalar,url-safe,padded,48,1,349525,46653462,342.953857
scalar,url-safe,padded,48,2,349525,46688698,342.695030
scalar,url-safe,padded,48,3,349525,46635547,343.085603
scalar,url-safe,padded,48,4,349525,45884905,348.698221
scalar,url-safe,padded,48,5,349525,45906966,348.530651
scalar,url-safe,padded,48,6,349525,45558621,351.195545
scalar,url-safe,padded,48,7,349525,45535427,351.374431
scalar,url-safe,padded,48,8,349525,45531450,351.405122
scalar,url-safe,padded,48,9,349525,45525018,351.454770
scalar,url-safe,padded,48,10,349525,45642148,350.552843
scalar,url-safe,padded,48,11,349525,45753087,349.702846
scalar,url-safe,padded,48,12,349525,46162768,346.599336
scalar,url-safe,padded,48,13,349525,46205729,346.277076
scalar,url-safe,padded,48,14,349525,45658629,350.426307
ssse3-sse4.1,url-safe,padded,48,0,349525,8093624,1976.862867
ssse3-sse4.1,url-safe,padded,48,1,349525,8115965,1971.421112
ssse3-sse4.1,url-safe,padded,48,2,349525,8126917,1968.764384
ssse3-sse4.1,url-safe,padded,48,3,349525,8127708,1968.572781
ssse3-sse4.1,url-safe,padded,48,4,349525,8123400,1969.616754
ssse3-sse4.1,url-safe,padded,48,5,349525,8114523,1971.771445
ssse3-sse4.1,url-safe,padded,48,6,349525,8113241,1972.083011
ssse3-sse4.1,url-safe,padded,48,7,349525,8112420,1972.282592
ssse3-sse4.1,url-safe,padded,48,8,349525,8097831,1975.835843
ssse3-sse4.1,url-safe,padded,48,9,349525,8117008,1971.167793
ssse3-sse4.1,url-safe,padded,48,10,349525,8098663,1975.632860
ssse3-sse4.1,url-safe,padded,48,11,349525,8115204,1971.605981
ssse3-sse4.1,url-safe,padded,48,12,349525,8124332,1969.390805
ssse3-sse4.1,url-safe,padded,48,13,349525,8124903,1969.252401
ssse3-sse4.1,url-safe,padded,48,14,349525,8135753,1966.626167
avx2,url-safe,padded,48,0,349525,7071500,2262.601250
avx2,url-safe,padded,48,1,349525,7060530,2266.116671
avx2,url-safe,padded,48,2,349525,7069096,2263.370697
avx2,url-safe,padded,48,3,349525,7057774,2267.001570
avx2,url-safe,padded,48,4,349525,7049649,2269.614380
avx2,url-safe,padded,48,5,349525,7060499,2266.126621
avx2,url-safe,padded,48,6,349525,7069186,2263.341881
avx2,url-safe,padded,48,7,349525,7069536,2263.229827
avx2,url-safe,padded,48,8,349525,7068083,2263.695084
avx2,url-safe,padded,48,9,349525,7061231,2265.891704
avx2,url-safe,padded,48,10,349525,7055019,2267.886839
avx2,url-safe,padded,48,11,349525,7057403,2267.120744
avx2,url-safe,padded,48,12,349525,7053626,2268.334718
avx2,url-safe,padded,48,13,349525,7048346,2270.033954
avx2,url-safe,padded,48,14,349525,7046764,2270.543577
avx512-vbmi,url-safe,padded,48,0,349525,7185385,2226.740076
avx512-vbmi,url-safe,padded,48,1,349525,7148555,2238.212442
avx512-vbmi,url-safe,padded,48,2,349525,7160057,2234.616951
avx512-vbmi,url-safe,padded,48,3,349525,7165588,2232.892087
avx512-vbmi,url-safe,padded,48,4,349525,7161740,2234.091819
avx512-vbmi,url-safe,padded,48,5,349525,7160387,2234.513964
avx512-vbmi,url-safe,padded,48,6,349525,7142073,2240.243798
avx512-vbmi,url-safe,padded,48,7,349525,7168323,2232.040150
avx512-vbmi,url-safe,padded,48,8,349525,7165397,2232.951606
avx512-vbmi,url-safe,padded,48,9,349525,7163803,2233.448455
avx512-vbmi,url-safe,padded,48,10,349525,7152953,2236.836275
avx512-vbmi,url-safe,padded,48,11,349525,7163263,2233.616823
avx512-vbmi,url-safe,padded,48,12,349525,7164055,2233.369892
avx512-vbmi,url-safe,padded,48,13,349525,7154086,2236.482025
avx512-vbmi,url-safe,padded,48,14,349525,7157763,2235.333126
scalar,url-safe,padded,64,0,262144,17430147,917.949803
scalar,url-safe,padded,64,1,262144,17414217,918.789515
scalar,url-safe,padded,64,2,262144,17419808,918.494624
scalar,url-safe,padded,64,3,262144,17423455,918.302369
scalar,url-safe,padded,64,4,262144,17417103,918.637273
scalar,url-safe,padded,64,5,262144,17419267,918.523150
scalar,url-safe,padded,64,6,262144,17424196,918.263316
scalar,url-safe,padded,64,7,262144,17491443,914.732993
scalar,url-safe,padded,64,8,262144,17439835,917.439873
scalar,url-safe,padded,64,9,262144,17437471,917.564250
scalar,url-safe,padded,64,10,262144,17440326,917.414044
scalar,url-safe,padded,64,11,262144,17419306,918.521094
scalar,url-safe,padded,64,12,262144,17411492,918.933311
scalar,url-safe,padded,64,13,262144,17422823,918.335680
scalar,url-safe,padded,64,14,262144,17593965,909.402741
ssse3-sse4.1,url-safe,padded,64,0,262144,8760910,1826.294300
ssse3-sse4.1,url-safe,padded,64,1,262144,8572164,1866.506520
ssse3-sse4.1,url-safe,padded,64,2,262144,8459482,1891.368762
ssse3-sse4.1,url-safe,padded,64,3,262144,8471546,1888.675337
ssse3-sse4.1,url-safe,padded,64,4,262144,8468950,1889.254276
ssse3-sse4.1,url-safe,padded,64,5,262144,8452950,1892.830314
ssse3-sse4.1,url-safe,padded,64,6,262144,8491102,1884.325497
ssse3-sse4.1,url-safe,padded,64,7,262144,8467788,1889.513531
ssse3-sse4.1,url-safe,padded,64,8,262144,8467337,1889.614173
ssse3-sse4.1,url-safe,padded,64,9,262144,8470042,1889.010704
ssse3-sse4.1,url-safe,padded,64,10,262144,8454413,1892.502767
ssse3-sse4.1,url-safe,padded,64,11,262144,8472988,1888.353908
ssse3-sse4.1,url-safe,padded,64,12,262144,8470593,1888.887826
ssse3-sse4.1,url-safe,padded,64,13,262144,8476745,1887.516966
ssse3-sse4.1,url-safe,padded,64,14,262144,8470123,1888.992639
avx2,url-safe,padded,64,0,262144,16261798,983.901042
avx2,url-safe,padded,64,1,262144,16230339,985.808121
avx2,url-safe,padded,64,2,262144,16216653,986.640092
avx2,url-safe,padded,64,3,262144,16233144,985.637779
avx2,url-safe,padded,64,4,262144,16245147,984.909524
avx2,url-safe,padded,64,5,262144,16233645,985.607361
avx2,url-safe,padded,64,6,262144,16230189,985.817232
avx2,url-safe,padded,64,7,262144,16236761,985.418212
avx2,url-safe,padded,64,8,262144,16204841,987.359271
avx2,url-safe,padded,64,9,262144,16200061,987.650602
avx2,url-safe,padded,64,10,262144,16202116,987.525333
avx2,url-safe,padded,64,11,262144,16181106,988.807564
avx2,url-safe,padded,64,12,262144,16181356,988.792287
avx2,url-safe,padded,64,13,262144,16171428,989.399328
avx2,url-safe,padded,64,14,262144,16178160,988.987623
avx512-vbmi,url-safe,padded,64,0,262144,16346908,978.778372
avx512-vbmi,url-safe,padded,64,1,262144,16305270,981.277832
avx512-vbmi,url-safe,padded,64,2,262144,16154225,990.452962
avx512-vbmi,url-safe,padded,64,3,262144,16195454,987.931552
avx512-vbmi,url-safe,padded,64,4,262144,16228335,985.929857
avx512-vbmi,url-safe,padded,64,5,262144,16235949,985.467496
avx512-vbmi,url-safe,padded,64,6,262144,16219739,986.452371
avx512-vbmi,url-safe,padded,64,7,262144,16360855,977.944001
avx512-vbmi,url-safe,padded,64,8,262144,16208338,987.146245
avx512-vbmi,url-safe,padded,64,9,262144,16186997,988.447703
avx512-vbmi,url-safe,padded,64,10,262144,16182129,988.745053
avx512-vbmi,url-safe,padded,64,11,262144,16168252,989.593680
avx512-vbmi,url-safe,padded,64,12,262144,16184202,988.618407
avx512-vbmi,url-safe,padded,64,13,262144,16164184,989.842729
avx512-vbmi,url-safe,padded,64,14,262144,16180625,988.836958
scalar,url-safe,padded,96,0,174762,26183943,611.059189
scalar,url-safe,padded,96,1,174762,26275566,608.928423
scalar,url-safe,padded,96,2,174762,26284924,608.711631
scalar,url-safe,padded,96,3,174762,26215943,610.313311
scalar,url-safe,padded,96,4,174762,26163295,611.541435
scalar,url-safe,padded,96,5,174762,26236794,609.828280
scalar,url-safe,padded,96,6,174762,26258404,609.326407
scalar,url-safe,padded,96,7,174762,26293690,608.508694
scalar,url-safe,padded,96,8,174762,26206456,610.534250
scalar,url-safe,padded,96,9,174762,26210604,610.437629
scalar,url-safe,padded,96,10,174762,26240230,609.748427
scalar,url-safe,padded,96,11,174762,26135622,612.188949
scalar,url-safe,padded,96,12,174762,26132186,612.269443
scalar,url-safe,padded,96,13,174762,26129812,612.325070
scalar,url-safe,padded,96,14,174762,26206766,610.527028
ssse3-sse4.1,url-safe,padded,96,0,174762,4091662,3910.376508
ssse3-sse4.1,url-safe,padded,96,1,174762,4200386,3809.159197
ssse3-sse4.1,url-safe,padded,96,2,174762,4227728,3784.524209
ssse3-sse4.1,url-safe,padded,96,3,174762,4132799,3871.453454
ssse3-sse4.1,url-safe,padded,96,4,174762,4161473,3844.777790
ssse3-sse4.1,url-safe,padded,96,5,174762,4132047,3872.158028
ssse3-sse4.1,url-safe,padded,96,6,174762,4135174,3869.229920
ssse3-sse4.1,url-safe,padded,96,7,174762,4140023,3864.698086
ssse3-sse4.1,url-safe,padded,96,8,174762,4142738,3862.165303
ssse3-sse4.1,url-safe,padded,96,9,174762,4134863,3869.520941
ssse3-sse4.1,url-safe,padded,96,10,174762,4164929,3841.587447
ssse3-sse4.1,url-safe,padded,96,11,174762,4127619,3876.311977
ssse3-sse4.1,url-safe,padded,96,12,174762,4141855,3862.988677
ssse3-sse4.1,url-safe,padded,96,13,174762,4129222,3874.807159
ssse3-sse4.1,url-safe,padded,96,14,174762,4188514,3819.955947
avx2,url-safe,padded,96,0,174762,3938063,4062.895633
avx2,url-safe,padded,96,1,174762,3935598,4065.440364
avx2,url-safe,padded,96,2,174762,3932281,4068.869688
avx2,url-safe,padded,96,3,174762,3938083,4062.874999
avx2,url-safe,padded,96,4,174762,3919076,4082.579405
avx2,url-safe,padded,96,5,174762,3930798,4070.404779
avx2,url-safe,padded,96,6,174762,3924967,4076.451844
avx2,url-safe,padded,96,7,174762,3926501,4074.859261
avx2,url-safe,padded,96,8,174762,3925078,4076.336563
avx2,url-safe,padded,96,9,174762,3927933,4073.373697
avx2,url-safe,padded,96,10,174762,3929756,4071.484073
avx2,url-safe,padded,96,11,174762,3933543,4067.564271
avx2,url-safe,padded,96,12,174762,3937782,4063.185561
avx2,url-safe,padded,96,13,174762,3929016,4072.250906
avx2,url-safe,padded,96,14,174762,3936790,4064.209410
avx512-vbmi,url-safe,padded,96,0,174762,3394700,4713.211466
avx512-vbmi,url-safe,padded,96,1,174762,3415418,4684.621023
avx512-vbmi,url-safe,padded,96,2,174762,3432240,4661.660888
avx512-vbmi,url-safe,padded,96,3,174762,3425187,4671.259982
avx512-vbmi,url-safe,padded,96,4,174762,3415038,4685.142293
avx512-vbmi,url-safe,padded,96,5,174762,3425297,4671.109969
avx512-vbmi,url-safe,padded,96,6,174762,3429605,4665.242489
avx512-vbmi,url-safe,padded,96,7,174762,3413004,4687.934431
avx512-vbmi,url-safe,padded,96,8,174762,3419145,4679.514605
avx512-vbmi,url-safe,padded,96,9,174762,3415208,4684.909079
avx512-vbmi,url-safe,padded,96,10,174762,3410940,4690.771155
avx512-vbmi,url-safe,padded,96,11,174762,3412143,4689.117357
avx512-vbmi,url-safe,padded,96,12,174762,3411882,4689.476062
avx512-vbmi,url-safe,padded,96,13,174762,3411341,4690.219760
avx512-vbmi,url-safe,padded,96,14,174762,3409607,4692.605032
scalar,url-safe,padded,192,0,87381,16810380,951.789250
scalar,url-safe,padded,192,1,87381,16736201,956.007816
scalar,url-safe,padded,192,2,87381,16746781,955.403845
scalar,url-safe,padded,192,3,87381,16753644,955.012472
scalar,url-safe,padded,192,4,87381,16735159,956.067341
scalar,url-safe,padded,192,5,87381,16793729,952.732950
scalar,url-safe,padded,192,6,87381,16734749,956.090764
scalar,url-safe,padded,192,7,87381,16748334,955.315255
scalar,url-safe,padded,192,8,87381,16755457,954.909136
scalar,url-safe,padded,192,9,87381,16761959,954.538725
scalar,url-safe,padded,192,10,87381,16753694,955.009621
scalar,url-safe,padded,192,11,87381,16755297,954.918254
scalar,url-safe,padded,192,12,87381,16753344,955.029573
scalar,url-safe,padded,192,13,87381,16767560,954.219872
scalar,url-safe,padded,192,14,87381,16770155,954.072217
ssse3-sse4.1,url-safe,padded,192,0,87381,2766076,5784.345392
ssse3-sse4.1,url-safe,padded,192,1,87381,2799699,5714.878265
ssse3-sse4.1,url-safe,padded,192,2,87381,2801273,5711.667147
ssse3-sse4.1,url-safe,padded,192,3,87381,2810871,5692.164089
ssse3-sse4.1,url-safe,padded,192,4,87381,2809948,5694.033827
ssse3-sse4.1,url-safe,padded,192,5,87381,2811542,5690.805602
ssse3-sse4.1,url-safe,padded,192,6,87381,2810069,5693.788645
ssse3-sse4.1,url-safe,padded,192,7,87381,2813044,5687.767047
ssse3-sse4.1,url-safe,padded,192,8,87381,2814247,5685.335710
ssse3-sse4.1,url-safe,padded,192,9,87381,2810400,5693.118049
ssse3-sse4.1,url-safe,padded,192,10,87381,3227285,4957.708713
ssse3-sse4.1,url-safe,padded,192,11,87381,2962977,5399.953818
ssse3-sse4.1,url-safe,padded,192,12,87381,2842219,5629.382875
ssse3-sse4.1,url-safe,padded,192,13,87381,2871805,5571.387669
ssse3-sse4.1,url-safe,padded,192,14,87381,2871926,5571.152935
avx2,url-safe,padded,192,0,87381,2260895,7076.816466
avx2,url-safe,padded,192,1,87381,2153243,7430.623931
avx2,url-safe,padded,192,2,87381,2096146,7633.026977
avx2,url-safe,padded,192,3,87381,2083191,7680.495435
avx2,url-safe,padded,192,4,87381,2103209,7607.393733
avx2,url-safe,padded,192,5,87381,2091376,7650.436347
avx2,url-safe,padded,192,6,87381,2094833,7637.811207
avx2,url-safe,padded,192,7,87381,2077169,7702.762252
avx2,url-safe,padded,192,8,87381,2087349,7665.195885
avx2,url-safe,padded,192,9,87381,2136160,7490.047077
avx2,url-safe,padded,192,10,87381,2106986,7593.756658
avx2,url-safe,padded,192,11,87381,2087669,7664.020956
avx2,url-safe,padded,192,12,87381,2088361,7661.481403
avx2,url-safe,padded,192,13,87381,2123086,7536.170916
avx2,url-safe,padded,192,14,87381,2100093,7618.681156
avx512-vbmi,url-safe,padded,192,0,87381,1808834,8845.443509
avx512-vbmi,url-safe,padded,192,1,87381,1822972,8776.842960
avx512-vbmi,url-safe,padded,192,2,87381,1806800,8855.401242
avx512-vbmi,url-safe,padded,192,3,87381,1812532,8827.396683
avx512-vbmi,url-safe,padded,192,4,87381,1819684,8792.701900
avx512-vbmi,url-safe,padded,192,5,87381,1812292,8828.565686
avx512-vbmi,url-safe,padded,192,6,87381,1819264,8794.731806
avx512-vbmi,url-safe,padded,192,7,87381,1819395,8794.098568
avx512-vbmi,url-safe,padded,192,8,87381,1812121,8829.398790
avx512-vbmi,url-safe,padded,192,9,87381,1815838,8811.325110
avx512-vbmi,url-safe,padded,192,10,87381,1819985,8791.247711
avx512-vbmi,url-safe,padded,192,11,87381,1821468,8784.090066
avx512-vbmi,url-safe,padded,192,12,87381,1822020,8781.428834
avx512-vbmi,url-safe,padded,192,13,87381,1827459,8755.292986
avx512-vbmi,url-safe,padded,192,14,87381,1806821,8855.298319
scalar,url-safe,padded,384,0,43690,12189202,1312.617172
scalar,url-safe,padded,384,1,43690,12119962,1320.116009
scalar,url-safe,padded,384,2,43690,12094004,1322.949443
scalar,url-safe,padded,384,3,43690,12037307,1329.180676
scalar,url-safe,padded,384,4,43690,12213879,1309.965152
scalar,url-safe,padded,384,5,43690,12036996,1329.215018
scalar,url-safe,padded,384,6,43690,12040804,1328.794644
scalar,url-safe,padded,384,7,43690,12017759,1331.342712
scalar,url-safe,padded,384,8,43690,12024863,1330.556187
scalar,url-safe,padded,384,9,43690,12031245,1329.850390
scalar,url-safe,padded,384,10,43690,12061001,1326.569483
scalar,url-safe,padded,384,11,43690,12095957,1322.735841
scalar,url-safe,padded,384,12,43690,12048137,1327.985884
scalar,url-safe,padded,384,13,43690,12070750,1325.498073
scalar,url-safe,padded,384,14,43690,12052655,1327.488081
ssse3-sse4.1,url-safe,padded,384,0,43690,2144105,7462.207242
ssse3-sse4.1,url-safe,padded,384,1,43690,2199139,7275.463652
ssse3-sse4.1,url-safe,padded,384,2,43690,2155948,7421.216031
ssse3-sse4.1,url-safe,padded,384,3,43690,2160397,7405.933196
ssse3-sse4.1,url-safe,padded,384,4,43690,2160477,7405.658963
ssse3-sse4.1,url-safe,padded,384,5,43690,2211382,7235.184088
ssse3-sse4.1,url-safe,padded,384,6,43690,2161819,7401.061726
ssse3-sse4.1,url-safe,padded,384,7,43690,2158873,7411.161221
ssse3-sse4.1,url-safe,padded,384,8,43690,2161869,7400.890553
ssse3-sse4.1,url-safe,padded,384,9,43690,2222132,7200.182464
ssse3-sse4.1,url-safe,padded,384,10,43690,2172659,7364.135771
ssse3-sse4.1,url-safe,padded,384,11,43690,2166618,7384.668575
ssse3-sse4.1,url-safe,padded,384,12,43690,2192938,7296.036577
ssse3-sse4.1,url-safe,padded,384,13,43690,2316740,6906.150824
ssse3-sse4.1,url-safe,padded,384,14,43690,2313625,6915.449072
avx2,url-safe,padded,384,0,43690,1554826,10290.383528
avx2,url-safe,padded,384,1,43690,1558974,10263.003655
avx2,url-safe,padded,384,2,43690,1559385,10260.298681
avx2,url-safe,padded,384,3,43690,1562992,10236.620443
avx2,url-safe,padded,384,4,43690,1561870,10243.974120
avx2,url-safe,padded,384,5,43690,1576037,10151.891015
avx2,url-safe,padded,384,6,43690,1571678,10180.046969
avx2,url-safe,padded,384,7,43690,1569864,10191.810156
avx2,url-safe,padded,384,8,43690,1572550,10174.401996
avx2,url-safe,padded,384,9,43690,1566238,10215.405232
avx2,url-safe,padded,384,10,43690,1570737,10186.145650
avx2,url-safe,padded,384,11,43690,1568282,10202.091116
avx2,url-safe,padded,384,12,43690,1571488,10181.277782
avx2,url-safe,padded,384,13,43690,1655215,9666.270460
avx2,url-safe,padded,384,14,43690,1567050,10210.111904
avx512-vbmi,url-safe,padded,384,0,43690,1158450,13811.347800
avx512-vbmi,url-safe,padded,384,1,43690,1150235,13909.988706
avx512-vbmi,url-safe,padded,384,2,43690,1152590,13881.567478
avx512-vbmi,url-safe,padded,384,3,43690,1153661,13868.680539
avx512-vbmi,url-safe,padded,384,4,43690,1165012,13733.554555
avx512-vbmi,url-safe,padded,384,5,43690,1151137,13899.089213
avx512-vbmi,url-safe,padded,384,6,43690,1160905,13782.140536
avx512-vbmi,url-safe,padded,384,7,43690,1167117,13708.784860
avx512-vbmi,url-safe,padded,384,8,43690,993139,16110.288549
avx512-vbmi,url-safe,padded,384,9,43690,995744,16068.141871
avx512-vbmi,url-safe,padded,384,10,43690,1003018,15951.613889
avx512-vbmi,url-safe,padded,384,11,43690,998640,16021.545161
avx512-vbmi,url-safe,padded,384,12,43690,998349,16026.215141
avx512-vbmi,url-safe,padded,384,13,43690,996205,16060.706240
avx512-vbmi,url-safe,padded,384,14,43690,997798,16035.065073
scalar,url-safe,padded,768,0,21845,9847666,1624.725682
scalar,url-safe,padded,768,1,21845,9771352,1637.414747
scalar,url-safe,padded,768,2,21845,9832737,1627.192496
scalar,url-safe,padded,768,3,21845,9828339,1627.920634
scalar,url-safe,padded,768,4,21845,9846643,1624.894480
scalar,url-safe,padded,768,5,21845,9683867,1652.207311
scalar,url-safe,padded,768,6,21845,9689348,1651.272703
scalar,url-safe,padded,768,7,21845,9673988,1653.894532
scalar,url-safe,padded,768,8,21845,9742357,1642.287986
scalar,url-safe,padded,768,9,21845,9698766,1649.669232
scalar,url-safe,padded,768,10,21845,9765120,1638.459728
scalar,url-safe,padded,768,11,21845,9738620,1642.918181
scalar,url-safe,padded,768,12,21845,9694377,1650.416098
scalar,url-safe,padded,768,13,21845,9672996,1654.064145
scalar,url-safe,padded,768,14,21845,9671424,1654.332998
ssse3-sse4.1,url-safe,padded,768,0,21845,1825917,8762.586612
ssse3-sse4.1,url-safe,padded,768,1,21845,1833651,8725.627646
ssse3-sse4.1,url-safe,padded,768,2,21845,1834944,8719.479101
ssse3-sse4.1,url-safe,padded,768,3,21845,1838991,8700.290463
ssse3-sse4.1,url-safe,padded,768,4,21845,1840344,8693.894109
ssse3-sse4.1,url-safe,padded,768,5,21845,1872144,8546.220728
ssse3-sse4.1,url-safe,padded,768,6,21845,1842248,8684.908796
ssse3-sse4.1,url-safe,padded,768,7,21845,1844212,8675.659772
ssse3-sse4.1,url-safe,padded,768,8,21845,1843730,8677.927820
ssse3-sse4.1,url-safe,padded,768,9,21845,1842438,8684.013171
ssse3-sse4.1,url-safe,padded,768,10,21845,1842669,8682.924529
ssse3-sse4.1,url-safe,padded,768,11,21845,1841957,8686.280874
ssse3-sse4.1,url-safe,padded,768,12,21845,1846446,8665.163162
ssse3-sse4.1,url-safe,padded,768,13,21845,1846025,8667.139318
ssse3-sse4.1,url-safe,padded,768,14,21845,1844862,8672.603078
avx2,url-safe,padded,768,0,21845,1185191,13499.727773
avx2,url-safe,padded,768,1,21845,1184539,13507.158362
avx2,url-safe,padded,768,2,21845,1183738,13516.298251
avx2,url-safe,padded,768,3,21845,1185721,13493.693592
avx2,url-safe,padded,768,4,21845,1186513,13484.686522
avx2,url-safe,padded,768,5,21845,1183197,13522.478386
avx2,url-safe,padded,768,6,21845,1185441,13496.880789
avx2,url-safe,padded,768,7,21845,1186413,13485.823115
avx2,url-safe,padded,768,8,21845,1185662,13494.365055
avx2,url-safe,padded,768,9,21845,1187796,13470.121014
avx2,url-safe,padded,768,10,21845,1185140,13500.308706
avx2,url-safe,padded,768,11,21845,1188667,13460.250734
avx2,url-safe,padded,768,12,21845,1183538,13518.582301
avx2,url-safe,padded,768,13,21845,1186613,13483.550121
avx2,url-safe,padded,768,14,21845,1191242,13431.154929
avx512-vbmi,url-safe,padded,768,0,21845,709195,22560.446505
avx512-vbmi,url-safe,padded,768,1,21845,706219,22655.516008
avx512-vbmi,url-safe,padded,768,2,21845,706480,22647.146217
avx512-vbmi,url-safe,padded,768,3,21845,704706,22704.157279
avx512-vbmi,url-safe,padded,768,4,21845,709876,22538.803762
avx512-vbmi,url-safe,padded,768,5,21845,709957,22536.232278
avx512-vbmi,url-safe,padded,768,6,21845,712050,22469.989270
avx512-vbmi,url-safe,padded,768,7,21845,711420,22489.887632
avx512-vbmi,url-safe,padded,768,8,21845,713382,22428.034152
avx512-vbmi,url-safe,padded,768,9,21845,713193,22433.977702
avx512-vbmi,url-safe,padded,768,10,21845,710487,22519.420988
avx512-vbmi,url-safe,padded,768,11,21845,715807,22352.052801
avx512-vbmi,url-safe,padded,768,12,21845,711169,22497.825214
avx512-vbmi,url-safe,padded,768,13,21845,710257,22526.713372
avx512-vbmi,url-safe,padded,768,14,21845,710778,22510.201300
scalar,url-safe,padded,1024,0,16384,8043039,1989.297826
scalar,url-safe,padded,1024,1,16384,7981963,2004.519440
scalar,url-safe,padded,1024,2,16384,7959862,2010.085099
scalar,url-safe,padded,1024,3,16384,7944383,2014.001591
scalar,url-safe,padded,1024,4,16384,7935567,2016.239041
scalar,url-safe,padded,1024,5,16384,7941678,2014.687576
scalar,url-safe,padded,1024,6,16384,7949923,2012.598109
scalar,url-safe,padded,1024,7,16384,7931028,2017.392953
scalar,url-safe,padded,1024,8,16384,7925087,2018.905281
scalar,url-safe,padded,1024,9,16384,7928553,2018.022709
scalar,url-safe,padded,1024,10,16384,7931669,2017.229917
scalar,url-safe,padded,1024,11,16384,7924927,2018.946042
scalar,url-safe,padded,1024,12,16384,7917051,2020.954520
scalar,url-safe,padded,1024,13,16384,7921249,2019.883480
scalar,url-safe,padded,1024,14,16384,7913495,2021.862654
ssse3-sse4.1,url-safe,padded,1024,0,16384,1959198,8166.606948
ssse3-sse4.1,url-safe,padded,1024,1,16384,1962103,8154.515843
ssse3-sse4.1,url-safe,padded,1024,2,16384,1956443,8178.106901
ssse3-sse4.1,url-safe,padded,1024,3,16384,1964017,8146.568996
ssse3-sse4.1,url-safe,padded,1024,4,16384,1962674,8152.143453
ssse3-sse4.1,url-safe,padded,1024,5,16384,1950842,8201.586802
ssse3-sse4.1,url-safe,padded,1024,6,16384,1970138,8121.258511
ssse3-sse4.1,url-safe,padded,1024,7,16384,1943758,8231.477375
ssse3-sse4.1,url-safe,padded,1024,8,16384,1966772,8135.157507
ssse3-sse4.1,url-safe,padded,1024,9,16384,1965680,8139.676855
ssse3-sse4.1,url-safe,padded,1024,10,16384,1953797,8189.182397
ssse3-sse4.1,url-safe,padded,1024,11,16384,1967133,8133.664577
ssse3-sse4.1,url-safe,padded,1024,12,16384,1972032,8113.458605
ssse3-sse4.1,url-safe,padded,1024,13,16384,1960289,8162.061818
ssse3-sse4.1,url-safe,padded,1024,14,16384,1957644,8173.089694
avx2,url-safe,padded,1024,0,16384,1740426,9193.151562
avx2,url-safe,padded,1024,1,16384,1731800,9238.942141
avx2,url-safe,padded,1024,2,16384,1736498,9213.946690
avx2,url-safe,padded,1024,3,16384,1737180,9210.329384
avx2,url-safe,padded,1024,4,16384,1738813,9201.679537
avx2,url-safe,padded,1024,5,16384,1727803,9260.314978
avx2,url-safe,padded,1024,6,16384,1730748,9244.557844
avx2,url-safe,padded,1024,7,16384,1739955,9195.640117
avx2,url-safe,padded,1024,8,16384,1738963,9200.885815
avx2,url-safe,padded,1024,9,16384,1739173,9199.774836
avx2,url-safe,padded,1024,10,16384,1736228,9215.379547
avx2,url-safe,padded,1024,11,16384,1739885,9196.010081
avx2,url-safe,padded,1024,12,16384,1740676,9191.831220
avx2,url-safe,padded,1024,13,16384,1734645,9223.789306
avx2,url-safe,padded,1024,14,16384,1729786,9249.699096
avx512-vbmi,url-safe,padded,1024,0,16384,1293715,12367.484338
avx512-vbmi,url-safe,padded,1024,1,16384,1280230,12497.754310
avx512-vbmi,url-safe,padded,1024,2,16384,1277435,12525.099124
avx512-vbmi,url-safe,padded,1024,3,16384,1280079,12499.228563
avx512-vbmi,url-safe,padded,1024,4,16384,1270020,12598.226800
avx512-vbmi,url-safe,padded,1024,5,16384,1277795,12521.570361
avx512-vbmi,url-safe,padded,1024,6,16384,1279929,12500.693398
avx512-vbmi,url-safe,padded,1024,7,16384,1279778,12502.168345
avx512-vbmi,url-safe,padded,1024,8,16384,1276543,12533.851190
avx512-vbmi,url-safe,padded,1024,9,16384,1277124,12528.149185
avx512-vbmi,url-safe,padded,1024,10,16384,1279949,12500.498067
avx512-vbmi,url-safe,padded,1024,11,16384,1278386,12515.781618
avx512-vbmi,url-safe,padded,1024,12,16384,1273738,12561.452983
avx512-vbmi,url-safe,padded,1024,13,16384,1274339,12555.528788
avx512-vbmi,url-safe,padded,1024,14,16384,1277915,12520.394549
scalar,url-safe,padded,65536,0,256,7354593,2175.511276
scalar,url-safe,padded,65536,1,256,7363700,2172.820729
scalar,url-safe,padded,65536,2,256,7341678,2179.338293
scalar,url-safe,padded,65536,3,256,7350245,2176.798188
scalar,url-safe,padded,65536,4,256,7341067,2179.519680
scalar,url-safe,padded,65536,5,256,7336538,2180.865144
scalar,url-safe,padded,65536,6,256,7349944,2176.887334
scalar,url-safe,padded,65536,7,256,7351577,2176.403784
scalar,url-safe,padded,65536,8,256,7344925,2178.374864
scalar,url-safe,padded,65536,9,256,7350195,2176.812996
scalar,url-safe,padded,65536,10,256,7335317,2181.228160
scalar,url-safe,padded,65536,11,256,7341518,2179.385789
scalar,url-safe,padded,65536,12,256,7343341,2178.844752
scalar,url-safe,padded,65536,13,256,7334245,2181.546976
scalar,url-safe,padded,65536,14,256,7353291,2175.896480
ssse3-sse4.1,url-safe,padded,65536,0,256,1523678,10500.906359
ssse3-sse4.1,url-safe,padded,65536,1,256,1532474,10440.633903
ssse3-sse4.1,url-safe,padded,65536,2,256,1527986,10471.300130
ssse3-sse4.1,url-safe,padded,65536,3,256,1526634,10480.573602
ssse3-sse4.1,url-safe,padded,65536,4,256,1530551,10453.751623
ssse3-sse4.1,url-safe,padded,65536,5,256,1531533,10447.048807
ssse3-sse4.1,url-safe,padded,65536,6,256,1529559,10460.531434
ssse3-sse4.1,url-safe,padded,65536,7,256,1544347,10360.365902
ssse3-sse4.1,url-safe,padded,65536,8,256,1525010,10491.734480
ssse3-sse4.1,url-safe,padded,65536,9,256,1537705,10405.116716
ssse3-sse4.1,url-safe,padded,65536,10,256,1530320,10455.329604
ssse3-sse4.1,url-safe,padded,65536,11,256,1531313,10448.549709
ssse3-sse4.1,url-safe,padded,65536,12,256,1536061,10416.253000
ssse3-sse4.1,url-safe,padded,65536,13,256,1547333,10340.372758
ssse3-sse4.1,url-safe,padded,65536,14,256,1532896,10437.759639
avx2,url-safe,padded,65536,0,256,817478,19572.392162
avx2,url-safe,padded,65536,1,256,821627,19473.556736
avx2,url-safe,padded,65536,2,256,817288,19576.942277
avx2,url-safe,padded,65536,3,256,821266,19482.116635
avx2,url-safe,padded,65536,4,256,823009,19440.856661
avx2,url-safe,padded,65536,5,256,824952,19395.067834
avx2,url-safe,padded,65536,6,256,826345,19362.372859
avx2,url-safe,padded,65536,7,256,821757,19470.476065
avx2,url-safe,padded,65536,8,256,822288,19457.902827
avx2,url-safe,padded,65536,9,256,823570,19427.613925
avx2,url-safe,padded,65536,10,256,824381,19408.501652
avx2,url-safe,padded,65536,11,256,822168,19460.742817
avx2,url-safe,padded,65536,12,256,819181,19531.703006
avx2,url-safe,padded,65536,13,256,822558,19451.515881
avx2,url-safe,padded,65536,14,256,822568,19451.279408
avx512-vbmi,url-safe,padded,65536,0,256,280868,56966.261731
avx512-vbmi,url-safe,padded,65536,1,256,285337,56074.045777
avx512-vbmi,url-safe,padded,65536,2,256,281250,56888.888889
avx512-vbmi,url-safe,padded,65536,3,256,281200,56899.004267
avx512-vbmi,url-safe,padded,65536,4,256,277613,57634.188601
avx512-vbmi,url-safe,padded,65536,5,256,275208,58137.844830
avx512-vbmi,url-safe,padded,65536,6,256,278144,57524.160147
avx512-vbmi,url-safe,padded,65536,7,256,286910,55766.616709
avx512-vbmi,url-safe,padded,65536,8,256,267043,59915.444329
avx512-vbmi,url-safe,padded,65536,9,256,262604,60928.241763
avx512-vbmi,url-safe,padded,65536,10,256,265830,60188.842493
avx512-vbmi,url-safe,padded,65536,11,256,266762,59978.557666
avx512-vbmi,url-safe,padded,65536,12,256,276891,57784.471146
avx512-vbmi,url-safe,padded,65536,13,256,256603,62353.129153
avx512-vbmi,url-safe,padded,65536,14,256,255481,62626.966389
scalar,url-safe,unpadded,12,0,1398101,51015732,313.628670
scalar,url-safe,unpadded,12,1,1398101,51297432,311.906377
scalar,url-safe,unpadded,12,2,1398101,51308163,311.841143
scalar,url-safe,unpadded,12,3,1398101,51122684,312.972538
scalar,url-safe,unpadded,12,4,1398101,50732579,315.379121
scalar,url-safe,unpadded,12,5,1398101,50902118,314.328692
scalar,url-safe,unpadded,12,6,1398101,50901828,314.330483
scalar,url-safe,unpadded,12,7,1398101,50933939,314.132315
scalar,url-safe,unpadded,12,8,1398101,51719326,309.362040
scalar,url-safe,unpadded,12,9,1398101,51095112,313.141425
scalar,url-safe,unpadded,12,10,1398101,50878173,314.476626
scalar,url-safe,unpadded,12,11,1398101,50838449,314.722351
scalar,url-safe,unpadded,12,12,1398101,50698074,315.593768
scalar,url-safe,unpadded,12,13,1398101,50769730,315.148341
scalar,url-safe,unpadded,12,14,1398101,50689027,315.650095
ssse3-sse4.1,url-safe,unpadded,12,0,1398101,26300262,608.358814
ssse3-sse4.1,url-safe,unpadded,12,1,1398101,25878869,618.264893
ssse3-sse4.1,url-safe,unpadded,12,2,1398101,25870944,618.454285
ssse3-sse4.1,url-safe,unpadded,12,3,1398101,25858762,618.745638
ssse3-sse4.1,url-safe,unpadded,12,4,1398101,25898236,617.802548
ssse3-sse4.1,url-safe,unpadded,12,5,1398101,25823655,619.586816
ssse3-sse4.1,url-safe,unpadded,12,6,1398101,25791185,620.366850
ssse3-sse4.1,url-safe,unpadded,12,7,1398101,25801363,620.122130
ssse3-sse4.1,url-safe,unpadded,12,8,1398101,25765026,620.996702
ssse3-sse4.1,url-safe,unpadded,12,9,1398101,25780504,620.623871
ssse3-sse4.1,url-safe,unpadded,12,10,1398101,25808267,619.956241
ssse3-sse4.1,url-safe,unpadded,12,11,1398101,25832261,619.380401
ssse3-sse4.1,url-safe,unpadded,12,12,1398101,25853943,618.860968
ssse3-sse4.1,url-safe,unpadded,12,13,1398101,25871305,618.445656
ssse3-sse4.1,url-safe,unpadded,12,14,1398101,25849063,618.977801
scalar,url-safe,unpadded,24,0,699050,47004782,340.390574
scalar,url-safe,unpadded,24,1,699050,47084833,339.811861
scalar,url-safe,unpadded,24,2,699050,46982791,340.549899
scalar,url-safe,unpadded,24,3,699050,46944269,340.829351
scalar,url-safe,unpadded,24,4,699050,47016465,340.305992
scalar,url-safe,unpadded,24,5,699050,47063594,339.965213
scalar,url-safe,unpadded,24,6,699050,48814609,327.770417
scalar,url-safe,unpadded,24,7,699050,48141472,332.353459
scalar,url-safe,unpadded,24,8,699050,48461996,330.155298
scalar,url-safe,unpadded,24,9,699050,47654967,335.746424
scalar,url-safe,unpadded,24,10,699050,47589503,336.208276
scalar,url-safe,unpadded,24,11,699050,47778479,334.878487
scalar,url-safe,unpadded,24,12,699050,48116615,332.525153
scalar,url-safe,unpadded,24,13,699050,48136132,332.390329
scalar,url-safe,unpadded,24,14,699050,47975169,333.505542
ssse3-sse4.1,url-safe,unpadded,24,0,699050,13829850,1156.916723
ssse3-sse4.1,url-safe,unpadded,24,1,699050,13632369,1173.676031
ssse3-sse4.1,url-safe,unpadded,24,2,699050,13637408,1173.242360
ssse3-sse4.1,url-safe,unpadded,24,3,699050,13626218,1174.205839
ssse3-sse4.1,url-safe,unpadded,24,4,699050,13619465,1174.788051
ssse3-sse4.1,url-safe,unpadded,24,5,699050,13582645,1177.972681
ssse3-sse4.1,url-safe,unpadded,24,6,699050,17911113,893.299302
ssse3-sse4.1,url-safe,unpadded,24,7,699050,14487468,1104.401731
ssse3-sse4.1,url-safe,unpadded,24,8,699050,13662325,1171.102630
ssse3-sse4.1,url-safe,unpadded,24,9,699050,13604196,1176.106603
ssse3-sse4.1,url-safe,unpadded,24,10,699050,13755821,1163.142843
ssse3-sse4.1,url-safe,unpadded,24,11,699050,13785287,1160.656629
ssse3-sse4.1,url-safe,unpadded,24,12,699050,13603535,1176.163750
ssse3-sse4.1,url-safe,unpadded,24,13,699050,13649020,1172.244215
ssse3-sse4.1,url-safe,unpadded,24,14,699050,13608975,1175.693595
avx2,url-safe,unpadded,24,0,699050,13899422,1151.125906
avx2,url-safe,unpadded,24,1,699050,13148709,1216.848342
avx2,url-safe,unpadded,24,2,699050,13051626,1225.899726
avx2,url-safe,unpadded,24,3,699050,13006231,1230.178423
avx2,url-safe,unpadded,24,4,699050,12996643,1231.085961
avx2,url-safe,unpadded,24,5,699050,12982445,1232.432315
avx2,url-safe,unpadded,24,6,699050,13010298,1229.793871
avx2,url-safe,unpadded,24,7,699050,12978408,1232.815669
avx2,url-safe,unpadded,24,8,699050,12989479,1231.764934
avx2,url-safe,unpadded,24,9,699050,13011170,1229.711451
avx2,url-safe,unpadded,24,10,699050,13007893,1230.021245
avx2,url-safe,unpadded,24,11,699050,13008926,1229.923573
avx2,url-safe,unpadded,24,12,699050,13055342,1225.550793
avx2,url-safe,unpadded,24,13,699050,13042108,1226.794376
avx2,url-safe,unpadded,24,14,699050,13013874,1229.455944
scalar,url-safe,unpadded,48,0,349525,46363476,345.098904
scalar,url-safe,unpadded,48,1,349525,46315305,345.457830
scalar,url-safe,unpadded,48,2,349525,46362875,345.103377
scalar,url-safe,unpadded,48,3,349525,46181954,346.455344
scalar,url-safe,unpadded,48,4,349525,46366170,345.078853
scalar,url-safe,unpadded,48,5,349525,46129155,346.851893
scalar,url-safe,unpadded,48,6,349525,45424379,352.233428
scalar,url-safe,unpadded,48,7,349525,45396626,352.448764
scalar,url-safe,unpadded,48,8,349525,45217328,353.846312
scalar,url-safe,unpadded,48,9,349525,45009307,355.481695
scalar,url-safe,unpadded,48,10,349525,45025056,355.357353
scalar,url-safe,unpadded,48,11,349525,45161253,354.285669
scalar,url-safe,unpadded,48,12,349525,45089327,354.850822
scalar,url-safe,unpadded,48,13,349525,45178004,354.154308
scalar,url-safe,unpadded,48,14,349525,45180869,354.131850
ssse3-sse4.1,url-safe,unpadded,48,0,349525,8205765,1949.846814
ssse3-sse4.1,url-safe,unpadded,48,1,349525,8261390,1936.718245
ssse3-sse4.1,url-safe,unpadded,48,2,349525,8241572,1941.375352
ssse3-sse4.1,url-safe,unpadded,48,3,349525,8249367,1939.540906
ssse3-sse4.1,url-safe,unpadded,48,4,349525,8255078,1938.199099
ssse3-sse4.1,url-safe,unpadded,48,5,349525,8263203,1936.293316
ssse3-sse4.1,url-safe,unpadded,48,6,349525,8259315,1937.204810
ssse3-sse4.1,url-safe,unpadded,48,7,349525,8290023,1930.028993
ssse3-sse4.1,url-safe,unpadded,48,8,349525,8283070,1931.649104
ssse3-sse4.1,url-safe,unpadded,48,9,349525,8249167,1939.587929
ssse3-sse4.1,url-safe,unpadded,48,10,349525,8247473,1939.986314
ssse3-sse4.1,url-safe,unpadded,48,11,349525,8255478,1938.105188
ssse3-sse4.1,url-safe,unpadded,48,12,349525,8222366,1945.910063
ssse3-sse4.1,url-safe,unpadded,48,13,349525,7258682,2204.254814
ssse3-sse4.1,url-safe,unpadded,48,14,349525,7290362,2194.676306
avx2,url-safe,unpadded,48,0,349525,6638415,2410.211585
avx2,url-safe,unpadded,48,1,349525,6607957,2421.320953
avx2,url-safe,unpadded,48,2,349525,6635689,2411.201722
avx2,url-safe,unpadded,48,3,349525,6632033,2412.530930
avx2,url-safe,unpadded,48,4,349525,6624679,2415.209060
avx2,url-safe,unpadded,48,5,349525,6636651,2410.852212
avx2,url-safe,unpadded,48,6,349525,6626162,2414.668513
avx2,url-safe,unpadded,48,7,349525,6634878,2411.496450
avx2,url-safe,unpadded,48,8,349525,6637654,2410.487914
avx2,url-safe,unpadded,48,9,349525,6659705,2402.506529
avx2,url-safe,unpadded,48,10,349525,6639978,2409.644240
avx2,url-safe,unpadded,48,11,349525,6626452,2414.562837
avx2,url-safe,unpadded,48,12,349525,6610682,2420.322856
avx2,url-safe,unpadded,48,13,349525,6615271,2418.643883
avx2,url-safe,unpadded,48,14,349525,6615322,2418.625237
avx512-vbmi,url-safe,unpadded,48,0,349525,7238364,2210.442130
avx512-vbmi,url-safe,unpadded,48,1,349525,7233384,2211.963963
avx512-vbmi,url-safe,unpadded,48,2,349525,7219268,2216.289067
avx512-vbmi,url-safe,unpadded,48,3,349525,7210432,2219.005011
avx512-vbmi,url-safe,unpadded,48,4,349525,7194882,2223.800855
avx512-vbmi,url-safe,unpadded,48,5,349525,7195964,2223.466479
avx512-vbmi,url-safe,unpadded,48,6,349525,7198298,2222.745535
avx512-vbmi,url-safe,unpadded,48,7,349525,7204971,2220.686904
avx512-vbmi,url-safe,unpadded,48,8,349525,7185955,2226.563448
avx512-vbmi,url-safe,unpadded,48,9,349525,7200172,2222.167018
avx512-vbmi,url-safe,unpadded,48,10,349525,7199090,2222.501002
avx512-vbmi,url-safe,unpadded,48,11,349525,7192968,2224.392593
avx512-vbmi,url-safe,unpadded,48,12,349525,7197467,2223.002167
avx512-vbmi,url-safe,unpadded,48,13,349525,7196094,2223.426312
avx512-vbmi,url-safe,unpadded,48,14,349525,7209750,2219.214916
scalar,url-safe,unpadded,64,0,262144,17284233,925.699162
scalar,url-safe,unpadded,64,1,262144,17204262,930.002112
scalar,url-safe,unpadded,64,2,262144,17195917,930.453433
scalar,url-safe,unpadded,64,3,262144,17188713,930.843397
scalar,url-safe,unpadded,64,4,262144,17230331,928.595046
scalar,url-safe,unpadded,64,5,262144,17197319,930.377578
scalar,url-safe,unpadded,64,6,262144,17193983,930.558091
scalar,url-safe,unpadded,64,7,262144,17192359,930.645992
scalar,url-safe,unpadded,64,8,262144,17217978,929.261264
scalar,url-safe,unpadded,64,9,262144,17232776,928.463296
scalar,url-safe,unpadded,64,10,262144,17244908,927.810111
scalar,url-safe,unpadded,64,11,262144,17242604,927.934087
scalar,url-safe,unpadded,64,12,262144,17241863,927.973967
scalar,url-safe,unpadded,64,13,262144,17289933,925.393985
scalar,url-safe,unpadded,64,14,262144,17251291,927.466820
ssse3-sse4.1,url-safe,unpadded,64,0,262144,8520998,1877.714324
ssse3-sse4.1,url-safe,unpadded,64,1,262144,8533312,1875.004688
ssse3-sse4.1,url-safe,unpadded,64,2,262144,8558800,1869.420947
ssse3-sse4.1,url-safe,unpadded,64,3,262144,8529795,1875.777788
ssse3-sse4.1,url-safe,unpadded,64,4,262144,8542058,1873.084917
ssse3-sse4.1,url-safe,unpadded,64,5,262144,8546466,1872.118838
ssse3-sse4.1,url-safe,unpadded,64,6,262144,8537930,1873.990534
ssse3-sse4.1,url-safe,unpadded,64,7,262144,8548440,1871.686530
ssse3-sse4.1,url-safe,unpadded,64,8,262144,8510398,1880.053083
ssse3-sse4.1,url-safe,unpadded,64,9,262144,8528773,1876.002562
ssse3-sse4.1,url-safe,unpadded,64,10,262144,8536999,1874.194902
ssse3-sse4.1,url-safe,unpadded,64,11,262144,8552578,1870.780950
ssse3-sse4.1,url-safe,unpadded,64,12,262144,8526549,1876.491884
ssse3-sse4.1,url-safe,unpadded,64,13,262144,8496152,1883.205479
ssse3-sse4.1,url-safe,unpadded,64,14,262144,8508996,1880.362854
avx2,url-safe,unpadded,64,0,262144,15918813,1005.100066
avx2,url-safe,unpadded,64,1,262144,15864901,1008.515590
avx2,url-safe,unpadded,64,2,262144,15863218,1008.622588
avx2,url-safe,unpadded,64,3,262144,15862597,1008.662075
avx2,url-safe,unpadded,64,4,262144,15866143,1008.436644
avx2,url-safe,unpadded,64,5,262144,15875611,1007.835226
avx2,url-safe,unpadded,64,6,262144,15872245,1008.048956
avx2,url-safe,unpadded,64,7,262144,15900768,1006.240705
avx2,url-safe,unpadded,64,8,262144,15874158,1007.927476
avx2,url-safe,unpadded,64,9,262144,15885340,1007.217976
avx2,url-safe,unpadded,64,10,262144,15900789,1006.239376
avx2,url-safe,unpadded,64,11,262144,15917540,1005.180449
avx2,url-safe,unpadded,64,12,262144,15881372,1007.469632
avx2,url-safe,unpadded,64,13,262144,15866484,1008.414971
avx2,url-safe,unpadded,64,14,262144,15886843,1007.122686
avx512-vbmi,url-safe,unpadded,64,0,262144,16260315,983.990778
avx512-vbmi,url-safe,unpadded,64,1,262144,16232683,985.665771
avx512-vbmi,url-safe,unpadded,64,2,262144,16238374,985.320328
avx512-vbmi,url-safe,unpadded,64,3,262144,16223657,986.214144
avx512-vbmi,url-safe,unpadded,64,4,262144,16217836,986.568122
avx512-vbmi,url-safe,unpadded,64,5,262144,16223005,986.253780
avx512-vbmi,url-safe,unpadded,64,6,262144,16228726,985.906103
avx512-vbmi,url-safe,unpadded,64,7,262144,16210371,987.022444
avx512-vbmi,url-safe,unpadded,64,8,262144,16205012,987.348852
avx512-vbmi,url-safe,unpadded,64,9,262144,16194932,987.963395
avx512-vbmi,url-safe,unpadded,64,10,262144,16178201,988.985116
avx512-vbmi,url-safe,unpadded,64,11,262144,16197678,987.795905
avx512-vbmi,url-safe,unpadded,64,12,262144,16165387,989.769066
avx512-vbmi,url-safe,unpadded,64,13,262144,15972703,1001.708978
avx512-vbmi,url-safe,unpadded,64,14,262144,16078373,995.125564
scalar,url-safe,unpadded,96,0,174762,25787528,620.452607
scalar,url-safe,unpadded,96,1,174762,25795432,620.262493
scalar,url-safe,unpadded,96,2,174762,25789141,620.413800
scalar,url-safe,unpadded,96,3,174762,25791144,620.365617
scalar,url-safe,unpadded,96,4,174762,25799420,620.166615
scalar,url-safe,unpadded,96,5,174762,25801173,620.124479
scalar,url-safe,unpadded,96,6,174762,25932660,616.980247
scalar,url-safe,unpadded,96,7,174762,25855446,618.822780
scalar,url-safe,unpadded,96,8,174762,25776296,620.722968
scalar,url-safe,unpadded,96,9,174762,25757741,621.170116
scalar,url-safe,unpadded,96,10,174762,25763342,621.035072
scalar,url-safe,unpadded,96,11,174762,25859132,618.734572
scalar,url-safe,unpadded,96,12,174762,25759454,621.128808
scalar,url-safe,unpadded,96,13,174762,25897024,617.829252
scalar,url-safe,unpadded,96,14,174762,25938482,616.841763
ssse3-sse4.1,url-safe,unpadded,96,0,174762,4184897,3823.257529
ssse3-sse4.1,url-safe,unpadded,96,1,174762,4247675,3766.752156
ssse3-sse4.1,url-safe,unpadded,96,2,174762,4223489,3788.322632
ssse3-sse4.1,url-safe,unpadded,96,3,174762,4266901,3749.779750
ssse3-sse4.1,url-safe,unpadded,96,4,174762,4253847,3761.286893
ssse3-sse4.1,url-safe,unpadded,96,5,174762,4226225,3785.870124
ssse3-sse4.1,url-safe,unpadded,96,6,174762,4230102,3782.400274
ssse3-sse4.1,url-safe,unpadded,96,7,174762,4230493,3782.050689
ssse3-sse4.1,url-safe,unpadded,96,8,174762,4286438,3732.688765
ssse3-sse4.1,url-safe,unpadded,96,9,174762,4273063,3744.372354
ssse3-sse4.1,url-safe,unpadded,96,10,174762,4253767,3761.357631
ssse3-sse4.1,url-safe,unpadded,96,11,174762,4245160,3768.983728
ssse3-sse4.1,url-safe,unpadded,96,12,174762,4232126,3780.591354
ssse3-sse4.1,url-safe,unpadded,96,13,174762,4269716,3747.307541
ssse3-sse4.1,url-safe,unpadded,96,14,174762,4228349,3783.968392
avx2,url-safe,unpadded,96,0,174762,3555502,4500.050616
avx2,url-safe,unpadded,96,1,174762,3555742,4499.746878
avx2,url-safe,unpadded,96,2,174762,3564990,4488.074010
avx2,url-safe,unpadded,96,3,174762,3555903,4499.543144
avx2,url-safe,unpadded,96,4,174762,3560612,4493.592384
avx2,url-safe,unpadded,96,5,174762,3548640,4508.752357
avx2,url-safe,unpadded,96,6,174762,3559400,4495.122483
avx2,url-safe,unpadded,96,7,174762,3556835,4498.364126
avx2,url-safe,unpadded,96,8,174762,3556764,4498.453922
avx2,url-safe,unpadded,96,9,174762,3558378,4496.413525
avx2,url-safe,unpadded,96,10,174762,3549401,4507.785670
avx2,url-safe,unpadded,96,11,174762,3559139,4495.452121
avx2,url-safe,unpadded,96,12,174762,3551124,4505.598499
avx2,url-safe,unpadded,96,13,174762,3553088,4503.107991
avx2,url-safe,unpadded,96,14,174762,3554891,4500.824066
avx512-vbmi,url-safe,unpadded,96,0,174762,3411861,4689.504926
avx512-vbmi,url-safe,unpadded,96,1,174762,3442961,4647.144991
avx512-vbmi,url-safe,unpadded,96,2,174762,3422652,4674.719768
avx512-vbmi,url-safe,unpadded,96,3,174762,3418995,4679.719907
avx512-vbmi,url-safe,unpadded,96,4,174762,3424486,4672.216200
avx512-vbmi,url-safe,unpadded,96,5,174762,3428163,4667.204846
avx512-vbmi,url-safe,unpadded,96,6,174762,3426309,4669.730303
avx512-vbmi,url-safe,unpadded,96,7,174762,3427862,4667.614672
avx512-vbmi,url-safe,unpadded,96,8,174762,3425468,4670.876787
avx512-vbmi,url-safe,unpadded,96,9,174762,3410439,4691.460239
avx512-vbmi,url-safe,unpadded,96,10,174762,3427731,4667.793058
avx512-vbmi,url-safe,unpadded,96,11,174762,3422291,4675.212881
avx512-vbmi,url-safe,unpadded,96,12,174762,3416130,4683.644640
avx512-vbmi,url-safe,unpadded,96,13,174762,3421910,4675.733425
avx512-vbmi,url-safe,unpadded,96,14,174762,3420849,4677.183636
scalar,url-safe,unpadded,192,0,87381,16531286,967.858094
scalar,url-safe,unpadded,192,1,87381,16504285,969.441510
scalar,url-safe,unpadded,192,2,87381,16492191,970.152417
scalar,url-safe,unpadded,192,3,87381,16605746,963.518228
scalar,url-safe,unpadded,192,4,87381,16667451,959.951163
scalar,url-safe,unpadded,192,5,87381,16853232,949.369175
scalar,url-safe,unpadded,192,6,87381,16788890,953.007552
scalar,url-safe,unpadded,192,7,87381,16663985,960.150826
scalar,url-safe,unpadded,192,8,87381,16598361,963.946920
scalar,url-safe,unpadded,192,9,87381,16519263,968.562518
scalar,url-safe,unpadded,192,10,87381,16485089,970.570372
scalar,url-safe,unpadded,192,11,87381,16470111,971.453014
scalar,url-safe,unpadded,192,12,87381,16469730,971.475487
scalar,url-safe,unpadded,192,13,87381,16478676,970.948089
scalar,url-safe,unpadded,192,14,87381,16484707,970.592863
ssse3-sse4.1,url-safe,unpadded,192,0,87381,3139439,5096.432504
ssse3-sse4.1,url-safe,unpadded,192,1,87381,3168353,5049.923088
ssse3-sse4.1,url-safe,unpadded,192,2,87381,3174215,5040.597113
ssse3-sse4.1,url-safe,unpadded,192,3,87381,3175958,5037.830779
ssse3-sse4.1,url-safe,unpadded,192,4,87381,3171169,5045.438753
ssse3-sse4.1,url-safe,unpadded,192,5,87381,3177852,5034.828231
ssse3-sse4.1,url-safe,unpadded,192,6,87381,3180517,5030.609478
ssse3-sse4.1,url-safe,unpadded,192,7,87381,3176650,5036.733340
ssse3-sse4.1,url-safe,unpadded,192,8,87381,3177691,5035.083325
ssse3-sse4.1,url-safe,unpadded,192,9,87381,3185265,5023.110782
ssse3-sse4.1,url-safe,unpadded,192,10,87381,3185876,5022.147430
ssse3-sse4.1,url-safe,unpadded,192,11,87381,3181899,5028.424524
ssse3-sse4.1,url-safe,unpadded,192,12,87381,3183652,5025.655745
ssse3-sse4.1,url-safe,unpadded,192,13,87381,3183192,5026.381998
ssse3-sse4.1,url-safe,unpadded,192,14,87381,3183922,5025.229564
avx2,url-safe,unpadded,192,0,87381,2081999,7684.892723
avx2,url-safe,unpadded,192,1,87381,2094782,7637.997159
avx2,url-safe,unpadded,192,2,87381,2092529,7646.220896
avx2,url-safe,unpadded,192,3,87381,2094452,7639.200595
avx2,url-safe,unpadded,192,4,87381,2091427,7650.249789
avx2,url-safe,unpadded,192,5,87381,2102266,7610.806132
avx2,url-safe,unpadded,192,6,87381,2100073,7618.753712
avx2,url-safe,unpadded,192,7,87381,2100212,7618.249474
avx2,url-safe,unpadded,192,8,87381,2092869,7644.978718
avx2,url-safe,unpadded,192,9,87381,2097588,7627.779604
avx2,url-safe,unpadded,192,10,87381,2097989,7626.321666
avx2,url-safe,unpadded,192,11,87381,2095414,7635.693455
avx2,url-safe,unpadded,192,12,87381,2100443,7617.411644
avx2,url-safe,unpadded,192,13,87381,2104080,7604.244594
avx2,url-safe,unpadded,192,14,87381,2098780,7623.447415
avx512-vbmi,url-safe,unpadded,192,0,87381,1799857,8889.561207
avx512-vbmi,url-safe,unpadded,192,1,87381,1798104,8898.227780
avx512-vbmi,url-safe,unpadded,192,2,87381,1803875,8869.760357
avx512-vbmi,url-safe,unpadded,192,3,87381,1795549,8910.889630
avx512-vbmi,url-safe,unpadded,192,4,87381,1805708,8860.756537
avx512-vbmi,url-safe,unpadded,192,5,87381,1801230,8882.785077
avx512-vbmi,url-safe,unpadded,192,6,87381,1797223,8902.589698
avx512-vbmi,url-safe,unpadded,192,7,87381,1793266,8922.234049
avx512-vbmi,url-safe,unpadded,192,8,87381,1804196,8868.182262
avx512-vbmi,url-safe,unpadded,192,9,87381,1802743,8875.329964
avx512-vbmi,url-safe,unpadded,192,10,87381,1794989,8913.669646
avx512-vbmi,url-safe,unpadded,192,11,87381,1798645,8895.551354
avx512-vbmi,url-safe,unpadded,192,12,87381,1797663,8900.410680
avx512-vbmi,url-safe,unpadded,192,13,87381,1803113,8873.508740
avx512-vbmi,url-safe,unpadded,192,14,87381,1795099,8913.123435
scalar,url-safe,unpadded,384,0,43690,11947788,1339.139585
scalar,url-safe,unpadded,384,1,43690,11883837,1346.345954
scalar,url-safe,unpadded,384,2,43690,11858560,1349.215745
scalar,url-safe,unpadded,384,3,43690,11853691,1349.769946
scalar,url-safe,unpadded,384,4,43690,11855494,1349.564671
scalar,url-safe,unpadded,384,5,43690,11863640,1348.638012
scalar,url-safe,unpadded,384,6,43690,11880562,1346.717088
scalar,url-safe,unpadded,384,7,43690,11891291,1345.502003
scalar,url-safe,unpadded,384,8,43690,11906571,1343.775287
scalar,url-safe,unpadded,384,9,43690,11919935,1342.268717
scalar,url-safe,unpadded,384,10,43690,11920316,1342.225815
scalar,url-safe,unpadded,384,11,43690,11921528,1342.089358
scalar,url-safe,unpadded,384,12,43690,11925977,1341.588690
scalar,url-safe,unpadded,384,13,43690,11935355,1340.534560
scalar,url-safe,unpadded,384,14,43690,11933151,1340.782150
ssse3-sse4.1,url-safe,unpadded,384,0,43690,2343732,6826.614928
ssse3-sse4.1,url-safe,unpadded,384,1,43690,2343321,6827.812263
ssse3-sse4.1,url-safe,unpadded,384,2,43690,2343521,6827.229566
ssse3-sse4.1,url-safe,unpadded,384,3,43690,2355774,6791.719350
ssse3-sse4.1,url-safe,unpadded,384,4,43690,2353430,6798.483855
ssse3-sse4.1,url-safe,unpadded,384,5,43690,2347007,6817.089109
ssse3-sse4.1,url-safe,unpadded,384,6,43690,2384368,6710.271174
ssse3-sse4.1,url-safe,unpadded,384,7,43690,2342329,6830.703910
ssse3-sse4.1,url-safe,unpadded,384,8,43690,2345054,6822.766495
ssse3-sse4.1,url-safe,unpadded,384,9,43690,2342659,6829.741699
ssse3-sse4.1,url-safe,unpadded,384,10,43690,2341818,6832.194414
ssse3-sse4.1,url-safe,unpadded,384,11,43690,2343020,6828.689409
ssse3-sse4.1,url-safe,unpadded,384,12,43690,2345685,6820.931139
ssse3-sse4.1,url-safe,unpadded,384,13,43690,2343290,6827.902590
ssse3-sse4.1,url-safe,unpadded,384,14,43690,2336538,6847.633490
avx2,url-safe,unpadded,384,0,43690,1425974,11220.229723
avx2,url-safe,unpadded,384,1,43690,1425533,11223.700791
avx2,url-safe,unpadded,384,2,43690,1431915,11173.677110
avx2,url-safe,unpadded,384,3,43690,1434881,11150.580333
avx2,url-safe,unpadded,384,4,43690,1435542,11145.446012
avx2,url-safe,unpadded,384,5,43690,1431144,11179.696704
avx2,url-safe,unpadded,384,6,43690,1438207,11124.793482
avx2,url-safe,unpadded,384,7,43690,1432957,11165.551974
avx2,url-safe,unpadded,384,8,43690,1432987,11165.318219
avx2,url-safe,unpadded,384,9,43690,1437185,11132.704460
avx2,url-safe,unpadded,384,10,43690,1434460,11153.852920
avx2,url-safe,unpadded,384,11,43690,1435462,11146.067161
avx2,url-safe,unpadded,384,12,43690,1431304,11178.446968
avx2,url-safe,unpadded,384,13,43690,1436353,11139.153021
avx2,url-safe,unpadded,384,14,43690,1451843,11020.307195
avx512-vbmi,url-safe,unpadded,384,0,43690,986267,16222.540001
avx512-vbmi,url-safe,unpadded,384,1,43690,993210,16109.136899
avx512-vbmi,url-safe,unpadded,384,2,43690,999231,16012.069141
avx512-vbmi,url-safe,unpadded,384,3,43690,995974,16064.431260
avx512-vbmi,url-safe,unpadded,384,4,43690,994221,16092.755896
avx512-vbmi,url-safe,unpadded,384,5,43690,994562,16087.238261
avx512-vbmi,url-safe,unpadded,384,6,43690,995494,16072.177089
avx512-vbmi,url-safe,unpadded,384,7,43690,994562,16087.238261
avx512-vbmi,url-safe,unpadded,384,8,43690,994332,16090.959417
avx512-vbmi,url-safe,unpadded,384,9,43690,995153,16077.684396
avx512-vbmi,url-safe,unpadded,384,10,43690,995424,16073.307314
avx512-vbmi,url-safe,unpadded,384,11,43690,994281,16091.784777
avx512-vbmi,url-safe,unpadded,384,12,43690,994962,16080.770783
avx512-vbmi,url-safe,unpadded,384,13,43690,1003860,15938.234275
avx512-vbmi,url-safe,unpadded,384,14,43690,1000804,15986.902390
scalar,url-safe,unpadded,768,0,21845,9682765,1652.395350
scalar,url-safe,unpadded,768,1,21845,9623203,1662.622711
scalar,url-safe,unpadded,768,2,21845,9599479,1666.731690
scalar,url-safe,unpadded,768,3,21845,9586313,1669.020807
scalar,url-safe,unpadded,768,4,21845,9565655,1672.625226
scalar,url-safe,unpadded,768,5,21845,9559162,1673.761346
scalar,url-safe,unpadded,768,6,21845,9573600,1671.237137
scalar,url-safe,unpadded,768,7,21845,9565624,1672.630647
scalar,url-safe,unpadded,768,8,21845,9552500,1674.928643
scalar,url-safe,unpadded,768,9,21845,9558501,1673.877092
scalar,url-safe,unpadded,768,10,21845,9556778,1674.178877
scalar,url-safe,unpadded,768,11,21845,9558661,1673.849074
scalar,url-safe,unpadded,768,12,21845,9563630,1672.979387
scalar,url-safe,unpadded,768,13,21845,9558992,1673.791113
scalar,url-safe,unpadded,768,14,21845,9560635,1673.503471
ssse3-sse4.1,url-safe,unpadded,768,0,21845,1914914,8355.339122
ssse3-sse4.1,url-safe,unpadded,768,1,21845,1901890,8412.555857
ssse3-sse4.1,url-safe,unpadded,768,2,21845,1830365,8741.292507
ssse3-sse4.1,url-safe,unpadded,768,3,21845,1836526,8711.968063
ssse3-sse4.1,url-safe,unpadded,768,4,21845,1841376,8689.021612
ssse3-sse4.1,url-safe,unpadded,768,5,21845,1842738,8682.599403
ssse3-sse4.1,url-safe,unpadded,768,6,21845,1842308,8684.625947
ssse3-sse4.1,url-safe,unpadded,768,7,21845,1838120,8704.413128
ssse3-sse4.1,url-safe,unpadded,768,8,21845,1846916,8662.958066
ssse3-sse4.1,url-safe,unpadded,768,9,21845,1843730,8677.927820
ssse3-sse4.1,url-safe,unpadded,768,10,21845,1844682,8673.449331
ssse3-sse4.1,url-safe,unpadded,768,11,21845,1841976,8686.191275
ssse3-sse4.1,url-safe,unpadded,768,12,21845,1846846,8663.286413
ssse3-sse4.1,url-safe,unpadded,768,13,21845,1841105,8690.300585
ssse3-sse4.1,url-safe,unpadded,768,14,21845,1845603,8669.121073
avx2,url-safe,unpadded,768,0,21845,1116502,14330.252753
avx2,url-safe,unpadded,768,1,21845,1112154,14386.277314
avx2,url-safe,unpadded,768,2,21845,1112584,14380.717195
avx2,url-safe,unpadded,768,3,21845,1115670,14340.939399
avx2,url-safe,unpadded,768,4,21845,1119467,14292.297905
avx2,url-safe,unpadded,768,5,21845,1116090,14335.542707
avx2,url-safe,unpadded,768,6,21845,1115740,14340.039668
avx2,url-safe,unpadded,768,7,21845,1115519,14342.880632
avx2,url-safe,unpadded,768,8,21845,1115710,14340.425253
avx2,url-safe,unpadded,768,9,21845,1121341,14268.412427
avx2,url-safe,unpadded,768,10,21845,1114538,14355.505025
avx2,url-safe,unpadded,768,11,21845,1118134,14309.336680
avx2,url-safe,unpadded,768,12,21845,1115449,14343.780719
avx2,url-safe,unpadded,768,13,21845,1116962,14324.351105
avx2,url-safe,unpadded,768,14,21845,1119257,14294.979490
avx512-vbmi,url-safe,unpadded,768,0,21845,604678,26459.960275
avx512-vbmi,url-safe,unpadded,768,1,21845,606572,26377.339969
avx512-vbmi,url-safe,unpadded,768,2,21845,602724,26545.742097
avx512-vbmi,url-safe,unpadded,768,3,21845,604248,26478.789933
avx512-vbmi,url-safe,unpadded,768,4,21845,607844,26322.141634
avx512-vbmi,url-safe,unpadded,768,5,21845,607343,26343.854888
avx512-vbmi,url-safe,unpadded,768,6,21845,610158,26222.315956
avx512-vbmi,url-safe,unpadded,768,7,21845,609266,26260.706915
avx512-vbmi,url-safe,unpadded,768,8,21845,609517,26249.892717
avx512-vbmi,url-safe,unpadded,768,9,21845,606170,26394.832901
avx512-vbmi,url-safe,unpadded,768,10,21845,603436,26514.420517
avx512-vbmi,url-safe,unpadded,768,11,21845,607253,26347.759269
avx512-vbmi,url-safe,unpadded,768,12,21845,609397,26255.061740
avx512-vbmi,url-safe,unpadded,768,13,21845,609638,26244.682680
avx512-vbmi,url-safe,unpadded,768,14,21845,612834,26107.813632
scalar,url-safe,unpadded,1024,0,16384,8010878,1997.284193
scalar,url-safe,unpadded,1024,1,16384,7943982,2014.103255
scalar,url-safe,unpadded,1024,2,16384,7919676,2020.284668
scalar,url-safe,unpadded,1024,3,16384,7894369,2026.761100
scalar,url-safe,unpadded,1024,4,16384,7899548,2025.432341
scalar,url-safe,unpadded,1024,5,16384,7929354,2017.818854
scalar,url-safe,unpadded,1024,6,16384,7899679,2025.398754
scalar,url-safe,unpadded,1024,7,16384,7900049,2025.303894
scalar,url-safe,unpadded,1024,8,16384,7917813,2020.760026
scalar,url-safe,unpadded,1024,9,16384,7921139,2019.911530
scalar,url-safe,unpadded,1024,10,16384,7914226,2021.675904
scalar,url-safe,unpadded,1024,11,16384,7911942,2022.259516
scalar,url-safe,unpadded,1024,12,16384,7907323,2023.440803
scalar,url-safe,unpadded,1024,13,16384,7900961,2025.070115
scalar,url-safe,unpadded,1024,14,16384,7906091,2023.756114
ssse3-sse4.1,url-safe,unpadded,1024,0,16384,1926947,8303.290127
ssse3-sse4.1,url-safe,unpadded,1024,1,16384,1925794,8308.261424
ssse3-sse4.1,url-safe,unpadded,1024,2,16384,1933700,8274.292807
ssse3-sse4.1,url-safe,unpadded,1024,3,16384,1931816,8282.362295
ssse3-sse4.1,url-safe,unpadded,1024,4,16384,1934932,8269.024441
ssse3-sse4.1,url-safe,unpadded,1024,5,16384,1936575,8262.008959
ssse3-sse4.1,url-safe,unpadded,1024,6,16384,1935052,8268.511647
ssse3-sse4.1,url-safe,unpadded,1024,7,16384,1936024,8264.360359
ssse3-sse4.1,url-safe,unpadded,1024,8,16384,1936765,8261.198442
ssse3-sse4.1,url-safe,unpadded,1024,9,16384,1933810,8273.822144
ssse3-sse4.1,url-safe,unpadded,1024,10,16384,1930664,8287.304264
ssse3-sse4.1,url-safe,unpadded,1024,11,16384,1936465,8262.478279
ssse3-sse4.1,url-safe,unpadded,1024,12,16384,1939311,8250.352831
ssse3-sse4.1,url-safe,unpadded,1024,13,16384,1934742,8269.836495
ssse3-sse4.1,url-safe,unpadded,1024,14,16384,1932407,8279.829249
avx2,url-safe,unpadded,1024,0,16384,1729385,9251.843864
avx2,url-safe,unpadded,1024,1,16384,1718835,9308.630555
avx2,url-safe,unpadded,1024,2,16384,1719947,9302.612232
avx2,url-safe,unpadded,1024,3,16384,1721099,9296.385623
avx2,url-safe,unpadded,1024,4,16384,1716901,9319.116245
avx2,url-safe,unpadded,1024,5,16384,1715399,9327.276045
avx2,url-safe,unpadded,1024,6,16384,1722513,9288.754279
avx2,url-safe,unpadded,1024,7,16384,1715509,9326.677971
avx2,url-safe,unpadded,1024,8,16384,1717132,9317.862576
avx2,url-safe,unpadded,1024,9,16384,1719276,9306.242860
avx2,url-safe,unpadded,1024,10,16384,1719557,9304.722088
avx2,url-safe,unpadded,1024,11,16384,1717122,9317.916840
avx2,url-safe,unpadded,1024,12,16384,1739484,9198.130020
avx2,url-safe,unpadded,1024,13,16384,1718826,9308.679296
avx2,url-safe,unpadded,1024,14,16384,1717913,9313.626476
avx512-vbmi,url-safe,unpadded,1024,0,16384,1253189,12767.427738
avx512-vbmi,url-safe,unpadded,1024,1,16384,1254211,12757.024137
avx512-vbmi,url-safe,unpadded,1024,2,16384,1256905,12729.681241
avx512-vbmi,url-safe,unpadded,1024,3,16384,1260623,12692.137142
avx512-vbmi,url-safe,unpadded,1024,4,16384,1257277,12725.914814
avx512-vbmi,url-safe,unpadded,1024,5,16384,1256174,12737.088970
avx512-vbmi,url-safe,unpadded,1024,6,16384,1258028,12718.317875
avx512-vbmi,url-safe,unpadded,1024,7,16384,1257607,12722.575495
avx512-vbmi,url-safe,unpadded,1024,8,16384,1255593,12742.982798
avx512-vbmi,url-safe,unpadded,1024,9,16384,1255583,12743.084288
avx512-vbmi,url-safe,unpadded,1024,10,16384,1256546,12733.318159
avx512-vbmi,url-safe,unpadded,1024,11,16384,1260473,12693.647543
avx512-vbmi,url-safe,unpadded,1024,12,16384,1255152,12747.460069
avx512-vbmi,url-safe,unpadded,1024,13,16384,1256936,12729.367287
avx512-vbmi,url-safe,unpadded,1024,14,16384,1256445,12734.341734
scalar,url-safe,unpadded,65536,0,256,7316923,2186.711545
scalar,url-safe,unpadded,65536,1,256,7318354,2186.283965
scalar,url-safe,unpadded,65536,2,256,7304889,2190.313912
scalar,url-safe,unpadded,65536,3,256,7303687,2190.674381
scalar,url-safe,unpadded,65536,4,256,7301794,2191.242317
scalar,url-safe,unpadded,65536,5,256,7299990,2191.783824
scalar,url-safe,unpadded,65536,6,256,7297926,2192.403705
scalar,url-safe,unpadded,65536,7,256,7298798,2192.141775
scalar,url-safe,unpadded,65536,8,256,7297285,2192.596288
scalar,url-safe,unpadded,65536,9,256,7297776,2192.448768
scalar,url-safe,unpadded,65536,10,256,7299940,2191.798837
scalar,url-safe,unpadded,65536,11,256,7299249,2192.006328
scalar,url-safe,unpadded,65536,12,256,7296213,2192.918436
scalar,url-safe,unpadded,65536,13,256,7293327,2193.786183
scalar,url-safe,unpadded,65536,14,256,7294049,2193.569031
ssse3-sse4.1,url-safe,unpadded,65536,0,256,1515222,10559.508772
ssse3-sse4.1,url-safe,unpadded,65536,1,256,1522786,10507.057459
ssse3-sse4.1,url-safe,unpadded,65536,2,256,1515973,10554.277682
ssse3-sse4.1,url-safe,unpadded,65536,3,256,1521534,10515.703231
ssse3-sse4.1,url-safe,unpadded,65536,4,256,1521113,10518.613673
ssse3-sse4.1,url-safe,unpadded,65536,5,256,1521013,10519.305226
ssse3-sse4.1,url-safe,unpadded,65536,6,256,1524980,10491.940878
ssse3-sse4.1,url-safe,unpadded,65536,7,256,1523568,10501.664514
ssse3-sse4.1,url-safe,unpadded,65536,8,256,1523127,10504.705123
ssse3-sse4.1,url-safe,unpadded,65536,9,256,1521313,10517.230839
ssse3-sse4.1,url-safe,unpadded,65536,10,256,1525081,10491.246039
ssse3-sse4.1,url-safe,unpadded,65536,11,256,1521063,10518.959438
ssse3-sse4.1,url-safe,unpadded,65536,12,256,1521363,10516.885188
ssse3-sse4.1,url-safe,unpadded,65536,13,256,1523678,10500.906359
ssse3-sse4.1,url-safe,unpadded,65536,14,256,1526944,10478.445837
avx2,url-safe,unpadded,65536,0,256,815164,19627.952167
avx2,url-safe,unpadded,65536,1,256,813020,19679.712676
avx2,url-safe,unpadded,65536,2,256,817438,19573.349905
avx2,url-safe,unpadded,65536,3,256,818190,19555.360002
avx2,url-safe,unpadded,65536,4,256,818801,19540.767537
avx2,url-safe,unpadded,65536,5,256,819883,19514.979576
avx2,url-safe,unpadded,65536,6,256,819883,19514.979576
avx2,url-safe,unpadded,65536,7,256,818120,19557.033198
avx2,url-safe,unpadded,65536,8,256,819983,19512.599651
avx2,url-safe,unpadded,65536,9,256,817889,19562.556777
avx2,url-safe,unpadded,65536,10,256,818140,19556.555113
avx2,url-safe,unpadded,65536,11,256,821757,19470.476065
avx2,url-safe,unpadded,65536,12,256,822708,19447.969389
avx2,url-safe,unpadded,65536,13,256,820474,19500.922637
avx2,url-safe,unpadded,65536,14,256,819552,19522.861271
avx512-vbmi,url-safe,unpadded,65536,0,256,291750,54841.473865
avx512-vbmi,url-safe,unpadded,65536,1,256,293753,54467.528842
avx512-vbmi,url-safe,unpadded,65536,2,256,291629,54864.228180
avx512-vbmi,url-safe,unpadded,65536,3,256,288503,55458.695404
avx512-vbmi,url-safe,unpadded,65536,4,256,292130,54770.136583
avx512-vbmi,url-safe,unpadded,65536,5,256,291067,54970.161509
avx512-vbmi,url-safe,unpadded,65536,6,256,288142,55528.177079
avx512-vbmi,url-safe,unpadded,65536,7,256,291619,54866.109547
avx512-vbmi,url-safe,unpadded,65536,8,256,280989,56941.730815
avx512-vbmi,url-safe,unpadded,65536,9,256,272393,58738.660685
avx512-vbmi,url-safe,unpadded,65536,10,256,271381,58957.701534
avx512-vbmi,url-safe,unpadded,65536,11,256,285076,56125.384108
avx512-vbmi,url-safe,unpadded,65536,12,256,290066,55159.860170
avx512-vbmi,url-safe,unpadded,65536,13,256,289985,55175.267686
avx512-vbmi,url-safe,unpadded,65536,14,256,289946,55182.689190
