schema_version,campaign_id,run_id,sample_index,engine,operation,alphabet,padding,input_len,encoded_len,iterations,elapsed_ns,throughput_mib_s,backend,active_encode_backend,active_decode_backend,target_arch,target_os,allocation_count
1,commit-5-correction-amd-9950x3d,run-2,0,base64-ng,encode,standard,padded,1,4,4194304,28584701,139.934995,auto,avx512-vbmi,avx512-vbmi,x86_64,linux,0
1,commit-5-correction-amd-9950x3d,run-2,1,base64-ng,encode,standard,padded,1,4,4194304,27760239,144.090978,auto,avx512-vbmi,avx512-vbmi,x86_64,linux,0
1,commit-5-correction-amd-9950x3d,run-2,2,base64-ng,encode,standard,padded,1,4,4194304,28361410,141.036712,auto,avx512-vbmi,avx512-vbmi,x86_64,linux,0
1,commit-5-correction-amd-9950x3d,run-2,3,base64-ng,encode,standard,padded,1,4,4194304,27670700,144.557239,auto,avx512-vbmi,avx512-vbmi,x86_64,linux,0
1,commit-5-correction-amd-9950x3d,run-2,4,base64-ng,encode,standard,padded,1,4,4194304,28043442,142.635843,auto,avx512-vbmi,avx512-vbmi,x86_64,linux,0
1,commit-5-correction-amd-9950x3d,run-2,0,base64-ng,decode,standard,padded,1,4,4194304,60003136,66.663182,auto,avx512-vbmi,avx512-vbmi,x86_64,linux,0
1,commit-5-correction-amd-9950x3d,run-2,1,base64-ng,decode,standard,padded,1,4,4194304,60348607,66.281563,auto,avx512-vbmi,avx512-vbmi,x86_64,linux,0
1,commit-5-correction-amd-9950x3d,run-2,2,base64-ng,decode,standard,padded,1,4,4194304,59994320,66.672978,auto,avx512-vbmi,avx512-vbmi,x86_64,linux,0
1,commit-5-correction-amd-9950x3d,run-2,3,base64-ng,decode,standard,padded,1,4,4194304,59708632,66.991989,auto,avx512-vbmi,avx512-vbmi,x86_64,linux,0
1,commit-5-correction-amd-9950x3d,run-2,4,base64-ng,decode,standard,padded,1,4,4194304,60048411,66.612920,auto,avx512-vbmi,avx512-vbmi,x86_64,linux,0
1,commit-5-correction-amd-9950x3d,run-2,0,base64-ng,encode,standard,padded,1,4,4194304,27789273,143.940433,scalar,avx512-vbmi,avx512-vbmi,x86_64,linux,0
1,commit-5-correction-amd-9950x3d,run-2,1,base64-ng,encode,standard,padded,1,4,4194304,27490631,145.504117,scalar,avx512-vbmi,avx512-vbmi,x86_64,linux,0
1,commit-5-correction-amd-9950x3d,run-2,2,base64-ng,encode,standard,padded,1,4,4194304,27734991,144.222149,scalar,avx512-vbmi,avx512-vbmi,x86_64,linux,0
1,commit-5-correction-amd-9950x3d,run-2,3,base64-ng,encode,standard,padded,1,4,4194304,27762082,144.081413,scalar,avx512-vbmi,avx512-vbmi,x86_64,linux,0
1,commit-5-correction-amd-9950x3d,run-2,4,base64-ng,encode,standard,padded,1,4,4194304,27624393,144.799562,scalar,avx512-vbmi,avx512-vbmi,x86_64,linux,0
1,commit-5-correction-amd-9950x3d,run-2,0,base64-ng,decode,standard,padded,1,4,4194304,40046958,99.882743,scalar,avx512-vbmi,avx512-vbmi,x86_64,linux,0
1,commit-5-correction-amd-9950x3d,run-2,1,base64-ng,decode,standard,padded,1,4,4194304,40046067,99.884965,scalar,avx512-vbmi,avx512-vbmi,x86_64,linux,0
1,commit-5-correction-amd-9950x3d,run-2,2,base64-ng,decode,standard,padded,1,4,4194304,41734355,95.844299,scalar,avx512-vbmi,avx512-vbmi,x86_64,linux,0
1,commit-5-correction-amd-9950x3d,run-2,3,base64-ng,decode,standard,padded,1,4,4194304,41491739,96.404733,scalar,avx512-vbmi,avx512-vbmi,x86_64,linux,0
1,commit-5-correction-amd-9950x3d,run-2,4,base64-ng,decode,standard,padded,1,4,4194304,40979784,97.609104,scalar,avx512-vbmi,avx512-vbmi,x86_64,linux,0
1,commit-5-correction-amd-9950x3d,run-2,0,base64-ng,encode,standard,padded,1,4,4194304,34439864,116.144477,ssse3-sse4.1,avx512-vbmi,avx512-vbmi,x86_64,linux,0
1,commit-5-correction-amd-9950x3d,run-2,1,base64-ng,encode,standard,padded,1,4,4194304,35045223,114.138238,ssse3-sse4.1,avx512-vbmi,avx512-vbmi,x86_64,linux,0
1,commit-5-correction-amd-9950x3d,run-2,2,base64-ng,encode,standard,padded,1,4,4194304,35106698,113.938372,ssse3-sse4.1,avx512-vbmi,avx512-vbmi,x86_64,linux,0
1,commit-5-correction-amd-9950x3d,run-2,3,base64-ng,encode,standard,padded,1,4,4194304,34755337,115.090238,ssse3-sse4.1,avx512-vbmi,avx512-vbmi,x86_64,linux,0
1,commit-5-correction-amd-9950x3d,run-2,4,base64-ng,encode,standard,padded,1,4,4194304,34354663,116.432520,ssse3-sse4.1,avx512-vbmi,avx512-vbmi,x86_64,linux,0
1,commit-5-correction-amd-9950x3d,run-2,0,base64-ng,decode,standard,padded,1,4,4194304,48052198,83.242810,ssse3-sse4.1,avx512-vbmi,avx512-vbmi,x86_64,linux,0
1,commit-5-correction-amd-9950x3d,run-2,1,base64-ng,decode,standard,padded,1,4,4194304,48025829,83.288515,ssse3-sse4.1,avx512-vbmi,avx512-vbmi,x86_64,linux,0
1,commit-5-correction-amd-9950x3d,run-2,2,base64-ng,decode,standard,padded,1,4,4194304,48107893,83.146439,ssse3-sse4.1,avx512-vbmi,avx512-vbmi,x86_64,linux,0
1,commit-5-correction-amd-9950x3d,run-2,3,base64-ng,decode,standard,padded,1,4,4194304,48180801,83.020621,ssse3-sse4.1,avx512-vbmi,avx512-vbmi,x86_64,linux,0
1,commit-5-correction-amd-9950x3d,run-2,4,base64-ng,decode,standard,padded,1,4,4194304,48567458,82.359674,ssse3-sse4.1,avx512-vbmi,avx512-vbmi,x86_64,linux,0
1,commit-5-correction-amd-9950x3d,run-2,0,base64-ng,encode,standard,padded,1,4,4194304,37650207,106.241116,avx2,avx512-vbmi,avx512-vbmi,x86_64,linux,0
1,commit-5-correction-amd-9950x3d,run-2,1,base64-ng,encode,standard,padded,1,4,4194304,36032221,111.011753,avx2,avx512-vbmi,avx512-vbmi,x86_64,linux,0
1,commit-5-correction-amd-9950x3d,run-2,2,base64-ng,encode,standard,padded,1,4,4194304,37331898,107.146977,avx2,avx512-vbmi,avx512-vbmi,x86_64,linux,0
1,commit-5-correction-amd-9950x3d,run-2,3,base64-ng,encode,standard,padded,1,4,4194304,38500126,103.895764,avx2,avx512-vbmi,avx512-vbmi,x86_64,linux,0
1,commit-5-correction-amd-9950x3d,run-2,4,base64-ng,encode,standard,padded,1,4,4194304,37551150,106.521372,avx2,avx512-vbmi,avx512-vbmi,x86_64,linux,0
1,commit-5-correction-amd-9950x3d,run-2,0,base64-ng,decode,standard,padded,1,4,4194304,53293415,75.056177,avx2,avx512-vbmi,avx512-vbmi,x86_64,linux,0
1,commit-5-correction-amd-9950x3d,run-2,1,base64-ng,decode,standard,padded,1,4,4194304,52547961,76.120936,avx2,avx512-vbmi,avx512-vbmi,x86_64,linux,0
1,commit-5-correction-amd-9950x3d,run-2,2,base64-ng,decode,standard,padded,1,4,4194304,52741206,75.842028,avx2,avx512-vbmi,avx512-vbmi,x86_64,linux,0
1,commit-5-correction-amd-9950x3d,run-2,3,base64-ng,decode,standard,padded,1,4,4194304,53654394,74.551210,avx2,avx512-vbmi,avx512-vbmi,x86_64,linux,0
1,commit-5-correction-amd-9950x3d,run-2,4,base64-ng,decode,standard,padded,1,4,4194304,53028927,75.430529,avx2,avx512-vbmi,avx512-vbmi,x86_64,linux,0
1,commit-5-correction-amd-9950x3d,run-2,0,base64-ng,encode,standard,padded,1,4,4194304,36294234,110.210344,avx512-vbmi,avx512-vbmi,avx512-vbmi,x86_64,linux,0
1,commit-5-correction-amd-9950x3d,run-2,1,base64-ng,encode,standard,padded,1,4,4194304,36120547,110.740294,avx512-vbmi,avx512-vbmi,avx512-vbmi,x86_64,linux,0
1,commit-5-correction-amd-9950x3d,run-2,2,base64-ng,encode,standard,padded,1,4,4194304,36069140,110.898125,avx512-vbmi,avx512-vbmi,avx512-vbmi,x86_64,linux,0
1,commit-5-correction-amd-9950x3d,run-2,3,base64-ng,encode,standard,padded,1,4,4194304,35395833,113.007653,avx512-vbmi,avx512-vbmi,avx512-vbmi,x86_64,linux,0
1,commit-5-correction-amd-9950x3d,run-2,4,base64-ng,encode,standard,padded,1,4,4194304,35389030,113.029377,avx512-vbmi,avx512-vbmi,avx512-vbmi,x86_64,linux,0
1,commit-5-correction-amd-9950x3d,run-2,0,base64-ng,decode,standard,padded,1,4,4194304,55878491,71.583894,avx512-vbmi,avx512-vbmi,avx512-vbmi,x86_64,linux,0
1,commit-5-correction-amd-9950x3d,run-2,1,base64-ng,decode,standard,padded,1,4,4194304,55706287,71.805181,avx512-vbmi,avx512-vbmi,avx512-vbmi,x86_64,linux,0
1,commit-5-correction-amd-9950x3d,run-2,2,base64-ng,decode,standard,padded,1,4,4194304,55480573,72.097309,avx512-vbmi,avx512-vbmi,avx512-vbmi,x86_64,linux,0
1,commit-5-correction-amd-9950x3d,run-2,3,base64-ng,decode,standard,padded,1,4,4194304,56179238,71.200681,avx512-vbmi,avx512-vbmi,avx512-vbmi,x86_64,linux,0
1,commit-5-correction-amd-9950x3d,run-2,4,base64-ng,decode,standard,padded,1,4,4194304,55636927,71.894697,avx512-vbmi,avx512-vbmi,avx512-vbmi,x86_64,linux,0
1,commit-5-correction-amd-9950x3d,run-2,0,base64-0.23.0,encode,standard,padded,1,4,4194304,28993941,137.959859,external,avx512-vbmi,avx512-vbmi,x86_64,linux,0
1,commit-5-correction-amd-9950x3d,run-2,1,base64-0.23.0,encode,standard,padded,1,4,4194304,33949630,117.821608,external,avx512-vbmi,avx512-vbmi,x86_64,linux,0
1,commit-5-correction-amd-9950x3d,run-2,2,base64-0.23.0,encode,standard,padded,1,4,4194304,29204257,136.966333,external,avx512-vbmi,avx512-vbmi,x86_64,linux,0
1,commit-5-correction-amd-9950x3d,run-2,3,base64-0.23.0,encode,standard,padded,1,4,4194304,29091805,137.495766,external,avx512-vbmi,avx512-vbmi,x86_64,linux,0
1,commit-5-correction-amd-9950x3d,run-2,4,base64-0.23.0,encode,standard,padded,1,4,4194304,29465649,135.751295,external,avx512-vbmi,avx512-vbmi,x86_64,linux,0
1,commit-5-correction-amd-9950x3d,run-2,0,base64-0.23.0,decode,standard,padded,1,4,4194304,54310670,73.650353,external,avx512-vbmi,avx512-vbmi,x86_64,linux,0
1,commit-5-correction-amd-9950x3d,run-2,1,base64-0.23.0,decode,standard,padded,1,4,4194304,54314647,73.644960,external,avx512-vbmi,avx512-vbmi,x86_64,linux,0
1,commit-5-correction-amd-9950x3d,run-2,2,base64-0.23.0,decode,standard,padded,1,4,4194304,53729305,74.447269,external,avx512-vbmi,avx512-vbmi,x86_64,linux,0
1,commit-5-correction-amd-9950x3d,run-2,3,base64-0.23.0,decode,standard,padded,1,4,4194304,53911068,74.196267,external,avx512-vbmi,avx512-vbmi,x86_64,linux,0
1,commit-5-correction-amd-9950x3d,run-2,4,base64-0.23.0,decode,standard,padded,1,4,4194304,53649355,74.558212,external,avx512-vbmi,avx512-vbmi,x86_64,linux,0
1,commit-5-correction-amd-9950x3d,run-2,0,base64ct-1.8.3,encode,standard,padded,1,4,4194304,33921958,117.917722,external,avx512-vbmi,avx512-vbmi,x86_64,linux,0
1,commit-5-correction-amd-9950x3d,run-2,1,base64ct-1.8.3,encode,standard,padded,1,4,4194304,33954970,117.803079,external,avx512-vbmi,avx512-vbmi,x86_64,linux,0
1,commit-5-correction-amd-9950x3d,run-2,2,base64ct-1.8.3,encode,standard,padded,1,4,4194304,33680844,118.761870,external,avx512-vbmi,avx512-vbmi,x86_64,linux,0
1,commit-5-correction-amd-9950x3d,run-2,3,base64ct-1.8.3,encode,standard,padded,1,4,4194304,33689731,118.730541,external,avx512-vbmi,avx512-vbmi,x86_64,linux,0
1,commit-5-correction-amd-9950x3d,run-2,4,base64ct-1.8.3,encode,standard,padded,1,4,4194304,33598369,119.053398,external,avx512-vbmi,avx512-vbmi,x86_64,linux,0
1,commit-5-correction-amd-9950x3d,run-2,0,base64ct-1.8.3,decode,standard,padded,1,4,4194304,109899888,36.396761,external,avx512-vbmi,avx512-vbmi,x86_64,linux,0
1,commit-5-correction-amd-9950x3d,run-2,1,base64ct-1.8.3,decode,standard,padded,1,4,4194304,108966971,36.708371,external,avx512-vbmi,avx512-vbmi,x86_64,linux,0
1,commit-5-correction-amd-9950x3d,run-2,2,base64ct-1.8.3,decode,standard,padded,1,4,4194304,110688071,36.137589,external,avx512-vbmi,avx512-vbmi,x86_64,linux,0
1,commit-5-correction-amd-9950x3d,run-2,3,base64ct-1.8.3,decode,standard,padded,1,4,4194304,112527584,35.546840,external,avx512-vbmi,avx512-vbmi,x86_64,linux,0
1,commit-5-correction-amd-9950x3d,run-2,4,base64ct-1.8.3,decode,standard,padded,1,4,4194304,110441186,36.218372,external,avx512-vbmi,avx512-vbmi,x86_64,linux,0
1,commit-5-correction-amd-9950x3d,run-2,0,base64-ng,encode,standard,padded,2,4,2097152,18890442,211.747295,auto,avx512-vbmi,avx512-vbmi,x86_64,linux,0
1,commit-5-correction-amd-9950x3d,run-2,1,base64-ng,encode,standard,padded,2,4,2097152,19098733,209.437977,auto,avx512-vbmi,avx512-vbmi,x86_64,linux,0
1,commit-5-correction-amd-9950x3d,run-2,2,base64-ng,encode,standard,padded,2,4,2097152,19199594,208.337739,auto,avx512-vbmi,avx512-vbmi,x86_64,linux,0
1,commit-5-correction-amd-9950x3d,run-2,3,base64-ng,encode,standard,padded,2,4,2097152,19117820,209.228877,auto,avx512-vbmi,avx512-vbmi,x86_64,linux,0
1,commit-5-correction-amd-9950x3d,run-2,4,base64-ng,encode,standard,padded,2,4,2097152,19002363,210.500136,auto,avx512-vbmi,avx512-vbmi,x86_64,linux,0
1,commit-5-correction-amd-9950x3d,run-2,0,base64-ng,decode,standard,padded,2,4,2097152,34112917,117.257636,auto,avx512-vbmi,avx512-vbmi,x86_64,linux,0
1,commit-5-correction-amd-9950x3d,run-2,1,base64-ng,decode,standard,padded,2,4,2097152,34466714,116.053999,auto,avx512-vbmi,avx512-vbmi,x86_64,linux,0
1,commit-5-correction-amd-9950x3d,run-2,2,base64-ng,decode,standard,padded,2,4,2097152,33782255,118.405358,auto,avx512-vbmi,avx512-vbmi,x86_64,linux,0
1,commit-5-correction-amd-9950x3d,run-2,3,base64-ng,decode,standard,padded,2,4,2097152,33971071,117.747244,auto,avx512-vbmi,avx512-vbmi,x86_64,linux,0
1,commit-5-correction-amd-9950x3d,run-2,4,base64-ng,decode,standard,padded,2,4,2097152,33692546,118.720621,auto,avx512-vbmi,avx512-vbmi,x86_64,linux,0
1,commit-5-correction-amd-9950x3d,run-2,0,base64-ng,encode,standard,padded,2,4,2097152,19284863,207.416563,scalar,avx512-vbmi,avx512-vbmi,x86_64,linux,0
1,commit-5-correction-amd-9950x3d,run-2,1,base64-ng,encode,standard,padded,2,4,2097152,20538915,194.752254,scalar,avx512-vbmi,avx512-vbmi,x86_64,linux,0
1,commit-5-correction-amd-9950x3d,run-2,2,base64-ng,encode,standard,padded,2,4,2097152,18955354,211.022173,scalar,avx512-vbmi,avx512-vbmi,x86_64,linux,0
1,commit-5-correction-amd-9950x3d,run-2,3,base64-ng,encode,standard,padded,2,4,2097152,19230191,208.006254,scalar,avx512-vbmi,avx512-vbmi,x86_64,linux,0
1,commit-5-correction-amd-9950x3d,run-2,4,base64-ng,encode,standard,padded,2,4,2097152,18972556,210.830844,scalar,avx512-vbmi,avx512-vbmi,x86_64,linux,0
1,commit-5-correction-amd-9950x3d,run-2,0,base64-ng,decode,standard,padded,2,4,2097152,24722249,161.797578,scalar,avx512-vbmi,avx512-vbmi,x86_64,linux,0
1,commit-5-correction-amd-9950x3d,run-2,1,base64-ng,decode,standard,padded,2,4,2097152,24142188,165.685065,scalar,avx512-vbmi,avx512-vbmi,x86_64,linux,0
1,commit-5-correction-amd-9950x3d,run-2,2,base64-ng,decode,standard,padded,2,4,2097152,24367232,164.154878,scalar,avx512-vbmi,avx512-vbmi,x86_64,linux,0
1,commit-5-correction-amd-9950x3d,run-2,3,base64-ng,decode,standard,padded,2,4,2097152,24387059,164.021418,scalar,avx512-vbmi,avx512-vbmi,x86_64,linux,0
1,commit-5-correction-amd-9950x3d,run-2,4,base64-ng,decode,standard,padded,2,4,2097152,24579821,162.735115,scalar,avx512-vbmi,avx512-vbmi,x86_64,linux,0
1,commit-5-correction-amd-9950x3d,run-2,0,base64-ng,encode,standard,padded,2,4,2097152,22503723,177.748366,ssse3-sse4.1,avx512-vbmi,avx512-vbmi,x86_64,linux,0
1,commit-5-correction-amd-9950x3d,run-2,1,base64-ng,encode,standard,padded,2,4,2097152,22992784,173.967624,ssse3-sse4.1,avx512-vbmi,avx512-vbmi,x86_64,linux,0
1,commit-5-correction-amd-9950x3d,run-2,2,base64-ng,encode,standard,padded,2,4,2097152,22743445,175.874851,ssse3-sse4.1,avx512-vbmi,avx512-vbmi,x86_64,linux,0
1,commit-5-correction-amd-9950x3d,run-2,3,base64-ng,encode,standard,padded,2,4,2097152,22656080,176.553049,ssse3-sse4.1,avx512-vbmi,avx512-vbmi,x86_64,linux,0
1,commit-5-correction-amd-9950x3d,run-2,4,base64-ng,encode,standard,padded,2,4,2097152,22935356,174.403223,ssse3-sse4.1,avx512-vbmi,avx512-vbmi,x86_64,linux,0
1,commit-5-correction-amd-9950x3d,run-2,0,base64-ng,decode,standard,padded,2,4,2097152,28873765,138.534064,ssse3-sse4.1,avx512-vbmi,avx512-vbmi,x86_64,linux,0
1,commit-5-correction-amd-9950x3d,run-2,1,base64-ng,decode,standard,padded,2,4,2097152,28776923,139.000268,ssse3-sse4.1,avx512-vbmi,avx512-vbmi,x86_64,linux,0
1,commit-5-correction-amd-9950x3d,run-2,2,base64-ng,decode,standard,padded,2,4,2097152,28806548,138.857318,ssse3-sse4.1,avx512-vbmi,avx512-vbmi,x86_64,linux,0
1,commit-5-correction-amd-9950x3d,run-2,3,base64-ng,decode,standard,padded,2,4,2097152,28974354,138.053121,ssse3-sse4.1,avx512-vbmi,avx512-vbmi,x86_64,linux,0
1,commit-5-correction-amd-9950x3d,run-2,4,base64-ng,decode,standard,padded,2,4,2097152,29703267,134.665321,ssse3-sse4.1,avx512-vbmi,avx512-vbmi,x86_64,linux,0
1,commit-5-correction-amd-9950x3d,run-2,0,base64-ng,encode,standard,padded,2,4,2097152,27017120,148.054271,avx2,avx512-vbmi,avx512-vbmi,x86_64,linux,0
1,commit-5-correction-amd-9950x3d,run-2,1,base64-ng,encode,standard,padded,2,4,2097152,22852600,175.034788,avx2,avx512-vbmi,avx512-vbmi,x86_64,linux,0
1,commit-5-correction-amd-9950x3d,run-2,2,base64-ng,encode,standard,padded,2,4,2097152,22649238,176.606383,avx2,avx512-vbmi,avx512-vbmi,x86_64,linux,0
1,commit-5-correction-amd-9950x3d,run-2,3,base64-ng,encode,standard,padded,2,4,2097152,22728146,175.993238,avx2,avx512-vbmi,avx512-vbmi,x86_64,linux,0
1,commit-5-correction-amd-9950x3d,run-2,4,base64-ng,encode,standard,padded,2,4,2097152,24034886,166.424754,avx2,avx512-vbmi,avx512-vbmi,x86_64,linux,0
1,commit-5-correction-amd-9950x3d,run-2,0,base64-ng,decode,standard,padded,2,4,2097152,30180796,132.534609,avx2,avx512-vbmi,avx512-vbmi,x86_64,linux,0
1,commit-5-correction-amd-9950x3d,run-2,1,base64-ng,decode,standard,padded,2,4,2097152,30064697,133.046410,avx2,avx512-vbmi,avx512-vbmi,x86_64,linux,0
1,commit-5-correction-amd-9950x3d,run-2,2,base64-ng,decode,standard,padded,2,4,2097152,30009423,133.291466,avx2,avx512-vbmi,avx512-vbmi,x86_64,linux,0
1,commit-5-correction-amd-9950x3d,run-2,3,base64-ng,decode,standard,padded,2,4,2097152,29798566,134.234647,avx2,avx512-vbmi,avx512-vbmi,x86_64,linux,0
1,commit-5-correction-amd-9950x3d,run-2,4,base64-ng,decode,standard,padded,2,4,2097152,29737681,134.509480,avx2,avx512-vbmi,avx512-vbmi,x86_64,linux,0
1,commit-5-correction-amd-9950x3d,run-2,0,base64-ng,encode,standard,padded,2,4,2097152,23175558,172.595629,avx512-vbmi,avx512-vbmi,avx512-vbmi,x86_64,linux,0
1,commit-5-correction-amd-9950x3d,run-2,1,base64-ng,encode,standard,padded,2,4,2097152,23258064,171.983360,avx512-vbmi,avx512-vbmi,avx512-vbmi,x86_64,linux,0
1,commit-5-correction-amd-9950x3d,run-2,2,base64-ng,encode,standard,padded,2,4,2097152,23057947,173.475982,avx512-vbmi,avx512-vbmi,avx512-vbmi,x86_64,linux,0
1,commit-5-correction-amd-9950x3d,run-2,3,base64-ng,encode,standard,padded,2,4,2097152,22951226,174.282629,avx512-vbmi,avx512-vbmi,avx512-vbmi,x86_64,linux,0
1,commit-5-correction-amd-9950x3d,run-2,4,base64-ng,encode,standard,padded,2,4,2097152,22964009,174.185614,avx512-vbmi,avx512-vbmi,avx512-vbmi,x86_64,linux,0
1,commit-5-correction-amd-9950x3d,run-2,0,base64-ng,decode,standard,padded,2,4,2097152,32999792,121.212885,avx512-vbmi,avx512-vbmi,avx512-vbmi,x86_64,linux,0
1,commit-5-correction-amd-9950x3d,run-2,1,base64-ng,decode,standard,padded,2,4,2097152,32914091,121.528497,avx512-vbmi,avx512-vbmi,avx512-vbmi,x86_64,linux,0
1,commit-5-correction-amd-9950x3d,run-2,2,base64-ng,decode,standard,padded,2,4,2097152,33108297,120.815637,avx512-vbmi,avx512-vbmi,avx512-vbmi,x86_64,linux,0
1,commit-5-correction-amd-9950x3d,run-2,3,base64-ng,decode,standard,padded,2,4,2097152,33140778,120.697227,avx512-vbmi,avx512-vbmi,avx512-vbmi,x86_64,linux,0
1,commit-5-correction-amd-9950x3d,run-2,4,base64-ng,decode,standard,padded,2,4,2097152,32940120,121.432466,avx512-vbmi,avx512-vbmi,avx512-vbmi,x86_64,linux,0
1,commit-5-correction-amd-9950x3d,run-2,0,base64-0.23.0,encode,standard,padded,2,4,2097152,15696389,254.835682,external,avx512-vbmi,avx512-vbmi,x86_64,linux,0
1,commit-5-correction-amd-9950x3d,run-2,1,base64-0.23.0,encode,standard,padded,2,4,2097152,15285816,261.680502,external,avx512-vbmi,avx512-vbmi,x86_64,linux,0
1,commit-5-correction-amd-9950x3d,run-2,2,base64-0.23.0,encode,standard,padded,2,4,2097152,15198421,263.185235,external,avx512-vbmi,avx512-vbmi,x86_64,linux,0
1,commit-5-correction-amd-9950x3d,run-2,3,base64-0.23.0,encode,standard,padded,2,4,2097152,15407084,259.620834,external,avx512-vbmi,avx512-vbmi,x86_64,linux,0
1,commit-5-correction-amd-9950x3d,run-2,4,base64-0.23.0,encode,standard,padded,2,4,2097152,15254397,262.219477,external,avx512-vbmi,avx512-vbmi,x86_64,linux,0
1,commit-5-correction-amd-9950x3d,run-2,0,base64-0.23.0,decode,standard,padded,2,4,2097152,27742575,144.182723,external,avx512-vbmi,avx512-vbmi,x86_64,linux,0
1,commit-5-correction-amd-9950x3d,run-2,1,base64-0.23.0,decode,standard,padded,2,4,2097152,27752945,144.128848,external,avx512-vbmi,avx512-vbmi,x86_64,linux,0
1,commit-5-correction-amd-9950x3d,run-2,2,base64-0.23.0,decode,standard,padded,2,4,2097152,27612771,144.860507,external,avx512-vbmi,avx512-vbmi,x86_64,linux,0
1,commit-5-correction-amd-9950x3d,run-2,3,base64-0.23.0,decode,standard,padded,2,4,2097152,27609445,144.877958,external,avx512-vbmi,avx512-vbmi,x86_64,linux,0
1,commit-5-correction-amd-9950x3d,run-2,4,base64-0.23.0,decode,standard,padded,2,4,2097152,27801446,143.877408,external,avx512-vbmi,avx512-vbmi,x86_64,linux,0
1,commit-5-correction-amd-9950x3d,run-2,0,base64ct-1.8.3,encode,standard,padded,2,4,2097152,18153975,220.337419,external,avx512-vbmi,avx512-vbmi,x86_64,linux,0
1,commit-5-correction-amd-9950x3d,run-2,1,base64ct-1.8.3,encode,standard,padded,2,4,2097152,18104432,220.940375,external,avx512-vbmi,avx512-vbmi,x86_64,linux,0
1,commit-5-correction-amd-9950x3d,run-2,2,base64ct-1.8.3,encode,standard,padded,2,4,2097152,18078603,221.256034,external,avx512-vbmi,avx512-vbmi,x86_64,linux,0
1,commit-5-correction-amd-9950x3d,run-2,3,base64ct-1.8.3,encode,standard,padded,2,4,2097152,17861464,223.945809,external,avx512-vbmi,avx512-vbmi,x86_64,linux,0
1,commit-5-correction-amd-9950x3d,run-2,4,base64ct-1.8.3,encode,standard,padded,2,4,2097152,17887603,223.618559,external,avx512-vbmi,avx512-vbmi,x86_64,linux,0
1,commit-5-correction-amd-9950x3d,run-2,0,base64ct-1.8.3,decode,standard,padded,2,4,2097152,60308581,66.325553,external,avx512-vbmi,avx512-vbmi,x86_64,linux,0
1,commit-5-correction-amd-9950x3d,run-2,1,base64ct-1.8.3,decode,standard,padded,2,4,2097152,61088269,65.479020,external,avx512-vbmi,avx512-vbmi,x86_64,linux,0
1,commit-5-correction-amd-9950x3d,run-2,2,base64ct-1.8.3,decode,standard,padded,2,4,2097152,62867168,63.626216,external,avx512-vbmi,avx512-vbmi,x86_64,linux,0
1,commit-5-correction-amd-9950x3d,run-2,3,base64ct-1.8.3,decode,standard,padded,2,4,2097152,60747197,65.846660,external,avx512-vbmi,avx512-vbmi,x86_64,linux,0
1,commit-5-correction-amd-9950x3d,run-2,4,base64ct-1.8.3,decode,standard,padded,2,4,2097152,60545016,66.066545,external,avx512-vbmi,avx512-vbmi,x86_64,linux,0
1,commit-5-correction-amd-9950x3d,run-2,0,base64-ng,encode,standard,padded,3,4,1398101,19171691,208.640909,auto,avx512-vbmi,avx512-vbmi,x86_64,linux,0
1,commit-5-correction-amd-9950x3d,run-2,1,base64-ng,encode,standard,padded,3,4,1398101,19138017,209.008020,auto,avx512-vbmi,avx512-vbmi,x86_64,linux,0
1,commit-5-correction-amd-9950x3d,run-2,2,base64-ng,encode,standard,padded,3,4,1398101,19193111,208.408061,auto,avx512-vbmi,avx512-vbmi,x86_64,linux,0
1,commit-5-correction-amd-9950x3d,run-2,3,base64-ng,encode,standard,padded,3,4,1398101,19143388,208.949380,auto,avx512-vbmi,avx512-vbmi,x86_64,linux,0
1,commit-5-correction-amd-9950x3d,run-2,4,base64-ng,encode,standard,padded,3,4,1398101,19999348,200.006473,auto,avx512-vbmi,avx512-vbmi,x86_64,linux,0
1,commit-5-correction-amd-9950x3d,run-2,0,base64-ng,decode,standard,padded,3,4,1398101,26998996,148.153622,auto,avx512-vbmi,avx512-vbmi,x86_64,linux,0
1,commit-5-correction-amd-9950x3d,run-2,1,base64-ng,decode,standard,padded,3,4,1398101,26541725,150.706069,auto,avx512-vbmi,avx512-vbmi,x86_64,linux,0
1,commit-5-correction-amd-9950x3d,run-2,2,base64-ng,decode,standard,padded,3,4,1398101,26104011,153.233120,auto,avx512-vbmi,avx512-vbmi,x86_64,linux,0
1,commit-5-correction-amd-9950x3d,run-2,3,base64-ng,decode,standard,padded,3,4,1398101,26254254,152.356226,auto,avx512-vbmi,avx512-vbmi,x86_64,linux,0
1,commit-5-correction-amd-9950x3d,run-2,4,base64-ng,decode,standard,padded,3,4,1398101,25923101,154.302491,auto,avx512-vbmi,avx512-vbmi,x86_64,linux,0
1,commit-5-correction-amd-9950x3d,run-2,0,base64-ng,encode,standard,padded,3,4,1398101,19238386,207.917600,scalar,avx512-vbmi,avx512-vbmi,x86_64,linux,0
1,commit-5-correction-amd-9950x3d,run-2,1,base64-ng,encode,standard,padded,3,4,1398101,19041926,210.062735,scalar,avx512-vbmi,avx512-vbmi,x86_64,linux,0
1,commit-5-correction-amd-9950x3d,run-2,2,base64-ng,encode,standard,padded,3,4,1398101,19205655,208.271941,scalar,avx512-vbmi,avx512-vbmi,x86_64,linux,0
1,commit-5-correction-amd-9950x3d,run-2,3,base64-ng,encode,standard,padded,3,4,1398101,19531438,204.797980,scalar,avx512-vbmi,avx512-vbmi,x86_64,linux,0
1,commit-5-correction-amd-9950x3d,run-2,4,base64-ng,encode,standard,padded,3,4,1398101,19003454,210.488001,scalar,avx512-vbmi,avx512-vbmi,x86_64,linux,0
1,commit-5-correction-amd-9950x3d,run-2,0,base64-ng,decode,standard,padded,3,4,1398101,19289072,207.371254,scalar,avx512-vbmi,avx512-vbmi,x86_64,linux,0
1,commit-5-correction-amd-9950x3d,run-2,1,base64-ng,decode,standard,padded,3,4,1398101,19021578,210.287445,scalar,avx512-vbmi,avx512-vbmi,x86_64,linux,0
1,commit-5-correction-amd-9950x3d,run-2,2,base64-ng,decode,standard,padded,3,4,1398101,19385353,206.341306,scalar,avx512-vbmi,avx512-vbmi,x86_64,linux,0
1,commit-5-correction-amd-9950x3d,run-2,3,base64-ng,decode,standard,padded,3,4,1398101,19173044,208.626186,scalar,avx512-vbmi,avx512-vbmi,x86_64,linux,0
1,commit-5-correction-amd-9950x3d,run-2,4,base64-ng,decode,standard,padded,3,4,1398101,19396745,206.220118,scalar,avx512-vbmi,avx512-vbmi,x86_64,linux,0
1,commit-5-correction-amd-9950x3d,run-2,0,base64-ng,encode,standard,padded,3,4,1398101,21547523,185.636142,ssse3-sse4.1,avx512-vbmi,avx512-vbmi,x86_64,linux,0
1,commit-5-correction-amd-9950x3d,run-2,1,base64-ng,encode,standard,padded,3,4,1398101,21872164,182.880809,ssse3-sse4.1,avx512-vbmi,avx512-vbmi,x86_64,linux,0
1,commit-5-correction-amd-9950x3d,run-2,2,base64-ng,encode,standard,padded,3,4,1398101,22277297,179.554954,ssse3-sse4.1,avx512-vbmi,avx512-vbmi,x86_64,linux,0
1,commit-5-correction-amd-9950x3d,run-2,3,base64-ng,encode,standard,padded,3,4,1398101,21832219,183.215414,ssse3-sse4.1,avx512-vbmi,avx512-vbmi,x86_64,linux,0
1,commit-5-correction-amd-9950x3d,run-2,4,base64-ng,encode,standard,padded,3,4,1398101,21864640,182.943741,ssse3-sse4.1,avx512-vbmi,avx512-vbmi,x86_64,linux,0
1,commit-5-correction-amd-9950x3d,run-2,0,base64-ng,decode,standard,padded,3,4,1398101,21769601,183.742414,ssse3-sse4.1,avx512-vbmi,avx512-vbmi,x86_64,linux,0
1,commit-5-correction-amd-9950x3d,run-2,1,base64-ng,decode,standard,padded,3,4,1398101,22116474,180.860613,ssse3-sse4.1,avx512-vbmi,avx512-vbmi,x86_64,linux,0
1,commit-5-correction-amd-9950x3d,run-2,2,base64-ng,decode,standard,padded,3,4,1398101,22228405,179.949891,ssse3-sse4.1,avx512-vbmi,avx512-vbmi,x86_64,linux,0
1,commit-5-correction-amd-9950x3d,run-2,3,base64-ng,decode,standard,padded,3,4,1398101,22197497,180.200454,ssse3-sse4.1,avx512-vbmi,avx512-vbmi,x86_64,linux,0
1,commit-5-correction-amd-9950x3d,run-2,4,base64-ng,decode,standard,padded,3,4,1398101,21805468,183.440183,ssse3-sse4.1,avx512-vbmi,avx512-vbmi,x86_64,linux,0
1,commit-5-correction-amd-9950x3d,run-2,0,base64-ng,encode,standard,padded,3,4,1398101,21796482,183.515810,avx2,avx512-vbmi,avx512-vbmi,x86_64,linux,0
1,commit-5-correction-amd-9950x3d,run-2,1,base64-ng,encode,standard,padded,3,4,1398101,21468855,186.316366,avx2,avx512-vbmi,avx512-vbmi,x86_64,linux,0
1,commit-5-correction-amd-9950x3d,run-2,2,base64-ng,encode,standard,padded,3,4,1398101,22274081,179.580879,avx2,avx512-vbmi,avx512-vbmi,x86_64,linux,0
1,commit-5-correction-amd-9950x3d,run-2,3,base64-ng,encode,standard,padded,3,4,1398101,21496087,186.080334,avx2,avx512-vbmi,avx512-vbmi,x86_64,linux,0
1,commit-5-correction-amd-9950x3d,run-2,4,base64-ng,encode,standard,padded,3,4,1398101,21399414,186.920962,avx2,avx512-vbmi,avx512-vbmi,x86_64,linux,0
1,commit-5-correction-amd-9950x3d,run-2,0,base64-ng,decode,standard,padded,3,4,1398101,23154709,172.750996,avx2,avx512-vbmi,avx512-vbmi,x86_64,linux,0
1,commit-5-correction-amd-9950x3d,run-2,1,base64-ng,decode,standard,padded,3,4,1398101,23924538,167.192321,avx2,avx512-vbmi,avx512-vbmi,x86_64,linux,0
1,commit-5-correction-amd-9950x3d,run-2,2,base64-ng,decode,standard,padded,3,4,1398101,25149995,159.045719,avx2,avx512-vbmi,avx512-vbmi,x86_64,linux,0
1,commit-5-correction-amd-9950x3d,run-2,3,base64-ng,decode,standard,padded,3,4,1398101,26165847,152.870994,avx2,avx512-vbmi,avx512-vbmi,x86_64,linux,0
1,commit-5-correction-amd-9950x3d,run-2,4,base64-ng,decode,standard,padded,3,4,1398101,23416482,170.819812,avx2,avx512-vbmi,avx512-vbmi,x86_64,linux,0
1,commit-5-correction-amd-9950x3d,run-2,0,base64-ng,encode,standard,padded,3,4,1398101,21964028,182.115915,avx512-vbmi,avx512-vbmi,avx512-vbmi,x86_64,linux,0
1,commit-5-correction-amd-9950x3d,run-2,1,base64-ng,encode,standard,padded,3,4,1398101,21621042,185.004915,avx512-vbmi,avx512-vbmi,avx512-vbmi,x86_64,linux,0
1,commit-5-correction-amd-9950x3d,run-2,2,base64-ng,encode,standard,padded,3,4,1398101,21879789,182.817076,avx512-vbmi,avx512-vbmi,avx512-vbmi,x86_64,linux,0
1,commit-5-correction-amd-9950x3d,run-2,3,base64-ng,encode,standard,padded,3,4,1398101,21637072,184.867853,avx512-vbmi,avx512-vbmi,avx512-vbmi,x86_64,linux,0
1,commit-5-correction-amd-9950x3d,run-2,4,base64-ng,encode,standard,padded,3,4,1398101,21643905,184.809490,avx512-vbmi,avx512-vbmi,avx512-vbmi,x86_64,linux,0
1,commit-5-correction-amd-9950x3d,run-2,0,base64-ng,decode,standard,padded,3,4,1398101,25474516,157.019629,avx512-vbmi,avx512-vbmi,avx512-vbmi,x86_64,linux,0
1,commit-5-correction-amd-9950x3d,run-2,1,base64-ng,decode,standard,padded,3,4,1398101,25111973,159.286530,avx512-vbmi,avx512-vbmi,avx512-vbmi,x86_64,linux,0
1,commit-5-correction-amd-9950x3d,run-2,2,base64-ng,decode,standard,padded,3,4,1398101,24733742,161.722357,avx512-vbmi,avx512-vbmi,avx512-vbmi,x86_64,linux,0
1,commit-5-correction-amd-9950x3d,run-2,3,base64-ng,decode,standard,padded,3,4,1398101,25112995,159.280048,avx512-vbmi,avx512-vbmi,avx512-vbmi,x86_64,linux,0
1,commit-5-correction-amd-9950x3d,run-2,4,base64-ng,decode,standard,padded,3,4,1398101,24859038,160.907234,avx512-vbmi,avx512-vbmi,avx512-vbmi,x86_64,linux,0
1,commit-5-correction-amd-9950x3d,run-2,0,base64-0.23.0,encode,standard,padded,3,4,1398101,10355664,386.261957,external,avx512-vbmi,avx512-vbmi,x86_64,linux,0
1,commit-5-correction-amd-9950x3d,run-2,1,base64-0.23.0,encode,standard,padded,3,4,1398101,10723397,373.016036,external,avx512-vbmi,avx512-vbmi,x86_64,linux,0
1,commit-5-correction-amd-9950x3d,run-2,2,base64-0.23.0,encode,standard,padded,3,4,1398101,10392443,384.894971,external,avx512-vbmi,avx512-vbmi,x86_64,linux,0
1,commit-5-correction-amd-9950x3d,run-2,3,base64-0.23.0,encode,standard,padded,3,4,1398101,10385991,385.134076,external,avx512-vbmi,avx512-vbmi,x86_64,linux,0
1,commit-5-correction-amd-9950x3d,run-2,4,base64-0.23.0,encode,standard,padded,3,4,1398101,11246572,355.663846,external,avx512-vbmi,avx512-vbmi,x86_64,linux,0
1,commit-5-correction-amd-9950x3d,run-2,0,base64-0.23.0,decode,standard,padded,3,4,1398101,20857675,191.775883,external,avx512-vbmi,avx512-vbmi,x86_64,linux,0
1,commit-5-correction-amd-9950x3d,run-2,1,base64-0.23.0,decode,standard,padded,3,4,1398101,19621337,203.859658,external,avx512-vbmi,avx512-vbmi,x86_64,linux,0
1,commit-5-correction-amd-9950x3d,run-2,2,base64-0.23.0,decode,standard,padded,3,4,1398101,18837662,212.340525,external,avx512-vbmi,avx512-vbmi,x86_64,linux,0
1,commit-5-correction-amd-9950x3d,run-2,3,base64-0.23.0,decode,standard,padded,3,4,1398101,18894409,211.702787,external,avx512-vbmi,avx512-vbmi,x86_64,linux,0
1,commit-5-correction-amd-9950x3d,run-2,4,base64-0.23.0,decode,standard,padded,3,4,1398101,18830579,212.420396,external,avx512-vbmi,avx512-vbmi,x86_64,linux,0
1,commit-5-correction-amd-9950x3d,run-2,0,base64ct-1.8.3,encode,standard,padded,3,4,1398101,7362540,543.290637,external,avx512-vbmi,avx512-vbmi,x86_64,linux,0
1,commit-5-correction-amd-9950x3d,run-2,1,base64ct-1.8.3,encode,standard,padded,3,4,1398101,7220643,553.967153,external,avx512-vbmi,avx512-vbmi,x86_64,linux,0
1,commit-5-correction-amd-9950x3d,run-2,2,base64ct-1.8.3,encode,standard,padded,3,4,1398101,7616108,525.202511,external,avx512-vbmi,avx512-vbmi,x86_64,linux,0
1,commit-5-correction-amd-9950x3d,run-2,3,base64ct-1.8.3,encode,standard,padded,3,4,1398101,7196938,555.791789,external,avx512-vbmi,avx512-vbmi,x86_64,linux,0
1,commit-5-correction-amd-9950x3d,run-2,4,base64ct-1.8.3,encode,standard,padded,3,4,1398101,7220903,553.947207,external,avx512-vbmi,avx512-vbmi,x86_64,linux,0
1,commit-5-correction-amd-9950x3d,run-2,0,base64ct-1.8.3,decode,standard,padded,3,4,1398101,28540418,140.152083,external,avx512-vbmi,avx512-vbmi,x86_64,linux,0
1,commit-5-correction-amd-9950x3d,run-2,1,base64ct-1.8.3,decode,standard,padded,3,4,1398101,24060844,166.245168,external,avx512-vbmi,avx512-vbmi,x86_64,linux,0
1,commit-5-correction-amd-9950x3d,run-2,2,base64ct-1.8.3,decode,standard,padded,3,4,1398101,23887197,167.453680,external,avx512-vbmi,avx512-vbmi,x86_64,linux,0
1,commit-5-correction-amd-9950x3d,run-2,3,base64ct-1.8.3,decode,standard,padded,3,4,1398101,24172385,165.478046,external,avx512-vbmi,avx512-vbmi,x86_64,linux,0
1,commit-5-correction-amd-9950x3d,run-2,4,base64ct-1.8.3,decode,standard,padded,3,4,1398101,26256519,152.343083,external,avx512-vbmi,avx512-vbmi,x86_64,linux,0
1,commit-5-correction-amd-9950x3d,run-2,0,base64-ng,encode,standard,padded,11,16,381300,13881372,288.155680,auto,avx512-vbmi,avx512-vbmi,x86_64,linux,0
1,commit-5-correction-amd-9950x3d,run-2,1,base64-ng,encode,standard,padded,11,16,381300,13711812,291.719007,auto,avx512-vbmi,avx512-vbmi,x86_64,linux,0
1,commit-5-correction-amd-9950x3d,run-2,2,base64-ng,encode,standard,padded,11,16,381300,13653473,292.965474,auto,avx512-vbmi,avx512-vbmi,x86_64,linux,0
1,commit-5-correction-amd-9950x3d,run-2,3,base64-ng,encode,standard,padded,11,16,381300,13674843,292.507650,auto,avx512-vbmi,avx512-vbmi,x86_64,linux,0
1,commit-5-correction-amd-9950x3d,run-2,4,base64-ng,encode,standard,padded,11,16,381300,13653723,292.960110,auto,avx512-vbmi,avx512-vbmi,x86_64,linux,0
1,commit-5-correction-amd-9950x3d,run-2,0,base64-ng,decode,standard,padded,11,16,381300,68899023,58.055920,auto,avx512-vbmi,avx512-vbmi,x86_64,linux,0
1,commit-5-correction-amd-9950x3d,run-2,1,base64-ng,decode,standard,padded,11,16,381300,69013298,57.959789,auto,avx512-vbmi,avx512-vbmi,x86_64,linux,0
1,commit-5-correction-amd-9950x3d,run-2,2,base64-ng,decode,standard,padded,11,16,381300,69134306,57.858340,auto,avx512-vbmi,avx512-vbmi,x86_64,linux,0
1,commit-5-correction-amd-9950x3d,run-2,3,base64-ng,decode,standard,padded,11,16,381300,68643572,58.271970,auto,avx512-vbmi,avx512-vbmi,x86_64,linux,0
1,commit-5-correction-amd-9950x3d,run-2,4,base64-ng,decode,standard,padded,11,16,381300,70582592,56.671143,auto,avx512-vbmi,avx512-vbmi,x86_64,linux,0
1,commit-5-correction-amd-9950x3d,run-2,0,base64-ng,encode,standard,padded,11,16,381300,13723806,291.464058,scalar,avx512-vbmi,avx512-vbmi,x86_64,linux,0
1,commit-5-correction-amd-9950x3d,run-2,1,base64-ng,encode,standard,padded,11,16,381300,13809686,289.651494,scalar,avx512-vbmi,avx512-vbmi,x86_64,linux,0
1,commit-5-correction-amd-9950x3d,run-2,2,base64-ng,encode,standard,padded,11,16,381300,13817321,289.491442,scalar,avx512-vbmi,avx512-vbmi,x86_64,linux,0
1,commit-5-correction-amd-9950x3d,run-2,3,base64-ng,encode,standard,padded,11,16,381300,13790140,290.062043,scalar,avx512-vbmi,avx512-vbmi,x86_64,linux,0
1,commit-5-correction-amd-9950x3d,run-2,4,base64-ng,encode,standard,padded,11,16,381300,13820938,289.415681,scalar,avx512-vbmi,avx512-vbmi,x86_64,linux,0
1,commit-5-correction-amd-9950x3d,run-2,0,base64-ng,decode,standard,padded,11,16,381300,15445446,258.975764,scalar,avx512-vbmi,avx512-vbmi,x86_64,linux,0
1,commit-5-correction-amd-9950x3d,run-2,1,base64-ng,decode,standard,padded,11,16,381300,15425889,259.304095,scalar,avx512-vbmi,avx512-vbmi,x86_64,linux,0
1,commit-5-correction-amd-9950x3d,run-2,2,base64-ng,decode,standard,padded,11,16,381300,15385704,259.981356,scalar,avx512-vbmi,avx512-vbmi,x86_64,linux,0
1,commit-5-correction-amd-9950x3d,run-2,3,base64-ng,decode,standard,padded,11,16,381300,15438172,259.097786,scalar,avx512-vbmi,avx512-vbmi,x86_64,linux,0
1,commit-5-correction-amd-9950x3d,run-2,4,base64-ng,decode,standard,padded,11,16,381300,15574308,256.832996,scalar,avx512-vbmi,avx512-vbmi,x86_64,linux,0
1,commit-5-correction-amd-9950x3d,run-2,0,base64-ng,encode,standard,padded,11,16,381300,14427510,277.247854,ssse3-sse4.1,avx512-vbmi,avx512-vbmi,x86_64,linux,0
1,commit-5-correction-amd-9950x3d,run-2,1,base64-ng,encode,standard,padded,11,16,381300,14434934,277.105263,ssse3-sse4.1,avx512-vbmi,avx512-vbmi,x86_64,linux,0
1,commit-5-correction-amd-9950x3d,run-2,2,base64-ng,encode,standard,padded,11,16,381300,14341228,278.915877,ssse3-sse4.1,avx512-vbmi,avx512-vbmi,x86_64,linux,0
1,commit-5-correction-amd-9950x3d,run-2,3,base64-ng,encode,standard,padded,11,16,381300,14378638,278.190200,ssse3-sse4.1,avx512-vbmi,avx512-vbmi,x86_64,linux,0
1,commit-5-correction-amd-9950x3d,run-2,4,base64-ng,encode,standard,padded,11,16,381300,14346447,278.814412,ssse3-sse4.1,avx512-vbmi,avx512-vbmi,x86_64,linux,0
1,commit-5-correction-amd-9950x3d,run-2,0,base64-ng,decode,standard,padded,11,16,381300,68714385,58.211919,ssse3-sse4.1,avx512-vbmi,avx512-vbmi,x86_64,linux,0
1,commit-5-correction-amd-9950x3d,run-2,1,base64-ng,decode,standard,padded,11,16,381300,67194644,59.528497,ssse3-sse4.1,avx512-vbmi,avx512-vbmi,x86_64,linux,0
1,commit-5-correction-amd-9950x3d,run-2,2,base64-ng,decode,standard,padded,11,16,381300,68426513,58.456818,ssse3-sse4.1,avx512-vbmi,avx512-vbmi,x86_64,linux,0
1,commit-5-correction-amd-9950x3d,run-2,3,base64-ng,decode,standard,padded,11,16,381300,68951772,58.011507,ssse3-sse4.1,avx512-vbmi,avx512-vbmi,x86_64,linux,0
1,commit-5-correction-amd-9950x3d,run-2,4,base64-ng,decode,standard,padded,11,16,381300,68434318,58.450150,ssse3-sse4.1,avx512-vbmi,avx512-vbmi,x86_64,linux,0
1,commit-5-correction-amd-9950x3d,run-2,0,base64-ng,encode,standard,padded,11,16,381300,14542847,275.049045,avx2,avx512-vbmi,avx512-vbmi,x86_64,linux,0
1,commit-5-correction-amd-9950x3d,run-2,1,base64-ng,encode,standard,padded,11,16,381300,14524192,275.402321,avx2,avx512-vbmi,avx512-vbmi,x86_64,linux,0
1,commit-5-correction-amd-9950x3d,run-2,2,base64-ng,encode,standard,padded,11,16,381300,14392995,277.912706,avx2,avx512-vbmi,avx512-vbmi,x86_64,linux,0
1,commit-5-correction-amd-9950x3d,run-2,3,base64-ng,encode,standard,padded,11,16,381300,14326600,279.200661,avx2,avx512-vbmi,avx512-vbmi,x86_64,linux,0
1,commit-5-correction-amd-9950x3d,run-2,4,base64-ng,encode,standard,padded,11,16,381300,14455112,276.718450,avx2,avx512-vbmi,avx512-vbmi,x86_64,linux,0
1,commit-5-correction-amd-9950x3d,run-2,0,base64-ng,decode,standard,padded,11,16,381300,68095239,58.741202,avx2,avx512-vbmi,avx512-vbmi,x86_64,linux,0
1,commit-5-correction-amd-9950x3d,run-2,1,base64-ng,decode,standard,padded,11,16,381300,67856991,58.947444,avx2,avx512-vbmi,avx512-vbmi,x86_64,linux,0
1,commit-5-correction-amd-9950x3d,run-2,2,base64-ng,decode,standard,padded,11,16,381300,67572496,59.195626,avx2,avx512-vbmi,avx512-vbmi,x86_64,linux,0
1,commit-5-correction-amd-9950x3d,run-2,3,base64-ng,decode,standard,padded,11,16,381300,67676872,59.104330,avx2,avx512-vbmi,avx512-vbmi,x86_64,linux,0
1,commit-5-correction-amd-9950x3d,run-2,4,base64-ng,decode,standard,padded,11,16,381300,67780367,59.014083,avx2,avx512-vbmi,avx512-vbmi,x86_64,linux,0
1,commit-5-correction-amd-9950x3d,run-2,0,base64-ng,encode,standard,padded,11,16,381300,14369481,278.367478,avx512-vbmi,avx512-vbmi,avx512-vbmi,x86_64,linux,0
1,commit-5-correction-amd-9950x3d,run-2,1,base64-ng,encode,standard,padded,11,16,381300,14353761,278.672341,avx512-vbmi,avx512-vbmi,avx512-vbmi,x86_64,linux,0
1,commit-5-correction-amd-9950x3d,run-2,2,base64-ng,encode,standard,padded,11,16,381300,14383848,278.089437,avx512-vbmi,avx512-vbmi,avx512-vbmi,x86_64,linux,0
1,commit-5-correction-amd-9950x3d,run-2,3,base64-ng,encode,standard,padded,11,16,381300,14426017,277.276547,avx512-vbmi,avx512-vbmi,avx512-vbmi,x86_64,linux,0
1,commit-5-correction-amd-9950x3d,run-2,4,base64-ng,encode,standard,padded,11,16,381300,14372466,278.309664,avx512-vbmi,avx512-vbmi,avx512-vbmi,x86_64,linux,0
1,commit-5-correction-amd-9950x3d,run-2,0,base64-ng,decode,standard,padded,11,16,381300,68393151,58.485333,avx512-vbmi,avx512-vbmi,avx512-vbmi,x86_64,linux,0
1,commit-5-correction-amd-9950x3d,run-2,1,base64-ng,decode,standard,padded,11,16,381300,68385025,58.492282,avx512-vbmi,avx512-vbmi,avx512-vbmi,x86_64,linux,0
1,commit-5-correction-amd-9950x3d,run-2,2,base64-ng,decode,standard,padded,11,16,381300,68916686,58.041041,avx512-vbmi,avx512-vbmi,avx512-vbmi,x86_64,linux,0
1,commit-5-correction-amd-9950x3d,run-2,3,base64-ng,decode,standard,padded,11,16,381300,68061146,58.770626,avx512-vbmi,avx512-vbmi,avx512-vbmi,x86_64,linux,0
1,commit-5-correction-amd-9950x3d,run-2,4,base64-ng,decode,standard,padded,11,16,381300,67931190,58.883058,avx512-vbmi,avx512-vbmi,avx512-vbmi,x86_64,linux,0
1,commit-5-correction-amd-9950x3d,run-2,0,base64-0.23.0,encode,standard,padded,11,16,381300,3849096,1039.204059,external,avx512-vbmi,avx512-vbmi,x86_64,linux,0
1,commit-5-correction-amd-9950x3d,run-2,1,base64-0.23.0,encode,standard,padded,11,16,381300,3892537,1027.606465,external,avx512-vbmi,avx512-vbmi,x86_64,linux,0
1,commit-5-correction-amd-9950x3d,run-2,2,base64-0.23.0,encode,standard,padded,11,16,381300,3883240,1030.066693,external,avx512-vbmi,avx512-vbmi,x86_64,linux,0
1,commit-5-correction-amd-9950x3d,run-2,3,base64-0.23.0,encode,standard,padded,11,16,381300,3865076,1034.907512,external,avx512-vbmi,avx512-vbmi,x86_64,linux,0
1,commit-5-correction-amd-9950x3d,run-2,4,base64-0.23.0,encode,standard,padded,11,16,381300,3840049,1041.652381,external,avx512-vbmi,avx512-vbmi,x86_64,linux,0
1,commit-5-correction-amd-9950x3d,run-2,0,base64-0.23.0,decode,standard,padded,11,16,381300,6215471,643.554798,external,avx512-vbmi,avx512-vbmi,x86_64,linux,0
1,commit-5-correction-amd-9950x3d,run-2,1,base64-0.23.0,decode,standard,padded,11,16,381300,6218386,643.253118,external,avx512-vbmi,avx512-vbmi,x86_64,linux,0
1,commit-5-correction-amd-9950x3d,run-2,2,base64-0.23.0,decode,standard,padded,11,16,381300,6169805,648.318089,external,avx512-vbmi,avx512-vbmi,x86_64,linux,0
1,commit-5-correction-amd-9950x3d,run-2,3,base64-0.23.0,decode,standard,padded,11,16,381300,6199310,645.232483,external,avx512-vbmi,avx512-vbmi,x86_64,linux,0
1,commit-5-correction-amd-9950x3d,run-2,4,base64-0.23.0,decode,standard,padded,11,16,381300,6211222,643.995044,external,avx512-vbmi,avx512-vbmi,x86_64,linux,0
1,commit-5-correction-amd-9950x3d,run-2,0,base64ct-1.8.3,encode,standard,padded,11,16,381300,4716409,848.102059,external,avx512-vbmi,avx512-vbmi,x86_64,linux,0
1,commit-5-correction-amd-9950x3d,run-2,1,base64ct-1.8.3,encode,standard,padded,11,16,381300,4713533,848.619536,external,avx512-vbmi,avx512-vbmi,x86_64,linux,0
1,commit-5-correction-amd-9950x3d,run-2,2,base64ct-1.8.3,encode,standard,padded,11,16,381300,4717962,847.822892,external,avx512-vbmi,avx512-vbmi,x86_64,linux,0
1,commit-5-correction-amd-9950x3d,run-2,3,base64ct-1.8.3,encode,standard,padded,11,16,381300,4743499,843.258570,external,avx512-vbmi,avx512-vbmi,x86_64,linux,0
1,commit-5-correction-amd-9950x3d,run-2,4,base64ct-1.8.3,encode,standard,padded,11,16,381300,4707472,849.712157,external,avx512-vbmi,avx512-vbmi,x86_64,linux,0
1,commit-5-correction-amd-9950x3d,run-2,0,base64ct-1.8.3,decode,standard,padded,11,16,381300,14439402,277.019518,external,avx512-vbmi,avx512-vbmi,x86_64,linux,0
1,commit-5-correction-amd-9950x3d,run-2,1,base64ct-1.8.3,decode,standard,padded,11,16,381300,14425125,277.293693,external,avx512-vbmi,avx512-vbmi,x86_64,linux,0
1,commit-5-correction-amd-9950x3d,run-2,2,base64ct-1.8.3,decode,standard,padded,11,16,381300,14438570,277.035481,external,avx512-vbmi,avx512-vbmi,x86_64,linux,0
1,commit-5-correction-amd-9950x3d,run-2,3,base64ct-1.8.3,decode,standard,padded,11,16,381300,14401311,277.752226,external,avx512-vbmi,avx512-vbmi,x86_64,linux,0
1,commit-5-correction-amd-9950x3d,run-2,4,base64ct-1.8.3,decode,standard,padded,11,16,381300,14474068,276.356045,external,avx512-vbmi,avx512-vbmi,x86_64,linux,0
1,commit-5-correction-amd-9950x3d,run-2,0,base64-ng,encode,standard,padded,12,16,349525,13847307,288.864556,auto,avx512-vbmi,avx512-vbmi,x86_64,linux,0
1,commit-5-correction-amd-9950x3d,run-2,1,base64-ng,encode,standard,padded,12,16,349525,13840254,289.011761,auto,avx512-vbmi,avx512-vbmi,x86_64,linux,0
1,commit-5-correction-amd-9950x3d,run-2,2,base64-ng,encode,standard,padded,12,16,349525,13855032,288.703497,auto,avx512-vbmi,avx512-vbmi,x86_64,linux,0
1,commit-5-correction-amd-9950x3d,run-2,3,base64-ng,encode,standard,padded,12,16,349525,13791101,290.041831,auto,avx512-vbmi,avx512-vbmi,x86_64,linux,0
1,commit-5-correction-amd-9950x3d,run-2,4,base64-ng,encode,standard,padded,12,16,349525,13790100,290.062885,auto,avx512-vbmi,avx512-vbmi,x86_64,linux,0
1,commit-5-correction-amd-9950x3d,run-2,0,base64-ng,decode,standard,padded,12,16,349525,62480059,64.020365,auto,avx512-vbmi,avx512-vbmi,x86_64,linux,0
1,commit-5-correction-amd-9950x3d,run-2,1,base64-ng,decode,standard,padded,12,16,349525,62350295,64.153605,auto,avx512-vbmi,avx512-vbmi,x86_64,linux,0
1,commit-5-correction-amd-9950x3d,run-2,2,base64-ng,decode,standard,padded,12,16,349525,62623790,63.873429,auto,avx512-vbmi,avx512-vbmi,x86_64,linux,0
1,commit-5-correction-amd-9950x3d,run-2,3,base64-ng,decode,standard,padded,12,16,349525,62466975,64.033774,auto,avx512-vbmi,avx512-vbmi,x86_64,linux,0
1,commit-5-correction-amd-9950x3d,run-2,4,base64-ng,decode,standard,padded,12,16,349525,62275373,64.230786,auto,avx512-vbmi,avx512-vbmi,x86_64,linux,0
1,commit-5-correction-amd-9950x3d,run-2,0,base64-ng,encode,standard,padded,12,16,349525,13415525,298.161733,scalar,avx512-vbmi,avx512-vbmi,x86_64,linux,0
1,commit-5-correction-amd-9950x3d,run-2,1,base64-ng,encode,standard,padded,12,16,349525,13455159,297.283457,scalar,avx512-vbmi,avx512-vbmi,x86_64,linux,0
1,commit-5-correction-amd-9950x3d,run-2,2,base64-ng,encode,standard,padded,12,16,349525,13589372,294.347390,scalar,avx512-vbmi,avx512-vbmi,x86_64,linux,0
1,commit-5-correction-amd-9950x3d,run-2,3,base64-ng,encode,standard,padded,12,16,349525,13632764,293.410506,scalar,avx512-vbmi,avx512-vbmi,x86_64,linux,0
1,commit-5-correction-amd-9950x3d,run-2,4,base64-ng,encode,standard,padded,12,16,349525,13619258,293.701477,scalar,avx512-vbmi,avx512-vbmi,x86_64,linux,0
1,commit-5-correction-amd-9950x3d,run-2,0,base64-ng,decode,standard,padded,12,16,349525,14816091,269.976486,scalar,avx512-vbmi,avx512-vbmi,x86_64,linux,0
1,commit-5-correction-amd-9950x3d,run-2,1,base64-ng,decode,standard,padded,12,16,349525,14692739,272.243057,scalar,avx512-vbmi,avx512-vbmi,x86_64,linux,0
1,commit-5-correction-amd-9950x3d,run-2,2,base64-ng,decode,standard,padded,12,16,349525,14632967,273.355102,scalar,avx512-vbmi,avx512-vbmi,x86_64,linux,0
1,commit-5-correction-amd-9950x3d,run-2,3,base64-ng,decode,standard,padded,12,16,349525,14686186,272.364533,scalar,avx512-vbmi,avx512-vbmi,x86_64,linux,0
1,commit-5-correction-amd-9950x3d,run-2,4,base64-ng,decode,standard,padded,12,16,349525,14900080,268.454678,scalar,avx512-vbmi,avx512-vbmi,x86_64,linux,0
1,commit-5-correction-amd-9950x3d,run-2,0,base64-ng,encode,standard,padded,12,16,349525,19564630,204.450388,ssse3-sse4.1,avx512-vbmi,avx512-vbmi,x86_64,linux,0
1,commit-5-correction-amd-9950x3d,run-2,1,base64-ng,encode,standard,padded,12,16,349525,19605298,204.026288,ssse3-sse4.1,avx512-vbmi,avx512-vbmi,x86_64,linux,0
1,commit-5-correction-amd-9950x3d,run-2,2,base64-ng,encode,standard,padded,12,16,349525,19590028,204.185323,ssse3-sse4.1,avx512-vbmi,avx512-vbmi,x86_64,linux,0
1,commit-5-correction-amd-9950x3d,run-2,3,base64-ng,encode,standard,padded,12,16,349525,19599586,204.085749,ssse3-sse4.1,avx512-vbmi,avx512-vbmi,x86_64,linux,0
1,commit-5-correction-amd-9950x3d,run-2,4,base64-ng,encode,standard,padded,12,16,349525,20641849,193.780905,ssse3-sse4.1,avx512-vbmi,avx512-vbmi,x86_64,linux,0
1,commit-5-correction-amd-9950x3d,run-2,0,base64-ng,decode,standard,padded,12,16,349525,62805622,63.688505,ssse3-sse4.1,avx512-vbmi,avx512-vbmi,x86_64,linux,0
1,commit-5-correction-amd-9950x3d,run-2,1,base64-ng,decode,standard,padded,12,16,349525,61596376,64.938823,ssse3-sse4.1,avx512-vbmi,avx512-vbmi,x86_64,linux,0
1,commit-5-correction-amd-9950x3d,run-2,2,base64-ng,decode,standard,padded,12,16,349525,61828512,64.695010,ssse3-sse4.1,avx512-vbmi,avx512-vbmi,x86_64,linux,0
1,commit-5-correction-amd-9950x3d,run-2,3,base64-ng,decode,standard,padded,12,16,349525,61661468,64.870272,ssse3-sse4.1,avx512-vbmi,avx512-vbmi,x86_64,linux,0
1,commit-5-correction-amd-9950x3d,run-2,4,base64-ng,decode,standard,padded,12,16,349525,61866544,64.655239,ssse3-sse4.1,avx512-vbmi,avx512-vbmi,x86_64,linux,0
1,commit-5-correction-amd-9950x3d,run-2,0,base64-ng,encode,standard,padded,12,16,349525,14169785,282.290535,avx2,avx512-vbmi,avx512-vbmi,x86_64,linux,0
1,commit-5-correction-amd-9950x3d,run-2,1,base64-ng,encode,standard,padded,12,16,349525,14110994,283.466649,avx2,avx512-vbmi,avx512-vbmi,x86_64,linux,0
1,commit-5-correction-amd-9950x3d,run-2,2,base64-ng,encode,standard,padded,12,16,349525,13949369,286.751048,avx2,avx512-vbmi,avx512-vbmi,x86_64,linux,0
1,commit-5-correction-amd-9950x3d,run-2,3,base64-ng,encode,standard,padded,12,16,349525,13847018,288.870585,avx2,avx512-vbmi,avx512-vbmi,x86_64,linux,0
1,commit-5-correction-amd-9950x3d,run-2,4,base64-ng,encode,standard,padded,12,16,349525,13989876,285.920775,avx2,avx512-vbmi,avx512-vbmi,x86_64,linux,0
1,commit-5-correction-amd-9950x3d,run-2,0,base64-ng,decode,standard,padded,12,16,349525,62582662,63.915405,avx2,avx512-vbmi,avx512-vbmi,x86_64,linux,0
1,commit-5-correction-amd-9950x3d,run-2,1,base64-ng,decode,standard,padded,12,16,349525,61436474,65.107841,avx2,avx512-vbmi,avx512-vbmi,x86_64,linux,0
1,commit-5-correction-amd-9950x3d,run-2,2,base64-ng,decode,standard,padded,12,16,349525,61549978,64.987776,avx2,avx512-vbmi,avx512-vbmi,x86_64,linux,0
1,commit-5-correction-amd-9950x3d,run-2,3,base64-ng,decode,standard,padded,12,16,349525,61839173,64.683856,avx2,avx512-vbmi,avx512-vbmi,x86_64,linux,0
1,commit-5-correction-amd-9950x3d,run-2,4,base64-ng,decode,standard,padded,12,16,349525,62116114,64.395467,avx2,avx512-vbmi,avx512-vbmi,x86_64,linux,0
1,commit-5-correction-amd-9950x3d,run-2,0,base64-ng,encode,standard,padded,12,16,349525,14198088,281.727806,avx512-vbmi,avx512-vbmi,avx512-vbmi,x86_64,linux,0
1,commit-5-correction-amd-9950x3d,run-2,1,base64-ng,encode,standard,padded,12,16,349525,14243593,280.827751,avx512-vbmi,avx512-vbmi,avx512-vbmi,x86_64,linux,0
1,commit-5-correction-amd-9950x3d,run-2,2,base64-ng,encode,standard,padded,12,16,349525,14264332,280.419454,avx512-vbmi,avx512-vbmi,avx512-vbmi,x86_64,linux,0
1,commit-5-correction-amd-9950x3d,run-2,3,base64-ng,encode,standard,padded,12,16,349525,14254965,280.603718,avx512-vbmi,avx512-vbmi,avx512-vbmi,x86_64,linux,0
1,commit-5-correction-amd-9950x3d,run-2,4,base64-ng,encode,standard,padded,12,16,349525,14196375,281.761801,avx512-vbmi,avx512-vbmi,avx512-vbmi,x86_64,linux,0
1,commit-5-correction-amd-9950x3d,run-2,0,base64-ng,decode,standard,padded,12,16,349525,62867218,63.626105,avx512-vbmi,avx512-vbmi,avx512-vbmi,x86_64,linux,0
1,commit-5-correction-amd-9950x3d,run-2,1,base64-ng,decode,standard,padded,12,16,349525,62250577,64.256371,avx512-vbmi,avx512-vbmi,avx512-vbmi,x86_64,linux,0
1,commit-5-correction-amd-9950x3d,run-2,2,base64-ng,decode,standard,padded,12,16,349525,61954249,64.563710,avx512-vbmi,avx512-vbmi,avx512-vbmi,x86_64,linux,0
1,commit-5-correction-amd-9950x3d,run-2,3,base64-ng,decode,standard,padded,12,16,349525,66184182,60.437344,avx512-vbmi,avx512-vbmi,avx512-vbmi,x86_64,linux,0
1,commit-5-correction-amd-9950x3d,run-2,4,base64-ng,decode,standard,padded,12,16,349525,62217154,64.290890,avx512-vbmi,avx512-vbmi,avx512-vbmi,x86_64,linux,0
1,commit-5-correction-amd-9950x3d,run-2,0,base64-0.23.0,encode,standard,padded,12,16,349525,3472206,1152.004284,external,avx512-vbmi,avx512-vbmi,x86_64,linux,0
1,commit-5-correction-amd-9950x3d,run-2,1,base64-0.23.0,encode,standard,padded,12,16,349525,3512763,1138.703689,external,avx512-vbmi,avx512-vbmi,x86_64,linux,0
1,commit-5-correction-amd-9950x3d,run-2,2,base64-0.23.0,encode,standard,padded,12,16,349525,3476705,1150.513542,external,avx512-vbmi,avx512-vbmi,x86_64,linux,0
1,commit-5-correction-amd-9950x3d,run-2,3,base64-0.23.0,encode,standard,padded,12,16,349525,3456537,1157.226492,external,avx512-vbmi,avx512-vbmi,x86_64,linux,0
1,commit-5-correction-amd-9950x3d,run-2,4,base64-0.23.0,encode,standard,padded,12,16,349525,3471265,1152.316572,external,avx512-vbmi,avx512-vbmi,x86_64,linux,0
1,commit-5-correction-amd-9950x3d,run-2,0,base64-0.23.0,decode,standard,padded,12,16,349525,5672489,705.157152,external,avx512-vbmi,avx512-vbmi,x86_64,linux,0
1,commit-5-correction-amd-9950x3d,run-2,1,base64-0.23.0,decode,standard,padded,12,16,349525,5607877,713.281726,external,avx512-vbmi,avx512-vbmi,x86_64,linux,0
1,commit-5-correction-amd-9950x3d,run-2,2,base64-0.23.0,decode,standard,padded,12,16,349525,5625019,711.108031,external,avx512-vbmi,avx512-vbmi,x86_64,linux,0
1,commit-5-correction-amd-9950x3d,run-2,3,base64-0.23.0,decode,standard,padded,12,16,349525,5650097,707.951772,external,avx512-vbmi,avx512-vbmi,x86_64,linux,0
1,commit-5-correction-amd-9950x3d,run-2,4,base64-0.23.0,decode,standard,padded,12,16,349525,5657770,706.991657,external,avx512-vbmi,avx512-vbmi,x86_64,linux,0
1,commit-5-correction-amd-9950x3d,run-2,0,base64ct-1.8.3,encode,standard,padded,12,16,349525,3087142,1295.695561,external,avx512-vbmi,avx512-vbmi,x86_64,linux,0
1,commit-5-correction-amd-9950x3d,run-2,1,base64ct-1.8.3,encode,standard,padded,12,16,349525,3119172,1282.390386,external,avx512-vbmi,avx512-vbmi,x86_64,linux,0
1,commit-5-correction-amd-9950x3d,run-2,2,base64ct-1.8.3,encode,standard,padded,12,16,349525,3110416,1286.000389,external,avx512-vbmi,avx512-vbmi,x86_64,linux,0
1,commit-5-correction-amd-9950x3d,run-2,3,base64ct-1.8.3,encode,standard,padded,12,16,349525,3102630,1289.227586,external,avx512-vbmi,avx512-vbmi,x86_64,linux,0
1,commit-5-correction-amd-9950x3d,run-2,4,base64ct-1.8.3,encode,standard,padded,12,16,349525,3109934,1286.199702,external,avx512-vbmi,avx512-vbmi,x86_64,linux,0
1,commit-5-correction-amd-9950x3d,run-2,0,base64ct-1.8.3,decode,standard,padded,12,16,349525,9496587,421.203553,external,avx512-vbmi,avx512-vbmi,x86_64,linux,0
1,commit-5-correction-amd-9950x3d,run-2,1,base64ct-1.8.3,decode,standard,padded,12,16,349525,9520723,420.135759,external,avx512-vbmi,avx512-vbmi,x86_64,linux,0
1,commit-5-correction-amd-9950x3d,run-2,2,base64ct-1.8.3,decode,standard,padded,12,16,349525,9517116,420.294991,external,avx512-vbmi,avx512-vbmi,x86_64,linux,0
1,commit-5-correction-amd-9950x3d,run-2,3,base64ct-1.8.3,decode,standard,padded,12,16,349525,9524590,419.965183,external,avx512-vbmi,avx512-vbmi,x86_64,linux,0
1,commit-5-correction-amd-9950x3d,run-2,4,base64ct-1.8.3,decode,standard,padded,12,16,349525,9522216,420.069886,external,avx512-vbmi,avx512-vbmi,x86_64,linux,0
1,commit-5-correction-amd-9950x3d,run-2,0,base64-ng,encode,standard,padded,15,20,279620,13454639,297.294947,auto,avx512-vbmi,avx512-vbmi,x86_64,linux,0
1,commit-5-correction-amd-9950x3d,run-2,1,base64-ng,encode,standard,padded,15,20,279620,13408331,298.321707,auto,avx512-vbmi,avx512-vbmi,x86_64,linux,0
1,commit-5-correction-amd-9950x3d,run-2,2,base64-ng,encode,standard,padded,15,20,279620,13371753,299.137756,auto,avx512-vbmi,avx512-vbmi,x86_64,linux,0
1,commit-5-correction-amd-9950x3d,run-2,3,base64-ng,encode,standard,padded,15,20,279620,13434581,297.738812,auto,avx512-vbmi,avx512-vbmi,x86_64,linux,0
1,commit-5-correction-amd-9950x3d,run-2,4,base64-ng,encode,standard,padded,15,20,279620,13463916,297.090103,auto,avx512-vbmi,avx512-vbmi,x86_64,linux,0
1,commit-5-correction-amd-9950x3d,run-2,0,base64-ng,decode,standard,padded,15,20,279620,54518632,73.369343,auto,avx512-vbmi,avx512-vbmi,x86_64,linux,0
1,commit-5-correction-amd-9950x3d,run-2,1,base64-ng,decode,standard,padded,15,20,279620,54394148,73.537252,auto,avx512-vbmi,avx512-vbmi,x86_64,linux,0
1,commit-5-correction-amd-9950x3d,run-2,2,base64-ng,decode,standard,padded,15,20,279620,54201735,73.798305,auto,avx512-vbmi,avx512-vbmi,x86_64,linux,0
1,commit-5-correction-amd-9950x3d,run-2,3,base64-ng,decode,standard,padded,15,20,279620,53576889,74.658986,auto,avx512-vbmi,avx512-vbmi,x86_64,linux,0
1,commit-5-correction-amd-9950x3d,run-2,4,base64-ng,decode,standard,padded,15,20,279620,54004493,74.067841,auto,avx512-vbmi,avx512-vbmi,x86_64,linux,0
1,commit-5-correction-amd-9950x3d,run-2,0,base64-ng,encode,standard,padded,15,20,279620,13021313,307.188391,scalar,avx512-vbmi,avx512-vbmi,x86_64,linux,0
1,commit-5-correction-amd-9950x3d,run-2,1,base64-ng,encode,standard,padded,15,20,279620,13004311,307.590013,scalar,avx512-vbmi,avx512-vbmi,x86_64,linux,0
1,commit-5-correction-amd-9950x3d,run-2,2,base64-ng,encode,standard,padded,15,20,279620,12979955,308.167184,scalar,avx512-vbmi,avx512-vbmi,x86_64,linux,0
1,commit-5-correction-amd-9950x3d,run-2,3,base64-ng,encode,standard,padded,15,20,279620,12992569,307.867996,scalar,avx512-vbmi,avx512-vbmi,x86_64,linux,0
1,commit-5-correction-amd-9950x3d,run-2,4,base64-ng,encode,standard,padded,15,20,279620,13091425,305.543223,scalar,avx512-vbmi,avx512-vbmi,x86_64,linux,0
1,commit-5-correction-amd-9950x3d,run-2,0,base64-ng,decode,standard,padded,15,20,279620,14331088,279.113225,scalar,avx512-vbmi,avx512-vbmi,x86_64,linux,0
1,commit-5-correction-amd-9950x3d,run-2,1,base64-ng,decode,standard,padded,15,20,279620,14348401,278.776442,scalar,avx512-vbmi,avx512-vbmi,x86_64,linux,0
1,commit-5-correction-amd-9950x3d,run-2,2,base64-ng,decode,standard,padded,15,20,279620,14329746,279.139364,scalar,avx512-vbmi,avx512-vbmi,x86_64,linux,0
1,commit-5-correction-amd-9950x3d,run-2,3,base64-ng,decode,standard,padded,15,20,279620,14331890,279.097606,scalar,avx512-vbmi,avx512-vbmi,x86_64,linux,0
1,commit-5-correction-amd-9950x3d,run-2,4,base64-ng,decode,standard,padded,15,20,279620,14279210,280.127275,scalar,avx512-vbmi,avx512-vbmi,x86_64,linux,0
1,commit-5-correction-amd-9950x3d,run-2,0,base64-ng,encode,standard,padded,15,20,279620,18493635,216.290426,ssse3-sse4.1,avx512-vbmi,avx512-vbmi,x86_64,linux,0
1,commit-5-correction-amd-9950x3d,run-2,1,base64-ng,encode,standard,padded,15,20,279620,18446786,216.839735,ssse3-sse4.1,avx512-vbmi,avx512-vbmi,x86_64,linux,0
1,commit-5-correction-amd-9950x3d,run-2,2,base64-ng,encode,standard,padded,15,20,279620,18459430,216.691208,ssse3-sse4.1,avx512-vbmi,avx512-vbmi,x86_64,linux,0
1,commit-5-correction-amd-9950x3d,run-2,3,base64-ng,encode,standard,padded,15,20,279620,18477514,216.479132,ssse3-sse4.1,avx512-vbmi,avx512-vbmi,x86_64,linux,0
1,commit-5-correction-amd-9950x3d,run-2,4,base64-ng,encode,standard,padded,15,20,279620,18602118,215.029073,ssse3-sse4.1,avx512-vbmi,avx512-vbmi,x86_64,linux,0
1,commit-5-correction-amd-9950x3d,run-2,0,base64-ng,decode,standard,padded,15,20,279620,52692414,75.912183,ssse3-sse4.1,avx512-vbmi,avx512-vbmi,x86_64,linux,0
1,commit-5-correction-amd-9950x3d,run-2,1,base64-ng,decode,standard,padded,15,20,279620,53259821,75.103448,ssse3-sse4.1,avx512-vbmi,avx512-vbmi,x86_64,linux,0
1,commit-5-correction-amd-9950x3d,run-2,2,base64-ng,decode,standard,padded,15,20,279620,52959657,75.529118,ssse3-sse4.1,avx512-vbmi,avx512-vbmi,x86_64,linux,0
1,commit-5-correction-amd-9950x3d,run-2,3,base64-ng,decode,standard,padded,15,20,279620,56274106,71.080582,ssse3-sse4.1,avx512-vbmi,avx512-vbmi,x86_64,linux,0
1,commit-5-correction-amd-9950x3d,run-2,4,base64-ng,decode,standard,padded,15,20,279620,52058400,76.836710,ssse3-sse4.1,avx512-vbmi,avx512-vbmi,x86_64,linux,0
1,commit-5-correction-amd-9950x3d,run-2,0,base64-ng,encode,standard,padded,15,20,279620,13507558,296.130225,avx2,avx512-vbmi,avx512-vbmi,x86_64,linux,0
1,commit-5-correction-amd-9950x3d,run-2,1,base64-ng,encode,standard,padded,15,20,279620,13567802,294.815342,avx2,avx512-vbmi,avx512-vbmi,x86_64,linux,0
1,commit-5-correction-amd-9950x3d,run-2,2,base64-ng,encode,standard,padded,15,20,279620,13556140,295.068964,avx2,avx512-vbmi,avx512-vbmi,x86_64,linux,0
1,commit-5-correction-amd-9950x3d,run-2,3,base64-ng,encode,standard,padded,15,20,279620,13573241,294.697205,avx2,avx512-vbmi,avx512-vbmi,x86_64,linux,0
1,commit-5-correction-amd-9950x3d,run-2,4,base64-ng,encode,standard,padded,15,20,279620,13482592,296.678575,avx2,avx512-vbmi,avx512-vbmi,x86_64,linux,0
1,commit-5-correction-amd-9950x3d,run-2,0,base64-ng,decode,standard,padded,15,20,279620,52137399,76.720286,avx2,avx512-vbmi,avx512-vbmi,x86_64,linux,0
1,commit-5-correction-amd-9950x3d,run-2,1,base64-ng,decode,standard,padded,15,20,279620,52591233,76.058232,avx2,avx512-vbmi,avx512-vbmi,x86_64,linux,0
1,commit-5-correction-amd-9950x3d,run-2,2,base64-ng,decode,standard,padded,15,20,279620,54610074,73.246489,avx2,avx512-vbmi,avx512-vbmi,x86_64,linux,0
1,commit-5-correction-amd-9950x3d,run-2,3,base64-ng,decode,standard,padded,15,20,279620,54069707,73.978507,avx2,avx512-vbmi,avx512-vbmi,x86_64,linux,0
1,commit-5-correction-amd-9950x3d,run-2,4,base64-ng,decode,standard,padded,15,20,279620,53982733,74.097697,avx2,avx512-vbmi,avx512-vbmi,x86_64,linux,0
1,commit-5-correction-amd-9950x3d,run-2,0,base64-ng,encode,standard,padded,15,20,279620,13371672,299.139568,avx512-vbmi,avx512-vbmi,avx512-vbmi,x86_64,linux,0
1,commit-5-correction-amd-9950x3d,run-2,1,base64-ng,encode,standard,padded,15,20,279620,13324453,300.199654,avx512-vbmi,avx512-vbmi,avx512-vbmi,x86_64,linux,0
1,commit-5-correction-amd-9950x3d,run-2,2,base64-ng,encode,standard,padded,15,20,279620,13491477,296.483193,avx512-vbmi,avx512-vbmi,avx512-vbmi,x86_64,linux,0
1,commit-5-correction-amd-9950x3d,run-2,3,base64-ng,encode,standard,padded,15,20,279620,13341796,299.809425,avx512-vbmi,avx512-vbmi,avx512-vbmi,x86_64,linux,0
1,commit-5-correction-amd-9950x3d,run-2,4,base64-ng,encode,standard,padded,15,20,279620,13339191,299.867974,avx512-vbmi,avx512-vbmi,avx512-vbmi,x86_64,linux,0
1,commit-5-correction-amd-9950x3d,run-2,0,base64-ng,decode,standard,padded,15,20,279620,52226807,76.588948,avx512-vbmi,avx512-vbmi,avx512-vbmi,x86_64,linux,0
1,commit-5-correction-amd-9950x3d,run-2,1,base64-ng,decode,standard,padded,15,20,279620,53433378,74.859504,avx512-vbmi,avx512-vbmi,avx512-vbmi,x86_64,linux,0
1,commit-5-correction-amd-9950x3d,run-2,2,base64-ng,decode,standard,padded,15,20,279620,53545720,74.702445,avx512-vbmi,avx512-vbmi,avx512-vbmi,x86_64,linux,0
1,commit-5-correction-amd-9950x3d,run-2,3,base64-ng,decode,standard,padded,15,20,279620,52111080,76.759034,avx512-vbmi,avx512-vbmi,avx512-vbmi,x86_64,linux,0
1,commit-5-correction-amd-9950x3d,run-2,4,base64-ng,decode,standard,padded,15,20,279620,51712849,77.350141,avx512-vbmi,avx512-vbmi,avx512-vbmi,x86_64,linux,0
1,commit-5-correction-amd-9950x3d,run-2,0,base64-0.23.0,encode,standard,padded,15,20,279620,2915669,1371.896531,external,avx512-vbmi,avx512-vbmi,x86_64,linux,0
1,commit-5-correction-amd-9950x3d,run-2,1,base64-0.23.0,encode,standard,padded,15,20,279620,3177181,1258.976491,external,avx512-vbmi,avx512-vbmi,x86_64,linux,0
1,commit-5-correction-amd-9950x3d,run-2,2,base64-0.23.0,encode,standard,padded,15,20,279620,3705696,1079.418329,external,avx512-vbmi,avx512-vbmi,x86_64,linux,0
1,commit-5-correction-amd-9950x3d,run-2,3,base64-0.23.0,encode,standard,padded,15,20,279620,3062155,1306.268358,external,avx512-vbmi,avx512-vbmi,x86_64,linux,0
1,commit-5-correction-amd-9950x3d,run-2,4,base64-0.23.0,encode,standard,padded,15,20,279620,2944132,1358.633439,external,avx512-vbmi,avx512-vbmi,x86_64,linux,0
1,commit-5-correction-amd-9950x3d,run-2,0,base64-0.23.0,decode,standard,padded,15,20,279620,4721529,847.182382,external,avx512-vbmi,avx512-vbmi,x86_64,linux,0
1,commit-5-correction-amd-9950x3d,run-2,1,base64-0.23.0,decode,standard,padded,15,20,279620,4738050,844.228361,external,avx512-vbmi,avx512-vbmi,x86_64,linux,0
1,commit-5-correction-amd-9950x3d,run-2,2,base64-0.23.0,decode,standard,padded,15,20,279620,4731517,845.394022,external,avx512-vbmi,avx512-vbmi,x86_64,linux,0
1,commit-5-correction-amd-9950x3d,run-2,3,base64-0.23.0,decode,standard,padded,15,20,279620,4747918,842.473730,external,avx512-vbmi,avx512-vbmi,x86_64,linux,0
1,commit-5-correction-amd-9950x3d,run-2,4,base64-0.23.0,decode,standard,padded,15,20,279620,4733631,845.016476,external,avx512-vbmi,avx512-vbmi,x86_64,linux,0
1,commit-5-correction-amd-9950x3d,run-2,0,base64ct-1.8.3,encode,standard,padded,15,20,279620,2828745,1414.053294,external,avx512-vbmi,avx512-vbmi,x86_64,linux,0
1,commit-5-correction-amd-9950x3d,run-2,1,base64ct-1.8.3,encode,standard,padded,15,20,279620,2805311,1425.865505,external,avx512-vbmi,avx512-vbmi,x86_64,linux,0
1,commit-5-correction-amd-9950x3d,run-2,2,base64ct-1.8.3,encode,standard,padded,15,20,279620,2826651,1415.100833,external,avx512-vbmi,avx512-vbmi,x86_64,linux,0
1,commit-5-correction-amd-9950x3d,run-2,3,base64ct-1.8.3,encode,standard,padded,15,20,279620,2833514,1411.673345,external,avx512-vbmi,avx512-vbmi,x86_64,linux,0
1,commit-5-correction-amd-9950x3d,run-2,4,base64ct-1.8.3,encode,standard,padded,15,20,279620,2839105,1408.893361,external,avx512-vbmi,avx512-vbmi,x86_64,linux,0
1,commit-5-correction-amd-9950x3d,run-2,0,base64ct-1.8.3,decode,standard,padded,15,20,279620,8385987,476.985736,external,avx512-vbmi,avx512-vbmi,x86_64,linux,0
1,commit-5-correction-amd-9950x3d,run-2,1,base64ct-1.8.3,decode,standard,padded,15,20,279620,8299514,481.955472,external,avx512-vbmi,avx512-vbmi,x86_64,linux,0
1,commit-5-correction-amd-9950x3d,run-2,2,base64ct-1.8.3,decode,standard,padded,15,20,279620,8325873,480.429642,external,avx512-vbmi,avx512-vbmi,x86_64,linux,0
1,commit-5-correction-amd-9950x3d,run-2,3,base64ct-1.8.3,decode,standard,padded,15,20,279620,8204476,487.538288,external,avx512-vbmi,avx512-vbmi,x86_64,linux,0
1,commit-5-correction-amd-9950x3d,run-2,4,base64ct-1.8.3,decode,standard,padded,15,20,279620,8208543,487.296733,external,avx512-vbmi,avx512-vbmi,x86_64,linux,0
1,commit-5-correction-amd-9950x3d,run-2,0,base64-ng,encode,standard,padded,16,24,262144,12818070,312.059460,auto,avx512-vbmi,avx512-vbmi,x86_64,linux,0
1,commit-5-correction-amd-9950x3d,run-2,1,base64-ng,encode,standard,padded,16,24,262144,12675442,315.570850,auto,avx512-vbmi,avx512-vbmi,x86_64,linux,0
1,commit-5-correction-amd-9950x3d,run-2,2,base64-ng,encode,standard,padded,16,24,262144,12669099,315.728845,auto,avx512-vbmi,avx512-vbmi,x86_64,linux,0
1,commit-5-correction-amd-9950x3d,run-2,3,base64-ng,encode,standard,padded,16,24,262144,12703284,314.879208,auto,avx512-vbmi,avx512-vbmi,x86_64,linux,0
1,commit-5-correction-amd-9950x3d,run-2,4,base64-ng,encode,standard,padded,16,24,262144,12624425,316.846114,auto,avx512-vbmi,avx512-vbmi,x86_64,linux,0
1,commit-5-correction-amd-9950x3d,run-2,0,base64-ng,decode,standard,padded,16,24,262144,49619258,80.613862,auto,avx512-vbmi,avx512-vbmi,x86_64,linux,0
1,commit-5-correction-amd-9950x3d,run-2,1,base64-ng,decode,standard,padded,16,24,262144,50632977,78.999898,auto,avx512-vbmi,avx512-vbmi,x86_64,linux,0
1,commit-5-correction-amd-9950x3d,run-2,2,base64-ng,decode,standard,padded,16,24,262144,49951845,80.077122,auto,avx512-vbmi,avx512-vbmi,x86_64,linux,0
1,commit-5-correction-amd-9950x3d,run-2,3,base64-ng,decode,standard,padded,16,24,262144,49934862,80.104357,auto,avx512-vbmi,avx512-vbmi,x86_64,linux,0
1,commit-5-correction-amd-9950x3d,run-2,4,base64-ng,decode,standard,padded,16,24,262144,49522096,80.772025,auto,avx512-vbmi,avx512-vbmi,x86_64,linux,0
1,commit-5-correction-amd-9950x3d,run-2,0,base64-ng,encode,standard,padded,16,24,262144,12397338,322.649911,scalar,avx512-vbmi,avx512-vbmi,x86_64,linux,0
1,commit-5-correction-amd-9950x3d,run-2,1,base64-ng,encode,standard,padded,16,24,262144,12427394,321.869573,scalar,avx512-vbmi,avx512-vbmi,x86_64,linux,0
1,commit-5-correction-amd-9950x3d,run-2,2,base64-ng,encode,standard,padded,16,24,262144,12601001,317.435099,scalar,avx512-vbmi,avx512-vbmi,x86_64,linux,0
1,commit-5-correction-amd-9950x3d,run-2,3,base64-ng,encode,standard,padded,16,24,262144,12487417,320.322449,scalar,avx512-vbmi,avx512-vbmi,x86_64,linux,0
1,commit-5-correction-amd-9950x3d,run-2,4,base64-ng,encode,standard,padded,16,24,262144,12423157,321.979349,scalar,avx512-vbmi,avx512-vbmi,x86_64,linux,0
1,commit-5-correction-amd-9950x3d,run-2,0,base64-ng,decode,standard,padded,16,24,262144,14184322,282.001494,scalar,avx512-vbmi,avx512-vbmi,x86_64,linux,0
1,commit-5-correction-amd-9950x3d,run-2,1,base64-ng,decode,standard,padded,16,24,262144,15434716,259.156048,scalar,avx512-vbmi,avx512-vbmi,x86_64,linux,0
1,commit-5-correction-amd-9950x3d,run-2,2,base64-ng,decode,standard,padded,16,24,262144,15343394,260.698513,scalar,avx512-vbmi,avx512-vbmi,x86_64,linux,0
1,commit-5-correction-amd-9950x3d,run-2,3,base64-ng,decode,standard,padded,16,24,262144,14217986,281.333798,scalar,avx512-vbmi,avx512-vbmi,x86_64,linux,0
1,commit-5-correction-amd-9950x3d,run-2,4,base64-ng,decode,standard,padded,16,24,262144,14260675,280.491632,scalar,avx512-vbmi,avx512-vbmi,x86_64,linux,0
1,commit-5-correction-amd-9950x3d,run-2,0,base64-ng,encode,standard,padded,16,24,262144,16684989,239.736448,ssse3-sse4.1,avx512-vbmi,avx512-vbmi,x86_64,linux,0
1,commit-5-correction-amd-9950x3d,run-2,1,base64-ng,encode,standard,padded,16,24,262144,16657958,240.125470,ssse3-sse4.1,avx512-vbmi,avx512-vbmi,x86_64,linux,0
1,commit-5-correction-amd-9950x3d,run-2,2,base64-ng,encode,standard,padded,16,24,262144,17060626,234.457985,ssse3-sse4.1,avx512-vbmi,avx512-vbmi,x86_64,linux,0
1,commit-5-correction-amd-9950x3d,run-2,3,base64-ng,encode,standard,padded,16,24,262144,17149023,233.249439,ssse3-sse4.1,avx512-vbmi,avx512-vbmi,x86_64,linux,0
1,commit-5-correction-amd-9950x3d,run-2,4,base64-ng,encode,standard,padded,16,24,262144,17886281,223.635087,ssse3-sse4.1,avx512-vbmi,avx512-vbmi,x86_64,linux,0
1,commit-5-correction-amd-9950x3d,run-2,0,base64-ng,decode,standard,padded,16,24,262144,48997838,81.636255,ssse3-sse4.1,avx512-vbmi,avx512-vbmi,x86_64,linux,0
1,commit-5-correction-amd-9950x3d,run-2,1,base64-ng,decode,standard,padded,16,24,262144,48980336,81.665426,ssse3-sse4.1,avx512-vbmi,avx512-vbmi,x86_64,linux,0
1,commit-5-correction-amd-9950x3d,run-2,2,base64-ng,decode,standard,padded,16,24,262144,49632733,80.591975,ssse3-sse4.1,avx512-vbmi,avx512-vbmi,x86_64,linux,0
1,commit-5-correction-amd-9950x3d,run-2,3,base64-ng,decode,standard,padded,16,24,262144,50134919,79.784711,ssse3-sse4.1,avx512-vbmi,avx512-vbmi,x86_64,linux,0
1,commit-5-correction-amd-9950x3d,run-2,4,base64-ng,decode,standard,padded,16,24,262144,49387743,80.991755,ssse3-sse4.1,avx512-vbmi,avx512-vbmi,x86_64,linux,0
1,commit-5-correction-amd-9950x3d,run-2,0,base64-ng,encode,standard,padded,16,24,262144,14538037,275.140310,avx2,avx512-vbmi,avx512-vbmi,x86_64,linux,0
1,commit-5-correction-amd-9950x3d,run-2,1,base64-ng,encode,standard,padded,16,24,262144,12936333,309.206635,avx2,avx512-vbmi,avx512-vbmi,x86_64,linux,0
1,commit-5-correction-amd-9950x3d,run-2,2,base64-ng,encode,standard,padded,16,24,262144,14146851,282.748436,avx2,avx512-vbmi,avx512-vbmi,x86_64,linux,0
1,commit-5-correction-amd-9950x3d,run-2,3,base64-ng,encode,standard,padded,16,24,262144,13112184,305.059783,avx2,avx512-vbmi,avx512-vbmi,x86_64,linux,0
1,commit-5-correction-amd-9950x3d,run-2,4,base64-ng,encode,standard,padded,16,24,262144,12846935,311.358312,avx2,avx512-vbmi,avx512-vbmi,x86_64,linux,0
1,commit-5-correction-amd-9950x3d,run-2,0,base64-ng,decode,standard,padded,16,24,262144,49895077,80.168230,avx2,avx512-vbmi,avx512-vbmi,x86_64,linux,0
1,commit-5-correction-amd-9950x3d,run-2,1,base64-ng,decode,standard,padded,16,24,262144,49258008,81.205070,avx2,avx512-vbmi,avx512-vbmi,x86_64,linux,0
1,commit-5-correction-amd-9950x3d,run-2,2,base64-ng,decode,standard,padded,16,24,262144,51025536,78.392121,avx2,avx512-vbmi,avx512-vbmi,x86_64,linux,0
1,commit-5-correction-amd-9950x3d,run-2,3,base64-ng,decode,standard,padded,16,24,262144,50731893,78.845865,avx2,avx512-vbmi,avx512-vbmi,x86_64,linux,0
1,commit-5-correction-amd-9950x3d,run-2,4,base64-ng,decode,standard,padded,16,24,262144,50561683,79.111291,avx2,avx512-vbmi,avx512-vbmi,x86_64,linux,0
1,commit-5-correction-amd-9950x3d,run-2,0,base64-ng,encode,standard,padded,16,24,262144,13253790,301.800466,avx512-vbmi,avx512-vbmi,avx512-vbmi,x86_64,linux,0
1,commit-5-correction-amd-9950x3d,run-2,1,base64-ng,encode,standard,padded,16,24,262144,12977651,308.222189,avx512-vbmi,avx512-vbmi,avx512-vbmi,x86_64,linux,0
1,commit-5-correction-amd-9950x3d,run-2,2,base64-ng,encode,standard,padded,16,24,262144,13002317,307.637477,avx512-vbmi,avx512-vbmi,avx512-vbmi,x86_64,linux,0
1,commit-5-correction-amd-9950x3d,run-2,3,base64-ng,encode,standard,padded,16,24,262144,13143733,304.327545,avx512-vbmi,avx512-vbmi,avx512-vbmi,x86_64,linux,0
1,commit-5-correction-amd-9950x3d,run-2,4,base64-ng,encode,standard,padded,16,24,262144,13399374,298.521409,avx512-vbmi,avx512-vbmi,avx512-vbmi,x86_64,linux,0
1,commit-5-correction-amd-9950x3d,run-2,0,base64-ng,decode,standard,padded,16,24,262144,50553377,79.124289,avx512-vbmi,avx512-vbmi,avx512-vbmi,x86_64,linux,0
1,commit-5-correction-amd-9950x3d,run-2,1,base64-ng,decode,standard,padded,16,24,262144,50270104,79.570156,avx512-vbmi,avx512-vbmi,avx512-vbmi,x86_64,linux,0
1,commit-5-correction-amd-9950x3d,run-2,2,base64-ng,decode,standard,padded,16,24,262144,50035121,79.943846,avx512-vbmi,avx512-vbmi,avx512-vbmi,x86_64,linux,0
1,commit-5-correction-amd-9950x3d,run-2,3,base64-ng,decode,standard,padded,16,24,262144,50288428,79.541162,avx512-vbmi,avx512-vbmi,avx512-vbmi,x86_64,linux,0
1,commit-5-correction-amd-9950x3d,run-2,4,base64-ng,decode,standard,padded,16,24,262144,50035062,79.943940,avx512-vbmi,avx512-vbmi,avx512-vbmi,x86_64,linux,0
1,commit-5-correction-amd-9950x3d,run-2,0,base64-0.23.0,encode,standard,padded,16,24,262144,2899419,1379.586738,external,avx512-vbmi,avx512-vbmi,x86_64,linux,0
1,commit-5-correction-amd-9950x3d,run-2,1,base64-0.23.0,encode,standard,padded,16,24,262144,2978266,1343.063380,external,avx512-vbmi,avx512-vbmi,x86_64,linux,0
1,commit-5-correction-amd-9950x3d,run-2,2,base64-0.23.0,encode,standard,padded,16,24,262144,2951557,1355.216924,external,avx512-vbmi,avx512-vbmi,x86_64,linux,0
1,commit-5-correction-amd-9950x3d,run-2,3,base64-0.23.0,encode,standard,padded,16,24,262144,3009816,1328.984895,external,avx512-vbmi,avx512-vbmi,x86_64,linux,0
1,commit-5-correction-amd-9950x3d,run-2,4,base64-0.23.0,encode,standard,padded,16,24,262144,2961946,1350.463513,external,avx512-vbmi,avx512-vbmi,x86_64,linux,0
1,commit-5-correction-amd-9950x3d,run-2,0,base64-0.23.0,decode,standard,padded,16,24,262144,4564983,876.235465,external,avx512-vbmi,avx512-vbmi,x86_64,linux,0
1,commit-5-correction-amd-9950x3d,run-2,1,base64-0.23.0,decode,standard,padded,16,24,262144,5020090,796.798464,external,avx512-vbmi,avx512-vbmi,x86_64,linux,0
1,commit-5-correction-amd-9950x3d,run-2,2,base64-0.23.0,decode,standard,padded,16,24,262144,4595251,870.463877,external,avx512-vbmi,avx512-vbmi,x86_64,linux,0
1,commit-5-correction-amd-9950x3d,run-2,3,base64-0.23.0,decode,standard,padded,16,24,262144,4877272,820.130598,external,avx512-vbmi,avx512-vbmi,x86_64,linux,0
1,commit-5-correction-amd-9950x3d,run-2,4,base64-0.23.0,decode,standard,padded,16,24,262144,4604939,868.632570,external,avx512-vbmi,avx512-vbmi,x86_64,linux,0
1,commit-5-correction-amd-9950x3d,run-2,0,base64ct-1.8.3,encode,standard,padded,16,24,262144,4253176,940.473660,external,avx512-vbmi,avx512-vbmi,x86_64,linux,0
1,commit-5-correction-amd-9950x3d,run-2,1,base64ct-1.8.3,encode,standard,padded,16,24,262144,3765429,1062.295956,external,avx512-vbmi,avx512-vbmi,x86_64,linux,0
1,commit-5-correction-amd-9950x3d,run-2,2,base64ct-1.8.3,encode,standard,padded,16,24,262144,4216207,948.720023,external,avx512-vbmi,avx512-vbmi,x86_64,linux,0
1,commit-5-correction-amd-9950x3d,run-2,3,base64ct-1.8.3,encode,standard,padded,16,24,262144,3774756,1059.671142,external,avx512-vbmi,avx512-vbmi,x86_64,linux,0
1,commit-5-correction-amd-9950x3d,run-2,4,base64ct-1.8.3,encode,standard,padded,16,24,262144,4087986,978.476932,external,avx512-vbmi,avx512-vbmi,x86_64,linux,0
1,commit-5-correction-amd-9950x3d,run-2,0,base64ct-1.8.3,decode,standard,padded,16,24,262144,10640511,375.921795,external,avx512-vbmi,avx512-vbmi,x86_64,linux,0
1,commit-5-correction-amd-9950x3d,run-2,1,base64ct-1.8.3,decode,standard,padded,16,24,262144,10718328,373.192535,external,avx512-vbmi,avx512-vbmi,x86_64,linux,0
1,commit-5-correction-amd-9950x3d,run-2,2,base64ct-1.8.3,decode,standard,padded,16,24,262144,10619461,376.666951,external,avx512-vbmi,avx512-vbmi,x86_64,linux,0
1,commit-5-correction-amd-9950x3d,run-2,3,base64ct-1.8.3,decode,standard,padded,16,24,262144,10586749,377.830815,external,avx512-vbmi,avx512-vbmi,x86_64,linux,0
1,commit-5-correction-amd-9950x3d,run-2,4,base64ct-1.8.3,decode,standard,padded,16,24,262144,10582081,377.997485,external,avx512-vbmi,avx512-vbmi,x86_64,linux,0
1,commit-5-correction-amd-9950x3d,run-2,0,base64-ng,encode,standard,padded,23,32,182361,12206619,327.690988,auto,avx512-vbmi,avx512-vbmi,x86_64,linux,0
1,commit-5-correction-amd-9950x3d,run-2,1,base64-ng,encode,standard,padded,23,32,182361,12434388,321.688454,auto,avx512-vbmi,avx512-vbmi,x86_64,linux,0
1,commit-5-correction-amd-9950x3d,run-2,2,base64-ng,encode,standard,padded,23,32,182361,12266712,326.085674,auto,avx512-vbmi,avx512-vbmi,x86_64,linux,0
1,commit-5-correction-amd-9950x3d,run-2,3,base64-ng,encode,standard,padded,23,32,182361,12197853,327.926484,auto,avx512-vbmi,avx512-vbmi,x86_64,linux,0
1,commit-5-correction-amd-9950x3d,run-2,4,base64-ng,encode,standard,padded,23,32,182361,12594489,317.599154,auto,avx512-vbmi,avx512-vbmi,x86_64,linux,0
1,commit-5-correction-amd-9950x3d,run-2,0,base64-ng,decode,standard,padded,23,32,182361,42261397,94.649002,auto,avx512-vbmi,avx512-vbmi,x86_64,linux,0
1,commit-5-correction-amd-9950x3d,run-2,1,base64-ng,decode,standard,padded,23,32,182361,41922539,95.414046,auto,avx512-vbmi,avx512-vbmi,x86_64,linux,0
1,commit-5-correction-amd-9950x3d,run-2,2,base64-ng,decode,standard,padded,23,32,182361,42375261,94.394676,auto,avx512-vbmi,avx512-vbmi,x86_64,linux,0
1,commit-5-correction-amd-9950x3d,run-2,3,base64-ng,decode,standard,padded,23,32,182361,46364712,86.272488,auto,avx512-vbmi,avx512-vbmi,x86_64,linux,0
1,commit-5-correction-amd-9950x3d,run-2,4,base64-ng,decode,standard,padded,23,32,182361,45088419,88.714555,auto,avx512-vbmi,avx512-vbmi,x86_64,linux,0
1,commit-5-correction-amd-9950x3d,run-2,0,base64-ng,encode,standard,padded,23,32,182361,13496477,296.373568,scalar,avx512-vbmi,avx512-vbmi,x86_64,linux,0
1,commit-5-correction-amd-9950x3d,run-2,1,base64-ng,encode,standard,padded,23,32,182361,12519858,319.492365,scalar,avx512-vbmi,avx512-vbmi,x86_64,linux,0
1,commit-5-correction-amd-9950x3d,run-2,2,base64-ng,encode,standard,padded,23,32,182361,12004719,333.202222,scalar,avx512-vbmi,avx512-vbmi,x86_64,linux,0
1,commit-5-correction-amd-9950x3d,run-2,3,base64-ng,encode,standard,padded,23,32,182361,12495043,320.126873,scalar,avx512-vbmi,avx512-vbmi,x86_64,linux,0
1,commit-5-correction-amd-9950x3d,run-2,4,base64-ng,encode,standard,padded,23,32,182361,12065594,331.521104,scalar,avx512-vbmi,avx512-vbmi,x86_64,linux,0
1,commit-5-correction-amd-9950x3d,run-2,0,base64-ng,decode,standard,padded,23,32,182361,13769902,290.488563,scalar,avx512-vbmi,avx512-vbmi,x86_64,linux,0
1,commit-5-correction-amd-9950x3d,run-2,1,base64-ng,decode,standard,padded,23,32,182361,14224628,281.202366,scalar,avx512-vbmi,avx512-vbmi,x86_64,linux,0
1,commit-5-correction-amd-9950x3d,run-2,2,base64-ng,decode,standard,padded,23,32,182361,13762758,290.639351,scalar,avx512-vbmi,avx512-vbmi,x86_64,linux,0
1,commit-5-correction-amd-9950x3d,run-2,3,base64-ng,decode,standard,padded,23,32,182361,13651819,293.001178,scalar,avx512-vbmi,avx512-vbmi,x86_64,linux,0
1,commit-5-correction-amd-9950x3d,run-2,4,base64-ng,decode,standard,padded,23,32,182361,13675284,292.498426,scalar,avx512-vbmi,avx512-vbmi,x86_64,linux,0
1,commit-5-correction-amd-9950x3d,run-2,0,base64-ng,encode,standard,padded,23,32,182361,14981653,266.993171,ssse3-sse4.1,avx512-vbmi,avx512-vbmi,x86_64,linux,0
1,commit-5-correction-amd-9950x3d,run-2,1,base64-ng,encode,standard,padded,23,32,182361,15068076,265.461831,ssse3-sse4.1,avx512-vbmi,avx512-vbmi,x86_64,linux,0
1,commit-5-correction-amd-9950x3d,run-2,2,base64-ng,encode,standard,padded,23,32,182361,14939023,267.755063,ssse3-sse4.1,avx512-vbmi,avx512-vbmi,x86_64,linux,0
1,commit-5-correction-amd-9950x3d,run-2,3,base64-ng,encode,standard,padded,23,32,182361,15273222,261.896216,ssse3-sse4.1,avx512-vbmi,avx512-vbmi,x86_64,linux,0
1,commit-5-correction-amd-9950x3d,run-2,4,base64-ng,encode,standard,padded,23,32,182361,14967055,267.253581,ssse3-sse4.1,avx512-vbmi,avx512-vbmi,x86_64,linux,0
1,commit-5-correction-amd-9950x3d,run-2,0,base64-ng,decode,standard,padded,23,32,182361,57542785,69.513477,ssse3-sse4.1,avx512-vbmi,avx512-vbmi,x86_64,linux,0
1,commit-5-correction-amd-9950x3d,run-2,1,base64-ng,decode,standard,padded,23,32,182361,58466824,68.414851,ssse3-sse4.1,avx512-vbmi,avx512-vbmi,x86_64,linux,0
1,commit-5-correction-amd-9950x3d,run-2,2,base64-ng,decode,standard,padded,23,32,182361,58253352,68.665560,ssse3-sse4.1,avx512-vbmi,avx512-vbmi,x86_64,linux,0
1,commit-5-correction-amd-9950x3d,run-2,3,base64-ng,decode,standard,padded,23,32,182361,57423690,69.657646,ssse3-sse4.1,avx512-vbmi,avx512-vbmi,x86_64,linux,0
1,commit-5-correction-amd-9950x3d,run-2,4,base64-ng,decode,standard,padded,23,32,182361,56939919,70.249469,ssse3-sse4.1,avx512-vbmi,avx512-vbmi,x86_64,linux,0
1,commit-5-correction-amd-9950x3d,run-2,0,base64-ng,encode,standard,padded,23,32,182361,12149452,329.232878,avx2,avx512-vbmi,avx512-vbmi,x86_64,linux,0
1,commit-5-correction-amd-9950x3d,run-2,1,base64-ng,encode,standard,padded,23,32,182361,12570063,318.216309,avx2,avx512-vbmi,avx512-vbmi,x86_64,linux,0
1,commit-5-correction-amd-9950x3d,run-2,2,base64-ng,encode,standard,padded,23,32,182361,12694017,315.109003,avx2,avx512-vbmi,avx512-vbmi,x86_64,linux,0
1,commit-5-correction-amd-9950x3d,run-2,3,base64-ng,encode,standard,padded,23,32,182361,12306146,325.040760,avx2,avx512-vbmi,avx512-vbmi,x86_64,linux,0
1,commit-5-correction-amd-9950x3d,run-2,4,base64-ng,encode,standard,padded,23,32,182361,12321175,324.644285,avx2,avx512-vbmi,avx512-vbmi,x86_64,linux,0
1,commit-5-correction-amd-9950x3d,run-2,0,base64-ng,decode,standard,padded,23,32,182361,40963343,97.648257,avx2,avx512-vbmi,avx512-vbmi,x86_64,linux,0
1,commit-5-correction-amd-9950x3d,run-2,1,base64-ng,decode,standard,padded,23,32,182361,41285520,96.886246,avx2,avx512-vbmi,avx512-vbmi,x86_64,linux,0
1,commit-5-correction-amd-9950x3d,run-2,2,base64-ng,decode,standard,padded,23,32,182361,41083860,97.361812,avx2,avx512-vbmi,avx512-vbmi,x86_64,linux,0
1,commit-5-correction-amd-9950x3d,run-2,3,base64-ng,decode,standard,padded,23,32,182361,40793464,98.054900,avx2,avx512-vbmi,avx512-vbmi,x86_64,linux,0
1,commit-5-correction-amd-9950x3d,run-2,4,base64-ng,decode,standard,padded,23,32,182361,40908030,97.780290,avx2,avx512-vbmi,avx512-vbmi,x86_64,linux,0
1,commit-5-correction-amd-9950x3d,run-2,0,base64-ng,encode,standard,padded,23,32,182361,13147480,304.240740,avx512-vbmi,avx512-vbmi,avx512-vbmi,x86_64,linux,0
1,commit-5-correction-amd-9950x3d,run-2,1,base64-ng,encode,standard,padded,23,32,182361,13017365,307.281777,avx512-vbmi,avx512-vbmi,avx512-vbmi,x86_64,linux,0
1,commit-5-correction-amd-9950x3d,run-2,2,base64-ng,encode,standard,padded,23,32,182361,12281189,325.701286,avx512-vbmi,avx512-vbmi,avx512-vbmi,x86_64,linux,0
1,commit-5-correction-amd-9950x3d,run-2,3,base64-ng,encode,standard,padded,23,32,182361,12179387,328.423676,avx512-vbmi,avx512-vbmi,avx512-vbmi,x86_64,linux,0
1,commit-5-correction-amd-9950x3d,run-2,4,base64-ng,encode,standard,padded,23,32,182361,12320193,324.670161,avx512-vbmi,avx512-vbmi,avx512-vbmi,x86_64,linux,0
1,commit-5-correction-amd-9950x3d,run-2,0,base64-ng,decode,standard,padded,23,32,182361,40828360,97.971093,avx512-vbmi,avx512-vbmi,avx512-vbmi,x86_64,linux,0
1,commit-5-correction-amd-9950x3d,run-2,1,base64-ng,decode,standard,padded,23,32,182361,41426475,96.556587,avx512-vbmi,avx512-vbmi,avx512-vbmi,x86_64,linux,0
1,commit-5-correction-amd-9950x3d,run-2,2,base64-ng,decode,standard,padded,23,32,182361,41276583,96.907223,avx512-vbmi,avx512-vbmi,avx512-vbmi,x86_64,linux,0
1,commit-5-correction-amd-9950x3d,run-2,3,base64-ng,decode,standard,padded,23,32,182361,41811790,95.666774,avx512-vbmi,avx512-vbmi,avx512-vbmi,x86_64,linux,0
1,commit-5-correction-amd-9950x3d,run-2,4,base64-ng,decode,standard,padded,23,32,182361,42465211,94.194729,avx512-vbmi,avx512-vbmi,avx512-vbmi,x86_64,linux,0
1,commit-5-correction-amd-9950x3d,run-2,0,base64-0.23.0,encode,standard,padded,23,32,182361,2544179,1572.216045,external,avx512-vbmi,avx512-vbmi,x86_64,linux,0
1,commit-5-correction-amd-9950x3d,run-2,1,base64-0.23.0,encode,standard,padded,23,32,182361,2461274,1625.174217,external,avx512-vbmi,avx512-vbmi,x86_64,linux,0
1,commit-5-correction-amd-9950x3d,run-2,2,base64-0.23.0,encode,standard,padded,23,32,182361,2441816,1638.124677,external,avx512-vbmi,avx512-vbmi,x86_64,linux,0
1,commit-5-correction-amd-9950x3d,run-2,3,base64-0.23.0,encode,standard,padded,23,32,182361,2455252,1629.160284,external,avx512-vbmi,avx512-vbmi,x86_64,linux,0
1,commit-5-correction-amd-9950x3d,run-2,4,base64-0.23.0,encode,standard,padded,23,32,182361,2421208,1652.067499,external,avx512-vbmi,avx512-vbmi,x86_64,linux,0
1,commit-5-correction-amd-9950x3d,run-2,0,base64-0.23.0,decode,standard,padded,23,32,182361,3599616,1111.229377,external,avx512-vbmi,avx512-vbmi,x86_64,linux,0
1,commit-5-correction-amd-9950x3d,run-2,1,base64-0.23.0,decode,standard,padded,23,32,182361,3640994,1098.600834,external,avx512-vbmi,avx512-vbmi,x86_64,linux,0
1,commit-5-correction-amd-9950x3d,run-2,2,base64-0.23.0,decode,standard,padded,23,32,182361,4182363,956.396909,external,avx512-vbmi,avx512-vbmi,x86_64,linux,0
1,commit-5-correction-amd-9950x3d,run-2,3,base64-0.23.0,decode,standard,padded,23,32,182361,3897777,1026.225730,external,avx512-vbmi,avx512-vbmi,x86_64,linux,0
1,commit-5-correction-amd-9950x3d,run-2,4,base64-0.23.0,decode,standard,padded,23,32,182361,3536097,1131.190419,external,avx512-vbmi,avx512-vbmi,x86_64,linux,0
1,commit-5-correction-amd-9950x3d,run-2,0,base64ct-1.8.3,encode,standard,padded,23,32,182361,3251752,1230.105816,external,avx512-vbmi,avx512-vbmi,x86_64,linux,0
1,commit-5-correction-amd-9950x3d,run-2,1,base64ct-1.8.3,encode,standard,padded,23,32,182361,3221194,1241.775269,external,avx512-vbmi,avx512-vbmi,x86_64,linux,0
1,commit-5-correction-amd-9950x3d,run-2,2,base64ct-1.8.3,encode,standard,padded,23,32,182361,3217757,1243.101653,external,avx512-vbmi,avx512-vbmi,x86_64,linux,0
1,commit-5-correction-amd-9950x3d,run-2,3,base64ct-1.8.3,encode,standard,padded,23,32,182361,3223628,1240.837667,external,avx512-vbmi,avx512-vbmi,x86_64,linux,0
1,commit-5-correction-amd-9950x3d,run-2,4,base64ct-1.8.3,encode,standard,padded,23,32,182361,3235060,1236.452816,external,avx512-vbmi,avx512-vbmi,x86_64,linux,0
1,commit-5-correction-amd-9950x3d,run-2,0,base64ct-1.8.3,decode,standard,padded,23,32,182361,8993109,444.784895,external,avx512-vbmi,avx512-vbmi,x86_64,linux,0
1,commit-5-correction-amd-9950x3d,run-2,1,base64ct-1.8.3,decode,standard,padded,23,32,182361,9160275,436.668009,external,avx512-vbmi,avx512-vbmi,x86_64,linux,0
1,commit-5-correction-amd-9950x3d,run-2,2,base64ct-1.8.3,decode,standard,padded,23,32,182361,9055787,441.706397,external,avx512-vbmi,avx512-vbmi,x86_64,linux,0
1,commit-5-correction-amd-9950x3d,run-2,3,base64ct-1.8.3,decode,standard,padded,23,32,182361,8941012,447.376544,external,avx512-vbmi,avx512-vbmi,x86_64,linux,0
1,commit-5-correction-amd-9950x3d,run-2,4,base64ct-1.8.3,decode,standard,padded,23,32,182361,9048304,442.071691,external,avx512-vbmi,avx512-vbmi,x86_64,linux,0
1,commit-5-correction-amd-9950x3d,run-2,0,base64-ng,encode,standard,padded,24,32,174762,12282982,325.652577,auto,avx512-vbmi,avx512-vbmi,x86_64,linux,0
1,commit-5-correction-amd-9950x3d,run-2,1,base64-ng,encode,standard,padded,24,32,174762,12996526,307.773380,auto,avx512-vbmi,avx512-vbmi,x86_64,linux,0
1,commit-5-correction-amd-9950x3d,run-2,2,base64-ng,encode,standard,padded,24,32,174762,12033913,332.392692,auto,avx512-vbmi,avx512-vbmi,x86_64,linux,0
1,commit-5-correction-amd-9950x3d,run-2,3,base64-ng,encode,standard,padded,24,32,174762,12430721,321.782199,auto,avx512-vbmi,avx512-vbmi,x86_64,linux,0
1,commit-5-correction-amd-9950x3d,run-2,4,base64-ng,encode,standard,padded,24,32,174762,12617883,317.009180,auto,avx512-vbmi,avx512-vbmi,x86_64,linux,0
1,commit-5-correction-amd-9950x3d,run-2,0,base64-ng,decode,standard,padded,24,32,174762,40423899,98.950988,auto,avx512-vbmi,avx512-vbmi,x86_64,linux,0
1,commit-5-correction-amd-9950x3d,run-2,1,base64-ng,decode,standard,padded,24,32,174762,39167062,102.126239,auto,avx512-vbmi,avx512-vbmi,x86_64,linux,0
1,commit-5-correction-amd-9950x3d,run-2,2,base64-ng,decode,standard,padded,24,32,174762,40027562,99.930761,auto,avx512-vbmi,avx512-vbmi,x86_64,linux,0
1,commit-5-correction-amd-9950x3d,run-2,3,base64-ng,decode,standard,padded,24,32,174762,40248628,99.381891,auto,avx512-vbmi,avx512-vbmi,x86_64,linux,0
1,commit-5-correction-amd-9950x3d,run-2,4,base64-ng,decode,standard,padded,24,32,174762,40957593,97.661617,auto,avx512-vbmi,avx512-vbmi,x86_64,linux,0
1,commit-5-correction-amd-9950x3d,run-2,0,base64-ng,encode,standard,padded,24,32,174762,11930729,335.267421,scalar,avx512-vbmi,avx512-vbmi,x86_64,linux,0
1,commit-5-correction-amd-9950x3d,run-2,1,base64-ng,encode,standard,padded,24,32,174762,11918566,335.609564,scalar,avx512-vbmi,avx512-vbmi,x86_64,linux,0
1,commit-5-correction-amd-9950x3d,run-2,2,base64-ng,encode,standard,padded,24,32,174762,11870696,336.962950,scalar,avx512-vbmi,avx512-vbmi,x86_64,linux,0
1,commit-5-correction-amd-9950x3d,run-2,3,base64-ng,encode,standard,padded,24,32,174762,11796106,339.093659,scalar,avx512-vbmi,avx512-vbmi,x86_64,linux,0
1,commit-5-correction-amd-9950x3d,run-2,4,base64-ng,encode,standard,padded,24,32,174762,11853605,337.448796,scalar,avx512-vbmi,avx512-vbmi,x86_64,linux,0
1,commit-5-correction-amd-9950x3d,run-2,0,base64-ng,decode,standard,padded,24,32,174762,13127713,304.697760,scalar,avx512-vbmi,avx512-vbmi,x86_64,linux,0
1,commit-5-correction-amd-9950x3d,run-2,1,base64-ng,decode,standard,padded,24,32,174762,13139916,304.414788,scalar,avx512-vbmi,avx512-vbmi,x86_64,linux,0
1,commit-5-correction-amd-9950x3d,run-2,2,base64-ng,decode,standard,padded,24,32,174762,13160305,303.943164,scalar,avx512-vbmi,avx512-vbmi,x86_64,linux,0
1,commit-5-correction-amd-9950x3d,run-2,3,base64-ng,decode,standard,padded,24,32,174762,13138884,304.438698,scalar,avx512-vbmi,avx512-vbmi,x86_64,linux,0
1,commit-5-correction-amd-9950x3d,run-2,4,base64-ng,decode,standard,padded,24,32,174762,13137321,304.474919,scalar,avx512-vbmi,avx512-vbmi,x86_64,linux,0
1,commit-5-correction-amd-9950x3d,run-2,0,base64-ng,encode,standard,padded,24,32,174762,15577745,256.775595,ssse3-sse4.1,avx512-vbmi,avx512-vbmi,x86_64,linux,0
1,commit-5-correction-amd-9950x3d,run-2,1,base64-ng,encode,standard,padded,24,32,174762,15356398,260.476756,ssse3-sse4.1,avx512-vbmi,avx512-vbmi,x86_64,linux,0
1,commit-5-correction-amd-9950x3d,run-2,2,base64-ng,encode,standard,padded,24,32,174762,15583426,256.681986,ssse3-sse4.1,avx512-vbmi,avx512-vbmi,x86_64,linux,0
1,commit-5-correction-amd-9950x3d,run-2,3,base64-ng,encode,standard,padded,24,32,174762,15972458,250.430130,ssse3-sse4.1,avx512-vbmi,avx512-vbmi,x86_64,linux,0
1,commit-5-correction-amd-9950x3d,run-2,4,base64-ng,encode,standard,padded,24,32,174762,15787500,253.364037,ssse3-sse4.1,avx512-vbmi,avx512-vbmi,x86_64,linux,0
1,commit-5-correction-amd-9950x3d,run-2,0,base64-ng,decode,standard,padded,24,32,174762,54624391,73.227082,ssse3-sse4.1,avx512-vbmi,avx512-vbmi,x86_64,linux,0
1,commit-5-correction-amd-9950x3d,run-2,1,base64-ng,decode,standard,padded,24,32,174762,54355444,73.589404,ssse3-sse4.1,avx512-vbmi,avx512-vbmi,x86_64,linux,0
1,commit-5-correction-amd-9950x3d,run-2,2,base64-ng,decode,standard,padded,24,32,174762,54027186,74.036518,ssse3-sse4.1,avx512-vbmi,avx512-vbmi,x86_64,linux,0
1,commit-5-correction-amd-9950x3d,run-2,3,base64-ng,decode,standard,padded,24,32,174762,53854752,74.273571,ssse3-sse4.1,avx512-vbmi,avx512-vbmi,x86_64,linux,0
1,commit-5-correction-amd-9950x3d,run-2,4,base64-ng,decode,standard,padded,24,32,174762,54000576,74.073001,ssse3-sse4.1,avx512-vbmi,avx512-vbmi,x86_64,linux,0
1,commit-5-correction-amd-9950x3d,run-2,0,base64-ng,encode,standard,padded,24,32,174762,9727231,411.215149,avx2,avx512-vbmi,avx512-vbmi,x86_64,linux,0
1,commit-5-correction-amd-9950x3d,run-2,1,base64-ng,encode,standard,padded,24,32,174762,9793917,408.415217,avx2,avx512-vbmi,avx512-vbmi,x86_64,linux,0
1,commit-5-correction-amd-9950x3d,run-2,2,base64-ng,encode,standard,padded,24,32,174762,9820668,407.302715,avx2,avx512-vbmi,avx512-vbmi,x86_64,linux,0
1,commit-5-correction-amd-9950x3d,run-2,3,base64-ng,encode,standard,padded,24,32,174762,9793356,408.438613,avx2,avx512-vbmi,avx512-vbmi,x86_64,linux,0
1,commit-5-correction-amd-9950x3d,run-2,4,base64-ng,encode,standard,padded,24,32,174762,9739315,410.704936,avx2,avx512-vbmi,avx512-vbmi,x86_64,linux,0
1,commit-5-correction-amd-9950x3d,run-2,0,base64-ng,decode,standard,padded,24,32,174762,38627337,103.553210,avx2,avx512-vbmi,avx512-vbmi,x86_64,linux,0
1,commit-5-correction-amd-9950x3d,run-2,1,base64-ng,decode,standard,padded,24,32,174762,39276738,101.841063,avx2,avx512-vbmi,avx512-vbmi,x86_64,linux,0
1,commit-5-correction-amd-9950x3d,run-2,2,base64-ng,decode,standard,padded,24,32,174762,39686310,100.790039,avx2,avx512-vbmi,avx512-vbmi,x86_64,linux,0
1,commit-5-correction-amd-9950x3d,run-2,3,base64-ng,decode,standard,padded,24,32,174762,38947910,102.700883,avx2,avx512-vbmi,avx512-vbmi,x86_64,linux,0
1,commit-5-correction-amd-9950x3d,run-2,4,base64-ng,decode,standard,padded,24,32,174762,38731622,103.274393,avx2,avx512-vbmi,avx512-vbmi,x86_64,linux,0
1,commit-5-correction-amd-9950x3d,run-2,0,base64-ng,encode,standard,padded,24,32,174762,12166543,328.769211,avx512-vbmi,avx512-vbmi,avx512-vbmi,x86_64,linux,0
1,commit-5-correction-amd-9950x3d,run-2,1,base64-ng,encode,standard,padded,24,32,174762,12190599,328.120443,avx512-vbmi,avx512-vbmi,avx512-vbmi,x86_64,linux,0
1,commit-5-correction-amd-9950x3d,run-2,2,base64-ng,encode,standard,padded,24,32,174762,12190308,328.128275,avx512-vbmi,avx512-vbmi,avx512-vbmi,x86_64,linux,0
1,commit-5-correction-amd-9950x3d,run-2,3,base64-ng,encode,standard,padded,24,32,174762,12173707,328.575736,avx512-vbmi,avx512-vbmi,avx512-vbmi,x86_64,linux,0
1,commit-5-correction-amd-9950x3d,run-2,4,base64-ng,encode,standard,padded,24,32,174762,12135114,329.620698,avx512-vbmi,avx512-vbmi,avx512-vbmi,x86_64,linux,0
1,commit-5-correction-amd-9950x3d,run-2,0,base64-ng,decode,standard,padded,24,32,174762,39234780,101.949972,avx512-vbmi,avx512-vbmi,avx512-vbmi,x86_64,linux,0
1,commit-5-correction-amd-9950x3d,run-2,1,base64-ng,decode,standard,padded,24,32,174762,39871939,100.320798,avx512-vbmi,avx512-vbmi,avx512-vbmi,x86_64,linux,0
1,commit-5-correction-amd-9950x3d,run-2,2,base64-ng,decode,standard,padded,24,32,174762,39106238,102.285082,avx512-vbmi,avx512-vbmi,avx512-vbmi,x86_64,linux,0
1,commit-5-correction-amd-9950x3d,run-2,3,base64-ng,decode,standard,padded,24,32,174762,39107030,102.283010,avx512-vbmi,avx512-vbmi,avx512-vbmi,x86_64,linux,0
1,commit-5-correction-amd-9950x3d,run-2,4,base64-ng,decode,standard,padded,24,32,174762,39025736,102.496074,avx512-vbmi,avx512-vbmi,avx512-vbmi,x86_64,linux,0
1,commit-5-correction-amd-9950x3d,run-2,0,base64-0.23.0,encode,standard,padded,24,32,174762,2283919,1751.368915,external,avx512-vbmi,avx512-vbmi,x86_64,linux,0
1,commit-5-correction-amd-9950x3d,run-2,1,base64-0.23.0,encode,standard,padded,24,32,174762,2304508,1735.721786,external,avx512-vbmi,avx512-vbmi,x86_64,linux,0
1,commit-5-correction-amd-9950x3d,run-2,2,base64-0.23.0,encode,standard,padded,24,32,174762,2306542,1734.191158,external,avx512-vbmi,avx512-vbmi,x86_64,linux,0
1,commit-5-correction-amd-9950x3d,run-2,3,base64-0.23.0,encode,standard,padded,24,32,174762,2306062,1734.552124,external,avx512-vbmi,avx512-vbmi,x86_64,linux,0
1,commit-5-correction-amd-9950x3d,run-2,4,base64-0.23.0,encode,standard,padded,24,32,174762,2331890,1715.340235,external,avx512-vbmi,avx512-vbmi,x86_64,linux,0
1,commit-5-correction-amd-9950x3d,run-2,0,base64-0.23.0,decode,standard,padded,24,32,174762,3402135,1175.727812,external,avx512-vbmi,avx512-vbmi,x86_64,linux,0
1,commit-5-correction-amd-9950x3d,run-2,1,base64-0.23.0,decode,standard,padded,24,32,174762,3411983,1172.334312,external,avx512-vbmi,avx512-vbmi,x86_64,linux,0
1,commit-5-correction-amd-9950x3d,run-2,2,base64-0.23.0,decode,standard,padded,24,32,174762,3395131,1178.153285,external,avx512-vbmi,avx512-vbmi,x86_64,linux,0
1,commit-5-correction-amd-9950x3d,run-2,3,base64-0.23.0,decode,standard,padded,24,32,174762,3402586,1175.571974,external,avx512-vbmi,avx512-vbmi,x86_64,linux,0
1,commit-5-correction-amd-9950x3d,run-2,4,base64-0.23.0,decode,standard,padded,24,32,174762,3403908,1175.115409,external,avx512-vbmi,avx512-vbmi,x86_64,linux,0
1,commit-5-correction-amd-9950x3d,run-2,0,base64ct-1.8.3,encode,standard,padded,24,32,174762,2473336,1617.242761,external,avx512-vbmi,avx512-vbmi,x86_64,linux,0
1,commit-5-correction-amd-9950x3d,run-2,1,base64ct-1.8.3,encode,standard,padded,24,32,174762,2463207,1623.893055,external,avx512-vbmi,avx512-vbmi,x86_64,linux,0
1,commit-5-correction-amd-9950x3d,run-2,2,base64ct-1.8.3,encode,standard,padded,24,32,174762,2480639,1612.481599,external,avx512-vbmi,avx512-vbmi,x86_64,linux,0
1,commit-5-correction-amd-9950x3d,run-2,3,base64ct-1.8.3,encode,standard,padded,24,32,174762,2486250,1608.842530,external,avx512-vbmi,avx512-vbmi,x86_64,linux,0
1,commit-5-correction-amd-9950x3d,run-2,4,base64ct-1.8.3,encode,standard,padded,24,32,174762,2475530,1615.809439,external,avx512-vbmi,avx512-vbmi,x86_64,linux,0
1,commit-5-correction-amd-9950x3d,run-2,0,base64ct-1.8.3,decode,standard,padded,24,32,174762,6848934,584.030265,external,avx512-vbmi,avx512-vbmi,x86_64,linux,0
1,commit-5-correction-amd-9950x3d,run-2,1,base64ct-1.8.3,decode,standard,padded,24,32,174762,6841990,584.623003,external,avx512-vbmi,avx512-vbmi,x86_64,linux,0
1,commit-5-correction-amd-9950x3d,run-2,2,base64ct-1.8.3,decode,standard,padded,24,32,174762,6833394,585.358424,external,avx512-vbmi,avx512-vbmi,x86_64,linux,0
1,commit-5-correction-amd-9950x3d,run-2,3,base64ct-1.8.3,decode,standard,padded,24,32,174762,6820149,586.495213,external,avx512-vbmi,avx512-vbmi,x86_64,linux,0
1,commit-5-correction-amd-9950x3d,run-2,4,base64ct-1.8.3,decode,standard,padded,24,32,174762,6821261,586.399603,external,avx512-vbmi,avx512-vbmi,x86_64,linux,0
1,commit-5-correction-amd-9950x3d,run-2,0,base64-ng,encode,standard,padded,31,44,135300,11971155,334.136195,auto,avx512-vbmi,avx512-vbmi,x86_64,linux,0
1,commit-5-correction-amd-9950x3d,run-2,1,base64-ng,encode,standard,padded,31,44,135300,12060624,331.657482,auto,avx512-vbmi,avx512-vbmi,x86_64,linux,0
1,commit-5-correction-amd-9950x3d,run-2,2,base64-ng,encode,standard,padded,31,44,135300,12134393,329.641226,auto,avx512-vbmi,avx512-vbmi,x86_64,linux,0
1,commit-5-correction-amd-9950x3d,run-2,3,base64-ng,encode,standard,padded,31,44,135300,12050956,331.923557,auto,avx512-vbmi,avx512-vbmi,x86_64,linux,0
1,commit-5-correction-amd-9950x3d,run-2,4,base64-ng,encode,standard,padded,31,44,135300,11924919,335.431728,auto,avx512-vbmi,avx512-vbmi,x86_64,linux,0
1,commit-5-correction-amd-9950x3d,run-2,0,base64-ng,decode,standard,padded,31,44,135300,34938211,114.487722,auto,avx512-vbmi,avx512-vbmi,x86_64,linux,0
1,commit-5-correction-amd-9950x3d,run-2,1,base64-ng,decode,standard,padded,31,44,135300,34764755,115.058949,auto,avx512-vbmi,avx512-vbmi,x86_64,linux,0
1,commit-5-correction-amd-9950x3d,run-2,2,base64-ng,decode,standard,padded,31,44,135300,38976113,102.626862,auto,avx512-vbmi,avx512-vbmi,x86_64,linux,0
1,commit-5-correction-amd-9950x3d,run-2,3,base64-ng,decode,standard,padded,31,44,135300,35616859,112.306259,auto,avx512-vbmi,avx512-vbmi,x86_64,linux,0
1,commit-5-correction-amd-9950x3d,run-2,4,base64-ng,decode,standard,padded,31,44,135300,35189314,113.670763,auto,avx512-vbmi,avx512-vbmi,x86_64,linux,0
1,commit-5-correction-amd-9950x3d,run-2,0,base64-ng,encode,standard,padded,31,44,135300,11666092,342.873705,scalar,avx512-vbmi,avx512-vbmi,x86_64,linux,0
1,commit-5-correction-amd-9950x3d,run-2,1,base64-ng,encode,standard,padded,31,44,135300,11689615,342.183740,scalar,avx512-vbmi,avx512-vbmi,x86_64,linux,0
1,commit-5-correction-amd-9950x3d,run-2,2,base64-ng,encode,standard,padded,31,44,135300,11732927,340.920572,scalar,avx512-vbmi,avx512-vbmi,x86_64,linux,0
1,commit-5-correction-amd-9950x3d,run-2,3,base64-ng,encode,standard,padded,31,44,135300,11732256,340.940070,scalar,avx512-vbmi,avx512-vbmi,x86_64,linux,0
1,commit-5-correction-amd-9950x3d,run-2,4,base64-ng,encode,standard,padded,31,44,135300,11754127,340.305680,scalar,avx512-vbmi,avx512-vbmi,x86_64,linux,0
1,commit-5-correction-amd-9950x3d,run-2,0,base64-ng,decode,standard,padded,31,44,135300,13492379,296.463373,scalar,avx512-vbmi,avx512-vbmi,x86_64,linux,0
1,commit-5-correction-amd-9950x3d,run-2,1,base64-ng,decode,standard,padded,31,44,135300,13503050,296.229088,scalar,avx512-vbmi,avx512-vbmi,x86_64,linux,0
1,commit-5-correction-amd-9950x3d,run-2,2,base64-ng,decode,standard,padded,31,44,135300,13508109,296.118145,scalar,avx512-vbmi,avx512-vbmi,x86_64,linux,0
1,commit-5-correction-amd-9950x3d,run-2,3,base64-ng,decode,standard,padded,31,44,135300,13517597,295.910300,scalar,avx512-vbmi,avx512-vbmi,x86_64,linux,0
1,commit-5-correction-amd-9950x3d,run-2,4,base64-ng,decode,standard,padded,31,44,135300,13522015,295.813618,scalar,avx512-vbmi,avx512-vbmi,x86_64,linux,0
1,commit-5-correction-amd-9950x3d,run-2,0,base64-ng,encode,standard,padded,31,44,135300,14612969,273.729191,ssse3-sse4.1,avx512-vbmi,avx512-vbmi,x86_64,linux,0
1,commit-5-correction-amd-9950x3d,run-2,1,base64-ng,encode,standard,padded,31,44,135300,14537216,275.155586,ssse3-sse4.1,avx512-vbmi,avx512-vbmi,x86_64,linux,0
1,commit-5-correction-amd-9950x3d,run-2,2,base64-ng,encode,standard,padded,31,44,135300,14479177,276.258532,ssse3-sse4.1,avx512-vbmi,avx512-vbmi,x86_64,linux,0
1,commit-5-correction-amd-9950x3d,run-2,3,base64-ng,encode,standard,padded,31,44,135300,14985600,266.922658,ssse3-sse4.1,avx512-vbmi,avx512-vbmi,x86_64,linux,0
1,commit-5-correction-amd-9950x3d,run-2,4,base64-ng,encode,standard,padded,31,44,135300,15089466,265.085337,ssse3-sse4.1,avx512-vbmi,avx512-vbmi,x86_64,linux,0
1,commit-5-correction-amd-9950x3d,run-2,0,base64-ng,decode,standard,padded,31,44,135300,47223749,84.703063,ssse3-sse4.1,avx512-vbmi,avx512-vbmi,x86_64,linux,0
1,commit-5-correction-amd-9950x3d,run-2,1,base64-ng,decode,standard,padded,31,44,135300,46815300,85.442071,ssse3-sse4.1,avx512-vbmi,avx512-vbmi,x86_64,linux,0
1,commit-5-correction-amd-9950x3d,run-2,2,base64-ng,decode,standard,padded,31,44,135300,46855346,85.369046,ssse3-sse4.1,avx512-vbmi,avx512-vbmi,x86_64,linux,0
1,commit-5-correction-amd-9950x3d,run-2,3,base64-ng,decode,standard,padded,31,44,135300,46671109,85.706045,ssse3-sse4.1,avx512-vbmi,avx512-vbmi,x86_64,linux,0
1,commit-5-correction-amd-9950x3d,run-2,4,base64-ng,decode,standard,padded,31,44,135300,46499376,86.022578,ssse3-sse4.1,avx512-vbmi,avx512-vbmi,x86_64,linux,0
1,commit-5-correction-amd-9950x3d,run-2,0,base64-ng,encode,standard,padded,31,44,135300,10141771,394.408056,avx2,avx512-vbmi,avx512-vbmi,x86_64,linux,0
1,commit-5-correction-amd-9950x3d,run-2,1,base64-ng,encode,standard,padded,31,44,135300,10130601,394.842930,avx2,avx512-vbmi,avx512-vbmi,x86_64,linux,0
1,commit-5-correction-amd-9950x3d,run-2,2,base64-ng,encode,standard,padded,31,44,135300,10197266,392.261630,avx2,avx512-vbmi,avx512-vbmi,x86_64,linux,0
1,commit-5-correction-amd-9950x3d,run-2,3,base64-ng,encode,standard,padded,31,44,135300,10263671,389.723734,avx2,avx512-vbmi,avx512-vbmi,x86_64,linux,0
1,commit-5-correction-amd-9950x3d,run-2,4,base64-ng,encode,standard,padded,31,44,135300,10334956,387.035628,avx2,avx512-vbmi,avx512-vbmi,x86_64,linux,0
1,commit-5-correction-amd-9950x3d,run-2,0,base64-ng,decode,standard,padded,31,44,135300,34680185,115.339528,avx2,avx512-vbmi,avx512-vbmi,x86_64,linux,0
1,commit-5-correction-amd-9950x3d,run-2,1,base64-ng,decode,standard,padded,31,44,135300,34526917,115.851531,avx2,avx512-vbmi,avx512-vbmi,x86_64,linux,0
1,commit-5-correction-amd-9950x3d,run-2,2,base64-ng,decode,standard,padded,31,44,135300,34499426,115.943847,avx2,avx512-vbmi,avx512-vbmi,x86_64,linux,0
1,commit-5-correction-amd-9950x3d,run-2,3,base64-ng,decode,standard,padded,31,44,135300,34470921,116.039725,avx2,avx512-vbmi,avx512-vbmi,x86_64,linux,0
1,commit-5-correction-amd-9950x3d,run-2,4,base64-ng,decode,standard,padded,31,44,135300,34685486,115.321901,avx2,avx512-vbmi,avx512-vbmi,x86_64,linux,0
1,commit-5-correction-amd-9950x3d,run-2,0,base64-ng,encode,standard,padded,31,44,135300,12447833,321.340766,avx512-vbmi,avx512-vbmi,avx512-vbmi,x86_64,linux,0
1,commit-5-correction-amd-9950x3d,run-2,1,base64-ng,encode,standard,padded,31,44,135300,12306186,325.039471,avx512-vbmi,avx512-vbmi,avx512-vbmi,x86_64,linux,0
1,commit-5-correction-amd-9950x3d,run-2,2,base64-ng,encode,standard,padded,31,44,135300,12004548,333.206730,avx512-vbmi,avx512-vbmi,avx512-vbmi,x86_64,linux,0
1,commit-5-correction-amd-9950x3d,run-2,3,base64-ng,encode,standard,padded,31,44,135300,12036388,332.325294,avx512-vbmi,avx512-vbmi,avx512-vbmi,x86_64,linux,0
1,commit-5-correction-amd-9950x3d,run-2,4,base64-ng,encode,standard,padded,31,44,135300,12021671,332.732129,avx512-vbmi,avx512-vbmi,avx512-vbmi,x86_64,linux,0
1,commit-5-correction-amd-9950x3d,run-2,0,base64-ng,decode,standard,padded,31,44,135300,34668854,115.377225,avx512-vbmi,avx512-vbmi,avx512-vbmi,x86_64,linux,0
1,commit-5-correction-amd-9950x3d,run-2,1,base64-ng,decode,standard,padded,31,44,135300,34774383,115.027093,avx512-vbmi,avx512-vbmi,avx512-vbmi,x86_64,linux,0
1,commit-5-correction-amd-9950x3d,run-2,2,base64-ng,decode,standard,padded,31,44,135300,35686470,112.087191,avx512-vbmi,avx512-vbmi,avx512-vbmi,x86_64,linux,0
1,commit-5-correction-amd-9950x3d,run-2,3,base64-ng,decode,standard,padded,31,44,135300,36953666,108.243555,avx512-vbmi,avx512-vbmi,avx512-vbmi,x86_64,linux,0
1,commit-5-correction-amd-9950x3d,run-2,4,base64-ng,decode,standard,padded,31,44,135300,34530413,115.839801,avx512-vbmi,avx512-vbmi,avx512-vbmi,x86_64,linux,0
1,commit-5-correction-amd-9950x3d,run-2,0,base64-0.23.0,encode,standard,padded,31,44,135300,1743322,2294.467795,external,avx512-vbmi,avx512-vbmi,x86_64,linux,0
1,commit-5-correction-amd-9950x3d,run-2,1,base64-0.23.0,encode,standard,padded,31,44,135300,1785341,2240.466211,external,avx512-vbmi,avx512-vbmi,x86_64,linux,0
1,commit-5-correction-amd-9950x3d,run-2,2,base64-0.23.0,encode,standard,padded,31,44,135300,1792805,2231.138459,external,avx512-vbmi,avx512-vbmi,x86_64,linux,0
1,commit-5-correction-amd-9950x3d,run-2,3,base64-0.23.0,encode,standard,padded,31,44,135300,1793316,2230.502703,external,avx512-vbmi,avx512-vbmi,x86_64,linux,0
1,commit-5-correction-amd-9950x3d,run-2,4,base64-0.23.0,encode,standard,padded,31,44,135300,1802523,2219.109651,external,avx512-vbmi,avx512-vbmi,x86_64,linux,0
1,commit-5-correction-amd-9950x3d,run-2,0,base64-0.23.0,decode,standard,padded,31,44,135300,2758984,1449.807678,external,avx512-vbmi,avx512-vbmi,x86_64,linux,0
1,commit-5-correction-amd-9950x3d,run-2,1,base64-0.23.0,decode,standard,padded,31,44,135300,2761018,1448.739626,external,avx512-vbmi,avx512-vbmi,x86_64,linux,0
1,commit-5-correction-amd-9950x3d,run-2,2,base64-0.23.0,decode,standard,padded,31,44,135300,2744647,1457.380926,external,avx512-vbmi,avx512-vbmi,x86_64,linux,0
1,commit-5-correction-amd-9950x3d,run-2,3,base64-0.23.0,decode,standard,padded,31,44,135300,2733987,1463.063352,external,avx512-vbmi,avx512-vbmi,x86_64,linux,0
1,commit-5-correction-amd-9950x3d,run-2,4,base64-0.23.0,decode,standard,padded,31,44,135300,2737112,1461.392952,external,avx512-vbmi,avx512-vbmi,x86_64,linux,0
1,commit-5-correction-amd-9950x3d,run-2,0,base64ct-1.8.3,encode,standard,padded,31,44,135300,2877687,1390.003911,external,avx512-vbmi,avx512-vbmi,x86_64,linux,0
1,commit-5-correction-amd-9950x3d,run-2,1,base64ct-1.8.3,encode,standard,padded,31,44,135300,2872056,1392.729176,external,avx512-vbmi,avx512-vbmi,x86_64,linux,0
1,commit-5-correction-amd-9950x3d,run-2,2,base64ct-1.8.3,encode,standard,padded,31,44,135300,2864703,1396.303975,external,avx512-vbmi,avx512-vbmi,x86_64,linux,0
1,commit-5-correction-amd-9950x3d,run-2,3,base64ct-1.8.3,encode,standard,padded,31,44,135300,2878509,1389.606975,external,avx512-vbmi,avx512-vbmi,x86_64,linux,0
1,commit-5-correction-amd-9950x3d,run-2,4,base64ct-1.8.3,encode,standard,padded,31,44,135300,2870554,1393.457913,external,avx512-vbmi,avx512-vbmi,x86_64,linux,0
1,commit-5-correction-amd-9950x3d,run-2,0,base64ct-1.8.3,decode,standard,padded,31,44,135300,7583005,527.494863,external,avx512-vbmi,avx512-vbmi,x86_64,linux,0
1,commit-5-correction-amd-9950x3d,run-2,1,base64ct-1.8.3,decode,standard,padded,31,44,135300,7571433,528.301074,external,avx512-vbmi,avx512-vbmi,x86_64,linux,0
1,commit-5-correction-amd-9950x3d,run-2,2,base64ct-1.8.3,decode,standard,padded,31,44,135300,7558108,529.232473,external,avx512-vbmi,avx512-vbmi,x86_64,linux,0
1,commit-5-correction-amd-9950x3d,run-2,3,base64ct-1.8.3,decode,standard,padded,31,44,135300,7564240,528.803447,external,avx512-vbmi,avx512-vbmi,x86_64,linux,0
1,commit-5-correction-amd-9950x3d,run-2,4,base64ct-1.8.3,decode,standard,padded,31,44,135300,7556325,529.357351,external,avx512-vbmi,avx512-vbmi,x86_64,linux,0
1,commit-5-correction-amd-9950x3d,run-2,0,base64-ng,encode,standard,padded,32,44,131072,11654590,343.212417,auto,avx512-vbmi,avx512-vbmi,x86_64,linux,0
1,commit-5-correction-amd-9950x3d,run-2,1,base64-ng,encode,standard,padded,32,44,131072,11627920,343.999615,auto,avx512-vbmi,avx512-vbmi,x86_64,linux,0
1,commit-5-correction-amd-9950x3d,run-2,2,base64-ng,encode,standard,padded,32,44,131072,11683745,342.355983,auto,avx512-vbmi,avx512-vbmi,x86_64,linux,0
1,commit-5-correction-amd-9950x3d,run-2,3,base64-ng,encode,standard,padded,32,44,131072,11826874,338.212786,auto,avx512-vbmi,avx512-vbmi,x86_64,linux,0
1,commit-5-correction-amd-9950x3d,run-2,4,base64-ng,encode,standard,padded,32,44,131072,11822396,338.340891,auto,avx512-vbmi,avx512-vbmi,x86_64,linux,0
1,commit-5-correction-amd-9950x3d,run-2,0,base64-ng,decode,standard,padded,32,44,131072,34835388,114.825763,auto,avx512-vbmi,avx512-vbmi,x86_64,linux,0
1,commit-5-correction-amd-9950x3d,run-2,1,base64-ng,decode,standard,padded,32,44,131072,34468718,116.047252,auto,avx512-vbmi,avx512-vbmi,x86_64,linux,0
1,commit-5-correction-amd-9950x3d,run-2,2,base64-ng,decode,standard,padded,32,44,131072,34525414,115.856685,auto,avx512-vbmi,avx512-vbmi,x86_64,linux,0
1,commit-5-correction-amd-9950x3d,run-2,3,base64-ng,decode,standard,padded,32,44,131072,34993685,114.306338,auto,avx512-vbmi,avx512-vbmi,x86_64,linux,0
1,commit-5-correction-amd-9950x3d,run-2,4,base64-ng,decode,standard,padded,32,44,131072,35350117,113.153798,auto,avx512-vbmi,avx512-vbmi,x86_64,linux,0
1,commit-5-correction-amd-9950x3d,run-2,0,base64-ng,encode,standard,padded,32,44,131072,11675208,342.606316,scalar,avx512-vbmi,avx512-vbmi,x86_64,linux,0
1,commit-5-correction-amd-9950x3d,run-2,1,base64-ng,encode,standard,padded,32,44,131072,11688825,342.207194,scalar,avx512-vbmi,avx512-vbmi,x86_64,linux,0
1,commit-5-correction-amd-9950x3d,run-2,2,base64-ng,encode,standard,padded,32,44,131072,11683384,342.366561,scalar,avx512-vbmi,avx512-vbmi,x86_64,linux,0
1,commit-5-correction-amd-9950x3d,run-2,3,base64-ng,encode,standard,padded,32,44,131072,11684185,342.343090,scalar,avx512-vbmi,avx512-vbmi,x86_64,linux,0
1,commit-5-correction-amd-9950x3d,run-2,4,base64-ng,encode,standard,padded,32,44,131072,11703913,341.766040,scalar,avx512-vbmi,avx512-vbmi,x86_64,linux,0
1,commit-5-correction-amd-9950x3d,run-2,0,base64-ng,decode,standard,padded,32,44,131072,13395608,298.605334,scalar,avx512-vbmi,avx512-vbmi,x86_64,linux,0
1,commit-5-correction-amd-9950x3d,run-2,1,base64-ng,decode,standard,padded,32,44,131072,13405405,298.387106,scalar,avx512-vbmi,avx512-vbmi,x86_64,linux,0
1,commit-5-correction-amd-9950x3d,run-2,2,base64-ng,decode,standard,padded,32,44,131072,13391640,298.693812,scalar,avx512-vbmi,avx512-vbmi,x86_64,linux,0
1,commit-5-correction-amd-9950x3d,run-2,3,base64-ng,decode,standard,padded,32,44,131072,13602697,294.059332,scalar,avx512-vbmi,avx512-vbmi,x86_64,linux,0
1,commit-5-correction-amd-9950x3d,run-2,4,base64-ng,decode,standard,padded,32,44,131072,13465448,297.056585,scalar,avx512-vbmi,avx512-vbmi,x86_64,linux,0
1,commit-5-correction-amd-9950x3d,run-2,0,base64-ng,encode,standard,padded,32,44,131072,14236531,280.967323,ssse3-sse4.1,avx512-vbmi,avx512-vbmi,x86_64,linux,0
1,commit-5-correction-amd-9950x3d,run-2,1,base64-ng,encode,standard,padded,32,44,131072,14151139,282.662760,ssse3-sse4.1,avx512-vbmi,avx512-vbmi,x86_64,linux,0
1,commit-5-correction-amd-9950x3d,run-2,2,base64-ng,encode,standard,padded,32,44,131072,14103970,283.608090,ssse3-sse4.1,avx512-vbmi,avx512-vbmi,x86_64,linux,0
1,commit-5-correction-amd-9950x3d,run-2,3,base64-ng,encode,standard,padded,32,44,131072,14137154,282.942380,ssse3-sse4.1,avx512-vbmi,avx512-vbmi,x86_64,linux,0
1,commit-5-correction-amd-9950x3d,run-2,4,base64-ng,encode,standard,padded,32,44,131072,14180785,282.071832,ssse3-sse4.1,avx512-vbmi,avx512-vbmi,x86_64,linux,0
1,commit-5-correction-amd-9950x3d,run-2,0,base64-ng,decode,standard,padded,32,44,131072,46975562,85.150658,ssse3-sse4.1,avx512-vbmi,avx512-vbmi,x86_64,linux,0
1,commit-5-correction-amd-9950x3d,run-2,1,base64-ng,decode,standard,padded,32,44,131072,47429256,84.336132,ssse3-sse4.1,avx512-vbmi,avx512-vbmi,x86_64,linux,0
1,commit-5-correction-amd-9950x3d,run-2,2,base64-ng,decode,standard,padded,32,44,131072,45822922,87.292556,ssse3-sse4.1,avx512-vbmi,avx512-vbmi,x86_64,linux,0
1,commit-5-correction-amd-9950x3d,run-2,3,base64-ng,decode,standard,padded,32,44,131072,45498501,87.914984,ssse3-sse4.1,avx512-vbmi,avx512-vbmi,x86_64,linux,0
1,commit-5-correction-amd-9950x3d,run-2,4,base64-ng,decode,standard,padded,32,44,131072,45557372,87.801377,ssse3-sse4.1,avx512-vbmi,avx512-vbmi,x86_64,linux,0
1,commit-5-correction-amd-9950x3d,run-2,0,base64-ng,encode,standard,padded,32,44,131072,9979477,400.822608,avx2,avx512-vbmi,avx512-vbmi,x86_64,linux,0
1,commit-5-correction-amd-9950x3d,run-2,1,base64-ng,encode,standard,padded,32,44,131072,9954840,401.814595,avx2,avx512-vbmi,avx512-vbmi,x86_64,linux,0
1,commit-5-correction-amd-9950x3d,run-2,2,base64-ng,encode,standard,padded,32,44,131072,9952024,401.928291,avx2,avx512-vbmi,avx512-vbmi,x86_64,linux,0
1,commit-5-correction-amd-9950x3d,run-2,3,base64-ng,encode,standard,padded,32,44,131072,10116655,395.387606,avx2,avx512-vbmi,avx512-vbmi,x86_64,linux,0
1,commit-5-correction-amd-9950x3d,run-2,4,base64-ng,encode,standard,padded,32,44,131072,10127855,394.950362,avx2,avx512-vbmi,avx512-vbmi,x86_64,linux,0
1,commit-5-correction-amd-9950x3d,run-2,0,base64-ng,decode,standard,padded,32,44,131072,34806233,114.921945,avx2,avx512-vbmi,avx512-vbmi,x86_64,linux,0
1,commit-5-correction-amd-9950x3d,run-2,1,base64-ng,decode,standard,padded,32,44,131072,34070097,117.405008,avx2,avx512-vbmi,avx512-vbmi,x86_64,linux,0
1,commit-5-correction-amd-9950x3d,run-2,2,base64-ng,decode,standard,padded,32,44,131072,33997350,117.656229,avx2,avx512-vbmi,avx512-vbmi,x86_64,linux,0
1,commit-5-correction-amd-9950x3d,run-2,3,base64-ng,decode,standard,padded,32,44,131072,34040993,117.505385,avx2,avx512-vbmi,avx512-vbmi,x86_64,linux,0
1,commit-5-correction-amd-9950x3d,run-2,4,base64-ng,decode,standard,padded,32,44,131072,36649192,109.142925,avx2,avx512-vbmi,avx512-vbmi,x86_64,linux,0
1,commit-5-correction-amd-9950x3d,run-2,0,base64-ng,encode,standard,padded,32,44,131072,11815513,338.537988,avx512-vbmi,avx512-vbmi,avx512-vbmi,x86_64,linux,0
1,commit-5-correction-amd-9950x3d,run-2,1,base64-ng,encode,standard,padded,32,44,131072,11829199,338.146311,avx512-vbmi,avx512-vbmi,avx512-vbmi,x86_64,linux,0
1,commit-5-correction-amd-9950x3d,run-2,2,base64-ng,encode,standard,padded,32,44,131072,11803991,338.868439,avx512-vbmi,avx512-vbmi,avx512-vbmi,x86_64,linux,0
1,commit-5-correction-amd-9950x3d,run-2,3,base64-ng,encode,standard,padded,32,44,131072,12097744,330.640159,avx512-vbmi,avx512-vbmi,avx512-vbmi,x86_64,linux,0
1,commit-5-correction-amd-9950x3d,run-2,4,base64-ng,encode,standard,padded,32,44,131072,11810263,338.688478,avx512-vbmi,avx512-vbmi,avx512-vbmi,x86_64,linux,0
1,commit-5-correction-amd-9950x3d,run-2,0,base64-ng,decode,standard,padded,32,44,131072,36967872,108.202063,avx512-vbmi,avx512-vbmi,avx512-vbmi,x86_64,linux,0
1,commit-5-correction-amd-9950x3d,run-2,1,base64-ng,decode,standard,padded,32,44,131072,34102017,117.295115,avx512-vbmi,avx512-vbmi,avx512-vbmi,x86_64,linux,0
1,commit-5-correction-amd-9950x3d,run-2,2,base64-ng,decode,standard,padded,32,44,131072,34667883,115.380567,avx512-vbmi,avx512-vbmi,avx512-vbmi,x86_64,linux,0
1,commit-5-correction-amd-9950x3d,run-2,3,base64-ng,decode,standard,padded,32,44,131072,34235990,116.836113,avx512-vbmi,avx512-vbmi,avx512-vbmi,x86_64,linux,0
1,commit-5-correction-amd-9950x3d,run-2,4,base64-ng,decode,standard,padded,32,44,131072,34273831,116.707117,avx512-vbmi,avx512-vbmi,avx512-vbmi,x86_64,linux,0
1,commit-5-correction-amd-9950x3d,run-2,0,base64-0.23.0,encode,standard,padded,32,44,131072,1748231,2288.027154,external,avx512-vbmi,avx512-vbmi,x86_64,linux,0
1,commit-5-correction-amd-9950x3d,run-2,1,base64-0.23.0,encode,standard,padded,32,44,131072,1781072,2245.838461,external,avx512-vbmi,avx512-vbmi,x86_64,linux,0
1,commit-5-correction-amd-9950x3d,run-2,2,base64-0.23.0,encode,standard,padded,32,44,131072,1783858,2242.330948,external,avx512-vbmi,avx512-vbmi,x86_64,linux,0
1,commit-5-correction-amd-9950x3d,run-2,3,base64-0.23.0,encode,standard,padded,32,44,131072,1802333,2219.345704,external,avx512-vbmi,avx512-vbmi,x86_64,linux,0
1,commit-5-correction-amd-9950x3d,run-2,4,base64-0.23.0,encode,standard,padded,32,44,131072,1789057,2235.814734,external,avx512-vbmi,avx512-vbmi,x86_64,linux,0
1,commit-5-correction-amd-9950x3d,run-2,0,base64-0.23.0,decode,standard,padded,32,44,131072,2685295,1489.594253,external,avx512-vbmi,avx512-vbmi,x86_64,linux,0
1,commit-5-correction-amd-9950x3d,run-2,1,base64-0.23.0,decode,standard,padded,32,44,131072,2683231,1490.740082,external,avx512-vbmi,avx512-vbmi,x86_64,linux,0
1,commit-5-correction-amd-9950x3d,run-2,2,base64-0.23.0,decode,standard,padded,32,44,131072,2663684,1501.679629,external,avx512-vbmi,avx512-vbmi,x86_64,linux,0
1,commit-5-correction-amd-9950x3d,run-2,3,base64-0.23.0,decode,standard,padded,32,44,131072,2671760,1497.140462,external,avx512-vbmi,avx512-vbmi,x86_64,linux,0
1,commit-5-correction-amd-9950x3d,run-2,4,base64-0.23.0,decode,standard,padded,32,44,131072,2753233,1452.837446,external,avx512-vbmi,avx512-vbmi,x86_64,linux,0
1,commit-5-correction-amd-9950x3d,run-2,0,base64ct-1.8.3,encode,standard,padded,32,44,131072,2867498,1394.944303,external,avx512-vbmi,avx512-vbmi,x86_64,linux,0
1,commit-5-correction-amd-9950x3d,run-2,1,base64ct-1.8.3,encode,standard,padded,32,44,131072,2852690,1402.185306,external,avx512-vbmi,avx512-vbmi,x86_64,linux,0
1,commit-5-correction-amd-9950x3d,run-2,2,base64ct-1.8.3,encode,standard,padded,32,44,131072,2820128,1418.375336,external,avx512-vbmi,avx512-vbmi,x86_64,linux,0
1,commit-5-correction-amd-9950x3d,run-2,3,base64ct-1.8.3,encode,standard,padded,32,44,131072,2828795,1414.029649,external,avx512-vbmi,avx512-vbmi,x86_64,linux,0
1,commit-5-correction-amd-9950x3d,run-2,4,base64ct-1.8.3,encode,standard,padded,32,44,131072,2879601,1389.081335,external,avx512-vbmi,avx512-vbmi,x86_64,linux,0
1,commit-5-correction-amd-9950x3d,run-2,0,base64ct-1.8.3,decode,standard,padded,32,44,131072,7783673,513.896203,external,avx512-vbmi,avx512-vbmi,x86_64,linux,0
1,commit-5-correction-amd-9950x3d,run-2,1,base64ct-1.8.3,decode,standard,padded,32,44,131072,7636206,523.820337,external,avx512-vbmi,avx512-vbmi,x86_64,linux,0
1,commit-5-correction-amd-9950x3d,run-2,2,base64ct-1.8.3,decode,standard,padded,32,44,131072,7661523,522.089407,external,avx512-vbmi,avx512-vbmi,x86_64,linux,0
1,commit-5-correction-amd-9950x3d,run-2,3,base64ct-1.8.3,decode,standard,padded,32,44,131072,7630024,524.244747,external,avx512-vbmi,avx512-vbmi,x86_64,linux,0
1,commit-5-correction-amd-9950x3d,run-2,4,base64ct-1.8.3,decode,standard,padded,32,44,131072,7638289,523.677489,external,avx512-vbmi,avx512-vbmi,x86_64,linux,0
1,commit-5-correction-amd-9950x3d,run-2,0,base64-ng,encode,standard,padded,47,64,89240,12808793,312.283688,auto,avx512-vbmi,avx512-vbmi,x86_64,linux,0
1,commit-5-correction-amd-9950x3d,run-2,1,base64-ng,encode,standard,padded,47,64,89240,11627619,344.006551,auto,avx512-vbmi,avx512-vbmi,x86_64,linux,0
1,commit-5-correction-amd-9950x3d,run-2,2,base64-ng,encode,standard,padded,47,64,89240,11498747,347.861999,auto,avx512-vbmi,avx512-vbmi,x86_64,linux,0
1,commit-5-correction-amd-9950x3d,run-2,3,base64-ng,encode,standard,padded,47,64,89240,11450385,349.331233,auto,avx512-vbmi,avx512-vbmi,x86_64,linux,0
1,commit-5-correction-amd-9950x3d,run-2,4,base64-ng,encode,standard,padded,47,64,89240,11658677,343.090139,auto,avx512-vbmi,avx512-vbmi,x86_64,linux,0
1,commit-5-correction-amd-9950x3d,run-2,0,base64-ng,decode,standard,padded,47,64,89240,30344744,131.817791,auto,avx512-vbmi,avx512-vbmi,x86_64,linux,0
1,commit-5-correction-amd-9950x3d,run-2,1,base64-ng,decode,standard,padded,47,64,89240,30001668,133.325158,auto,avx512-vbmi,avx512-vbmi,x86_64,linux,0
1,commit-5-correction-amd-9950x3d,run-2,2,base64-ng,decode,standard,padded,47,64,89240,30436046,131.422364,auto,avx512-vbmi,avx512-vbmi,x86_64,linux,0
1,commit-5-correction-amd-9950x3d,run-2,3,base64-ng,decode,standard,padded,47,64,89240,29984876,133.399822,auto,avx512-vbmi,avx512-vbmi,x86_64,linux,0
1,commit-5-correction-amd-9950x3d,run-2,4,base64-ng,decode,standard,padded,47,64,89240,30044729,133.134072,auto,avx512-vbmi,avx512-vbmi,x86_64,linux,0
1,commit-5-correction-amd-9950x3d,run-2,0,base64-ng,encode,standard,padded,47,64,89240,11688193,342.223739,scalar,avx512-vbmi,avx512-vbmi,x86_64,linux,0
1,commit-5-correction-amd-9950x3d,run-2,1,base64-ng,encode,standard,padded,47,64,89240,11516159,347.336044,scalar,avx512-vbmi,avx512-vbmi,x86_64,linux,0
1,commit-5-correction-amd-9950x3d,run-2,2,base64-ng,encode,standard,padded,47,64,89240,11459613,349.049930,scalar,avx512-vbmi,avx512-vbmi,x86_64,linux,0
1,commit-5-correction-amd-9950x3d,run-2,3,base64-ng,encode,standard,padded,47,64,89240,12371970,323.309636,scalar,avx512-vbmi,avx512-vbmi,x86_64,linux,0
1,commit-5-correction-amd-9950x3d,run-2,4,base64-ng,encode,standard,padded,47,64,89240,11399409,350.893376,scalar,avx512-vbmi,avx512-vbmi,x86_64,linux,0
1,commit-5-correction-amd-9950x3d,run-2,0,base64-ng,decode,standard,padded,47,64,89240,13204809,302.918210,scalar,avx512-vbmi,avx512-vbmi,x86_64,linux,0
1,commit-5-correction-amd-9950x3d,run-2,1,base64-ng,decode,standard,padded,47,64,89240,13188297,303.297470,scalar,avx512-vbmi,avx512-vbmi,x86_64,linux,0
1,commit-5-correction-amd-9950x3d,run-2,2,base64-ng,decode,standard,padded,47,64,89240,13186694,303.334339,scalar,avx512-vbmi,avx512-vbmi,x86_64,linux,0
1,commit-5-correction-amd-9950x3d,run-2,3,base64-ng,decode,standard,padded,47,64,89240,13319434,300.311343,scalar,avx512-vbmi,avx512-vbmi,x86_64,linux,0
1,commit-5-correction-amd-9950x3d,run-2,4,base64-ng,decode,standard,padded,47,64,89240,13313924,300.435628,scalar,avx512-vbmi,avx512-vbmi,x86_64,linux,0
1,commit-5-correction-amd-9950x3d,run-2,0,base64-ng,encode,standard,padded,47,64,89240,13727142,291.391836,ssse3-sse4.1,avx512-vbmi,avx512-vbmi,x86_64,linux,0
1,commit-5-correction-amd-9950x3d,run-2,1,base64-ng,encode,standard,padded,47,64,89240,13626662,293.540495,ssse3-sse4.1,avx512-vbmi,avx512-vbmi,x86_64,linux,0
1,commit-5-correction-amd-9950x3d,run-2,2,base64-ng,encode,standard,padded,47,64,89240,13660886,292.805102,ssse3-sse4.1,avx512-vbmi,avx512-vbmi,x86_64,linux,0
1,commit-5-correction-amd-9950x3d,run-2,3,base64-ng,encode,standard,padded,47,64,89240,13772988,290.421883,ssse3-sse4.1,avx512-vbmi,avx512-vbmi,x86_64,linux,0
1,commit-5-correction-amd-9950x3d,run-2,4,base64-ng,encode,standard,padded,47,64,89240,13650667,293.024298,ssse3-sse4.1,avx512-vbmi,avx512-vbmi,x86_64,linux,0
1,commit-5-correction-amd-9950x3d,run-2,0,base64-ng,decode,standard,padded,47,64,89240,54617969,73.235552,ssse3-sse4.1,avx512-vbmi,avx512-vbmi,x86_64,linux,0
1,commit-5-correction-amd-9950x3d,run-2,1,base64-ng,decode,standard,padded,47,64,89240,56746295,70.488780,ssse3-sse4.1,avx512-vbmi,avx512-vbmi,x86_64,linux,0
1,commit-5-correction-amd-9950x3d,run-2,2,base64-ng,decode,standard,padded,47,64,89240,55651023,71.876075,ssse3-sse4.1,avx512-vbmi,avx512-vbmi,x86_64,linux,0
1,commit-5-correction-amd-9950x3d,run-2,3,base64-ng,decode,standard,padded,47,64,89240,55321743,72.303888,ssse3-sse4.1,avx512-vbmi,avx512-vbmi,x86_64,linux,0
1,commit-5-correction-amd-9950x3d,run-2,4,base64-ng,decode,standard,padded,47,64,89240,55651865,71.874988,ssse3-sse4.1,avx512-vbmi,avx512-vbmi,x86_64,linux,0
1,commit-5-correction-amd-9950x3d,run-2,0,base64-ng,encode,standard,padded,47,64,89240,10704963,373.656323,avx2,avx512-vbmi,avx512-vbmi,x86_64,linux,0
1,commit-5-correction-amd-9950x3d,run-2,1,base64-ng,encode,standard,padded,47,64,89240,10641813,375.873652,avx2,avx512-vbmi,avx512-vbmi,x86_64,linux,0
1,commit-5-correction-amd-9950x3d,run-2,2,base64-ng,encode,standard,padded,47,64,89240,10437839,383.218893,avx2,avx512-vbmi,avx512-vbmi,x86_64,linux,0
1,commit-5-correction-amd-9950x3d,run-2,3,base64-ng,encode,standard,padded,47,64,89240,10358129,386.167918,avx2,avx512-vbmi,avx512-vbmi,x86_64,linux,0
1,commit-5-correction-amd-9950x3d,run-2,4,base64-ng,encode,standard,padded,47,64,89240,10409115,384.276388,avx2,avx512-vbmi,avx512-vbmi,x86_64,linux,0
1,commit-5-correction-amd-9950x3d,run-2,0,base64-ng,decode,standard,padded,47,64,89240,38404276,104.154473,avx2,avx512-vbmi,avx512-vbmi,x86_64,linux,0
1,commit-5-correction-amd-9950x3d,run-2,1,base64-ng,decode,standard,padded,47,64,89240,38700704,103.356702,avx2,avx512-vbmi,avx512-vbmi,x86_64,linux,0
1,commit-5-correction-amd-9950x3d,run-2,2,base64-ng,decode,standard,padded,47,64,89240,38489227,103.924589,avx2,avx512-vbmi,avx512-vbmi,x86_64,linux,0
1,commit-5-correction-amd-9950x3d,run-2,3,base64-ng,decode,standard,padded,47,64,89240,38772860,103.164355,avx2,avx512-vbmi,avx512-vbmi,x86_64,linux,0
1,commit-5-correction-amd-9950x3d,run-2,4,base64-ng,decode,standard,padded,47,64,89240,38523230,103.832859,avx2,avx512-vbmi,avx512-vbmi,x86_64,linux,0
1,commit-5-correction-amd-9950x3d,run-2,0,base64-ng,encode,standard,padded,47,64,89240,11672223,342.691972,avx512-vbmi,avx512-vbmi,avx512-vbmi,x86_64,linux,0
1,commit-5-correction-amd-9950x3d,run-2,1,base64-ng,encode,standard,padded,47,64,89240,12265901,326.105446,avx512-vbmi,avx512-vbmi,avx512-vbmi,x86_64,linux,0
1,commit-5-correction-amd-9950x3d,run-2,2,base64-ng,encode,standard,padded,47,64,89240,14044449,284.808405,avx512-vbmi,avx512-vbmi,avx512-vbmi,x86_64,linux,0
1,commit-5-correction-amd-9950x3d,run-2,3,base64-ng,encode,standard,padded,47,64,89240,11784764,339.419365,avx512-vbmi,avx512-vbmi,avx512-vbmi,x86_64,linux,0
1,commit-5-correction-amd-9950x3d,run-2,4,base64-ng,encode,standard,padded,47,64,89240,12028504,332.541529,avx512-vbmi,avx512-vbmi,avx512-vbmi,x86_64,linux,0
1,commit-5-correction-amd-9950x3d,run-2,0,base64-ng,decode,standard,padded,47,64,89240,30710844,130.246408,avx512-vbmi,avx512-vbmi,avx512-vbmi,x86_64,linux,0
1,commit-5-correction-amd-9950x3d,run-2,1,base64-ng,decode,standard,padded,47,64,89240,30571942,130.838175,avx512-vbmi,avx512-vbmi,avx512-vbmi,x86_64,linux,0
1,commit-5-correction-amd-9950x3d,run-2,2,base64-ng,decode,standard,padded,47,64,89240,30288388,132.063057,avx512-vbmi,avx512-vbmi,avx512-vbmi,x86_64,linux,0
1,commit-5-correction-amd-9950x3d,run-2,3,base64-ng,decode,standard,padded,47,64,89240,30226552,132.333225,avx512-vbmi,avx512-vbmi,avx512-vbmi,x86_64,linux,0
1,commit-5-correction-amd-9950x3d,run-2,4,base64-ng,decode,standard,padded,47,64,89240,30474178,131.257917,avx512-vbmi,avx512-vbmi,avx512-vbmi,x86_64,linux,0
1,commit-5-correction-amd-9950x3d,run-2,0,base64-0.23.0,encode,standard,padded,47,64,89240,1584162,2524.979839,external,avx512-vbmi,avx512-vbmi,x86_64,linux,0
1,commit-5-correction-amd-9950x3d,run-2,1,base64-0.23.0,encode,standard,padded,47,64,89240,1590093,2515.561739,external,avx512-vbmi,avx512-vbmi,x86_64,linux,0
1,commit-5-correction-amd-9950x3d,run-2,2,base64-0.23.0,encode,standard,padded,47,64,89240,1620701,2468.053708,external,avx512-vbmi,avx512-vbmi,x86_64,linux,0
1,commit-5-correction-amd-9950x3d,run-2,3,base64-0.23.0,encode,standard,padded,47,64,89240,1627264,2458.099676,external,avx512-vbmi,avx512-vbmi,x86_64,linux,0
1,commit-5-correction-amd-9950x3d,run-2,4,base64-0.23.0,encode,standard,padded,47,64,89240,1616954,2473.772978,external,avx512-vbmi,avx512-vbmi,x86_64,linux,0
1,commit-5-correction-amd-9950x3d,run-2,0,base64-0.23.0,decode,standard,padded,47,64,89240,2268090,1763.588355,external,avx512-vbmi,avx512-vbmi,x86_64,linux,0
1,commit-5-correction-amd-9950x3d,run-2,1,base64-0.23.0,decode,standard,padded,47,64,89240,2256198,1772.883901,external,avx512-vbmi,avx512-vbmi,x86_64,linux,0
1,commit-5-correction-amd-9950x3d,run-2,2,base64-0.23.0,decode,standard,padded,47,64,89240,2257029,1772.231155,external,avx512-vbmi,avx512-vbmi,x86_64,linux,0
1,commit-5-correction-amd-9950x3d,run-2,3,base64-0.23.0,decode,standard,padded,47,64,89240,2248322,1779.094414,external,avx512-vbmi,avx512-vbmi,x86_64,linux,0
1,commit-5-correction-amd-9950x3d,run-2,4,base64-0.23.0,decode,standard,padded,47,64,89240,2259423,1770.353365,external,avx512-vbmi,avx512-vbmi,x86_64,linux,0
1,commit-5-correction-amd-9950x3d,run-2,0,base64ct-1.8.3,encode,standard,padded,47,64,89240,2665468,1500.665966,external,avx512-vbmi,avx512-vbmi,x86_64,linux,0
1,commit-5-correction-amd-9950x3d,run-2,1,base64ct-1.8.3,encode,standard,padded,47,64,89240,2646523,1511.408407,external,avx512-vbmi,avx512-vbmi,x86_64,linux,0
1,commit-5-correction-amd-9950x3d,run-2,2,base64ct-1.8.3,encode,standard,padded,47,64,89240,2668704,1498.846298,external,avx512-vbmi,avx512-vbmi,x86_64,linux,0
1,commit-5-correction-amd-9950x3d,run-2,3,base64ct-1.8.3,encode,standard,padded,47,64,89240,2638507,1516.000189,external,avx512-vbmi,avx512-vbmi,x86_64,linux,0
1,commit-5-correction-amd-9950x3d,run-2,4,base64ct-1.8.3,encode,standard,padded,47,64,89240,2640230,1515.010856,external,avx512-vbmi,avx512-vbmi,x86_64,linux,0
1,commit-5-correction-amd-9950x3d,run-2,0,base64ct-1.8.3,decode,standard,padded,47,64,89240,6733736,594.020483,external,avx512-vbmi,avx512-vbmi,x86_64,linux,0
1,commit-5-correction-amd-9950x3d,run-2,1,base64ct-1.8.3,decode,standard,padded,47,64,89240,6720301,595.208029,external,avx512-vbmi,avx512-vbmi,x86_64,linux,0
1,commit-5-correction-amd-9950x3d,run-2,2,base64ct-1.8.3,decode,standard,padded,47,64,89240,6712016,595.942726,external,avx512-vbmi,avx512-vbmi,x86_64,linux,0
1,commit-5-correction-amd-9950x3d,run-2,3,base64ct-1.8.3,decode,standard,padded,47,64,89240,6702247,596.811355,external,avx512-vbmi,avx512-vbmi,x86_64,linux,0
1,commit-5-correction-amd-9950x3d,run-2,4,base64ct-1.8.3,decode,standard,padded,47,64,89240,6714540,595.718711,external,avx512-vbmi,avx512-vbmi,x86_64,linux,0
1,commit-5-correction-amd-9950x3d,run-2,0,base64-ng,encode,standard,padded,48,64,87381,6154996,649.876091,auto,avx512-vbmi,avx512-vbmi,x86_64,linux,0
1,commit-5-correction-amd-9950x3d,run-2,1,base64-ng,encode,standard,padded,48,64,87381,6246549,640.351135,auto,avx512-vbmi,avx512-vbmi,x86_64,linux,0
1,commit-5-correction-amd-9950x3d,run-2,2,base64-ng,encode,standard,padded,48,64,87381,6289059,636.022772,auto,avx512-vbmi,avx512-vbmi,x86_64,linux,0
1,commit-5-correction-amd-9950x3d,run-2,3,base64-ng,encode,standard,padded,48,64,87381,6292495,635.675474,auto,avx512-vbmi,avx512-vbmi,x86_64,linux,0
1,commit-5-correction-amd-9950x3d,run-2,4,base64-ng,encode,standard,padded,48,64,87381,6815411,586.902938,auto,avx512-vbmi,avx512-vbmi,x86_64,linux,0
1,commit-5-correction-amd-9950x3d,run-2,0,base64-ng,decode,standard,padded,48,64,87381,29654254,134.887384,auto,avx512-vbmi,avx512-vbmi,x86_64,linux,0
1,commit-5-correction-amd-9950x3d,run-2,1,base64-ng,decode,standard,padded,48,64,87381,29257758,136.715354,auto,avx512-vbmi,avx512-vbmi,x86_64,linux,0
1,commit-5-correction-amd-9950x3d,run-2,2,base64-ng,decode,standard,padded,48,64,87381,31228629,128.087107,auto,avx512-vbmi,avx512-vbmi,x86_64,linux,0
1,commit-5-correction-amd-9950x3d,run-2,3,base64-ng,decode,standard,padded,48,64,87381,29245765,136.771418,auto,avx512-vbmi,avx512-vbmi,x86_64,linux,0
1,commit-5-correction-amd-9950x3d,run-2,4,base64-ng,decode,standard,padded,48,64,87381,29019239,137.839064,auto,avx512-vbmi,avx512-vbmi,x86_64,linux,0
1,commit-5-correction-amd-9950x3d,run-2,0,base64-ng,encode,standard,padded,48,64,87381,11593315,345.025106,scalar,avx512-vbmi,avx512-vbmi,x86_64,linux,0
1,commit-5-correction-amd-9950x3d,run-2,1,base64-ng,encode,standard,padded,48,64,87381,11802979,338.896201,scalar,avx512-vbmi,avx512-vbmi,x86_64,linux,0
1,commit-5-correction-amd-9950x3d,run-2,2,base64-ng,encode,standard,padded,48,64,87381,11909650,335.860814,scalar,avx512-vbmi,avx512-vbmi,x86_64,linux,0
1,commit-5-correction-amd-9950x3d,run-2,3,base64-ng,encode,standard,padded,48,64,87381,11612310,344.460727,scalar,avx512-vbmi,avx512-vbmi,x86_64,linux,0
1,commit-5-correction-amd-9950x3d,run-2,4,base64-ng,encode,standard,padded,48,64,87381,11454743,349.198995,scalar,avx512-vbmi,avx512-vbmi,x86_64,linux,0
1,commit-5-correction-amd-9950x3d,run-2,0,base64-ng,decode,standard,padded,48,64,87381,12826706,311.848166,scalar,avx512-vbmi,avx512-vbmi,x86_64,linux,0
1,commit-5-correction-amd-9950x3d,run-2,1,base64-ng,decode,standard,padded,48,64,87381,13033977,306.889044,scalar,avx512-vbmi,avx512-vbmi,x86_64,linux,0
1,commit-5-correction-amd-9950x3d,run-2,2,base64-ng,decode,standard,padded,48,64,87381,13342367,299.795736,scalar,avx512-vbmi,avx512-vbmi,x86_64,linux,0
1,commit-5-correction-amd-9950x3d,run-2,3,base64-ng,decode,standard,padded,48,64,87381,12872292,310.743785,scalar,avx512-vbmi,avx512-vbmi,x86_64,linux,0
1,commit-5-correction-amd-9950x3d,run-2,4,base64-ng,decode,standard,padded,48,64,87381,12852395,311.224853,scalar,avx512-vbmi,avx512-vbmi,x86_64,linux,0
1,commit-5-correction-amd-9950x3d,run-2,0,base64-ng,encode,standard,padded,48,64,87381,14914948,268.186302,ssse3-sse4.1,avx512-vbmi,avx512-vbmi,x86_64,linux,0
1,commit-5-correction-amd-9950x3d,run-2,1,base64-ng,encode,standard,padded,48,64,87381,14960954,267.361610,ssse3-sse4.1,avx512-vbmi,avx512-vbmi,x86_64,linux,0
1,commit-5-correction-amd-9950x3d,run-2,2,base64-ng,encode,standard,padded,48,64,87381,15259106,262.137555,ssse3-sse4.1,avx512-vbmi,avx512-vbmi,x86_64,linux,0
1,commit-5-correction-amd-9950x3d,run-2,3,base64-ng,encode,standard,padded,48,64,87381,14908886,268.295347,ssse3-sse4.1,avx512-vbmi,avx512-vbmi,x86_64,linux,0
1,commit-5-correction-amd-9950x3d,run-2,4,base64-ng,encode,standard,padded,48,64,87381,14457386,276.674133,ssse3-sse4.1,avx512-vbmi,avx512-vbmi,x86_64,linux,0
1,commit-5-correction-amd-9950x3d,run-2,0,base64-ng,decode,standard,padded,48,64,87381,53748562,74.420312,ssse3-sse4.1,avx512-vbmi,avx512-vbmi,x86_64,linux,0
1,commit-5-correction-amd-9950x3d,run-2,1,base64-ng,decode,standard,padded,48,64,87381,53482591,74.790407,ssse3-sse4.1,avx512-vbmi,avx512-vbmi,x86_64,linux,0
1,commit-5-correction-amd-9950x3d,run-2,2,base64-ng,decode,standard,padded,48,64,87381,53315557,75.024720,ssse3-sse4.1,avx512-vbmi,avx512-vbmi,x86_64,linux,0
1,commit-5-correction-amd-9950x3d,run-2,3,base64-ng,decode,standard,padded,48,64,87381,54619061,73.234228,ssse3-sse4.1,avx512-vbmi,avx512-vbmi,x86_64,linux,0
1,commit-5-correction-amd-9950x3d,run-2,4,base64-ng,decode,standard,padded,48,64,87381,53762228,74.401395,ssse3-sse4.1,avx512-vbmi,avx512-vbmi,x86_64,linux,0
1,commit-5-correction-amd-9950x3d,run-2,0,base64-ng,encode,standard,padded,48,64,87381,8774188,455.880902,avx2,avx512-vbmi,avx512-vbmi,x86_64,linux,0
1,commit-5-correction-amd-9950x3d,run-2,1,base64-ng,encode,standard,padded,48,64,87381,8800346,454.525849,avx2,avx512-vbmi,avx512-vbmi,x86_64,linux,0
1,commit-5-correction-amd-9950x3d,run-2,2,base64-ng,encode,standard,padded,48,64,87381,8955870,446.632738,avx2,avx512-vbmi,avx512-vbmi,x86_64,linux,0
1,commit-5-correction-amd-9950x3d,run-2,3,base64-ng,encode,standard,padded,48,64,87381,9913893,403.472656,avx2,avx512-vbmi,avx512-vbmi,x86_64,linux,0
1,commit-5-correction-amd-9950x3d,run-2,4,base64-ng,encode,standard,padded,48,64,87381,9773579,409.265095,avx2,avx512-vbmi,avx512-vbmi,x86_64,linux,0
1,commit-5-correction-amd-9950x3d,run-2,0,base64-ng,decode,standard,padded,48,64,87381,37497118,106.674458,avx2,avx512-vbmi,avx512-vbmi,x86_64,linux,0
1,commit-5-correction-amd-9950x3d,run-2,1,base64-ng,decode,standard,padded,48,64,87381,37025240,108.033999,avx2,avx512-vbmi,avx512-vbmi,x86_64,linux,0
1,commit-5-correction-amd-9950x3d,run-2,2,base64-ng,decode,standard,padded,48,64,87381,37007707,108.085182,avx2,avx512-vbmi,avx512-vbmi,x86_64,linux,0
1,commit-5-correction-amd-9950x3d,run-2,3,base64-ng,decode,standard,padded,48,64,87381,37306971,107.218159,avx2,avx512-vbmi,avx512-vbmi,x86_64,linux,0
1,commit-5-correction-amd-9950x3d,run-2,4,base64-ng,decode,standard,padded,48,64,87381,37348939,107.097681,avx2,avx512-vbmi,avx512-vbmi,x86_64,linux,0
1,commit-5-correction-amd-9950x3d,run-2,0,base64-ng,encode,standard,padded,48,64,87381,5184189,771.573865,avx512-vbmi,avx512-vbmi,avx512-vbmi,x86_64,linux,0
1,commit-5-correction-amd-9950x3d,run-2,1,base64-ng,encode,standard,padded,48,64,87381,5188908,770.872164,avx512-vbmi,avx512-vbmi,avx512-vbmi,x86_64,linux,0
1,commit-5-correction-amd-9950x3d,run-2,2,base64-ng,encode,standard,padded,48,64,87381,5192014,770.411008,avx512-vbmi,avx512-vbmi,avx512-vbmi,x86_64,linux,0
1,commit-5-correction-amd-9950x3d,run-2,3,base64-ng,encode,standard,padded,48,64,87381,5189410,770.797594,avx512-vbmi,avx512-vbmi,avx512-vbmi,x86_64,linux,0
1,commit-5-correction-amd-9950x3d,run-2,4,base64-ng,encode,standard,padded,48,64,87381,5209106,767.883153,avx512-vbmi,avx512-vbmi,avx512-vbmi,x86_64,linux,0
1,commit-5-correction-amd-9950x3d,run-2,0,base64-ng,decode,standard,padded,48,64,87381,29059655,137.647358,avx512-vbmi,avx512-vbmi,avx512-vbmi,x86_64,linux,0
1,commit-5-correction-amd-9950x3d,run-2,1,base64-ng,decode,standard,padded,48,64,87381,29104059,137.437350,avx512-vbmi,avx512-vbmi,avx512-vbmi,x86_64,linux,0
1,commit-5-correction-amd-9950x3d,run-2,2,base64-ng,decode,standard,padded,48,64,87381,30093351,132.919220,avx512-vbmi,avx512-vbmi,avx512-vbmi,x86_64,linux,0
1,commit-5-correction-amd-9950x3d,run-2,3,base64-ng,decode,standard,padded,48,64,87381,29848100,134.011369,avx512-vbmi,avx512-vbmi,avx512-vbmi,x86_64,linux,0
1,commit-5-correction-amd-9950x3d,run-2,4,base64-ng,decode,standard,padded,48,64,87381,29203766,136.968114,avx512-vbmi,avx512-vbmi,avx512-vbmi,x86_64,linux,0
1,commit-5-correction-amd-9950x3d,run-2,0,base64-0.23.0,encode,standard,padded,48,64,87381,1537625,2601.404596,external,avx512-vbmi,avx512-vbmi,x86_64,linux,0
1,commit-5-correction-amd-9950x3d,run-2,1,base64-0.23.0,encode,standard,padded,48,64,87381,1540450,2596.633932,external,avx512-vbmi,avx512-vbmi,x86_64,linux,0
1,commit-5-correction-amd-9950x3d,run-2,2,base64-0.23.0,encode,standard,padded,48,64,87381,1558394,2566.735204,external,avx512-vbmi,avx512-vbmi,x86_64,linux,0
1,commit-5-correction-amd-9950x3d,run-2,3,base64-0.23.0,encode,standard,padded,48,64,87381,1570737,2546.565556,external,avx512-vbmi,avx512-vbmi,x86_64,linux,0
1,commit-5-correction-amd-9950x3d,run-2,4,base64-0.23.0,encode,standard,padded,48,64,87381,1565627,2554.877210,external,avx512-vbmi,avx512-vbmi,x86_64,linux,0
1,commit-5-correction-amd-9950x3d,run-2,0,base64-0.23.0,decode,standard,padded,48,64,87381,2198599,1819.333467,external,avx512-vbmi,avx512-vbmi,x86_64,linux,0
1,commit-5-correction-amd-9950x3d,run-2,1,base64-0.23.0,decode,standard,padded,48,64,87381,2192648,1824.271265,external,avx512-vbmi,avx512-vbmi,x86_64,linux,0
1,commit-5-correction-amd-9950x3d,run-2,2,base64-0.23.0,decode,standard,padded,48,64,87381,2191124,1825.540107,external,avx512-vbmi,avx512-vbmi,x86_64,linux,0
1,commit-5-correction-amd-9950x3d,run-2,3,base64-0.23.0,decode,standard,padded,48,64,87381,2185775,1830.007545,external,avx512-vbmi,avx512-vbmi,x86_64,linux,0
1,commit-5-correction-amd-9950x3d,run-2,4,base64-0.23.0,decode,standard,padded,48,64,87381,2188240,1827.946085,external,avx512-vbmi,avx512-vbmi,x86_64,linux,0
1,commit-5-correction-amd-9950x3d,run-2,0,base64ct-1.8.3,encode,standard,padded,48,64,87381,2319246,1724.691879,external,avx512-vbmi,avx512-vbmi,x86_64,linux,0
1,commit-5-correction-amd-9950x3d,run-2,1,base64ct-1.8.3,encode,standard,padded,48,64,87381,2295241,1742.729736,external,avx512-vbmi,avx512-vbmi,x86_64,linux,0
1,commit-5-correction-amd-9950x3d,run-2,2,base64ct-1.8.3,encode,standard,padded,48,64,87381,2313425,1729.031519,external,avx512-vbmi,avx512-vbmi,x86_64,linux,0
1,commit-5-correction-amd-9950x3d,run-2,3,base64ct-1.8.3,encode,standard,padded,48,64,87381,2310369,1731.318565,external,avx512-vbmi,avx512-vbmi,x86_64,linux,0
1,commit-5-correction-amd-9950x3d,run-2,4,base64ct-1.8.3,encode,standard,padded,48,64,87381,2316601,1726.661061,external,avx512-vbmi,avx512-vbmi,x86_64,linux,0
1,commit-5-correction-amd-9950x3d,run-2,0,base64ct-1.8.3,decode,standard,padded,48,64,87381,5780341,691.998057,external,avx512-vbmi,avx512-vbmi,x86_64,linux,0
1,commit-5-correction-amd-9950x3d,run-2,1,base64ct-1.8.3,decode,standard,padded,48,64,87381,5784690,691.477805,external,avx512-vbmi,avx512-vbmi,x86_64,linux,0
1,commit-5-correction-amd-9950x3d,run-2,2,base64ct-1.8.3,decode,standard,padded,48,64,87381,5783428,691.628692,external,avx512-vbmi,avx512-vbmi,x86_64,linux,0
1,commit-5-correction-amd-9950x3d,run-2,3,base64ct-1.8.3,decode,standard,padded,48,64,87381,5785851,691.339051,external,avx512-vbmi,avx512-vbmi,x86_64,linux,0
1,commit-5-correction-amd-9950x3d,run-2,4,base64ct-1.8.3,decode,standard,padded,48,64,87381,5787234,691.173839,external,avx512-vbmi,avx512-vbmi,x86_64,linux,0
1,commit-5-correction-amd-9950x3d,run-2,0,base64-ng,encode,standard,padded,63,84,66576,7417564,539.258541,auto,avx512-vbmi,avx512-vbmi,x86_64,linux,0
1,commit-5-correction-amd-9950x3d,run-2,1,base64-ng,encode,standard,padded,63,84,66576,7310191,547.179238,auto,avx512-vbmi,avx512-vbmi,x86_64,linux,0
1,commit-5-correction-amd-9950x3d,run-2,2,base64-ng,encode,standard,padded,63,84,66576,7290694,548.642522,auto,avx512-vbmi,avx512-vbmi,x86_64,linux,0
1,commit-5-correction-amd-9950x3d,run-2,3,base64-ng,encode,standard,padded,63,84,66576,7284744,549.090639,auto,avx512-vbmi,avx512-vbmi,x86_64,linux,0
1,commit-5-correction-amd-9950x3d,run-2,4,base64-ng,encode,standard,padded,63,84,66576,7299892,547.951222,auto,avx512-vbmi,avx512-vbmi,x86_64,linux,0
1,commit-5-correction-amd-9950x3d,run-2,0,base64-ng,decode,standard,padded,63,84,66576,35152454,113.789630,auto,avx512-vbmi,avx512-vbmi,x86_64,linux,0
1,commit-5-correction-amd-9950x3d,run-2,1,base64-ng,decode,standard,padded,63,84,66576,36319021,110.134707,auto,avx512-vbmi,avx512-vbmi,x86_64,linux,0
1,commit-5-correction-amd-9950x3d,run-2,2,base64-ng,decode,standard,padded,63,84,66576,35285104,113.361852,auto,avx512-vbmi,avx512-vbmi,x86_64,linux,0
1,commit-5-correction-amd-9950x3d,run-2,3,base64-ng,decode,standard,padded,63,84,66576,35201708,113.630416,auto,avx512-vbmi,avx512-vbmi,x86_64,linux,0
1,commit-5-correction-amd-9950x3d,run-2,4,base64-ng,decode,standard,padded,63,84,66576,35176731,113.711099,auto,avx512-vbmi,avx512-vbmi,x86_64,linux,0
1,commit-5-correction-amd-9950x3d,run-2,0,base64-ng,encode,standard,padded,63,84,66576,4294044,931.519272,scalar,avx512-vbmi,avx512-vbmi,x86_64,linux,0
1,commit-5-correction-amd-9950x3d,run-2,1,base64-ng,encode,standard,padded,63,84,66576,4245432,942.185563,scalar,avx512-vbmi,avx512-vbmi,x86_64,linux,0
1,commit-5-correction-amd-9950x3d,run-2,2,base64-ng,encode,standard,padded,63,84,66576,4237597,943.927594,scalar,avx512-vbmi,avx512-vbmi,x86_64,linux,0
1,commit-5-correction-amd-9950x3d,run-2,3,base64-ng,encode,standard,padded,63,84,66576,4235252,944.450234,scalar,avx512-vbmi,avx512-vbmi,x86_64,linux,0
1,commit-5-correction-amd-9950x3d,run-2,4,base64-ng,encode,standard,padded,63,84,66576,4253287,940.445529,scalar,avx512-vbmi,avx512-vbmi,x86_64,linux,0
1,commit-5-correction-amd-9950x3d,run-2,0,base64-ng,decode,standard,padded,63,84,66576,12674920,315.582642,scalar,avx512-vbmi,avx512-vbmi,x86_64,linux,0
1,commit-5-correction-amd-9950x3d,run-2,1,base64-ng,decode,standard,padded,63,84,66576,12672406,315.645249,scalar,avx512-vbmi,avx512-vbmi,x86_64,linux,0
1,commit-5-correction-amd-9950x3d,run-2,2,base64-ng,decode,standard,padded,63,84,66576,12690340,315.199178,scalar,avx512-vbmi,avx512-vbmi,x86_64,linux,0
1,commit-5-correction-amd-9950x3d,run-2,3,base64-ng,decode,standard,padded,63,84,66576,12694087,315.106139,scalar,avx512-vbmi,avx512-vbmi,x86_64,linux,0
1,commit-5-correction-amd-9950x3d,run-2,4,base64-ng,decode,standard,padded,63,84,66576,12682395,315.396638,scalar,avx512-vbmi,avx512-vbmi,x86_64,linux,0
1,commit-5-correction-amd-9950x3d,run-2,0,base64-ng,encode,standard,padded,63,84,66576,13700331,291.962635,ssse3-sse4.1,avx512-vbmi,avx512-vbmi,x86_64,linux,0
1,commit-5-correction-amd-9950x3d,run-2,1,base64-ng,encode,standard,padded,63,84,66576,13799278,289.869132,ssse3-sse4.1,avx512-vbmi,avx512-vbmi,x86_64,linux,0
1,commit-5-correction-amd-9950x3d,run-2,2,base64-ng,encode,standard,padded,63,84,66576,14214479,281.402135,ssse3-sse4.1,avx512-vbmi,avx512-vbmi,x86_64,linux,0
1,commit-5-correction-amd-9950x3d,run-2,3,base64-ng,encode,standard,padded,63,84,66576,14193349,281.821066,ssse3-sse4.1,avx512-vbmi,avx512-vbmi,x86_64,linux,0
1,commit-5-correction-amd-9950x3d,run-2,4,base64-ng,encode,standard,padded,63,84,66576,13724467,291.449186,ssse3-sse4.1,avx512-vbmi,avx512-vbmi,x86_64,linux,0
1,commit-5-correction-amd-9950x3d,run-2,0,base64-ng,decode,standard,padded,63,84,66576,51449043,77.746533,ssse3-sse4.1,avx512-vbmi,avx512-vbmi,x86_64,linux,0
1,commit-5-correction-amd-9950x3d,run-2,1,base64-ng,decode,standard,padded,63,84,66576,52990906,75.484362,ssse3-sse4.1,avx512-vbmi,avx512-vbmi,x86_64,linux,0
1,commit-5-correction-amd-9950x3d,run-2,2,base64-ng,decode,standard,padded,63,84,66576,50337962,79.462588,ssse3-sse4.1,avx512-vbmi,avx512-vbmi,x86_64,linux,0
1,commit-5-correction-amd-9950x3d,run-2,3,base64-ng,decode,standard,padded,63,84,66576,50144638,79.768942,ssse3-sse4.1,avx512-vbmi,avx512-vbmi,x86_64,linux,0
1,commit-5-correction-amd-9950x3d,run-2,4,base64-ng,decode,standard,padded,63,84,66576,50335607,79.466306,ssse3-sse4.1,avx512-vbmi,avx512-vbmi,x86_64,linux,0
1,commit-5-correction-amd-9950x3d,run-2,0,base64-ng,encode,standard,padded,63,84,66576,8739923,457.668190,avx2,avx512-vbmi,avx512-vbmi,x86_64,linux,0
1,commit-5-correction-amd-9950x3d,run-2,1,base64-ng,encode,standard,padded,63,84,66576,9290990,430.522984,avx2,avx512-vbmi,avx512-vbmi,x86_64,linux,0
1,commit-5-correction-amd-9950x3d,run-2,2,base64-ng,encode,standard,padded,63,84,66576,9314695,429.427345,avx2,avx512-vbmi,avx512-vbmi,x86_64,linux,0
1,commit-5-correction-amd-9950x3d,run-2,3,base64-ng,encode,standard,padded,63,84,66576,9294046,430.381423,avx2,avx512-vbmi,avx512-vbmi,x86_64,linux,0
1,commit-5-correction-amd-9950x3d,run-2,4,base64-ng,encode,standard,padded,63,84,66576,9258158,432.049738,avx2,avx512-vbmi,avx512-vbmi,x86_64,linux,0
1,commit-5-correction-amd-9950x3d,run-2,0,base64-ng,decode,standard,padded,63,84,66576,41411217,96.591818,avx2,avx512-vbmi,avx512-vbmi,x86_64,linux,0
1,commit-5-correction-amd-9950x3d,run-2,1,base64-ng,decode,standard,padded,63,84,66576,42552335,94.001533,avx2,avx512-vbmi,avx512-vbmi,x86_64,linux,0
1,commit-5-correction-amd-9950x3d,run-2,2,base64-ng,decode,standard,padded,63,84,66576,41857547,95.561853,avx2,avx512-vbmi,avx512-vbmi,x86_64,linux,0
1,commit-5-correction-amd-9950x3d,run-2,3,base64-ng,decode,standard,padded,63,84,66576,41515172,96.349950,avx2,avx512-vbmi,avx512-vbmi,x86_64,linux,0
1,commit-5-correction-amd-9950x3d,run-2,4,base64-ng,decode,standard,padded,63,84,66576,43128430,92.745893,avx2,avx512-vbmi,avx512-vbmi,x86_64,linux,0
1,commit-5-correction-amd-9950x3d,run-2,0,base64-ng,encode,standard,padded,63,84,66576,6757621,591.922030,avx512-vbmi,avx512-vbmi,avx512-vbmi,x86_64,linux,0
1,commit-5-correction-amd-9950x3d,run-2,1,base64-ng,encode,standard,padded,63,84,66576,6656952,600.873304,avx512-vbmi,avx512-vbmi,avx512-vbmi,x86_64,linux,0
1,commit-5-correction-amd-9950x3d,run-2,2,base64-ng,encode,standard,padded,63,84,66576,6608370,605.290675,avx512-vbmi,avx512-vbmi,avx512-vbmi,x86_64,linux,0
1,commit-5-correction-amd-9950x3d,run-2,3,base64-ng,encode,standard,padded,63,84,66576,6631574,603.172752,avx512-vbmi,avx512-vbmi,avx512-vbmi,x86_64,linux,0
1,commit-5-correction-amd-9950x3d,run-2,4,base64-ng,encode,standard,padded,63,84,66576,6569968,608.828649,avx512-vbmi,avx512-vbmi,avx512-vbmi,x86_64,linux,0
1,commit-5-correction-amd-9950x3d,run-2,0,base64-ng,decode,standard,padded,63,84,66576,34511248,115.903799,avx512-vbmi,avx512-vbmi,avx512-vbmi,x86_64,linux,0
1,commit-5-correction-amd-9950x3d,run-2,1,base64-ng,decode,standard,padded,63,84,66576,34618490,115.544749,avx512-vbmi,avx512-vbmi,avx512-vbmi,x86_64,linux,0
1,commit-5-correction-amd-9950x3d,run-2,2,base64-ng,decode,standard,padded,63,84,66576,34598182,115.612570,avx512-vbmi,avx512-vbmi,avx512-vbmi,x86_64,linux,0
1,commit-5-correction-amd-9950x3d,run-2,3,base64-ng,decode,standard,padded,63,84,66576,35553560,112.505885,avx512-vbmi,avx512-vbmi,avx512-vbmi,x86_64,linux,0
1,commit-5-correction-amd-9950x3d,run-2,4,base64-ng,decode,standard,padded,63,84,66576,34825288,114.858626,avx512-vbmi,avx512-vbmi,avx512-vbmi,x86_64,linux,0
1,commit-5-correction-amd-9950x3d,run-2,0,base64-0.23.0,encode,standard,padded,63,84,66576,1303944,3067.604699,external,avx512-vbmi,avx512-vbmi,x86_64,linux,0
1,commit-5-correction-amd-9950x3d,run-2,1,base64-0.23.0,encode,standard,padded,63,84,66576,1309636,3054.272135,external,avx512-vbmi,avx512-vbmi,x86_64,linux,0
1,commit-5-correction-amd-9950x3d,run-2,2,base64-0.23.0,encode,standard,padded,63,84,66576,1321117,3027.729369,external,avx512-vbmi,avx512-vbmi,x86_64,linux,0
1,commit-5-correction-amd-9950x3d,run-2,3,base64-0.23.0,encode,standard,padded,63,84,66576,1325515,3017.683498,external,avx512-vbmi,avx512-vbmi,x86_64,linux,0
1,commit-5-correction-amd-9950x3d,run-2,4,base64-0.23.0,encode,standard,padded,63,84,66576,1330976,3005.301930,external,avx512-vbmi,avx512-vbmi,x86_64,linux,0
1,commit-5-correction-amd-9950x3d,run-2,0,base64-0.23.0,decode,standard,padded,63,84,66576,1868848,2140.347819,external,avx512-vbmi,avx512-vbmi,x86_64,linux,0
1,commit-5-correction-amd-9950x3d,run-2,1,base64-0.23.0,decode,standard,padded,63,84,66576,1867776,2141.576260,external,avx512-vbmi,avx512-vbmi,x86_64,linux,0
1,commit-5-correction-amd-9950x3d,run-2,2,base64-0.23.0,decode,standard,padded,63,84,66576,1862026,2148.189521,external,avx512-vbmi,avx512-vbmi,x86_64,linux,0
1,commit-5-correction-amd-9950x3d,run-2,3,base64-0.23.0,decode,standard,padded,63,84,66576,1859040,2151.639955,external,avx512-vbmi,avx512-vbmi,x86_64,linux,0
1,commit-5-correction-amd-9950x3d,run-2,4,base64-0.23.0,decode,standard,padded,63,84,66576,1871032,2137.849455,external,avx512-vbmi,avx512-vbmi,x86_64,linux,0
1,commit-5-correction-amd-9950x3d,run-2,0,base64ct-1.8.3,encode,standard,padded,63,84,66576,1610442,2483.780690,external,avx512-vbmi,avx512-vbmi,x86_64,linux,0
1,commit-5-correction-amd-9950x3d,run-2,1,base64ct-1.8.3,encode,standard,padded,63,84,66576,1589081,2517.168565,external,avx512-vbmi,avx512-vbmi,x86_64,linux,0
1,commit-5-correction-amd-9950x3d,run-2,2,base64ct-1.8.3,encode,standard,padded,63,84,66576,1590875,2514.330002,external,avx512-vbmi,avx512-vbmi,x86_64,linux,0
1,commit-5-correction-amd-9950x3d,run-2,3,base64ct-1.8.3,encode,standard,padded,63,84,66576,1591466,2513.396291,external,avx512-vbmi,avx512-vbmi,x86_64,linux,0
1,commit-5-correction-amd-9950x3d,run-2,4,base64ct-1.8.3,encode,standard,padded,63,84,66576,1598519,2502.306661,external,avx512-vbmi,avx512-vbmi,x86_64,linux,0
1,commit-5-correction-amd-9950x3d,run-2,0,base64ct-1.8.3,decode,standard,padded,63,84,66576,5481188,729.766018,external,avx512-vbmi,avx512-vbmi,x86_64,linux,0
1,commit-5-correction-amd-9950x3d,run-2,1,base64ct-1.8.3,decode,standard,padded,63,84,66576,5492850,728.216635,external,avx512-vbmi,avx512-vbmi,x86_64,linux,0
1,commit-5-correction-amd-9950x3d,run-2,2,base64ct-1.8.3,decode,standard,padded,63,84,66576,5498471,727.472190,external,avx512-vbmi,avx512-vbmi,x86_64,linux,0
1,commit-5-correction-amd-9950x3d,run-2,3,base64ct-1.8.3,decode,standard,padded,63,84,66576,5493241,728.164801,external,avx512-vbmi,avx512-vbmi,x86_64,linux,0
1,commit-5-correction-amd-9950x3d,run-2,4,base64ct-1.8.3,decode,standard,padded,63,84,66576,5510043,725.944379,external,avx512-vbmi,avx512-vbmi,x86_64,linux,0
1,commit-5-correction-amd-9950x3d,run-2,0,base64-ng,encode,standard,padded,64,88,65536,7500199,533.319183,auto,avx512-vbmi,avx512-vbmi,x86_64,linux,0
1,commit-5-correction-amd-9950x3d,run-2,1,base64-ng,encode,standard,padded,64,88,65536,7494459,533.727651,auto,avx512-vbmi,avx512-vbmi,x86_64,linux,0
1,commit-5-correction-amd-9950x3d,run-2,2,base64-ng,encode,standard,padded,64,88,65536,7541857,530.373355,auto,avx512-vbmi,avx512-vbmi,x86_64,linux,0
1,commit-5-correction-amd-9950x3d,run-2,3,base64-ng,encode,standard,padded,64,88,65536,7535847,530.796339,auto,avx512-vbmi,avx512-vbmi,x86_64,linux,0
1,commit-5-correction-amd-9950x3d,run-2,4,base64-ng,encode,standard,padded,64,88,65536,7490901,533.981159,auto,avx512-vbmi,avx512-vbmi,x86_64,linux,0
1,commit-5-correction-amd-9950x3d,run-2,0,base64-ng,decode,standard,padded,64,88,65536,36359437,110.012705,auto,avx512-vbmi,avx512-vbmi,x86_64,linux,0
1,commit-5-correction-amd-9950x3d,run-2,1,base64-ng,decode,standard,padded,64,88,65536,36377561,109.957894,auto,avx512-vbmi,avx512-vbmi,x86_64,linux,0
1,commit-5-correction-amd-9950x3d,run-2,2,base64-ng,decode,standard,padded,64,88,65536,35983018,111.163549,auto,avx512-vbmi,avx512-vbmi,x86_64,linux,0
1,commit-5-correction-amd-9950x3d,run-2,3,base64-ng,decode,standard,padded,64,88,65536,35917895,111.365101,auto,avx512-vbmi,avx512-vbmi,x86_64,linux,0
1,commit-5-correction-amd-9950x3d,run-2,4,base64-ng,decode,standard,padded,64,88,65536,35677092,112.116761,auto,avx512-vbmi,avx512-vbmi,x86_64,linux,0
1,commit-5-correction-amd-9950x3d,run-2,0,base64-ng,encode,standard,padded,64,88,65536,4389142,911.339847,scalar,avx512-vbmi,avx512-vbmi,x86_64,linux,0
1,commit-5-correction-amd-9950x3d,run-2,1,base64-ng,encode,standard,padded,64,88,65536,4388051,911.566433,scalar,avx512-vbmi,avx512-vbmi,x86_64,linux,0
1,commit-5-correction-amd-9950x3d,run-2,2,base64-ng,encode,standard,padded,64,88,65536,4386988,911.787313,scalar,avx512-vbmi,avx512-vbmi,x86_64,linux,0
1,commit-5-correction-amd-9950x3d,run-2,3,base64-ng,encode,standard,padded,64,88,65536,4397919,909.521071,scalar,avx512-vbmi,avx512-vbmi,x86_64,linux,0
1,commit-5-correction-amd-9950x3d,run-2,4,base64-ng,encode,standard,padded,64,88,65536,4393942,910.344288,scalar,avx512-vbmi,avx512-vbmi,x86_64,linux,0
1,commit-5-correction-amd-9950x3d,run-2,0,base64-ng,decode,standard,padded,64,88,65536,13325686,300.172164,scalar,avx512-vbmi,avx512-vbmi,x86_64,linux,0
1,commit-5-correction-amd-9950x3d,run-2,1,base64-ng,decode,standard,padded,64,88,65536,13222582,302.512777,scalar,avx512-vbmi,avx512-vbmi,x86_64,linux,0
1,commit-5-correction-amd-9950x3d,run-2,2,base64-ng,decode,standard,padded,64,88,65536,13170544,303.708032,scalar,avx512-vbmi,avx512-vbmi,x86_64,linux,0
1,commit-5-correction-amd-9950x3d,run-2,3,base64-ng,decode,standard,padded,64,88,65536,13151387,304.150429,scalar,avx512-vbmi,avx512-vbmi,x86_64,linux,0
1,commit-5-correction-amd-9950x3d,run-2,4,base64-ng,decode,standard,padded,64,88,65536,13127412,304.705909,scalar,avx512-vbmi,avx512-vbmi,x86_64,linux,0
1,commit-5-correction-amd-9950x3d,run-2,0,base64-ng,encode,standard,padded,64,88,65536,13489784,296.520686,ssse3-sse4.1,avx512-vbmi,avx512-vbmi,x86_64,linux,0
1,commit-5-correction-amd-9950x3d,run-2,1,base64-ng,encode,standard,padded,64,88,65536,13488803,296.542251,ssse3-sse4.1,avx512-vbmi,avx512-vbmi,x86_64,linux,0
1,commit-5-correction-amd-9950x3d,run-2,2,base64-ng,encode,standard,padded,64,88,65536,13513289,296.004918,ssse3-sse4.1,avx512-vbmi,avx512-vbmi,x86_64,linux,0
1,commit-5-correction-amd-9950x3d,run-2,3,base64-ng,encode,standard,padded,64,88,65536,13459969,297.177505,ssse3-sse4.1,avx512-vbmi,avx512-vbmi,x86_64,linux,0
1,commit-5-correction-amd-9950x3d,run-2,4,base64-ng,encode,standard,padded,64,88,65536,13459988,297.177085,ssse3-sse4.1,avx512-vbmi,avx512-vbmi,x86_64,linux,0
1,commit-5-correction-amd-9950x3d,run-2,0,base64-ng,decode,standard,padded,64,88,65536,51444404,77.753841,ssse3-sse4.1,avx512-vbmi,avx512-vbmi,x86_64,linux,0
1,commit-5-correction-amd-9950x3d,run-2,1,base64-ng,decode,standard,padded,64,88,65536,50999737,78.431777,ssse3-sse4.1,avx512-vbmi,avx512-vbmi,x86_64,linux,0
1,commit-5-correction-amd-9950x3d,run-2,2,base64-ng,decode,standard,padded,64,88,65536,51114403,78.255829,ssse3-sse4.1,avx512-vbmi,avx512-vbmi,x86_64,linux,0
1,commit-5-correction-amd-9950x3d,run-2,3,base64-ng,decode,standard,padded,64,88,65536,52523335,76.156626,ssse3-sse4.1,avx512-vbmi,avx512-vbmi,x86_64,linux,0
1,commit-5-correction-amd-9950x3d,run-2,4,base64-ng,decode,standard,padded,64,88,65536,51162894,78.181660,ssse3-sse4.1,avx512-vbmi,avx512-vbmi,x86_64,linux,0
1,commit-5-correction-amd-9950x3d,run-2,0,base64-ng,encode,standard,padded,64,88,65536,8866441,451.139302,avx2,avx512-vbmi,avx512-vbmi,x86_64,linux,0
1,commit-5-correction-amd-9950x3d,run-2,1,base64-ng,encode,standard,padded,64,88,65536,8882451,450.326154,avx2,avx512-vbmi,avx512-vbmi,x86_64,linux,0
1,commit-5-correction-amd-9950x3d,run-2,2,base64-ng,encode,standard,padded,64,88,65536,8845932,452.185253,avx2,avx512-vbmi,avx512-vbmi,x86_64,linux,0
1,commit-5-correction-amd-9950x3d,run-2,3,base64-ng,encode,standard,padded,64,88,65536,8792923,454.911296,avx2,avx512-vbmi,avx512-vbmi,x86_64,linux,0
1,commit-5-correction-amd-9950x3d,run-2,4,base64-ng,encode,standard,padded,64,88,65536,8756845,456.785520,avx2,avx512-vbmi,avx512-vbmi,x86_64,linux,0
1,commit-5-correction-amd-9950x3d,run-2,0,base64-ng,decode,standard,padded,64,88,65536,41344582,96.747864,avx2,avx512-vbmi,avx512-vbmi,x86_64,linux,0
1,commit-5-correction-amd-9950x3d,run-2,1,base64-ng,decode,standard,padded,64,88,65536,40899854,97.799860,avx2,avx512-vbmi,avx512-vbmi,x86_64,linux,0
1,commit-5-correction-amd-9950x3d,run-2,2,base64-ng,decode,standard,padded,64,88,65536,41045548,97.452713,avx2,avx512-vbmi,avx512-vbmi,x86_64,linux,0
1,commit-5-correction-amd-9950x3d,run-2,3,base64-ng,decode,standard,padded,64,88,65536,41048123,97.446599,avx2,avx512-vbmi,avx512-vbmi,x86_64,linux,0
1,commit-5-correction-amd-9950x3d,run-2,4,base64-ng,decode,standard,padded,64,88,65536,41710921,95.898146,avx2,avx512-vbmi,avx512-vbmi,x86_64,linux,0
1,commit-5-correction-amd-9950x3d,run-2,0,base64-ng,encode,standard,padded,64,88,65536,6920688,577.977218,avx512-vbmi,avx512-vbmi,avx512-vbmi,x86_64,linux,0
1,commit-5-correction-amd-9950x3d,run-2,1,base64-ng,encode,standard,padded,64,88,65536,6687308,598.148014,avx512-vbmi,avx512-vbmi,avx512-vbmi,x86_64,linux,0
1,commit-5-correction-amd-9950x3d,run-2,2,base64-ng,encode,standard,padded,64,88,65536,6651261,601.389721,avx512-vbmi,avx512-vbmi,avx512-vbmi,x86_64,linux,0
1,commit-5-correction-amd-9950x3d,run-2,3,base64-ng,encode,standard,padded,64,88,65536,6670828,599.625714,avx512-vbmi,avx512-vbmi,avx512-vbmi,x86_64,linux,0
1,commit-5-correction-amd-9950x3d,run-2,4,base64-ng,encode,standard,padded,64,88,65536,6674375,599.307051,avx512-vbmi,avx512-vbmi,avx512-vbmi,x86_64,linux,0
1,commit-5-correction-amd-9950x3d,run-2,0,base64-ng,decode,standard,padded,64,88,65536,34836840,114.820977,avx512-vbmi,avx512-vbmi,avx512-vbmi,x86_64,linux,0
1,commit-5-correction-amd-9950x3d,run-2,1,base64-ng,decode,standard,padded,64,88,65536,34578755,115.677965,avx512-vbmi,avx512-vbmi,avx512-vbmi,x86_64,linux,0
1,commit-5-correction-amd-9950x3d,run-2,2,base64-ng,decode,standard,padded,64,88,65536,34645991,115.453473,avx512-vbmi,avx512-vbmi,avx512-vbmi,x86_64,linux,0
1,commit-5-correction-amd-9950x3d,run-2,3,base64-ng,decode,standard,padded,64,88,65536,34913244,114.569703,avx512-vbmi,avx512-vbmi,avx512-vbmi,x86_64,linux,0
1,commit-5-correction-amd-9950x3d,run-2,4,base64-ng,decode,standard,padded,64,88,65536,35384121,113.045058,avx512-vbmi,avx512-vbmi,avx512-vbmi,x86_64,linux,0
1,commit-5-correction-amd-9950x3d,run-2,0,base64-0.23.0,encode,standard,padded,64,88,65536,1352055,2958.459530,external,avx512-vbmi,avx512-vbmi,x86_64,linux,0
1,commit-5-correction-amd-9950x3d,run-2,1,base64-0.23.0,encode,standard,padded,64,88,65536,1347868,2967.649651,external,avx512-vbmi,avx512-vbmi,x86_64,linux,0
1,commit-5-correction-amd-9950x3d,run-2,2,base64-0.23.0,encode,standard,padded,64,88,65536,1360882,2939.270267,external,avx512-vbmi,avx512-vbmi,x86_64,linux,0
1,commit-5-correction-amd-9950x3d,run-2,3,base64-0.23.0,encode,standard,padded,64,88,65536,1358167,2945.145921,external,avx512-vbmi,avx512-vbmi,x86_64,linux,0
1,commit-5-correction-amd-9950x3d,run-2,4,base64-0.23.0,encode,standard,padded,64,88,65536,1352386,2957.735439,external,avx512-vbmi,avx512-vbmi,x86_64,linux,0
1,commit-5-correction-amd-9950x3d,run-2,0,base64-0.23.0,decode,standard,padded,64,88,65536,1892552,2113.548267,external,avx512-vbmi,avx512-vbmi,x86_64,linux,0
1,commit-5-correction-amd-9950x3d,run-2,1,base64-0.23.0,decode,standard,padded,64,88,65536,1884327,2122.773807,external,avx512-vbmi,avx512-vbmi,x86_64,linux,0
1,commit-5-correction-amd-9950x3d,run-2,2,base64-0.23.0,decode,standard,padded,64,88,65536,1889507,2116.954317,external,avx512-vbmi,avx512-vbmi,x86_64,linux,0
1,commit-5-correction-amd-9950x3d,run-2,3,base64-0.23.0,decode,standard,padded,64,88,65536,1892433,2113.681171,external,avx512-vbmi,avx512-vbmi,x86_64,linux,0
1,commit-5-correction-amd-9950x3d,run-2,4,base64-0.23.0,decode,standard,padded,64,88,65536,1869088,2140.081152,external,avx512-vbmi,avx512-vbmi,x86_64,linux,0
1,commit-5-correction-amd-9950x3d,run-2,0,base64ct-1.8.3,encode,standard,padded,64,88,65536,1871102,2137.777631,external,avx512-vbmi,avx512-vbmi,x86_64,linux,0
1,commit-5-correction-amd-9950x3d,run-2,1,base64ct-1.8.3,encode,standard,padded,64,88,65536,1854010,2157.485666,external,avx512-vbmi,avx512-vbmi,x86_64,linux,0
1,commit-5-correction-amd-9950x3d,run-2,2,base64ct-1.8.3,encode,standard,padded,64,88,65536,1856565,2154.516540,external,avx512-vbmi,avx512-vbmi,x86_64,linux,0
1,commit-5-correction-amd-9950x3d,run-2,3,base64ct-1.8.3,encode,standard,padded,64,88,65536,1857887,2152.983470,external,avx512-vbmi,avx512-vbmi,x86_64,linux,0
1,commit-5-correction-amd-9950x3d,run-2,4,base64ct-1.8.3,encode,standard,padded,64,88,65536,1865412,2144.298418,external,avx512-vbmi,avx512-vbmi,x86_64,linux,0
1,commit-5-correction-amd-9950x3d,run-2,0,base64ct-1.8.3,decode,standard,padded,64,88,65536,6051011,661.046559,external,avx512-vbmi,avx512-vbmi,x86_64,linux,0
1,commit-5-correction-amd-9950x3d,run-2,1,base64ct-1.8.3,decode,standard,padded,64,88,65536,6056672,660.428697,external,avx512-vbmi,avx512-vbmi,x86_64,linux,0
1,commit-5-correction-amd-9950x3d,run-2,2,base64ct-1.8.3,decode,standard,padded,64,88,65536,6062112,659.836044,external,avx512-vbmi,avx512-vbmi,x86_64,linux,0
1,commit-5-correction-amd-9950x3d,run-2,3,base64ct-1.8.3,decode,standard,padded,64,88,65536,6059317,660.140409,external,avx512-vbmi,avx512-vbmi,x86_64,linux,0
1,commit-5-correction-amd-9950x3d,run-2,4,base64ct-1.8.3,decode,standard,padded,64,88,65536,6062082,659.839309,external,avx512-vbmi,avx512-vbmi,x86_64,linux,0
1,commit-5-correction-amd-9950x3d,run-2,0,base64-ng,encode,standard,padded,1024,1368,4096,3877459,1031.603429,auto,avx512-vbmi,avx512-vbmi,x86_64,linux,0
1,commit-5-correction-amd-9950x3d,run-2,1,base64-ng,encode,standard,padded,1024,1368,4096,3878522,1031.320694,auto,avx512-vbmi,avx512-vbmi,x86_64,linux,0
1,commit-5-correction-amd-9950x3d,run-2,2,base64-ng,encode,standard,padded,1024,1368,4096,3863984,1035.200974,auto,avx512-vbmi,avx512-vbmi,x86_64,linux,0
1,commit-5-correction-amd-9950x3d,run-2,3,base64-ng,encode,standard,padded,1024,1368,4096,3823117,1046.266698,auto,avx512-vbmi,avx512-vbmi,x86_64,linux,0
1,commit-5-correction-amd-9950x3d,run-2,4,base64-ng,encode,standard,padded,1024,1368,4096,3820863,1046.883911,auto,avx512-vbmi,avx512-vbmi,x86_64,linux,0
1,commit-5-correction-amd-9950x3d,run-2,0,base64-ng,decode,standard,padded,1024,1368,4096,27739399,144.199231,auto,avx512-vbmi,avx512-vbmi,x86_64,linux,0
1,commit-5-correction-amd-9950x3d,run-2,1,base64-ng,decode,standard,padded,1024,1368,4096,29343179,136.317882,auto,avx512-vbmi,avx512-vbmi,x86_64,linux,0
1,commit-5-correction-amd-9950x3d,run-2,2,base64-ng,decode,standard,padded,1024,1368,4096,27666643,144.578437,auto,avx512-vbmi,avx512-vbmi,x86_64,linux,0
1,commit-5-correction-amd-9950x3d,run-2,3,base64-ng,decode,standard,padded,1024,1368,4096,27676531,144.526783,auto,avx512-vbmi,avx512-vbmi,x86_64,linux,0
1,commit-5-correction-amd-9950x3d,run-2,4,base64-ng,decode,standard,padded,1024,1368,4096,27686690,144.473753,auto,avx512-vbmi,avx512-vbmi,x86_64,linux,0
1,commit-5-correction-amd-9950x3d,run-2,0,base64-ng,encode,standard,padded,1024,1368,4096,1977993,2022.251848,scalar,avx512-vbmi,avx512-vbmi,x86_64,linux,0
1,commit-5-correction-amd-9950x3d,run-2,1,base64-ng,encode,standard,padded,1024,1368,4096,1998632,2001.368936,scalar,avx512-vbmi,avx512-vbmi,x86_64,linux,0
1,commit-5-correction-amd-9950x3d,run-2,2,base64-ng,encode,standard,padded,1024,1368,4096,2001197,1998.803716,scalar,avx512-vbmi,avx512-vbmi,x86_64,linux,0
1,commit-5-correction-amd-9950x3d,run-2,3,base64-ng,encode,standard,padded,1024,1368,4096,2012950,1987.133312,scalar,avx512-vbmi,avx512-vbmi,x86_64,linux,0
1,commit-5-correction-amd-9950x3d,run-2,4,base64-ng,encode,standard,padded,1024,1368,4096,2003111,1996.893832,scalar,avx512-vbmi,avx512-vbmi,x86_64,linux,0
1,commit-5-correction-amd-9950x3d,run-2,0,base64-ng,decode,standard,padded,1024,1368,4096,12911916,309.791359,scalar,avx512-vbmi,avx512-vbmi,x86_64,linux,0
1,commit-5-correction-amd-9950x3d,run-2,1,base64-ng,decode,standard,padded,1024,1368,4096,13001315,307.661187,scalar,avx512-vbmi,avx512-vbmi,x86_64,linux,0
1,commit-5-correction-amd-9950x3d,run-2,2,base64-ng,decode,standard,padded,1024,1368,4096,12907479,309.897851,scalar,avx512-vbmi,avx512-vbmi,x86_64,linux,0
1,commit-5-correction-amd-9950x3d,run-2,3,base64-ng,decode,standard,padded,1024,1368,4096,12963834,308.550696,scalar,avx512-vbmi,avx512-vbmi,x86_64,linux,0
1,commit-5-correction-amd-9950x3d,run-2,4,base64-ng,decode,standard,padded,1024,1368,4096,13103698,305.257340,scalar,avx512-vbmi,avx512-vbmi,x86_64,linux,0
1,commit-5-correction-amd-9950x3d,run-2,0,base64-ng,encode,standard,padded,1024,1368,4096,12533815,319.136671,ssse3-sse4.1,avx512-vbmi,avx512-vbmi,x86_64,linux,0
1,commit-5-correction-amd-9950x3d,run-2,1,base64-ng,encode,standard,padded,1024,1368,4096,12426443,321.894206,ssse3-sse4.1,avx512-vbmi,avx512-vbmi,x86_64,linux,0
1,commit-5-correction-amd-9950x3d,run-2,2,base64-ng,encode,standard,padded,1024,1368,4096,12324371,324.560174,ssse3-sse4.1,avx512-vbmi,avx512-vbmi,x86_64,linux,0
1,commit-5-correction-amd-9950x3d,run-2,3,base64-ng,encode,standard,padded,1024,1368,4096,12316566,324.765848,ssse3-sse4.1,avx512-vbmi,avx512-vbmi,x86_64,linux,0
1,commit-5-correction-amd-9950x3d,run-2,4,base64-ng,encode,standard,padded,1024,1368,4096,12284666,325.609178,ssse3-sse4.1,avx512-vbmi,avx512-vbmi,x86_64,linux,0
1,commit-5-correction-amd-9950x3d,run-2,0,base64-ng,decode,standard,padded,1024,1368,4096,51331342,77.925101,ssse3-sse4.1,avx512-vbmi,avx512-vbmi,x86_64,linux,0
1,commit-5-correction-amd-9950x3d,run-2,1,base64-ng,decode,standard,padded,1024,1368,4096,51653407,77.439229,ssse3-sse4.1,avx512-vbmi,avx512-vbmi,x86_64,linux,0
1,commit-5-correction-amd-9950x3d,run-2,2,base64-ng,decode,standard,padded,1024,1368,4096,52143911,76.710778,ssse3-sse4.1,avx512-vbmi,avx512-vbmi,x86_64,linux,0
1,commit-5-correction-amd-9950x3d,run-2,3,base64-ng,decode,standard,padded,1024,1368,4096,50316822,79.496277,ssse3-sse4.1,avx512-vbmi,avx512-vbmi,x86_64,linux,0
1,commit-5-correction-amd-9950x3d,run-2,4,base64-ng,decode,standard,padded,1024,1368,4096,51281248,78.001222,ssse3-sse4.1,avx512-vbmi,avx512-vbmi,x86_64,linux,0
1,commit-5-correction-amd-9950x3d,run-2,0,base64-ng,encode,standard,padded,1024,1368,4096,6599814,606.077686,avx2,avx512-vbmi,avx512-vbmi,x86_64,linux,0
1,commit-5-correction-amd-9950x3d,run-2,1,base64-ng,encode,standard,padded,1024,1368,4096,6662031,600.417500,avx2,avx512-vbmi,avx512-vbmi,x86_64,linux,0
1,commit-5-correction-amd-9950x3d,run-2,2,base64-ng,encode,standard,padded,1024,1368,4096,6654778,601.071892,avx2,avx512-vbmi,avx512-vbmi,x86_64,linux,0
1,commit-5-correction-amd-9950x3d,run-2,3,base64-ng,encode,standard,padded,1024,1368,4096,6659787,600.619810,avx2,avx512-vbmi,avx512-vbmi,x86_64,linux,0
1,commit-5-correction-amd-9950x3d,run-2,4,base64-ng,encode,standard,padded,1024,1368,4096,6586349,607.316740,avx2,avx512-vbmi,avx512-vbmi,x86_64,linux,0
1,commit-5-correction-amd-9950x3d,run-2,0,base64-ng,decode,standard,padded,1024,1368,4096,37545750,106.536692,avx2,avx512-vbmi,avx512-vbmi,x86_64,linux,0
1,commit-5-correction-amd-9950x3d,run-2,1,base64-ng,decode,standard,padded,1024,1368,4096,37505474,106.651098,avx2,avx512-vbmi,avx512-vbmi,x86_64,linux,0
1,commit-5-correction-amd-9950x3d,run-2,2,base64-ng,decode,standard,padded,1024,1368,4096,35727458,111.958707,avx2,avx512-vbmi,avx512-vbmi,x86_64,linux,0
1,commit-5-correction-amd-9950x3d,run-2,3,base64-ng,decode,standard,padded,1024,1368,4096,37192185,107.549476,avx2,avx512-vbmi,avx512-vbmi,x86_64,linux,0
1,commit-5-correction-amd-9950x3d,run-2,4,base64-ng,decode,standard,padded,1024,1368,4096,39115996,102.259955,avx2,avx512-vbmi,avx512-vbmi,x86_64,linux,0
1,commit-5-correction-amd-9950x3d,run-2,0,base64-ng,encode,standard,padded,1024,1368,4096,3767572,1061.691721,avx512-vbmi,avx512-vbmi,avx512-vbmi,x86_64,linux,0
1,commit-5-correction-amd-9950x3d,run-2,1,base64-ng,encode,standard,padded,1024,1368,4096,3740071,1069.498413,avx512-vbmi,avx512-vbmi,avx512-vbmi,x86_64,linux,0
1,commit-5-correction-amd-9950x3d,run-2,2,base64-ng,encode,standard,padded,1024,1368,4096,4380015,913.238882,avx512-vbmi,avx512-vbmi,avx512-vbmi,x86_64,linux,0
1,commit-5-correction-amd-9950x3d,run-2,3,base64-ng,encode,standard,padded,1024,1368,4096,3808379,1050.315633,avx512-vbmi,avx512-vbmi,avx512-vbmi,x86_64,linux,0
1,commit-5-correction-amd-9950x3d,run-2,4,base64-ng,encode,standard,padded,1024,1368,4096,3723830,1074.162891,avx512-vbmi,avx512-vbmi,avx512-vbmi,x86_64,linux,0
1,commit-5-correction-amd-9950x3d,run-2,0,base64-ng,decode,standard,padded,1024,1368,4096,28477399,140.462266,avx512-vbmi,avx512-vbmi,avx512-vbmi,x86_64,linux,0
1,commit-5-correction-amd-9950x3d,run-2,1,base64-ng,decode,standard,padded,1024,1368,4096,28342615,141.130238,avx512-vbmi,avx512-vbmi,avx512-vbmi,x86_64,linux,0
1,commit-5-correction-amd-9950x3d,run-2,2,base64-ng,decode,standard,padded,1024,1368,4096,29833462,134.077634,avx512-vbmi,avx512-vbmi,avx512-vbmi,x86_64,linux,0
1,commit-5-correction-amd-9950x3d,run-2,3,base64-ng,decode,standard,padded,1024,1368,4096,28232698,141.679694,avx512-vbmi,avx512-vbmi,avx512-vbmi,x86_64,linux,0
1,commit-5-correction-amd-9950x3d,run-2,4,base64-ng,decode,standard,padded,1024,1368,4096,28265731,141.514118,avx512-vbmi,avx512-vbmi,avx512-vbmi,x86_64,linux,0
1,commit-5-correction-amd-9950x3d,run-2,0,base64-0.23.0,encode,standard,padded,1024,1368,4096,824172,4853.355853,external,avx512-vbmi,avx512-vbmi,x86_64,linux,0
1,commit-5-correction-amd-9950x3d,run-2,1,base64-0.23.0,encode,standard,padded,1024,1368,4096,856102,4672.340445,external,avx512-vbmi,avx512-vbmi,x86_64,linux,0
1,commit-5-correction-amd-9950x3d,run-2,2,base64-0.23.0,encode,standard,padded,1024,1368,4096,846784,4723.754818,external,avx512-vbmi,avx512-vbmi,x86_64,linux,0
1,commit-5-correction-amd-9950x3d,run-2,3,base64-0.23.0,encode,standard,padded,1024,1368,4096,855029,4678.203897,external,avx512-vbmi,avx512-vbmi,x86_64,linux,0
1,commit-5-correction-amd-9950x3d,run-2,4,base64-0.23.0,encode,standard,padded,1024,1368,4096,853176,4688.364417,external,avx512-vbmi,avx512-vbmi,x86_64,linux,0
1,commit-5-correction-amd-9950x3d,run-2,0,base64-0.23.0,decode,standard,padded,1024,1368,4096,1033636,3869.834255,external,avx512-vbmi,avx512-vbmi,x86_64,linux,0
1,commit-5-correction-amd-9950x3d,run-2,1,base64-0.23.0,decode,standard,padded,1024,1368,4096,1038225,3852.729418,external,avx512-vbmi,avx512-vbmi,x86_64,linux,0
1,commit-5-correction-amd-9950x3d,run-2,2,base64-0.23.0,decode,standard,padded,1024,1368,4096,1041380,3841.057059,external,avx512-vbmi,avx512-vbmi,x86_64,linux,0
1,commit-5-correction-amd-9950x3d,run-2,3,base64-0.23.0,decode,standard,padded,1024,1368,4096,1037914,3853.883848,external,avx512-vbmi,avx512-vbmi,x86_64,linux,0
1,commit-5-correction-amd-9950x3d,run-2,4,base64-0.23.0,decode,standard,padded,1024,1368,4096,1039507,3847.977936,external,avx512-vbmi,avx512-vbmi,x86_64,linux,0
1,commit-5-correction-amd-9950x3d,run-2,0,base64ct-1.8.3,encode,standard,padded,1024,1368,4096,1407640,2841.635645,external,avx512-vbmi,avx512-vbmi,x86_64,linux,0
1,commit-5-correction-amd-9950x3d,run-2,1,base64ct-1.8.3,encode,standard,padded,1024,1368,4096,1395076,2867.227305,external,avx512-vbmi,avx512-vbmi,x86_64,linux,0
1,commit-5-correction-amd-9950x3d,run-2,2,base64ct-1.8.3,encode,standard,padded,1024,1368,4096,1392812,2871.887950,external,avx512-vbmi,avx512-vbmi,x86_64,linux,0
1,commit-5-correction-amd-9950x3d,run-2,3,base64ct-1.8.3,encode,standard,padded,1024,1368,4096,1396489,2864.326178,external,avx512-vbmi,avx512-vbmi,x86_64,linux,0
1,commit-5-correction-amd-9950x3d,run-2,4,base64ct-1.8.3,encode,standard,padded,1024,1368,4096,1395958,2865.415722,external,avx512-vbmi,avx512-vbmi,x86_64,linux,0
1,commit-5-correction-amd-9950x3d,run-2,0,base64ct-1.8.3,decode,standard,padded,1024,1368,4096,5170534,773.614485,external,avx512-vbmi,avx512-vbmi,x86_64,linux,0
1,commit-5-correction-amd-9950x3d,run-2,1,base64ct-1.8.3,decode,standard,padded,1024,1368,4096,4660073,858.355652,external,avx512-vbmi,avx512-vbmi,x86_64,linux,0
1,commit-5-correction-amd-9950x3d,run-2,2,base64ct-1.8.3,decode,standard,padded,1024,1368,4096,4676223,855.391199,external,avx512-vbmi,avx512-vbmi,x86_64,linux,0
1,commit-5-correction-amd-9950x3d,run-2,3,base64ct-1.8.3,decode,standard,padded,1024,1368,4096,4691683,852.572520,external,avx512-vbmi,avx512-vbmi,x86_64,linux,0
1,commit-5-correction-amd-9950x3d,run-2,4,base64ct-1.8.3,decode,standard,padded,1024,1368,4096,5315086,752.574841,external,avx512-vbmi,avx512-vbmi,x86_64,linux,0
1,commit-5-correction-amd-9950x3d,run-2,0,base64-ng,encode,standard,padded,65536,87384,64,3555152,1125.127702,auto,avx512-vbmi,avx512-vbmi,x86_64,linux,0
1,commit-5-correction-amd-9950x3d,run-2,1,base64-ng,encode,standard,padded,65536,87384,64,3582074,1116.671515,auto,avx512-vbmi,avx512-vbmi,x86_64,linux,0
1,commit-5-correction-amd-9950x3d,run-2,2,base64-ng,encode,standard,padded,65536,87384,64,3562907,1122.678756,auto,avx512-vbmi,avx512-vbmi,x86_64,linux,0
1,commit-5-correction-amd-9950x3d,run-2,3,base64-ng,encode,standard,padded,65536,87384,64,3817025,1047.936547,auto,avx512-vbmi,avx512-vbmi,x86_64,linux,0
1,commit-5-correction-amd-9950x3d,run-2,4,base64-ng,encode,standard,padded,65536,87384,64,3539413,1130.130900,auto,avx512-vbmi,avx512-vbmi,x86_64,linux,0
1,commit-5-correction-amd-9950x3d,run-2,0,base64-ng,decode,standard,padded,65536,87384,64,28007895,142.816874,auto,avx512-vbmi,avx512-vbmi,x86_64,linux,0
1,commit-5-correction-amd-9950x3d,run-2,1,base64-ng,decode,standard,padded,65536,87384,64,28960138,138.120889,auto,avx512-vbmi,avx512-vbmi,x86_64,linux,0
1,commit-5-correction-amd-9950x3d,run-2,2,base64-ng,decode,standard,padded,65536,87384,64,28554905,140.081012,auto,avx512-vbmi,avx512-vbmi,x86_64,linux,0
1,commit-5-correction-amd-9950x3d,run-2,3,base64-ng,decode,standard,padded,65536,87384,64,29210048,136.939179,auto,avx512-vbmi,avx512-vbmi,x86_64,linux,0
1,commit-5-correction-amd-9950x3d,run-2,4,base64-ng,decode,standard,padded,65536,87384,64,27789093,143.941366,auto,avx512-vbmi,avx512-vbmi,x86_64,linux,0
1,commit-5-correction-amd-9950x3d,run-2,0,base64-ng,encode,standard,padded,65536,87384,64,1871863,2136.908524,scalar,avx512-vbmi,avx512-vbmi,x86_64,linux,0
1,commit-5-correction-amd-9950x3d,run-2,1,base64-ng,encode,standard,padded,65536,87384,64,1889797,2116.629458,scalar,avx512-vbmi,avx512-vbmi,x86_64,linux,0
1,commit-5-correction-amd-9950x3d,run-2,2,base64-ng,encode,standard,padded,65536,87384,64,1876472,2131.659838,scalar,avx512-vbmi,avx512-vbmi,x86_64,linux,0
1,commit-5-correction-amd-9950x3d,run-2,3,base64-ng,encode,standard,padded,65536,87384,64,1865522,2144.171980,scalar,avx512-vbmi,avx512-vbmi,x86_64,linux,0
1,commit-5-correction-amd-9950x3d,run-2,4,base64-ng,encode,standard,padded,65536,87384,64,1849832,2162.358528,scalar,avx512-vbmi,avx512-vbmi,x86_64,linux,0
1,commit-5-correction-amd-9950x3d,run-2,0,base64-ng,decode,standard,padded,65536,87384,64,13445681,297.493299,scalar,avx512-vbmi,avx512-vbmi,x86_64,linux,0
1,commit-5-correction-amd-9950x3d,run-2,1,base64-ng,decode,standard,padded,65536,87384,64,13608368,293.936789,scalar,avx512-vbmi,avx512-vbmi,x86_64,linux,0
1,commit-5-correction-amd-9950x3d,run-2,2,base64-ng,decode,standard,padded,65536,87384,64,13464006,297.088400,scalar,avx512-vbmi,avx512-vbmi,x86_64,linux,0
1,commit-5-correction-amd-9950x3d,run-2,3,base64-ng,decode,standard,padded,65536,87384,64,12952674,308.816542,scalar,avx512-vbmi,avx512-vbmi,x86_64,linux,0
1,commit-5-correction-amd-9950x3d,run-2,4,base64-ng,decode,standard,padded,65536,87384,64,13390828,298.711924,scalar,avx512-vbmi,avx512-vbmi,x86_64,linux,0
1,commit-5-correction-amd-9950x3d,run-2,0,base64-ng,encode,standard,padded,65536,87384,64,12401536,322.540692,ssse3-sse4.1,avx512-vbmi,avx512-vbmi,x86_64,linux,0
1,commit-5-correction-amd-9950x3d,run-2,1,base64-ng,encode,standard,padded,65536,87384,64,12649082,316.228482,ssse3-sse4.1,avx512-vbmi,avx512-vbmi,x86_64,linux,0
1,commit-5-correction-amd-9950x3d,run-2,2,base64-ng,encode,standard,padded,65536,87384,64,12493279,320.172150,ssse3-sse4.1,avx512-vbmi,avx512-vbmi,x86_64,linux,0
1,commit-5-correction-amd-9950x3d,run-2,3,base64-ng,encode,standard,padded,65536,87384,64,12388421,322.882149,ssse3-sse4.1,avx512-vbmi,avx512-vbmi,x86_64,linux,0
1,commit-5-correction-amd-9950x3d,run-2,4,base64-ng,encode,standard,padded,65536,87384,64,12390595,322.825498,ssse3-sse4.1,avx512-vbmi,avx512-vbmi,x86_64,linux,0
1,commit-5-correction-amd-9950x3d,run-2,0,base64-ng,decode,standard,padded,65536,87384,64,53244613,75.124971,ssse3-sse4.1,avx512-vbmi,avx512-vbmi,x86_64,linux,0
1,commit-5-correction-amd-9950x3d,run-2,1,base64-ng,decode,standard,padded,65536,87384,64,52192643,76.639154,ssse3-sse4.1,avx512-vbmi,avx512-vbmi,x86_64,linux,0
1,commit-5-correction-amd-9950x3d,run-2,2,base64-ng,decode,standard,padded,65536,87384,64,51277481,78.006952,ssse3-sse4.1,avx512-vbmi,avx512-vbmi,x86_64,linux,0
1,commit-5-correction-amd-9950x3d,run-2,3,base64-ng,decode,standard,padded,65536,87384,64,51172161,78.167502,ssse3-sse4.1,avx512-vbmi,avx512-vbmi,x86_64,linux,0
1,commit-5-correction-amd-9950x3d,run-2,4,base64-ng,decode,standard,padded,65536,87384,64,51640193,77.459044,ssse3-sse4.1,avx512-vbmi,avx512-vbmi,x86_64,linux,0
1,commit-5-correction-amd-9950x3d,run-2,0,base64-ng,encode,standard,padded,65536,87384,64,6669636,599.732879,avx2,avx512-vbmi,avx512-vbmi,x86_64,linux,0
1,commit-5-correction-amd-9950x3d,run-2,1,base64-ng,encode,standard,padded,65536,87384,64,6702648,596.779064,avx2,avx512-vbmi,avx512-vbmi,x86_64,linux,0
1,commit-5-correction-amd-9950x3d,run-2,2,base64-ng,encode,standard,padded,65536,87384,64,6692349,597.697460,avx2,avx512-vbmi,avx512-vbmi,x86_64,linux,0
1,commit-5-correction-amd-9950x3d,run-2,3,base64-ng,encode,standard,padded,65536,87384,64,6613991,604.778567,avx2,avx512-vbmi,avx512-vbmi,x86_64,linux,0
1,commit-5-correction-amd-9950x3d,run-2,4,base64-ng,encode,standard,padded,65536,87384,64,6684273,598.419604,avx2,avx512-vbmi,avx512-vbmi,x86_64,linux,0
1,commit-5-correction-amd-9950x3d,run-2,0,base64-ng,decode,standard,padded,65536,87384,64,35641555,112.228549,avx2,avx512-vbmi,avx512-vbmi,x86_64,linux,0
1,commit-5-correction-amd-9950x3d,run-2,1,base64-ng,decode,standard,padded,65536,87384,64,35561855,112.480072,avx2,avx512-vbmi,avx512-vbmi,x86_64,linux,0
1,commit-5-correction-amd-9950x3d,run-2,2,base64-ng,decode,standard,padded,65536,87384,64,35367049,113.099626,avx2,avx512-vbmi,avx512-vbmi,x86_64,linux,0
1,commit-5-correction-amd-9950x3d,run-2,3,base64-ng,decode,standard,padded,65536,87384,64,35443953,112.854229,avx2,avx512-vbmi,avx512-vbmi,x86_64,linux,0
1,commit-5-correction-amd-9950x3d,run-2,4,base64-ng,decode,standard,padded,65536,87384,64,35461196,112.799354,avx2,avx512-vbmi,avx512-vbmi,x86_64,linux,0
1,commit-5-correction-amd-9950x3d,run-2,0,base64-ng,encode,standard,padded,65536,87384,64,3658277,1093.410914,avx512-vbmi,avx512-vbmi,avx512-vbmi,x86_64,linux,0
1,commit-5-correction-amd-9950x3d,run-2,1,base64-ng,encode,standard,padded,65536,87384,64,3680047,1086.942640,avx512-vbmi,avx512-vbmi,avx512-vbmi,x86_64,linux,0
1,commit-5-correction-amd-9950x3d,run-2,2,base64-ng,encode,standard,padded,65536,87384,64,3646474,1096.950095,avx512-vbmi,avx512-vbmi,avx512-vbmi,x86_64,linux,0
1,commit-5-correction-amd-9950x3d,run-2,3,base64-ng,encode,standard,padded,65536,87384,64,3651203,1095.529336,avx512-vbmi,avx512-vbmi,avx512-vbmi,x86_64,linux,0
1,commit-5-correction-amd-9950x3d,run-2,4,base64-ng,encode,standard,padded,65536,87384,64,3665340,1091.303945,avx512-vbmi,avx512-vbmi,avx512-vbmi,x86_64,linux,0
1,commit-5-correction-amd-9950x3d,run-2,0,base64-ng,decode,standard,padded,65536,87384,64,27228648,146.904099,avx512-vbmi,avx512-vbmi,avx512-vbmi,x86_64,linux,0
1,commit-5-correction-amd-9950x3d,run-2,1,base64-ng,decode,standard,padded,65536,87384,64,27255760,146.757970,avx512-vbmi,avx512-vbmi,avx512-vbmi,x86_64,linux,0
1,commit-5-correction-amd-9950x3d,run-2,2,base64-ng,decode,standard,padded,65536,87384,64,27430959,145.820640,avx512-vbmi,avx512-vbmi,avx512-vbmi,x86_64,linux,0
1,commit-5-correction-amd-9950x3d,run-2,3,base64-ng,decode,standard,padded,65536,87384,64,28161073,142.040042,avx512-vbmi,avx512-vbmi,avx512-vbmi,x86_64,linux,0
1,commit-5-correction-amd-9950x3d,run-2,4,base64-ng,decode,standard,padded,65536,87384,64,27383480,146.073472,avx512-vbmi,avx512-vbmi,avx512-vbmi,x86_64,linux,0
1,commit-5-correction-amd-9950x3d,run-2,0,base64-0.23.0,encode,standard,padded,65536,87384,64,796990,5018.883549,external,avx512-vbmi,avx512-vbmi,x86_64,linux,0
1,commit-5-correction-amd-9950x3d,run-2,1,base64-0.23.0,encode,standard,padded,65536,87384,64,796890,5019.513358,external,avx512-vbmi,avx512-vbmi,x86_64,linux,0
1,commit-5-correction-amd-9950x3d,run-2,2,base64-0.23.0,encode,standard,padded,65536,87384,64,796409,5022.544949,external,avx512-vbmi,avx512-vbmi,x86_64,linux,0
1,commit-5-correction-amd-9950x3d,run-2,3,base64-0.23.0,encode,standard,padded,65536,87384,64,801469,4990.835578,external,avx512-vbmi,avx512-vbmi,x86_64,linux,0
1,commit-5-correction-amd-9950x3d,run-2,4,base64-0.23.0,encode,standard,padded,65536,87384,64,801409,4991.209233,external,avx512-vbmi,avx512-vbmi,x86_64,linux,0
1,commit-5-correction-amd-9950x3d,run-2,0,base64-0.23.0,decode,standard,padded,65536,87384,64,950810,4206.939346,external,avx512-vbmi,avx512-vbmi,x86_64,linux,0
1,commit-5-correction-amd-9950x3d,run-2,1,base64-0.23.0,decode,standard,padded,65536,87384,64,954427,4190.996273,external,avx512-vbmi,avx512-vbmi,x86_64,linux,0
1,commit-5-correction-amd-9950x3d,run-2,2,base64-0.23.0,decode,standard,padded,65536,87384,64,957362,4178.147869,external,avx512-vbmi,avx512-vbmi,x86_64,linux,0
1,commit-5-correction-amd-9950x3d,run-2,3,base64-0.23.0,decode,standard,padded,65536,87384,64,967211,4135.602263,external,avx512-vbmi,avx512-vbmi,x86_64,linux,0
1,commit-5-correction-amd-9950x3d,run-2,4,base64-0.23.0,decode,standard,padded,65536,87384,64,963965,4149.528251,external,avx512-vbmi,avx512-vbmi,x86_64,linux,0
1,commit-5-correction-amd-9950x3d,run-2,0,base64ct-1.8.3,encode,standard,padded,65536,87384,64,1357485,2946.625561,external,avx512-vbmi,avx512-vbmi,x86_64,linux,0
1,commit-5-correction-amd-9950x3d,run-2,1,base64ct-1.8.3,encode,standard,padded,65536,87384,64,1339121,2987.034032,external,avx512-vbmi,avx512-vbmi,x86_64,linux,0
1,commit-5-correction-amd-9950x3d,run-2,2,base64ct-1.8.3,encode,standard,padded,65536,87384,64,1345583,2972.689162,external,avx512-vbmi,avx512-vbmi,x86_64,linux,0
1,commit-5-correction-amd-9950x3d,run-2,3,base64ct-1.8.3,encode,standard,padded,65536,87384,64,1350202,2962.519682,external,avx512-vbmi,avx512-vbmi,x86_64,linux,0
1,commit-5-correction-amd-9950x3d,run-2,4,base64ct-1.8.3,encode,standard,padded,65536,87384,64,1345844,2972.112667,external,avx512-vbmi,avx512-vbmi,x86_64,linux,0
1,commit-5-correction-amd-9950x3d,run-2,0,base64ct-1.8.3,decode,standard,padded,65536,87384,64,4591443,871.185812,external,avx512-vbmi,avx512-vbmi,x86_64,linux,0
1,commit-5-correction-amd-9950x3d,run-2,1,base64ct-1.8.3,decode,standard,padded,65536,87384,64,4608536,867.954596,external,avx512-vbmi,avx512-vbmi,x86_64,linux,0
1,commit-5-correction-amd-9950x3d,run-2,2,base64ct-1.8.3,decode,standard,padded,65536,87384,64,4608626,867.937646,external,avx512-vbmi,avx512-vbmi,x86_64,linux,0
1,commit-5-correction-amd-9950x3d,run-2,3,base64ct-1.8.3,decode,standard,padded,65536,87384,64,4607493,868.151075,external,avx512-vbmi,avx512-vbmi,x86_64,linux,0
1,commit-5-correction-amd-9950x3d,run-2,4,base64ct-1.8.3,decode,standard,padded,65536,87384,64,4609557,867.762347,external,avx512-vbmi,avx512-vbmi,x86_64,linux,0
1,commit-5-correction-amd-9950x3d,run-2,0,base64-ng,encode,standard,unpadded,1,2,4194304,35725964,111.963389,auto,avx512-vbmi,avx512-vbmi,x86_64,linux,0
1,commit-5-correction-amd-9950x3d,run-2,1,base64-ng,encode,standard,unpadded,1,2,4194304,35769346,111.827597,auto,avx512-vbmi,avx512-vbmi,x86_64,linux,0
1,commit-5-correction-amd-9950x3d,run-2,2,base64-ng,encode,standard,unpadded,1,2,4194304,35783131,111.784517,auto,avx512-vbmi,avx512-vbmi,x86_64,linux,0
1,commit-5-correction-amd-9950x3d,run-2,3,base64-ng,encode,standard,unpadded,1,2,4194304,36184949,110.543198,auto,avx512-vbmi,avx512-vbmi,x86_64,linux,0
1,commit-5-correction-amd-9950x3d,run-2,4,base64-ng,encode,standard,unpadded,1,2,4194304,35825322,111.652869,auto,avx512-vbmi,avx512-vbmi,x86_64,linux,0
1,commit-5-correction-amd-9950x3d,run-2,0,base64-ng,decode,standard,unpadded,1,2,4194304,54526476,73.358858,auto,avx512-vbmi,avx512-vbmi,x86_64,linux,0
1,commit-5-correction-amd-9950x3d,run-2,1,base64-ng,decode,standard,unpadded,1,2,4194304,59928776,66.745898,auto,avx512-vbmi,avx512-vbmi,x86_64,linux,0
1,commit-5-correction-amd-9950x3d,run-2,2,base64-ng,decode,standard,unpadded,1,2,4194304,54092861,73.946911,auto,avx512-vbmi,avx512-vbmi,x86_64,linux,0
1,commit-5-correction-amd-9950x3d,run-2,3,base64-ng,decode,standard,unpadded,1,2,4194304,54009584,74.060930,auto,avx512-vbmi,avx512-vbmi,x86_64,linux,0
1,commit-5-correction-amd-9950x3d,run-2,4,base64-ng,decode,standard,unpadded,1,2,4194304,53691184,74.500127,auto,avx512-vbmi,avx512-vbmi,x86_64,linux,0
1,commit-5-correction-amd-9950x3d,run-2,0,base64-ng,encode,standard,unpadded,1,2,4194304,25970089,154.023346,scalar,avx512-vbmi,avx512-vbmi,x86_64,linux,0
1,commit-5-correction-amd-9950x3d,run-2,1,base64-ng,encode,standard,unpadded,1,2,4194304,25950391,154.140259,scalar,avx512-vbmi,avx512-vbmi,x86_64,linux,0
1,commit-5-correction-amd-9950x3d,run-2,2,base64-ng,encode,standard,unpadded,1,2,4194304,25962074,154.070896,scalar,avx512-vbmi,avx512-vbmi,x86_64,linux,0
1,commit-5-correction-amd-9950x3d,run-2,3,base64-ng,encode,standard,unpadded,1,2,4194304,26031705,153.658779,scalar,avx512-vbmi,avx512-vbmi,x86_64,linux,0
1,commit-5-correction-amd-9950x3d,run-2,4,base64-ng,encode,standard,unpadded,1,2,4194304,26238805,152.445967,scalar,avx512-vbmi,avx512-vbmi,x86_64,linux,0
1,commit-5-correction-amd-9950x3d,run-2,0,base64-ng,decode,standard,unpadded,1,2,4194304,34452618,116.101482,scalar,avx512-vbmi,avx512-vbmi,x86_64,linux,0
1,commit-5-correction-amd-9950x3d,run-2,1,base64-ng,decode,standard,unpadded,1,2,4194304,34601498,115.601931,scalar,avx512-vbmi,avx512-vbmi,x86_64,linux,0
1,commit-5-correction-amd-9950x3d,run-2,2,base64-ng,decode,standard,unpadded,1,2,4194304,34226211,116.869495,scalar,avx512-vbmi,avx512-vbmi,x86_64,linux,0
1,commit-5-correction-amd-9950x3d,run-2,3,base64-ng,decode,standard,unpadded,1,2,4194304,34357137,116.424136,scalar,avx512-vbmi,avx512-vbmi,x86_64,linux,0
1,commit-5-correction-amd-9950x3d,run-2,4,base64-ng,decode,standard,unpadded,1,2,4194304,34473476,116.031235,scalar,avx512-vbmi,avx512-vbmi,x86_64,linux,0
1,commit-5-correction-amd-9950x3d,run-2,0,base64-ng,encode,standard,unpadded,1,2,4194304,33608428,119.017765,ssse3-sse4.1,avx512-vbmi,avx512-vbmi,x86_64,linux,0
1,commit-5-correction-amd-9950x3d,run-2,1,base64-ng,encode,standard,unpadded,1,2,4194304,34175275,117.043681,ssse3-sse4.1,avx512-vbmi,avx512-vbmi,x86_64,linux,0
1,commit-5-correction-amd-9950x3d,run-2,2,base64-ng,encode,standard,unpadded,1,2,4194304,33501085,119.399118,ssse3-sse4.1,avx512-vbmi,avx512-vbmi,x86_64,linux,0
1,commit-5-correction-amd-9950x3d,run-2,3,base64-ng,encode,standard,unpadded,1,2,4194304,33687528,118.738306,ssse3-sse4.1,avx512-vbmi,avx512-vbmi,x86_64,linux,0
1,commit-5-correction-amd-9950x3d,run-2,4,base64-ng,encode,standard,unpadded,1,2,4194304,33332889,120.001600,ssse3-sse4.1,avx512-vbmi,avx512-vbmi,x86_64,linux,0
1,commit-5-correction-amd-9950x3d,run-2,0,base64-ng,decode,standard,unpadded,1,2,4194304,41668281,95.996281,ssse3-sse4.1,avx512-vbmi,avx512-vbmi,x86_64,linux,0
1,commit-5-correction-amd-9950x3d,run-2,1,base64-ng,decode,standard,unpadded,1,2,4194304,41633024,96.077575,ssse3-sse4.1,avx512-vbmi,avx512-vbmi,x86_64,linux,0
1,commit-5-correction-amd-9950x3d,run-2,2,base64-ng,decode,standard,unpadded,1,2,4194304,41816099,95.656938,ssse3-sse4.1,avx512-vbmi,avx512-vbmi,x86_64,linux,0
1,commit-5-correction-amd-9950x3d,run-2,3,base64-ng,decode,standard,unpadded,1,2,4194304,41872194,95.528789,ssse3-sse4.1,avx512-vbmi,avx512-vbmi,x86_64,linux,0
1,commit-5-correction-amd-9950x3d,run-2,4,base64-ng,decode,standard,unpadded,1,2,4194304,41557041,96.253244,ssse3-sse4.1,avx512-vbmi,avx512-vbmi,x86_64,linux,0
1,commit-5-correction-amd-9950x3d,run-2,0,base64-ng,encode,standard,unpadded,1,2,4194304,33266485,120.241138,avx2,avx512-vbmi,avx512-vbmi,x86_64,linux,0
1,commit-5-correction-amd-9950x3d,run-2,1,base64-ng,encode,standard,unpadded,1,2,4194304,33207102,120.456160,avx2,avx512-vbmi,avx512-vbmi,x86_64,linux,0
1,commit-5-correction-amd-9950x3d,run-2,2,base64-ng,encode,standard,unpadded,1,2,4194304,33000674,121.209646,avx2,avx512-vbmi,avx512-vbmi,x86_64,linux,0
1,commit-5-correction-amd-9950x3d,run-2,3,base64-ng,encode,standard,unpadded,1,2,4194304,32957072,121.370005,avx2,avx512-vbmi,avx512-vbmi,x86_64,linux,0
1,commit-5-correction-amd-9950x3d,run-2,4,base64-ng,encode,standard,unpadded,1,2,4194304,32935531,121.449385,avx2,avx512-vbmi,avx512-vbmi,x86_64,linux,0
1,commit-5-correction-amd-9950x3d,run-2,0,base64-ng,decode,standard,unpadded,1,2,4194304,44724083,89.437273,avx2,avx512-vbmi,avx512-vbmi,x86_64,linux,0
1,commit-5-correction-amd-9950x3d,run-2,1,base64-ng,decode,standard,unpadded,1,2,4194304,44811197,89.263404,avx2,avx512-vbmi,avx512-vbmi,x86_64,linux,0
1,commit-5-correction-amd-9950x3d,run-2,2,base64-ng,decode,standard,unpadded,1,2,4194304,44790128,89.305393,avx2,avx512-vbmi,avx512-vbmi,x86_64,linux,0
1,commit-5-correction-amd-9950x3d,run-2,3,base64-ng,decode,standard,unpadded,1,2,4194304,45075074,88.740842,avx2,avx512-vbmi,avx512-vbmi,x86_64,linux,0
1,commit-5-correction-amd-9950x3d,run-2,4,base64-ng,decode,standard,unpadded,1,2,4194304,44980215,88.927988,avx2,avx512-vbmi,avx512-vbmi,x86_64,linux,0
1,commit-5-correction-amd-9950x3d,run-2,0,base64-ng,encode,standard,unpadded,1,2,4194304,35500359,112.674917,avx512-vbmi,avx512-vbmi,avx512-vbmi,x86_64,linux,0
1,commit-5-correction-amd-9950x3d,run-2,1,base64-ng,encode,standard,unpadded,1,2,4194304,35974222,111.190730,avx512-vbmi,avx512-vbmi,avx512-vbmi,x86_64,linux,0
1,commit-5-correction-amd-9950x3d,run-2,2,base64-ng,encode,standard,unpadded,1,2,4194304,35260498,113.441393,avx512-vbmi,avx512-vbmi,avx512-vbmi,x86_64,linux,0
1,commit-5-correction-amd-9950x3d,run-2,3,base64-ng,encode,standard,unpadded,1,2,4194304,35225082,113.555449,avx512-vbmi,avx512-vbmi,avx512-vbmi,x86_64,linux,0
1,commit-5-correction-amd-9950x3d,run-2,4,base64-ng,encode,standard,unpadded,1,2,4194304,35483457,112.728588,avx512-vbmi,avx512-vbmi,avx512-vbmi,x86_64,linux,0
1,commit-5-correction-amd-9950x3d,run-2,0,base64-ng,decode,standard,unpadded,1,2,4194304,51496794,77.674738,avx512-vbmi,avx512-vbmi,avx512-vbmi,x86_64,linux,0
1,commit-5-correction-amd-9950x3d,run-2,1,base64-ng,decode,standard,unpadded,1,2,4194304,51640584,77.458458,avx512-vbmi,avx512-vbmi,avx512-vbmi,x86_64,linux,0
1,commit-5-correction-amd-9950x3d,run-2,2,base64-ng,decode,standard,unpadded,1,2,4194304,51537089,77.614007,avx512-vbmi,avx512-vbmi,avx512-vbmi,x86_64,linux,0
1,commit-5-correction-amd-9950x3d,run-2,3,base64-ng,decode,standard,unpadded,1,2,4194304,50759545,78.802913,avx512-vbmi,avx512-vbmi,avx512-vbmi,x86_64,linux,0
1,commit-5-correction-amd-9950x3d,run-2,4,base64-ng,decode,standard,unpadded,1,2,4194304,51098964,78.279474,avx512-vbmi,avx512-vbmi,avx512-vbmi,x86_64,linux,0
1,commit-5-correction-amd-9950x3d,run-2,0,base64-0.23.0,encode,standard,unpadded,1,2,4194304,26899157,148.703545,external,avx512-vbmi,avx512-vbmi,x86_64,linux,0
1,commit-5-correction-amd-9950x3d,run-2,1,base64-0.23.0,encode,standard,unpadded,1,2,4194304,27248285,146.798230,external,avx512-vbmi,avx512-vbmi,x86_64,linux,0
1,commit-5-correction-amd-9950x3d,run-2,2,base64-0.23.0,encode,standard,unpadded,1,2,4194304,26892475,148.740493,external,avx512-vbmi,avx512-vbmi,x86_64,linux,0
1,commit-5-correction-amd-9950x3d,run-2,3,base64-0.23.0,encode,standard,unpadded,1,2,4194304,26879961,148.809740,external,avx512-vbmi,avx512-vbmi,x86_64,linux,0
1,commit-5-correction-amd-9950x3d,run-2,4,base64-0.23.0,encode,standard,unpadded,1,2,4194304,26937149,148.493814,external,avx512-vbmi,avx512-vbmi,x86_64,linux,0
1,commit-5-correction-amd-9950x3d,run-2,0,base64-0.23.0,decode,standard,unpadded,1,2,4194304,54409255,73.516904,external,avx512-vbmi,avx512-vbmi,x86_64,linux,0
1,commit-5-correction-amd-9950x3d,run-2,1,base64-0.23.0,decode,standard,unpadded,1,2,4194304,50641313,78.986894,external,avx512-vbmi,avx512-vbmi,x86_64,linux,0
1,commit-5-correction-amd-9950x3d,run-2,2,base64-0.23.0,decode,standard,unpadded,1,2,4194304,50670718,78.941056,external,avx512-vbmi,avx512-vbmi,x86_64,linux,0
1,commit-5-correction-amd-9950x3d,run-2,3,base64-0.23.0,decode,standard,unpadded,1,2,4194304,50820470,78.708442,external,avx512-vbmi,avx512-vbmi,x86_64,linux,0
1,commit-5-correction-amd-9950x3d,run-2,4,base64-0.23.0,decode,standard,unpadded,1,2,4194304,50962357,78.489305,external,avx512-vbmi,avx512-vbmi,x86_64,linux,0
1,commit-5-correction-amd-9950x3d,run-2,0,base64ct-1.8.3,encode,standard,unpadded,1,2,4194304,24658740,162.214290,external,avx512-vbmi,avx512-vbmi,x86_64,linux,0
1,commit-5-correction-amd-9950x3d,run-2,1,base64ct-1.8.3,encode,standard,unpadded,1,2,4194304,24722250,161.797571,external,avx512-vbmi,avx512-vbmi,x86_64,linux,0
1,commit-5-correction-amd-9950x3d,run-2,2,base64ct-1.8.3,encode,standard,unpadded,1,2,4194304,24887882,160.720788,external,avx512-vbmi,avx512-vbmi,x86_64,linux,0
1,commit-5-correction-amd-9950x3d,run-2,3,base64ct-1.8.3,encode,standard,unpadded,1,2,4194304,24758227,161.562458,external,avx512-vbmi,avx512-vbmi,x86_64,linux,0
1,commit-5-correction-amd-9950x3d,run-2,4,base64ct-1.8.3,encode,standard,unpadded,1,2,4194304,24853708,160.941780,external,avx512-vbmi,avx512-vbmi,x86_64,linux,0
1,commit-5-correction-amd-9950x3d,run-2,0,base64ct-1.8.3,decode,standard,unpadded,1,2,4194304,100551369,39.780662,external,avx512-vbmi,avx512-vbmi,x86_64,linux,0
1,commit-5-correction-amd-9950x3d,run-2,1,base64ct-1.8.3,decode,standard,unpadded,1,2,4194304,99869445,40.052290,external,avx512-vbmi,avx512-vbmi,x86_64,linux,0
1,commit-5-correction-amd-9950x3d,run-2,2,base64ct-1.8.3,decode,standard,unpadded,1,2,4194304,100800537,39.682328,external,avx512-vbmi,avx512-vbmi,x86_64,linux,0
1,commit-5-correction-amd-9950x3d,run-2,3,base64ct-1.8.3,decode,standard,unpadded,1,2,4194304,100367352,39.853597,external,avx512-vbmi,avx512-vbmi,x86_64,linux,0
1,commit-5-correction-amd-9950x3d,run-2,4,base64ct-1.8.3,decode,standard,unpadded,1,2,4194304,101339823,39.471156,external,avx512-vbmi,avx512-vbmi,x86_64,linux,0
1,commit-5-correction-amd-9950x3d,run-2,0,base64-ng,encode,standard,unpadded,2,3,2097152,21138624,189.227076,auto,avx512-vbmi,avx512-vbmi,x86_64,linux,0
1,commit-5-correction-amd-9950x3d,run-2,1,base64-ng,encode,standard,unpadded,2,3,2097152,21196372,188.711540,auto,avx512-vbmi,avx512-vbmi,x86_64,linux,0
1,commit-5-correction-amd-9950x3d,run-2,2,base64-ng,encode,standard,unpadded,2,3,2097152,21166345,188.979250,auto,avx512-vbmi,avx512-vbmi,x86_64,linux,0
1,commit-5-correction-amd-9950x3d,run-2,3,base64-ng,encode,standard,unpadded,2,3,2097152,21161817,189.019686,auto,avx512-vbmi,avx512-vbmi,x86_64,linux,0
1,commit-5-correction-amd-9950x3d,run-2,4,base64-ng,encode,standard,unpadded,2,3,2097152,24364196,164.175333,auto,avx512-vbmi,avx512-vbmi,x86_64,linux,0
1,commit-5-correction-amd-9950x3d,run-2,0,base64-ng,decode,standard,unpadded,2,3,2097152,30978437,129.122073,auto,avx512-vbmi,avx512-vbmi,x86_64,linux,0
1,commit-5-correction-amd-9950x3d,run-2,1,base64-ng,decode,standard,unpadded,2,3,2097152,30802746,129.858552,auto,avx512-vbmi,avx512-vbmi,x86_64,linux,0
1,commit-5-correction-amd-9950x3d,run-2,2,base64-ng,decode,standard,unpadded,2,3,2097152,30899899,129.450261,auto,avx512-vbmi,avx512-vbmi,x86_64,linux,0
1,commit-5-correction-amd-9950x3d,run-2,3,base64-ng,decode,standard,unpadded,2,3,2097152,30781076,129.949973,auto,avx512-vbmi,avx512-vbmi,x86_64,linux,0
1,commit-5-correction-amd-9950x3d,run-2,4,base64-ng,decode,standard,unpadded,2,3,2097152,30882145,129.524682,auto,avx512-vbmi,avx512-vbmi,x86_64,linux,0
1,commit-5-correction-amd-9950x3d,run-2,0,base64-ng,encode,standard,unpadded,2,3,2097152,18309918,218.460836,scalar,avx512-vbmi,avx512-vbmi,x86_64,linux,0
1,commit-5-correction-amd-9950x3d,run-2,1,base64-ng,encode,standard,unpadded,2,3,2097152,18188159,219.923303,scalar,avx512-vbmi,avx512-vbmi,x86_64,linux,0
1,commit-5-correction-amd-9950x3d,run-2,2,base64-ng,encode,standard,unpadded,2,3,2097152,18142784,220.473330,scalar,avx512-vbmi,avx512-vbmi,x86_64,linux,0
1,commit-5-correction-amd-9950x3d,run-2,3,base64-ng,encode,standard,unpadded,2,3,2097152,18301683,218.559135,scalar,avx512-vbmi,avx512-vbmi,x86_64,linux,0
1,commit-5-correction-amd-9950x3d,run-2,4,base64-ng,encode,standard,unpadded,2,3,2097152,18099262,221.003486,scalar,avx512-vbmi,avx512-vbmi,x86_64,linux,0
1,commit-5-correction-amd-9950x3d,run-2,0,base64-ng,decode,standard,unpadded,2,3,2097152,21803906,183.453368,scalar,avx512-vbmi,avx512-vbmi,x86_64,linux,0
1,commit-5-correction-amd-9950x3d,run-2,1,base64-ng,decode,standard,unpadded,2,3,2097152,21780713,183.648717,scalar,avx512-vbmi,avx512-vbmi,x86_64,linux,0
1,commit-5-correction-amd-9950x3d,run-2,2,base64-ng,decode,standard,unpadded,2,3,2097152,21829554,183.237825,scalar,avx512-vbmi,avx512-vbmi,x86_64,linux,0
1,commit-5-correction-amd-9950x3d,run-2,3,base64-ng,decode,standard,unpadded,2,3,2097152,21773208,183.712019,scalar,avx512-vbmi,avx512-vbmi,x86_64,linux,0
1,commit-5-correction-amd-9950x3d,run-2,4,base64-ng,decode,standard,unpadded,2,3,2097152,22974710,174.104483,scalar,avx512-vbmi,avx512-vbmi,x86_64,linux,0
1,commit-5-correction-amd-9950x3d,run-2,0,base64-ng,encode,standard,unpadded,2,3,2097152,21925184,182.438606,ssse3-sse4.1,avx512-vbmi,avx512-vbmi,x86_64,linux,0
1,commit-5-correction-amd-9950x3d,run-2,1,base64-ng,encode,standard,unpadded,2,3,2097152,21906479,182.594382,ssse3-sse4.1,avx512-vbmi,avx512-vbmi,x86_64,linux,0
1,commit-5-correction-amd-9950x3d,run-2,2,base64-ng,encode,standard,unpadded,2,3,2097152,21937968,182.332293,ssse3-sse4.1,avx512-vbmi,avx512-vbmi,x86_64,linux,0
1,commit-5-correction-amd-9950x3d,run-2,3,base64-ng,encode,standard,unpadded,2,3,2097152,22034350,181.534740,ssse3-sse4.1,avx512-vbmi,avx512-vbmi,x86_64,linux,0
1,commit-5-correction-amd-9950x3d,run-2,4,base64-ng,encode,standard,unpadded,2,3,2097152,22154015,180.554179,ssse3-sse4.1,avx512-vbmi,avx512-vbmi,x86_64,linux,0
1,commit-5-correction-amd-9950x3d,run-2,0,base64-ng,decode,standard,unpadded,2,3,2097152,25420675,157.352234,ssse3-sse4.1,avx512-vbmi,avx512-vbmi,x86_64,linux,0
1,commit-5-correction-amd-9950x3d,run-2,1,base64-ng,decode,standard,unpadded,2,3,2097152,25491928,156.912416,ssse3-sse4.1,avx512-vbmi,avx512-vbmi,x86_64,linux,0
1,commit-5-correction-amd-9950x3d,run-2,2,base64-ng,decode,standard,unpadded,2,3,2097152,25577029,156.390330,ssse3-sse4.1,avx512-vbmi,avx512-vbmi,x86_64,linux,0
1,commit-5-correction-amd-9950x3d,run-2,3,base64-ng,decode,standard,unpadded,2,3,2097152,26651842,150.083435,ssse3-sse4.1,avx512-vbmi,avx512-vbmi,x86_64,linux,0
1,commit-5-correction-amd-9950x3d,run-2,4,base64-ng,decode,standard,unpadded,2,3,2097152,25387913,157.555290,ssse3-sse4.1,avx512-vbmi,avx512-vbmi,x86_64,linux,0
1,commit-5-correction-amd-9950x3d,run-2,0,base64-ng,encode,standard,unpadded,2,3,2097152,21672970,184.561691,avx2,avx512-vbmi,avx512-vbmi,x86_64,linux,0
1,commit-5-correction-amd-9950x3d,run-2,1,base64-ng,encode,standard,unpadded,2,3,2097152,21786884,183.596700,avx2,avx512-vbmi,avx512-vbmi,x86_64,linux,0
1,commit-5-correction-amd-9950x3d,run-2,2,base64-ng,encode,standard,unpadded,2,3,2097152,21753711,183.876673,avx2,avx512-vbmi,avx512-vbmi,x86_64,linux,0
1,commit-5-correction-amd-9950x3d,run-2,3,base64-ng,encode,standard,unpadded,2,3,2097152,21773028,183.713538,avx2,avx512-vbmi,avx512-vbmi,x86_64,linux,0
1,commit-5-correction-amd-9950x3d,run-2,4,base64-ng,encode,standard,unpadded,2,3,2097152,21812442,183.381576,avx2,avx512-vbmi,avx512-vbmi,x86_64,linux,0
1,commit-5-correction-amd-9950x3d,run-2,0,base64-ng,decode,standard,unpadded,2,3,2097152,27070610,147.761724,avx2,avx512-vbmi,avx512-vbmi,x86_64,linux,0
1,commit-5-correction-amd-9950x3d,run-2,1,base64-ng,decode,standard,unpadded,2,3,2097152,27054830,147.847907,avx2,avx512-vbmi,avx512-vbmi,x86_64,linux,0
1,commit-5-correction-amd-9950x3d,run-2,2,base64-ng,decode,standard,unpadded,2,3,2097152,27141925,147.373482,avx2,avx512-vbmi,avx512-vbmi,x86_64,linux,0
1,commit-5-correction-amd-9950x3d,run-2,3,base64-ng,decode,standard,unpadded,2,3,2097152,27419337,145.882448,avx2,avx512-vbmi,avx512-vbmi,x86_64,linux,0
1,commit-5-correction-amd-9950x3d,run-2,4,base64-ng,decode,standard,unpadded,2,3,2097152,27111617,147.538231,avx2,avx512-vbmi,avx512-vbmi,x86_64,linux,0
1,commit-5-correction-amd-9950x3d,run-2,0,base64-ng,encode,standard,unpadded,2,3,2097152,22610525,176.908763,avx512-vbmi,avx512-vbmi,avx512-vbmi,x86_64,linux,0
1,commit-5-correction-amd-9950x3d,run-2,1,base64-ng,encode,standard,unpadded,2,3,2097152,22680967,176.359324,avx512-vbmi,avx512-vbmi,avx512-vbmi,x86_64,linux,0
1,commit-5-correction-amd-9950x3d,run-2,2,base64-ng,encode,standard,unpadded,2,3,2097152,22622848,176.812398,avx512-vbmi,avx512-vbmi,avx512-vbmi,x86_64,linux,0
1,commit-5-correction-amd-9950x3d,run-2,3,base64-ng,encode,standard,unpadded,2,3,2097152,22632196,176.739367,avx512-vbmi,avx512-vbmi,avx512-vbmi,x86_64,linux,0
1,commit-5-correction-amd-9950x3d,run-2,4,base64-ng,encode,standard,unpadded,2,3,2097152,22590276,177.067336,avx512-vbmi,avx512-vbmi,avx512-vbmi,x86_64,linux,0
1,commit-5-correction-amd-9950x3d,run-2,0,base64-ng,decode,standard,unpadded,2,3,2097152,30184663,132.517630,avx512-vbmi,avx512-vbmi,avx512-vbmi,x86_64,linux,0
1,commit-5-correction-amd-9950x3d,run-2,1,base64-ng,decode,standard,unpadded,2,3,2097152,30156400,132.641827,avx512-vbmi,avx512-vbmi,avx512-vbmi,x86_64,linux,0
1,commit-5-correction-amd-9950x3d,run-2,2,base64-ng,decode,standard,unpadded,2,3,2097152,30102187,132.880711,avx512-vbmi,avx512-vbmi,avx512-vbmi,x86_64,linux,0
1,commit-5-correction-amd-9950x3d,run-2,3,base64-ng,decode,standard,unpadded,2,3,2097152,30051312,133.105669,avx512-vbmi,avx512-vbmi,avx512-vbmi,x86_64,linux,0
1,commit-5-correction-amd-9950x3d,run-2,4,base64-ng,decode,standard,unpadded,2,3,2097152,30193610,132.478362,avx512-vbmi,avx512-vbmi,avx512-vbmi,x86_64,linux,0
1,commit-5-correction-amd-9950x3d,run-2,0,base64-0.23.0,encode,standard,unpadded,2,3,2097152,14560270,274.720180,external,avx512-vbmi,avx512-vbmi,x86_64,linux,0
1,commit-5-correction-amd-9950x3d,run-2,1,base64-0.23.0,encode,standard,unpadded,2,3,2097152,14677109,272.533235,external,avx512-vbmi,avx512-vbmi,x86_64,linux,0
1,commit-5-correction-amd-9950x3d,run-2,2,base64-0.23.0,encode,standard,unpadded,2,3,2097152,14139117,282.903098,external,avx512-vbmi,avx512-vbmi,x86_64,linux,0
1,commit-5-correction-amd-9950x3d,run-2,3,base64-0.23.0,encode,standard,unpadded,2,3,2097152,14169505,282.296382,external,avx512-vbmi,avx512-vbmi,x86_64,linux,0
1,commit-5-correction-amd-9950x3d,run-2,4,base64-0.23.0,encode,standard,unpadded,2,3,2097152,14184672,281.994536,external,avx512-vbmi,avx512-vbmi,x86_64,linux,0
1,commit-5-correction-amd-9950x3d,run-2,0,base64-0.23.0,decode,standard,unpadded,2,3,2097152,26064186,153.467290,external,avx512-vbmi,avx512-vbmi,x86_64,linux,0
1,commit-5-correction-amd-9950x3d,run-2,1,base64-0.23.0,decode,standard,unpadded,2,3,2097152,26024171,153.703263,external,avx512-vbmi,avx512-vbmi,x86_64,linux,0
1,commit-5-correction-amd-9950x3d,run-2,2,base64-0.23.0,decode,standard,unpadded,2,3,2097152,29773669,134.346896,external,avx512-vbmi,avx512-vbmi,x86_64,linux,0
1,commit-5-correction-amd-9950x3d,run-2,3,base64-0.23.0,decode,standard,unpadded,2,3,2097152,26165767,152.871498,external,avx512-vbmi,avx512-vbmi,x86_64,linux,0
1,commit-5-correction-amd-9950x3d,run-2,4,base64-0.23.0,decode,standard,unpadded,2,3,2097152,25981219,153.957364,external,avx512-vbmi,avx512-vbmi,x86_64,linux,0
1,commit-5-correction-amd-9950x3d,run-2,0,base64ct-1.8.3,encode,standard,unpadded,2,3,2097152,12751084,313.698820,external,avx512-vbmi,avx512-vbmi,x86_64,linux,0
1,commit-5-correction-amd-9950x3d,run-2,1,base64ct-1.8.3,encode,standard,unpadded,2,3,2097152,12779267,313.006998,external,avx512-vbmi,avx512-vbmi,x86_64,linux,0
1,commit-5-correction-amd-9950x3d,run-2,2,base64ct-1.8.3,encode,standard,unpadded,2,3,2097152,12786240,312.836299,external,avx512-vbmi,avx512-vbmi,x86_64,linux,0
1,commit-5-correction-amd-9950x3d,run-2,3,base64ct-1.8.3,encode,standard,unpadded,2,3,2097152,12811208,312.226607,external,avx512-vbmi,avx512-vbmi,x86_64,linux,0
1,commit-5-correction-amd-9950x3d,run-2,4,base64ct-1.8.3,encode,standard,unpadded,2,3,2097152,12801779,312.456573,external,avx512-vbmi,avx512-vbmi,x86_64,linux,0
1,commit-5-correction-amd-9950x3d,run-2,0,base64ct-1.8.3,decode,standard,unpadded,2,3,2097152,57784690,69.222488,external,avx512-vbmi,avx512-vbmi,x86_64,linux,0
1,commit-5-correction-amd-9950x3d,run-2,1,base64ct-1.8.3,decode,standard,unpadded,2,3,2097152,57913442,69.068594,external,avx512-vbmi,avx512-vbmi,x86_64,linux,0
1,commit-5-correction-amd-9950x3d,run-2,2,base64ct-1.8.3,decode,standard,unpadded,2,3,2097152,58998525,67.798305,external,avx512-vbmi,avx512-vbmi,x86_64,linux,0
1,commit-5-correction-amd-9950x3d,run-2,3,base64ct-1.8.3,decode,standard,unpadded,2,3,2097152,58944534,67.860406,external,avx512-vbmi,avx512-vbmi,x86_64,linux,0
1,commit-5-correction-amd-9950x3d,run-2,4,base64ct-1.8.3,decode,standard,unpadded,2,3,2097152,58001378,68.963879,external,avx512-vbmi,avx512-vbmi,x86_64,linux,0
1,commit-5-correction-amd-9950x3d,run-2,0,base64-ng,encode,standard,unpadded,3,4,1398101,18366625,217.786286,auto,avx512-vbmi,avx512-vbmi,x86_64,linux,0
1,commit-5-correction-amd-9950x3d,run-2,1,base64-ng,encode,standard,unpadded,3,4,1398101,18320498,218.334624,auto,avx512-vbmi,avx512-vbmi,x86_64,linux,0
1,commit-5-correction-amd-9950x3d,run-2,2,base64-ng,encode,standard,unpadded,3,4,1398101,18530353,215.861999,auto,avx512-vbmi,avx512-vbmi,x86_64,linux,0
1,commit-5-correction-amd-9950x3d,run-2,3,base64-ng,encode,standard,unpadded,3,4,1398101,18907553,211.555617,auto,avx512-vbmi,avx512-vbmi,x86_64,linux,0
1,commit-5-correction-amd-9950x3d,run-2,4,base64-ng,encode,standard,unpadded,3,4,1398101,18343391,218.062137,auto,avx512-vbmi,avx512-vbmi,x86_64,linux,0
1,commit-5-correction-amd-9950x3d,run-2,0,base64-ng,decode,standard,unpadded,3,4,1398101,26219048,152.560804,auto,avx512-vbmi,avx512-vbmi,x86_64,linux,0
1,commit-5-correction-amd-9950x3d,run-2,1,base64-ng,decode,standard,unpadded,3,4,1398101,26205752,152.638209,auto,avx512-vbmi,avx512-vbmi,x86_64,linux,0
1,commit-5-correction-amd-9950x3d,run-2,2,base64-ng,decode,standard,unpadded,3,4,1398101,26732304,149.631661,auto,avx512-vbmi,avx512-vbmi,x86_64,linux,0
1,commit-5-correction-amd-9950x3d,run-2,3,base64-ng,decode,standard,unpadded,3,4,1398101,26140539,153.018997,auto,avx512-vbmi,avx512-vbmi,x86_64,linux,0
1,commit-5-correction-amd-9950x3d,run-2,4,base64-ng,decode,standard,unpadded,3,4,1398101,26492112,150.988303,auto,avx512-vbmi,avx512-vbmi,x86_64,linux,0
1,commit-5-correction-amd-9950x3d,run-2,0,base64-ng,encode,standard,unpadded,3,4,1398101,18285783,218.749126,scalar,avx512-vbmi,avx512-vbmi,x86_64,linux,0
1,commit-5-correction-amd-9950x3d,run-2,1,base64-ng,encode,standard,unpadded,3,4,1398101,17934912,223.028641,scalar,avx512-vbmi,avx512-vbmi,x86_64,linux,0
1,commit-5-correction-amd-9950x3d,run-2,2,base64-ng,encode,standard,unpadded,3,4,1398101,17936646,223.007080,scalar,avx512-vbmi,avx512-vbmi,x86_64,linux,0
1,commit-5-correction-amd-9950x3d,run-2,3,base64-ng,encode,standard,unpadded,3,4,1398101,19311073,207.134997,scalar,avx512-vbmi,avx512-vbmi,x86_64,linux,0
1,commit-5-correction-amd-9950x3d,run-2,4,base64-ng,encode,standard,unpadded,3,4,1398101,18656531,214.402080,scalar,avx512-vbmi,avx512-vbmi,x86_64,linux,0
1,commit-5-correction-amd-9950x3d,run-2,0,base64-ng,decode,standard,unpadded,3,4,1398101,20279336,197.245070,scalar,avx512-vbmi,avx512-vbmi,x86_64,linux,0
1,commit-5-correction-amd-9950x3d,run-2,1,base64-ng,decode,standard,unpadded,3,4,1398101,20427445,195.814946,scalar,avx512-vbmi,avx512-vbmi,x86_64,linux,0
1,commit-5-correction-amd-9950x3d,run-2,2,base64-ng,decode,standard,unpadded,3,4,1398101,19970775,200.292630,scalar,avx512-vbmi,avx512-vbmi,x86_64,linux,0
1,commit-5-correction-amd-9950x3d,run-2,3,base64-ng,decode,standard,unpadded,3,4,1398101,20459375,195.509347,scalar,avx512-vbmi,avx512-vbmi,x86_64,linux,0
1,commit-5-correction-amd-9950x3d,run-2,4,base64-ng,decode,standard,unpadded,3,4,1398101,19827565,201.739298,scalar,avx512-vbmi,avx512-vbmi,x86_64,linux,0
1,commit-5-correction-amd-9950x3d,run-2,0,base64-ng,encode,standard,unpadded,3,4,1398101,20388782,196.186268,ssse3-sse4.1,avx512-vbmi,avx512-vbmi,x86_64,linux,0
1,commit-5-correction-amd-9950x3d,run-2,1,base64-ng,encode,standard,unpadded,3,4,1398101,20262233,197.411561,ssse3-sse4.1,avx512-vbmi,avx512-vbmi,x86_64,linux,0
1,commit-5-correction-amd-9950x3d,run-2,2,base64-ng,encode,standard,unpadded,3,4,1398101,20211298,197.909063,ssse3-sse4.1,avx512-vbmi,avx512-vbmi,x86_64,linux,0
1,commit-5-correction-amd-9950x3d,run-2,3,base64-ng,encode,standard,unpadded,3,4,1398101,20240893,197.619692,ssse3-sse4.1,avx512-vbmi,avx512-vbmi,x86_64,linux,0
1,commit-5-correction-amd-9950x3d,run-2,4,base64-ng,encode,standard,unpadded,3,4,1398101,21539709,185.703486,ssse3-sse4.1,avx512-vbmi,avx512-vbmi,x86_64,linux,0
1,commit-5-correction-amd-9950x3d,run-2,0,base64-ng,decode,standard,unpadded,3,4,1398101,23039722,173.613165,ssse3-sse4.1,avx512-vbmi,avx512-vbmi,x86_64,linux,0
1,commit-5-correction-amd-9950x3d,run-2,1,base64-ng,decode,standard,unpadded,3,4,1398101,23702851,168.756031,ssse3-sse4.1,avx512-vbmi,avx512-vbmi,x86_64,linux,0
1,commit-5-correction-amd-9950x3d,run-2,2,base64-ng,decode,standard,unpadded,3,4,1398101,22388727,178.661299,ssse3-sse4.1,avx512-vbmi,avx512-vbmi,x86_64,linux,0
1,commit-5-correction-amd-9950x3d,run-2,3,base64-ng,decode,standard,unpadded,3,4,1398101,23948063,167.028083,ssse3-sse4.1,avx512-vbmi,avx512-vbmi,x86_64,linux,0
1,commit-5-correction-amd-9950x3d,run-2,4,base64-ng,decode,standard,unpadded,3,4,1398101,22485048,177.895953,ssse3-sse4.1,avx512-vbmi,avx512-vbmi,x86_64,linux,0
1,commit-5-correction-amd-9950x3d,run-2,0,base64-ng,encode,standard,unpadded,3,4,1398101,20195598,198.062917,avx2,avx512-vbmi,avx512-vbmi,x86_64,linux,0
1,commit-5-correction-amd-9950x3d,run-2,1,base64-ng,encode,standard,unpadded,3,4,1398101,21003660,190.442954,avx2,avx512-vbmi,avx512-vbmi,x86_64,linux,0
1,commit-5-correction-amd-9950x3d,run-2,2,base64-ng,encode,standard,unpadded,3,4,1398101,21448296,186.494957,avx2,avx512-vbmi,avx512-vbmi,x86_64,linux,0
1,commit-5-correction-amd-9950x3d,run-2,3,base64-ng,encode,standard,unpadded,3,4,1398101,21631672,184.914002,avx2,avx512-vbmi,avx512-vbmi,x86_64,linux,0
1,commit-5-correction-amd-9950x3d,run-2,4,base64-ng,encode,standard,unpadded,3,4,1398101,20245372,197.575972,avx2,avx512-vbmi,avx512-vbmi,x86_64,linux,0
1,commit-5-correction-amd-9950x3d,run-2,0,base64-ng,decode,standard,unpadded,3,4,1398101,23215032,172.302112,avx2,avx512-vbmi,avx512-vbmi,x86_64,linux,0
1,commit-5-correction-amd-9950x3d,run-2,1,base64-ng,decode,standard,unpadded,3,4,1398101,23393348,170.988738,avx2,avx512-vbmi,avx512-vbmi,x86_64,linux,0
1,commit-5-correction-amd-9950x3d,run-2,2,base64-ng,decode,standard,unpadded,3,4,1398101,23307056,171.621806,avx2,avx512-vbmi,avx512-vbmi,x86_64,linux,0
1,commit-5-correction-amd-9950x3d,run-2,3,base64-ng,decode,standard,unpadded,3,4,1398101,23244378,172.084581,avx2,avx512-vbmi,avx512-vbmi,x86_64,linux,0
1,commit-5-correction-amd-9950x3d,run-2,4,base64-ng,decode,standard,unpadded,3,4,1398101,23419447,170.798185,avx2,avx512-vbmi,avx512-vbmi,x86_64,linux,0
1,commit-5-correction-amd-9950x3d,run-2,0,base64-ng,encode,standard,unpadded,3,4,1398101,20961450,190.826448,avx512-vbmi,avx512-vbmi,avx512-vbmi,x86_64,linux,0
1,commit-5-correction-amd-9950x3d,run-2,1,base64-ng,encode,standard,unpadded,3,4,1398101,20981498,190.644112,avx512-vbmi,avx512-vbmi,avx512-vbmi,x86_64,linux,0
1,commit-5-correction-amd-9950x3d,run-2,2,base64-ng,encode,standard,unpadded,3,4,1398101,20940351,191.018720,avx512-vbmi,avx512-vbmi,avx512-vbmi,x86_64,linux,0
1,commit-5-correction-amd-9950x3d,run-2,3,base64-ng,encode,standard,unpadded,3,4,1398101,21289257,187.888147,avx512-vbmi,avx512-vbmi,avx512-vbmi,x86_64,linux,0
1,commit-5-correction-amd-9950x3d,run-2,4,base64-ng,encode,standard,unpadded,3,4,1398101,24465526,163.495322,avx512-vbmi,avx512-vbmi,avx512-vbmi,x86_64,linux,0
1,commit-5-correction-amd-9950x3d,run-2,0,base64-ng,decode,standard,unpadded,3,4,1398101,27151393,147.322056,avx512-vbmi,avx512-vbmi,avx512-vbmi,x86_64,linux,0
1,commit-5-correction-amd-9950x3d,run-2,1,base64-ng,decode,standard,unpadded,3,4,1398101,25319124,157.983311,avx512-vbmi,avx512-vbmi,avx512-vbmi,x86_64,linux,0
1,commit-5-correction-amd-9950x3d,run-2,2,base64-ng,decode,standard,unpadded,3,4,1398101,25267967,158.303161,avx512-vbmi,avx512-vbmi,avx512-vbmi,x86_64,linux,0
1,commit-5-correction-amd-9950x3d,run-2,3,base64-ng,decode,standard,unpadded,3,4,1398101,25450651,157.166866,avx512-vbmi,avx512-vbmi,avx512-vbmi,x86_64,linux,0
1,commit-5-correction-amd-9950x3d,run-2,4,base64-ng,decode,standard,unpadded,3,4,1398101,25405436,157.446581,avx512-vbmi,avx512-vbmi,avx512-vbmi,x86_64,linux,0
1,commit-5-correction-amd-9950x3d,run-2,0,base64-0.23.0,encode,standard,unpadded,3,4,1398101,9784259,408.819824,external,avx512-vbmi,avx512-vbmi,x86_64,linux,0
1,commit-5-correction-amd-9950x3d,run-2,1,base64-0.23.0,encode,standard,unpadded,3,4,1398101,9574965,417.755997,external,avx512-vbmi,avx512-vbmi,x86_64,linux,0
1,commit-5-correction-amd-9950x3d,run-2,2,base64-0.23.0,encode,standard,unpadded,3,4,1398101,9805298,407.942629,external,avx512-vbmi,avx512-vbmi,x86_64,linux,0
1,commit-5-correction-amd-9950x3d,run-2,3,base64-0.23.0,encode,standard,unpadded,3,4,1398101,9605622,416.422700,external,avx512-vbmi,avx512-vbmi,x86_64,linux,0
1,commit-5-correction-amd-9950x3d,run-2,4,base64-0.23.0,encode,standard,unpadded,3,4,1398101,9602897,416.540867,external,avx512-vbmi,avx512-vbmi,x86_64,linux,0
1,commit-5-correction-amd-9950x3d,run-2,0,base64-0.23.0,decode,standard,unpadded,3,4,1398101,18129038,220.640447,external,avx512-vbmi,avx512-vbmi,x86_64,linux,0
1,commit-5-correction-amd-9950x3d,run-2,1,base64-0.23.0,decode,standard,unpadded,3,4,1398101,18098762,221.009539,external,avx512-vbmi,avx512-vbmi,x86_64,linux,0
1,commit-5-correction-amd-9950x3d,run-2,2,base64-0.23.0,decode,standard,unpadded,3,4,1398101,18098480,221.012983,external,avx512-vbmi,avx512-vbmi,x86_64,linux,0
1,commit-5-correction-amd-9950x3d,run-2,3,base64-0.23.0,decode,standard,unpadded,3,4,1398101,18080988,221.226796,external,avx512-vbmi,avx512-vbmi,x86_64,linux,0
1,commit-5-correction-amd-9950x3d,run-2,4,base64-0.23.0,decode,standard,unpadded,3,4,1398101,18072762,221.327490,external,avx512-vbmi,avx512-vbmi,x86_64,linux,0
1,commit-5-correction-amd-9950x3d,run-2,0,base64ct-1.8.3,encode,standard,unpadded,3,4,1398101,9911679,403.564224,external,avx512-vbmi,avx512-vbmi,x86_64,linux,0
1,commit-5-correction-amd-9950x3d,run-2,1,base64ct-1.8.3,encode,standard,unpadded,3,4,1398101,9894156,404.278955,external,avx512-vbmi,avx512-vbmi,x86_64,linux,0
1,commit-5-correction-amd-9950x3d,run-2,2,base64ct-1.8.3,encode,standard,unpadded,3,4,1398101,10051021,397.969425,external,avx512-vbmi,avx512-vbmi,x86_64,linux,0
1,commit-5-correction-amd-9950x3d,run-2,3,base64ct-1.8.3,encode,standard,unpadded,3,4,1398101,10051893,397.934901,external,avx512-vbmi,avx512-vbmi,x86_64,linux,0
1,commit-5-correction-amd-9950x3d,run-2,4,base64ct-1.8.3,encode,standard,unpadded,3,4,1398101,10000186,399.992465,external,avx512-vbmi,avx512-vbmi,x86_64,linux,0
1,commit-5-correction-amd-9950x3d,run-2,0,base64ct-1.8.3,decode,standard,unpadded,3,4,1398101,25201762,158.719023,external,avx512-vbmi,avx512-vbmi,x86_64,linux,0
1,commit-5-correction-amd-9950x3d,run-2,1,base64ct-1.8.3,decode,standard,unpadded,3,4,1398101,25130999,159.165939,external,avx512-vbmi,avx512-vbmi,x86_64,linux,0
1,commit-5-correction-amd-9950x3d,run-2,2,base64ct-1.8.3,decode,standard,unpadded,3,4,1398101,25121401,159.226750,external,avx512-vbmi,avx512-vbmi,x86_64,linux,0
1,commit-5-correction-amd-9950x3d,run-2,3,base64ct-1.8.3,decode,standard,unpadded,3,4,1398101,25113747,159.275278,external,avx512-vbmi,avx512-vbmi,x86_64,linux,0
1,commit-5-correction-amd-9950x3d,run-2,4,base64ct-1.8.3,decode,standard,unpadded,3,4,1398101,25273387,158.269212,external,avx512-vbmi,avx512-vbmi,x86_64,linux,0
1,commit-5-correction-amd-9950x3d,run-2,0,base64-ng,encode,standard,unpadded,11,15,381300,12937905,309.168771,auto,avx512-vbmi,avx512-vbmi,x86_64,linux,0
1,commit-5-correction-amd-9950x3d,run-2,1,base64-ng,encode,standard,unpadded,11,15,381300,12860359,311.033011,auto,avx512-vbmi,avx512-vbmi,x86_64,linux,0
1,commit-5-correction-amd-9950x3d,run-2,2,base64-ng,encode,standard,unpadded,11,15,381300,12833840,311.675709,auto,avx512-vbmi,avx512-vbmi,x86_64,linux,0
1,commit-5-correction-amd-9950x3d,run-2,3,base64-ng,encode,standard,unpadded,11,15,381300,13201091,303.004970,auto,avx512-vbmi,avx512-vbmi,x86_64,linux,0
1,commit-5-correction-amd-9950x3d,run-2,4,base64-ng,encode,standard,unpadded,11,15,381300,13259331,301.674058,auto,avx512-vbmi,avx512-vbmi,x86_64,linux,0
1,commit-5-correction-amd-9950x3d,run-2,0,base64-ng,decode,standard,unpadded,11,15,381300,17006115,235.209287,auto,avx512-vbmi,avx512-vbmi,x86_64,linux,0
1,commit-5-correction-amd-9950x3d,run-2,1,base64-ng,decode,standard,unpadded,11,15,381300,17024659,234.953087,auto,avx512-vbmi,avx512-vbmi,x86_64,linux,0
1,commit-5-correction-amd-9950x3d,run-2,2,base64-ng,decode,standard,unpadded,11,15,381300,17045599,234.664454,auto,avx512-vbmi,avx512-vbmi,x86_64,linux,0
1,commit-5-correction-amd-9950x3d,run-2,3,base64-ng,decode,standard,unpadded,11,15,381300,17041661,234.718681,auto,avx512-vbmi,avx512-vbmi,x86_64,linux,0
1,commit-5-correction-amd-9950x3d,run-2,4,base64-ng,decode,standard,unpadded,11,15,381300,17059735,234.470007,auto,avx512-vbmi,avx512-vbmi,x86_64,linux,0
1,commit-5-correction-amd-9950x3d,run-2,0,base64-ng,encode,standard,unpadded,11,15,381300,13194038,303.166944,scalar,avx512-vbmi,avx512-vbmi,x86_64,linux,0
1,commit-5-correction-amd-9950x3d,run-2,1,base64-ng,encode,standard,unpadded,11,15,381300,12874446,310.692684,scalar,avx512-vbmi,avx512-vbmi,x86_64,linux,0
1,commit-5-correction-amd-9950x3d,run-2,2,base64-ng,encode,standard,unpadded,11,15,381300,12798012,312.548245,scalar,avx512-vbmi,avx512-vbmi,x86_64,linux,0
1,commit-5-correction-amd-9950x3d,run-2,3,base64-ng,encode,standard,unpadded,11,15,381300,12766393,313.322344,scalar,avx512-vbmi,avx512-vbmi,x86_64,linux,0
1,commit-5-correction-amd-9950x3d,run-2,4,base64-ng,encode,standard,unpadded,11,15,381300,12809283,312.273231,scalar,avx512-vbmi,avx512-vbmi,x86_64,linux,0
1,commit-5-correction-amd-9950x3d,run-2,0,base64-ng,decode,standard,unpadded,11,15,381300,15526178,257.629159,scalar,avx512-vbmi,avx512-vbmi,x86_64,linux,0
1,commit-5-correction-amd-9950x3d,run-2,1,base64-ng,decode,standard,unpadded,11,15,381300,15341421,260.731792,scalar,avx512-vbmi,avx512-vbmi,x86_64,linux,0
1,commit-5-correction-amd-9950x3d,run-2,2,base64-ng,decode,standard,unpadded,11,15,381300,15396213,259.803900,scalar,avx512-vbmi,avx512-vbmi,x86_64,linux,0
1,commit-5-correction-amd-9950x3d,run-2,3,base64-ng,decode,standard,unpadded,11,15,381300,15704233,254.708153,scalar,avx512-vbmi,avx512-vbmi,x86_64,linux,0
1,commit-5-correction-amd-9950x3d,run-2,4,base64-ng,decode,standard,unpadded,11,15,381300,15432912,259.186094,scalar,avx512-vbmi,avx512-vbmi,x86_64,linux,0
1,commit-5-correction-amd-9950x3d,run-2,0,base64-ng,encode,standard,unpadded,11,15,381300,14756088,271.074297,ssse3-sse4.1,avx512-vbmi,avx512-vbmi,x86_64,linux,0
1,commit-5-correction-amd-9950x3d,run-2,1,base64-ng,encode,standard,unpadded,11,15,381300,15713050,254.565230,ssse3-sse4.1,avx512-vbmi,avx512-vbmi,x86_64,linux,0
1,commit-5-correction-amd-9950x3d,run-2,2,base64-ng,encode,standard,unpadded,11,15,381300,13624218,293.594552,ssse3-sse4.1,avx512-vbmi,avx512-vbmi,x86_64,linux,0
1,commit-5-correction-amd-9950x3d,run-2,3,base64-ng,encode,standard,unpadded,11,15,381300,13446884,297.466401,ssse3-sse4.1,avx512-vbmi,avx512-vbmi,x86_64,linux,0
1,commit-5-correction-amd-9950x3d,run-2,4,base64-ng,encode,standard,unpadded,11,15,381300,13551550,295.168906,ssse3-sse4.1,avx512-vbmi,avx512-vbmi,x86_64,linux,0
1,commit-5-correction-amd-9950x3d,run-2,0,base64-ng,decode,standard,unpadded,11,15,381300,16022402,249.650220,ssse3-sse4.1,avx512-vbmi,avx512-vbmi,x86_64,linux,0
1,commit-5-correction-amd-9950x3d,run-2,1,base64-ng,decode,standard,unpadded,11,15,381300,15907666,251.450853,ssse3-sse4.1,avx512-vbmi,avx512-vbmi,x86_64,linux,0
1,commit-5-correction-amd-9950x3d,run-2,2,base64-ng,decode,standard,unpadded,11,15,381300,15956058,250.688246,ssse3-sse4.1,avx512-vbmi,avx512-vbmi,x86_64,linux,0
1,commit-5-correction-amd-9950x3d,run-2,3,base64-ng,decode,standard,unpadded,11,15,381300,15970644,250.459292,ssse3-sse4.1,avx512-vbmi,avx512-vbmi,x86_64,linux,0
1,commit-5-correction-amd-9950x3d,run-2,4,base64-ng,decode,standard,unpadded,11,15,381300,15985833,250.221317,ssse3-sse4.1,avx512-vbmi,avx512-vbmi,x86_64,linux,0
1,commit-5-correction-amd-9950x3d,run-2,0,base64-ng,encode,standard,unpadded,11,15,381300,13550398,295.194000,avx2,avx512-vbmi,avx512-vbmi,x86_64,linux,0
1,commit-5-correction-amd-9950x3d,run-2,1,base64-ng,encode,standard,unpadded,11,15,381300,13642442,293.202360,avx2,avx512-vbmi,avx512-vbmi,x86_64,linux,0
1,commit-5-correction-amd-9950x3d,run-2,2,base64-ng,encode,standard,unpadded,11,15,381300,13391490,298.696873,avx2,avx512-vbmi,avx512-vbmi,x86_64,linux,0
1,commit-5-correction-amd-9950x3d,run-2,3,base64-ng,encode,standard,unpadded,11,15,381300,13390718,298.714093,avx2,avx512-vbmi,avx512-vbmi,x86_64,linux,0
1,commit-5-correction-amd-9950x3d,run-2,4,base64-ng,encode,standard,unpadded,11,15,381300,13366732,299.250122,avx2,avx512-vbmi,avx512-vbmi,x86_64,linux,0
1,commit-5-correction-amd-9950x3d,run-2,0,base64-ng,decode,standard,unpadded,11,15,381300,16364696,244.428383,avx2,avx512-vbmi,avx512-vbmi,x86_64,linux,0
1,commit-5-correction-amd-9950x3d,run-2,1,base64-ng,decode,standard,unpadded,11,15,381300,16552550,241.654379,avx2,avx512-vbmi,avx512-vbmi,x86_64,linux,0
1,commit-5-correction-amd-9950x3d,run-2,2,base64-ng,decode,standard,unpadded,11,15,381300,16832497,237.635342,avx2,avx512-vbmi,avx512-vbmi,x86_64,linux,0
1,commit-5-correction-amd-9950x3d,run-2,3,base64-ng,decode,standard,unpadded,11,15,381300,16734323,239.029460,avx2,avx512-vbmi,avx512-vbmi,x86_64,linux,0
1,commit-5-correction-amd-9950x3d,run-2,4,base64-ng,decode,standard,unpadded,11,15,381300,16663249,240.048996,avx2,avx512-vbmi,avx512-vbmi,x86_64,linux,0
1,commit-5-correction-amd-9950x3d,run-2,0,base64-ng,encode,standard,unpadded,11,15,381300,13659765,292.830527,avx512-vbmi,avx512-vbmi,avx512-vbmi,x86_64,linux,0
1,commit-5-correction-amd-9950x3d,run-2,1,base64-ng,encode,standard,unpadded,11,15,381300,13697997,292.013218,avx512-vbmi,avx512-vbmi,avx512-vbmi,x86_64,linux,0
1,commit-5-correction-amd-9950x3d,run-2,2,base64-ng,encode,standard,unpadded,11,15,381300,13714718,291.657195,avx512-vbmi,avx512-vbmi,avx512-vbmi,x86_64,linux,0
1,commit-5-correction-amd-9950x3d,run-2,3,base64-ng,encode,standard,unpadded,11,15,381300,13701854,291.931018,avx512-vbmi,avx512-vbmi,avx512-vbmi,x86_64,linux,0
1,commit-5-correction-amd-9950x3d,run-2,4,base64-ng,encode,standard,unpadded,11,15,381300,13690142,292.180767,avx512-vbmi,avx512-vbmi,avx512-vbmi,x86_64,linux,0
1,commit-5-correction-amd-9950x3d,run-2,0,base64-ng,decode,standard,unpadded,11,15,381300,17278146,231.506099,avx512-vbmi,avx512-vbmi,avx512-vbmi,x86_64,linux,0
1,commit-5-correction-amd-9950x3d,run-2,1,base64-ng,decode,standard,unpadded,11,15,381300,16962392,235.815573,avx512-vbmi,avx512-vbmi,avx512-vbmi,x86_64,linux,0
1,commit-5-correction-amd-9950x3d,run-2,2,base64-ng,decode,standard,unpadded,11,15,381300,16941182,236.110809,avx512-vbmi,avx512-vbmi,avx512-vbmi,x86_64,linux,0
1,commit-5-correction-amd-9950x3d,run-2,3,base64-ng,decode,standard,unpadded,11,15,381300,16876640,237.013777,avx512-vbmi,avx512-vbmi,avx512-vbmi,x86_64,linux,0
1,commit-5-correction-amd-9950x3d,run-2,4,base64-ng,decode,standard,unpadded,11,15,381300,17067560,234.362509,avx512-vbmi,avx512-vbmi,avx512-vbmi,x86_64,linux,0
1,commit-5-correction-amd-9950x3d,run-2,0,base64-0.23.0,encode,standard,unpadded,11,15,381300,3597182,1111.980485,external,avx512-vbmi,avx512-vbmi,x86_64,linux,0
1,commit-5-correction-amd-9950x3d,run-2,1,base64-0.23.0,encode,standard,unpadded,11,15,381300,3650031,1095.880058,external,avx512-vbmi,avx512-vbmi,x86_64,linux,0
1,commit-5-correction-amd-9950x3d,run-2,2,base64-0.23.0,encode,standard,unpadded,11,15,381300,3644682,1097.488391,external,avx512-vbmi,avx512-vbmi,x86_64,linux,0
1,commit-5-correction-amd-9950x3d,run-2,3,base64-0.23.0,encode,standard,unpadded,11,15,381300,3600629,1110.915950,external,avx512-vbmi,avx512-vbmi,x86_64,linux,0
1,commit-5-correction-amd-9950x3d,run-2,4,base64-0.23.0,encode,standard,unpadded,11,15,381300,3628631,1102.343056,external,avx512-vbmi,avx512-vbmi,x86_64,linux,0
1,commit-5-correction-amd-9950x3d,run-2,0,base64-0.23.0,decode,standard,unpadded,11,15,381300,5861715,682.393495,external,avx512-vbmi,avx512-vbmi,x86_64,linux,0
1,commit-5-correction-amd-9950x3d,run-2,1,base64-0.23.0,decode,standard,unpadded,11,15,381300,5845524,684.283596,external,avx512-vbmi,avx512-vbmi,x86_64,linux,0
1,commit-5-correction-amd-9950x3d,run-2,2,base64-0.23.0,decode,standard,unpadded,11,15,381300,5841267,684.782289,external,avx512-vbmi,avx512-vbmi,x86_64,linux,0
1,commit-5-correction-amd-9950x3d,run-2,3,base64-0.23.0,decode,standard,unpadded,11,15,381300,5840615,684.858732,external,avx512-vbmi,avx512-vbmi,x86_64,linux,0
1,commit-5-correction-amd-9950x3d,run-2,4,base64-0.23.0,decode,standard,unpadded,11,15,381300,5829264,686.192320,external,avx512-vbmi,avx512-vbmi,x86_64,linux,0
1,commit-5-correction-amd-9950x3d,run-2,0,base64ct-1.8.3,encode,standard,unpadded,11,15,381300,3806796,1050.751389,external,avx512-vbmi,avx512-vbmi,x86_64,linux,0
1,commit-5-correction-amd-9950x3d,run-2,1,base64ct-1.8.3,encode,standard,unpadded,11,15,381300,3814630,1048.593490,external,avx512-vbmi,avx512-vbmi,x86_64,linux,0
1,commit-5-correction-amd-9950x3d,run-2,2,base64ct-1.8.3,encode,standard,unpadded,11,15,381300,3830822,1044.161328,external,avx512-vbmi,avx512-vbmi,x86_64,linux,0
1,commit-5-correction-amd-9950x3d,run-2,3,base64ct-1.8.3,encode,standard,unpadded,11,15,381300,3803250,1051.731068,external,avx512-vbmi,avx512-vbmi,x86_64,linux,0
1,commit-5-correction-amd-9950x3d,run-2,4,base64ct-1.8.3,encode,standard,unpadded,11,15,381300,3815232,1048.428034,external,avx512-vbmi,avx512-vbmi,x86_64,linux,0
1,commit-5-correction-amd-9950x3d,run-2,0,base64ct-1.8.3,decode,standard,unpadded,11,15,381300,13630850,293.451706,external,avx512-vbmi,avx512-vbmi,x86_64,linux,0
1,commit-5-correction-amd-9950x3d,run-2,1,base64ct-1.8.3,decode,standard,unpadded,11,15,381300,13548746,295.229993,external,avx512-vbmi,avx512-vbmi,x86_64,linux,0
1,commit-5-correction-amd-9950x3d,run-2,2,base64ct-1.8.3,decode,standard,unpadded,11,15,381300,13647842,293.086349,external,avx512-vbmi,avx512-vbmi,x86_64,linux,0
1,commit-5-correction-amd-9950x3d,run-2,3,base64ct-1.8.3,decode,standard,unpadded,11,15,381300,13418220,298.101848,external,avx512-vbmi,avx512-vbmi,x86_64,linux,0
1,commit-5-correction-amd-9950x3d,run-2,4,base64ct-1.8.3,decode,standard,unpadded,11,15,381300,14012639,285.456307,external,avx512-vbmi,avx512-vbmi,x86_64,linux,0
1,commit-5-correction-amd-9950x3d,run-2,0,base64-ng,encode,standard,unpadded,12,16,349525,13539618,295.429028,auto,avx512-vbmi,avx512-vbmi,x86_64,linux,0
1,commit-5-correction-amd-9950x3d,run-2,1,base64-ng,encode,standard,unpadded,12,16,349525,13159883,303.953780,auto,avx512-vbmi,avx512-vbmi,x86_64,linux,0
1,commit-5-correction-amd-9950x3d,run-2,2,base64-ng,encode,standard,unpadded,12,16,349525,13121441,304.844276,auto,avx512-vbmi,avx512-vbmi,x86_64,linux,0
1,commit-5-correction-amd-9950x3d,run-2,3,base64-ng,encode,standard,unpadded,12,16,349525,13123124,304.805181,auto,avx512-vbmi,avx512-vbmi,x86_64,linux,0
1,commit-5-correction-amd-9950x3d,run-2,4,base64-ng,encode,standard,unpadded,12,16,349525,13167789,303.771285,auto,avx512-vbmi,avx512-vbmi,x86_64,linux,0
1,commit-5-correction-amd-9950x3d,run-2,0,base64-ng,decode,standard,unpadded,12,16,349525,57978094,68.991509,auto,avx512-vbmi,avx512-vbmi,x86_64,linux,0
1,commit-5-correction-amd-9950x3d,run-2,1,base64-ng,decode,standard,unpadded,12,16,349525,58128117,68.813448,auto,avx512-vbmi,avx512-vbmi,x86_64,linux,0
1,commit-5-correction-amd-9950x3d,run-2,2,base64-ng,decode,standard,unpadded,12,16,349525,59479611,67.249871,auto,avx512-vbmi,avx512-vbmi,x86_64,linux,0
1,commit-5-correction-amd-9950x3d,run-2,3,base64-ng,decode,standard,unpadded,12,16,349525,58256268,68.662074,auto,avx512-vbmi,avx512-vbmi,x86_64,linux,0
1,commit-5-correction-amd-9950x3d,run-2,4,base64-ng,decode,standard,unpadded,12,16,349525,61403983,65.142292,auto,avx512-vbmi,avx512-vbmi,x86_64,linux,0
1,commit-5-correction-amd-9950x3d,run-2,0,base64-ng,encode,standard,unpadded,12,16,349525,12655464,316.068710,scalar,avx512-vbmi,avx512-vbmi,x86_64,linux,0
1,commit-5-correction-amd-9950x3d,run-2,1,base64-ng,encode,standard,unpadded,12,16,349525,12558201,318.516656,scalar,avx512-vbmi,avx512-vbmi,x86_64,linux,0
1,commit-5-correction-amd-9950x3d,run-2,2,base64-ng,encode,standard,unpadded,12,16,349525,12524377,319.376859,scalar,avx512-vbmi,avx512-vbmi,x86_64,linux,0
1,commit-5-correction-amd-9950x3d,run-2,3,base64-ng,encode,standard,unpadded,12,16,349525,12484703,320.391777,scalar,avx512-vbmi,avx512-vbmi,x86_64,linux,0
1,commit-5-correction-amd-9950x3d,run-2,4,base64-ng,encode,standard,unpadded,12,16,349525,12491906,320.207035,scalar,avx512-vbmi,avx512-vbmi,x86_64,linux,0
1,commit-5-correction-amd-9950x3d,run-2,0,base64-ng,decode,standard,unpadded,12,16,349525,14873309,268.937880,scalar,avx512-vbmi,avx512-vbmi,x86_64,linux,0
1,commit-5-correction-amd-9950x3d,run-2,1,base64-ng,decode,standard,unpadded,12,16,349525,14979389,267.033334,scalar,avx512-vbmi,avx512-vbmi,x86_64,linux,0
1,commit-5-correction-amd-9950x3d,run-2,2,base64-ng,decode,standard,unpadded,12,16,349525,14990880,266.828644,scalar,avx512-vbmi,avx512-vbmi,x86_64,linux,0
1,commit-5-correction-amd-9950x3d,run-2,3,base64-ng,decode,standard,unpadded,12,16,349525,15018322,266.341086,scalar,avx512-vbmi,avx512-vbmi,x86_64,linux,0
1,commit-5-correction-amd-9950x3d,run-2,4,base64-ng,decode,standard,unpadded,12,16,349525,15008935,266.507663,scalar,avx512-vbmi,avx512-vbmi,x86_64,linux,0
1,commit-5-correction-amd-9950x3d,run-2,0,base64-ng,encode,standard,unpadded,12,16,349525,18907944,211.551091,ssse3-sse4.1,avx512-vbmi,avx512-vbmi,x86_64,linux,0
1,commit-5-correction-amd-9950x3d,run-2,1,base64-ng,encode,standard,unpadded,12,16,349525,18910248,211.525316,ssse3-sse4.1,avx512-vbmi,avx512-vbmi,x86_64,linux,0
1,commit-5-correction-amd-9950x3d,run-2,2,base64-ng,encode,standard,unpadded,12,16,349525,18908665,211.543025,ssse3-sse4.1,avx512-vbmi,avx512-vbmi,x86_64,linux,0
1,commit-5-correction-amd-9950x3d,run-2,3,base64-ng,encode,standard,unpadded,12,16,349525,18766859,213.141484,ssse3-sse4.1,avx512-vbmi,avx512-vbmi,x86_64,linux,0
1,commit-5-correction-amd-9950x3d,run-2,4,base64-ng,encode,standard,unpadded,12,16,349525,18701816,213.882769,ssse3-sse4.1,avx512-vbmi,avx512-vbmi,x86_64,linux,0
1,commit-5-correction-amd-9950x3d,run-2,0,base64-ng,decode,standard,unpadded,12,16,349525,58810782,68.014674,ssse3-sse4.1,avx512-vbmi,avx512-vbmi,x86_64,linux,0
1,commit-5-correction-amd-9950x3d,run-2,1,base64-ng,decode,standard,unpadded,12,16,349525,57218604,69.907266,ssse3-sse4.1,avx512-vbmi,avx512-vbmi,x86_64,linux,0
1,commit-5-correction-amd-9950x3d,run-2,2,base64-ng,decode,standard,unpadded,12,16,349525,56943817,70.244609,ssse3-sse4.1,avx512-vbmi,avx512-vbmi,x86_64,linux,0
1,commit-5-correction-amd-9950x3d,run-2,3,base64-ng,decode,standard,unpadded,12,16,349525,56757807,70.474819,ssse3-sse4.1,avx512-vbmi,avx512-vbmi,x86_64,linux,0
1,commit-5-correction-amd-9950x3d,run-2,4,base64-ng,decode,standard,unpadded,12,16,349525,57895088,69.090424,ssse3-sse4.1,avx512-vbmi,avx512-vbmi,x86_64,linux,0
1,commit-5-correction-amd-9950x3d,run-2,0,base64-ng,encode,standard,unpadded,12,16,349525,13208054,302.845233,avx2,avx512-vbmi,avx512-vbmi,x86_64,linux,0
1,commit-5-correction-amd-9950x3d,run-2,1,base64-ng,encode,standard,unpadded,12,16,349525,13179691,303.496963,avx2,avx512-vbmi,avx512-vbmi,x86_64,linux,0
1,commit-5-correction-amd-9950x3d,run-2,2,base64-ng,encode,standard,unpadded,12,16,349525,13128835,304.672592,avx2,avx512-vbmi,avx512-vbmi,x86_64,linux,0
1,commit-5-correction-amd-9950x3d,run-2,3,base64-ng,encode,standard,unpadded,12,16,349525,13137561,304.470227,avx2,avx512-vbmi,avx512-vbmi,x86_64,linux,0
1,commit-5-correction-amd-9950x3d,run-2,4,base64-ng,encode,standard,unpadded,12,16,349525,13300949,300.730135,avx2,avx512-vbmi,avx512-vbmi,x86_64,linux,0
1,commit-5-correction-amd-9950x3d,run-2,0,base64-ng,decode,standard,unpadded,12,16,349525,57471641,69.599478,avx2,avx512-vbmi,avx512-vbmi,x86_64,linux,0
1,commit-5-correction-amd-9950x3d,run-2,1,base64-ng,decode,standard,unpadded,12,16,349525,57030400,70.137965,avx2,avx512-vbmi,avx512-vbmi,x86_64,linux,0
1,commit-5-correction-amd-9950x3d,run-2,2,base64-ng,decode,standard,unpadded,12,16,349525,58571822,68.292159,avx2,avx512-vbmi,avx512-vbmi,x86_64,linux,0
1,commit-5-correction-amd-9950x3d,run-2,3,base64-ng,decode,standard,unpadded,12,16,349525,57475758,69.594492,avx2,avx512-vbmi,avx512-vbmi,x86_64,linux,0
1,commit-5-correction-amd-9950x3d,run-2,4,base64-ng,decode,standard,unpadded,12,16,349525,61472282,65.069915,avx2,avx512-vbmi,avx512-vbmi,x86_64,linux,0
1,commit-5-correction-amd-9950x3d,run-2,0,base64-ng,encode,standard,unpadded,12,16,349525,13257818,301.708485,avx512-vbmi,avx512-vbmi,avx512-vbmi,x86_64,linux,0
1,commit-5-correction-amd-9950x3d,run-2,1,base64-ng,encode,standard,unpadded,12,16,349525,13233603,302.260555,avx512-vbmi,avx512-vbmi,avx512-vbmi,x86_64,linux,0
1,commit-5-correction-amd-9950x3d,run-2,2,base64-ng,encode,standard,unpadded,12,16,349525,13226128,302.431383,avx512-vbmi,avx512-vbmi,avx512-vbmi,x86_64,linux,0
1,commit-5-correction-amd-9950x3d,run-2,3,base64-ng,encode,standard,unpadded,12,16,349525,13212453,302.744402,avx512-vbmi,avx512-vbmi,avx512-vbmi,x86_64,linux,0
1,commit-5-correction-amd-9950x3d,run-2,4,base64-ng,encode,standard,unpadded,12,16,349525,13220297,302.564775,avx512-vbmi,avx512-vbmi,avx512-vbmi,x86_64,linux,0
1,commit-5-correction-amd-9950x3d,run-2,0,base64-ng,decode,standard,unpadded,12,16,349525,58757692,68.076128,avx512-vbmi,avx512-vbmi,avx512-vbmi,x86_64,linux,0
1,commit-5-correction-amd-9950x3d,run-2,1,base64-ng,decode,standard,unpadded,12,16,349525,59394420,67.346330,avx512-vbmi,avx512-vbmi,avx512-vbmi,x86_64,linux,0
1,commit-5-correction-amd-9950x3d,run-2,2,base64-ng,decode,standard,unpadded,12,16,349525,59505830,67.220240,avx512-vbmi,avx512-vbmi,avx512-vbmi,x86_64,linux,0
1,commit-5-correction-amd-9950x3d,run-2,3,base64-ng,decode,standard,unpadded,12,16,349525,58569367,68.295022,avx512-vbmi,avx512-vbmi,avx512-vbmi,x86_64,linux,0
1,commit-5-correction-amd-9950x3d,run-2,4,base64-ng,decode,standard,unpadded,12,16,349525,58020855,68.940663,avx512-vbmi,avx512-vbmi,avx512-vbmi,x86_64,linux,0
1,commit-5-correction-amd-9950x3d,run-2,0,base64-0.23.0,encode,standard,unpadded,12,16,349525,3326433,1202.488126,external,avx512-vbmi,avx512-vbmi,x86_64,linux,0
1,commit-5-correction-amd-9950x3d,run-2,1,base64-0.23.0,encode,standard,unpadded,12,16,349525,3282951,1218.414830,external,avx512-vbmi,avx512-vbmi,x86_64,linux,0
1,commit-5-correction-amd-9950x3d,run-2,2,base64-0.23.0,encode,standard,unpadded,12,16,349525,3279414,1219.728947,external,avx512-vbmi,avx512-vbmi,x86_64,linux,0
1,commit-5-correction-amd-9950x3d,run-2,3,base64-0.23.0,encode,standard,unpadded,12,16,349525,3289723,1215.906684,external,avx512-vbmi,avx512-vbmi,x86_64,linux,0
1,commit-5-correction-amd-9950x3d,run-2,4,base64-0.23.0,encode,standard,unpadded,12,16,349525,3295844,1213.648518,external,avx512-vbmi,avx512-vbmi,x86_64,linux,0
1,commit-5-correction-amd-9950x3d,run-2,0,base64-0.23.0,decode,standard,unpadded,12,16,349525,5436244,735.801444,external,avx512-vbmi,avx512-vbmi,x86_64,linux,0
1,commit-5-correction-amd-9950x3d,run-2,1,base64-0.23.0,decode,standard,unpadded,12,16,349525,5469186,731.369565,external,avx512-vbmi,avx512-vbmi,x86_64,linux,0
1,commit-5-correction-amd-9950x3d,run-2,2,base64-0.23.0,decode,standard,unpadded,12,16,349525,5456853,733.022529,external,avx512-vbmi,avx512-vbmi,x86_64,linux,0
1,commit-5-correction-amd-9950x3d,run-2,3,base64-0.23.0,decode,standard,unpadded,12,16,349525,5475057,730.585304,external,avx512-vbmi,avx512-vbmi,x86_64,linux,0
1,commit-5-correction-amd-9950x3d,run-2,4,base64-0.23.0,decode,standard,unpadded,12,16,349525,5453807,733.431928,external,avx512-vbmi,avx512-vbmi,x86_64,linux,0
1,commit-5-correction-amd-9950x3d,run-2,0,base64ct-1.8.3,encode,standard,unpadded,12,16,349525,3737025,1070.369127,external,avx512-vbmi,avx512-vbmi,x86_64,linux,0
1,commit-5-correction-amd-9950x3d,run-2,1,base64ct-1.8.3,encode,standard,unpadded,12,16,349525,3738587,1069.921921,external,avx512-vbmi,avx512-vbmi,x86_64,linux,0
1,commit-5-correction-amd-9950x3d,run-2,2,base64ct-1.8.3,encode,standard,unpadded,12,16,349525,3755139,1065.205891,external,avx512-vbmi,avx512-vbmi,x86_64,linux,0
1,commit-5-correction-amd-9950x3d,run-2,3,base64ct-1.8.3,encode,standard,unpadded,12,16,349525,3781098,1057.892756,external,avx512-vbmi,avx512-vbmi,x86_64,linux,0
1,commit-5-correction-amd-9950x3d,run-2,4,base64ct-1.8.3,encode,standard,unpadded,12,16,349525,3749278,1066.871058,external,avx512-vbmi,avx512-vbmi,x86_64,linux,0
1,commit-5-correction-amd-9950x3d,run-2,0,base64ct-1.8.3,decode,standard,unpadded,12,16,349525,9572741,417.852753,external,avx512-vbmi,avx512-vbmi,x86_64,linux,0
1,commit-5-correction-amd-9950x3d,run-2,1,base64ct-1.8.3,decode,standard,unpadded,12,16,349525,9558303,418.483928,external,avx512-vbmi,avx512-vbmi,x86_64,linux,0
1,commit-5-correction-amd-9950x3d,run-2,2,base64ct-1.8.3,decode,standard,unpadded,12,16,349525,9559435,418.434372,external,avx512-vbmi,avx512-vbmi,x86_64,linux,0
1,commit-5-correction-amd-9950x3d,run-2,3,base64ct-1.8.3,decode,standard,unpadded,12,16,349525,9573331,417.827001,external,avx512-vbmi,avx512-vbmi,x86_64,linux,0
1,commit-5-correction-amd-9950x3d,run-2,4,base64ct-1.8.3,decode,standard,unpadded,12,16,349525,9567090,418.099567,external,avx512-vbmi,avx512-vbmi,x86_64,linux,0
1,commit-5-correction-amd-9950x3d,run-2,0,base64-ng,encode,standard,unpadded,15,20,279620,12632271,316.649016,auto,avx512-vbmi,avx512-vbmi,x86_64,linux,0
1,commit-5-correction-amd-9950x3d,run-2,1,base64-ng,encode,standard,unpadded,15,20,279620,12575123,318.088037,auto,avx512-vbmi,avx512-vbmi,x86_64,linux,0
1,commit-5-correction-amd-9950x3d,run-2,2,base64-ng,encode,standard,unpadded,15,20,279620,12539426,318.993564,auto,avx512-vbmi,avx512-vbmi,x86_64,linux,0
1,commit-5-correction-amd-9950x3d,run-2,3,base64-ng,encode,standard,unpadded,15,20,279620,12641498,316.417895,auto,avx512-vbmi,avx512-vbmi,x86_64,linux,0
1,commit-5-correction-amd-9950x3d,run-2,4,base64-ng,encode,standard,unpadded,15,20,279620,13013568,307.371213,auto,avx512-vbmi,avx512-vbmi,x86_64,linux,0
1,commit-5-correction-amd-9950x3d,run-2,0,base64-ng,decode,standard,unpadded,15,20,279620,50614282,79.029002,auto,avx512-vbmi,avx512-vbmi,x86_64,linux,0
1,commit-5-correction-amd-9950x3d,run-2,1,base64-ng,decode,standard,unpadded,15,20,279620,50123888,79.802193,auto,avx512-vbmi,avx512-vbmi,x86_64,linux,0
1,commit-5-correction-amd-9950x3d,run-2,2,base64-ng,decode,standard,unpadded,15,20,279620,50141742,79.773778,auto,avx512-vbmi,avx512-vbmi,x86_64,linux,0
1,commit-5-correction-amd-9950x3d,run-2,3,base64-ng,decode,standard,unpadded,15,20,279620,51225573,78.085924,auto,avx512-vbmi,avx512-vbmi,x86_64,linux,0
1,commit-5-correction-amd-9950x3d,run-2,4,base64-ng,decode,standard,unpadded,15,20,279620,50379991,79.396524,auto,avx512-vbmi,avx512-vbmi,x86_64,linux,0
1,commit-5-correction-amd-9950x3d,run-2,0,base64-ng,encode,standard,unpadded,15,20,279620,12223882,327.227978,scalar,avx512-vbmi,avx512-vbmi,x86_64,linux,0
1,commit-5-correction-amd-9950x3d,run-2,1,base64-ng,encode,standard,unpadded,15,20,279620,12246233,326.630743,scalar,avx512-vbmi,avx512-vbmi,x86_64,linux,0
1,commit-5-correction-amd-9950x3d,run-2,2,base64-ng,encode,standard,unpadded,15,20,279620,12208002,327.653631,scalar,avx512-vbmi,avx512-vbmi,x86_64,linux,0
1,commit-5-correction-amd-9950x3d,run-2,3,base64-ng,encode,standard,unpadded,15,20,279620,12223862,327.228513,scalar,avx512-vbmi,avx512-vbmi,x86_64,linux,0
1,commit-5-correction-amd-9950x3d,run-2,4,base64-ng,encode,standard,unpadded,15,20,279620,12232899,326.986774,scalar,avx512-vbmi,avx512-vbmi,x86_64,linux,0
1,commit-5-correction-amd-9950x3d,run-2,0,base64-ng,decode,standard,unpadded,15,20,279620,14653786,272.966739,scalar,avx512-vbmi,avx512-vbmi,x86_64,linux,0
1,commit-5-correction-amd-9950x3d,run-2,1,base64-ng,decode,standard,unpadded,15,20,279620,14683942,272.406155,scalar,avx512-vbmi,avx512-vbmi,x86_64,linux,0
1,commit-5-correction-amd-9950x3d,run-2,2,base64-ng,decode,standard,unpadded,15,20,279620,14614232,273.705535,scalar,avx512-vbmi,avx512-vbmi,x86_64,linux,0
1,commit-5-correction-amd-9950x3d,run-2,3,base64-ng,decode,standard,unpadded,15,20,279620,16413419,243.702801,scalar,avx512-vbmi,avx512-vbmi,x86_64,linux,0
1,commit-5-correction-amd-9950x3d,run-2,4,base64-ng,decode,standard,unpadded,15,20,279620,16763297,238.616317,scalar,avx512-vbmi,avx512-vbmi,x86_64,linux,0
1,commit-5-correction-amd-9950x3d,run-2,0,base64-ng,encode,standard,unpadded,15,20,279620,17322039,230.919477,ssse3-sse4.1,avx512-vbmi,avx512-vbmi,x86_64,linux,0
1,commit-5-correction-amd-9950x3d,run-2,1,base64-ng,encode,standard,unpadded,15,20,279620,17281663,231.458985,ssse3-sse4.1,avx512-vbmi,avx512-vbmi,x86_64,linux,0
1,commit-5-correction-amd-9950x3d,run-2,2,base64-ng,encode,standard,unpadded,15,20,279620,17273327,231.570686,ssse3-sse4.1,avx512-vbmi,avx512-vbmi,x86_64,linux,0
1,commit-5-correction-amd-9950x3d,run-2,3,base64-ng,encode,standard,unpadded,15,20,279620,17225778,232.209900,ssse3-sse4.1,avx512-vbmi,avx512-vbmi,x86_64,linux,0
1,commit-5-correction-amd-9950x3d,run-2,4,base64-ng,encode,standard,unpadded,15,20,279620,17172457,232.930919,ssse3-sse4.1,avx512-vbmi,avx512-vbmi,x86_64,linux,0
1,commit-5-correction-amd-9950x3d,run-2,0,base64-ng,decode,standard,unpadded,15,20,279620,49350863,81.052203,ssse3-sse4.1,avx512-vbmi,avx512-vbmi,x86_64,linux,0
1,commit-5-correction-amd-9950x3d,run-2,1,base64-ng,decode,standard,unpadded,15,20,279620,49353438,81.047975,ssse3-sse4.1,avx512-vbmi,avx512-vbmi,x86_64,linux,0
1,commit-5-correction-amd-9950x3d,run-2,2,base64-ng,decode,standard,unpadded,15,20,279620,49629818,80.596632,ssse3-sse4.1,avx512-vbmi,avx512-vbmi,x86_64,linux,0
1,commit-5-correction-amd-9950x3d,run-2,3,base64-ng,decode,standard,unpadded,15,20,279620,50980811,78.460819,ssse3-sse4.1,avx512-vbmi,avx512-vbmi,x86_64,linux,0
1,commit-5-correction-amd-9950x3d,run-2,4,base64-ng,decode,standard,unpadded,15,20,279620,49341796,81.067097,ssse3-sse4.1,avx512-vbmi,avx512-vbmi,x86_64,linux,0
1,commit-5-correction-amd-9950x3d,run-2,0,base64-ng,encode,standard,unpadded,15,20,279620,12626981,316.781675,avx2,avx512-vbmi,avx512-vbmi,x86_64,linux,0
1,commit-5-correction-amd-9950x3d,run-2,1,base64-ng,encode,standard,unpadded,15,20,279620,12638282,316.498412,avx2,avx512-vbmi,avx512-vbmi,x86_64,linux,0
1,commit-5-correction-amd-9950x3d,run-2,2,base64-ng,encode,standard,unpadded,15,20,279620,12637631,316.514716,avx2,avx512-vbmi,avx512-vbmi,x86_64,linux,0
1,commit-5-correction-amd-9950x3d,run-2,3,base64-ng,encode,standard,unpadded,15,20,279620,12634083,316.603602,avx2,avx512-vbmi,avx512-vbmi,x86_64,linux,0
1,commit-5-correction-amd-9950x3d,run-2,4,base64-ng,encode,standard,unpadded,15,20,279620,12648121,316.252207,avx2,avx512-vbmi,avx512-vbmi,x86_64,linux,0
1,commit-5-correction-amd-9950x3d,run-2,0,base64-ng,decode,standard,unpadded,15,20,279620,49736680,80.423466,avx2,avx512-vbmi,avx512-vbmi,x86_64,linux,0
1,commit-5-correction-amd-9950x3d,run-2,1,base64-ng,decode,standard,unpadded,15,20,279620,49444319,80.899005,avx2,avx512-vbmi,avx512-vbmi,x86_64,linux,0
1,commit-5-correction-amd-9950x3d,run-2,2,base64-ng,decode,standard,unpadded,15,20,279620,49545209,80.734268,avx2,avx512-vbmi,avx512-vbmi,x86_64,linux,0
1,commit-5-correction-amd-9950x3d,run-2,3,base64-ng,decode,standard,unpadded,15,20,279620,50550090,79.129358,avx2,avx512-vbmi,avx512-vbmi,x86_64,linux,0
1,commit-5-correction-amd-9950x3d,run-2,4,base64-ng,decode,standard,unpadded,15,20,279620,49953928,80.073707,avx2,avx512-vbmi,avx512-vbmi,x86_64,linux,0
1,commit-5-correction-amd-9950x3d,run-2,0,base64-ng,encode,standard,unpadded,15,20,279620,12776041,313.085735,avx512-vbmi,avx512-vbmi,avx512-vbmi,x86_64,linux,0
1,commit-5-correction-amd-9950x3d,run-2,1,base64-ng,encode,standard,unpadded,15,20,279620,12786721,312.824233,avx512-vbmi,avx512-vbmi,avx512-vbmi,x86_64,linux,0
1,commit-5-correction-amd-9950x3d,run-2,2,base64-ng,encode,standard,unpadded,15,20,279620,12776562,313.072968,avx512-vbmi,avx512-vbmi,avx512-vbmi,x86_64,linux,0
1,commit-5-correction-amd-9950x3d,run-2,3,base64-ng,encode,standard,unpadded,15,20,279620,12773847,313.139510,avx512-vbmi,avx512-vbmi,avx512-vbmi,x86_64,linux,0
1,commit-5-correction-amd-9950x3d,run-2,4,base64-ng,encode,standard,unpadded,15,20,279620,12779848,312.992469,avx512-vbmi,avx512-vbmi,avx512-vbmi,x86_64,linux,0
1,commit-5-correction-amd-9950x3d,run-2,0,base64-ng,decode,standard,unpadded,15,20,279620,49962835,80.059432,avx512-vbmi,avx512-vbmi,avx512-vbmi,x86_64,linux,0
1,commit-5-correction-amd-9950x3d,run-2,1,base64-ng,decode,standard,unpadded,15,20,279620,50921610,78.552037,avx512-vbmi,avx512-vbmi,avx512-vbmi,x86_64,linux,0
1,commit-5-correction-amd-9950x3d,run-2,2,base64-ng,decode,standard,unpadded,15,20,279620,50194541,79.689865,avx512-vbmi,avx512-vbmi,avx512-vbmi,x86_64,linux,0
1,commit-5-correction-amd-9950x3d,run-2,3,base64-ng,decode,standard,unpadded,15,20,279620,50249845,79.602160,avx512-vbmi,avx512-vbmi,avx512-vbmi,x86_64,linux,0
1,commit-5-correction-amd-9950x3d,run-2,4,base64-ng,decode,standard,unpadded,15,20,279620,53625801,74.590889,avx512-vbmi,avx512-vbmi,avx512-vbmi,x86_64,linux,0
1,commit-5-correction-amd-9950x3d,run-2,0,base64-0.23.0,encode,standard,unpadded,15,20,279620,2815661,1420.624211,external,avx512-vbmi,avx512-vbmi,x86_64,linux,0
1,commit-5-correction-amd-9950x3d,run-2,1,base64-0.23.0,encode,standard,unpadded,15,20,279620,2902775,1377.990435,external,avx512-vbmi,avx512-vbmi,x86_64,linux,0
1,commit-5-correction-amd-9950x3d,run-2,2,base64-0.23.0,encode,standard,unpadded,15,20,279620,2855466,1400.820807,external,avx512-vbmi,avx512-vbmi,x86_64,linux,0
1,commit-5-correction-amd-9950x3d,run-2,3,base64-0.23.0,encode,standard,unpadded,15,20,279620,2866195,1395.577128,external,avx512-vbmi,avx512-vbmi,x86_64,linux,0
1,commit-5-correction-amd-9950x3d,run-2,4,base64-0.23.0,encode,standard,unpadded,15,20,279620,2874842,1391.379486,external,avx512-vbmi,avx512-vbmi,x86_64,linux,0
1,commit-5-correction-amd-9950x3d,run-2,0,base64-0.23.0,decode,standard,unpadded,15,20,279620,4637861,862.465733,external,avx512-vbmi,avx512-vbmi,x86_64,linux,0
1,commit-5-correction-amd-9950x3d,run-2,1,base64-0.23.0,decode,standard,unpadded,15,20,279620,4634885,863.019511,external,avx512-vbmi,avx512-vbmi,x86_64,linux,0
1,commit-5-correction-amd-9950x3d,run-2,2,base64-0.23.0,decode,standard,unpadded,15,20,279620,4615579,866.629341,external,avx512-vbmi,avx512-vbmi,x86_64,linux,0
1,commit-5-correction-amd-9950x3d,run-2,3,base64-0.23.0,decode,standard,unpadded,15,20,279620,4633032,863.364679,external,avx512-vbmi,avx512-vbmi,x86_64,linux,0
1,commit-5-correction-amd-9950x3d,run-2,4,base64-0.23.0,decode,standard,unpadded,15,20,279620,4632381,863.486010,external,avx512-vbmi,avx512-vbmi,x86_64,linux,0
1,commit-5-correction-amd-9950x3d,run-2,0,base64ct-1.8.3,encode,standard,unpadded,15,20,279620,3318858,1205.232699,external,avx512-vbmi,avx512-vbmi,x86_64,linux,0
1,commit-5-correction-amd-9950x3d,run-2,1,base64ct-1.8.3,encode,standard,unpadded,15,20,279620,3323757,1203.456265,external,avx512-vbmi,avx512-vbmi,x86_64,linux,0
1,commit-5-correction-amd-9950x3d,run-2,2,base64ct-1.8.3,encode,standard,unpadded,15,20,279620,3335409,1199.252081,external,avx512-vbmi,avx512-vbmi,x86_64,linux,0
1,commit-5-correction-amd-9950x3d,run-2,3,base64ct-1.8.3,encode,standard,unpadded,15,20,279620,3323346,1203.605097,external,avx512-vbmi,avx512-vbmi,x86_64,linux,0
1,commit-5-correction-amd-9950x3d,run-2,4,base64ct-1.8.3,encode,standard,unpadded,15,20,279620,3324970,1203.017226,external,avx512-vbmi,avx512-vbmi,x86_64,linux,0
1,commit-5-correction-amd-9950x3d,run-2,0,base64ct-1.8.3,decode,standard,unpadded,15,20,279620,8477599,471.831256,external,avx512-vbmi,avx512-vbmi,x86_64,linux,0
1,commit-5-correction-amd-9950x3d,run-2,1,base64ct-1.8.3,decode,standard,unpadded,15,20,279620,8471668,472.161584,external,avx512-vbmi,avx512-vbmi,x86_64,linux,0
1,commit-5-correction-amd-9950x3d,run-2,2,base64ct-1.8.3,decode,standard,unpadded,15,20,279620,8471277,472.183377,external,avx512-vbmi,avx512-vbmi,x86_64,linux,0
1,commit-5-correction-amd-9950x3d,run-2,3,base64ct-1.8.3,decode,standard,unpadded,15,20,279620,8472189,472.132549,external,avx512-vbmi,avx512-vbmi,x86_64,linux,0
1,commit-5-correction-amd-9950x3d,run-2,4,base64ct-1.8.3,decode,standard,unpadded,15,20,279620,8480765,471.655114,external,avx512-vbmi,avx512-vbmi,x86_64,linux,0
1,commit-5-correction-amd-9950x3d,run-2,0,base64-ng,encode,standard,unpadded,16,22,262144,12905194,309.952721,auto,avx512-vbmi,avx512-vbmi,x86_64,linux,0
1,commit-5-correction-amd-9950x3d,run-2,1,base64-ng,encode,standard,unpadded,16,22,262144,12439548,321.555092,auto,avx512-vbmi,avx512-vbmi,x86_64,linux,0
1,commit-5-correction-amd-9950x3d,run-2,2,base64-ng,encode,standard,unpadded,16,22,262144,12389033,322.866199,auto,avx512-vbmi,avx512-vbmi,x86_64,linux,0
1,commit-5-correction-amd-9950x3d,run-2,3,base64-ng,encode,standard,unpadded,16,22,262144,12397929,322.634530,auto,avx512-vbmi,avx512-vbmi,x86_64,linux,0
1,commit-5-correction-amd-9950x3d,run-2,4,base64-ng,encode,standard,unpadded,16,22,262144,12401726,322.535750,auto,avx512-vbmi,avx512-vbmi,x86_64,linux,0
1,commit-5-correction-amd-9950x3d,run-2,0,base64-ng,decode,standard,unpadded,16,22,262144,48820324,81.933090,auto,avx512-vbmi,avx512-vbmi,x86_64,linux,0
1,commit-5-correction-amd-9950x3d,run-2,1,base64-ng,decode,standard,unpadded,16,22,262144,48965879,81.689537,auto,avx512-vbmi,avx512-vbmi,x86_64,linux,0
1,commit-5-correction-amd-9950x3d,run-2,2,base64-ng,decode,standard,unpadded,16,22,262144,50041143,79.934225,auto,avx512-vbmi,avx512-vbmi,x86_64,linux,0
1,commit-5-correction-amd-9950x3d,run-2,3,base64-ng,decode,standard,unpadded,16,22,262144,49087948,81.486397,auto,avx512-vbmi,avx512-vbmi,x86_64,linux,0
1,commit-5-correction-amd-9950x3d,run-2,4,base64-ng,decode,standard,unpadded,16,22,262144,48464084,82.535347,auto,avx512-vbmi,avx512-vbmi,x86_64,linux,0
1,commit-5-correction-amd-9950x3d,run-2,0,base64-ng,encode,standard,unpadded,16,22,262144,12304583,325.082126,scalar,avx512-vbmi,avx512-vbmi,x86_64,linux,0
1,commit-5-correction-amd-9950x3d,run-2,1,base64-ng,encode,standard,unpadded,16,22,262144,12177434,328.476426,scalar,avx512-vbmi,avx512-vbmi,x86_64,linux,0
1,commit-5-correction-amd-9950x3d,run-2,2,base64-ng,encode,standard,unpadded,16,22,262144,12218582,327.370230,scalar,avx512-vbmi,avx512-vbmi,x86_64,linux,0
1,commit-5-correction-amd-9950x3d,run-2,3,base64-ng,encode,standard,unpadded,16,22,262144,12249330,326.548472,scalar,avx512-vbmi,avx512-vbmi,x86_64,linux,0
1,commit-5-correction-amd-9950x3d,run-2,4,base64-ng,encode,standard,unpadded,16,22,262144,12296018,325.308567,scalar,avx512-vbmi,avx512-vbmi,x86_64,linux,0
1,commit-5-correction-amd-9950x3d,run-2,0,base64-ng,decode,standard,unpadded,16,22,262144,15051335,265.757157,scalar,avx512-vbmi,avx512-vbmi,x86_64,linux,0
1,commit-5-correction-amd-9950x3d,run-2,1,base64-ng,decode,standard,unpadded,16,22,262144,14932821,267.866333,scalar,avx512-vbmi,avx512-vbmi,x86_64,linux,0
1,commit-5-correction-amd-9950x3d,run-2,2,base64-ng,decode,standard,unpadded,16,22,262144,15934326,251.030386,scalar,avx512-vbmi,avx512-vbmi,x86_64,linux,0
1,commit-5-correction-amd-9950x3d,run-2,3,base64-ng,decode,standard,unpadded,16,22,262144,14897976,268.492848,scalar,avx512-vbmi,avx512-vbmi,x86_64,linux,0
1,commit-5-correction-amd-9950x3d,run-2,4,base64-ng,decode,standard,unpadded,16,22,262144,14870173,268.994853,scalar,avx512-vbmi,avx512-vbmi,x86_64,linux,0
1,commit-5-correction-amd-9950x3d,run-2,0,base64-ng,encode,standard,unpadded,16,22,262144,16911155,236.530267,ssse3-sse4.1,avx512-vbmi,avx512-vbmi,x86_64,linux,0
1,commit-5-correction-amd-9950x3d,run-2,1,base64-ng,encode,standard,unpadded,16,22,262144,16863425,237.199738,ssse3-sse4.1,avx512-vbmi,avx512-vbmi,x86_64,linux,0
1,commit-5-correction-amd-9950x3d,run-2,2,base64-ng,encode,standard,unpadded,16,22,262144,16871380,237.087897,ssse3-sse4.1,avx512-vbmi,avx512-vbmi,x86_64,linux,0
1,commit-5-correction-amd-9950x3d,run-2,3,base64-ng,encode,standard,unpadded,16,22,262144,16859599,237.253567,ssse3-sse4.1,avx512-vbmi,avx512-vbmi,x86_64,linux,0
1,commit-5-correction-amd-9950x3d,run-2,4,base64-ng,encode,standard,unpadded,16,22,262144,16855149,237.316205,ssse3-sse4.1,avx512-vbmi,avx512-vbmi,x86_64,linux,0
1,commit-5-correction-amd-9950x3d,run-2,0,base64-ng,decode,standard,unpadded,16,22,262144,47210695,84.726565,ssse3-sse4.1,avx512-vbmi,avx512-vbmi,x86_64,linux,0
1,commit-5-correction-amd-9950x3d,run-2,1,base64-ng,decode,standard,unpadded,16,22,262144,48323399,82.775634,ssse3-sse4.1,avx512-vbmi,avx512-vbmi,x86_64,linux,0
1,commit-5-correction-amd-9950x3d,run-2,2,base64-ng,decode,standard,unpadded,16,22,262144,48403721,82.638275,ssse3-sse4.1,avx512-vbmi,avx512-vbmi,x86_64,linux,0
1,commit-5-correction-amd-9950x3d,run-2,3,base64-ng,decode,standard,unpadded,16,22,262144,47609646,84.016588,ssse3-sse4.1,avx512-vbmi,avx512-vbmi,x86_64,linux,0
1,commit-5-correction-amd-9950x3d,run-2,4,base64-ng,decode,standard,unpadded,16,22,262144,47168404,84.802530,ssse3-sse4.1,avx512-vbmi,avx512-vbmi,x86_64,linux,0
1,commit-5-correction-amd-9950x3d,run-2,0,base64-ng,encode,standard,unpadded,16,22,262144,12555726,318.579746,avx2,avx512-vbmi,avx512-vbmi,x86_64,linux,0
1,commit-5-correction-amd-9950x3d,run-2,1,base64-ng,encode,standard,unpadded,16,22,262144,12571085,318.190514,avx2,avx512-vbmi,avx512-vbmi,x86_64,linux,0
1,commit-5-correction-amd-9950x3d,run-2,2,base64-ng,encode,standard,unpadded,16,22,262144,12559643,318.480390,avx2,avx512-vbmi,avx512-vbmi,x86_64,linux,0
1,commit-5-correction-amd-9950x3d,run-2,3,base64-ng,encode,standard,unpadded,16,22,262144,12950699,308.863637,avx2,avx512-vbmi,avx512-vbmi,x86_64,linux,0
1,commit-5-correction-amd-9950x3d,run-2,4,base64-ng,encode,standard,unpadded,16,22,262144,13060446,306.268255,avx2,avx512-vbmi,avx512-vbmi,x86_64,linux,0
1,commit-5-correction-amd-9950x3d,run-2,0,base64-ng,decode,standard,unpadded,16,22,262144,47961387,83.400424,avx2,avx512-vbmi,avx512-vbmi,x86_64,linux,0
1,commit-5-correction-amd-9950x3d,run-2,1,base64-ng,decode,standard,unpadded,16,22,262144,47850128,83.594343,avx2,avx512-vbmi,avx512-vbmi,x86_64,linux,0
1,commit-5-correction-amd-9950x3d,run-2,2,base64-ng,decode,standard,unpadded,16,22,262144,47596410,84.039952,avx2,avx512-vbmi,avx512-vbmi,x86_64,linux,0
1,commit-5-correction-amd-9950x3d,run-2,3,base64-ng,decode,standard,unpadded,16,22,262144,47480512,84.245090,avx2,avx512-vbmi,avx512-vbmi,x86_64,linux,0
1,commit-5-correction-amd-9950x3d,run-2,4,base64-ng,decode,standard,unpadded,16,22,262144,48266592,82.873056,avx2,avx512-vbmi,avx512-vbmi,x86_64,linux,0
1,commit-5-correction-amd-9950x3d,run-2,0,base64-ng,encode,standard,unpadded,16,22,262144,14156219,282.561325,avx512-vbmi,avx512-vbmi,avx512-vbmi,x86_64,linux,0
1,commit-5-correction-amd-9950x3d,run-2,1,base64-ng,encode,standard,unpadded,16,22,262144,12777975,313.038647,avx512-vbmi,avx512-vbmi,avx512-vbmi,x86_64,linux,0
1,commit-5-correction-amd-9950x3d,run-2,2,base64-ng,encode,standard,unpadded,16,22,262144,12739833,313.975858,avx512-vbmi,avx512-vbmi,avx512-vbmi,x86_64,linux,0
1,commit-5-correction-amd-9950x3d,run-2,3,base64-ng,encode,standard,unpadded,16,22,262144,12692323,315.151135,avx512-vbmi,avx512-vbmi,avx512-vbmi,x86_64,linux,0
1,commit-5-correction-amd-9950x3d,run-2,4,base64-ng,encode,standard,unpadded,16,22,262144,12687153,315.279559,avx512-vbmi,avx512-vbmi,avx512-vbmi,x86_64,linux,0
1,commit-5-correction-amd-9950x3d,run-2,0,base64-ng,decode,standard,unpadded,16,22,262144,47611619,84.013106,avx512-vbmi,avx512-vbmi,avx512-vbmi,x86_64,linux,0
1,commit-5-correction-amd-9950x3d,run-2,1,base64-ng,decode,standard,unpadded,16,22,262144,47685869,83.882292,avx512-vbmi,avx512-vbmi,avx512-vbmi,x86_64,linux,0
1,commit-5-correction-amd-9950x3d,run-2,2,base64-ng,decode,standard,unpadded,16,22,262144,47692532,83.870573,avx512-vbmi,avx512-vbmi,avx512-vbmi,x86_64,linux,0
1,commit-5-correction-amd-9950x3d,run-2,3,base64-ng,decode,standard,unpadded,16,22,262144,47837605,83.616226,avx512-vbmi,avx512-vbmi,avx512-vbmi,x86_64,linux,0
1,commit-5-correction-amd-9950x3d,run-2,4,base64-ng,decode,standard,unpadded,16,22,262144,49564004,80.703730,avx512-vbmi,avx512-vbmi,avx512-vbmi,x86_64,linux,0
1,commit-5-correction-amd-9950x3d,run-2,0,base64-0.23.0,encode,standard,unpadded,16,22,262144,2927982,1366.128617,external,avx512-vbmi,avx512-vbmi,x86_64,linux,0
1,commit-5-correction-amd-9950x3d,run-2,1,base64-0.23.0,encode,standard,unpadded,16,22,262144,2841008,1407.950981,external,avx512-vbmi,avx512-vbmi,x86_64,linux,0
1,commit-5-correction-amd-9950x3d,run-2,2,base64-0.23.0,encode,standard,unpadded,16,22,262144,2892445,1382.913072,external,avx512-vbmi,avx512-vbmi,x86_64,linux,0
1,commit-5-correction-amd-9950x3d,run-2,3,base64-0.23.0,encode,standard,unpadded,16,22,262144,2874181,1391.700801,external,avx512-vbmi,avx512-vbmi,x86_64,linux,0
1,commit-5-correction-amd-9950x3d,run-2,4,base64-0.23.0,encode,standard,unpadded,16,22,262144,2863781,1396.754850,external,avx512-vbmi,avx512-vbmi,x86_64,linux,0
1,commit-5-correction-amd-9950x3d,run-2,0,base64-0.23.0,decode,standard,unpadded,16,22,262144,4301708,929.863208,external,avx512-vbmi,avx512-vbmi,x86_64,linux,0
1,commit-5-correction-amd-9950x3d,run-2,1,base64-0.23.0,decode,standard,unpadded,16,22,262144,4280639,934.439928,external,avx512-vbmi,avx512-vbmi,x86_64,linux,0
1,commit-5-correction-amd-9950x3d,run-2,2,base64-0.23.0,decode,standard,unpadded,16,22,262144,4282502,934.033423,external,avx512-vbmi,avx512-vbmi,x86_64,linux,0
1,commit-5-correction-amd-9950x3d,run-2,3,base64-0.23.0,decode,standard,unpadded,16,22,262144,4281550,934.241104,external,avx512-vbmi,avx512-vbmi,x86_64,linux,0
1,commit-5-correction-amd-9950x3d,run-2,4,base64-0.23.0,decode,standard,unpadded,16,22,262144,4281339,934.287147,external,avx512-vbmi,avx512-vbmi,x86_64,linux,0
1,commit-5-correction-amd-9950x3d,run-2,0,base64ct-1.8.3,encode,standard,unpadded,16,22,262144,3246842,1231.966323,external,avx512-vbmi,avx512-vbmi,x86_64,linux,0
1,commit-5-correction-amd-9950x3d,run-2,1,base64ct-1.8.3,encode,standard,unpadded,16,22,262144,3246131,1232.236161,external,avx512-vbmi,avx512-vbmi,x86_64,linux,0
1,commit-5-correction-amd-9950x3d,run-2,2,base64ct-1.8.3,encode,standard,unpadded,16,22,262144,3251221,1230.307014,external,avx512-vbmi,avx512-vbmi,x86_64,linux,0
1,commit-5-correction-amd-9950x3d,run-2,3,base64ct-1.8.3,encode,standard,unpadded,16,22,262144,3245890,1232.327651,external,avx512-vbmi,avx512-vbmi,x86_64,linux,0
1,commit-5-correction-amd-9950x3d,run-2,4,base64ct-1.8.3,encode,standard,unpadded,16,22,262144,3249447,1230.978687,external,avx512-vbmi,avx512-vbmi,x86_64,linux,0
1,commit-5-correction-amd-9950x3d,run-2,0,base64ct-1.8.3,decode,standard,unpadded,16,22,262144,10115673,395.425989,external,avx512-vbmi,avx512-vbmi,x86_64,linux,0
1,commit-5-correction-amd-9950x3d,run-2,1,base64ct-1.8.3,decode,standard,unpadded,16,22,262144,10094674,396.248556,external,avx512-vbmi,avx512-vbmi,x86_64,linux,0
1,commit-5-correction-amd-9950x3d,run-2,2,base64ct-1.8.3,decode,standard,unpadded,16,22,262144,10086809,396.557524,external,avx512-vbmi,avx512-vbmi,x86_64,linux,0
1,commit-5-correction-amd-9950x3d,run-2,3,base64ct-1.8.3,decode,standard,unpadded,16,22,262144,10136421,394.616601,external,avx512-vbmi,avx512-vbmi,x86_64,linux,0
1,commit-5-correction-amd-9950x3d,run-2,4,base64ct-1.8.3,decode,standard,unpadded,16,22,262144,10087870,396.515816,external,avx512-vbmi,avx512-vbmi,x86_64,linux,0
1,commit-5-correction-amd-9950x3d,run-2,0,base64-ng,encode,standard,unpadded,23,31,182361,12087134,330.930314,auto,avx512-vbmi,avx512-vbmi,x86_64,linux,0
1,commit-5-correction-amd-9950x3d,run-2,1,base64-ng,encode,standard,unpadded,23,31,182361,12009978,333.056318,auto,avx512-vbmi,avx512-vbmi,x86_64,linux,0
1,commit-5-correction-amd-9950x3d,run-2,2,base64-ng,encode,standard,unpadded,23,31,182361,12076093,331.232879,auto,avx512-vbmi,avx512-vbmi,x86_64,linux,0
1,commit-5-correction-amd-9950x3d,run-2,3,base64-ng,encode,standard,unpadded,23,31,182361,12057989,331.730195,auto,avx512-vbmi,avx512-vbmi,x86_64,linux,0
1,commit-5-correction-amd-9950x3d,run-2,4,base64-ng,encode,standard,unpadded,23,31,182361,11939406,335.024962,auto,avx512-vbmi,avx512-vbmi,x86_64,linux,0
1,commit-5-correction-amd-9950x3d,run-2,0,base64-ng,decode,standard,unpadded,23,31,182361,38466082,103.987691,auto,avx512-vbmi,avx512-vbmi,x86_64,linux,0
1,commit-5-correction-amd-9950x3d,run-2,1,base64-ng,decode,standard,unpadded,23,31,182361,38340777,104.327543,auto,avx512-vbmi,avx512-vbmi,x86_64,linux,0
1,commit-5-correction-amd-9950x3d,run-2,2,base64-ng,decode,standard,unpadded,23,31,182361,38426478,104.094865,auto,avx512-vbmi,avx512-vbmi,x86_64,linux,0
1,commit-5-correction-amd-9950x3d,run-2,3,base64-ng,decode,standard,unpadded,23,31,182361,38448259,104.035895,auto,avx512-vbmi,avx512-vbmi,x86_64,linux,0
1,commit-5-correction-amd-9950x3d,run-2,4,base64-ng,decode,standard,unpadded,23,31,182361,39687232,100.788058,auto,avx512-vbmi,avx512-vbmi,x86_64,linux,0
1,commit-5-correction-amd-9950x3d,run-2,0,base64-ng,encode,standard,unpadded,23,31,182361,11805624,338.821484,scalar,avx512-vbmi,avx512-vbmi,x86_64,linux,0
1,commit-5-correction-amd-9950x3d,run-2,1,base64-ng,encode,standard,unpadded,23,31,182361,11863613,337.165335,scalar,avx512-vbmi,avx512-vbmi,x86_64,linux,0
1,commit-5-correction-amd-9950x3d,run-2,2,base64-ng,encode,standard,unpadded,23,31,182361,11854596,337.421794,scalar,avx512-vbmi,avx512-vbmi,x86_64,linux,0
1,commit-5-correction-amd-9950x3d,run-2,3,base64-ng,encode,standard,unpadded,23,31,182361,11867630,337.051210,scalar,avx512-vbmi,avx512-vbmi,x86_64,linux,0
1,commit-5-correction-amd-9950x3d,run-2,4,base64-ng,encode,standard,unpadded,23,31,182361,11745942,340.543061,scalar,avx512-vbmi,avx512-vbmi,x86_64,linux,0
1,commit-5-correction-amd-9950x3d,run-2,0,base64-ng,decode,standard,unpadded,23,31,182361,14353470,278.678190,scalar,avx512-vbmi,avx512-vbmi,x86_64,linux,0
1,commit-5-correction-amd-9950x3d,run-2,1,base64-ng,decode,standard,unpadded,23,31,182361,14368018,278.396021,scalar,avx512-vbmi,avx512-vbmi,x86_64,linux,0
1,commit-5-correction-amd-9950x3d,run-2,2,base64-ng,decode,standard,unpadded,23,31,182361,14367316,278.409624,scalar,avx512-vbmi,avx512-vbmi,x86_64,linux,0
1,commit-5-correction-amd-9950x3d,run-2,3,base64-ng,decode,standard,unpadded,23,31,182361,14370523,278.347493,scalar,avx512-vbmi,avx512-vbmi,x86_64,linux,0
1,commit-5-correction-amd-9950x3d,run-2,4,base64-ng,decode,standard,unpadded,23,31,182361,14640861,273.207911,scalar,avx512-vbmi,avx512-vbmi,x86_64,linux,0
1,commit-5-correction-amd-9950x3d,run-2,0,base64-ng,encode,standard,unpadded,23,31,182361,15077833,265.290048,ssse3-sse4.1,avx512-vbmi,avx512-vbmi,x86_64,linux,0
1,commit-5-correction-amd-9950x3d,run-2,1,base64-ng,encode,standard,unpadded,23,31,182361,15010398,266.481878,ssse3-sse4.1,avx512-vbmi,avx512-vbmi,x86_64,linux,0
1,commit-5-correction-amd-9950x3d,run-2,2,base64-ng,encode,standard,unpadded,23,31,182361,14973948,267.130555,ssse3-sse4.1,avx512-vbmi,avx512-vbmi,x86_64,linux,0
1,commit-5-correction-amd-9950x3d,run-2,3,base64-ng,encode,standard,unpadded,23,31,182361,15074869,265.342209,ssse3-sse4.1,avx512-vbmi,avx512-vbmi,x86_64,linux,0
1,commit-5-correction-amd-9950x3d,run-2,4,base64-ng,encode,standard,unpadded,23,31,182361,15182772,263.456439,ssse3-sse4.1,avx512-vbmi,avx512-vbmi,x86_64,linux,0
1,commit-5-correction-amd-9950x3d,run-2,0,base64-ng,decode,standard,unpadded,23,31,182361,37720499,106.043111,ssse3-sse4.1,avx512-vbmi,avx512-vbmi,x86_64,linux,0
1,commit-5-correction-amd-9950x3d,run-2,1,base64-ng,decode,standard,unpadded,23,31,182361,38847851,102.965774,ssse3-sse4.1,avx512-vbmi,avx512-vbmi,x86_64,linux,0
1,commit-5-correction-amd-9950x3d,run-2,2,base64-ng,decode,standard,unpadded,23,31,182361,38581851,103.675665,ssse3-sse4.1,avx512-vbmi,avx512-vbmi,x86_64,linux,0
1,commit-5-correction-amd-9950x3d,run-2,3,base64-ng,decode,standard,unpadded,23,31,182361,38108139,104.964429,ssse3-sse4.1,avx512-vbmi,avx512-vbmi,x86_64,linux,0
1,commit-5-correction-amd-9950x3d,run-2,4,base64-ng,decode,standard,unpadded,23,31,182361,38763011,103.191134,ssse3-sse4.1,avx512-vbmi,avx512-vbmi,x86_64,linux,0
1,commit-5-correction-amd-9950x3d,run-2,0,base64-ng,encode,standard,unpadded,23,31,182361,12123633,329.934026,avx2,avx512-vbmi,avx512-vbmi,x86_64,linux,0
1,commit-5-correction-amd-9950x3d,run-2,1,base64-ng,encode,standard,unpadded,23,31,182361,12173637,328.578801,avx2,avx512-vbmi,avx512-vbmi,x86_64,linux,0
1,commit-5-correction-amd-9950x3d,run-2,2,base64-ng,encode,standard,unpadded,23,31,182361,12197152,327.945331,avx2,avx512-vbmi,avx512-vbmi,x86_64,linux,0
1,commit-5-correction-amd-9950x3d,run-2,3,base64-ng,encode,standard,unpadded,23,31,182361,12354347,323.772600,avx2,avx512-vbmi,avx512-vbmi,x86_64,linux,0
1,commit-5-correction-amd-9950x3d,run-2,4,base64-ng,encode,standard,unpadded,23,31,182361,12216768,327.418761,avx2,avx512-vbmi,avx512-vbmi,x86_64,linux,0
1,commit-5-correction-amd-9950x3d,run-2,0,base64-ng,decode,standard,unpadded,23,31,182361,38585707,103.665304,avx2,avx512-vbmi,avx512-vbmi,x86_64,linux,0
1,commit-5-correction-amd-9950x3d,run-2,1,base64-ng,decode,standard,unpadded,23,31,182361,38628789,103.549688,avx2,avx512-vbmi,avx512-vbmi,x86_64,linux,0
1,commit-5-correction-amd-9950x3d,run-2,2,base64-ng,decode,standard,unpadded,23,31,182361,38509314,103.870950,avx2,avx512-vbmi,avx512-vbmi,x86_64,linux,0
1,commit-5-correction-amd-9950x3d,run-2,3,base64-ng,decode,standard,unpadded,23,31,182361,38476753,103.958851,avx2,avx512-vbmi,avx512-vbmi,x86_64,linux,0
1,commit-5-correction-amd-9950x3d,run-2,4,base64-ng,decode,standard,unpadded,23,31,182361,38540663,103.786462,avx2,avx512-vbmi,avx512-vbmi,x86_64,linux,0
1,commit-5-correction-amd-9950x3d,run-2,0,base64-ng,encode,standard,unpadded,23,31,182361,12288473,325.508226,avx512-vbmi,avx512-vbmi,avx512-vbmi,x86_64,linux,0
1,commit-5-correction-amd-9950x3d,run-2,1,base64-ng,encode,standard,unpadded,23,31,182361,12351673,323.842693,avx512-vbmi,avx512-vbmi,avx512-vbmi,x86_64,linux,0
1,commit-5-correction-amd-9950x3d,run-2,2,base64-ng,encode,standard,unpadded,23,31,182361,12251554,326.489117,avx512-vbmi,avx512-vbmi,avx512-vbmi,x86_64,linux,0
1,commit-5-correction-amd-9950x3d,run-2,3,base64-ng,encode,standard,unpadded,23,31,182361,12361060,323.596766,avx512-vbmi,avx512-vbmi,avx512-vbmi,x86_64,linux,0
1,commit-5-correction-amd-9950x3d,run-2,4,base64-ng,encode,standard,unpadded,23,31,182361,13384627,298.850244,avx512-vbmi,avx512-vbmi,avx512-vbmi,x86_64,linux,0
1,commit-5-correction-amd-9950x3d,run-2,0,base64-ng,decode,standard,unpadded,23,31,182361,43014404,92.992083,avx512-vbmi,avx512-vbmi,avx512-vbmi,x86_64,linux,0
1,commit-5-correction-amd-9950x3d,run-2,1,base64-ng,decode,standard,unpadded,23,31,182361,40406786,98.993249,avx512-vbmi,avx512-vbmi,avx512-vbmi,x86_64,linux,0
1,commit-5-correction-amd-9950x3d,run-2,2,base64-ng,decode,standard,unpadded,23,31,182361,40728111,98.212241,avx512-vbmi,avx512-vbmi,avx512-vbmi,x86_64,linux,0
1,commit-5-correction-amd-9950x3d,run-2,3,base64-ng,decode,standard,unpadded,23,31,182361,40065123,99.837433,avx512-vbmi,avx512-vbmi,avx512-vbmi,x86_64,linux,0
1,commit-5-correction-amd-9950x3d,run-2,4,base64-ng,decode,standard,unpadded,23,31,182361,39026919,102.493334,avx512-vbmi,avx512-vbmi,avx512-vbmi,x86_64,linux,0
1,commit-5-correction-amd-9950x3d,run-2,0,base64-0.23.0,encode,standard,unpadded,23,31,182361,2321591,1722.955958,external,avx512-vbmi,avx512-vbmi,x86_64,linux,0
1,commit-5-correction-amd-9950x3d,run-2,1,base64-0.23.0,encode,standard,unpadded,23,31,182361,2378266,1681.897250,external,avx512-vbmi,avx512-vbmi,x86_64,linux,0
1,commit-5-correction-amd-9950x3d,run-2,2,base64-0.23.0,encode,standard,unpadded,23,31,182361,2362628,1693.029561,external,avx512-vbmi,avx512-vbmi,x86_64,linux,0
1,commit-5-correction-amd-9950x3d,run-2,3,base64-0.23.0,encode,standard,unpadded,23,31,182361,2368419,1688.889950,external,avx512-vbmi,avx512-vbmi,x86_64,linux,0
1,commit-5-correction-amd-9950x3d,run-2,4,base64-0.23.0,encode,standard,unpadded,23,31,182361,2376604,1683.073430,external,avx512-vbmi,avx512-vbmi,x86_64,linux,0
1,commit-5-correction-amd-9950x3d,run-2,0,base64-0.23.0,decode,standard,unpadded,23,31,182361,3447370,1160.304535,external,avx512-vbmi,avx512-vbmi,x86_64,linux,0
1,commit-5-correction-amd-9950x3d,run-2,1,base64-0.23.0,decode,standard,unpadded,23,31,182361,3429777,1166.256304,external,avx512-vbmi,avx512-vbmi,x86_64,linux,0
1,commit-5-correction-amd-9950x3d,run-2,2,base64-0.23.0,decode,standard,unpadded,23,31,182361,3443582,1161.580891,external,avx512-vbmi,avx512-vbmi,x86_64,linux,0
1,commit-5-correction-amd-9950x3d,run-2,3,base64-0.23.0,decode,standard,unpadded,23,31,182361,3420028,1169.580789,external,avx512-vbmi,avx512-vbmi,x86_64,linux,0
1,commit-5-correction-amd-9950x3d,run-2,4,base64-0.23.0,decode,standard,unpadded,23,31,182361,3432251,1165.415655,external,avx512-vbmi,avx512-vbmi,x86_64,linux,0
1,commit-5-correction-amd-9950x3d,run-2,0,base64ct-1.8.3,encode,standard,unpadded,23,31,182361,2810130,1423.421353,external,avx512-vbmi,avx512-vbmi,x86_64,linux,0
1,commit-5-correction-amd-9950x3d,run-2,1,base64ct-1.8.3,encode,standard,unpadded,23,31,182361,2807435,1424.787768,external,avx512-vbmi,avx512-vbmi,x86_64,linux,0
1,commit-5-correction-amd-9950x3d,run-2,2,base64ct-1.8.3,encode,standard,unpadded,23,31,182361,2806594,1425.214707,external,avx512-vbmi,avx512-vbmi,x86_64,linux,0
1,commit-5-correction-amd-9950x3d,run-2,3,base64ct-1.8.3,encode,standard,unpadded,23,31,182361,2812495,1422.224412,external,avx512-vbmi,avx512-vbmi,x86_64,linux,0
1,commit-5-correction-amd-9950x3d,run-2,4,base64ct-1.8.3,encode,standard,unpadded,23,31,182361,2799229,1428.964564,external,avx512-vbmi,avx512-vbmi,x86_64,linux,0
1,commit-5-correction-amd-9950x3d,run-2,0,base64ct-1.8.3,decode,standard,unpadded,23,31,182361,8850581,451.947623,external,avx512-vbmi,avx512-vbmi,x86_64,linux,0
1,commit-5-correction-amd-9950x3d,run-2,1,base64ct-1.8.3,decode,standard,unpadded,23,31,182361,8706771,459.412456,external,avx512-vbmi,avx512-vbmi,x86_64,linux,0
1,commit-5-correction-amd-9950x3d,run-2,2,base64ct-1.8.3,decode,standard,unpadded,23,31,182361,8864938,451.215682,external,avx512-vbmi,avx512-vbmi,x86_64,linux,0
1,commit-5-correction-amd-9950x3d,run-2,3,base64ct-1.8.3,decode,standard,unpadded,23,31,182361,8853847,451.780909,external,avx512-vbmi,avx512-vbmi,x86_64,linux,0
1,commit-5-correction-amd-9950x3d,run-2,4,base64ct-1.8.3,decode,standard,unpadded,23,31,182361,8858346,451.551457,external,avx512-vbmi,avx512-vbmi,x86_64,linux,0
1,commit-5-correction-amd-9950x3d,run-2,0,base64-ng,encode,standard,unpadded,24,32,174762,12109065,330.329777,auto,avx512-vbmi,avx512-vbmi,x86_64,linux,0
1,commit-5-correction-amd-9950x3d,run-2,1,base64-ng,encode,standard,unpadded,24,32,174762,12098135,330.628212,auto,avx512-vbmi,avx512-vbmi,x86_64,linux,0
1,commit-5-correction-amd-9950x3d,run-2,2,base64-ng,encode,standard,unpadded,24,32,174762,12427265,321.871686,auto,avx512-vbmi,avx512-vbmi,x86_64,linux,0
1,commit-5-correction-amd-9950x3d,run-2,3,base64-ng,encode,standard,unpadded,24,32,174762,12408739,322.352234,auto,avx512-vbmi,avx512-vbmi,x86_64,linux,0
1,commit-5-correction-amd-9950x3d,run-2,4,base64-ng,encode,standard,unpadded,24,32,174762,12373033,323.282476,auto,avx512-vbmi,avx512-vbmi,x86_64,linux,0
1,commit-5-correction-amd-9950x3d,run-2,0,base64-ng,decode,standard,unpadded,24,32,174762,39754769,100.616476,auto,avx512-vbmi,avx512-vbmi,x86_64,linux,0
1,commit-5-correction-amd-9950x3d,run-2,1,base64-ng,decode,standard,unpadded,24,32,174762,39481364,101.313236,auto,avx512-vbmi,avx512-vbmi,x86_64,linux,0
1,commit-5-correction-amd-9950x3d,run-2,2,base64-ng,decode,standard,unpadded,24,32,174762,39544392,101.151757,auto,avx512-vbmi,avx512-vbmi,x86_64,linux,0
1,commit-5-correction-amd-9950x3d,run-2,3,base64-ng,decode,standard,unpadded,24,32,174762,39209813,102.014890,auto,avx512-vbmi,avx512-vbmi,x86_64,linux,0
1,commit-5-correction-amd-9950x3d,run-2,4,base64-ng,decode,standard,unpadded,24,32,174762,39818418,100.455642,auto,avx512-vbmi,avx512-vbmi,x86_64,linux,0
1,commit-5-correction-amd-9950x3d,run-2,0,base64-ng,encode,standard,unpadded,24,32,174762,11832655,338.046258,scalar,avx512-vbmi,avx512-vbmi,x86_64,linux,0
1,commit-5-correction-amd-9950x3d,run-2,1,base64-ng,encode,standard,unpadded,24,32,174762,11827866,338.183130,scalar,avx512-vbmi,avx512-vbmi,x86_64,linux,0
1,commit-5-correction-amd-9950x3d,run-2,2,base64-ng,encode,standard,unpadded,24,32,174762,11694625,342.036170,scalar,avx512-vbmi,avx512-vbmi,x86_64,linux,0
1,commit-5-correction-amd-9950x3d,run-2,3,base64-ng,encode,standard,unpadded,24,32,174762,11719231,341.318022,scalar,avx512-vbmi,avx512-vbmi,x86_64,linux,0
1,commit-5-correction-amd-9950x3d,run-2,4,base64-ng,encode,standard,unpadded,24,32,174762,11749469,340.439618,scalar,avx512-vbmi,avx512-vbmi,x86_64,linux,0
1,commit-5-correction-amd-9950x3d,run-2,0,base64-ng,decode,standard,unpadded,24,32,174762,14317503,279.377259,scalar,avx512-vbmi,avx512-vbmi,x86_64,linux,0
1,commit-5-correction-amd-9950x3d,run-2,1,base64-ng,decode,standard,unpadded,24,32,174762,14644909,273.131417,scalar,avx512-vbmi,avx512-vbmi,x86_64,linux,0
1,commit-5-correction-amd-9950x3d,run-2,2,base64-ng,decode,standard,unpadded,24,32,174762,14352158,278.702669,scalar,avx512-vbmi,avx512-vbmi,x86_64,linux,0
1,commit-5-correction-amd-9950x3d,run-2,3,base64-ng,decode,standard,unpadded,24,32,174762,14314748,279.431027,scalar,avx512-vbmi,avx512-vbmi,x86_64,linux,0
1,commit-5-correction-amd-9950x3d,run-2,4,base64-ng,decode,standard,unpadded,24,32,174762,14342469,278.890946,scalar,avx512-vbmi,avx512-vbmi,x86_64,linux,0
1,commit-5-correction-amd-9950x3d,run-2,0,base64-ng,encode,standard,unpadded,24,32,174762,17358818,230.429557,ssse3-sse4.1,avx512-vbmi,avx512-vbmi,x86_64,linux,0
1,commit-5-correction-amd-9950x3d,run-2,1,base64-ng,encode,standard,unpadded,24,32,174762,17093719,234.003188,ssse3-sse4.1,avx512-vbmi,avx512-vbmi,x86_64,linux,0
1,commit-5-correction-amd-9950x3d,run-2,2,base64-ng,encode,standard,unpadded,24,32,174762,17613177,227.101831,ssse3-sse4.1,avx512-vbmi,avx512-vbmi,x86_64,linux,0
1,commit-5-correction-amd-9950x3d,run-2,3,base64-ng,encode,standard,unpadded,24,32,174762,17342147,230.651069,ssse3-sse4.1,avx512-vbmi,avx512-vbmi,x86_64,linux,0
1,commit-5-correction-amd-9950x3d,run-2,4,base64-ng,encode,standard,unpadded,24,32,174762,16097563,248.483869,ssse3-sse4.1,avx512-vbmi,avx512-vbmi,x86_64,linux,0
1,commit-5-correction-amd-9950x3d,run-2,0,base64-ng,decode,standard,unpadded,24,32,174762,55376306,72.232784,ssse3-sse4.1,avx512-vbmi,avx512-vbmi,x86_64,linux,0
1,commit-5-correction-amd-9950x3d,run-2,1,base64-ng,decode,standard,unpadded,24,32,174762,53400917,74.904795,ssse3-sse4.1,avx512-vbmi,avx512-vbmi,x86_64,linux,0
1,commit-5-correction-amd-9950x3d,run-2,2,base64-ng,decode,standard,unpadded,24,32,174762,53805459,74.341615,ssse3-sse4.1,avx512-vbmi,avx512-vbmi,x86_64,linux,0
1,commit-5-correction-amd-9950x3d,run-2,3,base64-ng,decode,standard,unpadded,24,32,174762,53827110,74.311713,ssse3-sse4.1,avx512-vbmi,avx512-vbmi,x86_64,linux,0
1,commit-5-correction-amd-9950x3d,run-2,4,base64-ng,decode,standard,unpadded,24,32,174762,54648987,73.194124,ssse3-sse4.1,avx512-vbmi,avx512-vbmi,x86_64,linux,0
1,commit-5-correction-amd-9950x3d,run-2,0,base64-ng,encode,standard,unpadded,24,32,174762,10060379,397.597818,avx2,avx512-vbmi,avx512-vbmi,x86_64,linux,0
1,commit-5-correction-amd-9950x3d,run-2,1,base64-ng,encode,standard,unpadded,24,32,174762,10021476,399.141278,avx2,avx512-vbmi,avx512-vbmi,x86_64,linux,0
1,commit-5-correction-amd-9950x3d,run-2,2,base64-ng,encode,standard,unpadded,24,32,174762,10014974,399.400412,avx2,avx512-vbmi,avx512-vbmi,x86_64,linux,0
1,commit-5-correction-amd-9950x3d,run-2,3,base64-ng,encode,standard,unpadded,24,32,174762,9659183,414.112119,avx2,avx512-vbmi,avx512-vbmi,x86_64,linux,0
1,commit-5-correction-amd-9950x3d,run-2,4,base64-ng,encode,standard,unpadded,24,32,174762,9721852,411.442670,avx2,avx512-vbmi,avx512-vbmi,x86_64,linux,0
1,commit-5-correction-amd-9950x3d,run-2,0,base64-ng,decode,standard,unpadded,24,32,174762,38612238,103.593704,avx2,avx512-vbmi,avx512-vbmi,x86_64,linux,0
1,commit-5-correction-amd-9950x3d,run-2,1,base64-ng,decode,standard,unpadded,24,32,174762,38301232,104.434885,avx2,avx512-vbmi,avx512-vbmi,x86_64,linux,0
1,commit-5-correction-amd-9950x3d,run-2,2,base64-ng,decode,standard,unpadded,24,32,174762,38184552,104.754005,avx2,avx512-vbmi,avx512-vbmi,x86_64,linux,0
1,commit-5-correction-amd-9950x3d,run-2,3,base64-ng,decode,standard,unpadded,24,32,174762,38575188,103.693201,avx2,avx512-vbmi,avx512-vbmi,x86_64,linux,0
1,commit-5-correction-amd-9950x3d,run-2,4,base64-ng,decode,standard,unpadded,24,32,174762,38208678,104.687860,avx2,avx512-vbmi,avx512-vbmi,x86_64,linux,0
1,commit-5-correction-amd-9950x3d,run-2,0,base64-ng,encode,standard,unpadded,24,32,174762,12099427,330.592907,avx512-vbmi,avx512-vbmi,avx512-vbmi,x86_64,linux,0
1,commit-5-correction-amd-9950x3d,run-2,1,base64-ng,encode,standard,unpadded,24,32,174762,12122651,329.959572,avx512-vbmi,avx512-vbmi,avx512-vbmi,x86_64,linux,0
1,commit-5-correction-amd-9950x3d,run-2,2,base64-ng,encode,standard,unpadded,24,32,174762,12103165,330.490805,avx512-vbmi,avx512-vbmi,avx512-vbmi,x86_64,linux,0
1,commit-5-correction-amd-9950x3d,run-2,3,base64-ng,encode,standard,unpadded,24,32,174762,12103685,330.476606,avx512-vbmi,avx512-vbmi,avx512-vbmi,x86_64,linux,0
1,commit-5-correction-amd-9950x3d,run-2,4,base64-ng,encode,standard,unpadded,24,32,174762,12143410,329.395511,avx512-vbmi,avx512-vbmi,avx512-vbmi,x86_64,linux,0
1,commit-5-correction-amd-9950x3d,run-2,0,base64-ng,decode,standard,unpadded,24,32,174762,39396945,101.530328,avx512-vbmi,avx512-vbmi,avx512-vbmi,x86_64,linux,0
1,commit-5-correction-amd-9950x3d,run-2,1,base64-ng,decode,standard,unpadded,24,32,174762,38779963,103.145656,avx512-vbmi,avx512-vbmi,avx512-vbmi,x86_64,linux,0
1,commit-5-correction-amd-9950x3d,run-2,2,base64-ng,decode,standard,unpadded,24,32,174762,38688070,103.390651,avx512-vbmi,avx512-vbmi,avx512-vbmi,x86_64,linux,0
1,commit-5-correction-amd-9950x3d,run-2,3,base64-ng,decode,standard,unpadded,24,32,174762,38444482,104.045744,avx512-vbmi,avx512-vbmi,avx512-vbmi,x86_64,linux,0
1,commit-5-correction-amd-9950x3d,run-2,4,base64-ng,decode,standard,unpadded,24,32,174762,38384519,104.208281,avx512-vbmi,avx512-vbmi,avx512-vbmi,x86_64,linux,0
1,commit-5-correction-amd-9950x3d,run-2,0,base64-0.23.0,encode,standard,unpadded,24,32,174762,2190022,1826.458703,external,avx512-vbmi,avx512-vbmi,x86_64,linux,0
1,commit-5-correction-amd-9950x3d,run-2,1,base64-0.23.0,encode,standard,unpadded,24,32,174762,2273220,1759.611802,external,avx512-vbmi,avx512-vbmi,x86_64,linux,0
1,commit-5-correction-amd-9950x3d,run-2,2,base64-0.23.0,encode,standard,unpadded,24,32,174762,2253102,1775.323417,external,avx512-vbmi,avx512-vbmi,x86_64,linux,0
1,commit-5-correction-amd-9950x3d,run-2,3,base64-0.23.0,encode,standard,unpadded,24,32,174762,2295281,1742.699365,external,avx512-vbmi,avx512-vbmi,x86_64,linux,0
1,commit-5-correction-amd-9950x3d,run-2,4,base64-0.23.0,encode,standard,unpadded,24,32,174762,2285011,1750.531941,external,avx512-vbmi,avx512-vbmi,x86_64,linux,0
1,commit-5-correction-amd-9950x3d,run-2,0,base64-0.23.0,decode,standard,unpadded,24,32,174762,3389862,1179.984537,external,avx512-vbmi,avx512-vbmi,x86_64,linux,0
1,commit-5-correction-amd-9950x3d,run-2,1,base64-0.23.0,decode,standard,unpadded,24,32,174762,3391304,1179.482801,external,avx512-vbmi,avx512-vbmi,x86_64,linux,0
1,commit-5-correction-amd-9950x3d,run-2,2,base64-0.23.0,decode,standard,unpadded,24,32,174762,3383720,1182.126400,external,avx512-vbmi,avx512-vbmi,x86_64,linux,0
1,commit-5-correction-amd-9950x3d,run-2,3,base64-0.23.0,decode,standard,unpadded,24,32,174762,3418205,1170.200366,external,avx512-vbmi,avx512-vbmi,x86_64,linux,0
1,commit-5-correction-amd-9950x3d,run-2,4,base64-0.23.0,decode,standard,unpadded,24,32,174762,3420248,1169.501376,external,avx512-vbmi,avx512-vbmi,x86_64,linux,0
1,commit-5-correction-amd-9950x3d,run-2,0,base64ct-1.8.3,encode,standard,unpadded,24,32,174762,2887435,1385.307285,external,avx512-vbmi,avx512-vbmi,x86_64,linux,0
1,commit-5-correction-amd-9950x3d,run-2,1,base64ct-1.8.3,encode,standard,unpadded,24,32,174762,2874922,1391.336788,external,avx512-vbmi,avx512-vbmi,x86_64,linux,0
1,commit-5-correction-amd-9950x3d,run-2,2,base64ct-1.8.3,encode,standard,unpadded,24,32,174762,2857109,1400.011250,external,avx512-vbmi,avx512-vbmi,x86_64,linux,0
1,commit-5-correction-amd-9950x3d,run-2,3,base64ct-1.8.3,encode,standard,unpadded,24,32,174762,2867738,1394.822240,external,avx512-vbmi,avx512-vbmi,x86_64,linux,0
1,commit-5-correction-amd-9950x3d,run-2,4,base64ct-1.8.3,encode,standard,unpadded,24,32,174762,2898326,1380.101735,external,avx512-vbmi,avx512-vbmi,x86_64,linux,0
1,commit-5-correction-amd-9950x3d,run-2,0,base64ct-1.8.3,decode,standard,unpadded,24,32,174762,7162994,558.423578,external,avx512-vbmi,avx512-vbmi,x86_64,linux,0
1,commit-5-correction-amd-9950x3d,run-2,1,base64ct-1.8.3,decode,standard,unpadded,24,32,174762,7031516,568.865198,external,avx512-vbmi,avx512-vbmi,x86_64,linux,0
1,commit-5-correction-amd-9950x3d,run-2,2,base64ct-1.8.3,decode,standard,unpadded,24,32,174762,7024363,569.444481,external,avx512-vbmi,avx512-vbmi,x86_64,linux,0
1,commit-5-correction-amd-9950x3d,run-2,3,base64ct-1.8.3,decode,standard,unpadded,24,32,174762,7017130,570.031443,external,avx512-vbmi,avx512-vbmi,x86_64,linux,0
1,commit-5-correction-amd-9950x3d,run-2,4,base64ct-1.8.3,decode,standard,unpadded,24,32,174762,7007432,570.820343,external,avx512-vbmi,avx512-vbmi,x86_64,linux,0
1,commit-5-correction-amd-9950x3d,run-2,0,base64-ng,encode,standard,unpadded,31,42,135300,11791227,339.234940,auto,avx512-vbmi,avx512-vbmi,x86_64,linux,0
1,commit-5-correction-amd-9950x3d,run-2,1,base64-ng,encode,standard,unpadded,31,42,135300,11835831,337.956514,auto,avx512-vbmi,avx512-vbmi,x86_64,linux,0
1,commit-5-correction-amd-9950x3d,run-2,2,base64-ng,encode,standard,unpadded,31,42,135300,11705816,341.710154,auto,avx512-vbmi,avx512-vbmi,x86_64,linux,0
1,commit-5-correction-amd-9950x3d,run-2,3,base64-ng,encode,standard,unpadded,31,42,135300,11714983,341.442765,auto,avx512-vbmi,avx512-vbmi,x86_64,linux,0
1,commit-5-correction-amd-9950x3d,run-2,4,base64-ng,encode,standard,unpadded,31,42,135300,11730462,340.992212,auto,avx512-vbmi,avx512-vbmi,x86_64,linux,0
1,commit-5-correction-amd-9950x3d,run-2,0,base64-ng,decode,standard,unpadded,31,42,135300,37970009,105.346201,auto,avx512-vbmi,avx512-vbmi,x86_64,linux,0
1,commit-5-correction-amd-9950x3d,run-2,1,base64-ng,decode,standard,unpadded,31,42,135300,34168933,117.065294,auto,avx512-vbmi,avx512-vbmi,x86_64,linux,0
1,commit-5-correction-amd-9950x3d,run-2,2,base64-ng,decode,standard,unpadded,31,42,135300,34073022,117.394817,auto,avx512-vbmi,avx512-vbmi,x86_64,linux,0
1,commit-5-correction-amd-9950x3d,run-2,3,base64-ng,decode,standard,unpadded,31,42,135300,33998603,117.651781,auto,avx512-vbmi,avx512-vbmi,x86_64,linux,0
1,commit-5-correction-amd-9950x3d,run-2,4,base64-ng,decode,standard,unpadded,31,42,135300,33816600,118.284990,auto,avx512-vbmi,avx512-vbmi,x86_64,linux,0
1,commit-5-correction-amd-9950x3d,run-2,0,base64-ng,encode,standard,unpadded,31,42,135300,11482876,348.344455,scalar,avx512-vbmi,avx512-vbmi,x86_64,linux,0
1,commit-5-correction-amd-9950x3d,run-2,1,base64-ng,encode,standard,unpadded,31,42,135300,11516009,347.342225,scalar,avx512-vbmi,avx512-vbmi,x86_64,linux,0
1,commit-5-correction-amd-9950x3d,run-2,2,base64-ng,encode,standard,unpadded,31,42,135300,11574038,345.600748,scalar,avx512-vbmi,avx512-vbmi,x86_64,linux,0
1,commit-5-correction-amd-9950x3d,run-2,3,base64-ng,encode,standard,unpadded,31,42,135300,11580129,345.418966,scalar,avx512-vbmi,avx512-vbmi,x86_64,linux,0
1,commit-5-correction-amd-9950x3d,run-2,4,base64-ng,encode,standard,unpadded,31,42,135300,11571162,345.686646,scalar,avx512-vbmi,avx512-vbmi,x86_64,linux,0
1,commit-5-correction-amd-9950x3d,run-2,0,base64-ng,decode,standard,unpadded,31,42,135300,14320198,279.325480,scalar,avx512-vbmi,avx512-vbmi,x86_64,linux,0
1,commit-5-correction-amd-9950x3d,run-2,1,base64-ng,decode,standard,unpadded,31,42,135300,14321731,279.295581,scalar,avx512-vbmi,avx512-vbmi,x86_64,linux,0
1,commit-5-correction-amd-9950x3d,run-2,2,base64-ng,decode,standard,unpadded,31,42,135300,14330998,279.114978,scalar,avx512-vbmi,avx512-vbmi,x86_64,linux,0
1,commit-5-correction-amd-9950x3d,run-2,3,base64-ng,decode,standard,unpadded,31,42,135300,14337821,278.982154,scalar,avx512-vbmi,avx512-vbmi,x86_64,linux,0
1,commit-5-correction-amd-9950x3d,run-2,4,base64-ng,decode,standard,unpadded,31,42,135300,14438821,277.030665,scalar,avx512-vbmi,avx512-vbmi,x86_64,linux,0
1,commit-5-correction-amd-9950x3d,run-2,0,base64-ng,encode,standard,unpadded,31,42,135300,15172662,263.631799,ssse3-sse4.1,avx512-vbmi,avx512-vbmi,x86_64,linux,0
1,commit-5-correction-amd-9950x3d,run-2,1,base64-ng,encode,standard,unpadded,31,42,135300,15182241,263.465465,ssse3-sse4.1,avx512-vbmi,avx512-vbmi,x86_64,linux,0
1,commit-5-correction-amd-9950x3d,run-2,2,base64-ng,encode,standard,unpadded,31,42,135300,14855215,269.265452,ssse3-sse4.1,avx512-vbmi,avx512-vbmi,x86_64,linux,0
1,commit-5-correction-amd-9950x3d,run-2,3,base64-ng,encode,standard,unpadded,31,42,135300,14590517,274.150408,ssse3-sse4.1,avx512-vbmi,avx512-vbmi,x86_64,linux,0
1,commit-5-correction-amd-9950x3d,run-2,4,base64-ng,encode,standard,unpadded,31,42,135300,14477825,276.284330,ssse3-sse4.1,avx512-vbmi,avx512-vbmi,x86_64,linux,0
1,commit-5-correction-amd-9950x3d,run-2,0,base64-ng,decode,standard,unpadded,31,42,135300,45669373,87.585967,ssse3-sse4.1,avx512-vbmi,avx512-vbmi,x86_64,linux,0
1,commit-5-correction-amd-9950x3d,run-2,1,base64-ng,decode,standard,unpadded,31,42,135300,45770453,87.392541,ssse3-sse4.1,avx512-vbmi,avx512-vbmi,x86_64,linux,0
1,commit-5-correction-amd-9950x3d,run-2,2,base64-ng,decode,standard,unpadded,31,42,135300,45751518,87.428710,ssse3-sse4.1,avx512-vbmi,avx512-vbmi,x86_64,linux,0
1,commit-5-correction-amd-9950x3d,run-2,3,base64-ng,decode,standard,unpadded,31,42,135300,46707387,85.639477,ssse3-sse4.1,avx512-vbmi,avx512-vbmi,x86_64,linux,0
1,commit-5-correction-amd-9950x3d,run-2,4,base64-ng,decode,standard,unpadded,31,42,135300,47001911,85.102842,ssse3-sse4.1,avx512-vbmi,avx512-vbmi,x86_64,linux,0
1,commit-5-correction-amd-9950x3d,run-2,0,base64-ng,encode,standard,unpadded,31,42,135300,10057102,397.728509,avx2,avx512-vbmi,avx512-vbmi,x86_64,linux,0
1,commit-5-correction-amd-9950x3d,run-2,1,base64-ng,encode,standard,unpadded,31,42,135300,10019762,399.210698,avx2,avx512-vbmi,avx512-vbmi,x86_64,linux,0
1,commit-5-correction-amd-9950x3d,run-2,2,base64-ng,encode,standard,unpadded,31,42,135300,9942197,402.325179,avx2,avx512-vbmi,avx512-vbmi,x86_64,linux,0
1,commit-5-correction-amd-9950x3d,run-2,3,base64-ng,encode,standard,unpadded,31,42,135300,10174704,393.131455,avx2,avx512-vbmi,avx512-vbmi,x86_64,linux,0
1,commit-5-correction-amd-9950x3d,run-2,4,base64-ng,encode,standard,unpadded,31,42,135300,10178802,392.973179,avx2,avx512-vbmi,avx512-vbmi,x86_64,linux,0
1,commit-5-correction-amd-9950x3d,run-2,0,base64-ng,decode,standard,unpadded,31,42,135300,34337681,116.489992,avx2,avx512-vbmi,avx512-vbmi,x86_64,linux,0
1,commit-5-correction-amd-9950x3d,run-2,1,base64-ng,decode,standard,unpadded,31,42,135300,33863599,118.120823,avx2,avx512-vbmi,avx512-vbmi,x86_64,linux,0
1,commit-5-correction-amd-9950x3d,run-2,2,base64-ng,decode,standard,unpadded,31,42,135300,33894657,118.012588,avx2,avx512-vbmi,avx512-vbmi,x86_64,linux,0
1,commit-5-correction-amd-9950x3d,run-2,3,base64-ng,decode,standard,unpadded,31,42,135300,34102227,117.294281,avx2,avx512-vbmi,avx512-vbmi,x86_64,linux,0
1,commit-5-correction-amd-9950x3d,run-2,4,base64-ng,decode,standard,unpadded,31,42,135300,34775836,115.022287,avx2,avx512-vbmi,avx512-vbmi,x86_64,linux,0
1,commit-5-correction-amd-9950x3d,run-2,0,base64-ng,encode,standard,unpadded,31,42,135300,11931301,335.252307,avx512-vbmi,avx512-vbmi,avx512-vbmi,x86_64,linux,0
1,commit-5-correction-amd-9950x3d,run-2,1,base64-ng,encode,standard,unpadded,31,42,135300,11957701,334.512143,avx512-vbmi,avx512-vbmi,avx512-vbmi,x86_64,linux,0
1,commit-5-correction-amd-9950x3d,run-2,2,base64-ng,encode,standard,unpadded,31,42,135300,11940788,334.985948,avx512-vbmi,avx512-vbmi,avx512-vbmi,x86_64,linux,0
1,commit-5-correction-amd-9950x3d,run-2,3,base64-ng,encode,standard,unpadded,31,42,135300,11846822,337.642972,avx512-vbmi,avx512-vbmi,avx512-vbmi,x86_64,linux,0
1,commit-5-correction-amd-9950x3d,run-2,4,base64-ng,encode,standard,unpadded,31,42,135300,11801326,338.944639,avx512-vbmi,avx512-vbmi,avx512-vbmi,x86_64,linux,0
1,commit-5-correction-amd-9950x3d,run-2,0,base64-ng,decode,standard,unpadded,31,42,135300,35951850,111.259815,avx512-vbmi,avx512-vbmi,avx512-vbmi,x86_64,linux,0
1,commit-5-correction-amd-9950x3d,run-2,1,base64-ng,decode,standard,unpadded,31,42,135300,35497815,112.682884,avx512-vbmi,avx512-vbmi,avx512-vbmi,x86_64,linux,0
1,commit-5-correction-amd-9950x3d,run-2,2,base64-ng,decode,standard,unpadded,31,42,135300,33681646,118.758928,avx512-vbmi,avx512-vbmi,avx512-vbmi,x86_64,linux,0
1,commit-5-correction-amd-9950x3d,run-2,3,base64-ng,decode,standard,unpadded,31,42,135300,33567311,119.163438,avx512-vbmi,avx512-vbmi,avx512-vbmi,x86_64,linux,0
1,commit-5-correction-amd-9950x3d,run-2,4,base64-ng,decode,standard,unpadded,31,42,135300,33817652,118.281310,avx512-vbmi,avx512-vbmi,avx512-vbmi,x86_64,linux,0
1,commit-5-correction-amd-9950x3d,run-2,0,base64-0.23.0,encode,standard,unpadded,31,42,135300,1726971,2316.191867,external,avx512-vbmi,avx512-vbmi,x86_64,linux,0
1,commit-5-correction-amd-9950x3d,run-2,1,base64-0.23.0,encode,standard,unpadded,31,42,135300,1744434,2293.005173,external,avx512-vbmi,avx512-vbmi,x86_64,linux,0
1,commit-5-correction-amd-9950x3d,run-2,2,base64-0.23.0,encode,standard,unpadded,31,42,135300,1760824,2271.661555,external,avx512-vbmi,avx512-vbmi,x86_64,linux,0
1,commit-5-correction-amd-9950x3d,run-2,3,base64-0.23.0,encode,standard,unpadded,31,42,135300,1779810,2247.428762,external,avx512-vbmi,avx512-vbmi,x86_64,linux,0
1,commit-5-correction-amd-9950x3d,run-2,4,base64-0.23.0,encode,standard,unpadded,31,42,135300,1772417,2256.803103,external,avx512-vbmi,avx512-vbmi,x86_64,linux,0
1,commit-5-correction-amd-9950x3d,run-2,0,base64-0.23.0,decode,standard,unpadded,31,42,135300,2687359,1488.448765,external,avx512-vbmi,avx512-vbmi,x86_64,linux,0
1,commit-5-correction-amd-9950x3d,run-2,1,base64-0.23.0,decode,standard,unpadded,31,42,135300,2679024,1493.079638,external,avx512-vbmi,avx512-vbmi,x86_64,linux,0
1,commit-5-correction-amd-9950x3d,run-2,2,base64-0.23.0,decode,standard,unpadded,31,42,135300,2669405,1498.459839,external,avx512-vbmi,avx512-vbmi,x86_64,linux,0
1,commit-5-correction-amd-9950x3d,run-2,3,base64-0.23.0,decode,standard,unpadded,31,42,135300,2677641,1493.850813,external,avx512-vbmi,avx512-vbmi,x86_64,linux,0
1,commit-5-correction-amd-9950x3d,run-2,4,base64-0.23.0,decode,standard,unpadded,31,42,135300,2680456,1492.281979,external,avx512-vbmi,avx512-vbmi,x86_64,linux,0
1,commit-5-correction-amd-9950x3d,run-2,0,base64ct-1.8.3,encode,standard,unpadded,31,42,135300,2645370,1512.074373,external,avx512-vbmi,avx512-vbmi,x86_64,linux,0
1,commit-5-correction-amd-9950x3d,run-2,1,base64ct-1.8.3,encode,standard,unpadded,31,42,135300,2634530,1518.295933,external,avx512-vbmi,avx512-vbmi,x86_64,linux,0
1,commit-5-correction-amd-9950x3d,run-2,2,base64ct-1.8.3,encode,standard,unpadded,31,42,135300,2638076,1516.255099,external,avx512-vbmi,avx512-vbmi,x86_64,linux,0
1,commit-5-correction-amd-9950x3d,run-2,3,base64ct-1.8.3,encode,standard,unpadded,31,42,135300,2651060,1508.828991,external,avx512-vbmi,avx512-vbmi,x86_64,linux,0
1,commit-5-correction-amd-9950x3d,run-2,4,base64ct-1.8.3,encode,standard,unpadded,31,42,135300,2640791,1514.696235,external,avx512-vbmi,avx512-vbmi,x86_64,linux,0
1,commit-5-correction-amd-9950x3d,run-2,0,base64ct-1.8.3,decode,standard,unpadded,31,42,135300,7484008,534.472463,external,avx512-vbmi,avx512-vbmi,x86_64,linux,0
1,commit-5-correction-amd-9950x3d,run-2,1,base64ct-1.8.3,decode,standard,unpadded,31,42,135300,7520758,531.860776,external,avx512-vbmi,avx512-vbmi,x86_64,linux,0
1,commit-5-correction-amd-9950x3d,run-2,2,base64ct-1.8.3,decode,standard,unpadded,31,42,135300,7526659,531.443790,external,avx512-vbmi,avx512-vbmi,x86_64,linux,0
1,commit-5-correction-amd-9950x3d,run-2,3,base64ct-1.8.3,decode,standard,unpadded,31,42,135300,7406002,540.101959,external,avx512-vbmi,avx512-vbmi,x86_64,linux,0
1,commit-5-correction-amd-9950x3d,run-2,4,base64ct-1.8.3,decode,standard,unpadded,31,42,135300,7484519,534.435972,external,avx512-vbmi,avx512-vbmi,x86_64,linux,0
1,commit-5-correction-amd-9950x3d,run-2,0,base64-ng,encode,standard,unpadded,32,43,131072,11663676,342.945054,auto,avx512-vbmi,avx512-vbmi,x86_64,linux,0
1,commit-5-correction-amd-9950x3d,run-2,1,base64-ng,encode,standard,unpadded,32,43,131072,11653117,343.255800,auto,avx512-vbmi,avx512-vbmi,x86_64,linux,0
1,commit-5-correction-amd-9950x3d,run-2,2,base64-ng,encode,standard,unpadded,32,43,131072,11645603,343.477276,auto,avx512-vbmi,avx512-vbmi,x86_64,linux,0
1,commit-5-correction-amd-9950x3d,run-2,3,base64-ng,encode,standard,unpadded,32,43,131072,11718911,341.328644,auto,avx512-vbmi,avx512-vbmi,x86_64,linux,0
1,commit-5-correction-amd-9950x3d,run-2,4,base64-ng,encode,standard,unpadded,32,43,131072,12123492,329.937942,auto,avx512-vbmi,avx512-vbmi,x86_64,linux,0
1,commit-5-correction-amd-9950x3d,run-2,0,base64-ng,decode,standard,unpadded,32,43,131072,34644007,115.460085,auto,avx512-vbmi,avx512-vbmi,x86_64,linux,0
1,commit-5-correction-amd-9950x3d,run-2,1,base64-ng,decode,standard,unpadded,32,43,131072,34668795,115.377532,auto,avx512-vbmi,avx512-vbmi,x86_64,linux,0
1,commit-5-correction-amd-9950x3d,run-2,2,base64-ng,decode,standard,unpadded,32,43,131072,34047785,117.481945,auto,avx512-vbmi,avx512-vbmi,x86_64,linux,0
1,commit-5-correction-amd-9950x3d,run-2,3,base64-ng,decode,standard,unpadded,32,43,131072,33810148,118.307675,auto,avx512-vbmi,avx512-vbmi,x86_64,linux,0
1,commit-5-correction-amd-9950x3d,run-2,4,base64-ng,decode,standard,unpadded,32,43,131072,34080507,117.369146,auto,avx512-vbmi,avx512-vbmi,x86_64,linux,0
1,commit-5-correction-amd-9950x3d,run-2,0,base64-ng,encode,standard,unpadded,32,43,131072,11598023,344.886366,scalar,avx512-vbmi,avx512-vbmi,x86_64,linux,0
1,commit-5-correction-amd-9950x3d,run-2,1,base64-ng,encode,standard,unpadded,32,43,131072,11514576,347.385783,scalar,avx512-vbmi,avx512-vbmi,x86_64,linux,0
1,commit-5-correction-amd-9950x3d,run-2,2,base64-ng,encode,standard,unpadded,32,43,131072,11548981,346.350903,scalar,avx512-vbmi,avx512-vbmi,x86_64,linux,0
1,commit-5-correction-amd-9950x3d,run-2,3,base64-ng,encode,standard,unpadded,32,43,131072,11656142,343.166718,scalar,avx512-vbmi,avx512-vbmi,x86_64,linux,0
1,commit-5-correction-amd-9950x3d,run-2,4,base64-ng,encode,standard,unpadded,32,43,131072,11545915,346.442876,scalar,avx512-vbmi,avx512-vbmi,x86_64,linux,0
1,commit-5-correction-amd-9950x3d,run-2,0,base64-ng,decode,standard,unpadded,32,43,131072,14919847,268.099264,scalar,avx512-vbmi,avx512-vbmi,x86_64,linux,0
1,commit-5-correction-amd-9950x3d,run-2,1,base64-ng,decode,standard,unpadded,32,43,131072,14272618,280.256923,scalar,avx512-vbmi,avx512-vbmi,x86_64,linux,0
1,commit-5-correction-amd-9950x3d,run-2,2,base64-ng,decode,standard,unpadded,32,43,131072,14401421,277.750369,scalar,avx512-vbmi,avx512-vbmi,x86_64,linux,0
1,commit-5-correction-amd-9950x3d,run-2,3,base64-ng,decode,standard,unpadded,32,43,131072,14739076,271.387433,scalar,avx512-vbmi,avx512-vbmi,x86_64,linux,0
1,commit-5-correction-amd-9950x3d,run-2,4,base64-ng,decode,standard,unpadded,32,43,131072,14713227,271.864221,scalar,avx512-vbmi,avx512-vbmi,x86_64,linux,0
1,commit-5-correction-amd-9950x3d,run-2,0,base64-ng,encode,standard,unpadded,32,43,131072,14952798,267.508462,ssse3-sse4.1,avx512-vbmi,avx512-vbmi,x86_64,linux,0
1,commit-5-correction-amd-9950x3d,run-2,1,base64-ng,encode,standard,unpadded,32,43,131072,14308396,279.556143,ssse3-sse4.1,avx512-vbmi,avx512-vbmi,x86_64,linux,0
1,commit-5-correction-amd-9950x3d,run-2,2,base64-ng,encode,standard,unpadded,32,43,131072,14681037,272.460317,ssse3-sse4.1,avx512-vbmi,avx512-vbmi,x86_64,linux,0
1,commit-5-correction-amd-9950x3d,run-2,3,base64-ng,encode,standard,unpadded,32,43,131072,14651892,273.002285,ssse3-sse4.1,avx512-vbmi,avx512-vbmi,x86_64,linux,0
1,commit-5-correction-amd-9950x3d,run-2,4,base64-ng,encode,standard,unpadded,32,43,131072,14774513,270.736504,ssse3-sse4.1,avx512-vbmi,avx512-vbmi,x86_64,linux,0
1,commit-5-correction-amd-9950x3d,run-2,0,base64-ng,decode,standard,unpadded,32,43,131072,45175373,88.543818,ssse3-sse4.1,avx512-vbmi,avx512-vbmi,x86_64,linux,0
1,commit-5-correction-amd-9950x3d,run-2,1,base64-ng,decode,standard,unpadded,32,43,131072,44967020,88.954082,ssse3-sse4.1,avx512-vbmi,avx512-vbmi,x86_64,linux,0
1,commit-5-correction-amd-9950x3d,run-2,2,base64-ng,decode,standard,unpadded,32,43,131072,47125303,84.880091,ssse3-sse4.1,avx512-vbmi,avx512-vbmi,x86_64,linux,0
1,commit-5-correction-amd-9950x3d,run-2,3,base64-ng,decode,standard,unpadded,32,43,131072,47917675,83.476504,ssse3-sse4.1,avx512-vbmi,avx512-vbmi,x86_64,linux,0
1,commit-5-correction-amd-9950x3d,run-2,4,base64-ng,decode,standard,unpadded,32,43,131072,45340755,88.220851,ssse3-sse4.1,avx512-vbmi,avx512-vbmi,x86_64,linux,0
1,commit-5-correction-amd-9950x3d,run-2,0,base64-ng,encode,standard,unpadded,32,43,131072,9968175,401.277064,avx2,avx512-vbmi,avx512-vbmi,x86_64,linux,0
1,commit-5-correction-amd-9950x3d,run-2,1,base64-ng,encode,standard,unpadded,32,43,131072,10198218,392.225387,avx2,avx512-vbmi,avx512-vbmi,x86_64,linux,0
1,commit-5-correction-amd-9950x3d,run-2,2,base64-ng,encode,standard,unpadded,32,43,131072,10320468,387.579323,avx2,avx512-vbmi,avx512-vbmi,x86_64,linux,0
1,commit-5-correction-amd-9950x3d,run-2,3,base64-ng,encode,standard,unpadded,32,43,131072,10155277,393.883889,avx2,avx512-vbmi,avx512-vbmi,x86_64,linux,0
1,commit-5-correction-amd-9950x3d,run-2,4,base64-ng,encode,standard,unpadded,32,43,131072,10746941,372.198935,avx2,avx512-vbmi,avx512-vbmi,x86_64,linux,0
1,commit-5-correction-amd-9950x3d,run-2,0,base64-ng,decode,standard,unpadded,32,43,131072,36573049,109.370154,avx2,avx512-vbmi,avx512-vbmi,x86_64,linux,0
1,commit-5-correction-amd-9950x3d,run-2,1,base64-ng,decode,standard,unpadded,32,43,131072,34232292,116.848735,avx2,avx512-vbmi,avx512-vbmi,x86_64,linux,0
1,commit-5-correction-amd-9950x3d,run-2,2,base64-ng,decode,standard,unpadded,32,43,131072,34462246,116.069046,avx2,avx512-vbmi,avx512-vbmi,x86_64,linux,0
1,commit-5-correction-amd-9950x3d,run-2,3,base64-ng,decode,standard,unpadded,32,43,131072,33613297,119.000525,avx2,avx512-vbmi,avx512-vbmi,x86_64,linux,0
1,commit-5-correction-amd-9950x3d,run-2,4,base64-ng,decode,standard,unpadded,32,43,131072,33462814,119.535673,avx2,avx512-vbmi,avx512-vbmi,x86_64,linux,0
1,commit-5-correction-amd-9950x3d,run-2,0,base64-ng,encode,standard,unpadded,32,43,131072,11774786,339.708934,avx512-vbmi,avx512-vbmi,avx512-vbmi,x86_64,linux,0
1,commit-5-correction-amd-9950x3d,run-2,1,base64-ng,encode,standard,unpadded,32,43,131072,11780717,339.537908,avx512-vbmi,avx512-vbmi,avx512-vbmi,x86_64,linux,0
1,commit-5-correction-amd-9950x3d,run-2,2,base64-ng,encode,standard,unpadded,32,43,131072,11763775,340.026905,avx512-vbmi,avx512-vbmi,avx512-vbmi,x86_64,linux,0
1,commit-5-correction-amd-9950x3d,run-2,3,base64-ng,encode,standard,unpadded,32,43,131072,11779786,339.564743,avx512-vbmi,avx512-vbmi,avx512-vbmi,x86_64,linux,0
1,commit-5-correction-amd-9950x3d,run-2,4,base64-ng,encode,standard,unpadded,32,43,131072,11794293,339.147077,avx512-vbmi,avx512-vbmi,avx512-vbmi,x86_64,linux,0
1,commit-5-correction-amd-9950x3d,run-2,0,base64-ng,decode,standard,unpadded,32,43,131072,34386834,116.323591,avx512-vbmi,avx512-vbmi,avx512-vbmi,x86_64,linux,0
1,commit-5-correction-amd-9950x3d,run-2,1,base64-ng,decode,standard,unpadded,32,43,131072,35045233,114.138205,avx512-vbmi,avx512-vbmi,avx512-vbmi,x86_64,linux,0
1,commit-5-correction-amd-9950x3d,run-2,2,base64-ng,decode,standard,unpadded,32,43,131072,35185717,113.682492,avx512-vbmi,avx512-vbmi,avx512-vbmi,x86_64,linux,0
1,commit-5-correction-amd-9950x3d,run-2,3,base64-ng,decode,standard,unpadded,32,43,131072,34409306,116.247622,avx512-vbmi,avx512-vbmi,avx512-vbmi,x86_64,linux,0
1,commit-5-correction-amd-9950x3d,run-2,4,base64-ng,decode,standard,unpadded,32,43,131072,34458428,116.081906,avx512-vbmi,avx512-vbmi,avx512-vbmi,x86_64,linux,0
1,commit-5-correction-amd-9950x3d,run-2,0,base64-0.23.0,encode,standard,unpadded,32,43,131072,1728404,2314.273746,external,avx512-vbmi,avx512-vbmi,x86_64,linux,0
1,commit-5-correction-amd-9950x3d,run-2,1,base64-0.23.0,encode,standard,unpadded,32,43,131072,1757779,2275.598923,external,avx512-vbmi,avx512-vbmi,x86_64,linux,0
1,commit-5-correction-amd-9950x3d,run-2,2,base64-0.23.0,encode,standard,unpadded,32,43,131072,1771885,2257.482850,external,avx512-vbmi,avx512-vbmi,x86_64,linux,0
1,commit-5-correction-amd-9950x3d,run-2,3,base64-0.23.0,encode,standard,unpadded,32,43,131072,1776044,2252.196455,external,avx512-vbmi,avx512-vbmi,x86_64,linux,0
1,commit-5-correction-amd-9950x3d,run-2,4,base64-0.23.0,encode,standard,unpadded,32,43,131072,1769852,2260.075984,external,avx512-vbmi,avx512-vbmi,x86_64,linux,0
1,commit-5-correction-amd-9950x3d,run-2,0,base64-0.23.0,decode,standard,unpadded,32,43,131072,2620183,1526.610928,external,avx512-vbmi,avx512-vbmi,x86_64,linux,0
1,commit-5-correction-amd-9950x3d,run-2,1,base64-0.23.0,decode,standard,unpadded,32,43,131072,2623218,1524.844676,external,avx512-vbmi,avx512-vbmi,x86_64,linux,0
1,commit-5-correction-amd-9950x3d,run-2,2,base64-0.23.0,decode,standard,unpadded,32,43,131072,2628849,1521.578455,external,avx512-vbmi,avx512-vbmi,x86_64,linux,0
1,commit-5-correction-amd-9950x3d,run-2,3,base64-0.23.0,decode,standard,unpadded,32,43,131072,2628809,1521.601607,external,avx512-vbmi,avx512-vbmi,x86_64,linux,0
1,commit-5-correction-amd-9950x3d,run-2,4,base64-0.23.0,decode,standard,unpadded,32,43,131072,2622066,1525.514613,external,avx512-vbmi,avx512-vbmi,x86_64,linux,0
1,commit-5-correction-amd-9950x3d,run-2,0,base64ct-1.8.3,encode,standard,unpadded,32,43,131072,2579856,1550.474135,external,avx512-vbmi,avx512-vbmi,x86_64,linux,0
1,commit-5-correction-amd-9950x3d,run-2,1,base64ct-1.8.3,encode,standard,unpadded,32,43,131072,2577111,1552.125617,external,avx512-vbmi,avx512-vbmi,x86_64,linux,0
1,commit-5-correction-amd-9950x3d,run-2,2,base64ct-1.8.3,encode,standard,unpadded,32,43,131072,2576240,1552.650374,external,avx512-vbmi,avx512-vbmi,x86_64,linux,0
1,commit-5-correction-amd-9950x3d,run-2,3,base64ct-1.8.3,encode,standard,unpadded,32,43,131072,2579295,1550.811365,external,avx512-vbmi,avx512-vbmi,x86_64,linux,0
1,commit-5-correction-amd-9950x3d,run-2,4,base64ct-1.8.3,encode,standard,unpadded,32,43,131072,2583314,1548.398685,external,avx512-vbmi,avx512-vbmi,x86_64,linux,0
1,commit-5-correction-amd-9950x3d,run-2,0,base64ct-1.8.3,decode,standard,unpadded,32,43,131072,7754768,515.811692,external,avx512-vbmi,avx512-vbmi,x86_64,linux,0
1,commit-5-correction-amd-9950x3d,run-2,1,base64ct-1.8.3,decode,standard,unpadded,32,43,131072,7602441,526.146799,external,avx512-vbmi,avx512-vbmi,x86_64,linux,0
1,commit-5-correction-amd-9950x3d,run-2,2,base64ct-1.8.3,decode,standard,unpadded,32,43,131072,7580651,527.659168,external,avx512-vbmi,avx512-vbmi,x86_64,linux,0
1,commit-5-correction-amd-9950x3d,run-2,3,base64ct-1.8.3,decode,standard,unpadded,32,43,131072,7550704,529.751928,external,avx512-vbmi,avx512-vbmi,x86_64,linux,0
1,commit-5-correction-amd-9950x3d,run-2,4,base64ct-1.8.3,decode,standard,unpadded,32,43,131072,7514436,532.308745,external,avx512-vbmi,avx512-vbmi,x86_64,linux,0
1,commit-5-correction-amd-9950x3d,run-2,0,base64-ng,encode,standard,unpadded,47,63,89240,11452640,349.262451,auto,avx512-vbmi,avx512-vbmi,x86_64,linux,0
1,commit-5-correction-amd-9950x3d,run-2,1,base64-ng,encode,standard,unpadded,47,63,89240,11401253,350.836624,auto,avx512-vbmi,avx512-vbmi,x86_64,linux,0
1,commit-5-correction-amd-9950x3d,run-2,2,base64-ng,encode,standard,unpadded,47,63,89240,11395262,351.021075,auto,avx512-vbmi,avx512-vbmi,x86_64,linux,0
1,commit-5-correction-amd-9950x3d,run-2,3,base64-ng,encode,standard,unpadded,47,63,89240,11426500,350.061446,auto,avx512-vbmi,avx512-vbmi,x86_64,linux,0
1,commit-5-correction-amd-9950x3d,run-2,4,base64-ng,encode,standard,unpadded,47,63,89240,11423134,350.164597,auto,avx512-vbmi,avx512-vbmi,x86_64,linux,0
1,commit-5-correction-amd-9950x3d,run-2,0,base64-ng,decode,standard,unpadded,47,63,89240,39474090,101.331712,auto,avx512-vbmi,avx512-vbmi,x86_64,linux,0
1,commit-5-correction-amd-9950x3d,run-2,1,base64-ng,decode,standard,unpadded,47,63,89240,39862692,100.343878,auto,avx512-vbmi,avx512-vbmi,x86_64,linux,0
1,commit-5-correction-amd-9950x3d,run-2,2,base64-ng,decode,standard,unpadded,47,63,89240,40003016,99.991888,auto,avx512-vbmi,avx512-vbmi,x86_64,linux,0
1,commit-5-correction-amd-9950x3d,run-2,3,base64-ng,decode,standard,unpadded,47,63,89240,39330790,101.700909,auto,avx512-vbmi,avx512-vbmi,x86_64,linux,0
1,commit-5-correction-amd-9950x3d,run-2,4,base64-ng,decode,standard,unpadded,47,63,89240,39254447,101.898700,auto,avx512-vbmi,avx512-vbmi,x86_64,linux,0
1,commit-5-correction-amd-9950x3d,run-2,0,base64-ng,encode,standard,unpadded,47,63,89240,11304050,353.853452,scalar,avx512-vbmi,avx512-vbmi,x86_64,linux,0
1,commit-5-correction-amd-9950x3d,run-2,1,base64-ng,encode,standard,unpadded,47,63,89240,11310462,353.652849,scalar,avx512-vbmi,avx512-vbmi,x86_64,linux,0
1,commit-5-correction-amd-9950x3d,run-2,2,base64-ng,encode,standard,unpadded,47,63,89240,11297177,354.068730,scalar,avx512-vbmi,avx512-vbmi,x86_64,linux,0
1,commit-5-correction-amd-9950x3d,run-2,3,base64-ng,encode,standard,unpadded,47,63,89240,11306655,353.771926,scalar,avx512-vbmi,avx512-vbmi,x86_64,linux,0
1,commit-5-correction-amd-9950x3d,run-2,4,base64-ng,encode,standard,unpadded,47,63,89240,11316033,353.478742,scalar,avx512-vbmi,avx512-vbmi,x86_64,linux,0
1,commit-5-correction-amd-9950x3d,run-2,0,base64-ng,decode,standard,unpadded,47,63,89240,14077220,284.145386,scalar,avx512-vbmi,avx512-vbmi,x86_64,linux,0
1,commit-5-correction-amd-9950x3d,run-2,1,base64-ng,decode,standard,unpadded,47,63,89240,14227684,281.140424,scalar,avx512-vbmi,avx512-vbmi,x86_64,linux,0
1,commit-5-correction-amd-9950x3d,run-2,2,base64-ng,decode,standard,unpadded,47,63,89240,14515125,275.573039,scalar,avx512-vbmi,avx512-vbmi,x86_64,linux,0
1,commit-5-correction-amd-9950x3d,run-2,3,base64-ng,decode,standard,unpadded,47,63,89240,14444572,276.919047,scalar,avx512-vbmi,avx512-vbmi,x86_64,linux,0
1,commit-5-correction-amd-9950x3d,run-2,4,base64-ng,decode,standard,unpadded,47,63,89240,14071640,284.258062,scalar,avx512-vbmi,avx512-vbmi,x86_64,linux,0
1,commit-5-correction-amd-9950x3d,run-2,0,base64-ng,encode,standard,unpadded,47,63,89240,14110162,283.482012,ssse3-sse4.1,avx512-vbmi,avx512-vbmi,x86_64,linux,0
1,commit-5-correction-amd-9950x3d,run-2,1,base64-ng,encode,standard,unpadded,47,63,89240,14055480,284.584882,ssse3-sse4.1,avx512-vbmi,avx512-vbmi,x86_64,linux,0
1,commit-5-correction-amd-9950x3d,run-2,2,base64-ng,encode,standard,unpadded,47,63,89240,14049087,284.714381,ssse3-sse4.1,avx512-vbmi,avx512-vbmi,x86_64,linux,0
1,commit-5-correction-amd-9950x3d,run-2,3,base64-ng,encode,standard,unpadded,47,63,89240,14043307,284.831565,ssse3-sse4.1,avx512-vbmi,avx512-vbmi,x86_64,linux,0
1,commit-5-correction-amd-9950x3d,run-2,4,base64-ng,encode,standard,unpadded,47,63,89240,14033508,285.030451,ssse3-sse4.1,avx512-vbmi,avx512-vbmi,x86_64,linux,0
1,commit-5-correction-amd-9950x3d,run-2,0,base64-ng,decode,standard,unpadded,47,63,89240,48264188,82.876710,ssse3-sse4.1,avx512-vbmi,avx512-vbmi,x86_64,linux,0
1,commit-5-correction-amd-9950x3d,run-2,1,base64-ng,decode,standard,unpadded,47,63,89240,44658360,89.568383,ssse3-sse4.1,avx512-vbmi,avx512-vbmi,x86_64,linux,0
1,commit-5-correction-amd-9950x3d,run-2,2,base64-ng,decode,standard,unpadded,47,63,89240,44707372,89.470191,ssse3-sse4.1,avx512-vbmi,avx512-vbmi,x86_64,linux,0
1,commit-5-correction-amd-9950x3d,run-2,3,base64-ng,decode,standard,unpadded,47,63,89240,45190611,88.513455,ssse3-sse4.1,avx512-vbmi,avx512-vbmi,x86_64,linux,0
1,commit-5-correction-amd-9950x3d,run-2,4,base64-ng,decode,standard,unpadded,47,63,89240,44816908,89.251519,ssse3-sse4.1,avx512-vbmi,avx512-vbmi,x86_64,linux,0
1,commit-5-correction-amd-9950x3d,run-2,0,base64-ng,encode,standard,unpadded,47,63,89240,10229888,391.008886,avx2,avx512-vbmi,avx512-vbmi,x86_64,linux,0
1,commit-5-correction-amd-9950x3d,run-2,1,base64-ng,encode,standard,unpadded,47,63,89240,10239836,390.629021,avx2,avx512-vbmi,avx512-vbmi,x86_64,linux,0
1,commit-5-correction-amd-9950x3d,run-2,2,base64-ng,encode,standard,unpadded,47,63,89240,10422009,383.800965,avx2,avx512-vbmi,avx512-vbmi,x86_64,linux,0
1,commit-5-correction-amd-9950x3d,run-2,3,base64-ng,encode,standard,unpadded,47,63,89240,10285142,388.908302,avx2,avx512-vbmi,avx512-vbmi,x86_64,linux,0
1,commit-5-correction-amd-9950x3d,run-2,4,base64-ng,encode,standard,unpadded,47,63,89240,10254154,390.083581,avx2,avx512-vbmi,avx512-vbmi,x86_64,linux,0
1,commit-5-correction-amd-9950x3d,run-2,0,base64-ng,decode,standard,unpadded,47,63,89240,38984618,102.603984,avx2,avx512-vbmi,avx512-vbmi,x86_64,linux,0
1,commit-5-correction-amd-9950x3d,run-2,1,base64-ng,decode,standard,unpadded,47,63,89240,39426390,101.454308,avx2,avx512-vbmi,avx512-vbmi,x86_64,linux,0
1,commit-5-correction-amd-9950x3d,run-2,2,base64-ng,decode,standard,unpadded,47,63,89240,39967268,100.081324,avx2,avx512-vbmi,avx512-vbmi,x86_64,linux,0
1,commit-5-correction-amd-9950x3d,run-2,3,base64-ng,decode,standard,unpadded,47,63,89240,38945255,102.707688,avx2,avx512-vbmi,avx512-vbmi,x86_64,linux,0
1,commit-5-correction-amd-9950x3d,run-2,4,base64-ng,decode,standard,unpadded,47,63,89240,39373671,101.590149,avx2,avx512-vbmi,avx512-vbmi,x86_64,linux,0
1,commit-5-correction-amd-9950x3d,run-2,0,base64-ng,encode,standard,unpadded,47,63,89240,11565161,345.864369,avx512-vbmi,avx512-vbmi,avx512-vbmi,x86_64,linux,0
1,commit-5-correction-amd-9950x3d,run-2,1,base64-ng,encode,standard,unpadded,47,63,89240,11523573,347.112576,avx512-vbmi,avx512-vbmi,avx512-vbmi,x86_64,linux,0
1,commit-5-correction-amd-9950x3d,run-2,2,base64-ng,encode,standard,unpadded,47,63,89240,11463310,348.937359,avx512-vbmi,avx512-vbmi,avx512-vbmi,x86_64,linux,0
1,commit-5-correction-amd-9950x3d,run-2,3,base64-ng,encode,standard,unpadded,47,63,89240,11486504,348.232771,avx512-vbmi,avx512-vbmi,avx512-vbmi,x86_64,linux,0
1,commit-5-correction-amd-9950x3d,run-2,4,base64-ng,encode,standard,unpadded,47,63,89240,11500740,347.801716,avx512-vbmi,avx512-vbmi,avx512-vbmi,x86_64,linux,0
1,commit-5-correction-amd-9950x3d,run-2,0,base64-ng,decode,standard,unpadded,47,63,89240,39506111,101.249579,avx512-vbmi,avx512-vbmi,avx512-vbmi,x86_64,linux,0
1,commit-5-correction-amd-9950x3d,run-2,1,base64-ng,decode,standard,unpadded,47,63,89240,39870095,100.325247,avx512-vbmi,avx512-vbmi,avx512-vbmi,x86_64,linux,0
1,commit-5-correction-amd-9950x3d,run-2,2,base64-ng,decode,standard,unpadded,47,63,89240,38944143,102.710621,avx512-vbmi,avx512-vbmi,avx512-vbmi,x86_64,linux,0
1,commit-5-correction-amd-9950x3d,run-2,3,base64-ng,decode,standard,unpadded,47,63,89240,39106858,102.283265,avx512-vbmi,avx512-vbmi,avx512-vbmi,x86_64,linux,0
1,commit-5-correction-amd-9950x3d,run-2,4,base64-ng,decode,standard,unpadded,47,63,89240,39026077,102.494983,avx512-vbmi,avx512-vbmi,avx512-vbmi,x86_64,linux,0
1,commit-5-correction-amd-9950x3d,run-2,0,base64-0.23.0,encode,standard,unpadded,47,63,89240,1542414,2593.322618,external,avx512-vbmi,avx512-vbmi,x86_64,linux,0
1,commit-5-correction-amd-9950x3d,run-2,1,base64-0.23.0,encode,standard,unpadded,47,63,89240,1574774,2540.032482,external,avx512-vbmi,avx512-vbmi,x86_64,linux,0
1,commit-5-correction-amd-9950x3d,run-2,2,base64-0.23.0,encode,standard,unpadded,47,63,89240,1577740,2535.257464,external,avx512-vbmi,avx512-vbmi,x86_64,linux,0
1,commit-5-correction-amd-9950x3d,run-2,3,base64-0.23.0,encode,standard,unpadded,47,63,89240,1576046,2537.982465,external,avx512-vbmi,avx512-vbmi,x86_64,linux,0
1,commit-5-correction-amd-9950x3d,run-2,4,base64-0.23.0,encode,standard,unpadded,47,63,89240,1583230,2526.466219,external,avx512-vbmi,avx512-vbmi,x86_64,linux,0
1,commit-5-correction-amd-9950x3d,run-2,0,base64-0.23.0,decode,standard,unpadded,47,63,89240,2203217,1815.516634,external,avx512-vbmi,avx512-vbmi,x86_64,linux,0
1,commit-5-correction-amd-9950x3d,run-2,1,base64-0.23.0,decode,standard,unpadded,47,63,89240,2205371,1813.743407,external,avx512-vbmi,avx512-vbmi,x86_64,linux,0
1,commit-5-correction-amd-9950x3d,run-2,2,base64-0.23.0,decode,standard,unpadded,47,63,89240,2204611,1814.368663,external,avx512-vbmi,avx512-vbmi,x86_64,linux,0
1,commit-5-correction-amd-9950x3d,run-2,3,base64-0.23.0,decode,standard,unpadded,47,63,89240,2207546,1811.956404,external,avx512-vbmi,avx512-vbmi,x86_64,linux,0
1,commit-5-correction-amd-9950x3d,run-2,4,base64-0.23.0,decode,standard,unpadded,47,63,89240,2202656,1815.979033,external,avx512-vbmi,avx512-vbmi,x86_64,linux,0
1,commit-5-correction-amd-9950x3d,run-2,0,base64ct-1.8.3,encode,standard,unpadded,47,63,89240,2458899,1626.735019,external,avx512-vbmi,avx512-vbmi,x86_64,linux,0
1,commit-5-correction-amd-9950x3d,run-2,1,base64ct-1.8.3,encode,standard,unpadded,47,63,89240,2430555,1645.705245,external,avx512-vbmi,avx512-vbmi,x86_64,linux,0
1,commit-5-correction-amd-9950x3d,run-2,2,base64ct-1.8.3,encode,standard,unpadded,47,63,89240,2443320,1637.107342,external,avx512-vbmi,avx512-vbmi,x86_64,linux,0
1,commit-5-correction-amd-9950x3d,run-2,3,base64ct-1.8.3,encode,standard,unpadded,47,63,89240,2443360,1637.080541,external,avx512-vbmi,avx512-vbmi,x86_64,linux,0
1,commit-5-correction-amd-9950x3d,run-2,4,base64ct-1.8.3,encode,standard,unpadded,47,63,89240,2456925,1628.042009,external,avx512-vbmi,avx512-vbmi,x86_64,linux,0
1,commit-5-correction-amd-9950x3d,run-2,0,base64ct-1.8.3,decode,standard,unpadded,47,63,89240,6637876,602.598951,external,avx512-vbmi,avx512-vbmi,x86_64,linux,0
1,commit-5-correction-amd-9950x3d,run-2,1,base64ct-1.8.3,decode,standard,unpadded,47,63,89240,6612167,604.941937,external,avx512-vbmi,avx512-vbmi,x86_64,linux,0
1,commit-5-correction-amd-9950x3d,run-2,2,base64ct-1.8.3,decode,standard,unpadded,47,63,89240,6606917,605.422637,external,avx512-vbmi,avx512-vbmi,x86_64,linux,0
1,commit-5-correction-amd-9950x3d,run-2,3,base64ct-1.8.3,decode,standard,unpadded,47,63,89240,6738947,593.561147,external,avx512-vbmi,avx512-vbmi,x86_64,linux,0
1,commit-5-correction-amd-9950x3d,run-2,4,base64ct-1.8.3,decode,standard,unpadded,47,63,89240,6773241,590.555852,external,avx512-vbmi,avx512-vbmi,x86_64,linux,0
1,commit-5-correction-amd-9950x3d,run-2,0,base64-ng,encode,standard,unpadded,48,64,87381,6498614,615.513514,auto,avx512-vbmi,avx512-vbmi,x86_64,linux,0
1,commit-5-correction-amd-9950x3d,run-2,1,base64-ng,encode,standard,unpadded,48,64,87381,6537637,611.839529,auto,avx512-vbmi,avx512-vbmi,x86_64,linux,0
1,commit-5-correction-amd-9950x3d,run-2,2,base64-ng,encode,standard,unpadded,48,64,87381,6373118,627.633874,auto,avx512-vbmi,avx512-vbmi,x86_64,linux,0
1,commit-5-correction-amd-9950x3d,run-2,3,base64-ng,encode,standard,unpadded,48,64,87381,6229607,642.092630,auto,avx512-vbmi,avx512-vbmi,x86_64,linux,0
1,commit-5-correction-amd-9950x3d,run-2,4,base64-ng,encode,standard,unpadded,48,64,87381,6315439,633.366064,auto,avx512-vbmi,avx512-vbmi,x86_64,linux,0
1,commit-5-correction-amd-9950x3d,run-2,0,base64-ng,decode,standard,unpadded,48,64,87381,28867063,138.565698,auto,avx512-vbmi,avx512-vbmi,x86_64,linux,0
1,commit-5-correction-amd-9950x3d,run-2,1,base64-ng,decode,standard,unpadded,48,64,87381,28833810,138.725501,auto,avx512-vbmi,avx512-vbmi,x86_64,linux,0
1,commit-5-correction-amd-9950x3d,run-2,2,base64-ng,decode,standard,unpadded,48,64,87381,28739623,139.180140,auto,avx512-vbmi,avx512-vbmi,x86_64,linux,0
1,commit-5-correction-amd-9950x3d,run-2,3,base64-ng,decode,standard,unpadded,48,64,87381,28611912,139.801379,auto,avx512-vbmi,avx512-vbmi,x86_64,linux,0
1,commit-5-correction-amd-9950x3d,run-2,4,base64-ng,decode,standard,unpadded,48,64,87381,28682264,139.458473,auto,avx512-vbmi,avx512-vbmi,x86_64,linux,0
1,commit-5-correction-amd-9950x3d,run-2,0,base64-ng,encode,standard,unpadded,48,64,87381,11278171,354.666084,scalar,avx512-vbmi,avx512-vbmi,x86_64,linux,0
1,commit-5-correction-amd-9950x3d,run-2,1,base64-ng,encode,standard,unpadded,48,64,87381,11683454,342.363204,scalar,avx512-vbmi,avx512-vbmi,x86_64,linux,0
1,commit-5-correction-amd-9950x3d,run-2,2,base64-ng,encode,standard,unpadded,48,64,87381,11748616,340.464336,scalar,avx512-vbmi,avx512-vbmi,x86_64,linux,0
1,commit-5-correction-amd-9950x3d,run-2,3,base64-ng,encode,standard,unpadded,48,64,87381,11405150,350.717416,scalar,avx512-vbmi,avx512-vbmi,x86_64,linux,0
1,commit-5-correction-amd-9950x3d,run-2,4,base64-ng,encode,standard,unpadded,48,64,87381,11371497,351.755335,scalar,avx512-vbmi,avx512-vbmi,x86_64,linux,0
1,commit-5-correction-amd-9950x3d,run-2,0,base64-ng,decode,standard,unpadded,48,64,87381,14027477,285.153541,scalar,avx512-vbmi,avx512-vbmi,x86_64,linux,0
1,commit-5-correction-amd-9950x3d,run-2,1,base64-ng,decode,standard,unpadded,48,64,87381,14056812,284.558458,scalar,avx512-vbmi,avx512-vbmi,x86_64,linux,0
1,commit-5-correction-amd-9950x3d,run-2,2,base64-ng,decode,standard,unpadded,48,64,87381,14043517,284.827849,scalar,avx512-vbmi,avx512-vbmi,x86_64,linux,0
1,commit-5-correction-amd-9950x3d,run-2,3,base64-ng,decode,standard,unpadded,48,64,87381,14042605,284.846347,scalar,avx512-vbmi,avx512-vbmi,x86_64,linux,0
1,commit-5-correction-amd-9950x3d,run-2,4,base64-ng,decode,standard,unpadded,48,64,87381,14130181,283.080927,scalar,avx512-vbmi,avx512-vbmi,x86_64,linux,0
1,commit-5-correction-amd-9950x3d,run-2,0,base64-ng,encode,standard,unpadded,48,64,87381,14727916,271.592039,ssse3-sse4.1,avx512-vbmi,avx512-vbmi,x86_64,linux,0
1,commit-5-correction-amd-9950x3d,run-2,1,base64-ng,encode,standard,unpadded,48,64,87381,14635541,273.306244,ssse3-sse4.1,avx512-vbmi,avx512-vbmi,x86_64,linux,0
1,commit-5-correction-amd-9950x3d,run-2,2,base64-ng,encode,standard,unpadded,48,64,87381,14469419,276.444047,ssse3-sse4.1,avx512-vbmi,avx512-vbmi,x86_64,linux,0
1,commit-5-correction-amd-9950x3d,run-2,3,base64-ng,encode,standard,unpadded,48,64,87381,14517850,275.521840,ssse3-sse4.1,avx512-vbmi,avx512-vbmi,x86_64,linux,0
1,commit-5-correction-amd-9950x3d,run-2,4,base64-ng,encode,standard,unpadded,48,64,87381,14433171,277.138318,ssse3-sse4.1,avx512-vbmi,avx512-vbmi,x86_64,linux,0
1,commit-5-correction-amd-9950x3d,run-2,0,base64-ng,decode,standard,unpadded,48,64,87381,53030831,75.427533,ssse3-sse4.1,avx512-vbmi,avx512-vbmi,x86_64,linux,0
1,commit-5-correction-amd-9950x3d,run-2,1,base64-ng,decode,standard,unpadded,48,64,87381,55365927,72.246325,ssse3-sse4.1,avx512-vbmi,avx512-vbmi,x86_64,linux,0
1,commit-5-correction-amd-9950x3d,run-2,2,base64-ng,decode,standard,unpadded,48,64,87381,53657360,74.546805,ssse3-sse4.1,avx512-vbmi,avx512-vbmi,x86_64,linux,0
1,commit-5-correction-amd-9950x3d,run-2,3,base64-ng,decode,standard,unpadded,48,64,87381,53272887,75.084813,ssse3-sse4.1,avx512-vbmi,avx512-vbmi,x86_64,linux,0
1,commit-5-correction-amd-9950x3d,run-2,4,base64-ng,decode,standard,unpadded,48,64,87381,53381020,74.932715,ssse3-sse4.1,avx512-vbmi,avx512-vbmi,x86_64,linux,0
1,commit-5-correction-amd-9950x3d,run-2,0,base64-ng,encode,standard,unpadded,48,64,87381,8176242,489.220444,avx2,avx512-vbmi,avx512-vbmi,x86_64,linux,0
1,commit-5-correction-amd-9950x3d,run-2,1,base64-ng,encode,standard,unpadded,48,64,87381,8332937,480.020999,avx2,avx512-vbmi,avx512-vbmi,x86_64,linux,0
1,commit-5-correction-amd-9950x3d,run-2,2,base64-ng,encode,standard,unpadded,48,64,87381,8263757,484.039492,avx2,avx512-vbmi,avx512-vbmi,x86_64,linux,0
1,commit-5-correction-amd-9950x3d,run-2,3,base64-ng,encode,standard,unpadded,48,64,87381,8327156,480.354246,avx2,avx512-vbmi,avx512-vbmi,x86_64,linux,0
1,commit-5-correction-amd-9950x3d,run-2,4,base64-ng,encode,standard,unpadded,48,64,87381,8291679,482.409502,avx2,avx512-vbmi,avx512-vbmi,x86_64,linux,0
1,commit-5-correction-amd-9950x3d,run-2,0,base64-ng,decode,standard,unpadded,48,64,87381,38283519,104.483204,avx2,avx512-vbmi,avx512-vbmi,x86_64,linux,0
1,commit-5-correction-amd-9950x3d,run-2,1,base64-ng,decode,standard,unpadded,48,64,87381,38020213,105.206795,avx2,avx512-vbmi,avx512-vbmi,x86_64,linux,0
1,commit-5-correction-amd-9950x3d,run-2,2,base64-ng,decode,standard,unpadded,48,64,87381,37647983,106.246986,avx2,avx512-vbmi,avx512-vbmi,x86_64,linux,0
1,commit-5-correction-amd-9950x3d,run-2,3,base64-ng,decode,standard,unpadded,48,64,87381,37664153,106.201372,avx2,avx512-vbmi,avx512-vbmi,x86_64,linux,0
1,commit-5-correction-amd-9950x3d,run-2,4,base64-ng,decode,standard,unpadded,48,64,87381,37662350,106.206457,avx2,avx512-vbmi,avx512-vbmi,x86_64,linux,0
1,commit-5-correction-amd-9950x3d,run-2,0,base64-ng,encode,standard,unpadded,48,64,87381,5358558,746.466632,avx512-vbmi,avx512-vbmi,avx512-vbmi,x86_64,linux,0
1,commit-5-correction-amd-9950x3d,run-2,1,base64-ng,encode,standard,unpadded,48,64,87381,5281483,757.360147,avx512-vbmi,avx512-vbmi,avx512-vbmi,x86_64,linux,0
1,commit-5-correction-amd-9950x3d,run-2,2,base64-ng,encode,standard,unpadded,48,64,87381,5318762,752.051839,avx512-vbmi,avx512-vbmi,avx512-vbmi,x86_64,linux,0
1,commit-5-correction-amd-9950x3d,run-2,3,base64-ng,encode,standard,unpadded,48,64,87381,5390457,742.049281,avx512-vbmi,avx512-vbmi,avx512-vbmi,x86_64,linux,0
1,commit-5-correction-amd-9950x3d,run-2,4,base64-ng,encode,standard,unpadded,48,64,87381,5396208,741.258443,avx512-vbmi,avx512-vbmi,avx512-vbmi,x86_64,linux,0
1,commit-5-correction-amd-9950x3d,run-2,0,base64-ng,decode,standard,unpadded,48,64,87381,28586945,139.923477,avx512-vbmi,avx512-vbmi,avx512-vbmi,x86_64,linux,0
1,commit-5-correction-amd-9950x3d,run-2,1,base64-ng,decode,standard,unpadded,48,64,87381,28575624,139.978911,avx512-vbmi,avx512-vbmi,avx512-vbmi,x86_64,linux,0
1,commit-5-correction-amd-9950x3d,run-2,2,base64-ng,decode,standard,unpadded,48,64,87381,28767545,139.045050,avx512-vbmi,avx512-vbmi,avx512-vbmi,x86_64,linux,0
1,commit-5-correction-amd-9950x3d,run-2,3,base64-ng,decode,standard,unpadded,48,64,87381,28662037,139.556890,avx512-vbmi,avx512-vbmi,avx512-vbmi,x86_64,linux,0
1,commit-5-correction-amd-9950x3d,run-2,4,base64-ng,decode,standard,unpadded,48,64,87381,28995554,137.951658,avx512-vbmi,avx512-vbmi,avx512-vbmi,x86_64,linux,0
1,commit-5-correction-amd-9950x3d,run-2,0,base64-0.23.0,encode,standard,unpadded,48,64,87381,1577659,2535.392465,external,avx512-vbmi,avx512-vbmi,x86_64,linux,0
1,commit-5-correction-amd-9950x3d,run-2,1,base64-0.23.0,encode,standard,unpadded,48,64,87381,1578491,2534.056096,external,avx512-vbmi,avx512-vbmi,x86_64,linux,0
1,commit-5-correction-amd-9950x3d,run-2,2,base64-0.23.0,encode,standard,unpadded,48,64,87381,1557782,2567.743587,external,avx512-vbmi,avx512-vbmi,x86_64,linux,0
1,commit-5-correction-amd-9950x3d,run-2,3,base64-0.23.0,encode,standard,unpadded,48,64,87381,1569886,2547.945992,external,avx512-vbmi,avx512-vbmi,x86_64,linux,0
1,commit-5-correction-amd-9950x3d,run-2,4,base64-0.23.0,encode,standard,unpadded,48,64,87381,1581497,2529.239538,external,avx512-vbmi,avx512-vbmi,x86_64,linux,0
1,commit-5-correction-amd-9950x3d,run-2,0,base64-0.23.0,decode,standard,unpadded,48,64,87381,2234637,1789.993069,external,avx512-vbmi,avx512-vbmi,x86_64,linux,0
1,commit-5-correction-amd-9950x3d,run-2,1,base64-0.23.0,decode,standard,unpadded,48,64,87381,2228806,1794.676047,external,avx512-vbmi,avx512-vbmi,x86_64,linux,0
1,commit-5-correction-amd-9950x3d,run-2,2,base64-0.23.0,decode,standard,unpadded,48,64,87381,2230829,1793.048567,external,avx512-vbmi,avx512-vbmi,x86_64,linux,0
1,commit-5-correction-amd-9950x3d,run-2,3,base64-0.23.0,decode,standard,unpadded,48,64,87381,2233364,1791.013351,external,avx512-vbmi,avx512-vbmi,x86_64,linux,0
1,commit-5-correction-amd-9950x3d,run-2,4,base64-0.23.0,decode,standard,unpadded,48,64,87381,2225129,1797.641728,external,avx512-vbmi,avx512-vbmi,x86_64,linux,0
1,commit-5-correction-amd-9950x3d,run-2,0,base64ct-1.8.3,encode,standard,unpadded,48,64,87381,2529732,1581.189130,external,avx512-vbmi,avx512-vbmi,x86_64,linux,0
1,commit-5-correction-amd-9950x3d,run-2,1,base64ct-1.8.3,encode,standard,unpadded,48,64,87381,2514654,1590.670025,external,avx512-vbmi,avx512-vbmi,x86_64,linux,0
1,commit-5-correction-amd-9950x3d,run-2,2,base64ct-1.8.3,encode,standard,unpadded,48,64,87381,2520124,1587.217431,external,avx512-vbmi,avx512-vbmi,x86_64,linux,0
1,commit-5-correction-amd-9950x3d,run-2,3,base64ct-1.8.3,encode,standard,unpadded,48,64,87381,2526756,1583.051447,external,avx512-vbmi,avx512-vbmi,x86_64,linux,0
1,commit-5-correction-amd-9950x3d,run-2,4,base64ct-1.8.3,encode,standard,unpadded,48,64,87381,2520796,1586.794307,external,avx512-vbmi,avx512-vbmi,x86_64,linux,0
1,commit-5-correction-amd-9950x3d,run-2,0,base64ct-1.8.3,decode,standard,unpadded,48,64,87381,5871523,681.251652,external,avx512-vbmi,avx512-vbmi,x86_64,linux,0
1,commit-5-correction-amd-9950x3d,run-2,1,base64ct-1.8.3,decode,standard,unpadded,48,64,87381,5885179,679.670872,external,avx512-vbmi,avx512-vbmi,x86_64,linux,0
1,commit-5-correction-amd-9950x3d,run-2,2,base64ct-1.8.3,decode,standard,unpadded,48,64,87381,5885579,679.624679,external,avx512-vbmi,avx512-vbmi,x86_64,linux,0
1,commit-5-correction-amd-9950x3d,run-2,3,base64ct-1.8.3,decode,standard,unpadded,48,64,87381,5880520,680.209359,external,avx512-vbmi,avx512-vbmi,x86_64,linux,0
1,commit-5-correction-amd-9950x3d,run-2,4,base64ct-1.8.3,decode,standard,unpadded,48,64,87381,5883476,679.867606,external,avx512-vbmi,avx512-vbmi,x86_64,linux,0
1,commit-5-correction-amd-9950x3d,run-2,0,base64-ng,encode,standard,unpadded,63,84,66576,7409088,539.875453,auto,avx512-vbmi,avx512-vbmi,x86_64,linux,0
1,commit-5-correction-amd-9950x3d,run-2,1,base64-ng,encode,standard,unpadded,63,84,66576,7353774,543.936316,auto,avx512-vbmi,avx512-vbmi,x86_64,linux,0
1,commit-5-correction-amd-9950x3d,run-2,2,base64-ng,encode,standard,unpadded,63,84,66576,7316483,546.708677,auto,avx512-vbmi,avx512-vbmi,x86_64,linux,0
1,commit-5-correction-amd-9950x3d,run-2,3,base64-ng,encode,standard,unpadded,63,84,66576,7311324,547.094444,auto,avx512-vbmi,avx512-vbmi,x86_64,linux,0
1,commit-5-correction-amd-9950x3d,run-2,4,base64-ng,encode,standard,unpadded,63,84,66576,7356108,543.763732,auto,avx512-vbmi,avx512-vbmi,x86_64,linux,0
1,commit-5-correction-amd-9950x3d,run-2,0,base64-ng,decode,standard,unpadded,63,84,66576,34235128,116.838609,auto,avx512-vbmi,avx512-vbmi,x86_64,linux,0
1,commit-5-correction-amd-9950x3d,run-2,1,base64-ng,decode,standard,unpadded,63,84,66576,34101546,117.296287,auto,avx512-vbmi,avx512-vbmi,x86_64,linux,0
1,commit-5-correction-amd-9950x3d,run-2,2,base64-ng,decode,standard,unpadded,63,84,66576,33923251,117.912777,auto,avx512-vbmi,avx512-vbmi,x86_64,linux,0
1,commit-5-correction-amd-9950x3d,run-2,3,base64-ng,decode,standard,unpadded,63,84,66576,34960854,114.413245,auto,avx512-vbmi,avx512-vbmi,x86_64,linux,0
1,commit-5-correction-amd-9950x3d,run-2,4,base64-ng,decode,standard,unpadded,63,84,66576,34340275,116.480859,auto,avx512-vbmi,avx512-vbmi,x86_64,linux,0
1,commit-5-correction-amd-9950x3d,run-2,0,base64-ng,encode,standard,unpadded,63,84,66576,4294936,931.325808,scalar,avx512-vbmi,avx512-vbmi,x86_64,linux,0
1,commit-5-correction-amd-9950x3d,run-2,1,base64-ng,encode,standard,unpadded,63,84,66576,4304403,929.277473,scalar,avx512-vbmi,avx512-vbmi,x86_64,linux,0
1,commit-5-correction-amd-9950x3d,run-2,2,base64-ng,encode,standard,unpadded,63,84,66576,4297660,930.735503,scalar,avx512-vbmi,avx512-vbmi,x86_64,linux,0
1,commit-5-correction-amd-9950x3d,run-2,3,base64-ng,encode,standard,unpadded,63,84,66576,4307539,928.600935,scalar,avx512-vbmi,avx512-vbmi,x86_64,linux,0
1,commit-5-correction-amd-9950x3d,run-2,4,base64-ng,encode,standard,unpadded,63,84,66576,4281389,934.272672,scalar,avx512-vbmi,avx512-vbmi,x86_64,linux,0
1,commit-5-correction-amd-9950x3d,run-2,0,base64-ng,decode,standard,unpadded,63,84,66576,14091808,283.851777,scalar,avx512-vbmi,avx512-vbmi,x86_64,linux,0
1,commit-5-correction-amd-9950x3d,run-2,1,base64-ng,decode,standard,unpadded,63,84,66576,14099122,283.704527,scalar,avx512-vbmi,avx512-vbmi,x86_64,linux,0
1,commit-5-correction-amd-9950x3d,run-2,2,base64-ng,decode,standard,unpadded,63,84,66576,14045110,284.795544,scalar,avx512-vbmi,avx512-vbmi,x86_64,linux,0
1,commit-5-correction-amd-9950x3d,run-2,3,base64-ng,decode,standard,unpadded,63,84,66576,16577357,241.292067,scalar,avx512-vbmi,avx512-vbmi,x86_64,linux,0
1,commit-5-correction-amd-9950x3d,run-2,4,base64-ng,decode,standard,unpadded,63,84,66576,15078095,265.284490,scalar,avx512-vbmi,avx512-vbmi,x86_64,linux,0
1,commit-5-correction-amd-9950x3d,run-2,0,base64-ng,encode,standard,unpadded,63,84,66576,13711412,291.726683,ssse3-sse4.1,avx512-vbmi,avx512-vbmi,x86_64,linux,0
1,commit-5-correction-amd-9950x3d,run-2,1,base64-ng,encode,standard,unpadded,63,84,66576,13653002,292.974742,ssse3-sse4.1,avx512-vbmi,avx512-vbmi,x86_64,linux,0
1,commit-5-correction-amd-9950x3d,run-2,2,base64-ng,encode,standard,unpadded,63,84,66576,13675053,292.502321,ssse3-sse4.1,avx512-vbmi,avx512-vbmi,x86_64,linux,0
1,commit-5-correction-amd-9950x3d,run-2,3,base64-ng,encode,standard,unpadded,63,84,66576,13659515,292.835049,ssse3-sse4.1,avx512-vbmi,avx512-vbmi,x86_64,linux,0
1,commit-5-correction-amd-9950x3d,run-2,4,base64-ng,encode,standard,unpadded,63,84,66576,13642882,293.192065,ssse3-sse4.1,avx512-vbmi,avx512-vbmi,x86_64,linux,0
1,commit-5-correction-amd-9950x3d,run-2,0,base64-ng,decode,standard,unpadded,63,84,66576,50775565,78.777750,ssse3-sse4.1,avx512-vbmi,avx512-vbmi,x86_64,linux,0
1,commit-5-correction-amd-9950x3d,run-2,1,base64-ng,decode,standard,unpadded,63,84,66576,50543949,79.138746,ssse3-sse4.1,avx512-vbmi,avx512-vbmi,x86_64,linux,0
1,commit-5-correction-amd-9950x3d,run-2,2,base64-ng,decode,standard,unpadded,63,84,66576,50769785,78.786718,ssse3-sse4.1,avx512-vbmi,avx512-vbmi,x86_64,linux,0
1,commit-5-correction-amd-9950x3d,run-2,3,base64-ng,decode,standard,unpadded,63,84,66576,51511230,77.652674,ssse3-sse4.1,avx512-vbmi,avx512-vbmi,x86_64,linux,0
1,commit-5-correction-amd-9950x3d,run-2,4,base64-ng,decode,standard,unpadded,63,84,66576,51833016,77.170596,ssse3-sse4.1,avx512-vbmi,avx512-vbmi,x86_64,linux,0
1,commit-5-correction-amd-9950x3d,run-2,0,base64-ng,encode,standard,unpadded,63,84,66576,8888633,450.011238,avx2,avx512-vbmi,avx512-vbmi,x86_64,linux,0
1,commit-5-correction-amd-9950x3d,run-2,1,base64-ng,encode,standard,unpadded,63,84,66576,8883704,450.260921,avx2,avx512-vbmi,avx512-vbmi,x86_64,linux,0
1,commit-5-correction-amd-9950x3d,run-2,2,base64-ng,encode,standard,unpadded,63,84,66576,8871641,450.873152,avx2,avx512-vbmi,avx512-vbmi,x86_64,linux,0
1,commit-5-correction-amd-9950x3d,run-2,3,base64-ng,encode,standard,unpadded,63,84,66576,8870459,450.933231,avx2,avx512-vbmi,avx512-vbmi,x86_64,linux,0
1,commit-5-correction-amd-9950x3d,run-2,4,base64-ng,encode,standard,unpadded,63,84,66576,8823791,453.318165,avx2,avx512-vbmi,avx512-vbmi,x86_64,linux,0
1,commit-5-correction-amd-9950x3d,run-2,0,base64-ng,decode,standard,unpadded,63,84,66576,40238719,99.406364,avx2,avx512-vbmi,avx512-vbmi,x86_64,linux,0
1,commit-5-correction-amd-9950x3d,run-2,1,base64-ng,decode,standard,unpadded,63,84,66576,40180670,99.549976,avx2,avx512-vbmi,avx512-vbmi,x86_64,linux,0
1,commit-5-correction-amd-9950x3d,run-2,2,base64-ng,decode,standard,unpadded,63,84,66576,40719003,98.233858,avx2,avx512-vbmi,avx512-vbmi,x86_64,linux,0
1,commit-5-correction-amd-9950x3d,run-2,3,base64-ng,decode,standard,unpadded,63,84,66576,41091675,97.342947,avx2,avx512-vbmi,avx512-vbmi,x86_64,linux,0
1,commit-5-correction-amd-9950x3d,run-2,4,base64-ng,decode,standard,unpadded,63,84,66576,40493369,98.781229,avx2,avx512-vbmi,avx512-vbmi,x86_64,linux,0
1,commit-5-correction-amd-9950x3d,run-2,0,base64-ng,encode,standard,unpadded,63,84,66576,6557043,610.028749,avx512-vbmi,avx512-vbmi,avx512-vbmi,x86_64,linux,0
1,commit-5-correction-amd-9950x3d,run-2,1,base64-ng,encode,standard,unpadded,63,84,66576,6578445,608.044111,avx512-vbmi,avx512-vbmi,avx512-vbmi,x86_64,linux,0
1,commit-5-correction-amd-9950x3d,run-2,2,base64-ng,encode,standard,unpadded,63,84,66576,6580317,607.871132,avx512-vbmi,avx512-vbmi,avx512-vbmi,x86_64,linux,0
1,commit-5-correction-amd-9950x3d,run-2,3,base64-ng,encode,standard,unpadded,63,84,66576,6647043,601.769048,avx512-vbmi,avx512-vbmi,avx512-vbmi,x86_64,linux,0
1,commit-5-correction-amd-9950x3d,run-2,4,base64-ng,encode,standard,unpadded,63,84,66576,6726873,594.627659,avx512-vbmi,avx512-vbmi,avx512-vbmi,x86_64,linux,0
1,commit-5-correction-amd-9950x3d,run-2,0,base64-ng,decode,standard,unpadded,63,84,66576,33699570,118.695424,avx512-vbmi,avx512-vbmi,avx512-vbmi,x86_64,linux,0
1,commit-5-correction-amd-9950x3d,run-2,1,base64-ng,decode,standard,unpadded,63,84,66576,33752710,118.508551,avx512-vbmi,avx512-vbmi,avx512-vbmi,x86_64,linux,0
1,commit-5-correction-amd-9950x3d,run-2,2,base64-ng,decode,standard,unpadded,63,84,66576,33696193,118.707319,avx512-vbmi,avx512-vbmi,avx512-vbmi,x86_64,linux,0
1,commit-5-correction-amd-9950x3d,run-2,3,base64-ng,decode,standard,unpadded,63,84,66576,34352839,116.438258,avx512-vbmi,avx512-vbmi,avx512-vbmi,x86_64,linux,0
1,commit-5-correction-amd-9950x3d,run-2,4,base64-ng,decode,standard,unpadded,63,84,66576,34183010,117.016750,avx512-vbmi,avx512-vbmi,avx512-vbmi,x86_64,linux,0
1,commit-5-correction-amd-9950x3d,run-2,0,base64-0.23.0,encode,standard,unpadded,63,84,66576,1290229,3100.213017,external,avx512-vbmi,avx512-vbmi,x86_64,linux,0
1,commit-5-correction-amd-9950x3d,run-2,1,base64-0.23.0,encode,standard,unpadded,63,84,66576,1306219,3062.261949,external,avx512-vbmi,avx512-vbmi,x86_64,linux,0
1,commit-5-correction-amd-9950x3d,run-2,2,base64-0.23.0,encode,standard,unpadded,63,84,66576,1317109,3036.942836,external,avx512-vbmi,avx512-vbmi,x86_64,linux,0
1,commit-5-correction-amd-9950x3d,run-2,3,base64-0.23.0,encode,standard,unpadded,63,84,66576,1323070,3023.260101,external,avx512-vbmi,avx512-vbmi,x86_64,linux,0
1,commit-5-correction-amd-9950x3d,run-2,4,base64-0.23.0,encode,standard,unpadded,63,84,66576,1324834,3019.234667,external,avx512-vbmi,avx512-vbmi,x86_64,linux,0
1,commit-5-correction-amd-9950x3d,run-2,0,base64-0.23.0,decode,standard,unpadded,63,84,66576,1876202,2131.958468,external,avx512-vbmi,avx512-vbmi,x86_64,linux,0
1,commit-5-correction-amd-9950x3d,run-2,1,base64-0.23.0,decode,standard,unpadded,63,84,66576,1887924,2118.721273,external,avx512-vbmi,avx512-vbmi,x86_64,linux,0
1,commit-5-correction-amd-9950x3d,run-2,2,base64-0.23.0,decode,standard,unpadded,63,84,66576,1878807,2129.002469,external,avx512-vbmi,avx512-vbmi,x86_64,linux,0
1,commit-5-correction-amd-9950x3d,run-2,3,base64-0.23.0,decode,standard,unpadded,63,84,66576,1887072,2119.677861,external,avx512-vbmi,avx512-vbmi,x86_64,linux,0
1,commit-5-correction-amd-9950x3d,run-2,4,base64-0.23.0,decode,standard,unpadded,63,84,66576,1878977,2128.809848,external,avx512-vbmi,avx512-vbmi,x86_64,linux,0
1,commit-5-correction-amd-9950x3d,run-2,0,base64ct-1.8.3,encode,standard,unpadded,63,84,66576,1762848,2269.046873,external,avx512-vbmi,avx512-vbmi,x86_64,linux,0
1,commit-5-correction-amd-9950x3d,run-2,1,base64ct-1.8.3,encode,standard,unpadded,63,84,66576,1733163,2307.910301,external,avx512-vbmi,avx512-vbmi,x86_64,linux,0
1,commit-5-correction-amd-9950x3d,run-2,2,base64ct-1.8.3,encode,standard,unpadded,63,84,66576,1734836,2305.684653,external,avx512-vbmi,avx512-vbmi,x86_64,linux,0
1,commit-5-correction-amd-9950x3d,run-2,3,base64ct-1.8.3,encode,standard,unpadded,63,84,66576,1735497,2304.806486,external,avx512-vbmi,avx512-vbmi,x86_64,linux,0
1,commit-5-correction-amd-9950x3d,run-2,4,base64ct-1.8.3,encode,standard,unpadded,63,84,66576,1738693,2300.569877,external,avx512-vbmi,avx512-vbmi,x86_64,linux,0
1,commit-5-correction-amd-9950x3d,run-2,0,base64ct-1.8.3,decode,standard,unpadded,63,84,66576,5561710,719.200523,external,avx512-vbmi,avx512-vbmi,x86_64,linux,0
1,commit-5-correction-amd-9950x3d,run-2,1,base64ct-1.8.3,decode,standard,unpadded,63,84,66576,5564084,718.893665,external,avx512-vbmi,avx512-vbmi,x86_64,linux,0
1,commit-5-correction-amd-9950x3d,run-2,2,base64ct-1.8.3,decode,standard,unpadded,63,84,66576,5571208,717.974404,external,avx512-vbmi,avx512-vbmi,x86_64,linux,0
1,commit-5-correction-amd-9950x3d,run-2,3,base64ct-1.8.3,decode,standard,unpadded,63,84,66576,5569294,718.221150,external,avx512-vbmi,avx512-vbmi,x86_64,linux,0
1,commit-5-correction-amd-9950x3d,run-2,4,base64ct-1.8.3,decode,standard,unpadded,63,84,66576,5577821,717.123181,external,avx512-vbmi,avx512-vbmi,x86_64,linux,0
1,commit-5-correction-amd-9950x3d,run-2,0,base64-ng,encode,standard,unpadded,64,86,65536,7422082,538.932337,auto,avx512-vbmi,avx512-vbmi,x86_64,linux,0
1,commit-5-correction-amd-9950x3d,run-2,1,base64-ng,encode,standard,unpadded,64,86,65536,7829088,510.915192,auto,avx512-vbmi,avx512-vbmi,x86_64,linux,0
1,commit-5-correction-amd-9950x3d,run-2,2,base64-ng,encode,standard,unpadded,64,86,65536,7997986,500.125907,auto,avx512-vbmi,avx512-vbmi,x86_64,linux,0
1,commit-5-correction-amd-9950x3d,run-2,3,base64-ng,encode,standard,unpadded,64,86,65536,8770641,456.067008,auto,avx512-vbmi,avx512-vbmi,x86_64,linux,0
1,commit-5-correction-amd-9950x3d,run-2,4,base64-ng,encode,standard,unpadded,64,86,65536,8467229,472.409569,auto,avx512-vbmi,avx512-vbmi,x86_64,linux,0
1,commit-5-correction-amd-9950x3d,run-2,0,base64-ng,decode,standard,unpadded,64,86,65536,34140008,117.164589,auto,avx512-vbmi,avx512-vbmi,x86_64,linux,0
1,commit-5-correction-amd-9950x3d,run-2,1,base64-ng,decode,standard,unpadded,64,86,65536,34118758,117.237562,auto,avx512-vbmi,avx512-vbmi,x86_64,linux,0
1,commit-5-correction-amd-9950x3d,run-2,2,base64-ng,decode,standard,unpadded,64,86,65536,33833191,118.227098,auto,avx512-vbmi,avx512-vbmi,x86_64,linux,0
1,commit-5-correction-amd-9950x3d,run-2,3,base64-ng,decode,standard,unpadded,64,86,65536,33948679,117.824909,auto,avx512-vbmi,avx512-vbmi,x86_64,linux,0
1,commit-5-correction-amd-9950x3d,run-2,4,base64-ng,decode,standard,unpadded,64,86,65536,33940133,117.854576,auto,avx512-vbmi,avx512-vbmi,x86_64,linux,0
1,commit-5-correction-amd-9950x3d,run-2,0,base64-ng,encode,standard,unpadded,64,86,65536,4353174,918.869772,scalar,avx512-vbmi,avx512-vbmi,x86_64,linux,0
1,commit-5-correction-amd-9950x3d,run-2,1,base64-ng,encode,standard,unpadded,64,86,65536,4355389,918.402466,scalar,avx512-vbmi,avx512-vbmi,x86_64,linux,0
1,commit-5-correction-amd-9950x3d,run-2,2,base64-ng,encode,standard,unpadded,64,86,65536,4353606,918.778594,scalar,avx512-vbmi,avx512-vbmi,x86_64,linux,0
1,commit-5-correction-amd-9950x3d,run-2,3,base64-ng,encode,standard,unpadded,64,86,65536,4358325,917.783782,scalar,avx512-vbmi,avx512-vbmi,x86_64,linux,0
1,commit-5-correction-amd-9950x3d,run-2,4,base64-ng,encode,standard,unpadded,64,86,65536,4348326,919.894231,scalar,avx512-vbmi,avx512-vbmi,x86_64,linux,0
1,commit-5-correction-amd-9950x3d,run-2,0,base64-ng,decode,standard,unpadded,64,86,65536,14041092,284.878128,scalar,avx512-vbmi,avx512-vbmi,x86_64,linux,0
1,commit-5-correction-amd-9950x3d,run-2,1,base64-ng,decode,standard,unpadded,64,86,65536,14067362,284.346134,scalar,avx512-vbmi,avx512-vbmi,x86_64,linux,0
1,commit-5-correction-amd-9950x3d,run-2,2,base64-ng,decode,standard,unpadded,64,86,65536,14077050,284.150443,scalar,avx512-vbmi,avx512-vbmi,x86_64,linux,0
1,commit-5-correction-amd-9950x3d,run-2,3,base64-ng,decode,standard,unpadded,64,86,65536,14256788,280.568106,scalar,avx512-vbmi,avx512-vbmi,x86_64,linux,0
1,commit-5-correction-amd-9950x3d,run-2,4,base64-ng,decode,standard,unpadded,64,86,65536,14455793,276.705678,scalar,avx512-vbmi,avx512-vbmi,x86_64,linux,0
1,commit-5-correction-amd-9950x3d,run-2,0,base64-ng,encode,standard,unpadded,64,86,65536,14316651,279.394951,ssse3-sse4.1,avx512-vbmi,avx512-vbmi,x86_64,linux,0
1,commit-5-correction-amd-9950x3d,run-2,1,base64-ng,encode,standard,unpadded,64,86,65536,14237172,280.954673,ssse3-sse4.1,avx512-vbmi,avx512-vbmi,x86_64,linux,0
1,commit-5-correction-amd-9950x3d,run-2,2,base64-ng,encode,standard,unpadded,64,86,65536,13691053,292.161604,ssse3-sse4.1,avx512-vbmi,avx512-vbmi,x86_64,linux,0
1,commit-5-correction-amd-9950x3d,run-2,3,base64-ng,encode,standard,unpadded,64,86,65536,13574053,294.679857,ssse3-sse4.1,avx512-vbmi,avx512-vbmi,x86_64,linux,0
1,commit-5-correction-amd-9950x3d,run-2,4,base64-ng,encode,standard,unpadded,64,86,65536,13630340,293.462966,ssse3-sse4.1,avx512-vbmi,avx512-vbmi,x86_64,linux,0
1,commit-5-correction-amd-9950x3d,run-2,0,base64-ng,decode,standard,unpadded,64,86,65536,49749094,80.403474,ssse3-sse4.1,avx512-vbmi,avx512-vbmi,x86_64,linux,0
1,commit-5-correction-amd-9950x3d,run-2,1,base64-ng,decode,standard,unpadded,64,86,65536,50401421,79.362842,ssse3-sse4.1,avx512-vbmi,avx512-vbmi,x86_64,linux,0
1,commit-5-correction-amd-9950x3d,run-2,2,base64-ng,decode,standard,unpadded,64,86,65536,50338473,79.462085,ssse3-sse4.1,avx512-vbmi,avx512-vbmi,x86_64,linux,0
1,commit-5-correction-amd-9950x3d,run-2,3,base64-ng,decode,standard,unpadded,64,86,65536,50110153,79.824143,ssse3-sse4.1,avx512-vbmi,avx512-vbmi,x86_64,linux,0
1,commit-5-correction-amd-9950x3d,run-2,4,base64-ng,decode,standard,unpadded,64,86,65536,51219160,78.095775,ssse3-sse4.1,avx512-vbmi,avx512-vbmi,x86_64,linux,0
1,commit-5-correction-amd-9950x3d,run-2,0,base64-ng,encode,standard,unpadded,64,86,65536,8845562,452.204167,avx2,avx512-vbmi,avx512-vbmi,x86_64,linux,0
1,commit-5-correction-amd-9950x3d,run-2,1,base64-ng,encode,standard,unpadded,64,86,65536,8851472,451.902237,avx2,avx512-vbmi,avx512-vbmi,x86_64,linux,0
1,commit-5-correction-amd-9950x3d,run-2,2,base64-ng,encode,standard,unpadded,64,86,65536,8866461,451.138284,avx2,avx512-vbmi,avx512-vbmi,x86_64,linux,0
1,commit-5-correction-amd-9950x3d,run-2,3,base64-ng,encode,standard,unpadded,64,86,65536,8881991,450.349477,avx2,avx512-vbmi,avx512-vbmi,x86_64,linux,0
1,commit-5-correction-amd-9950x3d,run-2,4,base64-ng,encode,standard,unpadded,64,86,65536,8951541,446.850436,avx2,avx512-vbmi,avx512-vbmi,x86_64,linux,0
1,commit-5-correction-amd-9950x3d,run-2,0,base64-ng,decode,standard,unpadded,64,86,65536,40014758,99.963119,avx2,avx512-vbmi,avx512-vbmi,x86_64,linux,0
1,commit-5-correction-amd-9950x3d,run-2,1,base64-ng,decode,standard,unpadded,64,86,65536,39989019,100.027460,avx2,avx512-vbmi,avx512-vbmi,x86_64,linux,0
1,commit-5-correction-amd-9950x3d,run-2,2,base64-ng,decode,standard,unpadded,64,86,65536,40604037,98.512372,avx2,avx512-vbmi,avx512-vbmi,x86_64,linux,0
1,commit-5-correction-amd-9950x3d,run-2,3,base64-ng,decode,standard,unpadded,64,86,65536,40669140,98.354674,avx2,avx512-vbmi,avx512-vbmi,x86_64,linux,0
1,commit-5-correction-amd-9950x3d,run-2,4,base64-ng,decode,standard,unpadded,64,86,65536,40109106,99.727977,avx2,avx512-vbmi,avx512-vbmi,x86_64,linux,0
1,commit-5-correction-amd-9950x3d,run-2,0,base64-ng,encode,standard,unpadded,64,86,65536,6688511,598.040431,avx512-vbmi,avx512-vbmi,avx512-vbmi,x86_64,linux,0
1,commit-5-correction-amd-9950x3d,run-2,1,base64-ng,encode,standard,unpadded,64,86,65536,6671158,599.596052,avx512-vbmi,avx512-vbmi,avx512-vbmi,x86_64,linux,0
1,commit-5-correction-amd-9950x3d,run-2,2,base64-ng,encode,standard,unpadded,64,86,65536,6669886,599.710400,avx512-vbmi,avx512-vbmi,avx512-vbmi,x86_64,linux,0
1,commit-5-correction-amd-9950x3d,run-2,3,base64-ng,encode,standard,unpadded,64,86,65536,6683772,598.464460,avx512-vbmi,avx512-vbmi,avx512-vbmi,x86_64,linux,0
1,commit-5-correction-amd-9950x3d,run-2,4,base64-ng,encode,standard,unpadded,64,86,65536,6680606,598.748078,avx512-vbmi,avx512-vbmi,avx512-vbmi,x86_64,linux,0
1,commit-5-correction-amd-9950x3d,run-2,0,base64-ng,decode,standard,unpadded,64,86,65536,33507968,119.374592,avx512-vbmi,avx512-vbmi,avx512-vbmi,x86_64,linux,0
1,commit-5-correction-amd-9950x3d,run-2,1,base64-ng,decode,standard,unpadded,64,86,65536,36054002,110.944688,avx512-vbmi,avx512-vbmi,avx512-vbmi,x86_64,linux,0
1,commit-5-correction-amd-9950x3d,run-2,2,base64-ng,decode,standard,unpadded,64,86,65536,35384421,113.044099,avx512-vbmi,avx512-vbmi,avx512-vbmi,x86_64,linux,0
1,commit-5-correction-amd-9950x3d,run-2,3,base64-ng,decode,standard,unpadded,64,86,65536,33753962,118.504607,avx512-vbmi,avx512-vbmi,avx512-vbmi,x86_64,linux,0
1,commit-5-correction-amd-9950x3d,run-2,4,base64-ng,decode,standard,unpadded,64,86,65536,33376521,119.844726,avx512-vbmi,avx512-vbmi,avx512-vbmi,x86_64,linux,0
1,commit-5-correction-amd-9950x3d,run-2,0,base64-0.23.0,encode,standard,unpadded,64,86,65536,1297973,3081.728202,external,avx512-vbmi,avx512-vbmi,x86_64,linux,0
1,commit-5-correction-amd-9950x3d,run-2,1,base64-0.23.0,encode,standard,unpadded,64,86,65536,1298855,3079.635525,external,avx512-vbmi,avx512-vbmi,x86_64,linux,0
1,commit-5-correction-amd-9950x3d,run-2,2,base64-0.23.0,encode,standard,unpadded,64,86,65536,1313072,3046.291445,external,avx512-vbmi,avx512-vbmi,x86_64,linux,0
1,commit-5-correction-amd-9950x3d,run-2,3,base64-0.23.0,encode,standard,unpadded,64,86,65536,1310878,3051.389984,external,avx512-vbmi,avx512-vbmi,x86_64,linux,0
1,commit-5-correction-amd-9950x3d,run-2,4,base64-0.23.0,encode,standard,unpadded,64,86,65536,1315546,3040.562626,external,avx512-vbmi,avx512-vbmi,x86_64,linux,0
1,commit-5-correction-amd-9950x3d,run-2,0,base64-0.23.0,decode,standard,unpadded,64,86,65536,1812322,2207.113305,external,avx512-vbmi,avx512-vbmi,x86_64,linux,0
1,commit-5-correction-amd-9950x3d,run-2,1,base64-0.23.0,decode,standard,unpadded,64,86,65536,1811591,2208.003904,external,avx512-vbmi,avx512-vbmi,x86_64,linux,0
1,commit-5-correction-amd-9950x3d,run-2,2,base64-0.23.0,decode,standard,unpadded,64,86,65536,1810929,2208.811058,external,avx512-vbmi,avx512-vbmi,x86_64,linux,0
1,commit-5-correction-amd-9950x3d,run-2,3,base64-0.23.0,decode,standard,unpadded,64,86,65536,1818173,2200.010670,external,avx512-vbmi,avx512-vbmi,x86_64,linux,0
1,commit-5-correction-amd-9950x3d,run-2,4,base64-0.23.0,decode,standard,unpadded,64,86,65536,1811260,2208.407407,external,avx512-vbmi,avx512-vbmi,x86_64,linux,0
1,commit-5-correction-amd-9950x3d,run-2,0,base64ct-1.8.3,encode,standard,unpadded,64,86,65536,1729436,2312.892758,external,avx512-vbmi,avx512-vbmi,x86_64,linux,0
1,commit-5-correction-amd-9950x3d,run-2,1,base64ct-1.8.3,encode,standard,unpadded,64,86,65536,1708907,2340.677404,external,avx512-vbmi,avx512-vbmi,x86_64,linux,0
1,commit-5-correction-amd-9950x3d,run-2,2,base64ct-1.8.3,encode,standard,unpadded,64,86,65536,1711783,2336.744786,external,avx512-vbmi,avx512-vbmi,x86_64,linux,0
1,commit-5-correction-amd-9950x3d,run-2,3,base64ct-1.8.3,encode,standard,unpadded,64,86,65536,1714878,2332.527445,external,avx512-vbmi,avx512-vbmi,x86_64,linux,0
1,commit-5-correction-amd-9950x3d,run-2,4,base64ct-1.8.3,encode,standard,unpadded,64,86,65536,1713235,2334.764349,external,avx512-vbmi,avx512-vbmi,x86_64,linux,0
1,commit-5-correction-amd-9950x3d,run-2,0,base64ct-1.8.3,decode,standard,unpadded,64,86,65536,6081658,657.715380,external,avx512-vbmi,avx512-vbmi,x86_64,linux,0
1,commit-5-correction-amd-9950x3d,run-2,1,base64ct-1.8.3,decode,standard,unpadded,64,86,65536,6125712,652.985318,external,avx512-vbmi,avx512-vbmi,x86_64,linux,0
1,commit-5-correction-amd-9950x3d,run-2,2,base64ct-1.8.3,decode,standard,unpadded,64,86,65536,6048767,661.291797,external,avx512-vbmi,avx512-vbmi,x86_64,linux,0
1,commit-5-correction-amd-9950x3d,run-2,3,base64ct-1.8.3,decode,standard,unpadded,64,86,65536,6039519,662.304399,external,avx512-vbmi,avx512-vbmi,x86_64,linux,0
1,commit-5-correction-amd-9950x3d,run-2,4,base64ct-1.8.3,decode,standard,unpadded,64,86,65536,6067723,659.225874,external,avx512-vbmi,avx512-vbmi,x86_64,linux,0
1,commit-5-correction-amd-9950x3d,run-2,0,base64-ng,encode,standard,unpadded,1024,1366,4096,3832334,1043.750362,auto,avx512-vbmi,avx512-vbmi,x86_64,linux,0
1,commit-5-correction-amd-9950x3d,run-2,1,base64-ng,encode,standard,unpadded,1024,1366,4096,3845509,1040.174396,auto,avx512-vbmi,avx512-vbmi,x86_64,linux,0
1,commit-5-correction-amd-9950x3d,run-2,2,base64-ng,encode,standard,unpadded,1024,1366,4096,3814721,1048.569476,auto,avx512-vbmi,avx512-vbmi,x86_64,linux,0
1,commit-5-correction-amd-9950x3d,run-2,3,base64-ng,encode,standard,unpadded,1024,1366,4096,3805053,1051.233715,auto,avx512-vbmi,avx512-vbmi,x86_64,linux,0
1,commit-5-correction-amd-9950x3d,run-2,4,base64-ng,encode,standard,unpadded,1024,1366,4096,3794413,1054.181503,auto,avx512-vbmi,avx512-vbmi,x86_64,linux,0
1,commit-5-correction-amd-9950x3d,run-2,0,base64-ng,decode,standard,unpadded,1024,1366,4096,27208620,147.012234,auto,avx512-vbmi,avx512-vbmi,x86_64,linux,0
1,commit-5-correction-amd-9950x3d,run-2,1,base64-ng,decode,standard,unpadded,1024,1366,4096,27251351,146.781714,auto,avx512-vbmi,avx512-vbmi,x86_64,linux,0
1,commit-5-correction-amd-9950x3d,run-2,2,base64-ng,decode,standard,unpadded,1024,1366,4096,27408406,145.940629,auto,avx512-vbmi,avx512-vbmi,x86_64,linux,0
1,commit-5-correction-amd-9950x3d,run-2,3,base64-ng,decode,standard,unpadded,1024,1366,4096,28257485,141.555414,auto,avx512-vbmi,avx512-vbmi,x86_64,linux,0
1,commit-5-correction-amd-9950x3d,run-2,4,base64-ng,decode,standard,unpadded,1024,1366,4096,27881638,143.463594,auto,avx512-vbmi,avx512-vbmi,x86_64,linux,0
1,commit-5-correction-amd-9950x3d,run-2,0,base64-ng,encode,standard,unpadded,1024,1366,4096,1975048,2025.267234,scalar,avx512-vbmi,avx512-vbmi,x86_64,linux,0
1,commit-5-correction-amd-9950x3d,run-2,1,base64-ng,encode,standard,unpadded,1024,1366,4096,1984124,2016.003032,scalar,avx512-vbmi,avx512-vbmi,x86_64,linux,0
1,commit-5-correction-amd-9950x3d,run-2,2,base64-ng,encode,standard,unpadded,1024,1366,4096,1994465,2005.550361,scalar,avx512-vbmi,avx512-vbmi,x86_64,linux,0
1,commit-5-correction-amd-9950x3d,run-2,3,base64-ng,encode,standard,unpadded,1024,1366,4096,1990657,2009.386851,scalar,avx512-vbmi,avx512-vbmi,x86_64,linux,0
1,commit-5-correction-amd-9950x3d,run-2,4,base64-ng,encode,standard,unpadded,1024,1366,4096,1995226,2004.785423,scalar,avx512-vbmi,avx512-vbmi,x86_64,linux,0
1,commit-5-correction-amd-9950x3d,run-2,0,base64-ng,decode,standard,unpadded,1024,1366,4096,13993814,285.840586,scalar,avx512-vbmi,avx512-vbmi,x86_64,linux,0
1,commit-5-correction-amd-9950x3d,run-2,1,base64-ng,decode,standard,unpadded,1024,1366,4096,13920105,287.354154,scalar,avx512-vbmi,avx512-vbmi,x86_64,linux,0
1,commit-5-correction-amd-9950x3d,run-2,2,base64-ng,decode,standard,unpadded,1024,1366,4096,13903152,287.704544,scalar,avx512-vbmi,avx512-vbmi,x86_64,linux,0
1,commit-5-correction-amd-9950x3d,run-2,3,base64-ng,decode,standard,unpadded,1024,1366,4096,13925574,287.241302,scalar,avx512-vbmi,avx512-vbmi,x86_64,linux,0
1,commit-5-correction-amd-9950x3d,run-2,4,base64-ng,decode,standard,unpadded,1024,1366,4096,13885178,288.076970,scalar,avx512-vbmi,avx512-vbmi,x86_64,linux,0
1,commit-5-correction-amd-9950x3d,run-2,0,base64-ng,encode,standard,unpadded,1024,1366,4096,12221057,327.303931,ssse3-sse4.1,avx512-vbmi,avx512-vbmi,x86_64,linux,0
1,commit-5-correction-amd-9950x3d,run-2,1,base64-ng,encode,standard,unpadded,1024,1366,4096,12153729,329.117096,ssse3-sse4.1,avx512-vbmi,avx512-vbmi,x86_64,linux,0
1,commit-5-correction-amd-9950x3d,run-2,2,base64-ng,encode,standard,unpadded,1024,1366,4096,12486767,320.339124,ssse3-sse4.1,avx512-vbmi,avx512-vbmi,x86_64,linux,0
1,commit-5-correction-amd-9950x3d,run-2,3,base64-ng,encode,standard,unpadded,1024,1366,4096,12333879,324.309976,ssse3-sse4.1,avx512-vbmi,avx512-vbmi,x86_64,linux,0
1,commit-5-correction-amd-9950x3d,run-2,4,base64-ng,encode,standard,unpadded,1024,1366,4096,12090581,330.836045,ssse3-sse4.1,avx512-vbmi,avx512-vbmi,x86_64,linux,0
1,commit-5-correction-amd-9950x3d,run-2,0,base64-ng,decode,standard,unpadded,1024,1366,4096,50409005,79.350902,ssse3-sse4.1,avx512-vbmi,avx512-vbmi,x86_64,linux,0
1,commit-5-correction-amd-9950x3d,run-2,1,base64-ng,decode,standard,unpadded,1024,1366,4096,50341488,79.457326,ssse3-sse4.1,avx512-vbmi,avx512-vbmi,x86_64,linux,0
1,commit-5-correction-amd-9950x3d,run-2,2,base64-ng,decode,standard,unpadded,1024,1366,4096,51549002,77.596071,ssse3-sse4.1,avx512-vbmi,avx512-vbmi,x86_64,linux,0
1,commit-5-correction-amd-9950x3d,run-2,3,base64-ng,decode,standard,unpadded,1024,1366,4096,50669225,78.943382,ssse3-sse4.1,avx512-vbmi,avx512-vbmi,x86_64,linux,0
1,commit-5-correction-amd-9950x3d,run-2,4,base64-ng,decode,standard,unpadded,1024,1366,4096,50492252,79.220075,ssse3-sse4.1,avx512-vbmi,avx512-vbmi,x86_64,linux,0
1,commit-5-correction-amd-9950x3d,run-2,0,base64-ng,encode,standard,unpadded,1024,1366,4096,6718668,595.356103,avx2,avx512-vbmi,avx512-vbmi,x86_64,linux,0
1,commit-5-correction-amd-9950x3d,run-2,1,base64-ng,encode,standard,unpadded,1024,1366,4096,6673854,599.353837,avx2,avx512-vbmi,avx512-vbmi,x86_64,linux,0
1,commit-5-correction-amd-9950x3d,run-2,2,base64-ng,encode,standard,unpadded,1024,1366,4096,6673744,599.363715,avx2,avx512-vbmi,avx512-vbmi,x86_64,linux,0
1,commit-5-correction-amd-9950x3d,run-2,3,base64-ng,encode,standard,unpadded,1024,1366,4096,6715672,595.621704,avx2,avx512-vbmi,avx512-vbmi,x86_64,linux,0
1,commit-5-correction-amd-9950x3d,run-2,4,base64-ng,encode,standard,unpadded,1024,1366,4096,6706235,596.459862,avx2,avx512-vbmi,avx512-vbmi,x86_64,linux,0
1,commit-5-correction-amd-9950x3d,run-2,0,base64-ng,decode,standard,unpadded,1024,1366,4096,35173564,113.721771,avx2,avx512-vbmi,avx512-vbmi,x86_64,linux,0
1,commit-5-correction-amd-9950x3d,run-2,1,base64-ng,decode,standard,unpadded,1024,1366,4096,36153219,110.640217,avx2,avx512-vbmi,avx512-vbmi,x86_64,linux,0
1,commit-5-correction-amd-9950x3d,run-2,2,base64-ng,decode,standard,unpadded,1024,1366,4096,35481163,112.735876,avx2,avx512-vbmi,avx512-vbmi,x86_64,linux,0
1,commit-5-correction-amd-9950x3d,run-2,3,base64-ng,decode,standard,unpadded,1024,1366,4096,35388850,113.029952,avx2,avx512-vbmi,avx512-vbmi,x86_64,linux,0
1,commit-5-correction-amd-9950x3d,run-2,4,base64-ng,decode,standard,unpadded,1024,1366,4096,35648929,112.205334,avx2,avx512-vbmi,avx512-vbmi,x86_64,linux,0
1,commit-5-correction-amd-9950x3d,run-2,0,base64-ng,encode,standard,unpadded,1024,1366,4096,4094007,977.037900,avx512-vbmi,avx512-vbmi,avx512-vbmi,x86_64,linux,0
1,commit-5-correction-amd-9950x3d,run-2,1,base64-ng,encode,standard,unpadded,1024,1366,4096,4162055,961.063705,avx512-vbmi,avx512-vbmi,avx512-vbmi,x86_64,linux,0
1,commit-5-correction-amd-9950x3d,run-2,2,base64-ng,encode,standard,unpadded,1024,1366,4096,4016952,995.779885,avx512-vbmi,avx512-vbmi,avx512-vbmi,x86_64,linux,0
1,commit-5-correction-amd-9950x3d,run-2,3,base64-ng,encode,standard,unpadded,1024,1366,4096,4225695,946.589851,avx512-vbmi,avx512-vbmi,avx512-vbmi,x86_64,linux,0
1,commit-5-correction-amd-9950x3d,run-2,4,base64-ng,encode,standard,unpadded,1024,1366,4096,3984491,1003.892342,avx512-vbmi,avx512-vbmi,avx512-vbmi,x86_64,linux,0
1,commit-5-correction-amd-9950x3d,run-2,0,base64-ng,decode,standard,unpadded,1024,1366,4096,27262091,146.723888,avx512-vbmi,avx512-vbmi,avx512-vbmi,x86_64,linux,0
1,commit-5-correction-amd-9950x3d,run-2,1,base64-ng,decode,standard,unpadded,1024,1366,4096,27161492,147.267315,avx512-vbmi,avx512-vbmi,avx512-vbmi,x86_64,linux,0
1,commit-5-correction-amd-9950x3d,run-2,2,base64-ng,decode,standard,unpadded,1024,1366,4096,26968268,148.322465,avx512-vbmi,avx512-vbmi,avx512-vbmi,x86_64,linux,0
1,commit-5-correction-amd-9950x3d,run-2,3,base64-ng,decode,standard,unpadded,1024,1366,4096,26939995,148.478127,avx512-vbmi,avx512-vbmi,avx512-vbmi,x86_64,linux,0
1,commit-5-correction-amd-9950x3d,run-2,4,base64-ng,decode,standard,unpadded,1024,1366,4096,27101128,147.595333,avx512-vbmi,avx512-vbmi,avx512-vbmi,x86_64,linux,0
1,commit-5-correction-amd-9950x3d,run-2,0,base64-0.23.0,encode,standard,unpadded,1024,1366,4096,838769,4768.893462,external,avx512-vbmi,avx512-vbmi,x86_64,linux,0
1,commit-5-correction-amd-9950x3d,run-2,1,base64-0.23.0,encode,standard,unpadded,1024,1366,4096,849489,4708.713120,external,avx512-vbmi,avx512-vbmi,x86_64,linux,0
1,commit-5-correction-amd-9950x3d,run-2,2,base64-0.23.0,encode,standard,unpadded,1024,1366,4096,858005,4661.977494,external,avx512-vbmi,avx512-vbmi,x86_64,linux,0
1,commit-5-correction-amd-9950x3d,run-2,3,base64-0.23.0,encode,standard,unpadded,1024,1366,4096,866682,4615.302960,external,avx512-vbmi,avx512-vbmi,x86_64,linux,0
1,commit-5-correction-amd-9950x3d,run-2,4,base64-0.23.0,encode,standard,unpadded,1024,1366,4096,878223,4554.651837,external,avx512-vbmi,avx512-vbmi,x86_64,linux,0
1,commit-5-correction-amd-9950x3d,run-2,0,base64-0.23.0,decode,standard,unpadded,1024,1366,4096,1022394,3912.386027,external,avx512-vbmi,avx512-vbmi,x86_64,linux,0
1,commit-5-correction-amd-9950x3d,run-2,1,base64-0.23.0,decode,standard,unpadded,1024,1366,4096,1020972,3917.835161,external,avx512-vbmi,avx512-vbmi,x86_64,linux,0
1,commit-5-correction-amd-9950x3d,run-2,2,base64-0.23.0,decode,standard,unpadded,1024,1366,4096,1019059,3925.189807,external,avx512-vbmi,avx512-vbmi,x86_64,linux,0
1,commit-5-correction-amd-9950x3d,run-2,3,base64-0.23.0,decode,standard,unpadded,1024,1366,4096,1017926,3929.558730,external,avx512-vbmi,avx512-vbmi,x86_64,linux,0
1,commit-5-correction-amd-9950x3d,run-2,4,base64-0.23.0,decode,standard,unpadded,1024,1366,4096,1014320,3943.528669,external,avx512-vbmi,avx512-vbmi,x86_64,linux,0
1,commit-5-correction-amd-9950x3d,run-2,0,base64ct-1.8.3,encode,standard,unpadded,1024,1366,4096,1398673,2859.853590,external,avx512-vbmi,avx512-vbmi,x86_64,linux,0
1,commit-5-correction-amd-9950x3d,run-2,1,base64ct-1.8.3,encode,standard,unpadded,1024,1366,4096,1362846,2935.034479,external,avx512-vbmi,avx512-vbmi,x86_64,linux,0
1,commit-5-correction-amd-9950x3d,run-2,2,base64ct-1.8.3,encode,standard,unpadded,1024,1366,4096,1362435,2935.919879,external,avx512-vbmi,avx512-vbmi,x86_64,linux,0
1,commit-5-correction-amd-9950x3d,run-2,3,base64ct-1.8.3,encode,standard,unpadded,1024,1366,4096,1369067,2921.697769,external,avx512-vbmi,avx512-vbmi,x86_64,linux,0
1,commit-5-correction-amd-9950x3d,run-2,4,base64ct-1.8.3,encode,standard,unpadded,1024,1366,4096,1373836,2911.555673,external,avx512-vbmi,avx512-vbmi,x86_64,linux,0
1,commit-5-correction-amd-9950x3d,run-2,0,base64ct-1.8.3,decode,standard,unpadded,1024,1366,4096,4678968,854.889369,external,avx512-vbmi,avx512-vbmi,x86_64,linux,0
1,commit-5-correction-amd-9950x3d,run-2,1,base64ct-1.8.3,decode,standard,unpadded,1024,1366,4096,4693325,852.274241,external,avx512-vbmi,avx512-vbmi,x86_64,linux,0
1,commit-5-correction-amd-9950x3d,run-2,2,base64ct-1.8.3,decode,standard,unpadded,1024,1366,4096,4694508,852.059470,external,avx512-vbmi,avx512-vbmi,x86_64,linux,0
1,commit-5-correction-amd-9950x3d,run-2,3,base64ct-1.8.3,decode,standard,unpadded,1024,1366,4096,4691402,852.623587,external,avx512-vbmi,avx512-vbmi,x86_64,linux,0
1,commit-5-correction-amd-9950x3d,run-2,4,base64ct-1.8.3,decode,standard,unpadded,1024,1366,4096,4695920,851.803268,external,avx512-vbmi,avx512-vbmi,x86_64,linux,0
1,commit-5-correction-amd-9950x3d,run-2,0,base64-ng,encode,standard,unpadded,65536,87382,64,3549372,1126.959924,auto,avx512-vbmi,avx512-vbmi,x86_64,linux,0
1,commit-5-correction-amd-9950x3d,run-2,1,base64-ng,encode,standard,unpadded,65536,87382,64,3604966,1109.580506,auto,avx512-vbmi,avx512-vbmi,x86_64,linux,0
1,commit-5-correction-amd-9950x3d,run-2,2,base64-ng,encode,standard,unpadded,65536,87382,64,3596711,1112.127163,auto,avx512-vbmi,avx512-vbmi,x86_64,linux,0
1,commit-5-correction-amd-9950x3d,run-2,3,base64-ng,encode,standard,unpadded,65536,87382,64,3605598,1109.386016,auto,avx512-vbmi,avx512-vbmi,x86_64,linux,0
1,commit-5-correction-amd-9950x3d,run-2,4,base64-ng,encode,standard,unpadded,65536,87382,64,3557857,1124.272280,auto,avx512-vbmi,avx512-vbmi,x86_64,linux,0
1,commit-5-correction-amd-9950x3d,run-2,0,base64-ng,decode,standard,unpadded,65536,87382,64,26964230,148.344677,auto,avx512-vbmi,avx512-vbmi,x86_64,linux,0
1,commit-5-correction-amd-9950x3d,run-2,1,base64-ng,decode,standard,unpadded,65536,87382,64,26815901,149.165228,auto,avx512-vbmi,avx512-vbmi,x86_64,linux,0
1,commit-5-correction-amd-9950x3d,run-2,2,base64-ng,decode,standard,unpadded,65536,87382,64,26959652,148.369868,auto,avx512-vbmi,avx512-vbmi,x86_64,linux,0
1,commit-5-correction-amd-9950x3d,run-2,3,base64-ng,decode,standard,unpadded,65536,87382,64,27044181,147.906124,auto,avx512-vbmi,avx512-vbmi,x86_64,linux,0
1,commit-5-correction-amd-9950x3d,run-2,4,base64-ng,decode,standard,unpadded,65536,87382,64,27781038,143.983101,auto,avx512-vbmi,avx512-vbmi,x86_64,linux,0
1,commit-5-correction-amd-9950x3d,run-2,0,base64-ng,encode,standard,unpadded,65536,87382,64,1821859,2195.559591,scalar,avx512-vbmi,avx512-vbmi,x86_64,linux,0
1,commit-5-correction-amd-9950x3d,run-2,1,base64-ng,encode,standard,unpadded,65536,87382,64,1823573,2193.495955,scalar,avx512-vbmi,avx512-vbmi,x86_64,linux,0
1,commit-5-correction-amd-9950x3d,run-2,2,base64-ng,encode,standard,unpadded,65536,87382,64,1828432,2187.666810,scalar,avx512-vbmi,avx512-vbmi,x86_64,linux,0
1,commit-5-correction-amd-9950x3d,run-2,3,base64-ng,encode,standard,unpadded,65536,87382,64,1835826,2178.855730,scalar,avx512-vbmi,avx512-vbmi,x86_64,linux,0
1,commit-5-correction-amd-9950x3d,run-2,4,base64-ng,encode,standard,unpadded,65536,87382,64,1836347,2178.237555,scalar,avx512-vbmi,avx512-vbmi,x86_64,linux,0
1,commit-5-correction-amd-9950x3d,run-2,0,base64-ng,decode,standard,unpadded,65536,87382,64,13712974,291.694566,scalar,avx512-vbmi,avx512-vbmi,x86_64,linux,0
1,commit-5-correction-amd-9950x3d,run-2,1,base64-ng,decode,standard,unpadded,65536,87382,64,13684731,292.296575,scalar,avx512-vbmi,avx512-vbmi,x86_64,linux,0
1,commit-5-correction-amd-9950x3d,run-2,2,base64-ng,decode,standard,unpadded,65536,87382,64,13804978,289.750552,scalar,avx512-vbmi,avx512-vbmi,x86_64,linux,0
1,commit-5-correction-amd-9950x3d,run-2,3,base64-ng,decode,standard,unpadded,65536,87382,64,13718255,291.582275,scalar,avx512-vbmi,avx512-vbmi,x86_64,linux,0
1,commit-5-correction-amd-9950x3d,run-2,4,base64-ng,decode,standard,unpadded,65536,87382,64,13700220,291.966114,scalar,avx512-vbmi,avx512-vbmi,x86_64,linux,0
1,commit-5-correction-amd-9950x3d,run-2,0,base64-ng,encode,standard,unpadded,65536,87382,64,12259108,326.288014,ssse3-sse4.1,avx512-vbmi,avx512-vbmi,x86_64,linux,0
1,commit-5-correction-amd-9950x3d,run-2,1,base64-ng,encode,standard,unpadded,65536,87382,64,12107593,330.371198,ssse3-sse4.1,avx512-vbmi,avx512-vbmi,x86_64,linux,0
1,commit-5-correction-amd-9950x3d,run-2,2,base64-ng,encode,standard,unpadded,65536,87382,64,12159110,328.971446,ssse3-sse4.1,avx512-vbmi,avx512-vbmi,x86_64,linux,0
1,commit-5-correction-amd-9950x3d,run-2,3,base64-ng,encode,standard,unpadded,65536,87382,64,12053841,331.844430,ssse3-sse4.1,avx512-vbmi,avx512-vbmi,x86_64,linux,0
1,commit-5-correction-amd-9950x3d,run-2,4,base64-ng,encode,standard,unpadded,65536,87382,64,12090760,330.831147,ssse3-sse4.1,avx512-vbmi,avx512-vbmi,x86_64,linux,0
1,commit-5-correction-amd-9950x3d,run-2,0,base64-ng,decode,standard,unpadded,65536,87382,64,51260098,78.033405,ssse3-sse4.1,avx512-vbmi,avx512-vbmi,x86_64,linux,0
1,commit-5-correction-amd-9950x3d,run-2,1,base64-ng,decode,standard,unpadded,65536,87382,64,52016551,76.898601,ssse3-sse4.1,avx512-vbmi,avx512-vbmi,x86_64,linux,0
1,commit-5-correction-amd-9950x3d,run-2,2,base64-ng,decode,standard,unpadded,65536,87382,64,51304632,77.965670,ssse3-sse4.1,avx512-vbmi,avx512-vbmi,x86_64,linux,0
1,commit-5-correction-amd-9950x3d,run-2,3,base64-ng,decode,standard,unpadded,65536,87382,64,50278509,79.556854,ssse3-sse4.1,avx512-vbmi,avx512-vbmi,x86_64,linux,0
1,commit-5-correction-amd-9950x3d,run-2,4,base64-ng,decode,standard,unpadded,65536,87382,64,50712917,78.875368,ssse3-sse4.1,avx512-vbmi,avx512-vbmi,x86_64,linux,0
1,commit-5-correction-amd-9950x3d,run-2,0,base64-ng,encode,standard,unpadded,65536,87382,64,6400078,624.992383,avx2,avx512-vbmi,avx512-vbmi,x86_64,linux,0
1,commit-5-correction-amd-9950x3d,run-2,1,base64-ng,encode,standard,unpadded,65536,87382,64,6492713,616.075283,avx2,avx512-vbmi,avx512-vbmi,x86_64,linux,0
1,commit-5-correction-amd-9950x3d,run-2,2,base64-ng,encode,standard,unpadded,65536,87382,64,6653615,601.176954,avx2,avx512-vbmi,avx512-vbmi,x86_64,linux,0
1,commit-5-correction-amd-9950x3d,run-2,3,base64-ng,encode,standard,unpadded,65536,87382,64,6706125,596.469645,avx2,avx512-vbmi,avx512-vbmi,x86_64,linux,0
1,commit-5-correction-amd-9950x3d,run-2,4,base64-ng,encode,standard,unpadded,65536,87382,64,6629640,603.351012,avx2,avx512-vbmi,avx512-vbmi,x86_64,linux,0
1,commit-5-correction-amd-9950x3d,run-2,0,base64-ng,decode,standard,unpadded,65536,87382,64,35762943,111.847618,avx2,avx512-vbmi,avx512-vbmi,x86_64,linux,0
1,commit-5-correction-amd-9950x3d,run-2,1,base64-ng,decode,standard,unpadded,65536,87382,64,34986242,114.330656,avx2,avx512-vbmi,avx512-vbmi,x86_64,linux,0
1,commit-5-correction-amd-9950x3d,run-2,2,base64-ng,decode,standard,unpadded,65536,87382,64,35124391,113.880978,avx2,avx512-vbmi,avx512-vbmi,x86_64,linux,0
1,commit-5-correction-amd-9950x3d,run-2,3,base64-ng,decode,standard,unpadded,65536,87382,64,34997834,114.292787,avx2,avx512-vbmi,avx512-vbmi,x86_64,linux,0
1,commit-5-correction-amd-9950x3d,run-2,4,base64-ng,decode,standard,unpadded,65536,87382,64,34900861,114.610353,avx2,avx512-vbmi,avx512-vbmi,x86_64,linux,0
1,commit-5-correction-amd-9950x3d,run-2,0,base64-ng,encode,standard,unpadded,65536,87382,64,3678435,1087.418970,avx512-vbmi,avx512-vbmi,avx512-vbmi,x86_64,linux,0
1,commit-5-correction-amd-9950x3d,run-2,1,base64-ng,encode,standard,unpadded,65536,87382,64,3663076,1091.978436,avx512-vbmi,avx512-vbmi,avx512-vbmi,x86_64,linux,0
1,commit-5-correction-amd-9950x3d,run-2,2,base64-ng,encode,standard,unpadded,65536,87382,64,3636606,1099.926690,avx512-vbmi,avx512-vbmi,avx512-vbmi,x86_64,linux,0
1,commit-5-correction-amd-9950x3d,run-2,3,base64-ng,encode,standard,unpadded,65536,87382,64,3696198,1082.193108,avx512-vbmi,avx512-vbmi,avx512-vbmi,x86_64,linux,0
1,commit-5-correction-amd-9950x3d,run-2,4,base64-ng,encode,standard,unpadded,65536,87382,64,3630535,1101.765993,avx512-vbmi,avx512-vbmi,avx512-vbmi,x86_64,linux,0
1,commit-5-correction-amd-9950x3d,run-2,0,base64-ng,decode,standard,unpadded,65536,87382,64,27081171,147.704100,avx512-vbmi,avx512-vbmi,avx512-vbmi,x86_64,linux,0
1,commit-5-correction-amd-9950x3d,run-2,1,base64-ng,decode,standard,unpadded,65536,87382,64,26903576,148.679120,avx512-vbmi,avx512-vbmi,avx512-vbmi,x86_64,linux,0
1,commit-5-correction-amd-9950x3d,run-2,2,base64-ng,decode,standard,unpadded,65536,87382,64,26725761,149.668329,avx512-vbmi,avx512-vbmi,avx512-vbmi,x86_64,linux,0
1,commit-5-correction-amd-9950x3d,run-2,3,base64-ng,decode,standard,unpadded,65536,87382,64,27252793,146.773947,avx512-vbmi,avx512-vbmi,avx512-vbmi,x86_64,linux,0
1,commit-5-correction-amd-9950x3d,run-2,4,base64-ng,decode,standard,unpadded,65536,87382,64,26875513,148.834368,avx512-vbmi,avx512-vbmi,avx512-vbmi,x86_64,linux,0
1,commit-5-correction-amd-9950x3d,run-2,0,base64-0.23.0,encode,standard,unpadded,65536,87382,64,789176,5068.577858,external,avx512-vbmi,avx512-vbmi,x86_64,linux,0
1,commit-5-correction-amd-9950x3d,run-2,1,base64-0.23.0,encode,standard,unpadded,65536,87382,64,795658,5027.285593,external,avx512-vbmi,avx512-vbmi,x86_64,linux,0
1,commit-5-correction-amd-9950x3d,run-2,2,base64-0.23.0,encode,standard,unpadded,65536,87382,64,800317,4998.019535,external,avx512-vbmi,avx512-vbmi,x86_64,linux,0
1,commit-5-correction-amd-9950x3d,run-2,3,base64-0.23.0,encode,standard,unpadded,65536,87382,64,806598,4959.099824,external,avx512-vbmi,avx512-vbmi,x86_64,linux,0
1,commit-5-correction-amd-9950x3d,run-2,4,base64-0.23.0,encode,standard,unpadded,65536,87382,64,811819,4927.206680,external,avx512-vbmi,avx512-vbmi,x86_64,linux,0
1,commit-5-correction-amd-9950x3d,run-2,0,base64-0.23.0,decode,standard,unpadded,65536,87382,64,947293,4222.558385,external,avx512-vbmi,avx512-vbmi,x86_64,linux,0
1,commit-5-correction-amd-9950x3d,run-2,1,base64-0.23.0,decode,standard,unpadded,65536,87382,64,953856,4193.505099,external,avx512-vbmi,avx512-vbmi,x86_64,linux,0
1,commit-5-correction-amd-9950x3d,run-2,2,base64-0.23.0,decode,standard,unpadded,65536,87382,64,959586,4168.464317,external,avx512-vbmi,avx512-vbmi,x86_64,linux,0
1,commit-5-correction-amd-9950x3d,run-2,3,base64-0.23.0,decode,standard,unpadded,65536,87382,64,965277,4143.888231,external,avx512-vbmi,avx512-vbmi,x86_64,linux,0
1,commit-5-correction-amd-9950x3d,run-2,4,base64-0.23.0,decode,standard,unpadded,65536,87382,64,963985,4149.442159,external,avx512-vbmi,avx512-vbmi,x86_64,linux,0
1,commit-5-correction-amd-9950x3d,run-2,0,base64ct-1.8.3,encode,standard,unpadded,65536,87382,64,1350613,2961.618169,external,avx512-vbmi,avx512-vbmi,x86_64,linux,0
1,commit-5-correction-amd-9950x3d,run-2,1,base64ct-1.8.3,encode,standard,unpadded,65536,87382,64,1336335,2993.261420,external,avx512-vbmi,avx512-vbmi,x86_64,linux,0
1,commit-5-correction-amd-9950x3d,run-2,2,base64ct-1.8.3,encode,standard,unpadded,65536,87382,64,1346335,2971.028756,external,avx512-vbmi,avx512-vbmi,x86_64,linux,0
1,commit-5-correction-amd-9950x3d,run-2,3,base64ct-1.8.3,encode,standard,unpadded,65536,87382,64,1343128,2978.122711,external,avx512-vbmi,avx512-vbmi,x86_64,linux,0
1,commit-5-correction-amd-9950x3d,run-2,4,base64ct-1.8.3,encode,standard,unpadded,65536,87382,64,1346685,2970.256593,external,avx512-vbmi,avx512-vbmi,x86_64,linux,0
1,commit-5-correction-amd-9950x3d,run-2,0,base64ct-1.8.3,decode,standard,unpadded,65536,87382,64,4593427,870.809528,external,avx512-vbmi,avx512-vbmi,x86_64,linux,0
1,commit-5-correction-amd-9950x3d,run-2,1,base64ct-1.8.3,decode,standard,unpadded,65536,87382,64,4598116,869.921507,external,avx512-vbmi,avx512-vbmi,x86_64,linux,0
1,commit-5-correction-amd-9950x3d,run-2,2,base64ct-1.8.3,decode,standard,unpadded,65536,87382,64,4607433,868.162380,external,avx512-vbmi,avx512-vbmi,x86_64,linux,0
1,commit-5-correction-amd-9950x3d,run-2,3,base64ct-1.8.3,decode,standard,unpadded,65536,87382,64,4600862,869.402299,external,avx512-vbmi,avx512-vbmi,x86_64,linux,0
1,commit-5-correction-amd-9950x3d,run-2,4,base64ct-1.8.3,decode,standard,unpadded,65536,87382,64,4605460,868.534305,external,avx512-vbmi,avx512-vbmi,x86_64,linux,0
1,commit-5-correction-amd-9950x3d,run-2,0,base64-ng,encode,url-safe,padded,1,4,4194304,36053821,110.945245,auto,avx512-vbmi,avx512-vbmi,x86_64,linux,0
1,commit-5-correction-amd-9950x3d,run-2,1,base64-ng,encode,url-safe,padded,1,4,4194304,38565209,103.720428,auto,avx512-vbmi,avx512-vbmi,x86_64,linux,0
1,commit-5-correction-amd-9950x3d,run-2,2,base64-ng,encode,url-safe,padded,1,4,4194304,35699876,112.045207,auto,avx512-vbmi,avx512-vbmi,x86_64,linux,0
1,commit-5-correction-amd-9950x3d,run-2,3,base64-ng,encode,url-safe,padded,1,4,4194304,35782511,111.786453,auto,avx512-vbmi,avx512-vbmi,x86_64,linux,0
1,commit-5-correction-amd-9950x3d,run-2,4,base64-ng,encode,url-safe,padded,1,4,4194304,35761501,111.852128,auto,avx512-vbmi,avx512-vbmi,x86_64,linux,0
1,commit-5-correction-amd-9950x3d,run-2,0,base64-ng,decode,url-safe,padded,1,4,4194304,57202083,69.927523,auto,avx512-vbmi,avx512-vbmi,x86_64,linux,0
1,commit-5-correction-amd-9950x3d,run-2,1,base64-ng,decode,url-safe,padded,1,4,4194304,57175994,69.959431,auto,avx512-vbmi,avx512-vbmi,x86_64,linux,0
1,commit-5-correction-amd-9950x3d,run-2,2,base64-ng,decode,url-safe,padded,1,4,4194304,58240248,68.681026,auto,avx512-vbmi,avx512-vbmi,x86_64,linux,0
1,commit-5-correction-amd-9950x3d,run-2,3,base64-ng,decode,url-safe,padded,1,4,4194304,58610054,68.247676,auto,avx512-vbmi,avx512-vbmi,x86_64,linux,0
1,commit-5-correction-amd-9950x3d,run-2,4,base64-ng,decode,url-safe,padded,1,4,4194304,57177958,69.957028,auto,avx512-vbmi,avx512-vbmi,x86_64,linux,0
1,commit-5-correction-amd-9950x3d,run-2,0,base64-ng,encode,url-safe,padded,1,4,4194304,26843113,149.014013,scalar,avx512-vbmi,avx512-vbmi,x86_64,linux,0
1,commit-5-correction-amd-9950x3d,run-2,1,base64-ng,encode,url-safe,padded,1,4,4194304,26896794,148.716609,scalar,avx512-vbmi,avx512-vbmi,x86_64,linux,0
1,commit-5-correction-amd-9950x3d,run-2,2,base64-ng,encode,url-safe,padded,1,4,4194304,26828064,149.097602,scalar,avx512-vbmi,avx512-vbmi,x86_64,linux,0
1,commit-5-correction-amd-9950x3d,run-2,3,base64-ng,encode,url-safe,padded,1,4,4194304,26818325,149.151746,scalar,avx512-vbmi,avx512-vbmi,x86_64,linux,0
1,commit-5-correction-amd-9950x3d,run-2,4,base64-ng,encode,url-safe,padded,1,4,4194304,26858321,148.929637,scalar,avx512-vbmi,avx512-vbmi,x86_64,linux,0
1,commit-5-correction-amd-9950x3d,run-2,0,base64-ng,decode,url-safe,padded,1,4,4194304,38569648,103.708491,scalar,avx512-vbmi,avx512-vbmi,x86_64,linux,0
1,commit-5-correction-amd-9950x3d,run-2,1,base64-ng,decode,url-safe,padded,1,4,4194304,38986663,102.599189,scalar,avx512-vbmi,avx512-vbmi,x86_64,linux,0
1,commit-5-correction-amd-9950x3d,run-2,2,base64-ng,decode,url-safe,padded,1,4,4194304,38540813,103.786083,scalar,avx512-vbmi,avx512-vbmi,x86_64,linux,0
1,commit-5-correction-amd-9950x3d,run-2,3,base64-ng,decode,url-safe,padded,1,4,4194304,38586460,103.663306,scalar,avx512-vbmi,avx512-vbmi,x86_64,linux,0
1,commit-5-correction-amd-9950x3d,run-2,4,base64-ng,decode,url-safe,padded,1,4,4194304,38499556,103.897302,scalar,avx512-vbmi,avx512-vbmi,x86_64,linux,0
1,commit-5-correction-amd-9950x3d,run-2,0,base64-ng,encode,url-safe,padded,1,4,4194304,33448407,119.587160,ssse3-sse4.1,avx512-vbmi,avx512-vbmi,x86_64,linux,0
1,commit-5-correction-amd-9950x3d,run-2,1,base64-ng,encode,url-safe,padded,1,4,4194304,33826649,118.249963,ssse3-sse4.1,avx512-vbmi,avx512-vbmi,x86_64,linux,0
1,commit-5-correction-amd-9950x3d,run-2,2,base64-ng,encode,url-safe,padded,1,4,4194304,33673902,118.786353,ssse3-sse4.1,avx512-vbmi,avx512-vbmi,x86_64,linux,0
1,commit-5-correction-amd-9950x3d,run-2,3,base64-ng,encode,url-safe,padded,1,4,4194304,33550028,119.224938,ssse3-sse4.1,avx512-vbmi,avx512-vbmi,x86_64,linux,0
1,commit-5-correction-amd-9950x3d,run-2,4,base64-ng,encode,url-safe,padded,1,4,4194304,33479144,119.477368,ssse3-sse4.1,avx512-vbmi,avx512-vbmi,x86_64,linux,0
1,commit-5-correction-amd-9950x3d,run-2,0,base64-ng,decode,url-safe,padded,1,4,4194304,50460342,79.270172,ssse3-sse4.1,avx512-vbmi,avx512-vbmi,x86_64,linux,0
1,commit-5-correction-amd-9950x3d,run-2,1,base64-ng,decode,url-safe,padded,1,4,4194304,46096477,86.774527,ssse3-sse4.1,avx512-vbmi,avx512-vbmi,x86_64,linux,0
1,commit-5-correction-amd-9950x3d,run-2,2,base64-ng,decode,url-safe,padded,1,4,4194304,45517667,87.877966,ssse3-sse4.1,avx512-vbmi,avx512-vbmi,x86_64,linux,0
1,commit-5-correction-amd-9950x3d,run-2,3,base64-ng,decode,url-safe,padded,1,4,4194304,45628276,87.664938,ssse3-sse4.1,avx512-vbmi,avx512-vbmi,x86_64,linux,0
1,commit-5-correction-amd-9950x3d,run-2,4,base64-ng,decode,url-safe,padded,1,4,4194304,45880410,87.183179,ssse3-sse4.1,avx512-vbmi,avx512-vbmi,x86_64,linux,0
1,commit-5-correction-amd-9950x3d,run-2,0,base64-ng,encode,url-safe,padded,1,4,4194304,33994395,117.666456,avx2,avx512-vbmi,avx512-vbmi,x86_64,linux,0
1,commit-5-correction-amd-9950x3d,run-2,1,base64-ng,encode,url-safe,padded,1,4,4194304,33942517,117.846299,avx2,avx512-vbmi,avx512-vbmi,x86_64,linux,0
1,commit-5-correction-amd-9950x3d,run-2,2,base64-ng,encode,url-safe,padded,1,4,4194304,34232453,116.848185,avx2,avx512-vbmi,avx512-vbmi,x86_64,linux,0
1,commit-5-correction-amd-9950x3d,run-2,3,base64-ng,encode,url-safe,padded,1,4,4194304,34313635,116.571736,avx2,avx512-vbmi,avx512-vbmi,x86_64,linux,0
1,commit-5-correction-amd-9950x3d,run-2,4,base64-ng,encode,url-safe,padded,1,4,4194304,33965270,117.767355,avx2,avx512-vbmi,avx512-vbmi,x86_64,linux,0
1,commit-5-correction-amd-9950x3d,run-2,0,base64-ng,decode,url-safe,padded,1,4,4194304,50246419,79.607663,avx2,avx512-vbmi,avx512-vbmi,x86_64,linux,0
1,commit-5-correction-amd-9950x3d,run-2,1,base64-ng,decode,url-safe,padded,1,4,4194304,50437328,79.306342,avx2,avx512-vbmi,avx512-vbmi,x86_64,linux,0
1,commit-5-correction-amd-9950x3d,run-2,2,base64-ng,decode,url-safe,padded,1,4,4194304,50343732,79.453784,avx2,avx512-vbmi,avx512-vbmi,x86_64,linux,0
1,commit-5-correction-amd-9950x3d,run-2,3,base64-ng,decode,url-safe,padded,1,4,4194304,50418963,79.335229,avx2,avx512-vbmi,avx512-vbmi,x86_64,linux,0
1,commit-5-correction-amd-9950x3d,run-2,4,base64-ng,decode,url-safe,padded,1,4,4194304,50392724,79.376539,avx2,avx512-vbmi,avx512-vbmi,x86_64,linux,0
1,commit-5-correction-amd-9950x3d,run-2,0,base64-ng,encode,url-safe,padded,1,4,4194304,35249206,113.477733,avx512-vbmi,avx512-vbmi,avx512-vbmi,x86_64,linux,0
1,commit-5-correction-amd-9950x3d,run-2,1,base64-ng,encode,url-safe,padded,1,4,4194304,35142967,113.820782,avx512-vbmi,avx512-vbmi,avx512-vbmi,x86_64,linux,0
1,commit-5-correction-amd-9950x3d,run-2,2,base64-ng,encode,url-safe,padded,1,4,4194304,35170509,113.731649,avx512-vbmi,avx512-vbmi,avx512-vbmi,x86_64,linux,0
1,commit-5-correction-amd-9950x3d,run-2,3,base64-ng,encode,url-safe,padded,1,4,4194304,35367329,113.098730,avx512-vbmi,avx512-vbmi,avx512-vbmi,x86_64,linux,0
1,commit-5-correction-amd-9950x3d,run-2,4,base64-ng,encode,url-safe,padded,1,4,4194304,35681701,112.102279,avx512-vbmi,avx512-vbmi,avx512-vbmi,x86_64,linux,0
1,commit-5-correction-amd-9950x3d,run-2,0,base64-ng,decode,url-safe,padded,1,4,4194304,55436199,72.155019,avx512-vbmi,avx512-vbmi,avx512-vbmi,x86_64,linux,0
1,commit-5-correction-amd-9950x3d,run-2,1,base64-ng,decode,url-safe,padded,1,4,4194304,60411776,66.212256,avx512-vbmi,avx512-vbmi,avx512-vbmi,x86_64,linux,0
1,commit-5-correction-amd-9950x3d,run-2,2,base64-ng,decode,url-safe,padded,1,4,4194304,54657883,73.182490,avx512-vbmi,avx512-vbmi,avx512-vbmi,x86_64,linux,0
1,commit-5-correction-amd-9950x3d,run-2,3,base64-ng,decode,url-safe,padded,1,4,4194304,54817975,72.968766,avx512-vbmi,avx512-vbmi,avx512-vbmi,x86_64,linux,0
1,commit-5-correction-amd-9950x3d,run-2,4,base64-ng,decode,url-safe,padded,1,4,4194304,55043489,72.669812,avx512-vbmi,avx512-vbmi,avx512-vbmi,x86_64,linux,0
1,commit-5-correction-amd-9950x3d,run-2,0,base64-0.23.0,encode,url-safe,padded,1,4,4194304,27859005,143.580146,external,avx512-vbmi,avx512-vbmi,x86_64,linux,0
1,commit-5-correction-amd-9950x3d,run-2,1,base64-0.23.0,encode,url-safe,padded,1,4,4194304,29180453,137.078064,external,avx512-vbmi,avx512-vbmi,x86_64,linux,0
1,commit-5-correction-amd-9950x3d,run-2,2,base64-0.23.0,encode,url-safe,padded,1,4,4194304,27798712,143.891559,external,avx512-vbmi,avx512-vbmi,x86_64,linux,0
1,commit-5-correction-amd-9950x3d,run-2,3,base64-0.23.0,encode,url-safe,padded,1,4,4194304,28033804,142.684881,external,avx512-vbmi,avx512-vbmi,x86_64,linux,0
1,commit-5-correction-amd-9950x3d,run-2,4,base64-0.23.0,encode,url-safe,padded,1,4,4194304,28088557,142.406746,external,avx512-vbmi,avx512-vbmi,x86_64,linux,0
1,commit-5-correction-amd-9950x3d,run-2,0,base64-0.23.0,decode,url-safe,padded,1,4,4194304,52657869,75.962056,external,avx512-vbmi,avx512-vbmi,x86_64,linux,0
1,commit-5-correction-amd-9950x3d,run-2,1,base64-0.23.0,decode,url-safe,padded,1,4,4194304,52695890,75.907248,external,avx512-vbmi,avx512-vbmi,x86_64,linux,0
1,commit-5-correction-amd-9950x3d,run-2,2,base64-0.23.0,decode,url-safe,padded,1,4,4194304,52599980,76.045656,external,avx512-vbmi,avx512-vbmi,x86_64,linux,0
1,commit-5-correction-amd-9950x3d,run-2,3,base64-0.23.0,decode,url-safe,padded,1,4,4194304,52394393,76.344047,external,avx512-vbmi,avx512-vbmi,x86_64,linux,0
1,commit-5-correction-amd-9950x3d,run-2,4,base64-0.23.0,decode,url-safe,padded,1,4,4194304,52687234,75.919719,external,avx512-vbmi,avx512-vbmi,x86_64,linux,0
1,commit-5-correction-amd-9950x3d,run-2,0,base64ct-1.8.3,encode,url-safe,padded,1,4,4194304,33589522,119.084755,external,avx512-vbmi,avx512-vbmi,x86_64,linux,0
1,commit-5-correction-amd-9950x3d,run-2,1,base64ct-1.8.3,encode,url-safe,padded,1,4,4194304,33617535,118.985523,external,avx512-vbmi,avx512-vbmi,x86_64,linux,0
1,commit-5-correction-amd-9950x3d,run-2,2,base64ct-1.8.3,encode,url-safe,padded,1,4,4194304,33222431,120.400581,external,avx512-vbmi,avx512-vbmi,x86_64,linux,0
1,commit-5-correction-amd-9950x3d,run-2,3,base64ct-1.8.3,encode,url-safe,padded,1,4,4194304,33090524,120.880528,external,avx512-vbmi,avx512-vbmi,x86_64,linux,0
1,commit-5-correction-amd-9950x3d,run-2,4,base64ct-1.8.3,encode,url-safe,padded,1,4,4194304,33221640,120.403448,external,avx512-vbmi,avx512-vbmi,x86_64,linux,0
1,commit-5-correction-amd-9950x3d,run-2,0,base64ct-1.8.3,decode,url-safe,padded,1,4,4194304,108490855,36.869467,external,avx512-vbmi,avx512-vbmi,x86_64,linux,0
1,commit-5-correction-amd-9950x3d,run-2,1,base64ct-1.8.3,decode,url-safe,padded,1,4,4194304,107571955,37.184413,external,avx512-vbmi,avx512-vbmi,x86_64,linux,0
1,commit-5-correction-amd-9950x3d,run-2,2,base64ct-1.8.3,decode,url-safe,padded,1,4,4194304,107123671,37.340020,external,avx512-vbmi,avx512-vbmi,x86_64,linux,0
1,commit-5-correction-amd-9950x3d,run-2,3,base64ct-1.8.3,decode,url-safe,padded,1,4,4194304,107389772,37.247495,external,avx512-vbmi,avx512-vbmi,x86_64,linux,0
1,commit-5-correction-amd-9950x3d,run-2,4,base64ct-1.8.3,decode,url-safe,padded,1,4,4194304,109328301,36.587050,external,avx512-vbmi,avx512-vbmi,x86_64,linux,0
1,commit-5-correction-amd-9950x3d,run-2,0,base64-ng,encode,url-safe,padded,2,4,2097152,21127452,189.327137,auto,avx512-vbmi,avx512-vbmi,x86_64,linux,0
1,commit-5-correction-amd-9950x3d,run-2,1,base64-ng,encode,url-safe,padded,2,4,2097152,21171345,188.934619,auto,avx512-vbmi,avx512-vbmi,x86_64,linux,0
1,commit-5-correction-amd-9950x3d,run-2,2,base64-ng,encode,url-safe,padded,2,4,2097152,21150856,189.117641,auto,avx512-vbmi,avx512-vbmi,x86_64,linux,0
1,commit-5-correction-amd-9950x3d,run-2,3,base64-ng,encode,url-safe,padded,2,4,2097152,21135898,189.251481,auto,avx512-vbmi,avx512-vbmi,x86_64,linux,0
1,commit-5-correction-amd-9950x3d,run-2,4,base64-ng,encode,url-safe,padded,2,4,2097152,21269410,188.063515,auto,avx512-vbmi,avx512-vbmi,x86_64,linux,0
1,commit-5-correction-amd-9950x3d,run-2,0,base64-ng,decode,url-safe,padded,2,4,2097152,33226109,120.387253,auto,avx512-vbmi,avx512-vbmi,x86_64,linux,0
1,commit-5-correction-amd-9950x3d,run-2,1,base64-ng,decode,url-safe,padded,2,4,2097152,33186493,120.530964,auto,avx512-vbmi,avx512-vbmi,x86_64,linux,0
1,commit-5-correction-amd-9950x3d,run-2,2,base64-ng,decode,url-safe,padded,2,4,2097152,33236127,120.350966,auto,avx512-vbmi,avx512-vbmi,x86_64,linux,0
1,commit-5-correction-amd-9950x3d,run-2,3,base64-ng,decode,url-safe,padded,2,4,2097152,33198597,120.487019,auto,avx512-vbmi,avx512-vbmi,x86_64,linux,0
1,commit-5-correction-amd-9950x3d,run-2,4,base64-ng,decode,url-safe,padded,2,4,2097152,33470669,119.507620,auto,avx512-vbmi,avx512-vbmi,x86_64,linux,0
1,commit-5-correction-amd-9950x3d,run-2,0,base64-ng,encode,url-safe,padded,2,4,2097152,18182278,219.994436,scalar,avx512-vbmi,avx512-vbmi,x86_64,linux,0
1,commit-5-correction-amd-9950x3d,run-2,1,base64-ng,encode,url-safe,padded,2,4,2097152,18033708,221.806852,scalar,avx512-vbmi,avx512-vbmi,x86_64,linux,0
1,commit-5-correction-amd-9950x3d,run-2,2,base64-ng,encode,url-safe,padded,2,4,2097152,18090807,221.106775,scalar,avx512-vbmi,avx512-vbmi,x86_64,linux,0
1,commit-5-correction-amd-9950x3d,run-2,3,base64-ng,encode,url-safe,padded,2,4,2097152,18056852,221.522556,scalar,avx512-vbmi,avx512-vbmi,x86_64,linux,0
1,commit-5-correction-amd-9950x3d,run-2,4,base64-ng,encode,url-safe,padded,2,4,2097152,18063835,221.436921,scalar,avx512-vbmi,avx512-vbmi,x86_64,linux,0
1,commit-5-correction-amd-9950x3d,run-2,0,base64-ng,decode,url-safe,padded,2,4,2097152,23615476,169.380452,scalar,avx512-vbmi,avx512-vbmi,x86_64,linux,0
1,commit-5-correction-amd-9950x3d,run-2,1,base64-ng,decode,url-safe,padded,2,4,2097152,23719371,168.638536,scalar,avx512-vbmi,avx512-vbmi,x86_64,linux,0
1,commit-5-correction-amd-9950x3d,run-2,2,base64-ng,decode,url-safe,padded,2,4,2097152,23679397,168.923220,scalar,avx512-vbmi,avx512-vbmi,x86_64,linux,0
1,commit-5-correction-amd-9950x3d,run-2,3,base64-ng,decode,url-safe,padded,2,4,2097152,23668095,169.003885,scalar,avx512-vbmi,avx512-vbmi,x86_64,linux,0
1,commit-5-correction-amd-9950x3d,run-2,4,base64-ng,decode,url-safe,padded,2,4,2097152,23748116,168.434414,scalar,avx512-vbmi,avx512-vbmi,x86_64,linux,0
1,commit-5-correction-amd-9950x3d,run-2,0,base64-ng,encode,url-safe,padded,2,4,2097152,22197857,180.197575,ssse3-sse4.1,avx512-vbmi,avx512-vbmi,x86_64,linux,0
1,commit-5-correction-amd-9950x3d,run-2,1,base64-ng,encode,url-safe,padded,2,4,2097152,21922208,182.463372,ssse3-sse4.1,avx512-vbmi,avx512-vbmi,x86_64,linux,0
1,commit-5-correction-amd-9950x3d,run-2,2,base64-ng,encode,url-safe,padded,2,4,2097152,21849271,183.072470,ssse3-sse4.1,avx512-vbmi,avx512-vbmi,x86_64,linux,0
1,commit-5-correction-amd-9950x3d,run-2,3,base64-ng,encode,url-safe,padded,2,4,2097152,21812021,183.385116,ssse3-sse4.1,avx512-vbmi,avx512-vbmi,x86_64,linux,0
1,commit-5-correction-amd-9950x3d,run-2,4,base64-ng,encode,url-safe,padded,2,4,2097152,21897823,182.666560,ssse3-sse4.1,avx512-vbmi,avx512-vbmi,x86_64,linux,0
1,commit-5-correction-amd-9950x3d,run-2,0,base64-ng,decode,url-safe,padded,2,4,2097152,31183253,128.273981,ssse3-sse4.1,avx512-vbmi,avx512-vbmi,x86_64,linux,0
1,commit-5-correction-amd-9950x3d,run-2,1,base64-ng,decode,url-safe,padded,2,4,2097152,27891115,143.414847,ssse3-sse4.1,avx512-vbmi,avx512-vbmi,x86_64,linux,0
1,commit-5-correction-amd-9950x3d,run-2,2,base64-ng,decode,url-safe,padded,2,4,2097152,27383890,146.071285,ssse3-sse4.1,avx512-vbmi,avx512-vbmi,x86_64,linux,0
1,commit-5-correction-amd-9950x3d,run-2,3,base64-ng,decode,url-safe,padded,2,4,2097152,27315241,146.438393,ssse3-sse4.1,avx512-vbmi,avx512-vbmi,x86_64,linux,0
1,commit-5-correction-amd-9950x3d,run-2,4,base64-ng,decode,url-safe,padded,2,4,2097152,27424076,145.857239,ssse3-sse4.1,avx512-vbmi,avx512-vbmi,x86_64,linux,0
1,commit-5-correction-amd-9950x3d,run-2,0,base64-ng,encode,url-safe,padded,2,4,2097152,21646730,184.785416,avx2,avx512-vbmi,avx512-vbmi,x86_64,linux,0
1,commit-5-correction-amd-9950x3d,run-2,1,base64-ng,encode,url-safe,padded,2,4,2097152,21843660,183.119496,avx2,avx512-vbmi,avx512-vbmi,x86_64,linux,0
1,commit-5-correction-amd-9950x3d,run-2,2,base64-ng,encode,url-safe,padded,2,4,2097152,21720540,184.157484,avx2,avx512-vbmi,avx512-vbmi,x86_64,linux,0
1,commit-5-correction-amd-9950x3d,run-2,3,base64-ng,encode,url-safe,padded,2,4,2097152,21611163,185.089530,avx2,avx512-vbmi,avx512-vbmi,x86_64,linux,0
1,commit-5-correction-amd-9950x3d,run-2,4,base64-ng,encode,url-safe,padded,2,4,2097152,21618857,185.023658,avx2,avx512-vbmi,avx512-vbmi,x86_64,linux,0
1,commit-5-correction-amd-9950x3d,run-2,0,base64-ng,decode,url-safe,padded,2,4,2097152,28734793,139.204065,avx2,avx512-vbmi,avx512-vbmi,x86_64,linux,0
1,commit-5-correction-amd-9950x3d,run-2,1,base64-ng,decode,url-safe,padded,2,4,2097152,28722149,139.265345,avx2,avx512-vbmi,avx512-vbmi,x86_64,linux,0
1,commit-5-correction-amd-9950x3d,run-2,2,base64-ng,decode,url-safe,padded,2,4,2097152,28915614,138.333566,avx2,avx512-vbmi,avx512-vbmi,x86_64,linux,0
1,commit-5-correction-amd-9950x3d,run-2,3,base64-ng,decode,url-safe,padded,2,4,2097152,28714746,139.301250,avx2,avx512-vbmi,avx512-vbmi,x86_64,linux,0
1,commit-5-correction-amd-9950x3d,run-2,4,base64-ng,decode,url-safe,padded,2,4,2097152,28676253,139.488238,avx2,avx512-vbmi,avx512-vbmi,x86_64,linux,0
1,commit-5-correction-amd-9950x3d,run-2,0,base64-ng,encode,url-safe,padded,2,4,2097152,22156009,180.537930,avx512-vbmi,avx512-vbmi,avx512-vbmi,x86_64,linux,0
1,commit-5-correction-amd-9950x3d,run-2,1,base64-ng,encode,url-safe,padded,2,4,2097152,22276616,179.560486,avx512-vbmi,avx512-vbmi,avx512-vbmi,x86_64,linux,0
1,commit-5-correction-amd-9950x3d,run-2,2,base64-ng,encode,url-safe,padded,2,4,2097152,22623498,176.807318,avx512-vbmi,avx512-vbmi,avx512-vbmi,x86_64,linux,0
1,commit-5-correction-amd-9950x3d,run-2,3,base64-ng,encode,url-safe,padded,2,4,2097152,22297896,179.389123,avx512-vbmi,avx512-vbmi,avx512-vbmi,x86_64,linux,0
1,commit-5-correction-amd-9950x3d,run-2,4,base64-ng,encode,url-safe,padded,2,4,2097152,22254855,179.736062,avx512-vbmi,avx512-vbmi,avx512-vbmi,x86_64,linux,0
1,commit-5-correction-amd-9950x3d,run-2,0,base64-ng,decode,url-safe,padded,2,4,2097152,31786528,125.839475,avx512-vbmi,avx512-vbmi,avx512-vbmi,x86_64,linux,0
1,commit-5-correction-amd-9950x3d,run-2,1,base64-ng,decode,url-safe,padded,2,4,2097152,31756261,125.959413,avx512-vbmi,avx512-vbmi,avx512-vbmi,x86_64,linux,0
1,commit-5-correction-amd-9950x3d,run-2,2,base64-ng,decode,url-safe,padded,2,4,2097152,33450330,119.580285,avx512-vbmi,avx512-vbmi,avx512-vbmi,x86_64,linux,0
1,commit-5-correction-amd-9950x3d,run-2,3,base64-ng,decode,url-safe,padded,2,4,2097152,31536397,126.837571,avx512-vbmi,avx512-vbmi,avx512-vbmi,x86_64,linux,0
1,commit-5-correction-amd-9950x3d,run-2,4,base64-ng,decode,url-safe,padded,2,4,2097152,31619264,126.505158,avx512-vbmi,avx512-vbmi,avx512-vbmi,x86_64,linux,0
1,commit-5-correction-amd-9950x3d,run-2,0,base64-0.23.0,encode,url-safe,padded,2,4,2097152,14473837,276.360719,external,avx512-vbmi,avx512-vbmi,x86_64,linux,0
1,commit-5-correction-amd-9950x3d,run-2,1,base64-0.23.0,encode,url-safe,padded,2,4,2097152,14774223,270.741818,external,avx512-vbmi,avx512-vbmi,x86_64,linux,0
1,commit-5-correction-amd-9950x3d,run-2,2,base64-0.23.0,encode,url-safe,padded,2,4,2097152,14445353,276.905660,external,avx512-vbmi,avx512-vbmi,x86_64,linux,0
1,commit-5-correction-amd-9950x3d,run-2,3,base64-0.23.0,encode,url-safe,padded,2,4,2097152,14732785,271.503317,external,avx512-vbmi,avx512-vbmi,x86_64,linux,0
1,commit-5-correction-amd-9950x3d,run-2,4,base64-0.23.0,encode,url-safe,padded,2,4,2097152,14878068,268.852112,external,avx512-vbmi,avx512-vbmi,x86_64,linux,0
1,commit-5-correction-amd-9950x3d,run-2,0,base64-0.23.0,decode,url-safe,padded,2,4,2097152,26695664,149.837067,external,avx512-vbmi,avx512-vbmi,x86_64,linux,0
1,commit-5-correction-amd-9950x3d,run-2,1,base64-0.23.0,decode,url-safe,padded,2,4,2097152,26674315,149.956990,external,avx512-vbmi,avx512-vbmi,x86_64,linux,0
1,commit-5-correction-amd-9950x3d,run-2,2,base64-0.23.0,decode,url-safe,padded,2,4,2097152,26848793,148.982489,external,avx512-vbmi,avx512-vbmi,x86_64,linux,0
1,commit-5-correction-amd-9950x3d,run-2,3,base64-0.23.0,decode,url-safe,padded,2,4,2097152,26794531,149.284195,external,avx512-vbmi,avx512-vbmi,x86_64,linux,0
1,commit-5-correction-amd-9950x3d,run-2,4,base64-0.23.0,decode,url-safe,padded,2,4,2097152,26691176,149.862262,external,avx512-vbmi,avx512-vbmi,x86_64,linux,0
1,commit-5-correction-amd-9950x3d,run-2,0,base64ct-1.8.3,encode,url-safe,padded,2,4,2097152,17179030,232.842017,external,avx512-vbmi,avx512-vbmi,x86_64,linux,0
1,commit-5-correction-amd-9950x3d,run-2,1,base64ct-1.8.3,encode,url-safe,padded,2,4,2097152,17156768,233.144145,external,avx512-vbmi,avx512-vbmi,x86_64,linux,0
1,commit-5-correction-amd-9950x3d,run-2,2,base64ct-1.8.3,encode,url-safe,padded,2,4,2097152,17161516,233.079642,external,avx512-vbmi,avx512-vbmi,x86_64,linux,0
1,commit-5-correction-amd-9950x3d,run-2,3,base64ct-1.8.3,encode,url-safe,padded,2,4,2097152,17191653,232.671053,external,avx512-vbmi,avx512-vbmi,x86_64,linux,0
1,commit-5-correction-amd-9950x3d,run-2,4,base64ct-1.8.3,encode,url-safe,padded,2,4,2097152,17112815,233.742958,external,avx512-vbmi,avx512-vbmi,x86_64,linux,0
1,commit-5-correction-amd-9950x3d,run-2,0,base64ct-1.8.3,decode,url-safe,padded,2,4,2097152,57172328,69.963917,external,avx512-vbmi,avx512-vbmi,x86_64,linux,0
1,commit-5-correction-amd-9950x3d,run-2,1,base64ct-1.8.3,decode,url-safe,padded,2,4,2097152,56532142,70.756208,external,avx512-vbmi,avx512-vbmi,x86_64,linux,0
1,commit-5-correction-amd-9950x3d,run-2,2,base64ct-1.8.3,decode,url-safe,padded,2,4,2097152,56824763,70.391847,external,avx512-vbmi,avx512-vbmi,x86_64,linux,0
1,commit-5-correction-amd-9950x3d,run-2,3,base64ct-1.8.3,decode,url-safe,padded,2,4,2097152,56425381,70.890084,external,avx512-vbmi,avx512-vbmi,x86_64,linux,0
1,commit-5-correction-amd-9950x3d,run-2,4,base64ct-1.8.3,decode,url-safe,padded,2,4,2097152,56535789,70.751644,external,avx512-vbmi,avx512-vbmi,x86_64,linux,0
1,commit-5-correction-amd-9950x3d,run-2,0,base64-ng,encode,url-safe,padded,3,4,1398101,20636959,193.826961,auto,avx512-vbmi,avx512-vbmi,x86_64,linux,0
1,commit-5-correction-amd-9950x3d,run-2,1,base64-ng,encode,url-safe,padded,3,4,1398101,18525284,215.921065,auto,avx512-vbmi,avx512-vbmi,x86_64,linux,0
1,commit-5-correction-amd-9950x3d,run-2,2,base64-ng,encode,url-safe,padded,3,4,1398101,18554829,215.577252,auto,avx512-vbmi,avx512-vbmi,x86_64,linux,0
1,commit-5-correction-amd-9950x3d,run-2,3,base64-ng,encode,url-safe,padded,3,4,1398101,18535433,215.802838,auto,avx512-vbmi,avx512-vbmi,x86_64,linux,0
1,commit-5-correction-amd-9950x3d,run-2,4,base64-ng,encode,url-safe,padded,3,4,1398101,18501930,216.193610,auto,avx512-vbmi,avx512-vbmi,x86_64,linux,0
1,commit-5-correction-amd-9950x3d,run-2,0,base64-ng,decode,url-safe,padded,3,4,1398101,24648631,162.280779,auto,avx512-vbmi,avx512-vbmi,x86_64,linux,0
1,commit-5-correction-amd-9950x3d,run-2,1,base64-ng,decode,url-safe,padded,3,4,1398101,24614096,162.508469,auto,avx512-vbmi,avx512-vbmi,x86_64,linux,0
1,commit-5-correction-amd-9950x3d,run-2,2,base64-ng,decode,url-safe,padded,3,4,1398101,24727600,161.762526,auto,avx512-vbmi,avx512-vbmi,x86_64,linux,0
1,commit-5-correction-amd-9950x3d,run-2,3,base64-ng,decode,url-safe,padded,3,4,1398101,24738330,161.692363,auto,avx512-vbmi,avx512-vbmi,x86_64,linux,0
1,commit-5-correction-amd-9950x3d,run-2,4,base64-ng,decode,url-safe,padded,3,4,1398101,24724805,161.780813,auto,avx512-vbmi,avx512-vbmi,x86_64,linux,0
1,commit-5-correction-amd-9950x3d,run-2,0,base64-ng,encode,url-safe,padded,3,4,1398101,18147423,220.416918,scalar,avx512-vbmi,avx512-vbmi,x86_64,linux,0
1,commit-5-correction-amd-9950x3d,run-2,1,base64-ng,encode,url-safe,padded,3,4,1398101,18134017,220.579866,scalar,avx512-vbmi,avx512-vbmi,x86_64,linux,0
1,commit-5-correction-amd-9950x3d,run-2,2,base64-ng,encode,url-safe,padded,3,4,1398101,18264733,219.001233,scalar,avx512-vbmi,avx512-vbmi,x86_64,linux,0
1,commit-5-correction-amd-9950x3d,run-2,3,base64-ng,encode,url-safe,padded,3,4,1398101,18716915,213.710382,scalar,avx512-vbmi,avx512-vbmi,x86_64,linux,0
1,commit-5-correction-amd-9950x3d,run-2,4,base64-ng,encode,url-safe,padded,3,4,1398101,18716965,213.709811,scalar,avx512-vbmi,avx512-vbmi,x86_64,linux,0
1,commit-5-correction-amd-9950x3d,run-2,0,base64-ng,decode,url-safe,padded,3,4,1398101,18500357,216.211992,scalar,avx512-vbmi,avx512-vbmi,x86_64,linux,0
1,commit-5-correction-amd-9950x3d,run-2,1,base64-ng,decode,url-safe,padded,3,4,1398101,18582852,215.252161,scalar,avx512-vbmi,avx512-vbmi,x86_64,linux,0
1,commit-5-correction-amd-9950x3d,run-2,2,base64-ng,decode,url-safe,padded,3,4,1398101,18338322,218.122413,scalar,avx512-vbmi,avx512-vbmi,x86_64,linux,0
1,commit-5-correction-amd-9950x3d,run-2,3,base64-ng,decode,url-safe,padded,3,4,1398101,18347259,218.016165,scalar,avx512-vbmi,avx512-vbmi,x86_64,linux,0
1,commit-5-correction-amd-9950x3d,run-2,4,base64-ng,decode,url-safe,padded,3,4,1398101,18339885,218.103824,scalar,avx512-vbmi,avx512-vbmi,x86_64,linux,0
1,commit-5-correction-amd-9950x3d,run-2,0,base64-ng,encode,url-safe,padded,3,4,1398101,20472750,195.381619,ssse3-sse4.1,avx512-vbmi,avx512-vbmi,x86_64,linux,0
1,commit-5-correction-amd-9950x3d,run-2,1,base64-ng,encode,url-safe,padded,3,4,1398101,20542020,194.722771,ssse3-sse4.1,avx512-vbmi,avx512-vbmi,x86_64,linux,0
1,commit-5-correction-amd-9950x3d,run-2,2,base64-ng,encode,url-safe,padded,3,4,1398101,20521111,194.921174,ssse3-sse4.1,avx512-vbmi,avx512-vbmi,x86_64,linux,0
1,commit-5-correction-amd-9950x3d,run-2,3,base64-ng,encode,url-safe,padded,3,4,1398101,20595581,194.216373,ssse3-sse4.1,avx512-vbmi,avx512-vbmi,x86_64,linux,0
1,commit-5-correction-amd-9950x3d,run-2,4,base64-ng,encode,url-safe,padded,3,4,1398101,20487438,195.241545,ssse3-sse4.1,avx512-vbmi,avx512-vbmi,x86_64,linux,0
1,commit-5-correction-amd-9950x3d,run-2,0,base64-ng,decode,url-safe,padded,3,4,1398101,20866751,191.692470,ssse3-sse4.1,avx512-vbmi,avx512-vbmi,x86_64,linux,0
1,commit-5-correction-amd-9950x3d,run-2,1,base64-ng,decode,url-safe,padded,3,4,1398101,20872763,191.637257,ssse3-sse4.1,avx512-vbmi,avx512-vbmi,x86_64,linux,0
1,commit-5-correction-amd-9950x3d,run-2,2,base64-ng,decode,url-safe,padded,3,4,1398101,20873615,191.629435,ssse3-sse4.1,avx512-vbmi,avx512-vbmi,x86_64,linux,0
1,commit-5-correction-amd-9950x3d,run-2,3,base64-ng,decode,url-safe,padded,3,4,1398101,20878503,191.584571,ssse3-sse4.1,avx512-vbmi,avx512-vbmi,x86_64,linux,0
1,commit-5-correction-amd-9950x3d,run-2,4,base64-ng,decode,url-safe,padded,3,4,1398101,21041180,190.103361,ssse3-sse4.1,avx512-vbmi,avx512-vbmi,x86_64,linux,0
1,commit-5-correction-amd-9950x3d,run-2,0,base64-ng,encode,url-safe,padded,3,4,1398101,20790058,192.399610,avx2,avx512-vbmi,avx512-vbmi,x86_64,linux,0
1,commit-5-correction-amd-9950x3d,run-2,1,base64-ng,encode,url-safe,padded,3,4,1398101,20516172,194.968099,avx2,avx512-vbmi,avx512-vbmi,x86_64,linux,0
1,commit-5-correction-amd-9950x3d,run-2,2,base64-ng,encode,url-safe,padded,3,4,1398101,20458543,195.517298,avx2,avx512-vbmi,avx512-vbmi,x86_64,linux,0
1,commit-5-correction-amd-9950x3d,run-2,3,base64-ng,encode,url-safe,padded,3,4,1398101,20457381,195.528403,avx2,avx512-vbmi,avx512-vbmi,x86_64,linux,0
1,commit-5-correction-amd-9950x3d,run-2,4,base64-ng,encode,url-safe,padded,3,4,1398101,20465766,195.448294,avx2,avx512-vbmi,avx512-vbmi,x86_64,linux,0
1,commit-5-correction-amd-9950x3d,run-2,0,base64-ng,decode,url-safe,padded,3,4,1398101,22310990,179.283799,avx2,avx512-vbmi,avx512-vbmi,x86_64,linux,0
1,commit-5-correction-amd-9950x3d,run-2,1,base64-ng,decode,url-safe,padded,3,4,1398101,22371595,178.798116,avx2,avx512-vbmi,avx512-vbmi,x86_64,linux,0
1,commit-5-correction-amd-9950x3d,run-2,2,base64-ng,decode,url-safe,padded,3,4,1398101,22358871,178.899867,avx2,avx512-vbmi,avx512-vbmi,x86_64,linux,0
1,commit-5-correction-amd-9950x3d,run-2,3,base64-ng,decode,url-safe,padded,3,4,1398101,22378006,178.746893,avx2,avx512-vbmi,avx512-vbmi,x86_64,linux,0
1,commit-5-correction-amd-9950x3d,run-2,4,base64-ng,decode,url-safe,padded,3,4,1398101,22657933,176.538568,avx2,avx512-vbmi,avx512-vbmi,x86_64,linux,0
1,commit-5-correction-amd-9950x3d,run-2,0,base64-ng,encode,url-safe,padded,3,4,1398101,21121872,189.377109,avx512-vbmi,avx512-vbmi,avx512-vbmi,x86_64,linux,0
1,commit-5-correction-amd-9950x3d,run-2,1,base64-ng,encode,url-safe,padded,3,4,1398101,20648731,193.716459,avx512-vbmi,avx512-vbmi,avx512-vbmi,x86_64,linux,0
1,commit-5-correction-amd-9950x3d,run-2,2,base64-ng,encode,url-safe,padded,3,4,1398101,20698024,193.255117,avx512-vbmi,avx512-vbmi,avx512-vbmi,x86_64,linux,0
1,commit-5-correction-amd-9950x3d,run-2,3,base64-ng,encode,url-safe,padded,3,4,1398101,20729193,192.964533,avx512-vbmi,avx512-vbmi,avx512-vbmi,x86_64,linux,0
1,commit-5-correction-amd-9950x3d,run-2,4,base64-ng,encode,url-safe,padded,3,4,1398101,20725125,193.002409,avx512-vbmi,avx512-vbmi,avx512-vbmi,x86_64,linux,0
1,commit-5-correction-amd-9950x3d,run-2,0,base64-ng,decode,url-safe,padded,3,4,1398101,26324556,151.949345,avx512-vbmi,avx512-vbmi,avx512-vbmi,x86_64,linux,0
1,commit-5-correction-amd-9950x3d,run-2,1,base64-ng,decode,url-safe,padded,3,4,1398101,26605225,150.346372,avx512-vbmi,avx512-vbmi,avx512-vbmi,x86_64,linux,0
1,commit-5-correction-amd-9950x3d,run-2,2,base64-ng,decode,url-safe,padded,3,4,1398101,24469744,163.467139,avx512-vbmi,avx512-vbmi,avx512-vbmi,x86_64,linux,0
1,commit-5-correction-amd-9950x3d,run-2,3,base64-ng,decode,url-safe,padded,3,4,1398101,23981385,166.795998,avx512-vbmi,avx512-vbmi,avx512-vbmi,x86_64,linux,0
1,commit-5-correction-amd-9950x3d,run-2,4,base64-ng,decode,url-safe,padded,3,4,1398101,24538925,163.006287,avx512-vbmi,avx512-vbmi,avx512-vbmi,x86_64,linux,0
1,commit-5-correction-amd-9950x3d,run-2,0,base64-0.23.0,encode,url-safe,padded,3,4,1398101,9911388,403.576073,external,avx512-vbmi,avx512-vbmi,x86_64,linux,0
1,commit-5-correction-amd-9950x3d,run-2,1,base64-0.23.0,encode,url-safe,padded,3,4,1398101,10587581,377.801034,external,avx512-vbmi,avx512-vbmi,x86_64,linux,0
1,commit-5-correction-amd-9950x3d,run-2,2,base64-0.23.0,encode,url-safe,padded,3,4,1398101,9860863,405.643912,external,avx512-vbmi,avx512-vbmi,x86_64,linux,0
1,commit-5-correction-amd-9950x3d,run-2,3,base64-0.23.0,encode,url-safe,padded,3,4,1398101,9809407,407.771749,external,avx512-vbmi,avx512-vbmi,x86_64,linux,0
1,commit-5-correction-amd-9950x3d,run-2,4,base64-0.23.0,encode,url-safe,padded,3,4,1398101,9835976,406.670273,external,avx512-vbmi,avx512-vbmi,x86_64,linux,0
1,commit-5-correction-amd-9950x3d,run-2,0,base64-0.23.0,decode,url-safe,padded,3,4,1398101,18156229,220.310013,external,avx512-vbmi,avx512-vbmi,x86_64,linux,0
1,commit-5-correction-amd-9950x3d,run-2,1,base64-0.23.0,decode,url-safe,padded,3,4,1398101,18143195,220.468283,external,avx512-vbmi,avx512-vbmi,x86_64,linux,0
1,commit-5-correction-amd-9950x3d,run-2,2,base64-0.23.0,decode,url-safe,padded,3,4,1398101,18172229,220.116038,external,avx512-vbmi,avx512-vbmi,x86_64,linux,0
1,commit-5-correction-amd-9950x3d,run-2,3,base64-0.23.0,decode,url-safe,padded,3,4,1398101,18185535,219.954983,external,avx512-vbmi,avx512-vbmi,x86_64,linux,0
1,commit-5-correction-amd-9950x3d,run-2,4,base64-0.23.0,decode,url-safe,padded,3,4,1398101,18182489,219.991831,external,avx512-vbmi,avx512-vbmi,x86_64,linux,0
1,commit-5-correction-amd-9950x3d,run-2,0,base64ct-1.8.3,encode,url-safe,padded,3,4,1398101,7225322,553.608413,external,avx512-vbmi,avx512-vbmi,x86_64,linux,0
1,commit-5-correction-amd-9950x3d,run-2,1,base64ct-1.8.3,encode,url-safe,padded,3,4,1398101,7000789,571.364034,external,avx512-vbmi,avx512-vbmi,x86_64,linux,0
1,commit-5-correction-amd-9950x3d,run-2,2,base64ct-1.8.3,encode,url-safe,padded,3,4,1398101,7013513,570.327459,external,avx512-vbmi,avx512-vbmi,x86_64,linux,0
1,commit-5-correction-amd-9950x3d,run-2,3,base64ct-1.8.3,encode,url-safe,padded,3,4,1398101,7018532,569.919614,external,avx512-vbmi,avx512-vbmi,x86_64,linux,0
1,commit-5-correction-amd-9950x3d,run-2,4,base64ct-1.8.3,encode,url-safe,padded,3,4,1398101,6996060,571.750249,external,avx512-vbmi,avx512-vbmi,x86_64,linux,0
1,commit-5-correction-amd-9950x3d,run-2,0,base64ct-1.8.3,decode,url-safe,padded,3,4,1398101,23521570,170.056635,external,avx512-vbmi,avx512-vbmi,x86_64,linux,0
1,commit-5-correction-amd-9950x3d,run-2,1,base64ct-1.8.3,decode,url-safe,padded,3,4,1398101,23785566,168.169176,external,avx512-vbmi,avx512-vbmi,x86_64,linux,0
1,commit-5-correction-amd-9950x3d,run-2,2,base64ct-1.8.3,decode,url-safe,padded,3,4,1398101,23569961,169.707495,external,avx512-vbmi,avx512-vbmi,x86_64,linux,0
1,commit-5-correction-amd-9950x3d,run-2,3,base64ct-1.8.3,decode,url-safe,padded,3,4,1398101,23426480,170.746909,external,avx512-vbmi,avx512-vbmi,x86_64,linux,0
1,commit-5-correction-amd-9950x3d,run-2,4,base64ct-1.8.3,decode,url-safe,padded,3,4,1398101,23442451,170.630582,external,avx512-vbmi,avx512-vbmi,x86_64,linux,0
1,commit-5-correction-amd-9950x3d,run-2,0,base64-ng,encode,url-safe,padded,11,16,381300,13180071,303.488212,auto,avx512-vbmi,avx512-vbmi,x86_64,linux,0
1,commit-5-correction-amd-9950x3d,run-2,1,base64-ng,encode,url-safe,padded,11,16,381300,13085013,305.692947,auto,avx512-vbmi,avx512-vbmi,x86_64,linux,0
1,commit-5-correction-amd-9950x3d,run-2,2,base64-ng,encode,url-safe,padded,11,16,381300,13059935,306.279946,auto,avx512-vbmi,avx512-vbmi,x86_64,linux,0
1,commit-5-correction-amd-9950x3d,run-2,3,base64-ng,encode,url-safe,padded,11,16,381300,13050077,306.511309,auto,avx512-vbmi,avx512-vbmi,x86_64,linux,0
1,commit-5-correction-amd-9950x3d,run-2,4,base64-ng,encode,url-safe,padded,11,16,381300,13047853,306.563554,auto,avx512-vbmi,avx512-vbmi,x86_64,linux,0
1,commit-5-correction-amd-9950x3d,run-2,0,base64-ng,decode,url-safe,padded,11,16,381300,63512673,62.979497,auto,avx512-vbmi,avx512-vbmi,x86_64,linux,0
1,commit-5-correction-amd-9950x3d,run-2,1,base64-ng,decode,url-safe,padded,11,16,381300,63655382,62.838303,auto,avx512-vbmi,avx512-vbmi,x86_64,linux,0
1,commit-5-correction-amd-9950x3d,run-2,2,base64-ng,decode,url-safe,padded,11,16,381300,63231203,63.259846,auto,avx512-vbmi,avx512-vbmi,x86_64,linux,0
1,commit-5-correction-amd-9950x3d,run-2,3,base64-ng,decode,url-safe,padded,11,16,381300,62787217,63.707174,auto,avx512-vbmi,avx512-vbmi,x86_64,linux,0
1,commit-5-correction-amd-9950x3d,run-2,4,base64-ng,decode,url-safe,padded,11,16,381300,63590099,62.902814,auto,avx512-vbmi,avx512-vbmi,x86_64,linux,0
1,commit-5-correction-amd-9950x3d,run-2,0,base64-ng,encode,url-safe,padded,11,16,381300,13174311,303.620902,scalar,avx512-vbmi,avx512-vbmi,x86_64,linux,0
1,commit-5-correction-amd-9950x3d,run-2,1,base64-ng,encode,url-safe,padded,11,16,381300,13009791,307.460449,scalar,avx512-vbmi,avx512-vbmi,x86_64,linux,0
1,commit-5-correction-amd-9950x3d,run-2,2,base64-ng,encode,url-safe,padded,11,16,381300,13023246,307.142796,scalar,avx512-vbmi,avx512-vbmi,x86_64,linux,0
1,commit-5-correction-amd-9950x3d,run-2,3,base64-ng,encode,url-safe,padded,11,16,381300,13011995,307.408371,scalar,avx512-vbmi,avx512-vbmi,x86_64,linux,0
1,commit-5-correction-amd-9950x3d,run-2,4,base64-ng,encode,url-safe,padded,11,16,381300,12962733,308.576608,scalar,avx512-vbmi,avx512-vbmi,x86_64,linux,0
1,commit-5-correction-amd-9950x3d,run-2,0,base64-ng,decode,url-safe,padded,11,16,381300,14649598,273.044775,scalar,avx512-vbmi,avx512-vbmi,x86_64,linux,0
1,commit-5-correction-amd-9950x3d,run-2,1,base64-ng,decode,url-safe,padded,11,16,381300,14649628,273.044216,scalar,avx512-vbmi,avx512-vbmi,x86_64,linux,0
1,commit-5-correction-amd-9950x3d,run-2,2,base64-ng,decode,url-safe,padded,11,16,381300,15957841,250.660236,scalar,avx512-vbmi,avx512-vbmi,x86_64,linux,0
1,commit-5-correction-amd-9950x3d,run-2,3,base64-ng,decode,url-safe,padded,11,16,381300,16334790,244.875887,scalar,avx512-vbmi,avx512-vbmi,x86_64,linux,0
1,commit-5-correction-amd-9950x3d,run-2,4,base64-ng,decode,url-safe,padded,11,16,381300,14914657,268.192301,scalar,avx512-vbmi,avx512-vbmi,x86_64,linux,0
1,commit-5-correction-amd-9950x3d,run-2,0,base64-ng,encode,url-safe,padded,11,16,381300,13812603,289.590325,ssse3-sse4.1,avx512-vbmi,avx512-vbmi,x86_64,linux,0
1,commit-5-correction-amd-9950x3d,run-2,1,base64-ng,encode,url-safe,padded,11,16,381300,13789209,290.081627,ssse3-sse4.1,avx512-vbmi,avx512-vbmi,x86_64,linux,0
1,commit-5-correction-amd-9950x3d,run-2,2,base64-ng,encode,url-safe,padded,11,16,381300,13521594,295.822829,ssse3-sse4.1,avx512-vbmi,avx512-vbmi,x86_64,linux,0
1,commit-5-correction-amd-9950x3d,run-2,3,base64-ng,encode,url-safe,padded,11,16,381300,13327319,300.135097,ssse3-sse4.1,avx512-vbmi,avx512-vbmi,x86_64,linux,0
1,commit-5-correction-amd-9950x3d,run-2,4,base64-ng,encode,url-safe,padded,11,16,381300,13359219,299.418416,ssse3-sse4.1,avx512-vbmi,avx512-vbmi,x86_64,linux,0
1,commit-5-correction-amd-9950x3d,run-2,0,base64-ng,decode,url-safe,padded,11,16,381300,61412890,65.132844,ssse3-sse4.1,avx512-vbmi,avx512-vbmi,x86_64,linux,0
1,commit-5-correction-amd-9950x3d,run-2,1,base64-ng,decode,url-safe,padded,11,16,381300,61334422,65.216172,ssse3-sse4.1,avx512-vbmi,avx512-vbmi,x86_64,linux,0
1,commit-5-correction-amd-9950x3d,run-2,2,base64-ng,decode,url-safe,padded,11,16,381300,62272118,64.234144,ssse3-sse4.1,avx512-vbmi,avx512-vbmi,x86_64,linux,0
1,commit-5-correction-amd-9950x3d,run-2,3,base64-ng,decode,url-safe,padded,11,16,381300,62730250,63.765029,ssse3-sse4.1,avx512-vbmi,avx512-vbmi,x86_64,linux,0
1,commit-5-correction-amd-9950x3d,run-2,4,base64-ng,decode,url-safe,padded,11,16,381300,61844152,64.678649,ssse3-sse4.1,avx512-vbmi,avx512-vbmi,x86_64,linux,0
1,commit-5-correction-amd-9950x3d,run-2,0,base64-ng,encode,url-safe,padded,11,16,381300,13497880,296.342550,avx2,avx512-vbmi,avx512-vbmi,x86_64,linux,0
1,commit-5-correction-amd-9950x3d,run-2,1,base64-ng,encode,url-safe,padded,11,16,381300,13748121,290.948573,avx2,avx512-vbmi,avx512-vbmi,x86_64,linux,0
1,commit-5-correction-amd-9950x3d,run-2,2,base64-ng,encode,url-safe,padded,11,16,381300,13532275,295.589336,avx2,avx512-vbmi,avx512-vbmi,x86_64,linux,0
1,commit-5-correction-amd-9950x3d,run-2,3,base64-ng,encode,url-safe,padded,11,16,381300,13509081,296.096839,avx2,avx512-vbmi,avx512-vbmi,x86_64,linux,0
1,commit-5-correction-amd-9950x3d,run-2,4,base64-ng,encode,url-safe,padded,11,16,381300,13485606,296.612268,avx2,avx512-vbmi,avx512-vbmi,x86_64,linux,0
1,commit-5-correction-amd-9950x3d,run-2,0,base64-ng,decode,url-safe,padded,11,16,381300,62995991,63.496044,avx2,avx512-vbmi,avx512-vbmi,x86_64,linux,0
1,commit-5-correction-amd-9950x3d,run-2,1,base64-ng,decode,url-safe,padded,11,16,381300,64223190,62.282739,avx2,avx512-vbmi,avx512-vbmi,x86_64,linux,0
1,commit-5-correction-amd-9950x3d,run-2,2,base64-ng,decode,url-safe,padded,11,16,381300,63306484,63.184621,avx2,avx512-vbmi,avx512-vbmi,x86_64,linux,0
1,commit-5-correction-amd-9950x3d,run-2,3,base64-ng,decode,url-safe,padded,11,16,381300,63621928,62.871345,avx2,avx512-vbmi,avx512-vbmi,x86_64,linux,0
1,commit-5-correction-amd-9950x3d,run-2,4,base64-ng,decode,url-safe,padded,11,16,381300,64605700,61.913983,avx2,avx512-vbmi,avx512-vbmi,x86_64,linux,0
1,commit-5-correction-amd-9950x3d,run-2,0,base64-ng,encode,url-safe,padded,11,16,381300,13865011,288.495709,avx512-vbmi,avx512-vbmi,avx512-vbmi,x86_64,linux,0
1,commit-5-correction-amd-9950x3d,run-2,1,base64-ng,encode,url-safe,padded,11,16,381300,13727392,291.387919,avx512-vbmi,avx512-vbmi,avx512-vbmi,x86_64,linux,0
1,commit-5-correction-amd-9950x3d,run-2,2,base64-ng,encode,url-safe,padded,11,16,381300,13730848,291.314578,avx512-vbmi,avx512-vbmi,avx512-vbmi,x86_64,linux,0
1,commit-5-correction-amd-9950x3d,run-2,3,base64-ng,encode,url-safe,padded,11,16,381300,13916708,287.424022,avx512-vbmi,avx512-vbmi,avx512-vbmi,x86_64,linux,0
1,commit-5-correction-amd-9950x3d,run-2,4,base64-ng,encode,url-safe,padded,11,16,381300,13658933,292.848364,avx512-vbmi,avx512-vbmi,avx512-vbmi,x86_64,linux,0
1,commit-5-correction-amd-9950x3d,run-2,0,base64-ng,decode,url-safe,padded,11,16,381300,64175611,62.328915,avx512-vbmi,avx512-vbmi,avx512-vbmi,x86_64,linux,0
1,commit-5-correction-amd-9950x3d,run-2,1,base64-ng,decode,url-safe,padded,11,16,381300,68086013,58.749162,avx512-vbmi,avx512-vbmi,avx512-vbmi,x86_64,linux,0
1,commit-5-correction-amd-9950x3d,run-2,2,base64-ng,decode,url-safe,padded,11,16,381300,65369318,61.190728,avx512-vbmi,avx512-vbmi,avx512-vbmi,x86_64,linux,0
1,commit-5-correction-amd-9950x3d,run-2,3,base64-ng,decode,url-safe,padded,11,16,381300,63818960,62.677239,avx512-vbmi,avx512-vbmi,avx512-vbmi,x86_64,linux,0
1,commit-5-correction-amd-9950x3d,run-2,4,base64-ng,decode,url-safe,padded,11,16,381300,63681881,62.812155,avx512-vbmi,avx512-vbmi,avx512-vbmi,x86_64,linux,0
1,commit-5-correction-amd-9950x3d,run-2,0,base64-0.23.0,encode,url-safe,padded,11,16,381300,3601250,1110.724383,external,avx512-vbmi,avx512-vbmi,x86_64,linux,0
1,commit-5-correction-amd-9950x3d,run-2,1,base64-0.23.0,encode,url-safe,padded,11,16,381300,3736173,1070.613214,external,avx512-vbmi,avx512-vbmi,x86_64,linux,0
1,commit-5-correction-amd-9950x3d,run-2,2,base64-0.23.0,encode,url-safe,padded,11,16,381300,3670529,1089.760137,external,avx512-vbmi,avx512-vbmi,x86_64,linux,0
1,commit-5-correction-amd-9950x3d,run-2,3,base64-0.23.0,encode,url-safe,padded,11,16,381300,3657004,1093.790487,external,avx512-vbmi,avx512-vbmi,x86_64,linux,0
1,commit-5-correction-amd-9950x3d,run-2,4,base64-0.23.0,encode,url-safe,padded,11,16,381300,3722057,1074.673544,external,avx512-vbmi,avx512-vbmi,x86_64,linux,0
1,commit-5-correction-amd-9950x3d,run-2,0,base64-0.23.0,decode,url-safe,padded,11,16,381300,5965460,670.526026,external,avx512-vbmi,avx512-vbmi,x86_64,linux,0
1,commit-5-correction-amd-9950x3d,run-2,1,base64-0.23.0,decode,url-safe,padded,11,16,381300,5946384,672.677073,external,avx512-vbmi,avx512-vbmi,x86_64,linux,0
1,commit-5-correction-amd-9950x3d,run-2,2,base64-0.23.0,decode,url-safe,padded,11,16,381300,5933249,674.166243,external,avx512-vbmi,avx512-vbmi,x86_64,linux,0
1,commit-5-correction-amd-9950x3d,run-2,3,base64-0.23.0,decode,url-safe,padded,11,16,381300,5953207,671.906115,external,avx512-vbmi,avx512-vbmi,x86_64,linux,0
1,commit-5-correction-amd-9950x3d,run-2,4,base64-0.23.0,decode,url-safe,padded,11,16,381300,5953597,671.862100,external,avx512-vbmi,avx512-vbmi,x86_64,linux,0
1,commit-5-correction-amd-9950x3d,run-2,0,base64ct-1.8.3,encode,url-safe,padded,11,16,381300,4608306,867.997087,external,avx512-vbmi,avx512-vbmi,x86_64,linux,0
1,commit-5-correction-amd-9950x3d,run-2,1,base64ct-1.8.3,encode,url-safe,padded,11,16,381300,4631069,863.730639,external,avx512-vbmi,avx512-vbmi,x86_64,linux,0
1,commit-5-correction-amd-9950x3d,run-2,2,base64ct-1.8.3,encode,url-safe,padded,11,16,381300,4655073,859.276790,external,avx512-vbmi,avx512-vbmi,x86_64,linux,0
1,commit-5-correction-amd-9950x3d,run-2,3,base64ct-1.8.3,encode,url-safe,padded,11,16,381300,4647529,860.671592,external,avx512-vbmi,avx512-vbmi,x86_64,linux,0
1,commit-5-correction-amd-9950x3d,run-2,4,base64ct-1.8.3,encode,url-safe,padded,11,16,381300,4636589,862.702341,external,avx512-vbmi,avx512-vbmi,x86_64,linux,0
1,commit-5-correction-amd-9950x3d,run-2,0,base64ct-1.8.3,decode,url-safe,padded,11,16,381300,14047395,284.750033,external,avx512-vbmi,avx512-vbmi,x86_64,linux,0
1,commit-5-correction-amd-9950x3d,run-2,1,base64ct-1.8.3,decode,url-safe,padded,11,16,381300,13796431,289.929779,external,avx512-vbmi,avx512-vbmi,x86_64,linux,0
1,commit-5-correction-amd-9950x3d,run-2,2,base64ct-1.8.3,decode,url-safe,padded,11,16,381300,13762187,290.651201,external,avx512-vbmi,avx512-vbmi,x86_64,linux,0
1,commit-5-correction-amd-9950x3d,run-2,3,base64ct-1.8.3,decode,url-safe,padded,11,16,381300,13748742,290.935431,external,avx512-vbmi,avx512-vbmi,x86_64,linux,0
1,commit-5-correction-amd-9950x3d,run-2,4,base64ct-1.8.3,decode,url-safe,padded,11,16,381300,13792775,290.006629,external,avx512-vbmi,avx512-vbmi,x86_64,linux,0
1,commit-5-correction-amd-9950x3d,run-2,0,base64-ng,encode,url-safe,padded,12,16,349525,13221910,302.527864,auto,avx512-vbmi,avx512-vbmi,x86_64,linux,0
1,commit-5-correction-amd-9950x3d,run-2,1,base64-ng,encode,url-safe,padded,12,16,349525,13261736,301.619349,auto,avx512-vbmi,avx512-vbmi,x86_64,linux,0
1,commit-5-correction-amd-9950x3d,run-2,2,base64-ng,encode,url-safe,padded,12,16,349525,13247388,301.946028,auto,avx512-vbmi,avx512-vbmi,x86_64,linux,0
1,commit-5-correction-amd-9950x3d,run-2,3,base64-ng,encode,url-safe,padded,12,16,349525,13190311,303.252606,auto,avx512-vbmi,avx512-vbmi,x86_64,linux,0
1,commit-5-correction-amd-9950x3d,run-2,4,base64-ng,encode,url-safe,padded,12,16,349525,13252288,301.834384,auto,avx512-vbmi,avx512-vbmi,x86_64,linux,0
1,commit-5-correction-amd-9950x3d,run-2,0,base64-ng,decode,url-safe,padded,12,16,349525,57750175,69.263793,auto,avx512-vbmi,avx512-vbmi,x86_64,linux,0
1,commit-5-correction-amd-9950x3d,run-2,1,base64-ng,decode,url-safe,padded,12,16,349525,57396018,69.691179,auto,avx512-vbmi,avx512-vbmi,x86_64,linux,0
1,commit-5-correction-amd-9950x3d,run-2,2,base64-ng,decode,url-safe,padded,12,16,349525,57928421,69.050668,auto,avx512-vbmi,avx512-vbmi,x86_64,linux,0
1,commit-5-correction-amd-9950x3d,run-2,3,base64-ng,decode,url-safe,padded,12,16,349525,58539191,68.330227,auto,avx512-vbmi,avx512-vbmi,x86_64,linux,0
1,commit-5-correction-amd-9950x3d,run-2,4,base64-ng,decode,url-safe,padded,12,16,349525,57400477,69.685766,auto,avx512-vbmi,avx512-vbmi,x86_64,linux,0
1,commit-5-correction-amd-9950x3d,run-2,0,base64-ng,encode,url-safe,padded,12,16,349525,12704958,314.837419,scalar,avx512-vbmi,avx512-vbmi,x86_64,linux,0
1,commit-5-correction-amd-9950x3d,run-2,1,base64-ng,encode,url-safe,padded,12,16,349525,12732479,314.156904,scalar,avx512-vbmi,avx512-vbmi,x86_64,linux,0
1,commit-5-correction-amd-9950x3d,run-2,2,base64-ng,encode,url-safe,padded,12,16,349525,12751274,313.693846,scalar,avx512-vbmi,avx512-vbmi,x86_64,linux,0
1,commit-5-correction-amd-9950x3d,run-2,3,base64-ng,encode,url-safe,padded,12,16,349525,12735144,314.091163,scalar,avx512-vbmi,avx512-vbmi,x86_64,linux,0
1,commit-5-correction-amd-9950x3d,run-2,4,base64-ng,encode,url-safe,padded,12,16,349525,12751565,313.686688,scalar,avx512-vbmi,avx512-vbmi,x86_64,linux,0
1,commit-5-correction-amd-9950x3d,run-2,0,base64-ng,decode,url-safe,padded,12,16,349525,13961583,286.500190,scalar,avx512-vbmi,avx512-vbmi,x86_64,linux,0
1,commit-5-correction-amd-9950x3d,run-2,1,base64-ng,decode,url-safe,padded,12,16,349525,14311051,279.504013,scalar,avx512-vbmi,avx512-vbmi,x86_64,linux,0
1,commit-5-correction-amd-9950x3d,run-2,2,base64-ng,decode,url-safe,padded,12,16,349525,14424274,277.310053,scalar,avx512-vbmi,avx512-vbmi,x86_64,linux,0
1,commit-5-correction-amd-9950x3d,run-2,3,base64-ng,decode,url-safe,padded,12,16,349525,14134529,282.994657,scalar,avx512-vbmi,avx512-vbmi,x86_64,linux,0
1,commit-5-correction-amd-9950x3d,run-2,4,base64-ng,decode,url-safe,padded,12,16,349525,13962004,286.491551,scalar,avx512-vbmi,avx512-vbmi,x86_64,linux,0
1,commit-5-correction-amd-9950x3d,run-2,0,base64-ng,encode,url-safe,padded,12,16,349525,18814899,212.597271,ssse3-sse4.1,avx512-vbmi,avx512-vbmi,x86_64,linux,0
1,commit-5-correction-amd-9950x3d,run-2,1,base64-ng,encode,url-safe,padded,12,16,349525,18788860,212.891904,ssse3-sse4.1,avx512-vbmi,avx512-vbmi,x86_64,linux,0
1,commit-5-correction-amd-9950x3d,run-2,2,base64-ng,encode,url-safe,padded,12,16,349525,18725170,213.616014,ssse3-sse4.1,avx512-vbmi,avx512-vbmi,x86_64,linux,0
1,commit-5-correction-amd-9950x3d,run-2,3,base64-ng,encode,url-safe,padded,12,16,349525,19033551,210.155014,ssse3-sse4.1,avx512-vbmi,avx512-vbmi,x86_64,linux,0
1,commit-5-correction-amd-9950x3d,run-2,4,base64-ng,encode,url-safe,padded,12,16,349525,18963759,210.928444,ssse3-sse4.1,avx512-vbmi,avx512-vbmi,x86_64,linux,0
1,commit-5-correction-amd-9950x3d,run-2,0,base64-ng,decode,url-safe,padded,12,16,349525,57620381,69.419815,ssse3-sse4.1,avx512-vbmi,avx512-vbmi,x86_64,linux,0
1,commit-5-correction-amd-9950x3d,run-2,1,base64-ng,decode,url-safe,padded,12,16,349525,57119778,70.028217,ssse3-sse4.1,avx512-vbmi,avx512-vbmi,x86_64,linux,0
1,commit-5-correction-amd-9950x3d,run-2,2,base64-ng,decode,url-safe,padded,12,16,349525,57165114,69.972679,ssse3-sse4.1,avx512-vbmi,avx512-vbmi,x86_64,linux,0
1,commit-5-correction-amd-9950x3d,run-2,3,base64-ng,decode,url-safe,padded,12,16,349525,58870064,67.946184,ssse3-sse4.1,avx512-vbmi,avx512-vbmi,x86_64,linux,0
1,commit-5-correction-amd-9950x3d,run-2,4,base64-ng,decode,url-safe,padded,12,16,349525,56730255,70.509046,ssse3-sse4.1,avx512-vbmi,avx512-vbmi,x86_64,linux,0
1,commit-5-correction-amd-9950x3d,run-2,0,base64-ng,encode,url-safe,padded,12,16,349525,13206121,302.889560,avx2,avx512-vbmi,avx512-vbmi,x86_64,linux,0
1,commit-5-correction-amd-9950x3d,run-2,1,base64-ng,encode,url-safe,padded,12,16,349525,13369368,299.191120,avx2,avx512-vbmi,avx512-vbmi,x86_64,linux,0
1,commit-5-correction-amd-9950x3d,run-2,2,base64-ng,encode,url-safe,padded,12,16,349525,13213404,302.722613,avx2,avx512-vbmi,avx512-vbmi,x86_64,linux,0
1,commit-5-correction-amd-9950x3d,run-2,3,base64-ng,encode,url-safe,padded,12,16,349525,13200991,303.007266,avx2,avx512-vbmi,avx512-vbmi,x86_64,linux,0
1,commit-5-correction-amd-9950x3d,run-2,4,base64-ng,encode,url-safe,padded,12,16,349525,14670558,272.654672,avx2,avx512-vbmi,avx512-vbmi,x86_64,linux,0
1,commit-5-correction-amd-9950x3d,run-2,0,base64-ng,decode,url-safe,padded,12,16,349525,58012569,68.950509,avx2,avx512-vbmi,avx512-vbmi,x86_64,linux,0
1,commit-5-correction-amd-9950x3d,run-2,1,base64-ng,decode,url-safe,padded,12,16,349525,58215491,68.710168,avx2,avx512-vbmi,avx512-vbmi,x86_64,linux,0
1,commit-5-correction-amd-9950x3d,run-2,2,base64-ng,decode,url-safe,padded,12,16,349525,57963356,69.009051,avx2,avx512-vbmi,avx512-vbmi,x86_64,linux,0
1,commit-5-correction-amd-9950x3d,run-2,3,base64-ng,decode,url-safe,padded,12,16,349525,58927512,67.879944,avx2,avx512-vbmi,avx512-vbmi,x86_64,linux,0
1,commit-5-correction-amd-9950x3d,run-2,4,base64-ng,decode,url-safe,padded,12,16,349525,57716602,69.304083,avx2,avx512-vbmi,avx512-vbmi,x86_64,linux,0
1,commit-5-correction-amd-9950x3d,run-2,0,base64-ng,encode,url-safe,padded,12,16,349525,13278888,301.229755,avx512-vbmi,avx512-vbmi,avx512-vbmi,x86_64,linux,0
1,commit-5-correction-amd-9950x3d,run-2,1,base64-ng,encode,url-safe,padded,12,16,349525,13419071,298.082944,avx512-vbmi,avx512-vbmi,avx512-vbmi,x86_64,linux,0
1,commit-5-correction-amd-9950x3d,run-2,2,base64-ng,encode,url-safe,padded,12,16,349525,13736699,291.190495,avx512-vbmi,avx512-vbmi,avx512-vbmi,x86_64,linux,0
1,commit-5-correction-amd-9950x3d,run-2,3,base64-ng,encode,url-safe,padded,12,16,349525,14097579,283.736391,avx512-vbmi,avx512-vbmi,avx512-vbmi,x86_64,linux,0
1,commit-5-correction-amd-9950x3d,run-2,4,base64-ng,encode,url-safe,padded,12,16,349525,13688739,292.210713,avx512-vbmi,avx512-vbmi,avx512-vbmi,x86_64,linux,0
1,commit-5-correction-amd-9950x3d,run-2,0,base64-ng,decode,url-safe,padded,12,16,349525,58074015,68.877555,avx512-vbmi,avx512-vbmi,avx512-vbmi,x86_64,linux,0
1,commit-5-correction-amd-9950x3d,run-2,1,base64-ng,decode,url-safe,padded,12,16,349525,58766549,68.065868,avx512-vbmi,avx512-vbmi,avx512-vbmi,x86_64,linux,0
1,commit-5-correction-amd-9950x3d,run-2,2,base64-ng,decode,url-safe,padded,12,16,349525,57726310,69.292428,avx512-vbmi,avx512-vbmi,avx512-vbmi,x86_64,linux,0
1,commit-5-correction-amd-9950x3d,run-2,3,base64-ng,decode,url-safe,padded,12,16,349525,57509001,69.554263,avx512-vbmi,avx512-vbmi,avx512-vbmi,x86_64,linux,0
1,commit-5-correction-amd-9950x3d,run-2,4,base64-ng,decode,url-safe,padded,12,16,349525,57737090,69.279491,avx512-vbmi,avx512-vbmi,avx512-vbmi,x86_64,linux,0
1,commit-5-correction-amd-9950x3d,run-2,0,base64-0.23.0,encode,url-safe,padded,12,16,349525,3262853,1225.919827,external,avx512-vbmi,avx512-vbmi,x86_64,linux,0
1,commit-5-correction-amd-9950x3d,run-2,1,base64-0.23.0,encode,url-safe,padded,12,16,349525,3306635,1209.687850,external,avx512-vbmi,avx512-vbmi,x86_64,linux,0
1,commit-5-correction-amd-9950x3d,run-2,2,base64-0.23.0,encode,url-safe,padded,12,16,349525,3374362,1185.408141,external,avx512-vbmi,avx512-vbmi,x86_64,linux,0
1,commit-5-correction-amd-9950x3d,run-2,3,base64-0.23.0,encode,url-safe,padded,12,16,349525,3346630,1195.231079,external,avx512-vbmi,avx512-vbmi,x86_64,linux,0
1,commit-5-correction-amd-9950x3d,run-2,4,base64-0.23.0,encode,url-safe,padded,12,16,349525,3326222,1202.564406,external,avx512-vbmi,avx512-vbmi,x86_64,linux,0
1,commit-5-correction-amd-9950x3d,run-2,0,base64-0.23.0,decode,url-safe,padded,12,16,349525,5413661,738.870828,external,avx512-vbmi,avx512-vbmi,x86_64,linux,0
1,commit-5-correction-amd-9950x3d,run-2,1,base64-0.23.0,decode,url-safe,padded,12,16,349525,5397350,741.103724,external,avx512-vbmi,avx512-vbmi,x86_64,linux,0
1,commit-5-correction-amd-9950x3d,run-2,2,base64-0.23.0,decode,url-safe,padded,12,16,349525,5376160,744.024766,external,avx512-vbmi,avx512-vbmi,x86_64,linux,0
1,commit-5-correction-amd-9950x3d,run-2,3,base64-0.23.0,decode,url-safe,padded,12,16,349525,5378275,743.732179,external,avx512-vbmi,avx512-vbmi,x86_64,linux,0
1,commit-5-correction-amd-9950x3d,run-2,4,base64-0.23.0,decode,url-safe,padded,12,16,349525,5376532,743.973287,external,avx512-vbmi,avx512-vbmi,x86_64,linux,0
1,commit-5-correction-amd-9950x3d,run-2,0,base64ct-1.8.3,encode,url-safe,padded,12,16,349525,3053468,1309.984642,external,avx512-vbmi,avx512-vbmi,x86_64,linux,0
1,commit-5-correction-amd-9950x3d,run-2,1,base64ct-1.8.3,encode,url-safe,padded,12,16,349525,3011669,1328.165939,external,avx512-vbmi,avx512-vbmi,x86_64,linux,0
1,commit-5-correction-amd-9950x3d,run-2,2,base64ct-1.8.3,encode,url-safe,padded,12,16,349525,3013133,1327.520619,external,avx512-vbmi,avx512-vbmi,x86_64,linux,0
1,commit-5-correction-amd-9950x3d,run-2,3,base64ct-1.8.3,encode,url-safe,padded,12,16,349525,3015718,1326.382701,external,avx512-vbmi,avx512-vbmi,x86_64,linux,0
1,commit-5-correction-amd-9950x3d,run-2,4,base64ct-1.8.3,encode,url-safe,padded,12,16,349525,3007621,1329.953536,external,avx512-vbmi,avx512-vbmi,x86_64,linux,0
1,commit-5-correction-amd-9950x3d,run-2,0,base64ct-1.8.3,decode,url-safe,padded,12,16,349525,9107695,439.188641,external,avx512-vbmi,avx512-vbmi,x86_64,linux,0
1,commit-5-correction-amd-9950x3d,run-2,1,base64ct-1.8.3,decode,url-safe,padded,12,16,349525,9120930,438.551352,external,avx512-vbmi,avx512-vbmi,x86_64,linux,0
1,commit-5-correction-amd-9950x3d,run-2,2,base64ct-1.8.3,decode,url-safe,padded,12,16,349525,9136940,437.782910,external,avx512-vbmi,avx512-vbmi,x86_64,linux,0
1,commit-5-correction-amd-9950x3d,run-2,3,base64ct-1.8.3,decode,url-safe,padded,12,16,349525,9153752,436.978868,external,avx512-vbmi,avx512-vbmi,x86_64,linux,0
1,commit-5-correction-amd-9950x3d,run-2,4,base64ct-1.8.3,decode,url-safe,padded,12,16,349525,9140027,437.635051,external,avx512-vbmi,avx512-vbmi,x86_64,linux,0
1,commit-5-correction-amd-9950x3d,run-2,0,base64-ng,encode,url-safe,padded,15,20,279620,12951230,308.850679,auto,avx512-vbmi,avx512-vbmi,x86_64,linux,0
1,commit-5-correction-amd-9950x3d,run-2,1,base64-ng,encode,url-safe,padded,15,20,279620,12699878,314.963355,auto,avx512-vbmi,avx512-vbmi,x86_64,linux,0
1,commit-5-correction-amd-9950x3d,run-2,2,base64-ng,encode,url-safe,padded,15,20,279620,12664230,315.849932,auto,avx512-vbmi,avx512-vbmi,x86_64,linux,0
1,commit-5-correction-amd-9950x3d,run-2,3,base64-ng,encode,url-safe,padded,15,20,279620,12641017,316.429935,auto,avx512-vbmi,avx512-vbmi,x86_64,linux,0
1,commit-5-correction-amd-9950x3d,run-2,4,base64-ng,encode,url-safe,padded,15,20,279620,12658730,315.987163,auto,avx512-vbmi,avx512-vbmi,x86_64,linux,0
1,commit-5-correction-amd-9950x3d,run-2,0,base64-ng,decode,url-safe,padded,15,20,279620,49864199,80.217797,auto,avx512-vbmi,avx512-vbmi,x86_64,linux,0
1,commit-5-correction-amd-9950x3d,run-2,1,base64-ng,decode,url-safe,padded,15,20,279620,52278234,76.513606,auto,avx512-vbmi,avx512-vbmi,x86_64,linux,0
1,commit-5-correction-amd-9950x3d,run-2,2,base64-ng,decode,url-safe,padded,15,20,279620,51445176,77.752600,auto,avx512-vbmi,avx512-vbmi,x86_64,linux,0
1,commit-5-correction-amd-9950x3d,run-2,3,base64-ng,decode,url-safe,padded,15,20,279620,51273984,78.012198,auto,avx512-vbmi,avx512-vbmi,x86_64,linux,0
1,commit-5-correction-amd-9950x3d,run-2,4,base64-ng,decode,url-safe,padded,15,20,279620,51445657,77.751873,auto,avx512-vbmi,avx512-vbmi,x86_64,linux,0
1,commit-5-correction-amd-9950x3d,run-2,0,base64-ng,encode,url-safe,padded,15,20,279620,12405353,322.441142,scalar,avx512-vbmi,avx512-vbmi,x86_64,linux,0
1,commit-5-correction-amd-9950x3d,run-2,1,base64-ng,encode,url-safe,padded,15,20,279620,12401105,322.551594,scalar,avx512-vbmi,avx512-vbmi,x86_64,linux,0
1,commit-5-correction-amd-9950x3d,run-2,2,base64-ng,encode,url-safe,padded,15,20,279620,12399151,322.602425,scalar,avx512-vbmi,avx512-vbmi,x86_64,linux,0
1,commit-5-correction-amd-9950x3d,run-2,3,base64-ng,encode,url-safe,padded,15,20,279620,12401987,322.528655,scalar,avx512-vbmi,avx512-vbmi,x86_64,linux,0
1,commit-5-correction-amd-9950x3d,run-2,4,base64-ng,encode,url-safe,padded,15,20,279620,12371970,323.311177,scalar,avx512-vbmi,avx512-vbmi,x86_64,linux,0
1,commit-5-correction-amd-9950x3d,run-2,0,base64-ng,decode,url-safe,padded,15,20,279620,13633936,293.385284,scalar,avx512-vbmi,avx512-vbmi,x86_64,linux,0
1,commit-5-correction-amd-9950x3d,run-2,1,base64-ng,decode,url-safe,padded,15,20,279620,14073774,284.216315,scalar,avx512-vbmi,avx512-vbmi,x86_64,linux,0
1,commit-5-correction-amd-9950x3d,run-2,2,base64-ng,decode,url-safe,padded,15,20,279620,14045110,284.796359,scalar,avx512-vbmi,avx512-vbmi,x86_64,linux,0
1,commit-5-correction-amd-9950x3d,run-2,3,base64-ng,decode,url-safe,padded,15,20,279620,14050620,284.684675,scalar,avx512-vbmi,avx512-vbmi,x86_64,linux,0
1,commit-5-correction-amd-9950x3d,run-2,4,base64-ng,decode,url-safe,padded,15,20,279620,13922479,287.304882,scalar,avx512-vbmi,avx512-vbmi,x86_64,linux,0
1,commit-5-correction-amd-9950x3d,run-2,0,base64-ng,encode,url-safe,padded,15,20,279620,17744845,225.417364,ssse3-sse4.1,avx512-vbmi,avx512-vbmi,x86_64,linux,0
1,commit-5-correction-amd-9950x3d,run-2,1,base64-ng,encode,url-safe,padded,15,20,279620,17865512,223.894853,ssse3-sse4.1,avx512-vbmi,avx512-vbmi,x86_64,linux,0
1,commit-5-correction-amd-9950x3d,run-2,2,base64-ng,encode,url-safe,padded,15,20,279620,17304426,231.154514,ssse3-sse4.1,avx512-vbmi,avx512-vbmi,x86_64,linux,0
1,commit-5-correction-amd-9950x3d,run-2,3,base64-ng,encode,url-safe,padded,15,20,279620,17242990,231.978107,ssse3-sse4.1,avx512-vbmi,avx512-vbmi,x86_64,linux,0
1,commit-5-correction-amd-9950x3d,run-2,4,base64-ng,encode,url-safe,padded,15,20,279620,17112645,233.745057,ssse3-sse4.1,avx512-vbmi,avx512-vbmi,x86_64,linux,0
1,commit-5-correction-amd-9950x3d,run-2,0,base64-ng,decode,url-safe,padded,15,20,279620,49029889,81.582811,ssse3-sse4.1,avx512-vbmi,avx512-vbmi,x86_64,linux,0
1,commit-5-correction-amd-9950x3d,run-2,1,base64-ng,decode,url-safe,padded,15,20,279620,49092457,81.478835,ssse3-sse4.1,avx512-vbmi,avx512-vbmi,x86_64,linux,0
1,commit-5-correction-amd-9950x3d,run-2,2,base64-ng,decode,url-safe,padded,15,20,279620,48625508,82.261273,ssse3-sse4.1,avx512-vbmi,avx512-vbmi,x86_64,linux,0
1,commit-5-correction-amd-9950x3d,run-2,3,base64-ng,decode,url-safe,padded,15,20,279620,49317190,81.107545,ssse3-sse4.1,avx512-vbmi,avx512-vbmi,x86_64,linux,0
1,commit-5-correction-amd-9950x3d,run-2,4,base64-ng,decode,url-safe,padded,15,20,279620,49542113,80.739313,ssse3-sse4.1,avx512-vbmi,avx512-vbmi,x86_64,linux,0
1,commit-5-correction-amd-9950x3d,run-2,0,base64-ng,encode,url-safe,padded,15,20,279620,12900735,310.059557,avx2,avx512-vbmi,avx512-vbmi,x86_64,linux,0
1,commit-5-correction-amd-9950x3d,run-2,1,base64-ng,encode,url-safe,padded,15,20,279620,12852915,311.213152,avx2,avx512-vbmi,avx512-vbmi,x86_64,linux,0
1,commit-5-correction-amd-9950x3d,run-2,2,base64-ng,encode,url-safe,padded,15,20,279620,12821987,311.963831,avx2,avx512-vbmi,avx512-vbmi,x86_64,linux,0
1,commit-5-correction-amd-9950x3d,run-2,3,base64-ng,encode,url-safe,padded,15,20,279620,12819754,312.018170,avx2,avx512-vbmi,avx512-vbmi,x86_64,linux,0
1,commit-5-correction-amd-9950x3d,run-2,4,base64-ng,encode,url-safe,padded,15,20,279620,12808822,312.284470,avx2,avx512-vbmi,avx512-vbmi,x86_64,linux,0
1,commit-5-correction-amd-9950x3d,run-2,0,base64-ng,decode,url-safe,padded,15,20,279620,48898231,81.802472,avx2,avx512-vbmi,avx512-vbmi,x86_64,linux,0
1,commit-5-correction-amd-9950x3d,run-2,1,base64-ng,decode,url-safe,padded,15,20,279620,49512307,80.787918,avx2,avx512-vbmi,avx512-vbmi,x86_64,linux,0
1,commit-5-correction-amd-9950x3d,run-2,2,base64-ng,decode,url-safe,padded,15,20,279620,49931536,80.109616,avx2,avx512-vbmi,avx512-vbmi,x86_64,linux,0
1,commit-5-correction-amd-9950x3d,run-2,3,base64-ng,decode,url-safe,padded,15,20,279620,49217662,81.271560,avx2,avx512-vbmi,avx512-vbmi,x86_64,linux,0
1,commit-5-correction-amd-9950x3d,run-2,4,base64-ng,decode,url-safe,padded,15,20,279620,52351091,76.407122,avx2,avx512-vbmi,avx512-vbmi,x86_64,linux,0
1,commit-5-correction-amd-9950x3d,run-2,0,base64-ng,encode,url-safe,padded,15,20,279620,12813932,312.159935,avx512-vbmi,avx512-vbmi,avx512-vbmi,x86_64,linux,0
1,commit-5-correction-amd-9950x3d,run-2,1,base64-ng,encode,url-safe,padded,15,20,279620,13027975,307.031307,avx512-vbmi,avx512-vbmi,avx512-vbmi,x86_64,linux,0
1,commit-5-correction-amd-9950x3d,run-2,2,base64-ng,encode,url-safe,padded,15,20,279620,12794496,312.634135,avx512-vbmi,avx512-vbmi,avx512-vbmi,x86_64,linux,0
1,commit-5-correction-amd-9950x3d,run-2,3,base64-ng,encode,url-safe,padded,15,20,279620,12768818,313.262840,avx512-vbmi,avx512-vbmi,avx512-vbmi,x86_64,linux,0
1,commit-5-correction-amd-9950x3d,run-2,4,base64-ng,encode,url-safe,padded,15,20,279620,12813952,312.159448,avx512-vbmi,avx512-vbmi,avx512-vbmi,x86_64,linux,0
1,commit-5-correction-amd-9950x3d,run-2,0,base64-ng,decode,url-safe,padded,15,20,279620,49620321,80.612058,avx512-vbmi,avx512-vbmi,avx512-vbmi,x86_64,linux,0
1,commit-5-correction-amd-9950x3d,run-2,1,base64-ng,decode,url-safe,padded,15,20,279620,49374919,81.012714,avx512-vbmi,avx512-vbmi,avx512-vbmi,x86_64,linux,0
1,commit-5-correction-amd-9950x3d,run-2,2,base64-ng,decode,url-safe,padded,15,20,279620,49697456,80.486941,avx512-vbmi,avx512-vbmi,avx512-vbmi,x86_64,linux,0
1,commit-5-correction-amd-9950x3d,run-2,3,base64-ng,decode,url-safe,padded,15,20,279620,50008561,79.986228,avx512-vbmi,avx512-vbmi,avx512-vbmi,x86_64,linux,0
1,commit-5-correction-amd-9950x3d,run-2,4,base64-ng,decode,url-safe,padded,15,20,279620,51312086,77.954270,avx512-vbmi,avx512-vbmi,avx512-vbmi,x86_64,linux,0
1,commit-5-correction-amd-9950x3d,run-2,0,base64-0.23.0,encode,url-safe,padded,15,20,279620,2872408,1392.558503,external,avx512-vbmi,avx512-vbmi,x86_64,linux,0
1,commit-5-correction-amd-9950x3d,run-2,1,base64-0.23.0,encode,url-safe,padded,15,20,279620,2936828,1362.012411,external,avx512-vbmi,avx512-vbmi,x86_64,linux,0
1,commit-5-correction-amd-9950x3d,run-2,2,base64-0.23.0,encode,url-safe,padded,15,20,279620,2920097,1369.816203,external,avx512-vbmi,avx512-vbmi,x86_64,linux,0
1,commit-5-correction-amd-9950x3d,run-2,3,base64-0.23.0,encode,url-safe,padded,15,20,279620,2926790,1366.683700,external,avx512-vbmi,avx512-vbmi,x86_64,linux,0
1,commit-5-correction-amd-9950x3d,run-2,4,base64-0.23.0,encode,url-safe,padded,15,20,279620,2933703,1363.463236,external,avx512-vbmi,avx512-vbmi,x86_64,linux,0
1,commit-5-correction-amd-9950x3d,run-2,0,base64-0.23.0,decode,url-safe,padded,15,20,279620,4668268,856.848018,external,avx512-vbmi,avx512-vbmi,x86_64,linux,0
1,commit-5-correction-amd-9950x3d,run-2,1,base64-0.23.0,decode,url-safe,padded,15,20,279620,4649833,860.245128,external,avx512-vbmi,avx512-vbmi,x86_64,linux,0
1,commit-5-correction-amd-9950x3d,run-2,2,base64-0.23.0,decode,url-safe,padded,15,20,279620,4627662,864.366539,external,avx512-vbmi,avx512-vbmi,x86_64,linux,0
1,commit-5-correction-amd-9950x3d,run-2,3,base64-0.23.0,decode,url-safe,padded,15,20,279620,4650374,860.145052,external,avx512-vbmi,avx512-vbmi,x86_64,linux,0
1,commit-5-correction-amd-9950x3d,run-2,4,base64-0.23.0,decode,url-safe,padded,15,20,279620,4644363,861.258301,external,avx512-vbmi,avx512-vbmi,x86_64,linux,0
1,commit-5-correction-amd-9950x3d,run-2,0,base64ct-1.8.3,encode,url-safe,padded,15,20,279620,2806734,1425.142598,external,avx512-vbmi,avx512-vbmi,x86_64,linux,0
1,commit-5-correction-amd-9950x3d,run-2,1,base64ct-1.8.3,encode,url-safe,padded,15,20,279620,2812965,1421.985764,external,avx512-vbmi,avx512-vbmi,x86_64,linux,0
1,commit-5-correction-amd-9950x3d,run-2,2,base64ct-1.8.3,encode,url-safe,padded,15,20,279620,2803788,1426.640026,external,avx512-vbmi,avx512-vbmi,x86_64,linux,0
1,commit-5-correction-amd-9950x3d,run-2,3,base64ct-1.8.3,encode,url-safe,padded,15,20,279620,2793639,1431.822861,external,avx512-vbmi,avx512-vbmi,x86_64,linux,0
1,commit-5-correction-amd-9950x3d,run-2,4,base64ct-1.8.3,encode,url-safe,padded,15,20,279620,2779082,1439.322836,external,avx512-vbmi,avx512-vbmi,x86_64,linux,0
1,commit-5-correction-amd-9950x3d,run-2,0,base64ct-1.8.3,decode,url-safe,padded,15,20,279620,8229953,486.029044,external,avx512-vbmi,avx512-vbmi,x86_64,linux,0
1,commit-5-correction-amd-9950x3d,run-2,1,base64ct-1.8.3,decode,url-safe,padded,15,20,279620,8207731,487.344942,external,avx512-vbmi,avx512-vbmi,x86_64,linux,0
1,commit-5-correction-amd-9950x3d,run-2,2,base64ct-1.8.3,decode,url-safe,padded,15,20,279620,8198875,487.871346,external,avx512-vbmi,avx512-vbmi,x86_64,linux,0
1,commit-5-correction-amd-9950x3d,run-2,3,base64ct-1.8.3,decode,url-safe,padded,15,20,279620,8194636,488.123717,external,avx512-vbmi,avx512-vbmi,x86_64,linux,0
1,commit-5-correction-amd-9950x3d,run-2,4,base64ct-1.8.3,decode,url-safe,padded,15,20,279620,8199065,487.860041,external,avx512-vbmi,avx512-vbmi,x86_64,linux,0
1,commit-5-correction-amd-9950x3d,run-2,0,base64-ng,encode,url-safe,padded,16,24,262144,12744371,313.864058,auto,avx512-vbmi,avx512-vbmi,x86_64,linux,0
1,commit-5-correction-amd-9950x3d,run-2,1,base64-ng,encode,url-safe,padded,16,24,262144,12676574,315.542669,auto,avx512-vbmi,avx512-vbmi,x86_64,linux,0
1,commit-5-correction-amd-9950x3d,run-2,2,base64-ng,encode,url-safe,padded,16,24,262144,12664902,315.833474,auto,avx512-vbmi,avx512-vbmi,x86_64,linux,0
1,commit-5-correction-amd-9950x3d,run-2,3,base64-ng,encode,url-safe,padded,16,24,262144,12670904,315.683869,auto,avx512-vbmi,avx512-vbmi,x86_64,linux,0
1,commit-5-correction-amd-9950x3d,run-2,4,base64-ng,encode,url-safe,padded,16,24,262144,12670131,315.703129,auto,avx512-vbmi,avx512-vbmi,x86_64,linux,0
1,commit-5-correction-amd-9950x3d,run-2,0,base64-ng,decode,url-safe,padded,16,24,262144,49969718,80.048481,auto,avx512-vbmi,avx512-vbmi,x86_64,linux,0
1,commit-5-correction-amd-9950x3d,run-2,1,base64-ng,decode,url-safe,padded,16,24,262144,49271914,81.182152,auto,avx512-vbmi,avx512-vbmi,x86_64,linux,0
1,commit-5-correction-amd-9950x3d,run-2,2,base64-ng,decode,url-safe,padded,16,24,262144,49064254,81.525748,auto,avx512-vbmi,avx512-vbmi,x86_64,linux,0
1,commit-5-correction-amd-9950x3d,run-2,3,base64-ng,decode,url-safe,padded,16,24,262144,49142181,81.396469,auto,avx512-vbmi,avx512-vbmi,x86_64,linux,0
1,commit-5-correction-amd-9950x3d,run-2,4,base64-ng,decode,url-safe,padded,16,24,262144,48922276,81.762345,auto,avx512-vbmi,avx512-vbmi,x86_64,linux,0
1,commit-5-correction-amd-9950x3d,run-2,0,base64-ng,encode,url-safe,padded,16,24,262144,12390556,322.826514,scalar,avx512-vbmi,avx512-vbmi,x86_64,linux,0
1,commit-5-correction-amd-9950x3d,run-2,1,base64-ng,encode,url-safe,padded,16,24,262144,12855961,311.139712,scalar,avx512-vbmi,avx512-vbmi,x86_64,linux,0
1,commit-5-correction-amd-9950x3d,run-2,2,base64-ng,encode,url-safe,padded,16,24,262144,12920022,309.596996,scalar,avx512-vbmi,avx512-vbmi,x86_64,linux,0
1,commit-5-correction-amd-9950x3d,run-2,3,base64-ng,encode,url-safe,padded,16,24,262144,12677295,315.524724,scalar,avx512-vbmi,avx512-vbmi,x86_64,linux,0
1,commit-5-correction-amd-9950x3d,run-2,4,base64-ng,encode,url-safe,padded,16,24,262144,12486726,320.340176,scalar,avx512-vbmi,avx512-vbmi,x86_64,linux,0
1,commit-5-correction-amd-9950x3d,run-2,0,base64-ng,decode,url-safe,padded,16,24,262144,14231701,281.062678,scalar,avx512-vbmi,avx512-vbmi,x86_64,linux,0
1,commit-5-correction-amd-9950x3d,run-2,1,base64-ng,decode,url-safe,padded,16,24,262144,14260135,280.502253,scalar,avx512-vbmi,avx512-vbmi,x86_64,linux,0
1,commit-5-correction-amd-9950x3d,run-2,2,base64-ng,decode,url-safe,padded,16,24,262144,14269041,280.327178,scalar,avx512-vbmi,avx512-vbmi,x86_64,linux,0
1,commit-5-correction-amd-9950x3d,run-2,3,base64-ng,decode,url-safe,padded,16,24,262144,14255547,280.592530,scalar,avx512-vbmi,avx512-vbmi,x86_64,linux,0
1,commit-5-correction-amd-9950x3d,run-2,4,base64-ng,decode,url-safe,padded,16,24,262144,14260095,280.503040,scalar,avx512-vbmi,avx512-vbmi,x86_64,linux,0
1,commit-5-correction-amd-9950x3d,run-2,0,base64-ng,encode,url-safe,padded,16,24,262144,19147565,208.903848,ssse3-sse4.1,avx512-vbmi,avx512-vbmi,x86_64,linux,0
1,commit-5-correction-amd-9950x3d,run-2,1,base64-ng,encode,url-safe,padded,16,24,262144,17816409,224.512134,ssse3-sse4.1,avx512-vbmi,avx512-vbmi,x86_64,linux,0
1,commit-5-correction-amd-9950x3d,run-2,2,base64-ng,encode,url-safe,padded,16,24,262144,16857765,237.279378,ssse3-sse4.1,avx512-vbmi,avx512-vbmi,x86_64,linux,0
1,commit-5-correction-amd-9950x3d,run-2,3,base64-ng,encode,url-safe,padded,16,24,262144,16793844,238.182515,ssse3-sse4.1,avx512-vbmi,avx512-vbmi,x86_64,linux,0
1,commit-5-correction-amd-9950x3d,run-2,4,base64-ng,encode,url-safe,padded,16,24,262144,16852314,237.356128,ssse3-sse4.1,avx512-vbmi,avx512-vbmi,x86_64,linux,0
1,commit-5-correction-amd-9950x3d,run-2,0,base64-ng,decode,url-safe,padded,16,24,262144,48206529,82.976312,ssse3-sse4.1,avx512-vbmi,avx512-vbmi,x86_64,linux,0
1,commit-5-correction-amd-9950x3d,run-2,1,base64-ng,decode,url-safe,padded,16,24,262144,48518406,82.442939,ssse3-sse4.1,avx512-vbmi,avx512-vbmi,x86_64,linux,0
1,commit-5-correction-amd-9950x3d,run-2,2,base64-ng,decode,url-safe,padded,16,24,262144,48173357,83.033449,ssse3-sse4.1,avx512-vbmi,avx512-vbmi,x86_64,linux,0
1,commit-5-correction-amd-9950x3d,run-2,3,base64-ng,decode,url-safe,padded,16,24,262144,48535839,82.413328,ssse3-sse4.1,avx512-vbmi,avx512-vbmi,x86_64,linux,0
1,commit-5-correction-amd-9950x3d,run-2,4,base64-ng,decode,url-safe,padded,16,24,262144,49571208,80.692002,ssse3-sse4.1,avx512-vbmi,avx512-vbmi,x86_64,linux,0
1,commit-5-correction-amd-9950x3d,run-2,0,base64-ng,encode,url-safe,padded,16,24,262144,12863816,310.949721,avx2,avx512-vbmi,avx512-vbmi,x86_64,linux,0
1,commit-5-correction-amd-9950x3d,run-2,1,base64-ng,encode,url-safe,padded,16,24,262144,12877271,310.624821,avx2,avx512-vbmi,avx512-vbmi,x86_64,linux,0
1,commit-5-correction-amd-9950x3d,run-2,2,base64-ng,encode,url-safe,padded,16,24,262144,12895446,310.187023,avx2,avx512-vbmi,avx512-vbmi,x86_64,linux,0
1,commit-5-correction-amd-9950x3d,run-2,3,base64-ng,encode,url-safe,padded,16,24,262144,12885076,310.436663,avx2,avx512-vbmi,avx512-vbmi,x86_64,linux,0
1,commit-5-correction-amd-9950x3d,run-2,4,base64-ng,encode,url-safe,padded,16,24,262144,12887010,310.390075,avx2,avx512-vbmi,avx512-vbmi,x86_64,linux,0
1,commit-5-correction-amd-9950x3d,run-2,0,base64-ng,decode,url-safe,padded,16,24,262144,48463983,82.535519,avx2,avx512-vbmi,avx512-vbmi,x86_64,linux,0
1,commit-5-correction-amd-9950x3d,run-2,1,base64-ng,decode,url-safe,padded,16,24,262144,48090972,83.175695,avx2,avx512-vbmi,avx512-vbmi,x86_64,linux,0
1,commit-5-correction-amd-9950x3d,run-2,2,base64-ng,decode,url-safe,padded,16,24,262144,47898750,83.509486,avx2,avx512-vbmi,avx512-vbmi,x86_64,linux,0
1,commit-5-correction-amd-9950x3d,run-2,3,base64-ng,decode,url-safe,padded,16,24,262144,48621441,82.268232,avx2,avx512-vbmi,avx512-vbmi,x86_64,linux,0
1,commit-5-correction-amd-9950x3d,run-2,4,base64-ng,decode,url-safe,padded,16,24,262144,48445008,82.567847,avx2,avx512-vbmi,avx512-vbmi,x86_64,linux,0
1,commit-5-correction-amd-9950x3d,run-2,0,base64-ng,encode,url-safe,padded,16,24,262144,12923288,309.518754,avx512-vbmi,avx512-vbmi,avx512-vbmi,x86_64,linux,0
1,commit-5-correction-amd-9950x3d,run-2,1,base64-ng,encode,url-safe,padded,16,24,262144,12903050,310.004224,avx512-vbmi,avx512-vbmi,avx512-vbmi,x86_64,linux,0
1,commit-5-correction-amd-9950x3d,run-2,2,base64-ng,encode,url-safe,padded,16,24,262144,12867033,310.871978,avx512-vbmi,avx512-vbmi,avx512-vbmi,x86_64,linux,0
1,commit-5-correction-amd-9950x3d,run-2,3,base64-ng,encode,url-safe,padded,16,24,262144,12881068,310.533257,avx512-vbmi,avx512-vbmi,avx512-vbmi,x86_64,linux,0
1,commit-5-correction-amd-9950x3d,run-2,4,base64-ng,encode,url-safe,padded,16,24,262144,12882782,310.491942,avx512-vbmi,avx512-vbmi,avx512-vbmi,x86_64,linux,0
1,commit-5-correction-amd-9950x3d,run-2,0,base64-ng,decode,url-safe,padded,16,24,262144,48372401,82.691781,avx512-vbmi,avx512-vbmi,avx512-vbmi,x86_64,linux,0
1,commit-5-correction-amd-9950x3d,run-2,1,base64-ng,decode,url-safe,padded,16,24,262144,49534449,80.751882,avx512-vbmi,avx512-vbmi,avx512-vbmi,x86_64,linux,0
1,commit-5-correction-amd-9950x3d,run-2,2,base64-ng,decode,url-safe,padded,16,24,262144,48613024,82.282476,avx512-vbmi,avx512-vbmi,avx512-vbmi,x86_64,linux,0
1,commit-5-correction-amd-9950x3d,run-2,3,base64-ng,decode,url-safe,padded,16,24,262144,48477610,82.512319,avx512-vbmi,avx512-vbmi,avx512-vbmi,x86_64,linux,0
1,commit-5-correction-amd-9950x3d,run-2,4,base64-ng,decode,url-safe,padded,16,24,262144,48795949,81.974018,avx512-vbmi,avx512-vbmi,avx512-vbmi,x86_64,linux,0
1,commit-5-correction-amd-9950x3d,run-2,0,base64-0.23.0,encode,url-safe,padded,16,24,262144,2850936,1403.047981,external,avx512-vbmi,avx512-vbmi,x86_64,linux,0
1,commit-5-correction-amd-9950x3d,run-2,1,base64-0.23.0,encode,url-safe,padded,16,24,262144,2879570,1389.096289,external,avx512-vbmi,avx512-vbmi,x86_64,linux,0
1,commit-5-correction-amd-9950x3d,run-2,2,base64-0.23.0,encode,url-safe,padded,16,24,262144,2922993,1368.460342,external,avx512-vbmi,avx512-vbmi,x86_64,linux,0
1,commit-5-correction-amd-9950x3d,run-2,3,base64-0.23.0,encode,url-safe,padded,16,24,262144,2882737,1387.570215,external,avx512-vbmi,avx512-vbmi,x86_64,linux,0
1,commit-5-correction-amd-9950x3d,run-2,4,base64-0.23.0,encode,url-safe,padded,16,24,262144,2868680,1394.369536,external,avx512-vbmi,avx512-vbmi,x86_64,linux,0
1,commit-5-correction-amd-9950x3d,run-2,0,base64-0.23.0,decode,url-safe,padded,16,24,262144,4507054,887.497687,external,avx512-vbmi,avx512-vbmi,x86_64,linux,0
1,commit-5-correction-amd-9950x3d,run-2,1,base64-0.23.0,decode,url-safe,padded,16,24,262144,4485233,891.815431,external,avx512-vbmi,avx512-vbmi,x86_64,linux,0
1,commit-5-correction-amd-9950x3d,run-2,2,base64-0.23.0,decode,url-safe,padded,16,24,262144,4478030,893.249934,external,avx512-vbmi,avx512-vbmi,x86_64,linux,0
1,commit-5-correction-amd-9950x3d,run-2,3,base64-0.23.0,decode,url-safe,padded,16,24,262144,4476617,893.531879,external,avx512-vbmi,avx512-vbmi,x86_64,linux,0
1,commit-5-correction-amd-9950x3d,run-2,4,base64-0.23.0,decode,url-safe,padded,16,24,262144,4459946,896.871846,external,avx512-vbmi,avx512-vbmi,x86_64,linux,0
1,commit-5-correction-amd-9950x3d,run-2,0,base64ct-1.8.3,encode,url-safe,padded,16,24,262144,3769105,1061.259901,external,avx512-vbmi,avx512-vbmi,x86_64,linux,0
1,commit-5-correction-amd-9950x3d,run-2,1,base64ct-1.8.3,encode,url-safe,padded,16,24,262144,3760690,1063.634599,external,avx512-vbmi,avx512-vbmi,x86_64,linux,0
1,commit-5-correction-amd-9950x3d,run-2,2,base64ct-1.8.3,encode,url-safe,padded,16,24,262144,3769897,1061.036946,external,avx512-vbmi,avx512-vbmi,x86_64,linux,0
1,commit-5-correction-amd-9950x3d,run-2,3,base64ct-1.8.3,encode,url-safe,padded,16,24,262144,3766671,1061.945681,external,avx512-vbmi,avx512-vbmi,x86_64,linux,0
1,commit-5-correction-amd-9950x3d,run-2,4,base64ct-1.8.3,encode,url-safe,padded,16,24,262144,3766480,1061.999533,external,avx512-vbmi,avx512-vbmi,x86_64,linux,0
1,commit-5-correction-amd-9950x3d,run-2,0,base64ct-1.8.3,decode,url-safe,padded,16,24,262144,10510196,380.582817,external,avx512-vbmi,avx512-vbmi,x86_64,linux,0
1,commit-5-correction-amd-9950x3d,run-2,1,base64ct-1.8.3,decode,url-safe,padded,16,24,262144,10479358,381.702772,external,avx512-vbmi,avx512-vbmi,x86_64,linux,0
1,commit-5-correction-amd-9950x3d,run-2,2,base64ct-1.8.3,decode,url-safe,padded,16,24,262144,10459891,382.413163,external,avx512-vbmi,avx512-vbmi,x86_64,linux,0
1,commit-5-correction-amd-9950x3d,run-2,3,base64ct-1.8.3,decode,url-safe,padded,16,24,262144,10439502,383.160040,external,avx512-vbmi,avx512-vbmi,x86_64,linux,0
1,commit-5-correction-amd-9950x3d,run-2,4,base64ct-1.8.3,decode,url-safe,padded,16,24,262144,10438480,383.197554,external,avx512-vbmi,avx512-vbmi,x86_64,linux,0
1,commit-5-correction-amd-9950x3d,run-2,0,base64-ng,encode,url-safe,padded,23,32,182361,12046708,332.040840,auto,avx512-vbmi,avx512-vbmi,x86_64,linux,0
1,commit-5-correction-amd-9950x3d,run-2,1,base64-ng,encode,url-safe,padded,23,32,182361,12031219,332.468310,auto,avx512-vbmi,avx512-vbmi,x86_64,linux,0
1,commit-5-correction-amd-9950x3d,run-2,2,base64-ng,encode,url-safe,padded,23,32,182361,12191450,328.098712,auto,avx512-vbmi,avx512-vbmi,x86_64,linux,0
1,commit-5-correction-amd-9950x3d,run-2,3,base64-ng,encode,url-safe,padded,23,32,182361,12171954,328.624233,auto,avx512-vbmi,avx512-vbmi,x86_64,linux,0
1,commit-5-correction-amd-9950x3d,run-2,4,base64-ng,encode,url-safe,padded,23,32,182361,11980945,333.863401,auto,avx512-vbmi,avx512-vbmi,x86_64,linux,0
1,commit-5-correction-amd-9950x3d,run-2,0,base64-ng,decode,url-safe,padded,23,32,182361,40475104,98.826159,auto,avx512-vbmi,avx512-vbmi,x86_64,linux,0
1,commit-5-correction-amd-9950x3d,run-2,1,base64-ng,decode,url-safe,padded,23,32,182361,40624847,98.461886,auto,avx512-vbmi,avx512-vbmi,x86_64,linux,0
1,commit-5-correction-amd-9950x3d,run-2,2,base64-ng,decode,url-safe,padded,23,32,182361,40713764,98.246850,auto,avx512-vbmi,avx512-vbmi,x86_64,linux,0
1,commit-5-correction-amd-9950x3d,run-2,3,base64-ng,decode,url-safe,padded,23,32,182361,42082280,95.051861,auto,avx512-vbmi,avx512-vbmi,x86_64,linux,0
1,commit-5-correction-amd-9950x3d,run-2,4,base64-ng,decode,url-safe,padded,23,32,182361,40947324,97.686458,auto,avx512-vbmi,avx512-vbmi,x86_64,linux,0
1,commit-5-correction-amd-9950x3d,run-2,0,base64-ng,encode,url-safe,padded,23,32,182361,11952671,334.653154,scalar,avx512-vbmi,avx512-vbmi,x86_64,linux,0
1,commit-5-correction-amd-9950x3d,run-2,1,base64-ng,encode,url-safe,padded,23,32,182361,11938434,335.052239,scalar,avx512-vbmi,avx512-vbmi,x86_64,linux,0
1,commit-5-correction-amd-9950x3d,run-2,2,base64-ng,encode,url-safe,padded,23,32,182361,11937272,335.084854,scalar,avx512-vbmi,avx512-vbmi,x86_64,linux,0
1,commit-5-correction-amd-9950x3d,run-2,3,base64-ng,encode,url-safe,padded,23,32,182361,11874975,336.842734,scalar,avx512-vbmi,avx512-vbmi,x86_64,linux,0
1,commit-5-correction-amd-9950x3d,run-2,4,base64-ng,encode,url-safe,padded,23,32,182361,11884823,336.563620,scalar,avx512-vbmi,avx512-vbmi,x86_64,linux,0
1,commit-5-correction-amd-9950x3d,run-2,0,base64-ng,decode,url-safe,padded,23,32,182361,13639056,293.275359,scalar,avx512-vbmi,avx512-vbmi,x86_64,linux,0
1,commit-5-correction-amd-9950x3d,run-2,1,base64-ng,decode,url-safe,padded,23,32,182361,13783517,290.201626,scalar,avx512-vbmi,avx512-vbmi,x86_64,linux,0
1,commit-5-correction-amd-9950x3d,run-2,2,base64-ng,decode,url-safe,padded,23,32,182361,13709378,291.771009,scalar,avx512-vbmi,avx512-vbmi,x86_64,linux,0
1,commit-5-correction-amd-9950x3d,run-2,3,base64-ng,decode,url-safe,padded,23,32,182361,13703157,291.903468,scalar,avx512-vbmi,avx512-vbmi,x86_64,linux,0
1,commit-5-correction-amd-9950x3d,run-2,4,base64-ng,decode,url-safe,padded,23,32,182361,13698818,291.995926,scalar,avx512-vbmi,avx512-vbmi,x86_64,linux,0
1,commit-5-correction-amd-9950x3d,run-2,0,base64-ng,encode,url-safe,padded,23,32,182361,14959351,267.391215,ssse3-sse4.1,avx512-vbmi,avx512-vbmi,x86_64,linux,0
1,commit-5-correction-amd-9950x3d,run-2,1,base64-ng,encode,url-safe,padded,23,32,182361,14949252,267.571852,ssse3-sse4.1,avx512-vbmi,avx512-vbmi,x86_64,linux,0
1,commit-5-correction-amd-9950x3d,run-2,2,base64-ng,encode,url-safe,padded,23,32,182361,15067465,265.472596,ssse3-sse4.1,avx512-vbmi,avx512-vbmi,x86_64,linux,0
1,commit-5-correction-amd-9950x3d,run-2,3,base64-ng,encode,url-safe,padded,23,32,182361,15026197,266.201691,ssse3-sse4.1,avx512-vbmi,avx512-vbmi,x86_64,linux,0
1,commit-5-correction-amd-9950x3d,run-2,4,base64-ng,encode,url-safe,padded,23,32,182361,15022310,266.270570,ssse3-sse4.1,avx512-vbmi,avx512-vbmi,x86_64,linux,0
1,commit-5-correction-amd-9950x3d,run-2,0,base64-ng,decode,url-safe,padded,23,32,182361,56934820,70.255760,ssse3-sse4.1,avx512-vbmi,avx512-vbmi,x86_64,linux,0
1,commit-5-correction-amd-9950x3d,run-2,1,base64-ng,decode,url-safe,padded,23,32,182361,56857945,70.350750,ssse3-sse4.1,avx512-vbmi,avx512-vbmi,x86_64,linux,0
1,commit-5-correction-amd-9950x3d,run-2,2,base64-ng,decode,url-safe,padded,23,32,182361,56525129,70.764970,ssse3-sse4.1,avx512-vbmi,avx512-vbmi,x86_64,linux,0
1,commit-5-correction-amd-9950x3d,run-2,3,base64-ng,decode,url-safe,padded,23,32,182361,57020752,70.149882,ssse3-sse4.1,avx512-vbmi,avx512-vbmi,x86_64,linux,0
1,commit-5-correction-amd-9950x3d,run-2,4,base64-ng,decode,url-safe,padded,23,32,182361,57168570,69.968499,ssse3-sse4.1,avx512-vbmi,avx512-vbmi,x86_64,linux,0
1,commit-5-correction-amd-9950x3d,run-2,0,base64-ng,encode,url-safe,padded,23,32,182361,12488900,320.284336,avx2,avx512-vbmi,avx512-vbmi,x86_64,linux,0
1,commit-5-correction-amd-9950x3d,run-2,1,base64-ng,encode,url-safe,padded,23,32,182361,12428757,321.834198,avx2,avx512-vbmi,avx512-vbmi,x86_64,linux,0
1,commit-5-correction-amd-9950x3d,run-2,2,base64-ng,encode,url-safe,padded,23,32,182361,12333738,324.313606,avx2,avx512-vbmi,avx512-vbmi,x86_64,linux,0
1,commit-5-correction-amd-9950x3d,run-2,3,base64-ng,encode,url-safe,padded,23,32,182361,13454889,297.289635,avx2,avx512-vbmi,avx512-vbmi,x86_64,linux,0
1,commit-5-correction-amd-9950x3d,run-2,4,base64-ng,encode,url-safe,padded,23,32,182361,12320854,324.652743,avx2,avx512-vbmi,avx512-vbmi,x86_64,linux,0
1,commit-5-correction-amd-9950x3d,run-2,0,base64-ng,decode,url-safe,padded,23,32,182361,42031895,95.165803,avx2,avx512-vbmi,avx512-vbmi,x86_64,linux,0
1,commit-5-correction-amd-9950x3d,run-2,1,base64-ng,decode,url-safe,padded,23,32,182361,44210547,90.476127,avx2,avx512-vbmi,avx512-vbmi,x86_64,linux,0
1,commit-5-correction-amd-9950x3d,run-2,2,base64-ng,decode,url-safe,padded,23,32,182361,41667289,95.998543,avx2,avx512-vbmi,avx512-vbmi,x86_64,linux,0
1,commit-5-correction-amd-9950x3d,run-2,3,base64-ng,decode,url-safe,padded,23,32,182361,40777544,98.093182,avx2,avx512-vbmi,avx512-vbmi,x86_64,linux,0
1,commit-5-correction-amd-9950x3d,run-2,4,base64-ng,decode,url-safe,padded,23,32,182361,42822984,93.407761,avx2,avx512-vbmi,avx512-vbmi,x86_64,linux,0
1,commit-5-correction-amd-9950x3d,run-2,0,base64-ng,encode,url-safe,padded,23,32,182361,12644072,316.353707,avx512-vbmi,avx512-vbmi,avx512-vbmi,x86_64,linux,0
1,commit-5-correction-amd-9950x3d,run-2,1,base64-ng,encode,url-safe,padded,23,32,182361,12645145,316.326863,avx512-vbmi,avx512-vbmi,avx512-vbmi,x86_64,linux,0
1,commit-5-correction-amd-9950x3d,run-2,2,base64-ng,encode,url-safe,padded,23,32,182361,12614326,317.099704,avx512-vbmi,avx512-vbmi,avx512-vbmi,x86_64,linux,0
1,commit-5-correction-amd-9950x3d,run-2,3,base64-ng,encode,url-safe,padded,23,32,182361,12938988,309.143114,avx512-vbmi,avx512-vbmi,avx512-vbmi,x86_64,linux,0
1,commit-5-correction-amd-9950x3d,run-2,4,base64-ng,encode,url-safe,padded,23,32,182361,13476520,296.812459,avx512-vbmi,avx512-vbmi,avx512-vbmi,x86_64,linux,0
1,commit-5-correction-amd-9950x3d,run-2,0,base64-ng,decode,url-safe,padded,23,32,182361,42260956,94.649990,avx512-vbmi,avx512-vbmi,avx512-vbmi,x86_64,linux,0
1,commit-5-correction-amd-9950x3d,run-2,1,base64-ng,decode,url-safe,padded,23,32,182361,40847516,97.925148,avx512-vbmi,avx512-vbmi,avx512-vbmi,x86_64,linux,0
1,commit-5-correction-amd-9950x3d,run-2,2,base64-ng,decode,url-safe,padded,23,32,182361,41520894,96.337016,avx512-vbmi,avx512-vbmi,avx512-vbmi,x86_64,linux,0
1,commit-5-correction-amd-9950x3d,run-2,3,base64-ng,decode,url-safe,padded,23,32,182361,42123407,94.959058,avx512-vbmi,avx512-vbmi,avx512-vbmi,x86_64,linux,0
1,commit-5-correction-amd-9950x3d,run-2,4,base64-ng,decode,url-safe,padded,23,32,182361,41198436,97.091041,avx512-vbmi,avx512-vbmi,avx512-vbmi,x86_64,linux,0
1,commit-5-correction-amd-9950x3d,run-2,0,base64-0.23.0,encode,url-safe,padded,23,32,182361,2321731,1722.852064,external,avx512-vbmi,avx512-vbmi,x86_64,linux,0
1,commit-5-correction-amd-9950x3d,run-2,1,base64-0.23.0,encode,url-safe,padded,23,32,182361,2390450,1673.324707,external,avx512-vbmi,avx512-vbmi,x86_64,linux,0
1,commit-5-correction-amd-9950x3d,run-2,2,base64-0.23.0,encode,url-safe,padded,23,32,182361,2370844,1687.162482,external,avx512-vbmi,avx512-vbmi,x86_64,linux,0
1,commit-5-correction-amd-9950x3d,run-2,3,base64-0.23.0,encode,url-safe,padded,23,32,182361,2407512,1661.465881,external,avx512-vbmi,avx512-vbmi,x86_64,linux,0
1,commit-5-correction-amd-9950x3d,run-2,4,base64-0.23.0,encode,url-safe,padded,23,32,182361,2388046,1675.009211,external,avx512-vbmi,avx512-vbmi,x86_64,linux,0
1,commit-5-correction-amd-9950x3d,run-2,0,base64-0.23.0,decode,url-safe,padded,23,32,182361,3557998,1124.227458,external,avx512-vbmi,avx512-vbmi,x86_64,linux,0
1,commit-5-correction-amd-9950x3d,run-2,1,base64-0.23.0,decode,url-safe,padded,23,32,182361,3518965,1136.697593,external,avx512-vbmi,avx512-vbmi,x86_64,linux,0
1,commit-5-correction-amd-9950x3d,run-2,2,base64-0.23.0,decode,url-safe,padded,23,32,182361,3512312,1138.850719,external,avx512-vbmi,avx512-vbmi,x86_64,linux,0
1,commit-5-correction-amd-9950x3d,run-2,3,base64-0.23.0,decode,url-safe,padded,23,32,182361,3518072,1136.986124,external,avx512-vbmi,avx512-vbmi,x86_64,linux,0
1,commit-5-correction-amd-9950x3d,run-2,4,base64-0.23.0,decode,url-safe,padded,23,32,182361,3518544,1136.833601,external,avx512-vbmi,avx512-vbmi,x86_64,linux,0
1,commit-5-correction-amd-9950x3d,run-2,0,base64ct-1.8.3,encode,url-safe,padded,23,32,182361,3187661,1254.838280,external,avx512-vbmi,avx512-vbmi,x86_64,linux,0
1,commit-5-correction-amd-9950x3d,run-2,1,base64ct-1.8.3,encode,url-safe,padded,23,32,182361,3162303,1264.900627,external,avx512-vbmi,avx512-vbmi,x86_64,linux,0
1,commit-5-correction-amd-9950x3d,run-2,2,base64ct-1.8.3,encode,url-safe,padded,23,32,182361,3218770,1242.710429,external,avx512-vbmi,avx512-vbmi,x86_64,linux,0
1,commit-5-correction-amd-9950x3d,run-2,3,base64ct-1.8.3,encode,url-safe,padded,23,32,182361,3253905,1229.291896,external,avx512-vbmi,avx512-vbmi,x86_64,linux,0
1,commit-5-correction-amd-9950x3d,run-2,4,base64ct-1.8.3,encode,url-safe,padded,23,32,182361,3245590,1232.441265,external,avx512-vbmi,avx512-vbmi,x86_64,linux,0
1,commit-5-correction-amd-9950x3d,run-2,0,base64ct-1.8.3,decode,url-safe,padded,23,32,182361,8956831,446.586415,external,avx512-vbmi,avx512-vbmi,x86_64,linux,0
1,commit-5-correction-amd-9950x3d,run-2,1,base64ct-1.8.3,decode,url-safe,padded,23,32,182361,8941602,447.347024,external,avx512-vbmi,avx512-vbmi,x86_64,linux,0
1,commit-5-correction-amd-9950x3d,run-2,2,base64ct-1.8.3,decode,url-safe,padded,23,32,182361,8913931,448.735698,external,avx512-vbmi,avx512-vbmi,x86_64,linux,0
1,commit-5-correction-amd-9950x3d,run-2,3,base64ct-1.8.3,decode,url-safe,padded,23,32,182361,8910694,448.898711,external,avx512-vbmi,avx512-vbmi,x86_64,linux,0
1,commit-5-correction-amd-9950x3d,run-2,4,base64ct-1.8.3,decode,url-safe,padded,23,32,182361,8984584,445.206928,external,avx512-vbmi,avx512-vbmi,x86_64,linux,0
1,commit-5-correction-amd-9950x3d,run-2,0,base64-ng,encode,url-safe,padded,24,32,174762,12300035,325.201086,auto,avx512-vbmi,avx512-vbmi,x86_64,linux,0
1,commit-5-correction-amd-9950x3d,run-2,1,base64-ng,encode,url-safe,padded,24,32,174762,12122221,329.971277,auto,avx512-vbmi,avx512-vbmi,x86_64,linux,0
1,commit-5-correction-amd-9950x3d,run-2,2,base64-ng,encode,url-safe,padded,24,32,174762,12584090,317.860468,auto,avx512-vbmi,avx512-vbmi,x86_64,linux,0
1,commit-5-correction-amd-9950x3d,run-2,3,base64-ng,encode,url-safe,padded,24,32,174762,12230363,327.053640,auto,avx512-vbmi,avx512-vbmi,x86_64,linux,0
1,commit-5-correction-amd-9950x3d,run-2,4,base64-ng,encode,url-safe,padded,24,32,174762,12247576,326.593992,auto,avx512-vbmi,avx512-vbmi,x86_64,linux,0
1,commit-5-correction-amd-9950x3d,run-2,0,base64-ng,decode,url-safe,padded,24,32,174762,39828698,100.429714,auto,avx512-vbmi,avx512-vbmi,x86_64,linux,0
1,commit-5-correction-amd-9950x3d,run-2,1,base64-ng,decode,url-safe,padded,24,32,174762,38952198,102.689577,auto,avx512-vbmi,avx512-vbmi,x86_64,linux,0
1,commit-5-correction-amd-9950x3d,run-2,2,base64-ng,decode,url-safe,padded,24,32,174762,38929515,102.749411,auto,avx512-vbmi,avx512-vbmi,x86_64,linux,0
1,commit-5-correction-amd-9950x3d,run-2,3,base64-ng,decode,url-safe,padded,24,32,174762,39352270,101.645591,auto,avx512-vbmi,avx512-vbmi,x86_64,linux,0
1,commit-5-correction-amd-9950x3d,run-2,4,base64-ng,decode,url-safe,padded,24,32,174762,38772289,103.166072,auto,avx512-vbmi,avx512-vbmi,x86_64,linux,0
1,commit-5-correction-amd-9950x3d,run-2,0,base64-ng,encode,url-safe,padded,24,32,174762,12034756,332.369409,scalar,avx512-vbmi,avx512-vbmi,x86_64,linux,0
1,commit-5-correction-amd-9950x3d,run-2,1,base64-ng,encode,url-safe,padded,24,32,174762,12460066,321.024362,scalar,avx512-vbmi,avx512-vbmi,x86_64,linux,0
1,commit-5-correction-amd-9950x3d,run-2,2,base64-ng,encode,url-safe,padded,24,32,174762,12450769,321.264071,scalar,avx512-vbmi,avx512-vbmi,x86_64,linux,0
1,commit-5-correction-amd-9950x3d,run-2,3,base64-ng,encode,url-safe,padded,24,32,174762,12433607,321.707509,scalar,avx512-vbmi,avx512-vbmi,x86_64,linux,0
1,commit-5-correction-amd-9950x3d,run-2,4,base64-ng,encode,url-safe,padded,24,32,174762,12351652,323.842085,scalar,avx512-vbmi,avx512-vbmi,x86_64,linux,0
1,commit-5-correction-amd-9950x3d,run-2,0,base64-ng,decode,url-safe,padded,24,32,174762,13202884,302.962954,scalar,avx512-vbmi,avx512-vbmi,x86_64,linux,0
1,commit-5-correction-amd-9950x3d,run-2,1,base64-ng,decode,url-safe,padded,24,32,174762,13273778,301.344858,scalar,avx512-vbmi,avx512-vbmi,x86_64,linux,0
1,commit-5-correction-amd-9950x3d,run-2,2,base64-ng,decode,url-safe,padded,24,32,174762,13329644,300.081888,scalar,avx512-vbmi,avx512-vbmi,x86_64,linux,0
1,commit-5-correction-amd-9950x3d,run-2,3,base64-ng,decode,url-safe,padded,24,32,174762,13255654,301.756876,scalar,avx512-vbmi,avx512-vbmi,x86_64,linux,0
1,commit-5-correction-amd-9950x3d,run-2,4,base64-ng,decode,url-safe,padded,24,32,174762,13261335,301.627607,scalar,avx512-vbmi,avx512-vbmi,x86_64,linux,0
1,commit-5-correction-amd-9950x3d,run-2,0,base64-ng,encode,url-safe,padded,24,32,174762,15751583,253.941762,ssse3-sse4.1,avx512-vbmi,avx512-vbmi,x86_64,linux,0
1,commit-5-correction-amd-9950x3d,run-2,1,base64-ng,encode,url-safe,padded,24,32,174762,15764407,253.735186,ssse3-sse4.1,avx512-vbmi,avx512-vbmi,x86_64,linux,0
1,commit-5-correction-amd-9950x3d,run-2,2,base64-ng,encode,url-safe,padded,24,32,174762,15777341,253.527178,ssse3-sse4.1,avx512-vbmi,avx512-vbmi,x86_64,linux,0
1,commit-5-correction-amd-9950x3d,run-2,3,base64-ng,encode,url-safe,padded,24,32,174762,15740351,254.122970,ssse3-sse4.1,avx512-vbmi,avx512-vbmi,x86_64,linux,0
1,commit-5-correction-amd-9950x3d,run-2,4,base64-ng,encode,url-safe,padded,24,32,174762,15794573,253.250578,ssse3-sse4.1,avx512-vbmi,avx512-vbmi,x86_64,linux,0
1,commit-5-correction-amd-9950x3d,run-2,0,base64-ng,decode,url-safe,padded,24,32,174762,55128319,72.557713,ssse3-sse4.1,avx512-vbmi,avx512-vbmi,x86_64,linux,0
1,commit-5-correction-amd-9950x3d,run-2,1,base64-ng,decode,url-safe,padded,24,32,174762,53862737,74.262560,ssse3-sse4.1,avx512-vbmi,avx512-vbmi,x86_64,linux,0
1,commit-5-correction-amd-9950x3d,run-2,2,base64-ng,decode,url-safe,padded,24,32,174762,54250777,73.731382,ssse3-sse4.1,avx512-vbmi,avx512-vbmi,x86_64,linux,0
1,commit-5-correction-amd-9950x3d,run-2,3,base64-ng,decode,url-safe,padded,24,32,174762,53986430,74.092411,ssse3-sse4.1,avx512-vbmi,avx512-vbmi,x86_64,linux,0
1,commit-5-correction-amd-9950x3d,run-2,4,base64-ng,decode,url-safe,padded,24,32,174762,55037838,72.676996,ssse3-sse4.1,avx512-vbmi,avx512-vbmi,x86_64,linux,0
1,commit-5-correction-amd-9950x3d,run-2,0,base64-ng,encode,url-safe,padded,24,32,174762,10693020,374.074372,avx2,avx512-vbmi,avx512-vbmi,x86_64,linux,0
1,commit-5-correction-amd-9950x3d,run-2,1,base64-ng,encode,url-safe,padded,24,32,174762,9834223,406.741310,avx2,avx512-vbmi,avx512-vbmi,x86_64,linux,0
1,commit-5-correction-amd-9950x3d,run-2,2,base64-ng,encode,url-safe,padded,24,32,174762,9911698,403.562007,avx2,avx512-vbmi,avx512-vbmi,x86_64,linux,0
1,commit-5-correction-amd-9950x3d,run-2,3,base64-ng,encode,url-safe,padded,24,32,174762,9814907,407.541787,avx2,avx512-vbmi,avx512-vbmi,x86_64,linux,0
1,commit-5-correction-amd-9950x3d,run-2,4,base64-ng,encode,url-safe,padded,24,32,174762,9804637,407.968672,avx2,avx512-vbmi,avx512-vbmi,x86_64,linux,0
1,commit-5-correction-amd-9950x3d,run-2,0,base64-ng,decode,url-safe,padded,24,32,174762,38205683,104.696067,avx2,avx512-vbmi,avx512-vbmi,x86_64,linux,0
1,commit-5-correction-amd-9950x3d,run-2,1,base64-ng,decode,url-safe,padded,24,32,174762,38143546,104.866620,avx2,avx512-vbmi,avx512-vbmi,x86_64,linux,0
1,commit-5-correction-amd-9950x3d,run-2,2,base64-ng,decode,url-safe,padded,24,32,174762,38396672,104.175298,avx2,avx512-vbmi,avx512-vbmi,x86_64,linux,0
1,commit-5-correction-amd-9950x3d,run-2,3,base64-ng,decode,url-safe,padded,24,32,174762,41898915,95.467502,avx2,avx512-vbmi,avx512-vbmi,x86_64,linux,0
1,commit-5-correction-amd-9950x3d,run-2,4,base64-ng,decode,url-safe,padded,24,32,174762,38535253,103.800661,avx2,avx512-vbmi,avx512-vbmi,x86_64,linux,0
1,commit-5-correction-amd-9950x3d,run-2,0,base64-ng,encode,url-safe,padded,24,32,174762,12197181,327.943378,avx512-vbmi,avx512-vbmi,avx512-vbmi,x86_64,linux,0
1,commit-5-correction-amd-9950x3d,run-2,1,base64-ng,encode,url-safe,padded,24,32,174762,12426884,321.881555,avx512-vbmi,avx512-vbmi,avx512-vbmi,x86_64,linux,0
1,commit-5-correction-amd-9950x3d,run-2,2,base64-ng,encode,url-safe,padded,24,32,174762,12602404,317.398549,avx512-vbmi,avx512-vbmi,avx512-vbmi,x86_64,linux,0
1,commit-5-correction-amd-9950x3d,run-2,3,base64-ng,encode,url-safe,padded,24,32,174762,12768977,313.258043,avx512-vbmi,avx512-vbmi,avx512-vbmi,x86_64,linux,0
1,commit-5-correction-amd-9950x3d,run-2,4,base64-ng,encode,url-safe,padded,24,32,174762,12710668,314.695085,avx512-vbmi,avx512-vbmi,avx512-vbmi,x86_64,linux,0
1,commit-5-correction-amd-9950x3d,run-2,0,base64-ng,decode,url-safe,padded,24,32,174762,38919917,102.774750,avx512-vbmi,avx512-vbmi,avx512-vbmi,x86_64,linux,0
1,commit-5-correction-amd-9950x3d,run-2,1,base64-ng,decode,url-safe,padded,24,32,174762,38567103,103.714939,avx512-vbmi,avx512-vbmi,avx512-vbmi,x86_64,linux,0
1,commit-5-correction-amd-9950x3d,run-2,2,base64-ng,decode,url-safe,padded,24,32,174762,38345455,104.314442,avx512-vbmi,avx512-vbmi,avx512-vbmi,x86_64,linux,0
1,commit-5-correction-amd-9950x3d,run-2,3,base64-ng,decode,url-safe,padded,24,32,174762,38401090,104.163313,avx512-vbmi,avx512-vbmi,avx512-vbmi,x86_64,linux,0
1,commit-5-correction-amd-9950x3d,run-2,4,base64-ng,decode,url-safe,padded,24,32,174762,38662222,103.459774,avx512-vbmi,avx512-vbmi,avx512-vbmi,x86_64,linux,0
1,commit-5-correction-amd-9950x3d,run-2,0,base64-0.23.0,encode,url-safe,padded,24,32,174762,2249675,1778.027822,external,avx512-vbmi,avx512-vbmi,x86_64,linux,0
1,commit-5-correction-amd-9950x3d,run-2,1,base64-0.23.0,encode,url-safe,padded,24,32,174762,2278399,1755.612051,external,avx512-vbmi,avx512-vbmi,x86_64,linux,0
1,commit-5-correction-amd-9950x3d,run-2,2,base64-0.23.0,encode,url-safe,padded,24,32,174762,2274532,1758.596820,external,avx512-vbmi,avx512-vbmi,x86_64,linux,0
1,commit-5-correction-amd-9950x3d,run-2,3,base64-0.23.0,encode,url-safe,padded,24,32,174762,2309087,1732.279789,external,avx512-vbmi,avx512-vbmi,x86_64,linux,0
1,commit-5-correction-amd-9950x3d,run-2,4,base64-0.23.0,encode,url-safe,padded,24,32,174762,2280163,1754.253859,external,avx512-vbmi,avx512-vbmi,x86_64,linux,0
1,commit-5-correction-amd-9950x3d,run-2,0,base64-0.23.0,decode,url-safe,padded,24,32,174762,3408617,1173.491988,external,avx512-vbmi,avx512-vbmi,x86_64,linux,0
1,commit-5-correction-amd-9950x3d,run-2,1,base64-0.23.0,decode,url-safe,padded,24,32,174762,3409278,1173.264469,external,avx512-vbmi,avx512-vbmi,x86_64,linux,0
1,commit-5-correction-amd-9950x3d,run-2,2,base64-0.23.0,decode,url-safe,padded,24,32,174762,3393137,1178.845635,external,avx512-vbmi,avx512-vbmi,x86_64,linux,0
1,commit-5-correction-amd-9950x3d,run-2,3,base64-0.23.0,decode,url-safe,padded,24,32,174762,3403286,1175.330178,external,avx512-vbmi,avx512-vbmi,x86_64,linux,0
1,commit-5-correction-amd-9950x3d,run-2,4,base64-0.23.0,decode,url-safe,padded,24,32,174762,3392557,1179.047173,external,avx512-vbmi,avx512-vbmi,x86_64,linux,0
1,commit-5-correction-amd-9950x3d,run-2,0,base64ct-1.8.3,encode,url-safe,padded,24,32,174762,2505577,1596.432575,external,avx512-vbmi,avx512-vbmi,x86_64,linux,0
1,commit-5-correction-amd-9950x3d,run-2,1,base64ct-1.8.3,encode,url-safe,padded,24,32,174762,2485649,1609.231529,external,avx512-vbmi,avx512-vbmi,x86_64,linux,0
1,commit-5-correction-amd-9950x3d,run-2,2,base64ct-1.8.3,encode,url-safe,padded,24,32,174762,2506608,1595.775942,external,avx512-vbmi,avx512-vbmi,x86_64,linux,0
1,commit-5-correction-amd-9950x3d,run-2,3,base64ct-1.8.3,encode,url-safe,padded,24,32,174762,2513171,1591.608665,external,avx512-vbmi,avx512-vbmi,x86_64,linux,0
1,commit-5-correction-amd-9950x3d,run-2,4,base64ct-1.8.3,encode,url-safe,padded,24,32,174762,2509334,1594.042380,external,avx512-vbmi,avx512-vbmi,x86_64,linux,0
1,commit-5-correction-amd-9950x3d,run-2,0,base64ct-1.8.3,decode,url-safe,padded,24,32,174762,6845506,584.322728,external,avx512-vbmi,avx512-vbmi,x86_64,linux,0
1,commit-5-correction-amd-9950x3d,run-2,1,base64ct-1.8.3,decode,url-safe,padded,24,32,174762,6859814,583.103965,external,avx512-vbmi,avx512-vbmi,x86_64,linux,0
1,commit-5-correction-amd-9950x3d,run-2,2,base64ct-1.8.3,decode,url-safe,padded,24,32,174762,6850837,583.868036,external,avx512-vbmi,avx512-vbmi,x86_64,linux,0
1,commit-5-correction-amd-9950x3d,run-2,3,base64ct-1.8.3,decode,url-safe,padded,24,32,174762,6861928,582.924324,external,avx512-vbmi,avx512-vbmi,x86_64,linux,0
1,commit-5-correction-amd-9950x3d,run-2,4,base64ct-1.8.3,decode,url-safe,padded,24,32,174762,6866466,582.539073,external,avx512-vbmi,avx512-vbmi,x86_64,linux,0
1,commit-5-correction-amd-9950x3d,run-2,0,base64-ng,encode,url-safe,padded,31,44,135300,11927072,335.371178,auto,avx512-vbmi,avx512-vbmi,x86_64,linux,0
1,commit-5-correction-amd-9950x3d,run-2,1,base64-ng,encode,url-safe,padded,31,44,135300,11887328,336.492455,auto,avx512-vbmi,avx512-vbmi,x86_64,linux,0
1,commit-5-correction-amd-9950x3d,run-2,2,base64-ng,encode,url-safe,padded,31,44,135300,11884794,336.564200,auto,avx512-vbmi,avx512-vbmi,x86_64,linux,0
1,commit-5-correction-amd-9950x3d,run-2,3,base64-ng,encode,url-safe,padded,31,44,135300,11866609,337.079968,auto,avx512-vbmi,avx512-vbmi,x86_64,linux,0
1,commit-5-correction-amd-9950x3d,run-2,4,base64-ng,encode,url-safe,padded,31,44,135300,12028123,332.553648,auto,avx512-vbmi,avx512-vbmi,x86_64,linux,0
1,commit-5-correction-amd-9950x3d,run-2,0,base64-ng,decode,url-safe,padded,31,44,135300,36540759,109.466697,auto,avx512-vbmi,avx512-vbmi,x86_64,linux,0
1,commit-5-correction-amd-9950x3d,run-2,1,base64-ng,decode,url-safe,padded,31,44,135300,35748377,111.893085,auto,avx512-vbmi,avx512-vbmi,x86_64,linux,0
1,commit-5-correction-amd-9950x3d,run-2,2,base64-ng,decode,url-safe,padded,31,44,135300,35677844,112.114291,auto,avx512-vbmi,avx512-vbmi,x86_64,linux,0
1,commit-5-correction-amd-9950x3d,run-2,3,base64-ng,decode,url-safe,padded,31,44,135300,35587023,112.400416,auto,avx512-vbmi,avx512-vbmi,x86_64,linux,0
1,commit-5-correction-amd-9950x3d,run-2,4,base64-ng,decode,url-safe,padded,31,44,135300,35940768,111.294121,auto,avx512-vbmi,avx512-vbmi,x86_64,linux,0
1,commit-5-correction-amd-9950x3d,run-2,0,base64-ng,encode,url-safe,padded,31,44,135300,11766741,339.940871,scalar,avx512-vbmi,avx512-vbmi,x86_64,linux,0
1,commit-5-correction-amd-9950x3d,run-2,1,base64-ng,encode,url-safe,padded,31,44,135300,11756191,340.245934,scalar,avx512-vbmi,avx512-vbmi,x86_64,linux,0
1,commit-5-correction-amd-9950x3d,run-2,2,base64-ng,encode,url-safe,padded,31,44,135300,11755610,340.262750,scalar,avx512-vbmi,avx512-vbmi,x86_64,linux,0
1,commit-5-correction-amd-9950x3d,run-2,3,base64-ng,encode,url-safe,padded,31,44,135300,11946510,334.825500,scalar,avx512-vbmi,avx512-vbmi,x86_64,linux,0
1,commit-5-correction-amd-9950x3d,run-2,4,base64-ng,encode,url-safe,padded,31,44,135300,11856800,337.358831,scalar,avx512-vbmi,avx512-vbmi,x86_64,linux,0
1,commit-5-correction-amd-9950x3d,run-2,0,base64-ng,decode,url-safe,padded,31,44,135300,13548165,295.242654,scalar,avx512-vbmi,avx512-vbmi,x86_64,linux,0
1,commit-5-correction-amd-9950x3d,run-2,1,base64-ng,decode,url-safe,padded,31,44,135300,13560959,294.964109,scalar,avx512-vbmi,avx512-vbmi,x86_64,linux,0
1,commit-5-correction-amd-9950x3d,run-2,2,base64-ng,decode,url-safe,padded,31,44,135300,13545659,295.297275,scalar,avx512-vbmi,avx512-vbmi,x86_64,linux,0
1,commit-5-correction-amd-9950x3d,run-2,3,base64-ng,decode,url-safe,padded,31,44,135300,13544507,295.322390,scalar,avx512-vbmi,avx512-vbmi,x86_64,linux,0
1,commit-5-correction-amd-9950x3d,run-2,4,base64-ng,decode,url-safe,padded,31,44,135300,13548625,295.232630,scalar,avx512-vbmi,avx512-vbmi,x86_64,linux,0
1,commit-5-correction-amd-9950x3d,run-2,0,base64-ng,encode,url-safe,padded,31,44,135300,14482684,276.191636,ssse3-sse4.1,avx512-vbmi,avx512-vbmi,x86_64,linux,0
1,commit-5-correction-amd-9950x3d,run-2,1,base64-ng,encode,url-safe,padded,31,44,135300,14460492,276.615497,ssse3-sse4.1,avx512-vbmi,avx512-vbmi,x86_64,linux,0
1,commit-5-correction-amd-9950x3d,run-2,2,base64-ng,encode,url-safe,padded,31,44,135300,14433942,277.124308,ssse3-sse4.1,avx512-vbmi,avx512-vbmi,x86_64,linux,0
1,commit-5-correction-amd-9950x3d,run-2,3,base64-ng,encode,url-safe,padded,31,44,135300,14458508,276.653455,ssse3-sse4.1,avx512-vbmi,avx512-vbmi,x86_64,linux,0
1,commit-5-correction-amd-9950x3d,run-2,4,base64-ng,encode,url-safe,padded,31,44,135300,14582131,274.308068,ssse3-sse4.1,avx512-vbmi,avx512-vbmi,x86_64,linux,0
1,commit-5-correction-amd-9950x3d,run-2,0,base64-ng,decode,url-safe,padded,31,44,135300,48193624,82.998452,ssse3-sse4.1,avx512-vbmi,avx512-vbmi,x86_64,linux,0
1,commit-5-correction-amd-9950x3d,run-2,1,base64-ng,decode,url-safe,padded,31,44,135300,47085749,84.951313,ssse3-sse4.1,avx512-vbmi,avx512-vbmi,x86_64,linux,0
1,commit-5-correction-amd-9950x3d,run-2,2,base64-ng,decode,url-safe,padded,31,44,135300,46432881,86.145768,ssse3-sse4.1,avx512-vbmi,avx512-vbmi,x86_64,linux,0
1,commit-5-correction-amd-9950x3d,run-2,3,base64-ng,decode,url-safe,padded,31,44,135300,46729258,85.599394,ssse3-sse4.1,avx512-vbmi,avx512-vbmi,x86_64,linux,0
1,commit-5-correction-amd-9950x3d,run-2,4,base64-ng,decode,url-safe,padded,31,44,135300,46650891,85.743189,ssse3-sse4.1,avx512-vbmi,avx512-vbmi,x86_64,linux,0
1,commit-5-correction-amd-9950x3d,run-2,0,base64-ng,encode,url-safe,padded,31,44,135300,10241410,390.570848,avx2,avx512-vbmi,avx512-vbmi,x86_64,linux,0
1,commit-5-correction-amd-9950x3d,run-2,1,base64-ng,encode,url-safe,padded,31,44,135300,10347459,386.567967,avx2,avx512-vbmi,avx512-vbmi,x86_64,linux,0
1,commit-5-correction-amd-9950x3d,run-2,2,base64-ng,encode,url-safe,padded,31,44,135300,10338713,386.894983,avx2,avx512-vbmi,avx512-vbmi,x86_64,linux,0
1,commit-5-correction-amd-9950x3d,run-2,3,base64-ng,encode,url-safe,padded,31,44,135300,10187889,392.622670,avx2,avx512-vbmi,avx512-vbmi,x86_64,linux,0
1,commit-5-correction-amd-9950x3d,run-2,4,base64-ng,encode,url-safe,padded,31,44,135300,10106656,395.778404,avx2,avx512-vbmi,avx512-vbmi,x86_64,linux,0
1,commit-5-correction-amd-9950x3d,run-2,0,base64-ng,decode,url-safe,padded,31,44,135300,34234697,116.840414,avx2,avx512-vbmi,avx512-vbmi,x86_64,linux,0
1,commit-5-correction-amd-9950x3d,run-2,1,base64-ng,decode,url-safe,padded,31,44,135300,37321297,107.177309,avx2,avx512-vbmi,avx512-vbmi,x86_64,linux,0
1,commit-5-correction-amd-9950x3d,run-2,2,base64-ng,decode,url-safe,padded,31,44,135300,38960744,102.667346,avx2,avx512-vbmi,avx512-vbmi,x86_64,linux,0
1,commit-5-correction-amd-9950x3d,run-2,3,base64-ng,decode,url-safe,padded,31,44,135300,34328353,116.521646,avx2,avx512-vbmi,avx512-vbmi,x86_64,linux,0
1,commit-5-correction-amd-9950x3d,run-2,4,base64-ng,decode,url-safe,padded,31,44,135300,34052303,117.466246,avx2,avx512-vbmi,avx512-vbmi,x86_64,linux,0
1,commit-5-correction-amd-9950x3d,run-2,0,base64-ng,encode,url-safe,padded,31,44,135300,11962349,334.382167,avx512-vbmi,avx512-vbmi,avx512-vbmi,x86_64,linux,0
1,commit-5-correction-amd-9950x3d,run-2,1,base64-ng,encode,url-safe,padded,31,44,135300,11945918,334.842093,avx512-vbmi,avx512-vbmi,avx512-vbmi,x86_64,linux,0
1,commit-5-correction-amd-9950x3d,run-2,2,base64-ng,encode,url-safe,padded,31,44,135300,11925820,335.406386,avx512-vbmi,avx512-vbmi,avx512-vbmi,x86_64,linux,0
1,commit-5-correction-amd-9950x3d,run-2,3,base64-ng,encode,url-safe,padded,31,44,135300,12060143,331.670709,avx512-vbmi,avx512-vbmi,avx512-vbmi,x86_64,linux,0
1,commit-5-correction-amd-9950x3d,run-2,4,base64-ng,encode,url-safe,padded,31,44,135300,11904821,335.998012,avx512-vbmi,avx512-vbmi,avx512-vbmi,x86_64,linux,0
1,commit-5-correction-amd-9950x3d,run-2,0,base64-ng,decode,url-safe,padded,31,44,135300,34402814,116.269448,avx512-vbmi,avx512-vbmi,avx512-vbmi,x86_64,linux,0
1,commit-5-correction-amd-9950x3d,run-2,1,base64-ng,decode,url-safe,padded,31,44,135300,34574757,115.691231,avx512-vbmi,avx512-vbmi,avx512-vbmi,x86_64,linux,0
1,commit-5-correction-amd-9950x3d,run-2,2,base64-ng,decode,url-safe,padded,31,44,135300,34872778,114.702539,avx512-vbmi,avx512-vbmi,avx512-vbmi,x86_64,linux,0
1,commit-5-correction-amd-9950x3d,run-2,3,base64-ng,decode,url-safe,padded,31,44,135300,36119986,110.741909,avx512-vbmi,avx512-vbmi,avx512-vbmi,x86_64,linux,0
1,commit-5-correction-amd-9950x3d,run-2,4,base64-ng,decode,url-safe,padded,31,44,135300,35430629,112.896561,avx512-vbmi,avx512-vbmi,avx512-vbmi,x86_64,linux,0
1,commit-5-correction-amd-9950x3d,run-2,0,base64-0.23.0,encode,url-safe,padded,31,44,135300,1815819,2202.860629,external,avx512-vbmi,avx512-vbmi,x86_64,linux,0
1,commit-5-correction-amd-9950x3d,run-2,1,base64-0.23.0,encode,url-safe,padded,31,44,135300,1834152,2180.842256,external,avx512-vbmi,avx512-vbmi,x86_64,linux,0
1,commit-5-correction-amd-9950x3d,run-2,2,base64-0.23.0,encode,url-safe,padded,31,44,135300,1831999,2183.405223,external,avx512-vbmi,avx512-vbmi,x86_64,linux,0
1,commit-5-correction-amd-9950x3d,run-2,3,base64-0.23.0,encode,url-safe,padded,31,44,135300,1843330,2169.983771,external,avx512-vbmi,avx512-vbmi,x86_64,linux,0
1,commit-5-correction-amd-9950x3d,run-2,4,base64-0.23.0,encode,url-safe,padded,31,44,135300,1841606,2172.015179,external,avx512-vbmi,avx512-vbmi,x86_64,linux,0
1,commit-5-correction-amd-9950x3d,run-2,0,base64-0.23.0,decode,url-safe,padded,31,44,135300,2807875,1424.563481,external,avx512-vbmi,avx512-vbmi,x86_64,linux,0
1,commit-5-correction-amd-9950x3d,run-2,1,base64-0.23.0,decode,url-safe,padded,31,44,135300,2793489,1431.899744,external,avx512-vbmi,avx512-vbmi,x86_64,linux,0
1,commit-5-correction-amd-9950x3d,run-2,2,base64-0.23.0,decode,url-safe,padded,31,44,135300,2811733,1422.608827,external,avx512-vbmi,avx512-vbmi,x86_64,linux,0
1,commit-5-correction-amd-9950x3d,run-2,3,base64-0.23.0,decode,url-safe,padded,31,44,135300,2794250,1431.509774,external,avx512-vbmi,avx512-vbmi,x86_64,linux,0
1,commit-5-correction-amd-9950x3d,run-2,4,base64-0.23.0,decode,url-safe,padded,31,44,135300,2801052,1428.033534,external,avx512-vbmi,avx512-vbmi,x86_64,linux,0
1,commit-5-correction-amd-9950x3d,run-2,0,base64ct-1.8.3,encode,url-safe,padded,31,44,135300,2994818,1335.639156,external,avx512-vbmi,avx512-vbmi,x86_64,linux,0
1,commit-5-correction-amd-9950x3d,run-2,1,base64ct-1.8.3,encode,url-safe,padded,31,44,135300,2973898,1345.034761,external,avx512-vbmi,avx512-vbmi,x86_64,linux,0
1,commit-5-correction-amd-9950x3d,run-2,2,base64ct-1.8.3,encode,url-safe,padded,31,44,135300,2970462,1346.590593,external,avx512-vbmi,avx512-vbmi,x86_64,linux,0
1,commit-5-correction-amd-9950x3d,run-2,3,base64ct-1.8.3,encode,url-safe,padded,31,44,135300,2966163,1348.542270,external,avx512-vbmi,avx512-vbmi,x86_64,linux,0
1,commit-5-correction-amd-9950x3d,run-2,4,base64ct-1.8.3,encode,url-safe,padded,31,44,135300,2956746,1352.837270,external,avx512-vbmi,avx512-vbmi,x86_64,linux,0
1,commit-5-correction-amd-9950x3d,run-2,0,base64ct-1.8.3,decode,url-safe,padded,31,44,135300,7832966,510.661758,external,avx512-vbmi,avx512-vbmi,x86_64,linux,0
1,commit-5-correction-amd-9950x3d,run-2,1,base64ct-1.8.3,decode,url-safe,padded,31,44,135300,7914289,505.414471,external,avx512-vbmi,avx512-vbmi,x86_64,linux,0
1,commit-5-correction-amd-9950x3d,run-2,2,base64ct-1.8.3,decode,url-safe,padded,31,44,135300,8354657,478.774435,external,avx512-vbmi,avx512-vbmi,x86_64,linux,0
1,commit-5-correction-amd-9950x3d,run-2,3,base64ct-1.8.3,decode,url-safe,padded,31,44,135300,8705919,459.457087,external,avx512-vbmi,avx512-vbmi,x86_64,linux,0
1,commit-5-correction-amd-9950x3d,run-2,4,base64ct-1.8.3,decode,url-safe,padded,31,44,135300,7567185,528.597647,external,avx512-vbmi,avx512-vbmi,x86_64,linux,0
1,commit-5-correction-amd-9950x3d,run-2,0,base64-ng,encode,url-safe,padded,32,44,131072,11813529,338.594843,auto,avx512-vbmi,avx512-vbmi,x86_64,linux,0
1,commit-5-correction-amd-9950x3d,run-2,1,base64-ng,encode,url-safe,padded,32,44,131072,11817687,338.475710,auto,avx512-vbmi,avx512-vbmi,x86_64,linux,0
1,commit-5-correction-amd-9950x3d,run-2,2,base64-ng,encode,url-safe,padded,32,44,131072,11714092,341.469061,auto,avx512-vbmi,avx512-vbmi,x86_64,linux,0
1,commit-5-correction-amd-9950x3d,run-2,3,base64-ng,encode,url-safe,padded,32,44,131072,11758716,340.173196,auto,avx512-vbmi,avx512-vbmi,x86_64,linux,0
1,commit-5-correction-amd-9950x3d,run-2,4,base64-ng,encode,url-safe,padded,32,44,131072,11799813,338.988423,auto,avx512-vbmi,avx512-vbmi,x86_64,linux,0
1,commit-5-correction-amd-9950x3d,run-2,0,base64-ng,decode,url-safe,padded,32,44,131072,33958898,117.789452,auto,avx512-vbmi,avx512-vbmi,x86_64,linux,0
1,commit-5-correction-amd-9950x3d,run-2,1,base64-ng,decode,url-safe,padded,32,44,131072,35411022,112.959180,auto,avx512-vbmi,avx512-vbmi,x86_64,linux,0
1,commit-5-correction-amd-9950x3d,run-2,2,base64-ng,decode,url-safe,padded,32,44,131072,34892365,114.638260,auto,avx512-vbmi,avx512-vbmi,x86_64,linux,0
1,commit-5-correction-amd-9950x3d,run-2,3,base64-ng,decode,url-safe,padded,32,44,131072,34120963,117.229986,auto,avx512-vbmi,avx512-vbmi,x86_64,linux,0
1,commit-5-correction-amd-9950x3d,run-2,4,base64-ng,decode,url-safe,padded,32,44,131072,34974320,114.369629,auto,avx512-vbmi,avx512-vbmi,x86_64,linux,0
1,commit-5-correction-amd-9950x3d,run-2,0,base64-ng,encode,url-safe,padded,32,44,131072,11767102,339.930766,scalar,avx512-vbmi,avx512-vbmi,x86_64,linux,0
1,commit-5-correction-amd-9950x3d,run-2,1,base64-ng,encode,url-safe,padded,32,44,131072,11665060,342.904366,scalar,avx512-vbmi,avx512-vbmi,x86_64,linux,0
1,commit-5-correction-amd-9950x3d,run-2,2,base64-ng,encode,url-safe,padded,32,44,131072,11637517,343.715932,scalar,avx512-vbmi,avx512-vbmi,x86_64,linux,0
1,commit-5-correction-amd-9950x3d,run-2,3,base64-ng,encode,url-safe,padded,32,44,131072,11664499,342.920858,scalar,avx512-vbmi,avx512-vbmi,x86_64,linux,0
1,commit-5-correction-amd-9950x3d,run-2,4,base64-ng,encode,url-safe,padded,32,44,131072,11733228,340.912151,scalar,avx512-vbmi,avx512-vbmi,x86_64,linux,0
1,commit-5-correction-amd-9950x3d,run-2,0,base64-ng,decode,url-safe,padded,32,44,131072,13419312,298.077875,scalar,avx512-vbmi,avx512-vbmi,x86_64,linux,0
1,commit-5-correction-amd-9950x3d,run-2,1,base64-ng,decode,url-safe,padded,32,44,131072,13635268,293.356904,scalar,avx512-vbmi,avx512-vbmi,x86_64,linux,0
1,commit-5-correction-amd-9950x3d,run-2,2,base64-ng,decode,url-safe,padded,32,44,131072,13537455,295.476513,scalar,avx512-vbmi,avx512-vbmi,x86_64,linux,0
1,commit-5-correction-amd-9950x3d,run-2,3,base64-ng,decode,url-safe,padded,32,44,131072,13389886,298.732939,scalar,avx512-vbmi,avx512-vbmi,x86_64,linux,0
1,commit-5-correction-amd-9950x3d,run-2,4,base64-ng,decode,url-safe,padded,32,44,131072,13385368,298.833771,scalar,avx512-vbmi,avx512-vbmi,x86_64,linux,0
1,commit-5-correction-amd-9950x3d,run-2,0,base64-ng,encode,url-safe,padded,32,44,131072,15188252,263.361445,ssse3-sse4.1,avx512-vbmi,avx512-vbmi,x86_64,linux,0
1,commit-5-correction-amd-9950x3d,run-2,1,base64-ng,encode,url-safe,padded,32,44,131072,14142593,282.833565,ssse3-sse4.1,avx512-vbmi,avx512-vbmi,x86_64,linux,0
1,commit-5-correction-amd-9950x3d,run-2,2,base64-ng,encode,url-safe,padded,32,44,131072,14026545,285.173576,ssse3-sse4.1,avx512-vbmi,avx512-vbmi,x86_64,linux,0
1,commit-5-correction-amd-9950x3d,run-2,3,base64-ng,encode,url-safe,padded,32,44,131072,13964117,286.448474,ssse3-sse4.1,avx512-vbmi,avx512-vbmi,x86_64,linux,0
1,commit-5-correction-amd-9950x3d,run-2,4,base64-ng,encode,url-safe,padded,32,44,131072,14018931,285.328460,ssse3-sse4.1,avx512-vbmi,avx512-vbmi,x86_64,linux,0
1,commit-5-correction-amd-9950x3d,run-2,0,base64-ng,decode,url-safe,padded,32,44,131072,45114168,88.663943,ssse3-sse4.1,avx512-vbmi,avx512-vbmi,x86_64,linux,0
1,commit-5-correction-amd-9950x3d,run-2,1,base64-ng,decode,url-safe,padded,32,44,131072,45272606,88.353650,ssse3-sse4.1,avx512-vbmi,avx512-vbmi,x86_64,linux,0
1,commit-5-correction-amd-9950x3d,run-2,2,base64-ng,decode,url-safe,padded,32,44,131072,44853437,89.179342,ssse3-sse4.1,avx512-vbmi,avx512-vbmi,x86_64,linux,0
1,commit-5-correction-amd-9950x3d,run-2,3,base64-ng,decode,url-safe,padded,32,44,131072,45052441,88.785422,ssse3-sse4.1,avx512-vbmi,avx512-vbmi,x86_64,linux,0
1,commit-5-correction-amd-9950x3d,run-2,4,base64-ng,decode,url-safe,padded,32,44,131072,45788467,87.358242,ssse3-sse4.1,avx512-vbmi,avx512-vbmi,x86_64,linux,0
1,commit-5-correction-amd-9950x3d,run-2,0,base64-ng,encode,url-safe,padded,32,44,131072,10369922,385.730963,avx2,avx512-vbmi,avx512-vbmi,x86_64,linux,0
1,commit-5-correction-amd-9950x3d,run-2,1,base64-ng,encode,url-safe,padded,32,44,131072,10414676,384.073398,avx2,avx512-vbmi,avx512-vbmi,x86_64,linux,0
1,commit-5-correction-amd-9950x3d,run-2,2,base64-ng,encode,url-safe,padded,32,44,131072,10403946,384.469508,avx2,avx512-vbmi,avx512-vbmi,x86_64,linux,0
1,commit-5-correction-amd-9950x3d,run-2,3,base64-ng,encode,url-safe,padded,32,44,131072,10088462,396.492548,avx2,avx512-vbmi,avx512-vbmi,x86_64,linux,0
1,commit-5-correction-amd-9950x3d,run-2,4,base64-ng,encode,url-safe,padded,32,44,131072,10144587,394.298950,avx2,avx512-vbmi,avx512-vbmi,x86_64,linux,0
1,commit-5-correction-amd-9950x3d,run-2,0,base64-ng,decode,url-safe,padded,32,44,131072,33809957,118.308343,avx2,avx512-vbmi,avx512-vbmi,x86_64,linux,0
1,commit-5-correction-amd-9950x3d,run-2,1,base64-ng,decode,url-safe,padded,32,44,131072,33886401,118.041453,avx2,avx512-vbmi,avx512-vbmi,x86_64,linux,0
1,commit-5-correction-amd-9950x3d,run-2,2,base64-ng,decode,url-safe,padded,32,44,131072,33950612,117.818200,avx2,avx512-vbmi,avx512-vbmi,x86_64,linux,0
1,commit-5-correction-amd-9950x3d,run-2,3,base64-ng,decode,url-safe,padded,32,44,131072,33807803,118.315881,avx2,avx512-vbmi,avx512-vbmi,x86_64,linux,0
1,commit-5-correction-amd-9950x3d,run-2,4,base64-ng,decode,url-safe,padded,32,44,131072,33749764,118.519347,avx2,avx512-vbmi,avx512-vbmi,x86_64,linux,0
1,commit-5-correction-amd-9950x3d,run-2,0,base64-ng,encode,url-safe,padded,32,44,131072,12162005,328.893139,avx512-vbmi,avx512-vbmi,avx512-vbmi,x86_64,linux,0
1,commit-5-correction-amd-9950x3d,run-2,1,base64-ng,encode,url-safe,padded,32,44,131072,11933034,335.203939,avx512-vbmi,avx512-vbmi,avx512-vbmi,x86_64,linux,0
1,commit-5-correction-amd-9950x3d,run-2,2,base64-ng,encode,url-safe,padded,32,44,131072,11897588,336.202598,avx512-vbmi,avx512-vbmi,avx512-vbmi,x86_64,linux,0
1,commit-5-correction-amd-9950x3d,run-2,3,base64-ng,encode,url-safe,padded,32,44,131072,11827916,338.182990,avx512-vbmi,avx512-vbmi,avx512-vbmi,x86_64,linux,0
1,commit-5-correction-amd-9950x3d,run-2,4,base64-ng,encode,url-safe,padded,32,44,131072,11858754,337.303565,avx512-vbmi,avx512-vbmi,avx512-vbmi,x86_64,linux,0
1,commit-5-correction-amd-9950x3d,run-2,0,base64-ng,decode,url-safe,padded,32,44,131072,33998743,117.651408,avx512-vbmi,avx512-vbmi,avx512-vbmi,x86_64,linux,0
1,commit-5-correction-amd-9950x3d,run-2,1,base64-ng,decode,url-safe,padded,32,44,131072,33951334,117.815695,avx512-vbmi,avx512-vbmi,avx512-vbmi,x86_64,linux,0
1,commit-5-correction-amd-9950x3d,run-2,2,base64-ng,decode,url-safe,padded,32,44,131072,34073013,117.394960,avx512-vbmi,avx512-vbmi,avx512-vbmi,x86_64,linux,0
1,commit-5-correction-amd-9950x3d,run-2,3,base64-ng,decode,url-safe,padded,32,44,131072,34802987,114.932664,avx512-vbmi,avx512-vbmi,avx512-vbmi,x86_64,linux,0
1,commit-5-correction-amd-9950x3d,run-2,4,base64-ng,decode,url-safe,padded,32,44,131072,34482233,116.001768,avx512-vbmi,avx512-vbmi,avx512-vbmi,x86_64,linux,0
1,commit-5-correction-amd-9950x3d,run-2,0,base64-0.23.0,encode,url-safe,padded,32,44,131072,1760544,2272.025010,external,avx512-vbmi,avx512-vbmi,x86_64,linux,0
1,commit-5-correction-amd-9950x3d,run-2,1,base64-0.23.0,encode,url-safe,padded,32,44,131072,1760153,2272.529718,external,avx512-vbmi,avx512-vbmi,x86_64,linux,0
1,commit-5-correction-amd-9950x3d,run-2,2,base64-0.23.0,encode,url-safe,padded,32,44,131072,1773108,2255.925753,external,avx512-vbmi,avx512-vbmi,x86_64,linux,0
1,commit-5-correction-amd-9950x3d,run-2,3,base64-0.23.0,encode,url-safe,padded,32,44,131072,1796522,2226.524362,external,avx512-vbmi,avx512-vbmi,x86_64,linux,0
1,commit-5-correction-amd-9950x3d,run-2,4,base64-0.23.0,encode,url-safe,padded,32,44,131072,1790992,2233.399144,external,avx512-vbmi,avx512-vbmi,x86_64,linux,0
1,commit-5-correction-amd-9950x3d,run-2,0,base64-0.23.0,decode,url-safe,padded,32,44,131072,2674966,1495.346109,external,avx512-vbmi,avx512-vbmi,x86_64,linux,0
1,commit-5-correction-amd-9950x3d,run-2,1,base64-0.23.0,decode,url-safe,padded,32,44,131072,2656200,1505.910699,external,avx512-vbmi,avx512-vbmi,x86_64,linux,0
1,commit-5-correction-amd-9950x3d,run-2,2,base64-0.23.0,decode,url-safe,padded,32,44,131072,2657763,1505.025091,external,avx512-vbmi,avx512-vbmi,x86_64,linux,0
1,commit-5-correction-amd-9950x3d,run-2,3,base64-0.23.0,decode,url-safe,padded,32,44,131072,2648526,1510.274017,external,avx512-vbmi,avx512-vbmi,x86_64,linux,0
1,commit-5-correction-amd-9950x3d,run-2,4,base64-0.23.0,decode,url-safe,padded,32,44,131072,2661640,1502.832840,external,avx512-vbmi,avx512-vbmi,x86_64,linux,0
1,commit-5-correction-amd-9950x3d,run-2,0,base64ct-1.8.3,encode,url-safe,padded,32,44,131072,2853802,1401.638936,external,avx512-vbmi,avx512-vbmi,x86_64,linux,0
1,commit-5-correction-amd-9950x3d,run-2,1,base64ct-1.8.3,encode,url-safe,padded,32,44,131072,2811342,1422.808040,external,avx512-vbmi,avx512-vbmi,x86_64,linux,0
1,commit-5-correction-amd-9950x3d,run-2,2,base64ct-1.8.3,encode,url-safe,padded,32,44,131072,2814608,1421.157049,external,avx512-vbmi,avx512-vbmi,x86_64,linux,0
1,commit-5-correction-amd-9950x3d,run-2,3,base64ct-1.8.3,encode,url-safe,padded,32,44,131072,2814619,1421.151495,external,avx512-vbmi,avx512-vbmi,x86_64,linux,0
1,commit-5-correction-amd-9950x3d,run-2,4,base64ct-1.8.3,encode,url-safe,padded,32,44,131072,2820690,1418.092736,external,avx512-vbmi,avx512-vbmi,x86_64,linux,0
1,commit-5-correction-amd-9950x3d,run-2,0,base64ct-1.8.3,decode,url-safe,padded,32,44,131072,7747554,516.291981,external,avx512-vbmi,avx512-vbmi,x86_64,linux,0
1,commit-5-correction-amd-9950x3d,run-2,1,base64ct-1.8.3,decode,url-safe,padded,32,44,131072,7679306,520.880402,external,avx512-vbmi,avx512-vbmi,x86_64,linux,0
1,commit-5-correction-amd-9950x3d,run-2,2,base64ct-1.8.3,decode,url-safe,padded,32,44,131072,7679377,520.875587,external,avx512-vbmi,avx512-vbmi,x86_64,linux,0
1,commit-5-correction-amd-9950x3d,run-2,3,base64ct-1.8.3,decode,url-safe,padded,32,44,131072,7684946,520.498127,external,avx512-vbmi,avx512-vbmi,x86_64,linux,0
1,commit-5-correction-amd-9950x3d,run-2,4,base64ct-1.8.3,decode,url-safe,padded,32,44,131072,7689416,520.195552,external,avx512-vbmi,avx512-vbmi,x86_64,linux,0
1,commit-5-correction-amd-9950x3d,run-2,0,base64-ng,encode,url-safe,padded,47,64,89240,11601299,344.787003,auto,avx512-vbmi,avx512-vbmi,x86_64,linux,0
1,commit-5-correction-amd-9950x3d,run-2,1,base64-ng,encode,url-safe,padded,47,64,89240,11530737,346.896917,auto,avx512-vbmi,avx512-vbmi,x86_64,linux,0
1,commit-5-correction-amd-9950x3d,run-2,2,base64-ng,encode,url-safe,padded,47,64,89240,11800134,338.977262,auto,avx512-vbmi,avx512-vbmi,x86_64,linux,0
1,commit-5-correction-amd-9950x3d,run-2,3,base64-ng,encode,url-safe,padded,47,64,89240,11681510,342.419526,auto,avx512-vbmi,avx512-vbmi,x86_64,linux,0
1,commit-5-correction-amd-9950x3d,run-2,4,base64-ng,encode,url-safe,padded,47,64,89240,11642096,343.578778,auto,avx512-vbmi,avx512-vbmi,x86_64,linux,0
1,commit-5-correction-amd-9950x3d,run-2,0,base64-ng,decode,url-safe,padded,47,64,89240,29951554,133.548233,auto,avx512-vbmi,avx512-vbmi,x86_64,linux,0
1,commit-5-correction-amd-9950x3d,run-2,1,base64-ng,decode,url-safe,padded,47,64,89240,30224057,132.344149,auto,avx512-vbmi,avx512-vbmi,x86_64,linux,0
1,commit-5-correction-amd-9950x3d,run-2,2,base64-ng,decode,url-safe,padded,47,64,89240,29875691,133.887350,auto,avx512-vbmi,avx512-vbmi,x86_64,linux,0
1,commit-5-correction-amd-9950x3d,run-2,3,base64-ng,decode,url-safe,padded,47,64,89240,29984877,133.399817,auto,avx512-vbmi,avx512-vbmi,x86_64,linux,0
1,commit-5-correction-amd-9950x3d,run-2,4,base64-ng,decode,url-safe,padded,47,64,89240,29978485,133.428261,auto,avx512-vbmi,avx512-vbmi,x86_64,linux,0
1,commit-5-correction-amd-9950x3d,run-2,0,base64-ng,encode,url-safe,padded,47,64,89240,11486703,348.226738,scalar,avx512-vbmi,avx512-vbmi,x86_64,linux,0
1,commit-5-correction-amd-9950x3d,run-2,1,base64-ng,encode,url-safe,padded,47,64,89240,11464462,348.902296,scalar,avx512-vbmi,avx512-vbmi,x86_64,linux,0
1,commit-5-correction-amd-9950x3d,run-2,2,base64-ng,encode,url-safe,padded,47,64,89240,11415520,350.398152,scalar,avx512-vbmi,avx512-vbmi,x86_64,linux,0
1,commit-5-correction-amd-9950x3d,run-2,3,base64-ng,encode,url-safe,padded,47,64,89240,11388619,351.225826,scalar,avx512-vbmi,avx512-vbmi,x86_64,linux,0
1,commit-5-correction-amd-9950x3d,run-2,4,base64-ng,encode,url-safe,padded,47,64,89240,11722387,341.225478,scalar,avx512-vbmi,avx512-vbmi,x86_64,linux,0
1,commit-5-correction-amd-9950x3d,run-2,0,base64-ng,decode,url-safe,padded,47,64,89240,13762157,290.650449,scalar,avx512-vbmi,avx512-vbmi,x86_64,linux,0
1,commit-5-correction-amd-9950x3d,run-2,1,base64-ng,decode,url-safe,padded,47,64,89240,13609239,293.916296,scalar,avx512-vbmi,avx512-vbmi,x86_64,linux,0
1,commit-5-correction-amd-9950x3d,run-2,2,base64-ng,decode,url-safe,padded,47,64,89240,13295649,300.848579,scalar,avx512-vbmi,avx512-vbmi,x86_64,linux,0
1,commit-5-correction-amd-9950x3d,run-2,3,base64-ng,decode,url-safe,padded,47,64,89240,13331056,300.049532,scalar,avx512-vbmi,avx512-vbmi,x86_64,linux,0
1,commit-5-correction-amd-9950x3d,run-2,4,base64-ng,decode,url-safe,padded,47,64,89240,13316989,300.366480,scalar,avx512-vbmi,avx512-vbmi,x86_64,linux,0
1,commit-5-correction-amd-9950x3d,run-2,0,base64-ng,encode,url-safe,padded,47,64,89240,14722635,271.688941,ssse3-sse4.1,avx512-vbmi,avx512-vbmi,x86_64,linux,0
1,commit-5-correction-amd-9950x3d,run-2,1,base64-ng,encode,url-safe,padded,47,64,89240,14691747,272.260141,ssse3-sse4.1,avx512-vbmi,avx512-vbmi,x86_64,linux,0
1,commit-5-correction-amd-9950x3d,run-2,2,base64-ng,encode,url-safe,padded,47,64,89240,14730730,271.539639,ssse3-sse4.1,avx512-vbmi,avx512-vbmi,x86_64,linux,0
1,commit-5-correction-amd-9950x3d,run-2,3,base64-ng,encode,url-safe,padded,47,64,89240,14651081,273.015835,ssse3-sse4.1,avx512-vbmi,avx512-vbmi,x86_64,linux,0
1,commit-5-correction-amd-9950x3d,run-2,4,base64-ng,encode,url-safe,padded,47,64,89240,14693701,272.223935,ssse3-sse4.1,avx512-vbmi,avx512-vbmi,x86_64,linux,0
1,commit-5-correction-amd-9950x3d,run-2,0,base64-ng,decode,url-safe,padded,47,64,89240,54543338,73.335759,ssse3-sse4.1,avx512-vbmi,avx512-vbmi,x86_64,linux,0
1,commit-5-correction-amd-9950x3d,run-2,1,base64-ng,decode,url-safe,padded,47,64,89240,54871195,72.897576,ssse3-sse4.1,avx512-vbmi,avx512-vbmi,x86_64,linux,0
1,commit-5-correction-amd-9950x3d,run-2,2,base64-ng,decode,url-safe,padded,47,64,89240,54392835,73.538677,ssse3-sse4.1,avx512-vbmi,avx512-vbmi,x86_64,linux,0
1,commit-5-correction-amd-9950x3d,run-2,3,base64-ng,decode,url-safe,padded,47,64,89240,54725762,73.091300,ssse3-sse4.1,avx512-vbmi,avx512-vbmi,x86_64,linux,0
1,commit-5-correction-amd-9950x3d,run-2,4,base64-ng,decode,url-safe,padded,47,64,89240,54190214,73.813643,ssse3-sse4.1,avx512-vbmi,avx512-vbmi,x86_64,linux,0
1,commit-5-correction-amd-9950x3d,run-2,0,base64-ng,encode,url-safe,padded,47,64,89240,10224057,391.231887,avx2,avx512-vbmi,avx512-vbmi,x86_64,linux,0
1,commit-5-correction-amd-9950x3d,run-2,1,base64-ng,encode,url-safe,padded,47,64,89240,10260575,389.839469,avx2,avx512-vbmi,avx512-vbmi,x86_64,linux,0
1,commit-5-correction-amd-9950x3d,run-2,2,base64-ng,encode,url-safe,padded,47,64,89240,10234948,390.815577,avx2,avx512-vbmi,avx512-vbmi,x86_64,linux,0
1,commit-5-correction-amd-9950x3d,run-2,3,base64-ng,encode,url-safe,padded,47,64,89240,10238344,390.685946,avx2,avx512-vbmi,avx512-vbmi,x86_64,linux,0
1,commit-5-correction-amd-9950x3d,run-2,4,base64-ng,encode,url-safe,padded,47,64,89240,10226231,391.148715,avx2,avx512-vbmi,avx512-vbmi,x86_64,linux,0
1,commit-5-correction-amd-9950x3d,run-2,0,base64-ng,decode,url-safe,padded,47,64,89240,37682247,106.150175,avx2,avx512-vbmi,avx512-vbmi,x86_64,linux,0
1,commit-5-correction-amd-9950x3d,run-2,1,base64-ng,decode,url-safe,padded,47,64,89240,37611654,106.349407,avx2,avx512-vbmi,avx512-vbmi,x86_64,linux,0
1,commit-5-correction-amd-9950x3d,run-2,2,base64-ng,decode,url-safe,padded,47,64,89240,37852598,105.672459,avx2,avx512-vbmi,avx512-vbmi,x86_64,linux,0
1,commit-5-correction-amd-9950x3d,run-2,3,base64-ng,decode,url-safe,padded,47,64,89240,37908393,105.516926,avx2,avx512-vbmi,avx512-vbmi,x86_64,linux,0
1,commit-5-correction-amd-9950x3d,run-2,4,base64-ng,decode,url-safe,padded,47,64,89240,38079785,105.042009,avx2,avx512-vbmi,avx512-vbmi,x86_64,linux,0
1,commit-5-correction-amd-9950x3d,run-2,0,base64-ng,encode,url-safe,padded,47,64,89240,11566754,345.816736,avx512-vbmi,avx512-vbmi,avx512-vbmi,x86_64,linux,0
1,commit-5-correction-amd-9950x3d,run-2,1,base64-ng,encode,url-safe,padded,47,64,89240,11900283,336.124537,avx512-vbmi,avx512-vbmi,avx512-vbmi,x86_64,linux,0
1,commit-5-correction-amd-9950x3d,run-2,2,base64-ng,encode,url-safe,padded,47,64,89240,12077406,331.195052,avx512-vbmi,avx512-vbmi,avx512-vbmi,x86_64,linux,0
1,commit-5-correction-amd-9950x3d,run-2,3,base64-ng,encode,url-safe,padded,47,64,89240,12082084,331.066819,avx512-vbmi,avx512-vbmi,avx512-vbmi,x86_64,linux,0
1,commit-5-correction-amd-9950x3d,run-2,4,base64-ng,encode,url-safe,padded,47,64,89240,11992646,333.535828,avx512-vbmi,avx512-vbmi,avx512-vbmi,x86_64,linux,0
1,commit-5-correction-amd-9950x3d,run-2,0,base64-ng,decode,url-safe,padded,47,64,89240,30248342,132.237896,avx512-vbmi,avx512-vbmi,avx512-vbmi,x86_64,linux,0
1,commit-5-correction-amd-9950x3d,run-2,1,base64-ng,decode,url-safe,padded,47,64,89240,30345305,131.815354,avx512-vbmi,avx512-vbmi,avx512-vbmi,x86_64,linux,0
1,commit-5-correction-amd-9950x3d,run-2,2,base64-ng,decode,url-safe,padded,47,64,89240,30198910,132.454354,avx512-vbmi,avx512-vbmi,avx512-vbmi,x86_64,linux,0
1,commit-5-correction-amd-9950x3d,run-2,3,base64-ng,decode,url-safe,padded,47,64,89240,30120663,132.798442,avx512-vbmi,avx512-vbmi,avx512-vbmi,x86_64,linux,0
1,commit-5-correction-amd-9950x3d,run-2,4,base64-ng,decode,url-safe,padded,47,64,89240,30152712,132.657292,avx512-vbmi,avx512-vbmi,avx512-vbmi,x86_64,linux,0
1,commit-5-correction-amd-9950x3d,run-2,0,base64-0.23.0,encode,url-safe,padded,47,64,89240,1562832,2559.441521,external,avx512-vbmi,avx512-vbmi,x86_64,linux,0
1,commit-5-correction-amd-9950x3d,run-2,1,base64-0.23.0,encode,url-safe,padded,47,64,89240,1592077,2512.426919,external,avx512-vbmi,avx512-vbmi,x86_64,linux,0
1,commit-5-correction-amd-9950x3d,run-2,2,base64-0.23.0,encode,url-safe,padded,47,64,89240,1608408,2486.916946,external,avx512-vbmi,avx512-vbmi,x86_64,linux,0
1,commit-5-correction-amd-9950x3d,run-2,3,base64-0.23.0,encode,url-safe,padded,47,64,89240,1603869,2493.955000,external,avx512-vbmi,avx512-vbmi,x86_64,linux,0
1,commit-5-correction-amd-9950x3d,run-2,4,base64-0.23.0,encode,url-safe,padded,47,64,89240,1610342,2483.930191,external,avx512-vbmi,avx512-vbmi,x86_64,linux,0
1,commit-5-correction-amd-9950x3d,run-2,0,base64-0.23.0,decode,url-safe,padded,47,64,89240,2261938,1768.384948,external,avx512-vbmi,avx512-vbmi,x86_64,linux,0
1,commit-5-correction-amd-9950x3d,run-2,1,base64-0.23.0,decode,url-safe,padded,47,64,89240,2268641,1763.160020,external,avx512-vbmi,avx512-vbmi,x86_64,linux,0
1,commit-5-correction-amd-9950x3d,run-2,2,base64-0.23.0,decode,url-safe,padded,47,64,89240,2252941,1775.446899,external,avx512-vbmi,avx512-vbmi,x86_64,linux,0
1,commit-5-correction-amd-9950x3d,run-2,3,base64-0.23.0,decode,url-safe,padded,47,64,89240,2254594,1774.145195,external,avx512-vbmi,avx512-vbmi,x86_64,linux,0
1,commit-5-correction-amd-9950x3d,run-2,4,base64-0.23.0,decode,url-safe,padded,47,64,89240,2241700,1784.349874,external,avx512-vbmi,avx512-vbmi,x86_64,linux,0
1,commit-5-correction-amd-9950x3d,run-2,0,base64ct-1.8.3,encode,url-safe,padded,47,64,89240,2731812,1464.221225,external,avx512-vbmi,avx512-vbmi,x86_64,linux,0
1,commit-5-correction-amd-9950x3d,run-2,1,base64ct-1.8.3,encode,url-safe,padded,47,64,89240,2697307,1482.952112,external,avx512-vbmi,avx512-vbmi,x86_64,linux,0
1,commit-5-correction-amd-9950x3d,run-2,2,base64ct-1.8.3,encode,url-safe,padded,47,64,89240,2691797,1485.987655,external,avx512-vbmi,avx512-vbmi,x86_64,linux,0
1,commit-5-correction-amd-9950x3d,run-2,3,base64ct-1.8.3,encode,url-safe,padded,47,64,89240,2703109,1479.769078,external,avx512-vbmi,avx512-vbmi,x86_64,linux,0
1,commit-5-correction-amd-9950x3d,run-2,4,base64ct-1.8.3,encode,url-safe,padded,47,64,89240,2702337,1480.191816,external,avx512-vbmi,avx512-vbmi,x86_64,linux,0
1,commit-5-correction-amd-9950x3d,run-2,0,base64ct-1.8.3,decode,url-safe,padded,47,64,89240,6852710,583.707338,external,avx512-vbmi,avx512-vbmi,x86_64,linux,0
1,commit-5-correction-amd-9950x3d,run-2,1,base64ct-1.8.3,decode,url-safe,padded,47,64,89240,6774323,590.461528,external,avx512-vbmi,avx512-vbmi,x86_64,linux,0
1,commit-5-correction-amd-9950x3d,run-2,2,base64ct-1.8.3,decode,url-safe,padded,47,64,89240,6707748,596.321912,external,avx512-vbmi,avx512-vbmi,x86_64,linux,0
1,commit-5-correction-amd-9950x3d,run-2,3,base64ct-1.8.3,decode,url-safe,padded,47,64,89240,6700624,596.955912,external,avx512-vbmi,avx512-vbmi,x86_64,linux,0
1,commit-5-correction-amd-9950x3d,run-2,4,base64ct-1.8.3,decode,url-safe,padded,47,64,89240,6709991,596.122575,external,avx512-vbmi,avx512-vbmi,x86_64,linux,0
1,commit-5-correction-amd-9950x3d,run-2,0,base64-ng,encode,url-safe,padded,48,64,87381,6117326,653.877976,auto,avx512-vbmi,avx512-vbmi,x86_64,linux,0
1,commit-5-correction-amd-9950x3d,run-2,1,base64-ng,encode,url-safe,padded,48,64,87381,6102518,655.464636,auto,avx512-vbmi,avx512-vbmi,x86_64,linux,0
1,commit-5-correction-amd-9950x3d,run-2,2,base64-ng,encode,url-safe,padded,48,64,87381,6081709,657.707355,auto,avx512-vbmi,avx512-vbmi,x86_64,linux,0
1,commit-5-correction-amd-9950x3d,run-2,3,base64-ng,encode,url-safe,padded,48,64,87381,6100514,655.679954,auto,avx512-vbmi,avx512-vbmi,x86_64,linux,0
1,commit-5-correction-amd-9950x3d,run-2,4,base64-ng,encode,url-safe,padded,48,64,87381,6072521,658.702496,auto,avx512-vbmi,avx512-vbmi,x86_64,linux,0
1,commit-5-correction-amd-9950x3d,run-2,0,base64-ng,decode,url-safe,padded,48,64,87381,28851333,138.641245,auto,avx512-vbmi,avx512-vbmi,x86_64,linux,0
1,commit-5-correction-amd-9950x3d,run-2,1,base64-ng,decode,url-safe,padded,48,64,87381,29185482,137.053921,auto,avx512-vbmi,avx512-vbmi,x86_64,linux,0
1,commit-5-correction-amd-9950x3d,run-2,2,base64-ng,decode,url-safe,padded,48,64,87381,28468973,140.503303,auto,avx512-vbmi,avx512-vbmi,x86_64,linux,0
1,commit-5-correction-amd-9950x3d,run-2,3,base64-ng,decode,url-safe,padded,48,64,87381,28455477,140.569942,auto,avx512-vbmi,avx512-vbmi,x86_64,linux,0
1,commit-5-correction-amd-9950x3d,run-2,4,base64-ng,decode,url-safe,padded,48,64,87381,28727630,139.238244,auto,avx512-vbmi,avx512-vbmi,x86_64,linux,0
1,commit-5-correction-amd-9950x3d,run-2,0,base64-ng,encode,url-safe,padded,48,64,87381,11384542,351.352276,scalar,avx512-vbmi,avx512-vbmi,x86_64,linux,0
1,commit-5-correction-amd-9950x3d,run-2,1,base64-ng,encode,url-safe,padded,48,64,87381,11402165,350.809232,scalar,avx512-vbmi,avx512-vbmi,x86_64,linux,0
1,commit-5-correction-amd-9950x3d,run-2,2,base64-ng,encode,url-safe,padded,48,64,87381,11932423,335.219824,scalar,avx512-vbmi,avx512-vbmi,x86_64,linux,0
1,commit-5-correction-amd-9950x3d,run-2,3,base64-ng,encode,url-safe,padded,48,64,87381,13232060,302.294937,scalar,avx512-vbmi,avx512-vbmi,x86_64,linux,0
1,commit-5-correction-amd-9950x3d,run-2,4,base64-ng,encode,url-safe,padded,48,64,87381,11513013,347.431619,scalar,avx512-vbmi,avx512-vbmi,x86_64,linux,0
1,commit-5-correction-amd-9950x3d,run-2,0,base64-ng,decode,url-safe,padded,48,64,87381,12865549,310.906650,scalar,avx512-vbmi,avx512-vbmi,x86_64,linux,0
1,commit-5-correction-amd-9950x3d,run-2,1,base64-ng,decode,url-safe,padded,48,64,87381,12708624,314.745699,scalar,avx512-vbmi,avx512-vbmi,x86_64,linux,0
1,commit-5-correction-amd-9950x3d,run-2,2,base64-ng,decode,url-safe,padded,48,64,87381,12700849,314.938375,scalar,avx512-vbmi,avx512-vbmi,x86_64,linux,0
1,commit-5-correction-amd-9950x3d,run-2,3,base64-ng,decode,url-safe,padded,48,64,87381,12717120,314.535425,scalar,avx512-vbmi,avx512-vbmi,x86_64,linux,0
1,commit-5-correction-amd-9950x3d,run-2,4,base64-ng,decode,url-safe,padded,48,64,87381,12702402,314.899870,scalar,avx512-vbmi,avx512-vbmi,x86_64,linux,0
1,commit-5-correction-amd-9950x3d,run-2,0,base64-ng,encode,url-safe,padded,48,64,87381,14281485,280.081850,ssse3-sse4.1,avx512-vbmi,avx512-vbmi,x86_64,linux,0
1,commit-5-correction-amd-9950x3d,run-2,1,base64-ng,encode,url-safe,padded,48,64,87381,14648406,273.066212,ssse3-sse4.1,avx512-vbmi,avx512-vbmi,x86_64,linux,0
1,commit-5-correction-amd-9950x3d,run-2,2,base64-ng,encode,url-safe,padded,48,64,87381,14688822,272.314876,ssse3-sse4.1,avx512-vbmi,avx512-vbmi,x86_64,linux,0
1,commit-5-correction-amd-9950x3d,run-2,3,base64-ng,encode,url-safe,padded,48,64,87381,14640501,273.213652,ssse3-sse4.1,avx512-vbmi,avx512-vbmi,x86_64,linux,0
1,commit-5-correction-amd-9950x3d,run-2,4,base64-ng,encode,url-safe,padded,48,64,87381,14752762,271.134635,ssse3-sse4.1,avx512-vbmi,avx512-vbmi,x86_64,linux,0
1,commit-5-correction-amd-9950x3d,run-2,0,base64-ng,decode,url-safe,padded,48,64,87381,53022385,75.439548,ssse3-sse4.1,avx512-vbmi,avx512-vbmi,x86_64,linux,0
1,commit-5-correction-amd-9950x3d,run-2,1,base64-ng,decode,url-safe,padded,48,64,87381,53950853,74.141270,ssse3-sse4.1,avx512-vbmi,avx512-vbmi,x86_64,linux,0
1,commit-5-correction-amd-9950x3d,run-2,2,base64-ng,decode,url-safe,padded,48,64,87381,53960190,74.128441,ssse3-sse4.1,avx512-vbmi,avx512-vbmi,x86_64,linux,0
1,commit-5-correction-amd-9950x3d,run-2,3,base64-ng,decode,url-safe,padded,48,64,87381,53632864,74.580853,ssse3-sse4.1,avx512-vbmi,avx512-vbmi,x86_64,linux,0
1,commit-5-correction-amd-9950x3d,run-2,4,base64-ng,decode,url-safe,padded,48,64,87381,53355101,74.969116,ssse3-sse4.1,avx512-vbmi,avx512-vbmi,x86_64,linux,0
1,commit-5-correction-amd-9950x3d,run-2,0,base64-ng,encode,url-safe,padded,48,64,87381,8207631,487.349485,avx2,avx512-vbmi,avx512-vbmi,x86_64,linux,0
1,commit-5-correction-amd-9950x3d,run-2,1,base64-ng,encode,url-safe,padded,48,64,87381,8363805,478.249402,avx2,avx512-vbmi,avx512-vbmi,x86_64,linux,0
1,commit-5-correction-amd-9950x3d,run-2,2,base64-ng,encode,url-safe,padded,48,64,87381,8227849,486.151939,avx2,avx512-vbmi,avx512-vbmi,x86_64,linux,0
1,commit-5-correction-amd-9950x3d,run-2,3,base64-ng,encode,url-safe,padded,48,64,87381,8211729,487.106277,avx2,avx512-vbmi,avx512-vbmi,x86_64,linux,0
1,commit-5-correction-amd-9950x3d,run-2,4,base64-ng,encode,url-safe,padded,48,64,87381,8184788,488.709633,avx2,avx512-vbmi,avx512-vbmi,x86_64,linux,0
1,commit-5-correction-amd-9950x3d,run-2,0,base64-ng,decode,url-safe,padded,48,64,87381,37927579,105.463751,avx2,avx512-vbmi,avx512-vbmi,x86_64,linux,0
1,commit-5-correction-amd-9950x3d,run-2,1,base64-ng,decode,url-safe,padded,48,64,87381,37912841,105.504748,avx2,avx512-vbmi,avx512-vbmi,x86_64,linux,0
1,commit-5-correction-amd-9950x3d,run-2,2,base64-ng,decode,url-safe,padded,48,64,87381,37953978,105.390395,avx2,avx512-vbmi,avx512-vbmi,x86_64,linux,0
1,commit-5-correction-amd-9950x3d,run-2,3,base64-ng,decode,url-safe,padded,48,64,87381,38304639,104.425596,avx2,avx512-vbmi,avx512-vbmi,x86_64,linux,0
1,commit-5-correction-amd-9950x3d,run-2,4,base64-ng,decode,url-safe,padded,48,64,87381,37772948,105.895487,avx2,avx512-vbmi,avx512-vbmi,x86_64,linux,0
1,commit-5-correction-amd-9950x3d,run-2,0,base64-ng,encode,url-safe,padded,48,64,87381,5246797,762.366972,avx512-vbmi,avx512-vbmi,avx512-vbmi,x86_64,linux,0
1,commit-5-correction-amd-9950x3d,run-2,1,base64-ng,encode,url-safe,padded,48,64,87381,5266054,759.579135,avx512-vbmi,avx512-vbmi,avx512-vbmi,x86_64,linux,0
1,commit-5-correction-amd-9950x3d,run-2,2,base64-ng,encode,url-safe,padded,48,64,87381,5260032,760.448747,avx512-vbmi,avx512-vbmi,avx512-vbmi,x86_64,linux,0
1,commit-5-correction-amd-9950x3d,run-2,3,base64-ng,encode,url-safe,padded,48,64,87381,5248361,762.139788,avx512-vbmi,avx512-vbmi,avx512-vbmi,x86_64,linux,0
1,commit-5-correction-amd-9950x3d,run-2,4,base64-ng,encode,url-safe,padded,48,64,87381,5169361,773.787078,avx512-vbmi,avx512-vbmi,avx512-vbmi,x86_64,linux,0
1,commit-5-correction-amd-9950x3d,run-2,0,base64-ng,decode,url-safe,padded,48,64,87381,29219666,136.893582,avx512-vbmi,avx512-vbmi,avx512-vbmi,x86_64,linux,0
1,commit-5-correction-amd-9950x3d,run-2,1,base64-ng,decode,url-safe,padded,48,64,87381,29219066,136.896393,avx512-vbmi,avx512-vbmi,avx512-vbmi,x86_64,linux,0
1,commit-5-correction-amd-9950x3d,run-2,2,base64-ng,decode,url-safe,padded,48,64,87381,28841395,138.689018,avx512-vbmi,avx512-vbmi,avx512-vbmi,x86_64,linux,0
1,commit-5-correction-amd-9950x3d,run-2,3,base64-ng,decode,url-safe,padded,48,64,87381,28827608,138.755347,avx512-vbmi,avx512-vbmi,avx512-vbmi,x86_64,linux,0
1,commit-5-correction-amd-9950x3d,run-2,4,base64-ng,decode,url-safe,padded,48,64,87381,29590324,135.178808,avx512-vbmi,avx512-vbmi,avx512-vbmi,x86_64,linux,0
1,commit-5-correction-amd-9950x3d,run-2,0,base64-0.23.0,encode,url-safe,padded,48,64,87381,1532876,2609.464002,external,avx512-vbmi,avx512-vbmi,x86_64,linux,0
1,commit-5-correction-amd-9950x3d,run-2,1,base64-0.23.0,encode,url-safe,padded,48,64,87381,1557512,2568.188715,external,avx512-vbmi,avx512-vbmi,x86_64,linux,0
1,commit-5-correction-amd-9950x3d,run-2,2,base64-0.23.0,encode,url-safe,padded,48,64,87381,1568813,2549.688676,external,avx512-vbmi,avx512-vbmi,x86_64,linux,0
1,commit-5-correction-amd-9950x3d,run-2,3,base64-0.23.0,encode,url-safe,padded,48,64,87381,1560638,2563.044563,external,avx512-vbmi,avx512-vbmi,x86_64,linux,0
1,commit-5-correction-amd-9950x3d,run-2,4,base64-0.23.0,encode,url-safe,padded,48,64,87381,1566539,2553.389824,external,avx512-vbmi,avx512-vbmi,x86_64,linux,0
1,commit-5-correction-amd-9950x3d,run-2,0,base64-0.23.0,decode,url-safe,padded,48,64,87381,2188149,1828.022105,external,avx512-vbmi,avx512-vbmi,x86_64,linux,0
1,commit-5-correction-amd-9950x3d,run-2,1,base64-0.23.0,decode,url-safe,padded,48,64,87381,2196956,1820.694061,external,avx512-vbmi,avx512-vbmi,x86_64,linux,0
1,commit-5-correction-amd-9950x3d,run-2,2,base64-0.23.0,decode,url-safe,padded,48,64,87381,2203248,1815.494552,external,avx512-vbmi,avx512-vbmi,x86_64,linux,0
1,commit-5-correction-amd-9950x3d,run-2,3,base64-0.23.0,decode,url-safe,padded,48,64,87381,2189492,1826.900825,external,avx512-vbmi,avx512-vbmi,x86_64,linux,0
1,commit-5-correction-amd-9950x3d,run-2,4,base64-0.23.0,decode,url-safe,padded,48,64,87381,2207496,1812.000901,external,avx512-vbmi,avx512-vbmi,x86_64,linux,0
1,commit-5-correction-amd-9950x3d,run-2,0,base64ct-1.8.3,encode,url-safe,padded,48,64,87381,2335987,1712.331764,external,avx512-vbmi,avx512-vbmi,x86_64,linux,0
1,commit-5-correction-amd-9950x3d,run-2,1,base64ct-1.8.3,encode,url-safe,padded,48,64,87381,2311572,1730.417543,external,avx512-vbmi,avx512-vbmi,x86_64,linux,0
1,commit-5-correction-amd-9950x3d,run-2,2,base64ct-1.8.3,encode,url-safe,padded,48,64,87381,2344694,1705.973036,external,avx512-vbmi,avx512-vbmi,x86_64,linux,0
1,commit-5-correction-amd-9950x3d,run-2,3,base64ct-1.8.3,encode,url-safe,padded,48,64,87381,2342690,1707.432371,external,avx512-vbmi,avx512-vbmi,x86_64,linux,0
1,commit-5-correction-amd-9950x3d,run-2,4,base64ct-1.8.3,encode,url-safe,padded,48,64,87381,2342931,1707.256740,external,avx512-vbmi,avx512-vbmi,x86_64,linux,0
1,commit-5-correction-amd-9950x3d,run-2,0,base64ct-1.8.3,decode,url-safe,padded,48,64,87381,5812933,688.118157,external,avx512-vbmi,avx512-vbmi,x86_64,linux,0
1,commit-5-correction-amd-9950x3d,run-2,1,base64ct-1.8.3,decode,url-safe,padded,48,64,87381,5803385,689.250281,external,avx512-vbmi,avx512-vbmi,x86_64,linux,0
1,commit-5-correction-amd-9950x3d,run-2,2,base64ct-1.8.3,decode,url-safe,padded,48,64,87381,5800409,689.603913,external,avx512-vbmi,avx512-vbmi,x86_64,linux,0
1,commit-5-correction-amd-9950x3d,run-2,3,base64ct-1.8.3,decode,url-safe,padded,48,64,87381,5798486,689.832612,external,avx512-vbmi,avx512-vbmi,x86_64,linux,0
1,commit-5-correction-amd-9950x3d,run-2,4,base64ct-1.8.3,decode,url-safe,padded,48,64,87381,5792074,690.596277,external,avx512-vbmi,avx512-vbmi,x86_64,linux,0
1,commit-5-correction-amd-9950x3d,run-2,0,base64-ng,encode,url-safe,padded,63,84,66576,7454544,536.583424,auto,avx512-vbmi,avx512-vbmi,x86_64,linux,0
1,commit-5-correction-amd-9950x3d,run-2,1,base64-ng,encode,url-safe,padded,63,84,66576,7437390,537.821029,auto,avx512-vbmi,avx512-vbmi,x86_64,linux,0
1,commit-5-correction-amd-9950x3d,run-2,2,base64-ng,encode,url-safe,padded,63,84,66576,7430467,538.322119,auto,avx512-vbmi,avx512-vbmi,x86_64,linux,0
1,commit-5-correction-amd-9950x3d,run-2,3,base64-ng,encode,url-safe,padded,63,84,66576,7426690,538.595894,auto,avx512-vbmi,avx512-vbmi,x86_64,linux,0
1,commit-5-correction-amd-9950x3d,run-2,4,base64-ng,encode,url-safe,padded,63,84,66576,7465694,535.782037,auto,avx512-vbmi,avx512-vbmi,x86_64,linux,0
1,commit-5-correction-amd-9950x3d,run-2,0,base64-ng,decode,url-safe,padded,63,84,66576,38012108,105.229227,auto,avx512-vbmi,avx512-vbmi,x86_64,linux,0
1,commit-5-correction-amd-9950x3d,run-2,1,base64-ng,decode,url-safe,padded,63,84,66576,35215744,113.585127,auto,avx512-vbmi,avx512-vbmi,x86_64,linux,0
1,commit-5-correction-amd-9950x3d,run-2,2,base64-ng,decode,url-safe,padded,63,84,66576,35080540,114.022895,auto,avx512-vbmi,avx512-vbmi,x86_64,linux,0
1,commit-5-correction-amd-9950x3d,run-2,3,base64-ng,decode,url-safe,padded,63,84,66576,35126005,113.875311,auto,avx512-vbmi,avx512-vbmi,x86_64,linux,0
1,commit-5-correction-amd-9950x3d,run-2,4,base64-ng,decode,url-safe,padded,63,84,66576,34836490,114.821692,auto,avx512-vbmi,avx512-vbmi,x86_64,linux,0
1,commit-5-correction-amd-9950x3d,run-2,0,base64-ng,encode,url-safe,padded,63,84,66576,4321025,925.702754,scalar,avx512-vbmi,avx512-vbmi,x86_64,linux,0
1,commit-5-correction-amd-9950x3d,run-2,1,base64-ng,encode,url-safe,padded,63,84,66576,4324150,925.033762,scalar,avx512-vbmi,avx512-vbmi,x86_64,linux,0
1,commit-5-correction-amd-9950x3d,run-2,2,base64-ng,encode,url-safe,padded,63,84,66576,4314322,927.140983,scalar,avx512-vbmi,avx512-vbmi,x86_64,linux,0
1,commit-5-correction-amd-9950x3d,run-2,3,base64-ng,encode,url-safe,padded,63,84,66576,4422596,904.442717,scalar,avx512-vbmi,avx512-vbmi,x86_64,linux,0
1,commit-5-correction-amd-9950x3d,run-2,4,base64-ng,encode,url-safe,padded,63,84,66576,4333328,923.074538,scalar,avx512-vbmi,avx512-vbmi,x86_64,linux,0
1,commit-5-correction-amd-9950x3d,run-2,0,base64-ng,decode,url-safe,padded,63,84,66576,12941712,309.076940,scalar,avx512-vbmi,avx512-vbmi,x86_64,linux,0
1,commit-5-correction-amd-9950x3d,run-2,1,base64-ng,decode,url-safe,padded,63,84,66576,12805827,312.356612,scalar,avx512-vbmi,avx512-vbmi,x86_64,linux,0
1,commit-5-correction-amd-9950x3d,run-2,2,base64-ng,decode,url-safe,padded,63,84,66576,13002788,307.625160,scalar,avx512-vbmi,avx512-vbmi,x86_64,linux,0
1,commit-5-correction-amd-9950x3d,run-2,3,base64-ng,decode,url-safe,padded,63,84,66576,12906586,309.918110,scalar,avx512-vbmi,avx512-vbmi,x86_64,linux,0
1,commit-5-correction-amd-9950x3d,run-2,4,base64-ng,decode,url-safe,padded,63,84,66576,12939188,309.137230,scalar,avx512-vbmi,avx512-vbmi,x86_64,linux,0
1,commit-5-correction-amd-9950x3d,run-2,0,base64-ng,encode,url-safe,padded,63,84,66576,13951624,286.703881,ssse3-sse4.1,avx512-vbmi,avx512-vbmi,x86_64,linux,0
1,commit-5-correction-amd-9950x3d,run-2,1,base64-ng,encode,url-safe,padded,63,84,66576,14623178,273.537308,ssse3-sse4.1,avx512-vbmi,avx512-vbmi,x86_64,linux,0
1,commit-5-correction-amd-9950x3d,run-2,2,base64-ng,encode,url-safe,padded,63,84,66576,14549901,274.914911,ssse3-sse4.1,avx512-vbmi,avx512-vbmi,x86_64,linux,0
1,commit-5-correction-amd-9950x3d,run-2,3,base64-ng,encode,url-safe,padded,63,84,66576,14271366,280.280440,ssse3-sse4.1,avx512-vbmi,avx512-vbmi,x86_64,linux,0
1,commit-5-correction-amd-9950x3d,run-2,4,base64-ng,encode,url-safe,padded,63,84,66576,13937046,287.003770,ssse3-sse4.1,avx512-vbmi,avx512-vbmi,x86_64,linux,0
1,commit-5-correction-amd-9950x3d,run-2,0,base64-ng,decode,url-safe,padded,63,84,66576,51238146,78.066539,ssse3-sse4.1,avx512-vbmi,avx512-vbmi,x86_64,linux,0
1,commit-5-correction-amd-9950x3d,run-2,1,base64-ng,decode,url-safe,padded,63,84,66576,51183503,78.149882,ssse3-sse4.1,avx512-vbmi,avx512-vbmi,x86_64,linux,0
1,commit-5-correction-amd-9950x3d,run-2,2,base64-ng,decode,url-safe,padded,63,84,66576,50724219,78.857493,ssse3-sse4.1,avx512-vbmi,avx512-vbmi,x86_64,linux,0
1,commit-5-correction-amd-9950x3d,run-2,3,base64-ng,decode,url-safe,padded,63,84,66576,50872688,78.627352,ssse3-sse4.1,avx512-vbmi,avx512-vbmi,x86_64,linux,0
1,commit-5-correction-amd-9950x3d,run-2,4,base64-ng,decode,url-safe,padded,63,84,66576,51618612,77.491133,ssse3-sse4.1,avx512-vbmi,avx512-vbmi,x86_64,linux,0
1,commit-5-correction-amd-9950x3d,run-2,0,base64-ng,encode,url-safe,padded,63,84,66576,8846464,452.156335,avx2,avx512-vbmi,avx512-vbmi,x86_64,linux,0
1,commit-5-correction-amd-9950x3d,run-2,1,base64-ng,encode,url-safe,padded,63,84,66576,8898311,449.521796,avx2,avx512-vbmi,avx512-vbmi,x86_64,linux,0
1,commit-5-correction-amd-9950x3d,run-2,2,base64-ng,encode,url-safe,padded,63,84,66576,8898712,449.501539,avx2,avx512-vbmi,avx512-vbmi,x86_64,linux,0
1,commit-5-correction-amd-9950x3d,run-2,3,base64-ng,encode,url-safe,padded,63,84,66576,8873273,450.790226,avx2,avx512-vbmi,avx512-vbmi,x86_64,linux,0
1,commit-5-correction-amd-9950x3d,run-2,4,base64-ng,encode,url-safe,padded,63,84,66576,8892420,449.819593,avx2,avx512-vbmi,avx512-vbmi,x86_64,linux,0
1,commit-5-correction-amd-9950x3d,run-2,0,base64-ng,decode,url-safe,padded,63,84,66576,40867573,97.876738,avx2,avx512-vbmi,avx512-vbmi,x86_64,linux,0
1,commit-5-correction-amd-9950x3d,run-2,1,base64-ng,decode,url-safe,padded,63,84,66576,40952483,97.673803,avx2,avx512-vbmi,avx512-vbmi,x86_64,linux,0
1,commit-5-correction-amd-9950x3d,run-2,2,base64-ng,decode,url-safe,padded,63,84,66576,41614118,96.120858,avx2,avx512-vbmi,avx512-vbmi,x86_64,linux,0
1,commit-5-correction-amd-9950x3d,run-2,3,base64-ng,decode,url-safe,padded,63,84,66576,41754052,95.798720,avx2,avx512-vbmi,avx512-vbmi,x86_64,linux,0
1,commit-5-correction-amd-9950x3d,run-2,4,base64-ng,decode,url-safe,padded,63,84,66576,41428980,96.550404,avx2,avx512-vbmi,avx512-vbmi,x86_64,linux,0
1,commit-5-correction-amd-9950x3d,run-2,0,base64-ng,encode,url-safe,padded,63,84,66576,6625533,603.722710,avx512-vbmi,avx512-vbmi,avx512-vbmi,x86_64,linux,0
1,commit-5-correction-amd-9950x3d,run-2,1,base64-ng,encode,url-safe,padded,63,84,66576,6599745,606.081711,avx512-vbmi,avx512-vbmi,avx512-vbmi,x86_64,linux,0
1,commit-5-correction-amd-9950x3d,run-2,2,base64-ng,encode,url-safe,padded,63,84,66576,6595336,606.486878,avx512-vbmi,avx512-vbmi,avx512-vbmi,x86_64,linux,0
1,commit-5-correction-amd-9950x3d,run-2,3,base64-ng,encode,url-safe,padded,63,84,66576,6581651,607.747925,avx512-vbmi,avx512-vbmi,avx512-vbmi,x86_64,linux,0
1,commit-5-correction-amd-9950x3d,run-2,4,base64-ng,encode,url-safe,padded,63,84,66576,6594264,606.585472,avx512-vbmi,avx512-vbmi,avx512-vbmi,x86_64,linux,0
1,commit-5-correction-amd-9950x3d,run-2,0,base64-ng,decode,url-safe,padded,63,84,66576,34352549,116.439241,avx512-vbmi,avx512-vbmi,avx512-vbmi,x86_64,linux,0
1,commit-5-correction-amd-9950x3d,run-2,1,base64-ng,decode,url-safe,padded,63,84,66576,37080254,107.873715,avx512-vbmi,avx512-vbmi,avx512-vbmi,x86_64,linux,0
1,commit-5-correction-amd-9950x3d,run-2,2,base64-ng,decode,url-safe,padded,63,84,66576,34353731,116.435235,avx512-vbmi,avx512-vbmi,avx512-vbmi,x86_64,linux,0
1,commit-5-correction-amd-9950x3d,run-2,3,base64-ng,decode,url-safe,padded,63,84,66576,33984977,117.698616,avx512-vbmi,avx512-vbmi,avx512-vbmi,x86_64,linux,0
1,commit-5-correction-amd-9950x3d,run-2,4,base64-ng,decode,url-safe,padded,63,84,66576,33816139,118.286264,avx512-vbmi,avx512-vbmi,avx512-vbmi,x86_64,linux,0
1,commit-5-correction-amd-9950x3d,run-2,0,base64-0.23.0,encode,url-safe,padded,63,84,66576,1295529,3087.530068,external,avx512-vbmi,avx512-vbmi,x86_64,linux,0
1,commit-5-correction-amd-9950x3d,run-2,1,base64-0.23.0,encode,url-safe,padded,63,84,66576,1307812,3058.531915,external,avx512-vbmi,avx512-vbmi,x86_64,linux,0
1,commit-5-correction-amd-9950x3d,run-2,2,base64-0.23.0,encode,url-safe,padded,63,84,66576,1320726,3028.625726,external,avx512-vbmi,avx512-vbmi,x86_64,linux,0
1,commit-5-correction-amd-9950x3d,run-2,3,base64-0.23.0,encode,url-safe,padded,63,84,66576,1326126,3016.293128,external,avx512-vbmi,avx512-vbmi,x86_64,linux,0
1,commit-5-correction-amd-9950x3d,run-2,4,base64-0.23.0,encode,url-safe,padded,63,84,66576,1325896,3016.816358,external,avx512-vbmi,avx512-vbmi,x86_64,linux,0
1,commit-5-correction-amd-9950x3d,run-2,0,base64-0.23.0,decode,url-safe,padded,63,84,66576,1860602,2149.833624,external,avx512-vbmi,avx512-vbmi,x86_64,linux,0
1,commit-5-correction-amd-9950x3d,run-2,1,base64-0.23.0,decode,url-safe,padded,63,84,66576,1877465,2130.524266,external,avx512-vbmi,avx512-vbmi,x86_64,linux,0
1,commit-5-correction-amd-9950x3d,run-2,2,base64-0.23.0,decode,url-safe,padded,63,84,66576,1873396,2135.151746,external,avx512-vbmi,avx512-vbmi,x86_64,linux,0
1,commit-5-correction-amd-9950x3d,run-2,3,base64-0.23.0,decode,url-safe,padded,63,84,66576,1871052,2137.826603,external,avx512-vbmi,avx512-vbmi,x86_64,linux,0
1,commit-5-correction-amd-9950x3d,run-2,4,base64-0.23.0,decode,url-safe,padded,63,84,66576,1874469,2133.929524,external,avx512-vbmi,avx512-vbmi,x86_64,linux,0
1,commit-5-correction-amd-9950x3d,run-2,0,base64ct-1.8.3,encode,url-safe,padded,63,84,66576,1610743,2483.316545,external,avx512-vbmi,avx512-vbmi,x86_64,linux,0
1,commit-5-correction-amd-9950x3d,run-2,1,base64ct-1.8.3,encode,url-safe,padded,63,84,66576,1594221,2509.052849,external,avx512-vbmi,avx512-vbmi,x86_64,linux,0
1,commit-5-correction-amd-9950x3d,run-2,2,base64ct-1.8.3,encode,url-safe,padded,63,84,66576,1599101,2501.395935,external,avx512-vbmi,avx512-vbmi,x86_64,linux,0
1,commit-5-correction-amd-9950x3d,run-2,3,base64ct-1.8.3,encode,url-safe,padded,63,84,66576,1596075,2506.138334,external,avx512-vbmi,avx512-vbmi,x86_64,linux,0
1,commit-5-correction-amd-9950x3d,run-2,4,base64ct-1.8.3,encode,url-safe,padded,63,84,66576,1601044,2498.360283,external,avx512-vbmi,avx512-vbmi,x86_64,linux,0
1,commit-5-correction-amd-9950x3d,run-2,0,base64ct-1.8.3,decode,url-safe,padded,63,84,66576,5480657,729.836722,external,avx512-vbmi,avx512-vbmi,x86_64,linux,0
1,commit-5-correction-amd-9950x3d,run-2,1,base64ct-1.8.3,decode,url-safe,padded,63,84,66576,5477151,730.303901,external,avx512-vbmi,avx512-vbmi,x86_64,linux,0
1,commit-5-correction-amd-9950x3d,run-2,2,base64ct-1.8.3,decode,url-safe,padded,63,84,66576,5474135,730.706265,external,avx512-vbmi,avx512-vbmi,x86_64,linux,0
1,commit-5-correction-amd-9950x3d,run-2,3,base64ct-1.8.3,decode,url-safe,padded,63,84,66576,5483072,729.515268,external,avx512-vbmi,avx512-vbmi,x86_64,linux,0
1,commit-5-correction-amd-9950x3d,run-2,4,base64ct-1.8.3,decode,url-safe,padded,63,84,66576,5481558,729.716760,external,avx512-vbmi,avx512-vbmi,x86_64,linux,0
1,commit-5-correction-amd-9950x3d,run-2,0,base64-ng,encode,url-safe,padded,64,88,65536,7424738,538.739549,auto,avx512-vbmi,avx512-vbmi,x86_64,linux,0
1,commit-5-correction-amd-9950x3d,run-2,1,base64-ng,encode,url-safe,padded,64,88,65536,7338154,545.096219,auto,avx512-vbmi,avx512-vbmi,x86_64,linux,0
1,commit-5-correction-amd-9950x3d,run-2,2,base64-ng,encode,url-safe,padded,64,88,65536,7337653,545.133437,auto,avx512-vbmi,avx512-vbmi,x86_64,linux,0
1,commit-5-correction-amd-9950x3d,run-2,3,base64-ng,encode,url-safe,padded,64,88,65536,7334687,545.353878,auto,avx512-vbmi,avx512-vbmi,x86_64,linux,0
1,commit-5-correction-amd-9950x3d,run-2,4,base64-ng,encode,url-safe,padded,64,88,65536,7349987,544.218650,auto,avx512-vbmi,avx512-vbmi,x86_64,linux,0
1,commit-5-correction-amd-9950x3d,run-2,0,base64-ng,decode,url-safe,padded,64,88,65536,34969831,114.384310,auto,avx512-vbmi,avx512-vbmi,x86_64,linux,0
1,commit-5-correction-amd-9950x3d,run-2,1,base64-ng,decode,url-safe,padded,64,88,65536,35243887,113.494859,auto,avx512-vbmi,avx512-vbmi,x86_64,linux,0
1,commit-5-correction-amd-9950x3d,run-2,2,base64-ng,decode,url-safe,padded,64,88,65536,36269007,110.287001,auto,avx512-vbmi,avx512-vbmi,x86_64,linux,0
1,commit-5-correction-amd-9950x3d,run-2,3,base64-ng,decode,url-safe,padded,64,88,65536,35296767,113.324827,auto,avx512-vbmi,avx512-vbmi,x86_64,linux,0
1,commit-5-correction-amd-9950x3d,run-2,4,base64-ng,decode,url-safe,padded,64,88,65536,35104755,113.944678,auto,avx512-vbmi,avx512-vbmi,x86_64,linux,0
1,commit-5-correction-amd-9950x3d,run-2,0,base64-ng,encode,url-safe,padded,64,88,65536,4441902,900.515140,scalar,avx512-vbmi,avx512-vbmi,x86_64,linux,0
1,commit-5-correction-amd-9950x3d,run-2,1,base64-ng,encode,url-safe,padded,64,88,65536,4446631,899.557440,scalar,avx512-vbmi,avx512-vbmi,x86_64,linux,0
1,commit-5-correction-amd-9950x3d,run-2,2,base64-ng,encode,url-safe,padded,64,88,65536,4410512,906.924185,scalar,avx512-vbmi,avx512-vbmi,x86_64,linux,0
1,commit-5-correction-amd-9950x3d,run-2,3,base64-ng,encode,url-safe,padded,64,88,65536,4419440,905.092048,scalar,avx512-vbmi,avx512-vbmi,x86_64,linux,0
1,commit-5-correction-amd-9950x3d,run-2,4,base64-ng,encode,url-safe,padded,64,88,65536,4403480,908.372469,scalar,avx512-vbmi,avx512-vbmi,x86_64,linux,0
1,commit-5-correction-amd-9950x3d,run-2,0,base64-ng,decode,url-safe,padded,64,88,65536,13248811,301.913885,scalar,avx512-vbmi,avx512-vbmi,x86_64,linux,0
1,commit-5-correction-amd-9950x3d,run-2,1,base64-ng,decode,url-safe,padded,64,88,65536,13295169,300.861162,scalar,avx512-vbmi,avx512-vbmi,x86_64,linux,0
1,commit-5-correction-amd-9950x3d,run-2,2,base64-ng,decode,url-safe,padded,64,88,65536,13705741,291.848503,scalar,avx512-vbmi,avx512-vbmi,x86_64,linux,0
1,commit-5-correction-amd-9950x3d,run-2,3,base64-ng,decode,url-safe,padded,64,88,65536,13363256,299.328248,scalar,avx512-vbmi,avx512-vbmi,x86_64,linux,0
1,commit-5-correction-amd-9950x3d,run-2,4,base64-ng,decode,url-safe,padded,64,88,65536,13217412,302.631105,scalar,avx512-vbmi,avx512-vbmi,x86_64,linux,0
1,commit-5-correction-amd-9950x3d,run-2,0,base64-ng,encode,url-safe,padded,64,88,65536,14030192,285.099448,ssse3-sse4.1,avx512-vbmi,avx512-vbmi,x86_64,linux,0
1,commit-5-correction-amd-9950x3d,run-2,1,base64-ng,encode,url-safe,padded,64,88,65536,13979476,286.133758,ssse3-sse4.1,avx512-vbmi,avx512-vbmi,x86_64,linux,0
1,commit-5-correction-amd-9950x3d,run-2,2,base64-ng,encode,url-safe,padded,64,88,65536,13735888,291.207966,ssse3-sse4.1,avx512-vbmi,avx512-vbmi,x86_64,linux,0
1,commit-5-correction-amd-9950x3d,run-2,3,base64-ng,encode,url-safe,padded,64,88,65536,13790370,290.057482,ssse3-sse4.1,avx512-vbmi,avx512-vbmi,x86_64,linux,0
1,commit-5-correction-amd-9950x3d,run-2,4,base64-ng,encode,url-safe,padded,64,88,65536,13819495,289.446177,ssse3-sse4.1,avx512-vbmi,avx512-vbmi,x86_64,linux,0
1,commit-5-correction-amd-9950x3d,run-2,0,base64-ng,decode,url-safe,padded,64,88,65536,50426909,79.322728,ssse3-sse4.1,avx512-vbmi,avx512-vbmi,x86_64,linux,0
1,commit-5-correction-amd-9950x3d,run-2,1,base64-ng,decode,url-safe,padded,64,88,65536,51606229,77.510023,ssse3-sse4.1,avx512-vbmi,avx512-vbmi,x86_64,linux,0
1,commit-5-correction-amd-9950x3d,run-2,2,base64-ng,decode,url-safe,padded,64,88,65536,50545492,79.136632,ssse3-sse4.1,avx512-vbmi,avx512-vbmi,x86_64,linux,0
1,commit-5-correction-amd-9950x3d,run-2,3,base64-ng,decode,url-safe,padded,64,88,65536,50190804,79.695874,ssse3-sse4.1,avx512-vbmi,avx512-vbmi,x86_64,linux,0
1,commit-5-correction-amd-9950x3d,run-2,4,base64-ng,decode,url-safe,padded,64,88,65536,50326950,79.480278,ssse3-sse4.1,avx512-vbmi,avx512-vbmi,x86_64,linux,0
1,commit-5-correction-amd-9950x3d,run-2,0,base64-ng,encode,url-safe,padded,64,88,65536,8770180,456.090981,avx2,avx512-vbmi,avx512-vbmi,x86_64,linux,0
1,commit-5-correction-amd-9950x3d,run-2,1,base64-ng,encode,url-safe,padded,64,88,65536,9183147,435.580526,avx2,avx512-vbmi,avx512-vbmi,x86_64,linux,0
1,commit-5-correction-amd-9950x3d,run-2,2,base64-ng,encode,url-safe,padded,64,88,65536,9474255,422.196785,avx2,avx512-vbmi,avx512-vbmi,x86_64,linux,0
1,commit-5-correction-amd-9950x3d,run-2,3,base64-ng,encode,url-safe,padded,64,88,65536,9457263,422.955352,avx2,avx512-vbmi,avx512-vbmi,x86_64,linux,0
1,commit-5-correction-amd-9950x3d,run-2,4,base64-ng,encode,url-safe,padded,64,88,65536,9101524,439.486838,avx2,avx512-vbmi,avx512-vbmi,x86_64,linux,0
1,commit-5-correction-amd-9950x3d,run-2,0,base64-ng,decode,url-safe,padded,64,88,65536,41820427,95.647039,avx2,avx512-vbmi,avx512-vbmi,x86_64,linux,0
1,commit-5-correction-amd-9950x3d,run-2,1,base64-ng,decode,url-safe,padded,64,88,65536,41391680,96.637778,avx2,avx512-vbmi,avx512-vbmi,x86_64,linux,0
1,commit-5-correction-amd-9950x3d,run-2,2,base64-ng,decode,url-safe,padded,64,88,65536,45911068,87.124961,avx2,avx512-vbmi,avx512-vbmi,x86_64,linux,0
1,commit-5-correction-amd-9950x3d,run-2,3,base64-ng,decode,url-safe,padded,64,88,65536,41540932,96.290570,avx2,avx512-vbmi,avx512-vbmi,x86_64,linux,0
1,commit-5-correction-amd-9950x3d,run-2,4,base64-ng,decode,url-safe,padded,64,88,65536,41811640,95.667140,avx2,avx512-vbmi,avx512-vbmi,x86_64,linux,0
1,commit-5-correction-amd-9950x3d,run-2,0,base64-ng,encode,url-safe,padded,64,88,65536,6701826,596.852261,avx512-vbmi,avx512-vbmi,avx512-vbmi,x86_64,linux,0
1,commit-5-correction-amd-9950x3d,run-2,1,base64-ng,encode,url-safe,padded,64,88,65536,6661891,600.430118,avx512-vbmi,avx512-vbmi,avx512-vbmi,x86_64,linux,0
1,commit-5-correction-amd-9950x3d,run-2,2,base64-ng,encode,url-safe,padded,64,88,65536,6892044,580.379348,avx512-vbmi,avx512-vbmi,avx512-vbmi,x86_64,linux,0
1,commit-5-correction-amd-9950x3d,run-2,3,base64-ng,encode,url-safe,padded,64,88,65536,6713718,595.795057,avx512-vbmi,avx512-vbmi,avx512-vbmi,x86_64,linux,0
1,commit-5-correction-amd-9950x3d,run-2,4,base64-ng,encode,url-safe,padded,64,88,65536,6740439,593.433158,avx512-vbmi,avx512-vbmi,avx512-vbmi,x86_64,linux,0
1,commit-5-correction-amd-9950x3d,run-2,0,base64-ng,decode,url-safe,padded,64,88,65536,35142606,113.821952,avx512-vbmi,avx512-vbmi,avx512-vbmi,x86_64,linux,0
1,commit-5-correction-amd-9950x3d,run-2,1,base64-ng,decode,url-safe,padded,64,88,65536,37145106,107.685788,avx512-vbmi,avx512-vbmi,avx512-vbmi,x86_64,linux,0
1,commit-5-correction-amd-9950x3d,run-2,2,base64-ng,decode,url-safe,padded,64,88,65536,34904057,114.599859,avx512-vbmi,avx512-vbmi,avx512-vbmi,x86_64,linux,0
1,commit-5-correction-amd-9950x3d,run-2,3,base64-ng,decode,url-safe,padded,64,88,65536,34605054,115.590052,avx512-vbmi,avx512-vbmi,avx512-vbmi,x86_64,linux,0
1,commit-5-correction-amd-9950x3d,run-2,4,base64-ng,decode,url-safe,padded,64,88,65536,35128720,113.866944,avx512-vbmi,avx512-vbmi,avx512-vbmi,x86_64,linux,0
1,commit-5-correction-amd-9950x3d,run-2,0,base64-0.23.0,encode,url-safe,padded,64,88,65536,1326597,3015.233715,external,avx512-vbmi,avx512-vbmi,x86_64,linux,0
1,commit-5-correction-amd-9950x3d,run-2,1,base64-0.23.0,encode,url-safe,padded,64,88,65536,1332588,3001.677938,external,avx512-vbmi,avx512-vbmi,x86_64,linux,0
1,commit-5-correction-amd-9950x3d,run-2,2,base64-0.23.0,encode,url-safe,padded,64,88,65536,1339531,2986.119769,external,avx512-vbmi,avx512-vbmi,x86_64,linux,0
1,commit-5-correction-amd-9950x3d,run-2,3,base64-0.23.0,encode,url-safe,padded,64,88,65536,1344070,2976.035474,external,avx512-vbmi,avx512-vbmi,x86_64,linux,0
1,commit-5-correction-amd-9950x3d,run-2,4,base64-0.23.0,encode,url-safe,padded,64,88,65536,1355701,2950.503098,external,avx512-vbmi,avx512-vbmi,x86_64,linux,0
1,commit-5-correction-amd-9950x3d,run-2,0,base64-0.23.0,decode,url-safe,padded,64,88,65536,1871974,2136.781814,external,avx512-vbmi,avx512-vbmi,x86_64,linux,0
1,commit-5-correction-amd-9950x3d,run-2,1,base64-0.23.0,decode,url-safe,padded,64,88,65536,1877174,2130.862669,external,avx512-vbmi,avx512-vbmi,x86_64,linux,0
1,commit-5-correction-amd-9950x3d,run-2,2,base64-0.23.0,decode,url-safe,padded,64,88,65536,1865653,2144.021423,external,avx512-vbmi,avx512-vbmi,x86_64,linux,0
1,commit-5-correction-amd-9950x3d,run-2,3,base64-0.23.0,decode,url-safe,padded,64,88,65536,1864530,2145.312760,external,avx512-vbmi,avx512-vbmi,x86_64,linux,0
1,commit-5-correction-amd-9950x3d,run-2,4,base64-0.23.0,decode,url-safe,padded,64,88,65536,1917991,2085.515521,external,avx512-vbmi,avx512-vbmi,x86_64,linux,0
1,commit-5-correction-amd-9950x3d,run-2,0,base64ct-1.8.3,encode,url-safe,padded,64,88,65536,2467696,1620.945206,external,avx512-vbmi,avx512-vbmi,x86_64,linux,0
1,commit-5-correction-amd-9950x3d,run-2,1,base64ct-1.8.3,encode,url-safe,padded,64,88,65536,2607999,1533.742919,external,avx512-vbmi,avx512-vbmi,x86_64,linux,0
1,commit-5-correction-amd-9950x3d,run-2,2,base64ct-1.8.3,encode,url-safe,padded,64,88,65536,2522659,1585.628498,external,avx512-vbmi,avx512-vbmi,x86_64,linux,0
1,commit-5-correction-amd-9950x3d,run-2,3,base64ct-1.8.3,encode,url-safe,padded,64,88,65536,1874298,2134.132352,external,avx512-vbmi,avx512-vbmi,x86_64,linux,0
1,commit-5-correction-amd-9950x3d,run-2,4,base64ct-1.8.3,encode,url-safe,padded,64,88,65536,1880119,2127.524907,external,avx512-vbmi,avx512-vbmi,x86_64,linux,0
1,commit-5-correction-amd-9950x3d,run-2,0,base64ct-1.8.3,decode,url-safe,padded,64,88,65536,6085425,657.308241,external,avx512-vbmi,avx512-vbmi,x86_64,linux,0
1,commit-5-correction-amd-9950x3d,run-2,1,base64ct-1.8.3,decode,url-safe,padded,64,88,65536,6075106,658.424725,external,avx512-vbmi,avx512-vbmi,x86_64,linux,0
1,commit-5-correction-amd-9950x3d,run-2,2,base64ct-1.8.3,decode,url-safe,padded,64,88,65536,6069696,659.011588,external,avx512-vbmi,avx512-vbmi,x86_64,linux,0
1,commit-5-correction-amd-9950x3d,run-2,3,base64ct-1.8.3,decode,url-safe,padded,64,88,65536,6064276,659.600585,external,avx512-vbmi,avx512-vbmi,x86_64,linux,0
1,commit-5-correction-amd-9950x3d,run-2,4,base64ct-1.8.3,decode,url-safe,padded,64,88,65536,6056972,660.395987,external,avx512-vbmi,avx512-vbmi,x86_64,linux,0
1,commit-5-correction-amd-9950x3d,run-2,0,base64-ng,encode,url-safe,padded,1024,1368,4096,3909360,1023.185381,auto,avx512-vbmi,avx512-vbmi,x86_64,linux,0
1,commit-5-correction-amd-9950x3d,run-2,1,base64-ng,encode,url-safe,padded,1024,1368,4096,3871789,1033.114150,auto,avx512-vbmi,avx512-vbmi,x86_64,linux,0
1,commit-5-correction-amd-9950x3d,run-2,2,base64-ng,encode,url-safe,padded,1024,1368,4096,3852402,1038.313239,auto,avx512-vbmi,avx512-vbmi,x86_64,linux,0
1,commit-5-correction-amd-9950x3d,run-2,3,base64-ng,encode,url-safe,padded,1024,1368,4096,3861479,1035.872524,auto,avx512-vbmi,avx512-vbmi,x86_64,linux,0
1,commit-5-correction-amd-9950x3d,run-2,4,base64-ng,encode,url-safe,padded,1024,1368,4096,3858644,1036.633595,auto,avx512-vbmi,avx512-vbmi,x86_64,linux,0
1,commit-5-correction-amd-9950x3d,run-2,0,base64-ng,decode,url-safe,padded,1024,1368,4096,27842744,143.664001,auto,avx512-vbmi,avx512-vbmi,x86_64,linux,0
1,commit-5-correction-amd-9950x3d,run-2,1,base64-ng,decode,url-safe,padded,1024,1368,4096,28290366,141.390889,auto,avx512-vbmi,avx512-vbmi,x86_64,linux,0
1,commit-5-correction-amd-9950x3d,run-2,2,base64-ng,decode,url-safe,padded,1024,1368,4096,27868963,143.528842,auto,avx512-vbmi,avx512-vbmi,x86_64,linux,0
1,commit-5-correction-amd-9950x3d,run-2,3,base64-ng,decode,url-safe,padded,1024,1368,4096,27818098,143.791283,auto,avx512-vbmi,avx512-vbmi,x86_64,linux,0
1,commit-5-correction-amd-9950x3d,run-2,4,base64-ng,decode,url-safe,padded,1024,1368,4096,28166604,142.012150,auto,avx512-vbmi,avx512-vbmi,x86_64,linux,0
1,commit-5-correction-amd-9950x3d,run-2,0,base64-ng,encode,url-safe,padded,1024,1368,4096,2014371,1985.731526,scalar,avx512-vbmi,avx512-vbmi,x86_64,linux,0
1,commit-5-correction-amd-9950x3d,run-2,1,base64-ng,encode,url-safe,padded,1024,1368,4096,2013149,1986.936883,scalar,avx512-vbmi,avx512-vbmi,x86_64,linux,0
1,commit-5-correction-amd-9950x3d,run-2,2,base64-ng,encode,url-safe,padded,1024,1368,4096,2013340,1986.748388,scalar,avx512-vbmi,avx512-vbmi,x86_64,linux,0
1,commit-5-correction-amd-9950x3d,run-2,3,base64-ng,encode,url-safe,padded,1024,1368,4096,2019081,1981.099322,scalar,avx512-vbmi,avx512-vbmi,x86_64,linux,0
1,commit-5-correction-amd-9950x3d,run-2,4,base64-ng,encode,url-safe,padded,1024,1368,4096,2021435,1978.792294,scalar,avx512-vbmi,avx512-vbmi,x86_64,linux,0
1,commit-5-correction-amd-9950x3d,run-2,0,base64-ng,decode,url-safe,padded,1024,1368,4096,13855974,288.684144,scalar,avx512-vbmi,avx512-vbmi,x86_64,linux,0
1,commit-5-correction-amd-9950x3d,run-2,1,base64-ng,decode,url-safe,padded,1024,1368,4096,13202534,302.972142,scalar,avx512-vbmi,avx512-vbmi,x86_64,linux,0
1,commit-5-correction-amd-9950x3d,run-2,2,base64-ng,decode,url-safe,padded,1024,1368,4096,12991036,307.904620,scalar,avx512-vbmi,avx512-vbmi,x86_64,linux,0
1,commit-5-correction-amd-9950x3d,run-2,3,base64-ng,decode,url-safe,padded,1024,1368,4096,12970847,308.383870,scalar,avx512-vbmi,avx512-vbmi,x86_64,linux,0
1,commit-5-correction-amd-9950x3d,run-2,4,base64-ng,decode,url-safe,padded,1024,1368,4096,12973723,308.315508,scalar,avx512-vbmi,avx512-vbmi,x86_64,linux,0
1,commit-5-correction-amd-9950x3d,run-2,0,base64-ng,encode,url-safe,padded,1024,1368,4096,12396837,322.662950,ssse3-sse4.1,avx512-vbmi,avx512-vbmi,x86_64,linux,0
1,commit-5-correction-amd-9950x3d,run-2,1,base64-ng,encode,url-safe,padded,1024,1368,4096,12386167,322.940907,ssse3-sse4.1,avx512-vbmi,avx512-vbmi,x86_64,linux,0
1,commit-5-correction-amd-9950x3d,run-2,2,base64-ng,encode,url-safe,padded,1024,1368,4096,12143511,329.394028,ssse3-sse4.1,avx512-vbmi,avx512-vbmi,x86_64,linux,0
1,commit-5-correction-amd-9950x3d,run-2,3,base64-ng,encode,url-safe,padded,1024,1368,4096,12296558,325.294282,ssse3-sse4.1,avx512-vbmi,avx512-vbmi,x86_64,linux,0
1,commit-5-correction-amd-9950x3d,run-2,4,base64-ng,encode,url-safe,padded,1024,1368,4096,12278674,325.768076,ssse3-sse4.1,avx512-vbmi,avx512-vbmi,x86_64,linux,0
1,commit-5-correction-amd-9950x3d,run-2,0,base64-ng,decode,url-safe,padded,1024,1368,4096,51825181,77.182557,ssse3-sse4.1,avx512-vbmi,avx512-vbmi,x86_64,linux,0
1,commit-5-correction-amd-9950x3d,run-2,1,base64-ng,decode,url-safe,padded,1024,1368,4096,52889365,75.629571,ssse3-sse4.1,avx512-vbmi,avx512-vbmi,x86_64,linux,0
1,commit-5-correction-amd-9950x3d,run-2,2,base64-ng,decode,url-safe,padded,1024,1368,4096,52521462,76.159342,ssse3-sse4.1,avx512-vbmi,avx512-vbmi,x86_64,linux,0
1,commit-5-correction-amd-9950x3d,run-2,3,base64-ng,decode,url-safe,padded,1024,1368,4096,52072286,76.816293,ssse3-sse4.1,avx512-vbmi,avx512-vbmi,x86_64,linux,0
1,commit-5-correction-amd-9950x3d,run-2,4,base64-ng,decode,url-safe,padded,1024,1368,4096,52103606,76.770118,ssse3-sse4.1,avx512-vbmi,avx512-vbmi,x86_64,linux,0
1,commit-5-correction-amd-9950x3d,run-2,0,base64-ng,encode,url-safe,padded,1024,1368,4096,6648786,601.613588,avx2,avx512-vbmi,avx512-vbmi,x86_64,linux,0
1,commit-5-correction-amd-9950x3d,run-2,1,base64-ng,encode,url-safe,padded,1024,1368,4096,6575939,608.278149,avx2,avx512-vbmi,avx512-vbmi,x86_64,linux,0
1,commit-5-correction-amd-9950x3d,run-2,2,base64-ng,encode,url-safe,padded,1024,1368,4096,6751038,592.501479,avx2,avx512-vbmi,avx512-vbmi,x86_64,linux,0
1,commit-5-correction-amd-9950x3d,run-2,3,base64-ng,encode,url-safe,padded,1024,1368,4096,6935647,576.730621,avx2,avx512-vbmi,avx512-vbmi,x86_64,linux,0
1,commit-5-correction-amd-9950x3d,run-2,4,base64-ng,encode,url-safe,padded,1024,1368,4096,6932340,577.005744,avx2,avx512-vbmi,avx512-vbmi,x86_64,linux,0
1,commit-5-correction-amd-9950x3d,run-2,0,base64-ng,decode,url-safe,padded,1024,1368,4096,36595130,109.304162,avx2,avx512-vbmi,avx512-vbmi,x86_64,linux,0
1,commit-5-correction-amd-9950x3d,run-2,1,base64-ng,decode,url-safe,padded,1024,1368,4096,36265620,110.297301,avx2,avx512-vbmi,avx512-vbmi,x86_64,linux,0
1,commit-5-correction-amd-9950x3d,run-2,2,base64-ng,decode,url-safe,padded,1024,1368,4096,36579691,109.350295,avx2,avx512-vbmi,avx512-vbmi,x86_64,linux,0
1,commit-5-correction-amd-9950x3d,run-2,3,base64-ng,decode,url-safe,padded,1024,1368,4096,37052051,107.956237,avx2,avx512-vbmi,avx512-vbmi,x86_64,linux,0
1,commit-5-correction-amd-9950x3d,run-2,4,base64-ng,decode,url-safe,padded,1024,1368,4096,35950327,111.264635,avx2,avx512-vbmi,avx512-vbmi,x86_64,linux,0
1,commit-5-correction-amd-9950x3d,run-2,0,base64-ng,encode,url-safe,padded,1024,1368,4096,3797549,1053.310965,avx512-vbmi,avx512-vbmi,avx512-vbmi,x86_64,linux,0
1,commit-5-correction-amd-9950x3d,run-2,1,base64-ng,encode,url-safe,padded,1024,1368,4096,3852012,1038.418364,avx512-vbmi,avx512-vbmi,avx512-vbmi,x86_64,linux,0
1,commit-5-correction-amd-9950x3d,run-2,2,base64-ng,encode,url-safe,padded,1024,1368,4096,3842013,1041.120892,avx512-vbmi,avx512-vbmi,avx512-vbmi,x86_64,linux,0
1,commit-5-correction-amd-9950x3d,run-2,3,base64-ng,encode,url-safe,padded,1024,1368,4096,3830811,1044.165322,avx512-vbmi,avx512-vbmi,avx512-vbmi,x86_64,linux,0
1,commit-5-correction-amd-9950x3d,run-2,4,base64-ng,encode,url-safe,padded,1024,1368,4096,3935349,1016.428276,avx512-vbmi,avx512-vbmi,avx512-vbmi,x86_64,linux,0
1,commit-5-correction-amd-9950x3d,run-2,0,base64-ng,decode,url-safe,padded,1024,1368,4096,28038222,142.662398,avx512-vbmi,avx512-vbmi,avx512-vbmi,x86_64,linux,0
1,commit-5-correction-amd-9950x3d,run-2,1,base64-ng,decode,url-safe,padded,1024,1368,4096,29546361,135.380462,avx512-vbmi,avx512-vbmi,avx512-vbmi,x86_64,linux,0
1,commit-5-correction-amd-9950x3d,run-2,2,base64-ng,decode,url-safe,padded,1024,1368,4096,29743372,134.483743,avx512-vbmi,avx512-vbmi,avx512-vbmi,x86_64,linux,0
1,commit-5-correction-amd-9950x3d,run-2,3,base64-ng,decode,url-safe,padded,1024,1368,4096,27974512,142.987302,avx512-vbmi,avx512-vbmi,avx512-vbmi,x86_64,linux,0
1,commit-5-correction-amd-9950x3d,run-2,4,base64-ng,decode,url-safe,padded,1024,1368,4096,27805424,143.856824,avx512-vbmi,avx512-vbmi,avx512-vbmi,x86_64,linux,0
1,commit-5-correction-amd-9950x3d,run-2,0,base64-0.23.0,encode,url-safe,padded,1024,1368,4096,843127,4744.243750,external,avx512-vbmi,avx512-vbmi,x86_64,linux,0
1,commit-5-correction-amd-9950x3d,run-2,1,base64-0.23.0,encode,url-safe,padded,1024,1368,4096,845532,4730.749398,external,avx512-vbmi,avx512-vbmi,x86_64,linux,0
1,commit-5-correction-amd-9950x3d,run-2,2,base64-0.23.0,encode,url-safe,padded,1024,1368,4096,854529,4680.941197,external,avx512-vbmi,avx512-vbmi,x86_64,linux,0
1,commit-5-correction-amd-9950x3d,run-2,3,base64-0.23.0,encode,url-safe,padded,1024,1368,4096,855120,4677.706053,external,avx512-vbmi,avx512-vbmi,x86_64,linux,0
1,commit-5-correction-amd-9950x3d,run-2,4,base64-0.23.0,encode,url-safe,padded,1024,1368,4096,855200,4677.268475,external,avx512-vbmi,avx512-vbmi,x86_64,linux,0
1,commit-5-correction-amd-9950x3d,run-2,0,base64-0.23.0,decode,url-safe,padded,1024,1368,4096,1195380,3346.216266,external,avx512-vbmi,avx512-vbmi,x86_64,linux,0
1,commit-5-correction-amd-9950x3d,run-2,1,base64-0.23.0,decode,url-safe,padded,1024,1368,4096,1013027,3948.562082,external,avx512-vbmi,avx512-vbmi,x86_64,linux,0
1,commit-5-correction-amd-9950x3d,run-2,2,base64-0.23.0,decode,url-safe,padded,1024,1368,4096,999641,4001.436516,external,avx512-vbmi,avx512-vbmi,x86_64,linux,0
1,commit-5-correction-amd-9950x3d,run-2,3,base64-0.23.0,decode,url-safe,padded,1024,1368,4096,1004992,3980.131185,external,avx512-vbmi,avx512-vbmi,x86_64,linux,0
1,commit-5-correction-amd-9950x3d,run-2,4,base64-0.23.0,decode,url-safe,padded,1024,1368,4096,1009630,3961.847409,external,avx512-vbmi,avx512-vbmi,x86_64,linux,0
1,commit-5-correction-amd-9950x3d,run-2,0,base64ct-1.8.3,encode,url-safe,padded,1024,1368,4096,1387592,2882.691742,external,avx512-vbmi,avx512-vbmi,x86_64,linux,0
1,commit-5-correction-amd-9950x3d,run-2,1,base64ct-1.8.3,encode,url-safe,padded,1024,1368,4096,1373686,2911.873601,external,avx512-vbmi,avx512-vbmi,x86_64,linux,0
1,commit-5-correction-amd-9950x3d,run-2,2,base64ct-1.8.3,encode,url-safe,padded,1024,1368,4096,1366422,2927.353336,external,avx512-vbmi,avx512-vbmi,x86_64,linux,0
1,commit-5-correction-amd-9950x3d,run-2,3,base64ct-1.8.3,encode,url-safe,padded,1024,1368,4096,1375830,2907.335935,external,avx512-vbmi,avx512-vbmi,x86_64,linux,0
1,commit-5-correction-amd-9950x3d,run-2,4,base64ct-1.8.3,encode,url-safe,padded,1024,1368,4096,1372704,2913.956687,external,avx512-vbmi,avx512-vbmi,x86_64,linux,0
1,commit-5-correction-amd-9950x3d,run-2,0,base64ct-1.8.3,decode,url-safe,padded,1024,1368,4096,4772414,838.150253,external,avx512-vbmi,avx512-vbmi,x86_64,linux,0
1,commit-5-correction-amd-9950x3d,run-2,1,base64ct-1.8.3,decode,url-safe,padded,1024,1368,4096,4683847,853.998860,external,avx512-vbmi,avx512-vbmi,x86_64,linux,0
1,commit-5-correction-amd-9950x3d,run-2,2,base64ct-1.8.3,decode,url-safe,padded,1024,1368,4096,4677856,855.092589,external,avx512-vbmi,avx512-vbmi,x86_64,linux,0
1,commit-5-correction-amd-9950x3d,run-2,3,base64ct-1.8.3,decode,url-safe,padded,1024,1368,4096,4679580,854.777566,external,avx512-vbmi,avx512-vbmi,x86_64,linux,0
1,commit-5-correction-amd-9950x3d,run-2,4,base64ct-1.8.3,decode,url-safe,padded,1024,1368,4096,4783365,836.231398,external,avx512-vbmi,avx512-vbmi,x86_64,linux,0
1,commit-5-correction-amd-9950x3d,run-2,0,base64-ng,encode,url-safe,padded,65536,87384,64,3553811,1125.552259,auto,avx512-vbmi,avx512-vbmi,x86_64,linux,0
1,commit-5-correction-amd-9950x3d,run-2,1,base64-ng,encode,url-safe,padded,65536,87384,64,3556946,1124.560227,auto,avx512-vbmi,avx512-vbmi,x86_64,linux,0
1,commit-5-correction-amd-9950x3d,run-2,2,base64-ng,encode,url-safe,padded,65536,87384,64,3541597,1129.433981,auto,avx512-vbmi,avx512-vbmi,x86_64,linux,0
1,commit-5-correction-amd-9950x3d,run-2,3,base64-ng,encode,url-safe,padded,65536,87384,64,3564310,1122.236842,auto,avx512-vbmi,avx512-vbmi,x86_64,linux,0
1,commit-5-correction-amd-9950x3d,run-2,4,base64-ng,encode,url-safe,padded,65536,87384,64,3573447,1119.367378,auto,avx512-vbmi,avx512-vbmi,x86_64,linux,0
1,commit-5-correction-amd-9950x3d,run-2,0,base64-ng,decode,url-safe,padded,65536,87384,64,27373550,146.126461,auto,avx512-vbmi,avx512-vbmi,x86_64,linux,0
1,commit-5-correction-amd-9950x3d,run-2,1,base64-ng,decode,url-safe,padded,65536,87384,64,27315351,146.437803,auto,avx512-vbmi,avx512-vbmi,x86_64,linux,0
1,commit-5-correction-amd-9950x3d,run-2,2,base64-ng,decode,url-safe,padded,65536,87384,64,27321924,146.402574,auto,avx512-vbmi,avx512-vbmi,x86_64,linux,0
1,commit-5-correction-amd-9950x3d,run-2,3,base64-ng,decode,url-safe,padded,65536,87384,64,28408038,140.805219,auto,avx512-vbmi,avx512-vbmi,x86_64,linux,0
1,commit-5-correction-amd-9950x3d,run-2,4,base64-ng,decode,url-safe,padded,65536,87384,64,28106861,142.314007,auto,avx512-vbmi,avx512-vbmi,x86_64,linux,0
1,commit-5-correction-amd-9950x3d,run-2,0,base64-ng,encode,url-safe,padded,65536,87384,64,1815608,2203.118735,scalar,avx512-vbmi,avx512-vbmi,x86_64,linux,0
1,commit-5-correction-amd-9950x3d,run-2,1,base64-ng,encode,url-safe,padded,65536,87384,64,1830616,2185.056833,scalar,avx512-vbmi,avx512-vbmi,x86_64,linux,0
1,commit-5-correction-amd-9950x3d,run-2,2,base64-ng,encode,url-safe,padded,65536,87384,64,1834995,2179.842452,scalar,avx512-vbmi,avx512-vbmi,x86_64,linux,0
1,commit-5-correction-amd-9950x3d,run-2,3,base64-ng,encode,url-safe,padded,65536,87384,64,1839563,2174.429470,scalar,avx512-vbmi,avx512-vbmi,x86_64,linux,0
1,commit-5-correction-amd-9950x3d,run-2,4,base64-ng,encode,url-safe,padded,65536,87384,64,1845694,2167.206482,scalar,avx512-vbmi,avx512-vbmi,x86_64,linux,0
1,commit-5-correction-amd-9950x3d,run-2,0,base64-ng,decode,url-safe,padded,65536,87384,64,12989222,307.947620,scalar,avx512-vbmi,avx512-vbmi,x86_64,linux,0
1,commit-5-correction-amd-9950x3d,run-2,1,base64-ng,decode,url-safe,padded,65536,87384,64,12984964,308.048601,scalar,avx512-vbmi,avx512-vbmi,x86_64,linux,0
1,commit-5-correction-amd-9950x3d,run-2,2,base64-ng,decode,url-safe,padded,65536,87384,64,13003148,307.617817,scalar,avx512-vbmi,avx512-vbmi,x86_64,linux,0
1,commit-5-correction-amd-9950x3d,run-2,3,base64-ng,decode,url-safe,padded,65536,87384,64,13001796,307.649805,scalar,avx512-vbmi,avx512-vbmi,x86_64,linux,0
1,commit-5-correction-amd-9950x3d,run-2,4,base64-ng,decode,url-safe,padded,65536,87384,64,12938767,309.148468,scalar,avx512-vbmi,avx512-vbmi,x86_64,linux,0
1,commit-5-correction-amd-9950x3d,run-2,0,base64-ng,encode,url-safe,padded,65536,87384,64,12303492,325.110952,ssse3-sse4.1,avx512-vbmi,avx512-vbmi,x86_64,linux,0
1,commit-5-correction-amd-9950x3d,run-2,1,base64-ng,encode,url-safe,padded,65536,87384,64,11998868,333.364781,ssse3-sse4.1,avx512-vbmi,avx512-vbmi,x86_64,linux,0
1,commit-5-correction-amd-9950x3d,run-2,2,base64-ng,encode,url-safe,padded,65536,87384,64,12179909,328.409679,ssse3-sse4.1,avx512-vbmi,avx512-vbmi,x86_64,linux,0
1,commit-5-correction-amd-9950x3d,run-2,3,base64-ng,encode,url-safe,padded,65536,87384,64,12242466,326.731559,ssse3-sse4.1,avx512-vbmi,avx512-vbmi,x86_64,linux,0
1,commit-5-correction-amd-9950x3d,run-2,4,base64-ng,encode,url-safe,padded,65536,87384,64,12022863,332.699458,ssse3-sse4.1,avx512-vbmi,avx512-vbmi,x86_64,linux,0
1,commit-5-correction-amd-9950x3d,run-2,0,base64-ng,decode,url-safe,padded,65536,87384,64,51088114,78.296098,ssse3-sse4.1,avx512-vbmi,avx512-vbmi,x86_64,linux,0
1,commit-5-correction-amd-9950x3d,run-2,1,base64-ng,decode,url-safe,padded,65536,87384,64,51346189,77.902568,ssse3-sse4.1,avx512-vbmi,avx512-vbmi,x86_64,linux,0
1,commit-5-correction-amd-9950x3d,run-2,2,base64-ng,decode,url-safe,padded,65536,87384,64,52250061,76.554935,ssse3-sse4.1,avx512-vbmi,avx512-vbmi,x86_64,linux,0
1,commit-5-correction-amd-9950x3d,run-2,3,base64-ng,decode,url-safe,padded,65536,87384,64,51498075,77.672806,ssse3-sse4.1,avx512-vbmi,avx512-vbmi,x86_64,linux,0
1,commit-5-correction-amd-9950x3d,run-2,4,base64-ng,decode,url-safe,padded,65536,87384,64,50934495,78.532240,ssse3-sse4.1,avx512-vbmi,avx512-vbmi,x86_64,linux,0
1,commit-5-correction-amd-9950x3d,run-2,0,base64-ng,encode,url-safe,padded,65536,87384,64,6403365,624.671559,avx2,avx512-vbmi,avx512-vbmi,x86_64,linux,0
1,commit-5-correction-amd-9950x3d,run-2,1,base64-ng,encode,url-safe,padded,65536,87384,64,6418122,623.235270,avx2,avx512-vbmi,avx512-vbmi,x86_64,linux,0
1,commit-5-correction-amd-9950x3d,run-2,2,base64-ng,encode,url-safe,padded,65536,87384,64,6307013,634.214643,avx2,avx512-vbmi,avx512-vbmi,x86_64,linux,0
1,commit-5-correction-amd-9950x3d,run-2,3,base64-ng,encode,url-safe,padded,65536,87384,64,6376563,627.297182,avx2,avx512-vbmi,avx512-vbmi,x86_64,linux,0
1,commit-5-correction-amd-9950x3d,run-2,4,base64-ng,encode,url-safe,padded,65536,87384,64,6392684,625.715271,avx2,avx512-vbmi,avx512-vbmi,x86_64,linux,0
1,commit-5-correction-amd-9950x3d,run-2,0,base64-ng,decode,url-safe,padded,65536,87384,64,35723781,111.970231,avx2,avx512-vbmi,avx512-vbmi,x86_64,linux,0
1,commit-5-correction-amd-9950x3d,run-2,1,base64-ng,decode,url-safe,padded,65536,87384,64,36514038,109.546909,avx2,avx512-vbmi,avx512-vbmi,x86_64,linux,0
1,commit-5-correction-amd-9950x3d,run-2,2,base64-ng,decode,url-safe,padded,65536,87384,64,36056988,110.935500,avx2,avx512-vbmi,avx512-vbmi,x86_64,linux,0
1,commit-5-correction-amd-9950x3d,run-2,3,base64-ng,decode,url-safe,padded,65536,87384,64,35789785,111.763734,avx2,avx512-vbmi,avx512-vbmi,x86_64,linux,0
1,commit-5-correction-amd-9950x3d,run-2,4,base64-ng,decode,url-safe,padded,65536,87384,64,36376679,109.960560,avx2,avx512-vbmi,avx512-vbmi,x86_64,linux,0
1,commit-5-correction-amd-9950x3d,run-2,0,base64-ng,encode,url-safe,padded,65536,87384,64,4624446,864.968474,avx512-vbmi,avx512-vbmi,avx512-vbmi,x86_64,linux,0
1,commit-5-correction-amd-9950x3d,run-2,1,base64-ng,encode,url-safe,padded,65536,87384,64,4756003,841.042363,avx512-vbmi,avx512-vbmi,avx512-vbmi,x86_64,linux,0
1,commit-5-correction-amd-9950x3d,run-2,2,base64-ng,encode,url-safe,padded,65536,87384,64,4729233,845.803114,avx512-vbmi,avx512-vbmi,avx512-vbmi,x86_64,linux,0
1,commit-5-correction-amd-9950x3d,run-2,3,base64-ng,encode,url-safe,padded,65536,87384,64,4591324,871.208392,avx512-vbmi,avx512-vbmi,avx512-vbmi,x86_64,linux,0
1,commit-5-correction-amd-9950x3d,run-2,4,base64-ng,encode,url-safe,padded,65536,87384,64,3687101,1084.863149,avx512-vbmi,avx512-vbmi,avx512-vbmi,x86_64,linux,0
1,commit-5-correction-amd-9950x3d,run-2,0,base64-ng,decode,url-safe,padded,65536,87384,64,28014538,142.783008,avx512-vbmi,avx512-vbmi,avx512-vbmi,x86_64,linux,0
1,commit-5-correction-amd-9950x3d,run-2,1,base64-ng,decode,url-safe,padded,65536,87384,64,28382541,140.931709,avx512-vbmi,avx512-vbmi,avx512-vbmi,x86_64,linux,0
1,commit-5-correction-amd-9950x3d,run-2,2,base64-ng,decode,url-safe,padded,65536,87384,64,28014878,142.781275,avx512-vbmi,avx512-vbmi,avx512-vbmi,x86_64,linux,0
1,commit-5-correction-amd-9950x3d,run-2,3,base64-ng,decode,url-safe,padded,65536,87384,64,27084927,147.683618,avx512-vbmi,avx512-vbmi,avx512-vbmi,x86_64,linux,0
1,commit-5-correction-amd-9950x3d,run-2,4,base64-ng,decode,url-safe,padded,65536,87384,64,27207609,147.017696,avx512-vbmi,avx512-vbmi,avx512-vbmi,x86_64,linux,0
1,commit-5-correction-amd-9950x3d,run-2,0,base64-0.23.0,encode,url-safe,padded,65536,87384,64,793804,5039.027266,external,avx512-vbmi,avx512-vbmi,x86_64,linux,0
1,commit-5-correction-amd-9950x3d,run-2,1,base64-0.23.0,encode,url-safe,padded,65536,87384,64,797181,5017.681054,external,avx512-vbmi,avx512-vbmi,x86_64,linux,0
1,commit-5-correction-amd-9950x3d,run-2,2,base64-0.23.0,encode,url-safe,padded,65536,87384,64,800537,4996.646001,external,avx512-vbmi,avx512-vbmi,x86_64,linux,0
1,commit-5-correction-amd-9950x3d,run-2,3,base64-0.23.0,encode,url-safe,padded,65536,87384,64,806899,4957.249916,external,avx512-vbmi,avx512-vbmi,x86_64,linux,0
1,commit-5-correction-amd-9950x3d,run-2,4,base64-0.23.0,encode,url-safe,padded,65536,87384,64,802030,4987.344613,external,avx512-vbmi,avx512-vbmi,x86_64,linux,0
1,commit-5-correction-amd-9950x3d,run-2,0,base64-0.23.0,decode,url-safe,padded,65536,87384,64,950089,4210.131893,external,avx512-vbmi,avx512-vbmi,x86_64,linux,0
1,commit-5-correction-amd-9950x3d,run-2,1,base64-0.23.0,decode,url-safe,padded,65536,87384,64,954607,4190.206022,external,avx512-vbmi,avx512-vbmi,x86_64,linux,0
1,commit-5-correction-amd-9950x3d,run-2,2,base64-0.23.0,decode,url-safe,padded,65536,87384,64,959176,4170.246128,external,avx512-vbmi,avx512-vbmi,x86_64,linux,0
1,commit-5-correction-amd-9950x3d,run-2,3,base64-0.23.0,decode,url-safe,padded,65536,87384,64,958805,4171.859763,external,avx512-vbmi,avx512-vbmi,x86_64,linux,0
1,commit-5-correction-amd-9950x3d,run-2,4,base64-0.23.0,decode,url-safe,padded,65536,87384,64,956320,4182.700351,external,avx512-vbmi,avx512-vbmi,x86_64,linux,0
1,commit-5-correction-amd-9950x3d,run-2,0,base64ct-1.8.3,encode,url-safe,padded,65536,87384,64,1349130,2964.873659,external,avx512-vbmi,avx512-vbmi,x86_64,linux,0
1,commit-5-correction-amd-9950x3d,run-2,1,base64ct-1.8.3,encode,url-safe,padded,65536,87384,64,1336956,2991.871086,external,avx512-vbmi,avx512-vbmi,x86_64,linux,0
1,commit-5-correction-amd-9950x3d,run-2,2,base64ct-1.8.3,encode,url-safe,padded,65536,87384,64,1341034,2982.772995,external,avx512-vbmi,avx512-vbmi,x86_64,linux,0
1,commit-5-correction-amd-9950x3d,run-2,3,base64ct-1.8.3,encode,url-safe,padded,65536,87384,64,1346836,2969.923584,external,avx512-vbmi,avx512-vbmi,x86_64,linux,0
1,commit-5-correction-amd-9950x3d,run-2,4,base64ct-1.8.3,encode,url-safe,padded,65536,87384,64,1344000,2976.190476,external,avx512-vbmi,avx512-vbmi,x86_64,linux,0
1,commit-5-correction-amd-9950x3d,run-2,0,base64ct-1.8.3,decode,url-safe,padded,65536,87384,64,4575103,874.297256,external,avx512-vbmi,avx512-vbmi,x86_64,linux,0
1,commit-5-correction-amd-9950x3d,run-2,1,base64ct-1.8.3,decode,url-safe,padded,65536,87384,64,4589009,871.647887,external,avx512-vbmi,avx512-vbmi,x86_64,linux,0
1,commit-5-correction-amd-9950x3d,run-2,2,base64ct-1.8.3,decode,url-safe,padded,65536,87384,64,4580002,873.362064,external,avx512-vbmi,avx512-vbmi,x86_64,linux,0
1,commit-5-correction-amd-9950x3d,run-2,3,base64ct-1.8.3,decode,url-safe,padded,65536,87384,64,4594860,870.537949,external,avx512-vbmi,avx512-vbmi,x86_64,linux,0
1,commit-5-correction-amd-9950x3d,run-2,4,base64ct-1.8.3,decode,url-safe,padded,65536,87384,64,4593087,870.873990,external,avx512-vbmi,avx512-vbmi,x86_64,linux,0
1,commit-5-correction-amd-9950x3d,run-2,0,base64-ng,encode,url-safe,unpadded,1,2,4194304,35779996,111.794311,auto,avx512-vbmi,avx512-vbmi,x86_64,linux,0
1,commit-5-correction-amd-9950x3d,run-2,1,base64-ng,encode,url-safe,unpadded,1,2,4194304,35720123,111.981697,auto,avx512-vbmi,avx512-vbmi,x86_64,linux,0
1,commit-5-correction-amd-9950x3d,run-2,2,base64-ng,encode,url-safe,unpadded,1,2,4194304,36349828,110.041786,auto,avx512-vbmi,avx512-vbmi,x86_64,linux,0
1,commit-5-correction-amd-9950x3d,run-2,3,base64-ng,encode,url-safe,unpadded,1,2,4194304,35871178,111.510138,auto,avx512-vbmi,avx512-vbmi,x86_64,linux,0
1,commit-5-correction-amd-9950x3d,run-2,4,base64-ng,encode,url-safe,unpadded,1,2,4194304,36190999,110.524719,auto,avx512-vbmi,avx512-vbmi,x86_64,linux,0
1,commit-5-correction-amd-9950x3d,run-2,0,base64-ng,decode,url-safe,unpadded,1,2,4194304,52599749,76.045990,auto,avx512-vbmi,avx512-vbmi,x86_64,linux,0
1,commit-5-correction-amd-9950x3d,run-2,1,base64-ng,decode,url-safe,unpadded,1,2,4194304,52595572,76.052030,auto,avx512-vbmi,avx512-vbmi,x86_64,linux,0
1,commit-5-correction-amd-9950x3d,run-2,2,base64-ng,decode,url-safe,unpadded,1,2,4194304,52822609,75.725150,auto,avx512-vbmi,avx512-vbmi,x86_64,linux,0
1,commit-5-correction-amd-9950x3d,run-2,3,base64-ng,decode,url-safe,unpadded,1,2,4194304,52727570,75.861641,auto,avx512-vbmi,avx512-vbmi,x86_64,linux,0
1,commit-5-correction-amd-9950x3d,run-2,4,base64-ng,decode,url-safe,unpadded,1,2,4194304,52821787,75.726329,auto,avx512-vbmi,avx512-vbmi,x86_64,linux,0
1,commit-5-correction-amd-9950x3d,run-2,0,base64-ng,encode,url-safe,unpadded,1,2,4194304,26657092,150.053877,scalar,avx512-vbmi,avx512-vbmi,x86_64,linux,0
1,commit-5-correction-amd-9950x3d,run-2,1,base64-ng,encode,url-safe,unpadded,1,2,4194304,26567303,150.561011,scalar,avx512-vbmi,avx512-vbmi,x86_64,linux,0
1,commit-5-correction-amd-9950x3d,run-2,2,base64-ng,encode,url-safe,unpadded,1,2,4194304,26438110,151.296745,scalar,avx512-vbmi,avx512-vbmi,x86_64,linux,0
1,commit-5-correction-amd-9950x3d,run-2,3,base64-ng,encode,url-safe,unpadded,1,2,4194304,26395991,151.538164,scalar,avx512-vbmi,avx512-vbmi,x86_64,linux,0
1,commit-5-correction-amd-9950x3d,run-2,4,base64-ng,encode,url-safe,unpadded,1,2,4194304,26698860,149.819131,scalar,avx512-vbmi,avx512-vbmi,x86_64,linux,0
1,commit-5-correction-amd-9950x3d,run-2,0,base64-ng,decode,url-safe,unpadded,1,2,4194304,34325427,116.531689,scalar,avx512-vbmi,avx512-vbmi,x86_64,linux,0
1,commit-5-correction-amd-9950x3d,run-2,1,base64-ng,decode,url-safe,unpadded,1,2,4194304,34317824,116.557507,scalar,avx512-vbmi,avx512-vbmi,x86_64,linux,0
1,commit-5-correction-amd-9950x3d,run-2,2,base64-ng,decode,url-safe,unpadded,1,2,4194304,37415585,106.907322,scalar,avx512-vbmi,avx512-vbmi,x86_64,linux,0
1,commit-5-correction-amd-9950x3d,run-2,3,base64-ng,decode,url-safe,unpadded,1,2,4194304,36176923,110.567723,scalar,avx512-vbmi,avx512-vbmi,x86_64,linux,0
1,commit-5-correction-amd-9950x3d,run-2,4,base64-ng,decode,url-safe,unpadded,1,2,4194304,34210912,116.921759,scalar,avx512-vbmi,avx512-vbmi,x86_64,linux,0
1,commit-5-correction-amd-9950x3d,run-2,0,base64-ng,encode,url-safe,unpadded,1,2,4194304,33212162,120.437808,ssse3-sse4.1,avx512-vbmi,avx512-vbmi,x86_64,linux,0
1,commit-5-correction-amd-9950x3d,run-2,1,base64-ng,encode,url-safe,unpadded,1,2,4194304,33525732,119.311340,ssse3-sse4.1,avx512-vbmi,avx512-vbmi,x86_64,linux,0
1,commit-5-correction-amd-9950x3d,run-2,2,base64-ng,encode,url-safe,unpadded,1,2,4194304,33261265,120.260008,ssse3-sse4.1,avx512-vbmi,avx512-vbmi,x86_64,linux,0
1,commit-5-correction-amd-9950x3d,run-2,3,base64-ng,encode,url-safe,unpadded,1,2,4194304,33422979,119.678141,ssse3-sse4.1,avx512-vbmi,avx512-vbmi,x86_64,linux,0
1,commit-5-correction-amd-9950x3d,run-2,4,base64-ng,encode,url-safe,unpadded,1,2,4194304,33318693,120.052728,ssse3-sse4.1,avx512-vbmi,avx512-vbmi,x86_64,linux,0
1,commit-5-correction-amd-9950x3d,run-2,0,base64-ng,decode,url-safe,unpadded,1,2,4194304,41827881,95.629994,ssse3-sse4.1,avx512-vbmi,avx512-vbmi,x86_64,linux,0
1,commit-5-correction-amd-9950x3d,run-2,1,base64-ng,decode,url-safe,unpadded,1,2,4194304,41963356,95.321261,ssse3-sse4.1,avx512-vbmi,avx512-vbmi,x86_64,linux,0
1,commit-5-correction-amd-9950x3d,run-2,2,base64-ng,decode,url-safe,unpadded,1,2,4194304,41829013,95.627406,ssse3-sse4.1,avx512-vbmi,avx512-vbmi,x86_64,linux,0
1,commit-5-correction-amd-9950x3d,run-2,3,base64-ng,decode,url-safe,unpadded,1,2,4194304,41623957,96.098504,ssse3-sse4.1,avx512-vbmi,avx512-vbmi,x86_64,linux,0
1,commit-5-correction-amd-9950x3d,run-2,4,base64-ng,decode,url-safe,unpadded,1,2,4194304,41654785,96.027383,ssse3-sse4.1,avx512-vbmi,avx512-vbmi,x86_64,linux,0
1,commit-5-correction-amd-9950x3d,run-2,0,base64-ng,encode,url-safe,unpadded,1,2,4194304,33575566,119.134254,avx2,avx512-vbmi,avx512-vbmi,x86_64,linux,0
1,commit-5-correction-amd-9950x3d,run-2,1,base64-ng,encode,url-safe,unpadded,1,2,4194304,33439330,119.619622,avx2,avx512-vbmi,avx512-vbmi,x86_64,linux,0
1,commit-5-correction-amd-9950x3d,run-2,2,base64-ng,encode,url-safe,unpadded,1,2,4194304,33281022,120.188617,avx2,avx512-vbmi,avx512-vbmi,x86_64,linux,0
1,commit-5-correction-amd-9950x3d,run-2,3,base64-ng,encode,url-safe,unpadded,1,2,4194304,33534088,119.281610,avx2,avx512-vbmi,avx512-vbmi,x86_64,linux,0
1,commit-5-correction-amd-9950x3d,run-2,4,base64-ng,encode,url-safe,unpadded,1,2,4194304,33573282,119.142358,avx2,avx512-vbmi,avx512-vbmi,x86_64,linux,0
1,commit-5-correction-amd-9950x3d,run-2,0,base64-ng,decode,url-safe,unpadded,1,2,4194304,45082007,88.727194,avx2,avx512-vbmi,avx512-vbmi,x86_64,linux,0
1,commit-5-correction-amd-9950x3d,run-2,1,base64-ng,decode,url-safe,unpadded,1,2,4194304,45433879,88.040028,avx2,avx512-vbmi,avx512-vbmi,x86_64,linux,0
1,commit-5-correction-amd-9950x3d,run-2,2,base64-ng,decode,url-safe,unpadded,1,2,4194304,45388615,88.127827,avx2,avx512-vbmi,avx512-vbmi,x86_64,linux,0
1,commit-5-correction-amd-9950x3d,run-2,3,base64-ng,decode,url-safe,unpadded,1,2,4194304,45451523,88.005852,avx2,avx512-vbmi,avx512-vbmi,x86_64,linux,0
1,commit-5-correction-amd-9950x3d,run-2,4,base64-ng,decode,url-safe,unpadded,1,2,4194304,45122734,88.647111,avx2,avx512-vbmi,avx512-vbmi,x86_64,linux,0
1,commit-5-correction-amd-9950x3d,run-2,0,base64-ng,encode,url-safe,unpadded,1,2,4194304,34900110,114.612819,avx512-vbmi,avx512-vbmi,avx512-vbmi,x86_64,linux,0
1,commit-5-correction-amd-9950x3d,run-2,1,base64-ng,encode,url-safe,unpadded,1,2,4194304,34950104,114.448873,avx512-vbmi,avx512-vbmi,avx512-vbmi,x86_64,linux,0
1,commit-5-correction-amd-9950x3d,run-2,2,base64-ng,encode,url-safe,unpadded,1,2,4194304,38825129,103.026058,avx512-vbmi,avx512-vbmi,avx512-vbmi,x86_64,linux,0
1,commit-5-correction-amd-9950x3d,run-2,3,base64-ng,encode,url-safe,unpadded,1,2,4194304,35644030,112.220756,avx512-vbmi,avx512-vbmi,avx512-vbmi,x86_64,linux,0
1,commit-5-correction-amd-9950x3d,run-2,4,base64-ng,encode,url-safe,unpadded,1,2,4194304,34740940,115.137932,avx512-vbmi,avx512-vbmi,avx512-vbmi,x86_64,linux,0
1,commit-5-correction-amd-9950x3d,run-2,0,base64-ng,decode,url-safe,unpadded,1,2,4194304,50799761,78.740528,avx512-vbmi,avx512-vbmi,avx512-vbmi,x86_64,linux,0
1,commit-5-correction-amd-9950x3d,run-2,1,base64-ng,decode,url-safe,unpadded,1,2,4194304,50733055,78.844059,avx512-vbmi,avx512-vbmi,avx512-vbmi,x86_64,linux,0
1,commit-5-correction-amd-9950x3d,run-2,2,base64-ng,decode,url-safe,unpadded,1,2,4194304,50697228,78.899777,avx512-vbmi,avx512-vbmi,avx512-vbmi,x86_64,linux,0
1,commit-5-correction-amd-9950x3d,run-2,3,base64-ng,decode,url-safe,unpadded,1,2,4194304,50796595,78.745436,avx512-vbmi,avx512-vbmi,avx512-vbmi,x86_64,linux,0
1,commit-5-correction-amd-9950x3d,run-2,4,base64-ng,decode,url-safe,unpadded,1,2,4194304,50881515,78.614011,avx512-vbmi,avx512-vbmi,avx512-vbmi,x86_64,linux,0
1,commit-5-correction-amd-9950x3d,run-2,0,base64-0.23.0,encode,url-safe,unpadded,1,2,4194304,27175387,147.192016,external,avx512-vbmi,avx512-vbmi,x86_64,linux,0
1,commit-5-correction-amd-9950x3d,run-2,1,base64-0.23.0,encode,url-safe,unpadded,1,2,4194304,27496463,145.473256,external,avx512-vbmi,avx512-vbmi,x86_64,linux,0
1,commit-5-correction-amd-9950x3d,run-2,2,base64-0.23.0,encode,url-safe,unpadded,1,2,4194304,27290715,146.569996,external,avx512-vbmi,avx512-vbmi,x86_64,linux,0
1,commit-5-correction-amd-9950x3d,run-2,3,base64-0.23.0,encode,url-safe,unpadded,1,2,4194304,27321473,146.404991,external,avx512-vbmi,avx512-vbmi,x86_64,linux,0
1,commit-5-correction-amd-9950x3d,run-2,4,base64-0.23.0,encode,url-safe,unpadded,1,2,4194304,27480773,145.556313,external,avx512-vbmi,avx512-vbmi,x86_64,linux,0
1,commit-5-correction-amd-9950x3d,run-2,0,base64-0.23.0,decode,url-safe,unpadded,1,2,4194304,51335670,77.918531,external,avx512-vbmi,avx512-vbmi,x86_64,linux,0
1,commit-5-correction-amd-9950x3d,run-2,1,base64-0.23.0,decode,url-safe,unpadded,1,2,4194304,51289513,77.988652,external,avx512-vbmi,avx512-vbmi,x86_64,linux,0
1,commit-5-correction-amd-9950x3d,run-2,2,base64-0.23.0,decode,url-safe,unpadded,1,2,4194304,51436289,77.766108,external,avx512-vbmi,avx512-vbmi,x86_64,linux,0
1,commit-5-correction-amd-9950x3d,run-2,3,base64-0.23.0,decode,url-safe,unpadded,1,2,4194304,51308849,77.959262,external,avx512-vbmi,avx512-vbmi,x86_64,linux,0
1,commit-5-correction-amd-9950x3d,run-2,4,base64-0.23.0,decode,url-safe,unpadded,1,2,4194304,51258083,78.036473,external,avx512-vbmi,avx512-vbmi,x86_64,linux,0
1,commit-5-correction-amd-9950x3d,run-2,0,base64ct-1.8.3,encode,url-safe,unpadded,1,2,4194304,25068652,159.561830,external,avx512-vbmi,avx512-vbmi,x86_64,linux,0
1,commit-5-correction-amd-9950x3d,run-2,1,base64ct-1.8.3,encode,url-safe,unpadded,1,2,4194304,25176024,158.881323,external,avx512-vbmi,avx512-vbmi,x86_64,linux,0
1,commit-5-correction-amd-9950x3d,run-2,2,base64ct-1.8.3,encode,url-safe,unpadded,1,2,4194304,25066127,159.577904,external,avx512-vbmi,avx512-vbmi,x86_64,linux,0
1,commit-5-correction-amd-9950x3d,run-2,3,base64ct-1.8.3,encode,url-safe,unpadded,1,2,4194304,25051790,159.669229,external,avx512-vbmi,avx512-vbmi,x86_64,linux,0
1,commit-5-correction-amd-9950x3d,run-2,4,base64ct-1.8.3,encode,url-safe,unpadded,1,2,4194304,25606213,156.212088,external,avx512-vbmi,avx512-vbmi,x86_64,linux,0
1,commit-5-correction-amd-9950x3d,run-2,0,base64ct-1.8.3,decode,url-safe,unpadded,1,2,4194304,102668844,38.960213,external,avx512-vbmi,avx512-vbmi,x86_64,linux,0
1,commit-5-correction-amd-9950x3d,run-2,1,base64ct-1.8.3,decode,url-safe,unpadded,1,2,4194304,100842968,39.665631,external,avx512-vbmi,avx512-vbmi,x86_64,linux,0
1,commit-5-correction-amd-9950x3d,run-2,2,base64ct-1.8.3,decode,url-safe,unpadded,1,2,4194304,100295717,39.882062,external,avx512-vbmi,avx512-vbmi,x86_64,linux,0
1,commit-5-correction-amd-9950x3d,run-2,3,base64ct-1.8.3,decode,url-safe,unpadded,1,2,4194304,99769357,40.092470,external,avx512-vbmi,avx512-vbmi,x86_64,linux,0
1,commit-5-correction-amd-9950x3d,run-2,4,base64ct-1.8.3,decode,url-safe,unpadded,1,2,4194304,101013509,39.598664,external,avx512-vbmi,avx512-vbmi,x86_64,linux,0
1,commit-5-correction-amd-9950x3d,run-2,0,base64-ng,encode,url-safe,unpadded,2,3,2097152,21116342,189.426748,auto,avx512-vbmi,avx512-vbmi,x86_64,linux,0
1,commit-5-correction-amd-9950x3d,run-2,1,base64-ng,encode,url-safe,unpadded,2,3,2097152,21384857,187.048246,auto,avx512-vbmi,avx512-vbmi,x86_64,linux,0
1,commit-5-correction-amd-9950x3d,run-2,2,base64-ng,encode,url-safe,unpadded,2,3,2097152,21197074,188.705290,auto,avx512-vbmi,avx512-vbmi,x86_64,linux,0
1,commit-5-correction-amd-9950x3d,run-2,3,base64-ng,encode,url-safe,unpadded,2,3,2097152,21195491,188.719384,auto,avx512-vbmi,avx512-vbmi,x86_64,linux,0
1,commit-5-correction-amd-9950x3d,run-2,4,base64-ng,encode,url-safe,unpadded,2,3,2097152,21186053,188.803455,auto,avx512-vbmi,avx512-vbmi,x86_64,linux,0
1,commit-5-correction-amd-9950x3d,run-2,0,base64-ng,decode,url-safe,unpadded,2,3,2097152,31067915,128.750191,auto,avx512-vbmi,avx512-vbmi,x86_64,linux,0
1,commit-5-correction-amd-9950x3d,run-2,1,base64-ng,decode,url-safe,unpadded,2,3,2097152,32577467,122.784255,auto,avx512-vbmi,avx512-vbmi,x86_64,linux,0
1,commit-5-correction-amd-9950x3d,run-2,2,base64-ng,decode,url-safe,unpadded,2,3,2097152,30877537,129.544011,auto,avx512-vbmi,avx512-vbmi,x86_64,linux,0
1,commit-5-correction-amd-9950x3d,run-2,3,base64-ng,decode,url-safe,unpadded,2,3,2097152,30990049,129.073691,auto,avx512-vbmi,avx512-vbmi,x86_64,linux,0
1,commit-5-correction-amd-9950x3d,run-2,4,base64-ng,decode,url-safe,unpadded,2,3,2097152,31030605,128.904996,auto,avx512-vbmi,avx512-vbmi,x86_64,linux,0
1,commit-5-correction-amd-9950x3d,run-2,0,base64-ng,encode,url-safe,unpadded,2,3,2097152,18011186,222.084209,scalar,avx512-vbmi,avx512-vbmi,x86_64,linux,0
1,commit-5-correction-amd-9950x3d,run-2,1,base64-ng,encode,url-safe,unpadded,2,3,2097152,18031876,221.829387,scalar,avx512-vbmi,avx512-vbmi,x86_64,linux,0
1,commit-5-correction-amd-9950x3d,run-2,2,base64-ng,encode,url-safe,unpadded,2,3,2097152,17986049,222.394590,scalar,avx512-vbmi,avx512-vbmi,x86_64,linux,0
1,commit-5-correction-amd-9950x3d,run-2,3,base64-ng,encode,url-safe,unpadded,2,3,2097152,17978535,222.487539,scalar,avx512-vbmi,avx512-vbmi,x86_64,linux,0
1,commit-5-correction-amd-9950x3d,run-2,4,base64-ng,encode,url-safe,unpadded,2,3,2097152,17980848,222.458919,scalar,avx512-vbmi,avx512-vbmi,x86_64,linux,0
1,commit-5-correction-amd-9950x3d,run-2,0,base64-ng,decode,url-safe,unpadded,2,3,2097152,22086308,181.107680,scalar,avx512-vbmi,avx512-vbmi,x86_64,linux,0
1,commit-5-correction-amd-9950x3d,run-2,1,base64-ng,decode,url-safe,unpadded,2,3,2097152,22150639,180.581698,scalar,avx512-vbmi,avx512-vbmi,x86_64,linux,0
1,commit-5-correction-amd-9950x3d,run-2,2,base64-ng,decode,url-safe,unpadded,2,3,2097152,21851195,183.056350,scalar,avx512-vbmi,avx512-vbmi,x86_64,linux,0
1,commit-5-correction-amd-9950x3d,run-2,3,base64-ng,decode,url-safe,unpadded,2,3,2097152,21741468,183.980217,scalar,avx512-vbmi,avx512-vbmi,x86_64,linux,0
1,commit-5-correction-amd-9950x3d,run-2,4,base64-ng,decode,url-safe,unpadded,2,3,2097152,21764482,183.785674,scalar,avx512-vbmi,avx512-vbmi,x86_64,linux,0
1,commit-5-correction-amd-9950x3d,run-2,0,base64-ng,encode,url-safe,unpadded,2,3,2097152,21944321,182.279506,ssse3-sse4.1,avx512-vbmi,avx512-vbmi,x86_64,linux,0
1,commit-5-correction-amd-9950x3d,run-2,1,base64-ng,encode,url-safe,unpadded,2,3,2097152,22021215,181.643020,ssse3-sse4.1,avx512-vbmi,avx512-vbmi,x86_64,linux,0
1,commit-5-correction-amd-9950x3d,run-2,2,base64-ng,encode,url-safe,unpadded,2,3,2097152,21900778,182.641913,ssse3-sse4.1,avx512-vbmi,avx512-vbmi,x86_64,linux,0
1,commit-5-correction-amd-9950x3d,run-2,3,base64-ng,encode,url-safe,unpadded,2,3,2097152,21903364,182.620350,ssse3-sse4.1,avx512-vbmi,avx512-vbmi,x86_64,linux,0
1,commit-5-correction-amd-9950x3d,run-2,4,base64-ng,encode,url-safe,unpadded,2,3,2097152,22063244,181.297002,ssse3-sse4.1,avx512-vbmi,avx512-vbmi,x86_64,linux,0
1,commit-5-correction-amd-9950x3d,run-2,0,base64-ng,decode,url-safe,unpadded,2,3,2097152,25732051,155.448161,ssse3-sse4.1,avx512-vbmi,avx512-vbmi,x86_64,linux,0
1,commit-5-correction-amd-9950x3d,run-2,1,base64-ng,decode,url-safe,unpadded,2,3,2097152,25584883,156.342321,ssse3-sse4.1,avx512-vbmi,avx512-vbmi,x86_64,linux,0
1,commit-5-correction-amd-9950x3d,run-2,2,base64-ng,decode,url-safe,unpadded,2,3,2097152,25564385,156.467680,ssse3-sse4.1,avx512-vbmi,avx512-vbmi,x86_64,linux,0
1,commit-5-correction-amd-9950x3d,run-2,3,base64-ng,decode,url-safe,unpadded,2,3,2097152,25553244,156.535898,ssse3-sse4.1,avx512-vbmi,avx512-vbmi,x86_64,linux,0
1,commit-5-correction-amd-9950x3d,run-2,4,base64-ng,decode,url-safe,unpadded,2,3,2097152,25675915,155.788022,ssse3-sse4.1,avx512-vbmi,avx512-vbmi,x86_64,linux,0
1,commit-5-correction-amd-9950x3d,run-2,0,base64-ng,encode,url-safe,unpadded,2,3,2097152,21825998,183.267679,avx2,avx512-vbmi,avx512-vbmi,x86_64,linux,0
1,commit-5-correction-amd-9950x3d,run-2,1,base64-ng,encode,url-safe,unpadded,2,3,2097152,21878877,182.824740,avx2,avx512-vbmi,avx512-vbmi,x86_64,linux,0
1,commit-5-correction-amd-9950x3d,run-2,2,base64-ng,encode,url-safe,unpadded,2,3,2097152,21807804,183.420577,avx2,avx512-vbmi,avx512-vbmi,x86_64,linux,0
1,commit-5-correction-amd-9950x3d,run-2,3,base64-ng,encode,url-safe,unpadded,2,3,2097152,21880700,182.809508,avx2,avx512-vbmi,avx512-vbmi,x86_64,linux,0
1,commit-5-correction-amd-9950x3d,run-2,4,base64-ng,encode,url-safe,unpadded,2,3,2097152,21866293,182.929955,avx2,avx512-vbmi,avx512-vbmi,x86_64,linux,0
1,commit-5-correction-amd-9950x3d,run-2,0,base64-ng,decode,url-safe,unpadded,2,3,2097152,27303308,146.502395,avx2,avx512-vbmi,avx512-vbmi,x86_64,linux,0
1,commit-5-correction-amd-9950x3d,run-2,1,base64-ng,decode,url-safe,unpadded,2,3,2097152,27013754,148.072719,avx2,avx512-vbmi,avx512-vbmi,x86_64,linux,0
1,commit-5-correction-amd-9950x3d,run-2,2,base64-ng,decode,url-safe,unpadded,2,3,2097152,26977626,148.271015,avx2,avx512-vbmi,avx512-vbmi,x86_64,linux,0
1,commit-5-correction-amd-9950x3d,run-2,3,base64-ng,decode,url-safe,unpadded,2,3,2097152,26954272,148.399482,avx2,avx512-vbmi,avx512-vbmi,x86_64,linux,0
1,commit-5-correction-amd-9950x3d,run-2,4,base64-ng,decode,url-safe,unpadded,2,3,2097152,27002032,148.136999,avx2,avx512-vbmi,avx512-vbmi,x86_64,linux,0
1,commit-5-correction-amd-9950x3d,run-2,0,base64-ng,encode,url-safe,unpadded,2,3,2097152,22560370,177.302057,avx512-vbmi,avx512-vbmi,avx512-vbmi,x86_64,linux,0
1,commit-5-correction-amd-9950x3d,run-2,1,base64-ng,encode,url-safe,unpadded,2,3,2097152,22645510,176.635457,avx512-vbmi,avx512-vbmi,avx512-vbmi,x86_64,linux,0
1,commit-5-correction-amd-9950x3d,run-2,2,base64-ng,encode,url-safe,unpadded,2,3,2097152,22608411,176.925304,avx512-vbmi,avx512-vbmi,avx512-vbmi,x86_64,linux,0
1,commit-5-correction-amd-9950x3d,run-2,3,base64-ng,encode,url-safe,unpadded,2,3,2097152,22721583,176.044072,avx512-vbmi,avx512-vbmi,avx512-vbmi,x86_64,linux,0
1,commit-5-correction-amd-9950x3d,run-2,4,base64-ng,encode,url-safe,unpadded,2,3,2097152,22708720,176.143790,avx512-vbmi,avx512-vbmi,avx512-vbmi,x86_64,linux,0
1,commit-5-correction-amd-9950x3d,run-2,0,base64-ng,decode,url-safe,unpadded,2,3,2097152,30126203,132.774781,avx512-vbmi,avx512-vbmi,avx512-vbmi,x86_64,linux,0
1,commit-5-correction-amd-9950x3d,run-2,1,base64-ng,decode,url-safe,unpadded,2,3,2097152,30419224,131.495794,avx512-vbmi,avx512-vbmi,avx512-vbmi,x86_64,linux,0
1,commit-5-correction-amd-9950x3d,run-2,2,base64-ng,decode,url-safe,unpadded,2,3,2097152,30505417,131.124252,avx512-vbmi,avx512-vbmi,avx512-vbmi,x86_64,linux,0
1,commit-5-correction-amd-9950x3d,run-2,3,base64-ng,decode,url-safe,unpadded,2,3,2097152,30203759,132.433847,avx512-vbmi,avx512-vbmi,avx512-vbmi,x86_64,linux,0
1,commit-5-correction-amd-9950x3d,run-2,4,base64-ng,decode,url-safe,unpadded,2,3,2097152,30213578,132.390808,avx512-vbmi,avx512-vbmi,avx512-vbmi,x86_64,linux,0
1,commit-5-correction-amd-9950x3d,run-2,0,base64-0.23.0,encode,url-safe,unpadded,2,3,2097152,14335837,279.021030,external,avx512-vbmi,avx512-vbmi,x86_64,linux,0
1,commit-5-correction-amd-9950x3d,run-2,1,base64-0.23.0,encode,url-safe,unpadded,2,3,2097152,14733927,271.482274,external,avx512-vbmi,avx512-vbmi,x86_64,linux,0
1,commit-5-correction-amd-9950x3d,run-2,2,base64-0.23.0,encode,url-safe,unpadded,2,3,2097152,14754926,271.095904,external,avx512-vbmi,avx512-vbmi,x86_64,linux,0
1,commit-5-correction-amd-9950x3d,run-2,3,base64-0.23.0,encode,url-safe,unpadded,2,3,2097152,14724188,271.661840,external,avx512-vbmi,avx512-vbmi,x86_64,linux,0
1,commit-5-correction-amd-9950x3d,run-2,4,base64-0.23.0,encode,url-safe,unpadded,2,3,2097152,14268160,280.344487,external,avx512-vbmi,avx512-vbmi,x86_64,linux,0
1,commit-5-correction-amd-9950x3d,run-2,0,base64-0.23.0,decode,url-safe,unpadded,2,3,2097152,26223827,152.533038,external,avx512-vbmi,avx512-vbmi,x86_64,linux,0
1,commit-5-correction-amd-9950x3d,run-2,1,base64-0.23.0,decode,url-safe,unpadded,2,3,2097152,26143906,152.999326,external,avx512-vbmi,avx512-vbmi,x86_64,linux,0
1,commit-5-correction-amd-9950x3d,run-2,2,base64-0.23.0,decode,url-safe,unpadded,2,3,2097152,26179663,152.790355,external,avx512-vbmi,avx512-vbmi,x86_64,linux,0
1,commit-5-correction-amd-9950x3d,run-2,3,base64-0.23.0,decode,url-safe,unpadded,2,3,2097152,26166138,152.869331,external,avx512-vbmi,avx512-vbmi,x86_64,linux,0
1,commit-5-correction-amd-9950x3d,run-2,4,base64-0.23.0,decode,url-safe,unpadded,2,3,2097152,26151290,152.956126,external,avx512-vbmi,avx512-vbmi,x86_64,linux,0
1,commit-5-correction-amd-9950x3d,run-2,0,base64ct-1.8.3,encode,url-safe,unpadded,2,3,2097152,12950008,308.880118,external,avx512-vbmi,avx512-vbmi,x86_64,linux,0
1,commit-5-correction-amd-9950x3d,run-2,1,base64ct-1.8.3,encode,url-safe,unpadded,2,3,2097152,12945510,308.987440,external,avx512-vbmi,avx512-vbmi,x86_64,linux,0
1,commit-5-correction-amd-9950x3d,run-2,2,base64ct-1.8.3,encode,url-safe,unpadded,2,3,2097152,12960488,308.630354,external,avx512-vbmi,avx512-vbmi,x86_64,linux,0
1,commit-5-correction-amd-9950x3d,run-2,3,base64ct-1.8.3,encode,url-safe,unpadded,2,3,2097152,12961129,308.615091,external,avx512-vbmi,avx512-vbmi,x86_64,linux,0
1,commit-5-correction-amd-9950x3d,run-2,4,base64ct-1.8.3,encode,url-safe,unpadded,2,3,2097152,12957593,308.699309,external,avx512-vbmi,avx512-vbmi,x86_64,linux,0
1,commit-5-correction-amd-9950x3d,run-2,0,base64ct-1.8.3,decode,url-safe,unpadded,2,3,2097152,58352258,68.549190,external,avx512-vbmi,avx512-vbmi,x86_64,linux,0
1,commit-5-correction-amd-9950x3d,run-2,1,base64ct-1.8.3,decode,url-safe,unpadded,2,3,2097152,57482000,69.587001,external,avx512-vbmi,avx512-vbmi,x86_64,linux,0
1,commit-5-correction-amd-9950x3d,run-2,2,base64ct-1.8.3,decode,url-safe,unpadded,2,3,2097152,57823823,69.175641,external,avx512-vbmi,avx512-vbmi,x86_64,linux,0
1,commit-5-correction-amd-9950x3d,run-2,3,base64ct-1.8.3,decode,url-safe,unpadded,2,3,2097152,57728234,69.290185,external,avx512-vbmi,avx512-vbmi,x86_64,linux,0
1,commit-5-correction-amd-9950x3d,run-2,4,base64ct-1.8.3,decode,url-safe,unpadded,2,3,2097152,57528628,69.530600,external,avx512-vbmi,avx512-vbmi,x86_64,linux,0
1,commit-5-correction-amd-9950x3d,run-2,0,base64-ng,encode,url-safe,unpadded,3,4,1398101,18327311,218.253460,auto,avx512-vbmi,avx512-vbmi,x86_64,linux,0
1,commit-5-correction-amd-9950x3d,run-2,1,base64-ng,encode,url-safe,unpadded,3,4,1398101,18244244,219.247180,auto,avx512-vbmi,avx512-vbmi,x86_64,linux,0
1,commit-5-correction-amd-9950x3d,run-2,2,base64-ng,encode,url-safe,unpadded,3,4,1398101,18242873,219.263657,auto,avx512-vbmi,avx512-vbmi,x86_64,linux,0
1,commit-5-correction-amd-9950x3d,run-2,3,base64-ng,encode,url-safe,unpadded,3,4,1398101,18220700,219.530482,auto,avx512-vbmi,avx512-vbmi,x86_64,linux,0
1,commit-5-correction-amd-9950x3d,run-2,4,base64-ng,encode,url-safe,unpadded,3,4,1398101,18242621,219.266686,auto,avx512-vbmi,avx512-vbmi,x86_64,linux,0
1,commit-5-correction-amd-9950x3d,run-2,0,base64-ng,decode,url-safe,unpadded,3,4,1398101,26268891,152.271333,auto,avx512-vbmi,avx512-vbmi,x86_64,linux,0
1,commit-5-correction-amd-9950x3d,run-2,1,base64-ng,decode,url-safe,unpadded,3,4,1398101,25958838,154.090065,auto,avx512-vbmi,avx512-vbmi,x86_64,linux,0
1,commit-5-correction-amd-9950x3d,run-2,2,base64-ng,decode,url-safe,unpadded,3,4,1398101,25902050,154.427895,auto,avx512-vbmi,avx512-vbmi,x86_64,linux,0
1,commit-5-correction-amd-9950x3d,run-2,3,base64-ng,decode,url-safe,unpadded,3,4,1398101,25888005,154.511676,auto,avx512-vbmi,avx512-vbmi,x86_64,linux,0
1,commit-5-correction-amd-9950x3d,run-2,4,base64-ng,decode,url-safe,unpadded,3,4,1398101,25863818,154.656170,auto,avx512-vbmi,avx512-vbmi,x86_64,linux,0
1,commit-5-correction-amd-9950x3d,run-2,0,base64-ng,encode,url-safe,unpadded,3,4,1398101,18001127,222.208257,scalar,avx512-vbmi,avx512-vbmi,x86_64,linux,0
1,commit-5-correction-amd-9950x3d,run-2,1,base64-ng,encode,url-safe,unpadded,3,4,1398101,17989646,222.350070,scalar,avx512-vbmi,avx512-vbmi,x86_64,linux,0
1,commit-5-correction-amd-9950x3d,run-2,2,base64-ng,encode,url-safe,unpadded,3,4,1398101,18117035,220.786627,scalar,avx512-vbmi,avx512-vbmi,x86_64,linux,0
1,commit-5-correction-amd-9950x3d,run-2,3,base64-ng,encode,url-safe,unpadded,3,4,1398101,18004484,222.166825,scalar,avx512-vbmi,avx512-vbmi,x86_64,linux,0
1,commit-5-correction-amd-9950x3d,run-2,4,base64-ng,encode,url-safe,unpadded,3,4,1398101,18003702,222.176475,scalar,avx512-vbmi,avx512-vbmi,x86_64,linux,0
1,commit-5-correction-amd-9950x3d,run-2,0,base64-ng,decode,url-safe,unpadded,3,4,1398101,19674678,203.306964,scalar,avx512-vbmi,avx512-vbmi,x86_64,linux,0
1,commit-5-correction-amd-9950x3d,run-2,1,base64-ng,decode,url-safe,unpadded,3,4,1398101,19823598,201.779669,scalar,avx512-vbmi,avx512-vbmi,x86_64,linux,0
1,commit-5-correction-amd-9950x3d,run-2,2,base64-ng,decode,url-safe,unpadded,3,4,1398101,19693674,203.110859,scalar,avx512-vbmi,avx512-vbmi,x86_64,linux,0
1,commit-5-correction-amd-9950x3d,run-2,3,base64-ng,decode,url-safe,unpadded,3,4,1398101,19716807,202.872557,scalar,avx512-vbmi,avx512-vbmi,x86_64,linux,0
1,commit-5-correction-amd-9950x3d,run-2,4,base64-ng,decode,url-safe,unpadded,3,4,1398101,19753967,202.490925,scalar,avx512-vbmi,avx512-vbmi,x86_64,linux,0
1,commit-5-correction-amd-9950x3d,run-2,0,base64-ng,encode,url-safe,unpadded,3,4,1398101,20431913,195.772126,ssse3-sse4.1,avx512-vbmi,avx512-vbmi,x86_64,linux,0
1,commit-5-correction-amd-9950x3d,run-2,1,base64-ng,encode,url-safe,unpadded,3,4,1398101,24003516,166.642214,ssse3-sse4.1,avx512-vbmi,avx512-vbmi,x86_64,linux,0
1,commit-5-correction-amd-9950x3d,run-2,2,base64-ng,encode,url-safe,unpadded,3,4,1398101,23771920,168.265712,ssse3-sse4.1,avx512-vbmi,avx512-vbmi,x86_64,linux,0
1,commit-5-correction-amd-9950x3d,run-2,3,base64-ng,encode,url-safe,unpadded,3,4,1398101,20386027,196.212781,ssse3-sse4.1,avx512-vbmi,avx512-vbmi,x86_64,linux,0
1,commit-5-correction-amd-9950x3d,run-2,4,base64-ng,encode,url-safe,unpadded,3,4,1398101,20287311,197.167532,ssse3-sse4.1,avx512-vbmi,avx512-vbmi,x86_64,linux,0
1,commit-5-correction-amd-9950x3d,run-2,0,base64-ng,decode,url-safe,unpadded,3,4,1398101,22130551,180.745570,ssse3-sse4.1,avx512-vbmi,avx512-vbmi,x86_64,linux,0
1,commit-5-correction-amd-9950x3d,run-2,1,base64-ng,decode,url-safe,unpadded,3,4,1398101,22154927,180.546704,ssse3-sse4.1,avx512-vbmi,avx512-vbmi,x86_64,linux,0
1,commit-5-correction-amd-9950x3d,run-2,2,base64-ng,decode,url-safe,unpadded,3,4,1398101,22198820,180.189715,ssse3-sse4.1,avx512-vbmi,avx512-vbmi,x86_64,linux,0
1,commit-5-correction-amd-9950x3d,run-2,3,base64-ng,decode,url-safe,unpadded,3,4,1398101,22207897,180.116066,ssse3-sse4.1,avx512-vbmi,avx512-vbmi,x86_64,linux,0
1,commit-5-correction-amd-9950x3d,run-2,4,base64-ng,decode,url-safe,unpadded,3,4,1398101,22257360,179.715790,ssse3-sse4.1,avx512-vbmi,avx512-vbmi,x86_64,linux,0
1,commit-5-correction-amd-9950x3d,run-2,0,base64-ng,encode,url-safe,unpadded,3,4,1398101,20162877,198.384340,avx2,avx512-vbmi,avx512-vbmi,x86_64,linux,0
1,commit-5-correction-amd-9950x3d,run-2,1,base64-ng,encode,url-safe,unpadded,3,4,1398101,20241024,197.618413,avx2,avx512-vbmi,avx512-vbmi,x86_64,linux,0
1,commit-5-correction-amd-9950x3d,run-2,2,base64-ng,encode,url-safe,unpadded,3,4,1398101,20200598,198.013893,avx2,avx512-vbmi,avx512-vbmi,x86_64,linux,0
1,commit-5-correction-amd-9950x3d,run-2,3,base64-ng,encode,url-safe,unpadded,3,4,1398101,20200298,198.016834,avx2,avx512-vbmi,avx512-vbmi,x86_64,linux,0
1,commit-5-correction-amd-9950x3d,run-2,4,base64-ng,encode,url-safe,unpadded,3,4,1398101,20269617,197.339646,avx2,avx512-vbmi,avx512-vbmi,x86_64,linux,0
1,commit-5-correction-amd-9950x3d,run-2,0,base64-ng,decode,url-safe,unpadded,3,4,1398101,23282931,171.799635,avx2,avx512-vbmi,avx512-vbmi,x86_64,linux,0
1,commit-5-correction-amd-9950x3d,run-2,1,base64-ng,decode,url-safe,unpadded,3,4,1398101,23535636,169.955001,avx2,avx512-vbmi,avx512-vbmi,x86_64,linux,0
1,commit-5-correction-amd-9950x3d,run-2,2,base64-ng,decode,url-safe,unpadded,3,4,1398101,23576803,169.658246,avx2,avx512-vbmi,avx512-vbmi,x86_64,linux,0
1,commit-5-correction-amd-9950x3d,run-2,3,base64-ng,decode,url-safe,unpadded,3,4,1398101,23170348,172.634397,avx2,avx512-vbmi,avx512-vbmi,x86_64,linux,0
1,commit-5-correction-amd-9950x3d,run-2,4,base64-ng,decode,url-safe,unpadded,3,4,1398101,23080860,173.303726,avx2,avx512-vbmi,avx512-vbmi,x86_64,linux,0
1,commit-5-correction-amd-9950x3d,run-2,0,base64-ng,encode,url-safe,unpadded,3,4,1398101,21014580,190.343992,avx512-vbmi,avx512-vbmi,avx512-vbmi,x86_64,linux,0
1,commit-5-correction-amd-9950x3d,run-2,1,base64-ng,encode,url-safe,unpadded,3,4,1398101,20948986,190.939984,avx512-vbmi,avx512-vbmi,avx512-vbmi,x86_64,linux,0
1,commit-5-correction-amd-9950x3d,run-2,2,base64-ng,encode,url-safe,unpadded,3,4,1398101,20949829,190.932301,avx512-vbmi,avx512-vbmi,avx512-vbmi,x86_64,linux,0
1,commit-5-correction-amd-9950x3d,run-2,3,base64-ng,encode,url-safe,unpadded,3,4,1398101,20990484,190.562497,avx512-vbmi,avx512-vbmi,avx512-vbmi,x86_64,linux,0
1,commit-5-correction-amd-9950x3d,run-2,4,base64-ng,encode,url-safe,unpadded,3,4,1398101,20959056,190.848245,avx512-vbmi,avx512-vbmi,avx512-vbmi,x86_64,linux,0
1,commit-5-correction-amd-9950x3d,run-2,0,base64-ng,decode,url-safe,unpadded,3,4,1398101,25329724,157.917198,avx512-vbmi,avx512-vbmi,avx512-vbmi,x86_64,linux,0
1,commit-5-correction-amd-9950x3d,run-2,1,base64-ng,decode,url-safe,unpadded,3,4,1398101,25116432,159.258252,avx512-vbmi,avx512-vbmi,avx512-vbmi,x86_64,linux,0
1,commit-5-correction-amd-9950x3d,run-2,2,base64-ng,decode,url-safe,unpadded,3,4,1398101,25047382,159.697291,avx512-vbmi,avx512-vbmi,avx512-vbmi,x86_64,linux,0
1,commit-5-correction-amd-9950x3d,run-2,3,base64-ng,decode,url-safe,unpadded,3,4,1398101,25097556,159.378031,avx512-vbmi,avx512-vbmi,avx512-vbmi,x86_64,linux,0
1,commit-5-correction-amd-9950x3d,run-2,4,base64-ng,decode,url-safe,unpadded,3,4,1398101,25117864,159.249172,avx512-vbmi,avx512-vbmi,avx512-vbmi,x86_64,linux,0
1,commit-5-correction-amd-9950x3d,run-2,0,base64-0.23.0,encode,url-safe,unpadded,3,4,1398101,9604370,416.476984,external,avx512-vbmi,avx512-vbmi,x86_64,linux,0
1,commit-5-correction-amd-9950x3d,run-2,1,base64-0.23.0,encode,url-safe,unpadded,3,4,1398101,9873607,405.120342,external,avx512-vbmi,avx512-vbmi,x86_64,linux,0
1,commit-5-correction-amd-9950x3d,run-2,2,base64-0.23.0,encode,url-safe,unpadded,3,4,1398101,9599811,416.674771,external,avx512-vbmi,avx512-vbmi,x86_64,linux,0
1,commit-5-correction-amd-9950x3d,run-2,3,base64-0.23.0,encode,url-safe,unpadded,3,4,1398101,9642151,414.845095,external,avx512-vbmi,avx512-vbmi,x86_64,linux,0
1,commit-5-correction-amd-9950x3d,run-2,4,base64-0.23.0,encode,url-safe,unpadded,3,4,1398101,9595805,416.848722,external,avx512-vbmi,avx512-vbmi,x86_64,linux,0
1,commit-5-correction-amd-9950x3d,run-2,0,base64-0.23.0,decode,url-safe,unpadded,3,4,1398101,18141111,220.493610,external,avx512-vbmi,avx512-vbmi,x86_64,linux,0
1,commit-5-correction-amd-9950x3d,run-2,1,base64-0.23.0,decode,url-safe,unpadded,3,4,1398101,18101376,220.977623,external,avx512-vbmi,avx512-vbmi,x86_64,linux,0
1,commit-5-correction-amd-9950x3d,run-2,2,base64-0.23.0,decode,url-safe,unpadded,3,4,1398101,18129859,220.630455,external,avx512-vbmi,avx512-vbmi,x86_64,linux,0
1,commit-5-correction-amd-9950x3d,run-2,3,base64-0.23.0,decode,url-safe,unpadded,3,4,1398101,18095845,221.045165,external,avx512-vbmi,avx512-vbmi,x86_64,linux,0
1,commit-5-correction-amd-9950x3d,run-2,4,base64-0.23.0,decode,url-safe,unpadded,3,4,1398101,18089403,221.123884,external,avx512-vbmi,avx512-vbmi,x86_64,linux,0
1,commit-5-correction-amd-9950x3d,run-2,0,base64ct-1.8.3,encode,url-safe,unpadded,3,4,1398101,11187962,357.527050,external,avx512-vbmi,avx512-vbmi,x86_64,linux,0
1,commit-5-correction-amd-9950x3d,run-2,1,base64ct-1.8.3,encode,url-safe,unpadded,3,4,1398101,12912698,309.772524,external,avx512-vbmi,avx512-vbmi,x86_64,linux,0
1,commit-5-correction-amd-9950x3d,run-2,2,base64ct-1.8.3,encode,url-safe,unpadded,3,4,1398101,10129238,394.896343,external,avx512-vbmi,avx512-vbmi,x86_64,linux,0
1,commit-5-correction-amd-9950x3d,run-2,3,base64ct-1.8.3,encode,url-safe,unpadded,3,4,1398101,9990757,400.369967,external,avx512-vbmi,avx512-vbmi,x86_64,linux,0
1,commit-5-correction-amd-9950x3d,run-2,4,base64ct-1.8.3,encode,url-safe,unpadded,3,4,1398101,9913572,403.487163,external,avx512-vbmi,avx512-vbmi,x86_64,linux,0
1,commit-5-correction-amd-9950x3d,run-2,0,base64ct-1.8.3,decode,url-safe,unpadded,3,4,1398101,25204548,158.701479,external,avx512-vbmi,avx512-vbmi,x86_64,linux,0
1,commit-5-correction-amd-9950x3d,run-2,1,base64ct-1.8.3,decode,url-safe,unpadded,3,4,1398101,25209808,158.668366,external,avx512-vbmi,avx512-vbmi,x86_64,linux,0
1,commit-5-correction-amd-9950x3d,run-2,2,base64ct-1.8.3,decode,url-safe,unpadded,3,4,1398101,25191623,158.782904,external,avx512-vbmi,avx512-vbmi,x86_64,linux,0
1,commit-5-correction-amd-9950x3d,run-2,3,base64ct-1.8.3,decode,url-safe,unpadded,3,4,1398101,25214626,158.638048,external,avx512-vbmi,avx512-vbmi,x86_64,linux,0
1,commit-5-correction-amd-9950x3d,run-2,4,base64ct-1.8.3,decode,url-safe,unpadded,3,4,1398101,25097646,159.377459,external,avx512-vbmi,avx512-vbmi,x86_64,linux,0
1,commit-5-correction-amd-9950x3d,run-2,0,base64-ng,encode,url-safe,unpadded,11,15,381300,12893813,310.226012,auto,avx512-vbmi,avx512-vbmi,x86_64,linux,0
1,commit-5-correction-amd-9950x3d,run-2,1,base64-ng,encode,url-safe,unpadded,11,15,381300,12811388,312.221922,auto,avx512-vbmi,avx512-vbmi,x86_64,linux,0
1,commit-5-correction-amd-9950x3d,run-2,2,base64-ng,encode,url-safe,unpadded,11,15,381300,12842927,311.455183,auto,avx512-vbmi,avx512-vbmi,x86_64,linux,0
1,commit-5-correction-amd-9950x3d,run-2,3,base64-ng,encode,url-safe,unpadded,11,15,381300,12842837,311.457366,auto,avx512-vbmi,avx512-vbmi,x86_64,linux,0
1,commit-5-correction-amd-9950x3d,run-2,4,base64-ng,encode,url-safe,unpadded,11,15,381300,12833630,311.680809,auto,avx512-vbmi,avx512-vbmi,x86_64,linux,0
1,commit-5-correction-amd-9950x3d,run-2,0,base64-ng,decode,url-safe,unpadded,11,15,381300,17407089,229.791218,auto,avx512-vbmi,avx512-vbmi,x86_64,linux,0
1,commit-5-correction-amd-9950x3d,run-2,1,base64-ng,decode,url-safe,unpadded,11,15,381300,17535290,228.111208,auto,avx512-vbmi,avx512-vbmi,x86_64,linux,0
1,commit-5-correction-amd-9950x3d,run-2,2,base64-ng,decode,url-safe,unpadded,11,15,381300,17505454,228.499997,auto,avx512-vbmi,avx512-vbmi,x86_64,linux,0
1,commit-5-correction-amd-9950x3d,run-2,3,base64-ng,decode,url-safe,unpadded,11,15,381300,17358216,230.438208,auto,avx512-vbmi,avx512-vbmi,x86_64,linux,0
1,commit-5-correction-amd-9950x3d,run-2,4,base64-ng,decode,url-safe,unpadded,11,15,381300,17111192,233.764906,auto,avx512-vbmi,avx512-vbmi,x86_64,linux,0
1,commit-5-correction-amd-9950x3d,run-2,0,base64-ng,encode,url-safe,unpadded,11,15,381300,12855871,311.141593,scalar,avx512-vbmi,avx512-vbmi,x86_64,linux,0
1,commit-5-correction-amd-9950x3d,run-2,1,base64-ng,encode,url-safe,unpadded,11,15,381300,12848909,311.310181,scalar,avx512-vbmi,avx512-vbmi,x86_64,linux,0
1,commit-5-correction-amd-9950x3d,run-2,2,base64-ng,encode,url-safe,unpadded,11,15,381300,12829662,311.777207,scalar,avx512-vbmi,avx512-vbmi,x86_64,linux,0
1,commit-5-correction-amd-9950x3d,run-2,3,base64-ng,encode,url-safe,unpadded,11,15,381300,12810145,312.252218,scalar,avx512-vbmi,avx512-vbmi,x86_64,linux,0
1,commit-5-correction-amd-9950x3d,run-2,4,base64-ng,encode,url-safe,unpadded,11,15,381300,12698515,314.997162,scalar,avx512-vbmi,avx512-vbmi,x86_64,linux,0
1,commit-5-correction-amd-9950x3d,run-2,0,base64-ng,decode,url-safe,unpadded,11,15,381300,15210825,262.970364,scalar,avx512-vbmi,avx512-vbmi,x86_64,linux,0
1,commit-5-correction-amd-9950x3d,run-2,1,base64-ng,decode,url-safe,unpadded,11,15,381300,15257022,262.174111,scalar,avx512-vbmi,avx512-vbmi,x86_64,linux,0
1,commit-5-correction-amd-9950x3d,run-2,2,base64-ng,decode,url-safe,unpadded,11,15,381300,15259857,262.125404,scalar,avx512-vbmi,avx512-vbmi,x86_64,linux,0
1,commit-5-correction-amd-9950x3d,run-2,3,base64-ng,decode,url-safe,unpadded,11,15,381300,15496202,258.127520,scalar,avx512-vbmi,avx512-vbmi,x86_64,linux,0
1,commit-5-correction-amd-9950x3d,run-2,4,base64-ng,decode,url-safe,unpadded,11,15,381300,15261179,262.102698,scalar,avx512-vbmi,avx512-vbmi,x86_64,linux,0
1,commit-5-correction-amd-9950x3d,run-2,0,base64-ng,encode,url-safe,unpadded,11,15,381300,13379267,298.969756,ssse3-sse4.1,avx512-vbmi,avx512-vbmi,x86_64,linux,0
1,commit-5-correction-amd-9950x3d,run-2,1,base64-ng,encode,url-safe,unpadded,11,15,381300,13450230,297.392400,ssse3-sse4.1,avx512-vbmi,avx512-vbmi,x86_64,linux,0
1,commit-5-correction-amd-9950x3d,run-2,2,base64-ng,encode,url-safe,unpadded,11,15,381300,13526694,295.711294,ssse3-sse4.1,avx512-vbmi,avx512-vbmi,x86_64,linux,0
1,commit-5-correction-amd-9950x3d,run-2,3,base64-ng,encode,url-safe,unpadded,11,15,381300,13524029,295.769566,ssse3-sse4.1,avx512-vbmi,avx512-vbmi,x86_64,linux,0
1,commit-5-correction-amd-9950x3d,run-2,4,base64-ng,encode,url-safe,unpadded,11,15,381300,13478794,296.762172,ssse3-sse4.1,avx512-vbmi,avx512-vbmi,x86_64,linux,0
1,commit-5-correction-amd-9950x3d,run-2,0,base64-ng,decode,url-safe,unpadded,11,15,381300,16050445,249.214036,ssse3-sse4.1,avx512-vbmi,avx512-vbmi,x86_64,linux,0
1,commit-5-correction-amd-9950x3d,run-2,1,base64-ng,decode,url-safe,unpadded,11,15,381300,16004318,249.932311,ssse3-sse4.1,avx512-vbmi,avx512-vbmi,x86_64,linux,0
1,commit-5-correction-amd-9950x3d,run-2,2,base64-ng,decode,url-safe,unpadded,11,15,381300,16284856,245.626746,ssse3-sse4.1,avx512-vbmi,avx512-vbmi,x86_64,linux,0
1,commit-5-correction-amd-9950x3d,run-2,3,base64-ng,decode,url-safe,unpadded,11,15,381300,16435389,243.377031,ssse3-sse4.1,avx512-vbmi,avx512-vbmi,x86_64,linux,0
1,commit-5-correction-amd-9950x3d,run-2,4,base64-ng,decode,url-safe,unpadded,11,15,381300,16033042,249.484545,ssse3-sse4.1,avx512-vbmi,avx512-vbmi,x86_64,linux,0
1,commit-5-correction-amd-9950x3d,run-2,0,base64-ng,encode,url-safe,unpadded,11,15,381300,13426175,297.925223,avx2,avx512-vbmi,avx512-vbmi,x86_64,linux,0
1,commit-5-correction-amd-9950x3d,run-2,1,base64-ng,encode,url-safe,unpadded,11,15,381300,13401138,298.481829,avx2,avx512-vbmi,avx512-vbmi,x86_64,linux,0
1,commit-5-correction-amd-9950x3d,run-2,2,base64-ng,encode,url-safe,unpadded,11,15,381300,13374678,299.072335,avx2,avx512-vbmi,avx512-vbmi,x86_64,linux,0
1,commit-5-correction-amd-9950x3d,run-2,3,base64-ng,encode,url-safe,unpadded,11,15,381300,13267436,301.489767,avx2,avx512-vbmi,avx512-vbmi,x86_64,linux,0
1,commit-5-correction-amd-9950x3d,run-2,4,base64-ng,encode,url-safe,unpadded,11,15,381300,13299667,300.759123,avx2,avx512-vbmi,avx512-vbmi,x86_64,linux,0
1,commit-5-correction-amd-9950x3d,run-2,0,base64-ng,decode,url-safe,unpadded,11,15,381300,16262014,245.971759,avx2,avx512-vbmi,avx512-vbmi,x86_64,linux,0
1,commit-5-correction-amd-9950x3d,run-2,1,base64-ng,decode,url-safe,unpadded,11,15,381300,16260610,245.992997,avx2,avx512-vbmi,avx512-vbmi,x86_64,linux,0
1,commit-5-correction-amd-9950x3d,run-2,2,base64-ng,decode,url-safe,unpadded,11,15,381300,16288143,245.577178,avx2,avx512-vbmi,avx512-vbmi,x86_64,linux,0
1,commit-5-correction-amd-9950x3d,run-2,3,base64-ng,decode,url-safe,unpadded,11,15,381300,16305074,245.322173,avx2,avx512-vbmi,avx512-vbmi,x86_64,linux,0
1,commit-5-correction-amd-9950x3d,run-2,4,base64-ng,decode,url-safe,unpadded,11,15,381300,16302680,245.358198,avx2,avx512-vbmi,avx512-vbmi,x86_64,linux,0
1,commit-5-correction-amd-9950x3d,run-2,0,base64-ng,encode,url-safe,unpadded,11,15,381300,13557913,295.030377,avx512-vbmi,avx512-vbmi,avx512-vbmi,x86_64,linux,0
1,commit-5-correction-amd-9950x3d,run-2,1,base64-ng,encode,url-safe,unpadded,11,15,381300,13600624,294.103872,avx512-vbmi,avx512-vbmi,avx512-vbmi,x86_64,linux,0
1,commit-5-correction-amd-9950x3d,run-2,2,base64-ng,encode,url-safe,unpadded,11,15,381300,14026105,285.182250,avx512-vbmi,avx512-vbmi,avx512-vbmi,x86_64,linux,0
1,commit-5-correction-amd-9950x3d,run-2,3,base64-ng,encode,url-safe,unpadded,11,15,381300,14064597,284.401763,avx512-vbmi,avx512-vbmi,avx512-vbmi,x86_64,linux,0
1,commit-5-correction-amd-9950x3d,run-2,4,base64-ng,encode,url-safe,unpadded,11,15,381300,13579774,294.555431,avx512-vbmi,avx512-vbmi,avx512-vbmi,x86_64,linux,0
1,commit-5-correction-amd-9950x3d,run-2,0,base64-ng,decode,url-safe,unpadded,11,15,381300,16747256,238.844870,avx512-vbmi,avx512-vbmi,avx512-vbmi,x86_64,linux,0
1,commit-5-correction-amd-9950x3d,run-2,1,base64-ng,decode,url-safe,unpadded,11,15,381300,16779227,238.389777,avx512-vbmi,avx512-vbmi,avx512-vbmi,x86_64,linux,0
1,commit-5-correction-amd-9950x3d,run-2,2,base64-ng,decode,url-safe,unpadded,11,15,381300,16754049,238.748030,avx512-vbmi,avx512-vbmi,avx512-vbmi,x86_64,linux,0
1,commit-5-correction-amd-9950x3d,run-2,3,base64-ng,decode,url-safe,unpadded,11,15,381300,16773066,238.477341,avx512-vbmi,avx512-vbmi,avx512-vbmi,x86_64,linux,0
1,commit-5-correction-amd-9950x3d,run-2,4,base64-ng,decode,url-safe,unpadded,11,15,381300,16977561,235.604878,avx512-vbmi,avx512-vbmi,avx512-vbmi,x86_64,linux,0
1,commit-5-correction-amd-9950x3d,run-2,0,base64-0.23.0,encode,url-safe,unpadded,11,15,381300,4653370,859.591261,external,avx512-vbmi,avx512-vbmi,x86_64,linux,0
1,commit-5-correction-amd-9950x3d,run-2,1,base64-0.23.0,encode,url-safe,unpadded,11,15,381300,4764079,839.615839,external,avx512-vbmi,avx512-vbmi,x86_64,linux,0
1,commit-5-correction-amd-9950x3d,run-2,2,base64-0.23.0,encode,url-safe,unpadded,11,15,381300,4361942,917.021864,external,avx512-vbmi,avx512-vbmi,x86_64,linux,0
1,commit-5-correction-amd-9950x3d,run-2,3,base64-0.23.0,encode,url-safe,unpadded,11,15,381300,4795047,834.193322,external,avx512-vbmi,avx512-vbmi,x86_64,linux,0
1,commit-5-correction-amd-9950x3d,run-2,4,base64-0.23.0,encode,url-safe,unpadded,11,15,381300,4886990,818.498950,external,avx512-vbmi,avx512-vbmi,x86_64,linux,0
1,commit-5-correction-amd-9950x3d,run-2,0,base64-0.23.0,decode,url-safe,unpadded,11,15,381300,5810508,688.407311,external,avx512-vbmi,avx512-vbmi,x86_64,linux,0
1,commit-5-correction-amd-9950x3d,run-2,1,base64-0.23.0,decode,url-safe,unpadded,11,15,381300,5840144,684.913965,external,avx512-vbmi,avx512-vbmi,x86_64,linux,0
1,commit-5-correction-amd-9950x3d,run-2,2,base64-0.23.0,decode,url-safe,unpadded,11,15,381300,5787505,691.143452,external,avx512-vbmi,avx512-vbmi,x86_64,linux,0
1,commit-5-correction-amd-9950x3d,run-2,3,base64-0.23.0,decode,url-safe,unpadded,11,15,381300,5774110,692.746793,external,avx512-vbmi,avx512-vbmi,x86_64,linux,0
1,commit-5-correction-amd-9950x3d,run-2,4,base64-0.23.0,decode,url-safe,unpadded,11,15,381300,5778157,692.261596,external,avx512-vbmi,avx512-vbmi,x86_64,linux,0
1,commit-5-correction-amd-9950x3d,run-2,0,base64ct-1.8.3,encode,url-safe,unpadded,11,15,381300,3736985,1070.380584,external,avx512-vbmi,avx512-vbmi,x86_64,linux,0
1,commit-5-correction-amd-9950x3d,run-2,1,base64ct-1.8.3,encode,url-safe,unpadded,11,15,381300,3730142,1072.344212,external,avx512-vbmi,avx512-vbmi,x86_64,linux,0
1,commit-5-correction-amd-9950x3d,run-2,2,base64ct-1.8.3,encode,url-safe,unpadded,11,15,381300,3747825,1067.284675,external,avx512-vbmi,avx512-vbmi,x86_64,linux,0
1,commit-5-correction-amd-9950x3d,run-2,3,base64ct-1.8.3,encode,url-safe,unpadded,11,15,381300,3739419,1069.683869,external,avx512-vbmi,avx512-vbmi,x86_64,linux,0
1,commit-5-correction-amd-9950x3d,run-2,4,base64ct-1.8.3,encode,url-safe,unpadded,11,15,381300,3738758,1069.872986,external,avx512-vbmi,avx512-vbmi,x86_64,linux,0
1,commit-5-correction-amd-9950x3d,run-2,0,base64ct-1.8.3,decode,url-safe,unpadded,11,15,381300,13395537,298.606632,external,avx512-vbmi,avx512-vbmi,x86_64,linux,0
1,commit-5-correction-amd-9950x3d,run-2,1,base64ct-1.8.3,decode,url-safe,unpadded,11,15,381300,13426235,297.923892,external,avx512-vbmi,avx512-vbmi,x86_64,linux,0
1,commit-5-correction-amd-9950x3d,run-2,2,base64ct-1.8.3,decode,url-safe,unpadded,11,15,381300,13387392,298.788307,external,avx512-vbmi,avx512-vbmi,x86_64,linux,0
1,commit-5-correction-amd-9950x3d,run-2,3,base64ct-1.8.3,decode,url-safe,unpadded,11,15,381300,13369659,299.184608,external,avx512-vbmi,avx512-vbmi,x86_64,linux,0
1,commit-5-correction-amd-9950x3d,run-2,4,base64ct-1.8.3,decode,url-safe,unpadded,11,15,381300,13390478,298.719447,external,avx512-vbmi,avx512-vbmi,x86_64,linux,0
1,commit-5-correction-amd-9950x3d,run-2,0,base64-ng,encode,url-safe,unpadded,12,16,349525,12894113,310.218794,auto,avx512-vbmi,avx512-vbmi,x86_64,linux,0
1,commit-5-correction-amd-9950x3d,run-2,1,base64-ng,encode,url-safe,unpadded,12,16,349525,12981257,308.136276,auto,avx512-vbmi,avx512-vbmi,x86_64,linux,0
1,commit-5-correction-amd-9950x3d,run-2,2,base64-ng,encode,url-safe,unpadded,12,16,349525,13014109,307.358436,auto,avx512-vbmi,avx512-vbmi,x86_64,linux,0
1,commit-5-correction-amd-9950x3d,run-2,3,base64-ng,encode,url-safe,unpadded,12,16,349525,13013437,307.374307,auto,avx512-vbmi,avx512-vbmi,x86_64,linux,0
1,commit-5-correction-amd-9950x3d,run-2,4,base64-ng,encode,url-safe,unpadded,12,16,349525,13017405,307.280613,auto,avx512-vbmi,avx512-vbmi,x86_64,linux,0
1,commit-5-correction-amd-9950x3d,run-2,0,base64-ng,decode,url-safe,unpadded,12,16,349525,58090005,68.858596,auto,avx512-vbmi,avx512-vbmi,x86_64,linux,0
1,commit-5-correction-amd-9950x3d,run-2,1,base64-ng,decode,url-safe,unpadded,12,16,349525,59607782,67.105268,auto,avx512-vbmi,avx512-vbmi,x86_64,linux,0
1,commit-5-correction-amd-9950x3d,run-2,2,base64-ng,decode,url-safe,unpadded,12,16,349525,58350335,68.551383,auto,avx512-vbmi,avx512-vbmi,x86_64,linux,0
1,commit-5-correction-amd-9950x3d,run-2,3,base64-ng,decode,url-safe,unpadded,12,16,349525,57894066,69.091644,auto,avx512-vbmi,avx512-vbmi,x86_64,linux,0
1,commit-5-correction-amd-9950x3d,run-2,4,base64-ng,decode,url-safe,unpadded,12,16,349525,57365490,69.728267,auto,avx512-vbmi,avx512-vbmi,x86_64,linux,0
1,commit-5-correction-amd-9950x3d,run-2,0,base64-ng,encode,url-safe,unpadded,12,16,349525,12695679,315.067527,scalar,avx512-vbmi,avx512-vbmi,x86_64,linux,0
1,commit-5-correction-amd-9950x3d,run-2,1,base64-ng,encode,url-safe,unpadded,12,16,349525,13058883,306.304619,scalar,avx512-vbmi,avx512-vbmi,x86_64,linux,0
1,commit-5-correction-amd-9950x3d,run-2,2,base64-ng,encode,url-safe,unpadded,12,16,349525,13142471,304.356478,scalar,avx512-vbmi,avx512-vbmi,x86_64,linux,0
1,commit-5-correction-amd-9950x3d,run-2,3,base64-ng,encode,url-safe,unpadded,12,16,349525,12900105,310.074700,scalar,avx512-vbmi,avx512-vbmi,x86_64,linux,0
1,commit-5-correction-amd-9950x3d,run-2,4,base64-ng,encode,url-safe,unpadded,12,16,349525,12981989,308.118901,scalar,avx512-vbmi,avx512-vbmi,x86_64,linux,0
1,commit-5-correction-amd-9950x3d,run-2,0,base64-ng,decode,url-safe,unpadded,12,16,349525,15190416,263.323676,scalar,avx512-vbmi,avx512-vbmi,x86_64,linux,0
1,commit-5-correction-amd-9950x3d,run-2,1,base64-ng,decode,url-safe,unpadded,12,16,349525,15343514,260.696225,scalar,avx512-vbmi,avx512-vbmi,x86_64,linux,0
1,commit-5-correction-amd-9950x3d,run-2,2,base64-ng,decode,url-safe,unpadded,12,16,349525,15039802,265.960695,scalar,avx512-vbmi,avx512-vbmi,x86_64,linux,0
1,commit-5-correction-amd-9950x3d,run-2,3,base64-ng,decode,url-safe,unpadded,12,16,349525,15207859,263.021651,scalar,avx512-vbmi,avx512-vbmi,x86_64,linux,0
1,commit-5-correction-amd-9950x3d,run-2,4,base64-ng,decode,url-safe,unpadded,12,16,349525,15254857,262.211320,scalar,avx512-vbmi,avx512-vbmi,x86_64,linux,0
1,commit-5-correction-amd-9950x3d,run-2,0,base64-ng,encode,url-safe,unpadded,12,16,349525,19090648,209.526475,ssse3-sse4.1,avx512-vbmi,avx512-vbmi,x86_64,linux,0
1,commit-5-correction-amd-9950x3d,run-2,1,base64-ng,encode,url-safe,unpadded,12,16,349525,19014606,210.364400,ssse3-sse4.1,avx512-vbmi,avx512-vbmi,x86_64,linux,0
1,commit-5-correction-amd-9950x3d,run-2,2,base64-ng,encode,url-safe,unpadded,12,16,349525,19198201,208.352657,ssse3-sse4.1,avx512-vbmi,avx512-vbmi,x86_64,linux,0
1,commit-5-correction-amd-9950x3d,run-2,3,base64-ng,encode,url-safe,unpadded,12,16,349525,19150361,208.873148,ssse3-sse4.1,avx512-vbmi,avx512-vbmi,x86_64,linux,0
1,commit-5-correction-amd-9950x3d,run-2,4,base64-ng,encode,url-safe,unpadded,12,16,349525,19147936,208.899601,ssse3-sse4.1,avx512-vbmi,avx512-vbmi,x86_64,linux,0
1,commit-5-correction-amd-9950x3d,run-2,0,base64-ng,decode,url-safe,unpadded,12,16,349525,57744744,69.270308,ssse3-sse4.1,avx512-vbmi,avx512-vbmi,x86_64,linux,0
1,commit-5-correction-amd-9950x3d,run-2,1,base64-ng,decode,url-safe,unpadded,12,16,349525,56780580,70.446554,ssse3-sse4.1,avx512-vbmi,avx512-vbmi,x86_64,linux,0
1,commit-5-correction-amd-9950x3d,run-2,2,base64-ng,decode,url-safe,unpadded,12,16,349525,59827656,66.858648,ssse3-sse4.1,avx512-vbmi,avx512-vbmi,x86_64,linux,0
1,commit-5-correction-amd-9950x3d,run-2,3,base64-ng,decode,url-safe,unpadded,12,16,349525,57241858,69.878867,ssse3-sse4.1,avx512-vbmi,avx512-vbmi,x86_64,linux,0
1,commit-5-correction-amd-9950x3d,run-2,4,base64-ng,decode,url-safe,unpadded,12,16,349525,57366112,69.727511,ssse3-sse4.1,avx512-vbmi,avx512-vbmi,x86_64,linux,0
1,commit-5-correction-amd-9950x3d,run-2,0,base64-ng,encode,url-safe,unpadded,12,16,349525,13416116,298.148599,avx2,avx512-vbmi,avx512-vbmi,x86_64,linux,0
1,commit-5-correction-amd-9950x3d,run-2,1,base64-ng,encode,url-safe,unpadded,12,16,349525,13499833,296.299679,avx2,avx512-vbmi,avx512-vbmi,x86_64,linux,0
1,commit-5-correction-amd-9950x3d,run-2,2,base64-ng,encode,url-safe,unpadded,12,16,349525,13183358,303.412544,avx2,avx512-vbmi,avx512-vbmi,x86_64,linux,0
1,commit-5-correction-amd-9950x3d,run-2,3,base64-ng,encode,url-safe,unpadded,12,16,349525,13248500,301.920684,avx2,avx512-vbmi,avx512-vbmi,x86_64,linux,0
1,commit-5-correction-amd-9950x3d,run-2,4,base64-ng,encode,url-safe,unpadded,12,16,349525,13316008,300.390041,avx2,avx512-vbmi,avx512-vbmi,x86_64,linux,0
1,commit-5-correction-amd-9950x3d,run-2,0,base64-ng,decode,url-safe,unpadded,12,16,349525,58072862,68.878923,avx2,avx512-vbmi,avx512-vbmi,x86_64,linux,0
1,commit-5-correction-amd-9950x3d,run-2,1,base64-ng,decode,url-safe,unpadded,12,16,349525,58969540,67.831565,avx2,avx512-vbmi,avx512-vbmi,x86_64,linux,0
1,commit-5-correction-amd-9950x3d,run-2,2,base64-ng,decode,url-safe,unpadded,12,16,349525,57728945,69.289265,avx2,avx512-vbmi,avx512-vbmi,x86_64,linux,0
1,commit-5-correction-amd-9950x3d,run-2,3,base64-ng,decode,url-safe,unpadded,12,16,349525,57620921,69.419164,avx2,avx512-vbmi,avx512-vbmi,x86_64,linux,0
1,commit-5-correction-amd-9950x3d,run-2,4,base64-ng,decode,url-safe,unpadded,12,16,349525,57201172,69.928570,avx2,avx512-vbmi,avx512-vbmi,x86_64,linux,0
1,commit-5-correction-amd-9950x3d,run-2,0,base64-ng,encode,url-safe,unpadded,12,16,349525,13462513,297.121064,avx512-vbmi,avx512-vbmi,avx512-vbmi,x86_64,linux,0
1,commit-5-correction-amd-9950x3d,run-2,1,base64-ng,encode,url-safe,unpadded,12,16,349525,13507818,296.124525,avx512-vbmi,avx512-vbmi,avx512-vbmi,x86_64,linux,0
1,commit-5-correction-amd-9950x3d,run-2,2,base64-ng,encode,url-safe,unpadded,12,16,349525,14701556,272.079784,avx512-vbmi,avx512-vbmi,avx512-vbmi,x86_64,linux,0
1,commit-5-correction-amd-9950x3d,run-2,3,base64-ng,encode,url-safe,unpadded,12,16,349525,13522847,295.795418,avx512-vbmi,avx512-vbmi,avx512-vbmi,x86_64,linux,0
1,commit-5-correction-amd-9950x3d,run-2,4,base64-ng,encode,url-safe,unpadded,12,16,349525,14345204,278.838571,avx512-vbmi,avx512-vbmi,avx512-vbmi,x86_64,linux,0
1,commit-5-correction-amd-9950x3d,run-2,0,base64-ng,decode,url-safe,unpadded,12,16,349525,58728316,68.110180,avx512-vbmi,avx512-vbmi,avx512-vbmi,x86_64,linux,0
1,commit-5-correction-amd-9950x3d,run-2,1,base64-ng,decode,url-safe,unpadded,12,16,349525,57623878,69.415602,avx512-vbmi,avx512-vbmi,avx512-vbmi,x86_64,linux,0
1,commit-5-correction-amd-9950x3d,run-2,2,base64-ng,decode,url-safe,unpadded,12,16,349525,57611804,69.430150,avx512-vbmi,avx512-vbmi,avx512-vbmi,x86_64,linux,0
1,commit-5-correction-amd-9950x3d,run-2,3,base64-ng,decode,url-safe,unpadded,12,16,349525,58602530,68.256374,avx512-vbmi,avx512-vbmi,avx512-vbmi,x86_64,linux,0
1,commit-5-correction-amd-9950x3d,run-2,4,base64-ng,decode,url-safe,unpadded,12,16,349525,57510764,69.552131,avx512-vbmi,avx512-vbmi,avx512-vbmi,x86_64,linux,0
1,commit-5-correction-amd-9950x3d,run-2,0,base64-0.23.0,encode,url-safe,unpadded,12,16,349525,3214031,1244.541881,external,avx512-vbmi,avx512-vbmi,x86_64,linux,0
1,commit-5-correction-amd-9950x3d,run-2,1,base64-0.23.0,encode,url-safe,unpadded,12,16,349525,3347481,1194.927226,external,avx512-vbmi,avx512-vbmi,x86_64,linux,0
1,commit-5-correction-amd-9950x3d,run-2,2,base64-0.23.0,encode,url-safe,unpadded,12,16,349525,3316784,1205.986337,external,avx512-vbmi,avx512-vbmi,x86_64,linux,0
1,commit-5-correction-amd-9950x3d,run-2,3,base64-0.23.0,encode,url-safe,unpadded,12,16,349525,3322465,1203.924251,external,avx512-vbmi,avx512-vbmi,x86_64,linux,0
1,commit-5-correction-amd-9950x3d,run-2,4,base64-0.23.0,encode,url-safe,unpadded,12,16,349525,3297889,1212.895942,external,avx512-vbmi,avx512-vbmi,x86_64,linux,0
1,commit-5-correction-amd-9950x3d,run-2,0,base64-0.23.0,decode,url-safe,unpadded,12,16,349525,5482801,729.553414,external,avx512-vbmi,avx512-vbmi,x86_64,linux,0
1,commit-5-correction-amd-9950x3d,run-2,1,base64-0.23.0,decode,url-safe,unpadded,12,16,349525,5494043,728.060589,external,avx512-vbmi,avx512-vbmi,x86_64,linux,0
1,commit-5-correction-amd-9950x3d,run-2,2,base64-0.23.0,decode,url-safe,unpadded,12,16,349525,5456332,733.092522,external,avx512-vbmi,avx512-vbmi,x86_64,linux,0
1,commit-5-correction-amd-9950x3d,run-2,3,base64-0.23.0,decode,url-safe,unpadded,12,16,349525,5484905,729.273558,external,avx512-vbmi,avx512-vbmi,x86_64,linux,0
1,commit-5-correction-amd-9950x3d,run-2,4,base64-0.23.0,decode,url-safe,unpadded,12,16,349525,5475598,730.513121,external,avx512-vbmi,avx512-vbmi,x86_64,linux,0
1,commit-5-correction-amd-9950x3d,run-2,0,base64ct-1.8.3,encode,url-safe,unpadded,12,16,349525,3776819,1059.091311,external,avx512-vbmi,avx512-vbmi,x86_64,linux,0
1,commit-5-correction-amd-9950x3d,run-2,1,base64ct-1.8.3,encode,url-safe,unpadded,12,16,349525,3767913,1061.594624,external,avx512-vbmi,avx512-vbmi,x86_64,linux,0
1,commit-5-correction-amd-9950x3d,run-2,2,base64ct-1.8.3,encode,url-safe,unpadded,12,16,349525,3785166,1056.755816,external,avx512-vbmi,avx512-vbmi,x86_64,linux,0
1,commit-5-correction-amd-9950x3d,run-2,3,base64ct-1.8.3,encode,url-safe,unpadded,12,16,349525,3799152,1052.865530,external,avx512-vbmi,avx512-vbmi,x86_64,linux,0
1,commit-5-correction-amd-9950x3d,run-2,4,base64ct-1.8.3,encode,url-safe,unpadded,12,16,349525,3762653,1063.078680,external,avx512-vbmi,avx512-vbmi,x86_64,linux,0
1,commit-5-correction-amd-9950x3d,run-2,0,base64ct-1.8.3,decode,url-safe,unpadded,12,16,349525,9592027,417.012607,external,avx512-vbmi,avx512-vbmi,x86_64,linux,0
1,commit-5-correction-amd-9950x3d,run-2,1,base64ct-1.8.3,decode,url-safe,unpadded,12,16,349525,9951474,401.950122,external,avx512-vbmi,avx512-vbmi,x86_64,linux,0
1,commit-5-correction-amd-9950x3d,run-2,2,base64ct-1.8.3,decode,url-safe,unpadded,12,16,349525,11750801,340.402002,external,avx512-vbmi,avx512-vbmi,x86_64,linux,0
1,commit-5-correction-amd-9950x3d,run-2,3,base64ct-1.8.3,decode,url-safe,unpadded,12,16,349525,12773125,313.157210,external,avx512-vbmi,avx512-vbmi,x86_64,linux,0
1,commit-5-correction-amd-9950x3d,run-2,4,base64ct-1.8.3,decode,url-safe,unpadded,12,16,349525,9635760,415.119947,external,avx512-vbmi,avx512-vbmi,x86_64,linux,0
1,commit-5-correction-amd-9950x3d,run-2,0,base64-ng,encode,url-safe,unpadded,15,20,279620,12913279,309.758365,auto,avx512-vbmi,avx512-vbmi,x86_64,linux,0
1,commit-5-correction-amd-9950x3d,run-2,1,base64-ng,encode,url-safe,unpadded,15,20,279620,12987619,307.985335,auto,avx512-vbmi,avx512-vbmi,x86_64,linux,0
1,commit-5-correction-amd-9950x3d,run-2,2,base64-ng,encode,url-safe,unpadded,15,20,279620,12500823,319.978627,auto,avx512-vbmi,avx512-vbmi,x86_64,linux,0
1,commit-5-correction-amd-9950x3d,run-2,3,base64-ng,encode,url-safe,unpadded,15,20,279620,12479272,320.531213,auto,avx512-vbmi,avx512-vbmi,x86_64,linux,0
1,commit-5-correction-amd-9950x3d,run-2,4,base64-ng,encode,url-safe,unpadded,15,20,279620,12639544,316.466811,auto,avx512-vbmi,avx512-vbmi,x86_64,linux,0
1,commit-5-correction-amd-9950x3d,run-2,0,base64-ng,decode,url-safe,unpadded,15,20,279620,51137457,78.220475,auto,avx512-vbmi,avx512-vbmi,x86_64,linux,0
1,commit-5-correction-amd-9950x3d,run-2,1,base64-ng,decode,url-safe,unpadded,15,20,279620,49382684,80.999975,auto,avx512-vbmi,avx512-vbmi,x86_64,linux,0
1,commit-5-correction-amd-9950x3d,run-2,2,base64-ng,decode,url-safe,unpadded,15,20,279620,49337248,81.074570,auto,avx512-vbmi,avx512-vbmi,x86_64,linux,0
1,commit-5-correction-amd-9950x3d,run-2,3,base64-ng,decode,url-safe,unpadded,15,20,279620,50632476,79.000604,auto,avx512-vbmi,avx512-vbmi,x86_64,linux,0
1,commit-5-correction-amd-9950x3d,run-2,4,base64-ng,decode,url-safe,unpadded,15,20,279620,51363391,77.876404,auto,avx512-vbmi,avx512-vbmi,x86_64,linux,0
1,commit-5-correction-amd-9950x3d,run-2,0,base64-ng,encode,url-safe,unpadded,15,20,279620,12309753,324.945284,scalar,avx512-vbmi,avx512-vbmi,x86_64,linux,0
1,commit-5-correction-amd-9950x3d,run-2,1,base64-ng,encode,url-safe,unpadded,15,20,279620,12488189,320.302342,scalar,avx512-vbmi,avx512-vbmi,x86_64,linux,0
1,commit-5-correction-amd-9950x3d,run-2,2,base64-ng,encode,url-safe,unpadded,15,20,279620,12423647,321.966343,scalar,avx512-vbmi,avx512-vbmi,x86_64,linux,0
1,commit-5-correction-amd-9950x3d,run-2,3,base64-ng,encode,url-safe,unpadded,15,20,279620,12298773,325.235386,scalar,avx512-vbmi,avx512-vbmi,x86_64,linux,0
1,commit-5-correction-amd-9950x3d,run-2,4,base64-ng,encode,url-safe,unpadded,15,20,279620,12431843,321.754078,scalar,avx512-vbmi,avx512-vbmi,x86_64,linux,0
1,commit-5-correction-amd-9950x3d,run-2,0,base64-ng,decode,url-safe,unpadded,15,20,279620,14780114,270.633649,scalar,avx512-vbmi,avx512-vbmi,x86_64,linux,0
1,commit-5-correction-amd-9950x3d,run-2,1,base64-ng,decode,url-safe,unpadded,15,20,279620,14978727,267.045136,scalar,avx512-vbmi,avx512-vbmi,x86_64,linux,0
1,commit-5-correction-amd-9950x3d,run-2,2,base64-ng,decode,url-safe,unpadded,15,20,279620,14704291,272.029177,scalar,avx512-vbmi,avx512-vbmi,x86_64,linux,0
1,commit-5-correction-amd-9950x3d,run-2,3,base64-ng,decode,url-safe,unpadded,15,20,279620,14717556,271.783996,scalar,avx512-vbmi,avx512-vbmi,x86_64,linux,0
1,commit-5-correction-amd-9950x3d,run-2,4,base64-ng,decode,url-safe,unpadded,15,20,279620,14720642,271.727020,scalar,avx512-vbmi,avx512-vbmi,x86_64,linux,0
1,commit-5-correction-amd-9950x3d,run-2,0,base64-ng,encode,url-safe,unpadded,15,20,279620,17228743,232.169937,ssse3-sse4.1,avx512-vbmi,avx512-vbmi,x86_64,linux,0
1,commit-5-correction-amd-9950x3d,run-2,1,base64-ng,encode,url-safe,unpadded,15,20,279620,17188277,232.716530,ssse3-sse4.1,avx512-vbmi,avx512-vbmi,x86_64,linux,0
1,commit-5-correction-amd-9950x3d,run-2,2,base64-ng,encode,url-safe,unpadded,15,20,279620,17165735,233.022133,ssse3-sse4.1,avx512-vbmi,avx512-vbmi,x86_64,linux,0
1,commit-5-correction-amd-9950x3d,run-2,3,base64-ng,encode,url-safe,unpadded,15,20,279620,17607195,227.179638,ssse3-sse4.1,avx512-vbmi,avx512-vbmi,x86_64,linux,0
1,commit-5-correction-amd-9950x3d,run-2,4,base64-ng,encode,url-safe,unpadded,15,20,279620,17202564,232.523256,ssse3-sse4.1,avx512-vbmi,avx512-vbmi,x86_64,linux,0
1,commit-5-correction-amd-9950x3d,run-2,0,base64-ng,decode,url-safe,unpadded,15,20,279620,49677238,80.519698,ssse3-sse4.1,avx512-vbmi,avx512-vbmi,x86_64,linux,0
1,commit-5-correction-amd-9950x3d,run-2,1,base64-ng,decode,url-safe,unpadded,15,20,279620,48822779,81.928892,ssse3-sse4.1,avx512-vbmi,avx512-vbmi,x86_64,linux,0
1,commit-5-correction-amd-9950x3d,run-2,2,base64-ng,decode,url-safe,unpadded,15,20,279620,48322768,82.776636,ssse3-sse4.1,avx512-vbmi,avx512-vbmi,x86_64,linux,0
1,commit-5-correction-amd-9950x3d,run-2,3,base64-ng,decode,url-safe,unpadded,15,20,279620,48484693,82.500186,ssse3-sse4.1,avx512-vbmi,avx512-vbmi,x86_64,linux,0
1,commit-5-correction-amd-9950x3d,run-2,4,base64-ng,decode,url-safe,unpadded,15,20,279620,48818741,81.935669,ssse3-sse4.1,avx512-vbmi,avx512-vbmi,x86_64,linux,0
1,commit-5-correction-amd-9950x3d,run-2,0,base64-ng,encode,url-safe,unpadded,15,20,279620,13192455,303.203322,avx2,avx512-vbmi,avx512-vbmi,x86_64,linux,0
1,commit-5-correction-amd-9950x3d,run-2,1,base64-ng,encode,url-safe,unpadded,15,20,279620,13045268,306.624301,avx2,avx512-vbmi,avx512-vbmi,x86_64,linux,0
1,commit-5-correction-amd-9950x3d,run-2,2,base64-ng,encode,url-safe,unpadded,15,20,279620,12721589,314.425830,avx2,avx512-vbmi,avx512-vbmi,x86_64,linux,0
1,commit-5-correction-amd-9950x3d,run-2,3,base64-ng,encode,url-safe,unpadded,15,20,279620,12791470,312.708093,avx2,avx512-vbmi,avx512-vbmi,x86_64,linux,0
1,commit-5-correction-amd-9950x3d,run-2,4,base64-ng,encode,url-safe,unpadded,15,20,279620,12785940,312.843341,avx2,avx512-vbmi,avx512-vbmi,x86_64,linux,0
1,commit-5-correction-amd-9950x3d,run-2,0,base64-ng,decode,url-safe,unpadded,15,20,279620,48991737,81.646343,avx2,avx512-vbmi,avx512-vbmi,x86_64,linux,0
1,commit-5-correction-amd-9950x3d,run-2,1,base64-ng,decode,url-safe,unpadded,15,20,279620,52545727,76.124100,avx2,avx512-vbmi,avx512-vbmi,x86_64,linux,0
1,commit-5-correction-amd-9950x3d,run-2,2,base64-ng,decode,url-safe,unpadded,15,20,279620,48778926,82.002547,avx2,avx512-vbmi,avx512-vbmi,x86_64,linux,0
1,commit-5-correction-amd-9950x3d,run-2,3,base64-ng,decode,url-safe,unpadded,15,20,279620,48637300,82.241329,avx2,avx512-vbmi,avx512-vbmi,x86_64,linux,0
1,commit-5-correction-amd-9950x3d,run-2,4,base64-ng,decode,url-safe,unpadded,15,20,279620,49711052,80.464927,avx2,avx512-vbmi,avx512-vbmi,x86_64,linux,0
1,commit-5-correction-amd-9950x3d,run-2,0,base64-ng,encode,url-safe,unpadded,15,20,279620,12815435,312.123325,avx512-vbmi,avx512-vbmi,avx512-vbmi,x86_64,linux,0
1,commit-5-correction-amd-9950x3d,run-2,1,base64-ng,encode,url-safe,unpadded,15,20,279620,12859969,311.042444,avx512-vbmi,avx512-vbmi,avx512-vbmi,x86_64,linux,0
1,commit-5-correction-amd-9950x3d,run-2,2,base64-ng,encode,url-safe,unpadded,15,20,279620,12880367,310.549861,avx512-vbmi,avx512-vbmi,avx512-vbmi,x86_64,linux,0
1,commit-5-correction-amd-9950x3d,run-2,3,base64-ng,encode,url-safe,unpadded,15,20,279620,13096986,305.413489,avx512-vbmi,avx512-vbmi,avx512-vbmi,x86_64,linux,0
1,commit-5-correction-amd-9950x3d,run-2,4,base64-ng,encode,url-safe,unpadded,15,20,279620,12981117,308.139599,avx512-vbmi,avx512-vbmi,avx512-vbmi,x86_64,linux,0
1,commit-5-correction-amd-9950x3d,run-2,0,base64-ng,decode,url-safe,unpadded,15,20,279620,49584163,80.670842,avx512-vbmi,avx512-vbmi,avx512-vbmi,x86_64,linux,0
1,commit-5-correction-amd-9950x3d,run-2,1,base64-ng,decode,url-safe,unpadded,15,20,279620,49613778,80.622689,avx512-vbmi,avx512-vbmi,avx512-vbmi,x86_64,linux,0
1,commit-5-correction-amd-9950x3d,run-2,2,base64-ng,decode,url-safe,unpadded,15,20,279620,49586577,80.666915,avx512-vbmi,avx512-vbmi,avx512-vbmi,x86_64,linux,0
1,commit-5-correction-amd-9950x3d,run-2,3,base64-ng,decode,url-safe,unpadded,15,20,279620,50265265,79.577740,avx512-vbmi,avx512-vbmi,avx512-vbmi,x86_64,linux,0
1,commit-5-correction-amd-9950x3d,run-2,4,base64-ng,decode,url-safe,unpadded,15,20,279620,49952826,80.075473,avx512-vbmi,avx512-vbmi,avx512-vbmi,x86_64,linux,0
1,commit-5-correction-amd-9950x3d,run-2,0,base64-0.23.0,encode,url-safe,unpadded,15,20,279620,2907433,1375.782756,external,avx512-vbmi,avx512-vbmi,x86_64,linux,0
1,commit-5-correction-amd-9950x3d,run-2,1,base64-0.23.0,encode,url-safe,unpadded,15,20,279620,2939424,1360.809528,external,avx512-vbmi,avx512-vbmi,x86_64,linux,0
1,commit-5-correction-amd-9950x3d,run-2,2,base64-0.23.0,encode,url-safe,unpadded,15,20,279620,2932711,1363.924432,external,avx512-vbmi,avx512-vbmi,x86_64,linux,0
1,commit-5-correction-amd-9950x3d,run-2,3,base64-0.23.0,encode,url-safe,unpadded,15,20,279620,2929625,1365.361159,external,avx512-vbmi,avx512-vbmi,x86_64,linux,0
1,commit-5-correction-amd-9950x3d,run-2,4,base64-0.23.0,encode,url-safe,unpadded,15,20,279620,2943551,1358.901607,external,avx512-vbmi,avx512-vbmi,x86_64,linux,0
1,commit-5-correction-amd-9950x3d,run-2,0,base64-0.23.0,decode,url-safe,unpadded,15,20,279620,4696221,851.747860,external,avx512-vbmi,avx512-vbmi,x86_64,linux,0
1,commit-5-correction-amd-9950x3d,run-2,1,base64-0.23.0,decode,url-safe,unpadded,15,20,279620,4722851,846.945242,external,avx512-vbmi,avx512-vbmi,x86_64,linux,0
1,commit-5-correction-amd-9950x3d,run-2,2,base64-0.23.0,decode,url-safe,unpadded,15,20,279620,4704917,850.173592,external,avx512-vbmi,avx512-vbmi,x86_64,linux,0
1,commit-5-correction-amd-9950x3d,run-2,3,base64-0.23.0,decode,url-safe,unpadded,15,20,279620,4707311,849.741219,external,avx512-vbmi,avx512-vbmi,x86_64,linux,0
1,commit-5-correction-amd-9950x3d,run-2,4,base64-0.23.0,decode,url-safe,unpadded,15,20,279620,4687063,853.412080,external,avx512-vbmi,avx512-vbmi,x86_64,linux,0
1,commit-5-correction-amd-9950x3d,run-2,0,base64ct-1.8.3,encode,url-safe,unpadded,15,20,279620,3424597,1168.019532,external,avx512-vbmi,avx512-vbmi,x86_64,linux,0
1,commit-5-correction-amd-9950x3d,run-2,1,base64ct-1.8.3,encode,url-safe,unpadded,15,20,279620,3391344,1179.472264,external,avx512-vbmi,avx512-vbmi,x86_64,linux,0
1,commit-5-correction-amd-9950x3d,run-2,2,base64ct-1.8.3,encode,url-safe,unpadded,15,20,279620,3406764,1174.133631,external,avx512-vbmi,avx512-vbmi,x86_64,linux,0
1,commit-5-correction-amd-9950x3d,run-2,3,base64ct-1.8.3,encode,url-safe,unpadded,15,20,279620,3402956,1175.447518,external,avx512-vbmi,avx512-vbmi,x86_64,linux,0
1,commit-5-correction-amd-9950x3d,run-2,4,base64ct-1.8.3,encode,url-safe,unpadded,15,20,279620,3406032,1174.385967,external,avx512-vbmi,avx512-vbmi,x86_64,linux,0
1,commit-5-correction-amd-9950x3d,run-2,0,base64ct-1.8.3,decode,url-safe,unpadded,15,20,279620,8579801,466.210835,external,avx512-vbmi,avx512-vbmi,x86_64,linux,0
1,commit-5-correction-amd-9950x3d,run-2,1,base64ct-1.8.3,decode,url-safe,unpadded,15,20,279620,8580243,466.186818,external,avx512-vbmi,avx512-vbmi,x86_64,linux,0
1,commit-5-correction-amd-9950x3d,run-2,2,base64ct-1.8.3,decode,url-safe,unpadded,15,20,279620,8567849,466.861191,external,avx512-vbmi,avx512-vbmi,x86_64,linux,0
1,commit-5-correction-amd-9950x3d,run-2,3,base64ct-1.8.3,decode,url-safe,unpadded,15,20,279620,8560525,467.260616,external,avx512-vbmi,avx512-vbmi,x86_64,linux,0
1,commit-5-correction-amd-9950x3d,run-2,4,base64ct-1.8.3,decode,url-safe,unpadded,15,20,279620,8551529,467.752163,external,avx512-vbmi,avx512-vbmi,x86_64,linux,0
1,commit-5-correction-amd-9950x3d,run-2,0,base64-ng,encode,url-safe,unpadded,16,22,262144,12564693,318.352386,auto,avx512-vbmi,avx512-vbmi,x86_64,linux,0
1,commit-5-correction-amd-9950x3d,run-2,1,base64-ng,encode,url-safe,unpadded,16,22,262144,12609497,317.221218,auto,avx512-vbmi,avx512-vbmi,x86_64,linux,0
1,commit-5-correction-amd-9950x3d,run-2,2,base64-ng,encode,url-safe,unpadded,16,22,262144,12502015,319.948424,auto,avx512-vbmi,avx512-vbmi,x86_64,linux,0
1,commit-5-correction-amd-9950x3d,run-2,3,base64-ng,encode,url-safe,unpadded,16,22,262144,12430761,321.782391,auto,avx512-vbmi,avx512-vbmi,x86_64,linux,0
1,commit-5-correction-amd-9950x3d,run-2,4,base64-ng,encode,url-safe,unpadded,16,22,262144,12529707,319.241304,auto,avx512-vbmi,avx512-vbmi,x86_64,linux,0
1,commit-5-correction-amd-9950x3d,run-2,0,base64-ng,decode,url-safe,unpadded,16,22,262144,47915621,83.480083,auto,avx512-vbmi,avx512-vbmi,x86_64,linux,0
1,commit-5-correction-amd-9950x3d,run-2,1,base64-ng,decode,url-safe,unpadded,16,22,262144,48020700,83.297411,auto,avx512-vbmi,avx512-vbmi,x86_64,linux,0
1,commit-5-correction-amd-9950x3d,run-2,2,base64-ng,decode,url-safe,unpadded,16,22,262144,49453155,80.884627,auto,avx512-vbmi,avx512-vbmi,x86_64,linux,0
1,commit-5-correction-amd-9950x3d,run-2,3,base64-ng,decode,url-safe,unpadded,16,22,262144,48674470,82.178604,auto,avx512-vbmi,avx512-vbmi,x86_64,linux,0
1,commit-5-correction-amd-9950x3d,run-2,4,base64-ng,decode,url-safe,unpadded,16,22,262144,48163468,83.050498,auto,avx512-vbmi,avx512-vbmi,x86_64,linux,0
1,commit-5-correction-amd-9950x3d,run-2,0,base64-ng,encode,url-safe,unpadded,16,22,262144,12275439,325.853927,scalar,avx512-vbmi,avx512-vbmi,x86_64,linux,0
1,commit-5-correction-amd-9950x3d,run-2,1,base64-ng,encode,url-safe,unpadded,16,22,262144,12254068,326.422213,scalar,avx512-vbmi,avx512-vbmi,x86_64,linux,0
1,commit-5-correction-amd-9950x3d,run-2,2,base64-ng,encode,url-safe,unpadded,16,22,262144,12276240,325.832665,scalar,avx512-vbmi,avx512-vbmi,x86_64,linux,0
1,commit-5-correction-amd-9950x3d,run-2,3,base64-ng,encode,url-safe,unpadded,16,22,262144,12267373,326.068181,scalar,avx512-vbmi,avx512-vbmi,x86_64,linux,0
1,commit-5-correction-amd-9950x3d,run-2,4,base64-ng,encode,url-safe,unpadded,16,22,262144,12248828,326.561856,scalar,avx512-vbmi,avx512-vbmi,x86_64,linux,0
1,commit-5-correction-amd-9950x3d,run-2,0,base64-ng,decode,url-safe,unpadded,16,22,262144,15178704,263.527110,scalar,avx512-vbmi,avx512-vbmi,x86_64,linux,0
1,commit-5-correction-amd-9950x3d,run-2,1,base64-ng,decode,url-safe,unpadded,16,22,262144,15434405,259.161270,scalar,avx512-vbmi,avx512-vbmi,x86_64,linux,0
1,commit-5-correction-amd-9950x3d,run-2,2,base64-ng,decode,url-safe,unpadded,16,22,262144,14998384,266.695399,scalar,avx512-vbmi,avx512-vbmi,x86_64,linux,0
1,commit-5-correction-amd-9950x3d,run-2,3,base64-ng,decode,url-safe,unpadded,16,22,262144,15046956,265.834498,scalar,avx512-vbmi,avx512-vbmi,x86_64,linux,0
1,commit-5-correction-amd-9950x3d,run-2,4,base64-ng,decode,url-safe,unpadded,16,22,262144,14975552,267.102007,scalar,avx512-vbmi,avx512-vbmi,x86_64,linux,0
1,commit-5-correction-amd-9950x3d,run-2,0,base64-ng,encode,url-safe,unpadded,16,22,262144,16809083,237.966580,ssse3-sse4.1,avx512-vbmi,avx512-vbmi,x86_64,linux,0
1,commit-5-correction-amd-9950x3d,run-2,1,base64-ng,encode,url-safe,unpadded,16,22,262144,16740334,238.943859,ssse3-sse4.1,avx512-vbmi,avx512-vbmi,x86_64,linux,0
1,commit-5-correction-amd-9950x3d,run-2,2,base64-ng,encode,url-safe,unpadded,16,22,262144,17042642,234.705394,ssse3-sse4.1,avx512-vbmi,avx512-vbmi,x86_64,linux,0
1,commit-5-correction-amd-9950x3d,run-2,3,base64-ng,encode,url-safe,unpadded,16,22,262144,16848287,237.412860,ssse3-sse4.1,avx512-vbmi,avx512-vbmi,x86_64,linux,0
1,commit-5-correction-amd-9950x3d,run-2,4,base64-ng,encode,url-safe,unpadded,16,22,262144,16774438,238.458063,ssse3-sse4.1,avx512-vbmi,avx512-vbmi,x86_64,linux,0
1,commit-5-correction-amd-9950x3d,run-2,0,base64-ng,decode,url-safe,unpadded,16,22,262144,47352131,84.473495,ssse3-sse4.1,avx512-vbmi,avx512-vbmi,x86_64,linux,0
1,commit-5-correction-amd-9950x3d,run-2,1,base64-ng,decode,url-safe,unpadded,16,22,262144,47488868,84.230266,ssse3-sse4.1,avx512-vbmi,avx512-vbmi,x86_64,linux,0
1,commit-5-correction-amd-9950x3d,run-2,2,base64-ng,decode,url-safe,unpadded,16,22,262144,50031395,79.949800,ssse3-sse4.1,avx512-vbmi,avx512-vbmi,x86_64,linux,0
1,commit-5-correction-amd-9950x3d,run-2,3,base64-ng,decode,url-safe,unpadded,16,22,262144,46870484,85.341555,ssse3-sse4.1,avx512-vbmi,avx512-vbmi,x86_64,linux,0
1,commit-5-correction-amd-9950x3d,run-2,4,base64-ng,decode,url-safe,unpadded,16,22,262144,46911963,85.266097,ssse3-sse4.1,avx512-vbmi,avx512-vbmi,x86_64,linux,0
1,commit-5-correction-amd-9950x3d,run-2,0,base64-ng,encode,url-safe,unpadded,16,22,262144,12592435,317.651034,avx2,avx512-vbmi,avx512-vbmi,x86_64,linux,0
1,commit-5-correction-amd-9950x3d,run-2,1,base64-ng,encode,url-safe,unpadded,16,22,262144,12588518,317.749873,avx2,avx512-vbmi,avx512-vbmi,x86_64,linux,0
1,commit-5-correction-amd-9950x3d,run-2,2,base64-ng,encode,url-safe,unpadded,16,22,262144,12625668,316.814920,avx2,avx512-vbmi,avx512-vbmi,x86_64,linux,0
1,commit-5-correction-amd-9950x3d,run-2,3,base64-ng,encode,url-safe,unpadded,16,22,262144,12603345,317.376062,avx2,avx512-vbmi,avx512-vbmi,x86_64,linux,0
1,commit-5-correction-amd-9950x3d,run-2,4,base64-ng,encode,url-safe,unpadded,16,22,262144,12614477,317.095984,avx2,avx512-vbmi,avx512-vbmi,x86_64,linux,0
1,commit-5-correction-amd-9950x3d,run-2,0,base64-ng,decode,url-safe,unpadded,16,22,262144,47822576,83.642504,avx2,avx512-vbmi,avx512-vbmi,x86_64,linux,0
1,commit-5-correction-amd-9950x3d,run-2,1,base64-ng,decode,url-safe,unpadded,16,22,262144,49578592,80.679984,avx2,avx512-vbmi,avx512-vbmi,x86_64,linux,0
1,commit-5-correction-amd-9950x3d,run-2,2,base64-ng,decode,url-safe,unpadded,16,22,262144,48278214,82.853106,avx2,avx512-vbmi,avx512-vbmi,x86_64,linux,0
1,commit-5-correction-amd-9950x3d,run-2,3,base64-ng,decode,url-safe,unpadded,16,22,262144,47391134,84.403973,avx2,avx512-vbmi,avx512-vbmi,x86_64,linux,0
1,commit-5-correction-amd-9950x3d,run-2,4,base64-ng,decode,url-safe,unpadded,16,22,262144,48045837,83.253831,avx2,avx512-vbmi,avx512-vbmi,x86_64,linux,0
1,commit-5-correction-amd-9950x3d,run-2,0,base64-ng,encode,url-safe,unpadded,16,22,262144,12915564,309.703858,avx512-vbmi,avx512-vbmi,avx512-vbmi,x86_64,linux,0
1,commit-5-correction-amd-9950x3d,run-2,1,base64-ng,encode,url-safe,unpadded,16,22,262144,13010943,307.433520,avx512-vbmi,avx512-vbmi,avx512-vbmi,x86_64,linux,0
1,commit-5-correction-amd-9950x3d,run-2,2,base64-ng,encode,url-safe,unpadded,16,22,262144,12955239,308.755400,avx512-vbmi,avx512-vbmi,avx512-vbmi,x86_64,linux,0
1,commit-5-correction-amd-9950x3d,run-2,3,base64-ng,encode,url-safe,unpadded,16,22,262144,12891388,310.284664,avx512-vbmi,avx512-vbmi,avx512-vbmi,x86_64,linux,0
1,commit-5-correction-amd-9950x3d,run-2,4,base64-ng,encode,url-safe,unpadded,16,22,262144,13058082,306.323701,avx512-vbmi,avx512-vbmi,avx512-vbmi,x86_64,linux,0
1,commit-5-correction-amd-9950x3d,run-2,0,base64-ng,decode,url-safe,unpadded,16,22,262144,48630537,82.252845,avx512-vbmi,avx512-vbmi,avx512-vbmi,x86_64,linux,0
1,commit-5-correction-amd-9950x3d,run-2,1,base64-ng,decode,url-safe,unpadded,16,22,262144,51468039,77.718135,avx512-vbmi,avx512-vbmi,avx512-vbmi,x86_64,linux,0
1,commit-5-correction-amd-9950x3d,run-2,2,base64-ng,decode,url-safe,unpadded,16,22,262144,48347685,82.734054,avx512-vbmi,avx512-vbmi,avx512-vbmi,x86_64,linux,0
1,commit-5-correction-amd-9950x3d,run-2,3,base64-ng,decode,url-safe,unpadded,16,22,262144,47919939,83.472560,avx512-vbmi,avx512-vbmi,avx512-vbmi,x86_64,linux,0
1,commit-5-correction-amd-9950x3d,run-2,4,base64-ng,decode,url-safe,unpadded,16,22,262144,48885358,81.824091,avx512-vbmi,avx512-vbmi,avx512-vbmi,x86_64,linux,0
1,commit-5-correction-amd-9950x3d,run-2,0,base64-0.23.0,encode,url-safe,unpadded,16,22,262144,2841690,1407.613075,external,avx512-vbmi,avx512-vbmi,x86_64,linux,0
1,commit-5-correction-amd-9950x3d,run-2,1,base64-0.23.0,encode,url-safe,unpadded,16,22,262144,2880492,1388.651661,external,avx512-vbmi,avx512-vbmi,x86_64,linux,0
1,commit-5-correction-amd-9950x3d,run-2,2,base64-0.23.0,encode,url-safe,unpadded,16,22,262144,2927501,1366.353077,external,avx512-vbmi,avx512-vbmi,x86_64,linux,0
1,commit-5-correction-amd-9950x3d,run-2,3,base64-0.23.0,encode,url-safe,unpadded,16,22,262144,2996471,1334.903625,external,avx512-vbmi,avx512-vbmi,x86_64,linux,0
1,commit-5-correction-amd-9950x3d,run-2,4,base64-0.23.0,encode,url-safe,unpadded,16,22,262144,2864102,1396.598306,external,avx512-vbmi,avx512-vbmi,x86_64,linux,0
1,commit-5-correction-amd-9950x3d,run-2,0,base64-0.23.0,decode,url-safe,unpadded,16,22,262144,4240252,943.340160,external,avx512-vbmi,avx512-vbmi,x86_64,linux,0
1,commit-5-correction-amd-9950x3d,run-2,1,base64-0.23.0,decode,url-safe,unpadded,16,22,262144,4320894,925.734350,external,avx512-vbmi,avx512-vbmi,x86_64,linux,0
1,commit-5-correction-amd-9950x3d,run-2,2,base64-0.23.0,decode,url-safe,unpadded,16,22,262144,4295737,931.155702,external,avx512-vbmi,avx512-vbmi,x86_64,linux,0
1,commit-5-correction-amd-9950x3d,run-2,3,base64-0.23.0,decode,url-safe,unpadded,16,22,262144,4267513,937.314075,external,avx512-vbmi,avx512-vbmi,x86_64,linux,0
1,commit-5-correction-amd-9950x3d,run-2,4,base64-0.23.0,decode,url-safe,unpadded,16,22,262144,4324390,924.985952,external,avx512-vbmi,avx512-vbmi,x86_64,linux,0
1,commit-5-correction-amd-9950x3d,run-2,0,base64ct-1.8.3,encode,url-safe,unpadded,16,22,262144,3805524,1051.103606,external,avx512-vbmi,avx512-vbmi,x86_64,linux,0
1,commit-5-correction-amd-9950x3d,run-2,1,base64ct-1.8.3,encode,url-safe,unpadded,16,22,262144,3535776,1131.293385,external,avx512-vbmi,avx512-vbmi,x86_64,linux,0
1,commit-5-correction-amd-9950x3d,run-2,2,base64ct-1.8.3,encode,url-safe,unpadded,16,22,262144,3714303,1076.918065,external,avx512-vbmi,avx512-vbmi,x86_64,linux,0
1,commit-5-correction-amd-9950x3d,run-2,3,base64ct-1.8.3,encode,url-safe,unpadded,16,22,262144,3235581,1236.254014,external,avx512-vbmi,avx512-vbmi,x86_64,linux,0
1,commit-5-correction-amd-9950x3d,run-2,4,base64ct-1.8.3,encode,url-safe,unpadded,16,22,262144,3334046,1199.743495,external,avx512-vbmi,avx512-vbmi,x86_64,linux,0
1,commit-5-correction-amd-9950x3d,run-2,0,base64ct-1.8.3,decode,url-safe,unpadded,16,22,262144,10398405,384.674380,external,avx512-vbmi,avx512-vbmi,x86_64,linux,0
1,commit-5-correction-amd-9950x3d,run-2,1,base64ct-1.8.3,decode,url-safe,unpadded,16,22,262144,10151771,394.019920,external,avx512-vbmi,avx512-vbmi,x86_64,linux,0
1,commit-5-correction-amd-9950x3d,run-2,2,base64ct-1.8.3,decode,url-safe,unpadded,16,22,262144,10333633,387.085549,external,avx512-vbmi,avx512-vbmi,x86_64,linux,0
1,commit-5-correction-amd-9950x3d,run-2,3,base64ct-1.8.3,decode,url-safe,unpadded,16,22,262144,10269542,389.501304,external,avx512-vbmi,avx512-vbmi,x86_64,linux,0
1,commit-5-correction-amd-9950x3d,run-2,4,base64ct-1.8.3,decode,url-safe,unpadded,16,22,262144,10230809,390.975924,external,avx512-vbmi,avx512-vbmi,x86_64,linux,0
1,commit-5-correction-amd-9950x3d,run-2,0,base64-ng,encode,url-safe,unpadded,23,31,182361,12759439,313.493332,auto,avx512-vbmi,avx512-vbmi,x86_64,linux,0
1,commit-5-correction-amd-9950x3d,run-2,1,base64-ng,encode,url-safe,unpadded,23,31,182361,12862123,310.990576,auto,avx512-vbmi,avx512-vbmi,x86_64,linux,0
1,commit-5-correction-amd-9950x3d,run-2,2,base64-ng,encode,url-safe,unpadded,23,31,182361,11974412,334.045550,auto,avx512-vbmi,avx512-vbmi,x86_64,linux,0
1,commit-5-correction-amd-9950x3d,run-2,3,base64-ng,encode,url-safe,unpadded,23,31,182361,12296388,325.298701,auto,avx512-vbmi,avx512-vbmi,x86_64,linux,0
1,commit-5-correction-amd-9950x3d,run-2,4,base64-ng,encode,url-safe,unpadded,23,31,182361,12259258,326.283944,auto,avx512-vbmi,avx512-vbmi,x86_64,linux,0
1,commit-5-correction-amd-9950x3d,run-2,0,base64-ng,decode,url-safe,unpadded,23,31,182361,41669183,95.994180,auto,avx512-vbmi,avx512-vbmi,x86_64,linux,0
1,commit-5-correction-amd-9950x3d,run-2,1,base64-ng,decode,url-safe,unpadded,23,31,182361,37999474,105.264590,auto,avx512-vbmi,avx512-vbmi,x86_64,linux,0
1,commit-5-correction-amd-9950x3d,run-2,2,base64-ng,decode,url-safe,unpadded,23,31,182361,37778729,105.879662,auto,avx512-vbmi,avx512-vbmi,x86_64,linux,0
1,commit-5-correction-amd-9950x3d,run-2,3,base64-ng,decode,url-safe,unpadded,23,31,182361,38105113,104.972764,auto,avx512-vbmi,avx512-vbmi,x86_64,linux,0
1,commit-5-correction-amd-9950x3d,run-2,4,base64-ng,decode,url-safe,unpadded,23,31,182361,38470201,103.976557,auto,avx512-vbmi,avx512-vbmi,x86_64,linux,0
1,commit-5-correction-amd-9950x3d,run-2,0,base64-ng,encode,url-safe,unpadded,23,31,182361,11859446,337.283803,scalar,avx512-vbmi,avx512-vbmi,x86_64,linux,0
1,commit-5-correction-amd-9950x3d,run-2,1,base64-ng,encode,url-safe,unpadded,23,31,182361,11929066,335.315359,scalar,avx512-vbmi,avx512-vbmi,x86_64,linux,0
1,commit-5-correction-amd-9950x3d,run-2,2,base64-ng,encode,url-safe,unpadded,23,31,182361,11861560,337.223691,scalar,avx512-vbmi,avx512-vbmi,x86_64,linux,0
1,commit-5-correction-amd-9950x3d,run-2,3,base64-ng,encode,url-safe,unpadded,23,31,182361,11875065,336.840181,scalar,avx512-vbmi,avx512-vbmi,x86_64,linux,0
1,commit-5-correction-amd-9950x3d,run-2,4,base64-ng,encode,url-safe,unpadded,23,31,182361,11867781,337.046921,scalar,avx512-vbmi,avx512-vbmi,x86_64,linux,0
1,commit-5-correction-amd-9950x3d,run-2,0,base64-ng,decode,url-safe,unpadded,23,31,182361,14482173,276.201579,scalar,avx512-vbmi,avx512-vbmi,x86_64,linux,0
1,commit-5-correction-amd-9950x3d,run-2,1,base64-ng,decode,url-safe,unpadded,23,31,182361,14527558,275.338708,scalar,avx512-vbmi,avx512-vbmi,x86_64,linux,0
1,commit-5-correction-amd-9950x3d,run-2,2,base64-ng,decode,url-safe,unpadded,23,31,182361,14880853,268.801731,scalar,avx512-vbmi,avx512-vbmi,x86_64,linux,0
1,commit-5-correction-amd-9950x3d,run-2,3,base64-ng,decode,url-safe,unpadded,23,31,182361,14954562,267.476844,scalar,avx512-vbmi,avx512-vbmi,x86_64,linux,0
1,commit-5-correction-amd-9950x3d,run-2,4,base64-ng,decode,url-safe,unpadded,23,31,182361,15182491,263.461315,scalar,avx512-vbmi,avx512-vbmi,x86_64,linux,0
1,commit-5-correction-amd-9950x3d,run-2,0,base64-ng,encode,url-safe,unpadded,23,31,182361,15317345,261.141800,ssse3-sse4.1,avx512-vbmi,avx512-vbmi,x86_64,linux,0
1,commit-5-correction-amd-9950x3d,run-2,1,base64-ng,encode,url-safe,unpadded,23,31,182361,15486022,258.297389,ssse3-sse4.1,avx512-vbmi,avx512-vbmi,x86_64,linux,0
1,commit-5-correction-amd-9950x3d,run-2,2,base64-ng,encode,url-safe,unpadded,23,31,182361,15080479,265.243501,ssse3-sse4.1,avx512-vbmi,avx512-vbmi,x86_64,linux,0
1,commit-5-correction-amd-9950x3d,run-2,3,base64-ng,encode,url-safe,unpadded,23,31,182361,15196648,263.215878,ssse3-sse4.1,avx512-vbmi,avx512-vbmi,x86_64,linux,0
1,commit-5-correction-amd-9950x3d,run-2,4,base64-ng,encode,url-safe,unpadded,23,31,182361,15399139,259.754720,ssse3-sse4.1,avx512-vbmi,avx512-vbmi,x86_64,linux,0
1,commit-5-correction-amd-9950x3d,run-2,0,base64-ng,decode,url-safe,unpadded,23,31,182361,37815838,105.775761,ssse3-sse4.1,avx512-vbmi,avx512-vbmi,x86_64,linux,0
1,commit-5-correction-amd-9950x3d,run-2,1,base64-ng,decode,url-safe,unpadded,23,31,182361,39205875,102.025501,ssse3-sse4.1,avx512-vbmi,avx512-vbmi,x86_64,linux,0
1,commit-5-correction-amd-9950x3d,run-2,2,base64-ng,decode,url-safe,unpadded,23,31,182361,39232866,101.955311,ssse3-sse4.1,avx512-vbmi,avx512-vbmi,x86_64,linux,0
1,commit-5-correction-amd-9950x3d,run-2,3,base64-ng,decode,url-safe,unpadded,23,31,182361,40022953,99.942627,ssse3-sse4.1,avx512-vbmi,avx512-vbmi,x86_64,linux,0
1,commit-5-correction-amd-9950x3d,run-2,4,base64-ng,decode,url-safe,unpadded,23,31,182361,39848605,100.379902,ssse3-sse4.1,avx512-vbmi,avx512-vbmi,x86_64,linux,0
1,commit-5-correction-amd-9950x3d,run-2,0,base64-ng,encode,url-safe,unpadded,23,31,182361,12268766,326.031081,avx2,avx512-vbmi,avx512-vbmi,x86_64,linux,0
1,commit-5-correction-amd-9950x3d,run-2,1,base64-ng,encode,url-safe,unpadded,23,31,182361,12623194,316.876937,avx2,avx512-vbmi,avx512-vbmi,x86_64,linux,0
1,commit-5-correction-amd-9950x3d,run-2,2,base64-ng,encode,url-safe,unpadded,23,31,182361,12836926,311.601005,avx2,avx512-vbmi,avx512-vbmi,x86_64,linux,0
1,commit-5-correction-amd-9950x3d,run-2,3,base64-ng,encode,url-safe,unpadded,23,31,182361,12161213,328.914480,avx2,avx512-vbmi,avx512-vbmi,x86_64,linux,0
1,commit-5-correction-amd-9950x3d,run-2,4,base64-ng,encode,url-safe,unpadded,23,31,182361,12240553,326.782544,avx2,avx512-vbmi,avx512-vbmi,x86_64,linux,0
1,commit-5-correction-amd-9950x3d,run-2,0,base64-ng,decode,url-safe,unpadded,23,31,182361,38181847,104.761801,avx2,avx512-vbmi,avx512-vbmi,x86_64,linux,0
1,commit-5-correction-amd-9950x3d,run-2,1,base64-ng,decode,url-safe,unpadded,23,31,182361,38548047,103.766581,avx2,avx512-vbmi,avx512-vbmi,x86_64,linux,0
1,commit-5-correction-amd-9950x3d,run-2,2,base64-ng,decode,url-safe,unpadded,23,31,182361,39503967,101.255629,avx2,avx512-vbmi,avx512-vbmi,x86_64,linux,0
1,commit-5-correction-amd-9950x3d,run-2,3,base64-ng,decode,url-safe,unpadded,23,31,182361,38407462,104.146404,avx2,avx512-vbmi,avx512-vbmi,x86_64,linux,0
1,commit-5-correction-amd-9950x3d,run-2,4,base64-ng,decode,url-safe,unpadded,23,31,182361,37922580,105.478030,avx2,avx512-vbmi,avx512-vbmi,x86_64,linux,0
1,commit-5-correction-amd-9950x3d,run-2,0,base64-ng,encode,url-safe,unpadded,23,31,182361,12110077,330.303354,avx512-vbmi,avx512-vbmi,avx512-vbmi,x86_64,linux,0
1,commit-5-correction-amd-9950x3d,run-2,1,base64-ng,encode,url-safe,unpadded,23,31,182361,12944168,309.019401,avx512-vbmi,avx512-vbmi,avx512-vbmi,x86_64,linux,0
1,commit-5-correction-amd-9950x3d,run-2,2,base64-ng,encode,url-safe,unpadded,23,31,182361,12398781,322.612283,avx512-vbmi,avx512-vbmi,avx512-vbmi,x86_64,linux,0
1,commit-5-correction-amd-9950x3d,run-2,3,base64-ng,encode,url-safe,unpadded,23,31,182361,12160362,328.937498,avx512-vbmi,avx512-vbmi,avx512-vbmi,x86_64,linux,0
1,commit-5-correction-amd-9950x3d,run-2,4,base64-ng,encode,url-safe,unpadded,23,31,182361,12067778,331.461106,avx512-vbmi,avx512-vbmi,avx512-vbmi,x86_64,linux,0
1,commit-5-correction-amd-9950x3d,run-2,0,base64-ng,decode,url-safe,unpadded,23,31,182361,37988434,105.295181,avx512-vbmi,avx512-vbmi,avx512-vbmi,x86_64,linux,0
1,commit-5-correction-amd-9950x3d,run-2,1,base64-ng,decode,url-safe,unpadded,23,31,182361,38213978,104.673715,avx512-vbmi,avx512-vbmi,avx512-vbmi,x86_64,linux,0
1,commit-5-correction-amd-9950x3d,run-2,2,base64-ng,decode,url-safe,unpadded,23,31,182361,37991519,105.286631,avx512-vbmi,avx512-vbmi,avx512-vbmi,x86_64,linux,0
1,commit-5-correction-amd-9950x3d,run-2,3,base64-ng,decode,url-safe,unpadded,23,31,182361,38041935,105.147097,avx512-vbmi,avx512-vbmi,avx512-vbmi,x86_64,linux,0
1,commit-5-correction-amd-9950x3d,run-2,4,base64-ng,decode,url-safe,unpadded,23,31,182361,38289681,104.466763,avx512-vbmi,avx512-vbmi,avx512-vbmi,x86_64,linux,0
1,commit-5-correction-amd-9950x3d,run-2,0,base64-0.23.0,encode,url-safe,unpadded,23,31,182361,2312744,1729.546827,external,avx512-vbmi,avx512-vbmi,x86_64,linux,0
1,commit-5-correction-amd-9950x3d,run-2,1,base64-0.23.0,encode,url-safe,unpadded,23,31,182361,2358600,1695.920905,external,avx512-vbmi,avx512-vbmi,x86_64,linux,0
1,commit-5-correction-amd-9950x3d,run-2,2,base64-0.23.0,encode,url-safe,unpadded,23,31,182361,2379620,1680.940254,external,avx512-vbmi,avx512-vbmi,x86_64,linux,0
1,commit-5-correction-amd-9950x3d,run-2,3,base64-0.23.0,encode,url-safe,unpadded,23,31,182361,2376634,1683.052185,external,avx512-vbmi,avx512-vbmi,x86_64,linux,0
1,commit-5-correction-amd-9950x3d,run-2,4,base64-0.23.0,encode,url-safe,unpadded,23,31,182361,2447948,1634.021248,external,avx512-vbmi,avx512-vbmi,x86_64,linux,0
1,commit-5-correction-amd-9950x3d,run-2,0,base64-0.23.0,decode,url-safe,unpadded,23,31,182361,3547678,1127.497774,external,avx512-vbmi,avx512-vbmi,x86_64,linux,0
1,commit-5-correction-amd-9950x3d,run-2,1,base64-0.23.0,decode,url-safe,unpadded,23,31,182361,3416171,1170.901295,external,avx512-vbmi,avx512-vbmi,x86_64,linux,0
1,commit-5-correction-amd-9950x3d,run-2,2,base64-0.23.0,decode,url-safe,unpadded,23,31,182361,3426040,1167.528414,external,avx512-vbmi,avx512-vbmi,x86_64,linux,0
1,commit-5-correction-amd-9950x3d,run-2,3,base64-0.23.0,decode,url-safe,unpadded,23,31,182361,3413967,1171.657209,external,avx512-vbmi,avx512-vbmi,x86_64,linux,0
1,commit-5-correction-amd-9950x3d,run-2,4,base64-0.23.0,decode,url-safe,unpadded,23,31,182361,3430948,1165.858254,external,avx512-vbmi,avx512-vbmi,x86_64,linux,0
1,commit-5-correction-amd-9950x3d,run-2,0,base64ct-1.8.3,encode,url-safe,unpadded,23,31,182361,2946707,1357.447159,external,avx512-vbmi,avx512-vbmi,x86_64,linux,0
1,commit-5-correction-amd-9950x3d,run-2,1,base64ct-1.8.3,encode,url-safe,unpadded,23,31,182361,2796685,1430.264419,external,avx512-vbmi,avx512-vbmi,x86_64,linux,0
1,commit-5-correction-amd-9950x3d,run-2,2,base64ct-1.8.3,encode,url-safe,unpadded,23,31,182361,2821692,1417.588825,external,avx512-vbmi,avx512-vbmi,x86_64,linux,0
1,commit-5-correction-amd-9950x3d,run-2,3,base64ct-1.8.3,encode,url-safe,unpadded,23,31,182361,2806012,1425.510314,external,avx512-vbmi,avx512-vbmi,x86_64,linux,0
1,commit-5-correction-amd-9950x3d,run-2,4,base64ct-1.8.3,encode,url-safe,unpadded,23,31,182361,2796745,1430.233735,external,avx512-vbmi,avx512-vbmi,x86_64,linux,0
1,commit-5-correction-amd-9950x3d,run-2,0,base64ct-1.8.3,decode,url-safe,unpadded,23,31,182361,8991847,444.847321,external,avx512-vbmi,avx512-vbmi,x86_64,linux,0
1,commit-5-correction-amd-9950x3d,run-2,1,base64ct-1.8.3,decode,url-safe,unpadded,23,31,182361,9023457,443.288980,external,avx512-vbmi,avx512-vbmi,x86_64,linux,0
1,commit-5-correction-amd-9950x3d,run-2,2,base64ct-1.8.3,decode,url-safe,unpadded,23,31,182361,8895977,449.641343,external,avx512-vbmi,avx512-vbmi,x86_64,linux,0
1,commit-5-correction-amd-9950x3d,run-2,3,base64ct-1.8.3,decode,url-safe,unpadded,23,31,182361,8992609,444.809626,external,avx512-vbmi,avx512-vbmi,x86_64,linux,0
1,commit-5-correction-amd-9950x3d,run-2,4,base64ct-1.8.3,decode,url-safe,unpadded,23,31,182361,8953986,446.728311,external,avx512-vbmi,avx512-vbmi,x86_64,linux,0
1,commit-5-correction-amd-9950x3d,run-2,0,base64-ng,encode,url-safe,unpadded,24,32,174762,12111681,330.258429,auto,avx512-vbmi,avx512-vbmi,x86_64,linux,0
1,commit-5-correction-amd-9950x3d,run-2,1,base64-ng,encode,url-safe,unpadded,24,32,174762,12010189,333.049275,auto,avx512-vbmi,avx512-vbmi,x86_64,linux,0
1,commit-5-correction-amd-9950x3d,run-2,2,base64-ng,encode,url-safe,unpadded,24,32,174762,11974843,334.032333,auto,avx512-vbmi,avx512-vbmi,x86_64,linux,0
1,commit-5-correction-amd-9950x3d,run-2,3,base64-ng,encode,url-safe,unpadded,24,32,174762,11937222,335.085059,auto,avx512-vbmi,avx512-vbmi,x86_64,linux,0
1,commit-5-correction-amd-9950x3d,run-2,4,base64-ng,encode,url-safe,unpadded,24,32,174762,12022021,332.721490,auto,avx512-vbmi,avx512-vbmi,x86_64,linux,0
1,commit-5-correction-amd-9950x3d,run-2,0,base64-ng,decode,url-safe,unpadded,24,32,174762,38470140,103.976350,auto,avx512-vbmi,avx512-vbmi,x86_64,linux,0
1,commit-5-correction-amd-9950x3d,run-2,1,base64-ng,decode,url-safe,unpadded,24,32,174762,38715893,103.316350,auto,avx512-vbmi,avx512-vbmi,x86_64,linux,0
1,commit-5-correction-amd-9950x3d,run-2,2,base64-ng,decode,url-safe,unpadded,24,32,174762,38261147,104.544298,auto,avx512-vbmi,avx512-vbmi,x86_64,linux,0
1,commit-5-correction-amd-9950x3d,run-2,3,base64-ng,decode,url-safe,unpadded,24,32,174762,38276536,104.502266,auto,avx512-vbmi,avx512-vbmi,x86_64,linux,0
1,commit-5-correction-amd-9950x3d,run-2,4,base64-ng,decode,url-safe,unpadded,24,32,174762,38074025,105.058100,auto,avx512-vbmi,avx512-vbmi,x86_64,linux,0
1,commit-5-correction-amd-9950x3d,run-2,0,base64-ng,encode,url-safe,unpadded,24,32,174762,11985553,333.733850,scalar,avx512-vbmi,avx512-vbmi,x86_64,linux,0
1,commit-5-correction-amd-9950x3d,run-2,1,base64-ng,encode,url-safe,unpadded,24,32,174762,12409561,322.330882,scalar,avx512-vbmi,avx512-vbmi,x86_64,linux,0
1,commit-5-correction-amd-9950x3d,run-2,2,base64-ng,encode,url-safe,unpadded,24,32,174762,12236946,326.877698,scalar,avx512-vbmi,avx512-vbmi,x86_64,linux,0
1,commit-5-correction-amd-9950x3d,run-2,3,base64-ng,encode,url-safe,unpadded,24,32,174762,11915701,335.690258,scalar,avx512-vbmi,avx512-vbmi,x86_64,linux,0
1,commit-5-correction-amd-9950x3d,run-2,4,base64-ng,encode,url-safe,unpadded,24,32,174762,11865637,337.106616,scalar,avx512-vbmi,avx512-vbmi,x86_64,linux,0
1,commit-5-correction-amd-9950x3d,run-2,0,base64-ng,decode,url-safe,unpadded,24,32,174762,14354953,278.648404,scalar,avx512-vbmi,avx512-vbmi,x86_64,linux,0
1,commit-5-correction-amd-9950x3d,run-2,1,base64-ng,decode,url-safe,unpadded,24,32,174762,14369961,278.357383,scalar,avx512-vbmi,avx512-vbmi,x86_64,linux,0
1,commit-5-correction-amd-9950x3d,run-2,2,base64-ng,decode,url-safe,unpadded,24,32,174762,14367296,278.409016,scalar,avx512-vbmi,avx512-vbmi,x86_64,linux,0
1,commit-5-correction-amd-9950x3d,run-2,3,base64-ng,decode,url-safe,unpadded,24,32,174762,14338402,278.970051,scalar,avx512-vbmi,avx512-vbmi,x86_64,linux,0
1,commit-5-correction-amd-9950x3d,run-2,4,base64-ng,decode,url-safe,unpadded,24,32,174762,14346267,278.817113,scalar,avx512-vbmi,avx512-vbmi,x86_64,linux,0
1,commit-5-correction-amd-9950x3d,run-2,0,base64-ng,encode,url-safe,unpadded,24,32,174762,16012965,249.796633,ssse3-sse4.1,avx512-vbmi,avx512-vbmi,x86_64,linux,0
1,commit-5-correction-amd-9950x3d,run-2,1,base64-ng,encode,url-safe,unpadded,24,32,174762,15525517,257.639391,ssse3-sse4.1,avx512-vbmi,avx512-vbmi,x86_64,linux,0
1,commit-5-correction-amd-9950x3d,run-2,2,base64-ng,encode,url-safe,unpadded,24,32,174762,15519887,257.732852,ssse3-sse4.1,avx512-vbmi,avx512-vbmi,x86_64,linux,0
1,commit-5-correction-amd-9950x3d,run-2,3,base64-ng,encode,url-safe,unpadded,24,32,174762,15426701,259.289704,ssse3-sse4.1,avx512-vbmi,avx512-vbmi,x86_64,linux,0
1,commit-5-correction-amd-9950x3d,run-2,4,base64-ng,encode,url-safe,unpadded,24,32,174762,16098706,248.466227,ssse3-sse4.1,avx512-vbmi,avx512-vbmi,x86_64,linux,0
1,commit-5-correction-amd-9950x3d,run-2,0,base64-ng,decode,url-safe,unpadded,24,32,174762,55236884,72.415105,ssse3-sse4.1,avx512-vbmi,avx512-vbmi,x86_64,linux,0
1,commit-5-correction-amd-9950x3d,run-2,1,base64-ng,decode,url-safe,unpadded,24,32,174762,55291987,72.342937,ssse3-sse4.1,avx512-vbmi,avx512-vbmi,x86_64,linux,0
1,commit-5-correction-amd-9950x3d,run-2,2,base64-ng,decode,url-safe,unpadded,24,32,174762,56356882,70.975977,ssse3-sse4.1,avx512-vbmi,avx512-vbmi,x86_64,linux,0
1,commit-5-correction-amd-9950x3d,run-2,3,base64-ng,decode,url-safe,unpadded,24,32,174762,56340482,70.996637,ssse3-sse4.1,avx512-vbmi,avx512-vbmi,x86_64,linux,0
1,commit-5-correction-amd-9950x3d,run-2,4,base64-ng,decode,url-safe,unpadded,24,32,174762,54108119,73.925777,ssse3-sse4.1,avx512-vbmi,avx512-vbmi,x86_64,linux,0
1,commit-5-correction-amd-9950x3d,run-2,0,base64-ng,encode,url-safe,unpadded,24,32,174762,9968646,401.256574,avx2,avx512-vbmi,avx512-vbmi,x86_64,linux,0
1,commit-5-correction-amd-9950x3d,run-2,1,base64-ng,encode,url-safe,unpadded,24,32,174762,9786333,408.731722,avx2,avx512-vbmi,avx512-vbmi,x86_64,linux,0
1,commit-5-correction-amd-9950x3d,run-2,2,base64-ng,encode,url-safe,unpadded,24,32,174762,10062563,397.511523,avx2,avx512-vbmi,avx512-vbmi,x86_64,linux,0
1,commit-5-correction-amd-9950x3d,run-2,3,base64-ng,encode,url-safe,unpadded,24,32,174762,9955832,401.773025,avx2,avx512-vbmi,avx512-vbmi,x86_64,linux,0
1,commit-5-correction-amd-9950x3d,run-2,4,base64-ng,encode,url-safe,unpadded,24,32,174762,10152453,393.991949,avx2,avx512-vbmi,avx512-vbmi,x86_64,linux,0
1,commit-5-correction-amd-9950x3d,run-2,0,base64-ng,decode,url-safe,unpadded,24,32,174762,38428302,104.089552,avx2,avx512-vbmi,avx512-vbmi,x86_64,linux,0
1,commit-5-correction-amd-9950x3d,run-2,1,base64-ng,decode,url-safe,unpadded,24,32,174762,38337400,104.336359,avx2,avx512-vbmi,avx512-vbmi,x86_64,linux,0
1,commit-5-correction-amd-9950x3d,run-2,2,base64-ng,decode,url-safe,unpadded,24,32,174762,39010086,102.537194,avx2,avx512-vbmi,avx512-vbmi,x86_64,linux,0
1,commit-5-correction-amd-9950x3d,run-2,3,base64-ng,decode,url-safe,unpadded,24,32,174762,39149269,102.172655,avx2,avx512-vbmi,avx512-vbmi,x86_64,linux,0
1,commit-5-correction-amd-9950x3d,run-2,4,base64-ng,decode,url-safe,unpadded,24,32,174762,39442150,101.413963,avx2,avx512-vbmi,avx512-vbmi,x86_64,linux,0
1,commit-5-correction-amd-9950x3d,run-2,0,base64-ng,encode,url-safe,unpadded,24,32,174762,12323429,324.583745,avx512-vbmi,avx512-vbmi,avx512-vbmi,x86_64,linux,0
1,commit-5-correction-amd-9950x3d,run-2,1,base64-ng,encode,url-safe,unpadded,24,32,174762,12432053,321.747723,avx512-vbmi,avx512-vbmi,avx512-vbmi,x86_64,linux,0
1,commit-5-correction-amd-9950x3d,run-2,2,base64-ng,encode,url-safe,unpadded,24,32,174762,12613505,317.119210,avx512-vbmi,avx512-vbmi,avx512-vbmi,x86_64,linux,0
1,commit-5-correction-amd-9950x3d,run-2,3,base64-ng,encode,url-safe,unpadded,24,32,174762,12431733,321.756005,avx512-vbmi,avx512-vbmi,avx512-vbmi,x86_64,linux,0
1,commit-5-correction-amd-9950x3d,run-2,4,base64-ng,encode,url-safe,unpadded,24,32,174762,12328538,324.449236,avx512-vbmi,avx512-vbmi,avx512-vbmi,x86_64,linux,0
1,commit-5-correction-amd-9950x3d,run-2,0,base64-ng,decode,url-safe,unpadded,24,32,174762,38642534,103.512486,avx512-vbmi,avx512-vbmi,avx512-vbmi,x86_64,linux,0
1,commit-5-correction-amd-9950x3d,run-2,1,base64-ng,decode,url-safe,unpadded,24,32,174762,38950685,102.693566,avx512-vbmi,avx512-vbmi,avx512-vbmi,x86_64,linux,0
1,commit-5-correction-amd-9950x3d,run-2,2,base64-ng,decode,url-safe,unpadded,24,32,174762,38948672,102.698874,avx512-vbmi,avx512-vbmi,avx512-vbmi,x86_64,linux,0
1,commit-5-correction-amd-9950x3d,run-2,3,base64-ng,decode,url-safe,unpadded,24,32,174762,39030675,102.483104,avx512-vbmi,avx512-vbmi,avx512-vbmi,x86_64,linux,0
1,commit-5-correction-amd-9950x3d,run-2,4,base64-ng,decode,url-safe,unpadded,24,32,174762,38681137,103.409182,avx512-vbmi,avx512-vbmi,avx512-vbmi,x86_64,linux,0
1,commit-5-correction-amd-9950x3d,run-2,0,base64-0.23.0,encode,url-safe,unpadded,24,32,174762,2248382,1779.050331,external,avx512-vbmi,avx512-vbmi,x86_64,linux,0
1,commit-5-correction-amd-9950x3d,run-2,1,base64-0.23.0,encode,url-safe,unpadded,24,32,174762,2297064,1741.346667,external,avx512-vbmi,avx512-vbmi,x86_64,linux,0
1,commit-5-correction-amd-9950x3d,run-2,2,base64-0.23.0,encode,url-safe,unpadded,24,32,174762,2283810,1751.452503,external,avx512-vbmi,avx512-vbmi,x86_64,linux,0
1,commit-5-correction-amd-9950x3d,run-2,3,base64-0.23.0,encode,url-safe,unpadded,24,32,174762,2280663,1753.869266,external,avx512-vbmi,avx512-vbmi,x86_64,linux,0
1,commit-5-correction-amd-9950x3d,run-2,4,base64-0.23.0,encode,url-safe,unpadded,24,32,174762,2317352,1726.101490,external,avx512-vbmi,avx512-vbmi,x86_64,linux,0
1,commit-5-correction-amd-9950x3d,run-2,0,base64-0.23.0,decode,url-safe,unpadded,24,32,174762,3422122,1168.860941,external,avx512-vbmi,avx512-vbmi,x86_64,linux,0
1,commit-5-correction-amd-9950x3d,run-2,1,base64-0.23.0,decode,url-safe,unpadded,24,32,174762,3429376,1166.388504,external,avx512-vbmi,avx512-vbmi,x86_64,linux,0
1,commit-5-correction-amd-9950x3d,run-2,2,base64-0.23.0,decode,url-safe,unpadded,24,32,174762,3421351,1169.124343,external,avx512-vbmi,avx512-vbmi,x86_64,linux,0
1,commit-5-correction-amd-9950x3d,run-2,3,base64-0.23.0,decode,url-safe,unpadded,24,32,174762,3424828,1167.937409,external,avx512-vbmi,avx512-vbmi,x86_64,linux,0
1,commit-5-correction-amd-9950x3d,run-2,4,base64-0.23.0,decode,url-safe,unpadded,24,32,174762,3434084,1164.789429,external,avx512-vbmi,avx512-vbmi,x86_64,linux,0
1,commit-5-correction-amd-9950x3d,run-2,0,base64ct-1.8.3,encode,url-safe,unpadded,24,32,174762,2884601,1386.668292,external,avx512-vbmi,avx512-vbmi,x86_64,linux,0
1,commit-5-correction-amd-9950x3d,run-2,1,base64ct-1.8.3,encode,url-safe,unpadded,24,32,174762,2877908,1389.893194,external,avx512-vbmi,avx512-vbmi,x86_64,linux,0
1,commit-5-correction-amd-9950x3d,run-2,2,base64ct-1.8.3,encode,url-safe,unpadded,24,32,174762,2910199,1374.471210,external,avx512-vbmi,avx512-vbmi,x86_64,linux,0
1,commit-5-correction-amd-9950x3d,run-2,3,base64ct-1.8.3,encode,url-safe,unpadded,24,32,174762,2909127,1374.977696,external,avx512-vbmi,avx512-vbmi,x86_64,linux,0
1,commit-5-correction-amd-9950x3d,run-2,4,base64ct-1.8.3,encode,url-safe,unpadded,24,32,174762,2901121,1378.772116,external,avx512-vbmi,avx512-vbmi,x86_64,linux,0
1,commit-5-correction-amd-9950x3d,run-2,0,base64ct-1.8.3,decode,url-safe,unpadded,24,32,174762,7148968,559.519184,external,avx512-vbmi,avx512-vbmi,x86_64,linux,0
1,commit-5-correction-amd-9950x3d,run-2,1,base64ct-1.8.3,decode,url-safe,unpadded,24,32,174762,7172934,557.649735,external,avx512-vbmi,avx512-vbmi,x86_64,linux,0
1,commit-5-correction-amd-9950x3d,run-2,2,base64ct-1.8.3,decode,url-safe,unpadded,24,32,174762,7171020,557.798576,external,avx512-vbmi,avx512-vbmi,x86_64,linux,0
1,commit-5-correction-amd-9950x3d,run-2,3,base64ct-1.8.3,decode,url-safe,unpadded,24,32,174762,7091230,564.074884,external,avx512-vbmi,avx512-vbmi,x86_64,linux,0
1,commit-5-correction-amd-9950x3d,run-2,4,base64ct-1.8.3,decode,url-safe,unpadded,24,32,174762,7095227,563.757120,external,avx512-vbmi,avx512-vbmi,x86_64,linux,0
1,commit-5-correction-amd-9950x3d,run-2,0,base64-ng,encode,url-safe,unpadded,31,42,135300,11981706,333.841958,auto,avx512-vbmi,avx512-vbmi,x86_64,linux,0
1,commit-5-correction-amd-9950x3d,run-2,1,base64-ng,encode,url-safe,unpadded,31,42,135300,11970194,334.163021,auto,avx512-vbmi,avx512-vbmi,x86_64,linux,0
1,commit-5-correction-amd-9950x3d,run-2,2,base64-ng,encode,url-safe,unpadded,31,42,135300,11982246,333.826912,auto,avx512-vbmi,avx512-vbmi,x86_64,linux,0
1,commit-5-correction-amd-9950x3d,run-2,3,base64-ng,encode,url-safe,unpadded,31,42,135300,12035597,332.347135,auto,avx512-vbmi,avx512-vbmi,x86_64,linux,0
1,commit-5-correction-amd-9950x3d,run-2,4,base64-ng,encode,url-safe,unpadded,31,42,135300,12009048,333.081872,auto,avx512-vbmi,avx512-vbmi,x86_64,linux,0
1,commit-5-correction-amd-9950x3d,run-2,0,base64-ng,decode,url-safe,unpadded,31,42,135300,34750909,115.104793,auto,avx512-vbmi,avx512-vbmi,x86_64,linux,0
1,commit-5-correction-amd-9950x3d,run-2,1,base64-ng,decode,url-safe,unpadded,31,42,135300,34241690,116.816553,auto,avx512-vbmi,avx512-vbmi,x86_64,linux,0
1,commit-5-correction-amd-9950x3d,run-2,2,base64-ng,decode,url-safe,unpadded,31,42,135300,34293567,116.639841,auto,avx512-vbmi,avx512-vbmi,x86_64,linux,0
1,commit-5-correction-amd-9950x3d,run-2,3,base64-ng,decode,url-safe,unpadded,31,42,135300,35162754,113.756624,auto,avx512-vbmi,avx512-vbmi,x86_64,linux,0
1,commit-5-correction-amd-9950x3d,run-2,4,base64-ng,decode,url-safe,unpadded,31,42,135300,34784332,114.994193,auto,avx512-vbmi,avx512-vbmi,x86_64,linux,0
1,commit-5-correction-amd-9950x3d,run-2,0,base64-ng,encode,url-safe,unpadded,31,42,135300,11794874,339.130048,scalar,avx512-vbmi,avx512-vbmi,x86_64,linux,0
1,commit-5-correction-amd-9950x3d,run-2,1,base64-ng,encode,url-safe,unpadded,31,42,135300,11919198,335.592729,scalar,avx512-vbmi,avx512-vbmi,x86_64,linux,0
1,commit-5-correction-amd-9950x3d,run-2,2,base64-ng,encode,url-safe,unpadded,31,42,135300,11766410,339.950434,scalar,avx512-vbmi,avx512-vbmi,x86_64,linux,0
1,commit-5-correction-amd-9950x3d,run-2,3,base64-ng,encode,url-safe,unpadded,31,42,135300,11776459,339.660350,scalar,avx512-vbmi,avx512-vbmi,x86_64,linux,0
1,commit-5-correction-amd-9950x3d,run-2,4,base64-ng,encode,url-safe,unpadded,31,42,135300,11882128,336.639715,scalar,avx512-vbmi,avx512-vbmi,x86_64,linux,0
1,commit-5-correction-amd-9950x3d,run-2,0,base64-ng,decode,url-safe,unpadded,31,42,135300,14549981,274.914186,scalar,avx512-vbmi,avx512-vbmi,x86_64,linux,0
1,commit-5-correction-amd-9950x3d,run-2,1,base64-ng,decode,url-safe,unpadded,31,42,135300,14974880,267.113739,scalar,avx512-vbmi,avx512-vbmi,x86_64,linux,0
1,commit-5-correction-amd-9950x3d,run-2,2,base64-ng,decode,url-safe,unpadded,31,42,135300,16028654,249.552844,scalar,avx512-vbmi,avx512-vbmi,x86_64,linux,0
1,commit-5-correction-amd-9950x3d,run-2,3,base64-ng,decode,url-safe,unpadded,31,42,135300,15230522,262.630275,scalar,avx512-vbmi,avx512-vbmi,x86_64,linux,0
1,commit-5-correction-amd-9950x3d,run-2,4,base64-ng,decode,url-safe,unpadded,31,42,135300,14754846,271.097115,scalar,avx512-vbmi,avx512-vbmi,x86_64,linux,0
1,commit-5-correction-amd-9950x3d,run-2,0,base64-ng,encode,url-safe,unpadded,31,42,135300,14682359,272.435525,ssse3-sse4.1,avx512-vbmi,avx512-vbmi,x86_64,linux,0
1,commit-5-correction-amd-9950x3d,run-2,1,base64-ng,encode,url-safe,unpadded,31,42,135300,14539360,275.115011,ssse3-sse4.1,avx512-vbmi,avx512-vbmi,x86_64,linux,0
1,commit-5-correction-amd-9950x3d,run-2,2,base64-ng,encode,url-safe,unpadded,31,42,135300,14511127,275.650278,ssse3-sse4.1,avx512-vbmi,avx512-vbmi,x86_64,linux,0
1,commit-5-correction-amd-9950x3d,run-2,3,base64-ng,encode,url-safe,unpadded,31,42,135300,14467075,276.489628,ssse3-sse4.1,avx512-vbmi,avx512-vbmi,x86_64,linux,0
1,commit-5-correction-amd-9950x3d,run-2,4,base64-ng,encode,url-safe,unpadded,31,42,135300,14462736,276.572578,ssse3-sse4.1,avx512-vbmi,avx512-vbmi,x86_64,linux,0
1,commit-5-correction-amd-9950x3d,run-2,0,base64-ng,decode,url-safe,unpadded,31,42,135300,45969458,87.014212,ssse3-sse4.1,avx512-vbmi,avx512-vbmi,x86_64,linux,0
1,commit-5-correction-amd-9950x3d,run-2,1,base64-ng,decode,url-safe,unpadded,31,42,135300,45846476,87.247626,ssse3-sse4.1,avx512-vbmi,avx512-vbmi,x86_64,linux,0
1,commit-5-correction-amd-9950x3d,run-2,2,base64-ng,decode,url-safe,unpadded,31,42,135300,45754082,87.423810,ssse3-sse4.1,avx512-vbmi,avx512-vbmi,x86_64,linux,0
1,commit-5-correction-amd-9950x3d,run-2,3,base64-ng,decode,url-safe,unpadded,31,42,135300,45859360,87.223114,ssse3-sse4.1,avx512-vbmi,avx512-vbmi,x86_64,linux,0
1,commit-5-correction-amd-9950x3d,run-2,4,base64-ng,decode,url-safe,unpadded,31,42,135300,46417151,86.174961,ssse3-sse4.1,avx512-vbmi,avx512-vbmi,x86_64,linux,0
1,commit-5-correction-amd-9950x3d,run-2,0,base64-ng,encode,url-safe,unpadded,31,42,135300,10095635,396.210460,avx2,avx512-vbmi,avx512-vbmi,x86_64,linux,0
1,commit-5-correction-amd-9950x3d,run-2,1,base64-ng,encode,url-safe,unpadded,31,42,135300,10114951,395.453837,avx2,avx512-vbmi,avx512-vbmi,x86_64,linux,0
1,commit-5-correction-amd-9950x3d,run-2,2,base64-ng,encode,url-safe,unpadded,31,42,135300,10055480,397.792665,avx2,avx512-vbmi,avx512-vbmi,x86_64,linux,0
1,commit-5-correction-amd-9950x3d,run-2,3,base64-ng,encode,url-safe,unpadded,31,42,135300,10072843,397.106972,avx2,avx512-vbmi,avx512-vbmi,x86_64,linux,0
1,commit-5-correction-amd-9950x3d,run-2,4,base64-ng,encode,url-safe,unpadded,31,42,135300,10083051,396.704944,avx2,avx512-vbmi,avx512-vbmi,x86_64,linux,0
1,commit-5-correction-amd-9950x3d,run-2,0,base64-ng,decode,url-safe,unpadded,31,42,135300,33391159,119.792074,avx2,avx512-vbmi,avx512-vbmi,x86_64,linux,0
1,commit-5-correction-amd-9950x3d,run-2,1,base64-ng,decode,url-safe,unpadded,31,42,135300,33824835,118.256192,avx2,avx512-vbmi,avx512-vbmi,x86_64,linux,0
1,commit-5-correction-amd-9950x3d,run-2,2,base64-ng,decode,url-safe,unpadded,31,42,135300,33574725,119.137124,avx2,avx512-vbmi,avx512-vbmi,x86_64,linux,0
1,commit-5-correction-amd-9950x3d,run-2,3,base64-ng,decode,url-safe,unpadded,31,42,135300,33932358,117.881468,avx2,avx512-vbmi,avx512-vbmi,x86_64,linux,0
1,commit-5-correction-amd-9950x3d,run-2,4,base64-ng,decode,url-safe,unpadded,31,42,135300,34540623,115.805560,avx2,avx512-vbmi,avx512-vbmi,x86_64,linux,0
1,commit-5-correction-amd-9950x3d,run-2,0,base64-ng,encode,url-safe,unpadded,31,42,135300,11858223,337.318347,avx512-vbmi,avx512-vbmi,avx512-vbmi,x86_64,linux,0
1,commit-5-correction-amd-9950x3d,run-2,1,base64-ng,encode,url-safe,unpadded,31,42,135300,11965876,334.283607,avx512-vbmi,avx512-vbmi,avx512-vbmi,x86_64,linux,0
1,commit-5-correction-amd-9950x3d,run-2,2,base64-ng,encode,url-safe,unpadded,31,42,135300,11820973,338.381298,avx512-vbmi,avx512-vbmi,avx512-vbmi,x86_64,linux,0
1,commit-5-correction-amd-9950x3d,run-2,3,base64-ng,encode,url-safe,unpadded,31,42,135300,11843786,337.729522,avx512-vbmi,avx512-vbmi,avx512-vbmi,x86_64,linux,0
1,commit-5-correction-amd-9950x3d,run-2,4,base64-ng,encode,url-safe,unpadded,31,42,135300,11879293,336.720054,avx512-vbmi,avx512-vbmi,avx512-vbmi,x86_64,linux,0
1,commit-5-correction-amd-9950x3d,run-2,0,base64-ng,decode,url-safe,unpadded,31,42,135300,33697977,118.701374,avx512-vbmi,avx512-vbmi,avx512-vbmi,x86_64,linux,0
1,commit-5-correction-amd-9950x3d,run-2,1,base64-ng,decode,url-safe,unpadded,31,42,135300,33615992,118.990872,avx512-vbmi,avx512-vbmi,avx512-vbmi,x86_64,linux,0
1,commit-5-correction-amd-9950x3d,run-2,2,base64-ng,decode,url-safe,unpadded,31,42,135300,33625921,118.955736,avx512-vbmi,avx512-vbmi,avx512-vbmi,x86_64,linux,0
1,commit-5-correction-amd-9950x3d,run-2,3,base64-ng,decode,url-safe,unpadded,31,42,135300,34241080,116.818634,avx512-vbmi,avx512-vbmi,avx512-vbmi,x86_64,linux,0
1,commit-5-correction-amd-9950x3d,run-2,4,base64-ng,decode,url-safe,unpadded,31,42,135300,34360363,116.413095,avx512-vbmi,avx512-vbmi,avx512-vbmi,x86_64,linux,0
1,commit-5-correction-amd-9950x3d,run-2,0,base64-0.23.0,encode,url-safe,unpadded,31,42,135300,1724016,2320.161869,external,avx512-vbmi,avx512-vbmi,x86_64,linux,0
1,commit-5-correction-amd-9950x3d,run-2,1,base64-0.23.0,encode,url-safe,unpadded,31,42,135300,1768789,2261.432079,external,avx512-vbmi,avx512-vbmi,x86_64,linux,0
1,commit-5-correction-amd-9950x3d,run-2,2,base64-0.23.0,encode,url-safe,unpadded,31,42,135300,1771936,2257.415722,external,avx512-vbmi,avx512-vbmi,x86_64,linux,0
1,commit-5-correction-amd-9950x3d,run-2,3,base64-0.23.0,encode,url-safe,unpadded,31,42,135300,1767818,2262.674204,external,avx512-vbmi,avx512-vbmi,x86_64,linux,0
1,commit-5-correction-amd-9950x3d,run-2,4,base64-0.23.0,encode,url-safe,unpadded,31,42,135300,1766345,2264.561105,external,avx512-vbmi,avx512-vbmi,x86_64,linux,0
1,commit-5-correction-amd-9950x3d,run-2,0,base64-0.23.0,decode,url-safe,unpadded,31,42,135300,2670848,1497.650254,external,avx512-vbmi,avx512-vbmi,x86_64,linux,0
1,commit-5-correction-amd-9950x3d,run-2,1,base64-0.23.0,decode,url-safe,unpadded,31,42,135300,2663564,1501.745851,external,avx512-vbmi,avx512-vbmi,x86_64,linux,0
1,commit-5-correction-amd-9950x3d,run-2,2,base64-0.23.0,decode,url-safe,unpadded,31,42,135300,2656431,1505.778311,external,avx512-vbmi,avx512-vbmi,x86_64,linux,0
1,commit-5-correction-amd-9950x3d,run-2,3,base64-0.23.0,decode,url-safe,unpadded,31,42,135300,2661009,1503.187770,external,avx512-vbmi,avx512-vbmi,x86_64,linux,0
1,commit-5-correction-amd-9950x3d,run-2,4,base64-0.23.0,decode,url-safe,unpadded,31,42,135300,2656471,1505.755638,external,avx512-vbmi,avx512-vbmi,x86_64,linux,0
1,commit-5-correction-amd-9950x3d,run-2,0,base64ct-1.8.3,encode,url-safe,unpadded,31,42,135300,2665818,1500.476096,external,avx512-vbmi,avx512-vbmi,x86_64,linux,0
1,commit-5-correction-amd-9950x3d,run-2,1,base64ct-1.8.3,encode,url-safe,unpadded,31,42,135300,2648356,1510.369522,external,avx512-vbmi,avx512-vbmi,x86_64,linux,0
1,commit-5-correction-amd-9950x3d,run-2,2,base64ct-1.8.3,encode,url-safe,unpadded,31,42,135300,2659276,1504.167369,external,avx512-vbmi,avx512-vbmi,x86_64,linux,0
1,commit-5-correction-amd-9950x3d,run-2,3,base64ct-1.8.3,encode,url-safe,unpadded,31,42,135300,2658765,1504.456462,external,avx512-vbmi,avx512-vbmi,x86_64,linux,0
1,commit-5-correction-amd-9950x3d,run-2,4,base64ct-1.8.3,encode,url-safe,unpadded,31,42,135300,2666781,1499.934260,external,avx512-vbmi,avx512-vbmi,x86_64,linux,0
1,commit-5-correction-amd-9950x3d,run-2,0,base64ct-1.8.3,decode,url-safe,unpadded,31,42,135300,7506832,532.847436,external,avx512-vbmi,avx512-vbmi,x86_64,linux,0
1,commit-5-correction-amd-9950x3d,run-2,1,base64ct-1.8.3,decode,url-safe,unpadded,31,42,135300,7496913,533.552435,external,avx512-vbmi,avx512-vbmi,x86_64,linux,0
1,commit-5-correction-amd-9950x3d,run-2,2,base64ct-1.8.3,decode,url-safe,unpadded,31,42,135300,7488216,534.172116,external,avx512-vbmi,avx512-vbmi,x86_64,linux,0
1,commit-5-correction-amd-9950x3d,run-2,3,base64ct-1.8.3,decode,url-safe,unpadded,31,42,135300,7505690,532.928510,external,avx512-vbmi,avx512-vbmi,x86_64,linux,0
1,commit-5-correction-amd-9950x3d,run-2,4,base64ct-1.8.3,decode,url-safe,unpadded,31,42,135300,7488417,534.157778,external,avx512-vbmi,avx512-vbmi,x86_64,linux,0
1,commit-5-correction-amd-9950x3d,run-2,0,base64-ng,encode,url-safe,unpadded,32,43,131072,11696829,341.973025,auto,avx512-vbmi,avx512-vbmi,x86_64,linux,0
1,commit-5-correction-amd-9950x3d,run-2,1,base64-ng,encode,url-safe,unpadded,32,43,131072,11686480,342.275861,auto,avx512-vbmi,avx512-vbmi,x86_64,linux,0
1,commit-5-correction-amd-9950x3d,run-2,2,base64-ng,encode,url-safe,unpadded,32,43,131072,11715424,341.430238,auto,avx512-vbmi,avx512-vbmi,x86_64,linux,0
1,commit-5-correction-amd-9950x3d,run-2,3,base64-ng,encode,url-safe,unpadded,32,43,131072,11687932,342.233339,auto,avx512-vbmi,avx512-vbmi,x86_64,linux,0
1,commit-5-correction-amd-9950x3d,run-2,4,base64-ng,encode,url-safe,unpadded,32,43,131072,11713240,341.493899,auto,avx512-vbmi,avx512-vbmi,x86_64,linux,0
1,commit-5-correction-amd-9950x3d,run-2,0,base64-ng,decode,url-safe,unpadded,32,43,131072,33795360,118.359443,auto,avx512-vbmi,avx512-vbmi,x86_64,linux,0
1,commit-5-correction-amd-9950x3d,run-2,1,base64-ng,decode,url-safe,unpadded,32,43,131072,33801000,118.339694,auto,avx512-vbmi,avx512-vbmi,x86_64,linux,0
1,commit-5-correction-amd-9950x3d,run-2,2,base64-ng,decode,url-safe,unpadded,32,43,131072,33690933,118.726305,auto,avx512-vbmi,avx512-vbmi,x86_64,linux,0
1,commit-5-correction-amd-9950x3d,run-2,3,base64-ng,decode,url-safe,unpadded,32,43,131072,33147180,120.673916,auto,avx512-vbmi,avx512-vbmi,x86_64,linux,0
1,commit-5-correction-amd-9950x3d,run-2,4,base64-ng,decode,url-safe,unpadded,32,43,131072,33553545,119.212441,auto,avx512-vbmi,avx512-vbmi,x86_64,linux,0
1,commit-5-correction-amd-9950x3d,run-2,0,base64-ng,encode,url-safe,unpadded,32,43,131072,11438914,349.683545,scalar,avx512-vbmi,avx512-vbmi,x86_64,linux,0
1,commit-5-correction-amd-9950x3d,run-2,1,base64-ng,encode,url-safe,unpadded,32,43,131072,11464261,348.910409,scalar,avx512-vbmi,avx512-vbmi,x86_64,linux,0
1,commit-5-correction-amd-9950x3d,run-2,2,base64-ng,encode,url-safe,unpadded,32,43,131072,11444344,349.517631,scalar,avx512-vbmi,avx512-vbmi,x86_64,linux,0
1,commit-5-correction-amd-9950x3d,run-2,3,base64-ng,encode,url-safe,unpadded,32,43,131072,11447931,349.408116,scalar,avx512-vbmi,avx512-vbmi,x86_64,linux,0
1,commit-5-correction-amd-9950x3d,run-2,4,base64-ng,encode,url-safe,unpadded,32,43,131072,11473660,348.624589,scalar,avx512-vbmi,avx512-vbmi,x86_64,linux,0
1,commit-5-correction-amd-9950x3d,run-2,0,base64-ng,decode,url-safe,unpadded,32,43,131072,14332270,279.090472,scalar,avx512-vbmi,avx512-vbmi,x86_64,linux,0
1,commit-5-correction-amd-9950x3d,run-2,1,base64-ng,decode,url-safe,unpadded,32,43,131072,14199501,281.700040,scalar,avx512-vbmi,avx512-vbmi,x86_64,linux,0
1,commit-5-correction-amd-9950x3d,run-2,2,base64-ng,decode,url-safe,unpadded,32,43,131072,14186777,281.952694,scalar,avx512-vbmi,avx512-vbmi,x86_64,linux,0
1,commit-5-correction-amd-9950x3d,run-2,3,base64-ng,decode,url-safe,unpadded,32,43,131072,14595446,274.058086,scalar,avx512-vbmi,avx512-vbmi,x86_64,linux,0
1,commit-5-correction-amd-9950x3d,run-2,4,base64-ng,decode,url-safe,unpadded,32,43,131072,16747136,238.846809,scalar,avx512-vbmi,avx512-vbmi,x86_64,linux,0
1,commit-5-correction-amd-9950x3d,run-2,0,base64-ng,encode,url-safe,unpadded,32,43,131072,14236370,280.970500,ssse3-sse4.1,avx512-vbmi,avx512-vbmi,x86_64,linux,0
1,commit-5-correction-amd-9950x3d,run-2,1,base64-ng,encode,url-safe,unpadded,32,43,131072,14211683,281.458572,ssse3-sse4.1,avx512-vbmi,avx512-vbmi,x86_64,linux,0
1,commit-5-correction-amd-9950x3d,run-2,2,base64-ng,encode,url-safe,unpadded,32,43,131072,14150158,282.682356,ssse3-sse4.1,avx512-vbmi,avx512-vbmi,x86_64,linux,0
1,commit-5-correction-amd-9950x3d,run-2,3,base64-ng,encode,url-safe,unpadded,32,43,131072,14133135,283.022840,ssse3-sse4.1,avx512-vbmi,avx512-vbmi,x86_64,linux,0
1,commit-5-correction-amd-9950x3d,run-2,4,base64-ng,encode,url-safe,unpadded,32,43,131072,14232533,281.046248,ssse3-sse4.1,avx512-vbmi,avx512-vbmi,x86_64,linux,0
1,commit-5-correction-amd-9950x3d,run-2,0,base64-ng,decode,url-safe,unpadded,32,43,131072,44100970,90.700953,ssse3-sse4.1,avx512-vbmi,avx512-vbmi,x86_64,linux,0
1,commit-5-correction-amd-9950x3d,run-2,1,base64-ng,decode,url-safe,unpadded,32,43,131072,44451992,89.984719,ssse3-sse4.1,avx512-vbmi,avx512-vbmi,x86_64,linux,0
1,commit-5-correction-amd-9950x3d,run-2,2,base64-ng,decode,url-safe,unpadded,32,43,131072,44524207,89.838770,ssse3-sse4.1,avx512-vbmi,avx512-vbmi,x86_64,linux,0
1,commit-5-correction-amd-9950x3d,run-2,3,base64-ng,decode,url-safe,unpadded,32,43,131072,45012897,88.863421,ssse3-sse4.1,avx512-vbmi,avx512-vbmi,x86_64,linux,0
1,commit-5-correction-amd-9950x3d,run-2,4,base64-ng,decode,url-safe,unpadded,32,43,131072,45863909,87.214546,ssse3-sse4.1,avx512-vbmi,avx512-vbmi,x86_64,linux,0
1,commit-5-correction-amd-9950x3d,run-2,0,base64-ng,encode,url-safe,unpadded,32,43,131072,10926469,366.083499,avx2,avx512-vbmi,avx512-vbmi,x86_64,linux,0
1,commit-5-correction-amd-9950x3d,run-2,1,base64-ng,encode,url-safe,unpadded,32,43,131072,10244064,390.470032,avx2,avx512-vbmi,avx512-vbmi,x86_64,linux,0
1,commit-5-correction-amd-9950x3d,run-2,2,base64-ng,encode,url-safe,unpadded,32,43,131072,10199230,392.186469,avx2,avx512-vbmi,avx512-vbmi,x86_64,linux,0
1,commit-5-correction-amd-9950x3d,run-2,3,base64-ng,encode,url-safe,unpadded,32,43,131072,10264263,389.701628,avx2,avx512-vbmi,avx512-vbmi,x86_64,linux,0
1,commit-5-correction-amd-9950x3d,run-2,4,base64-ng,encode,url-safe,unpadded,32,43,131072,10289490,388.746187,avx2,avx512-vbmi,avx512-vbmi,x86_64,linux,0
1,commit-5-correction-amd-9950x3d,run-2,0,base64-ng,decode,url-safe,unpadded,32,43,131072,32752757,122.127124,avx2,avx512-vbmi,avx512-vbmi,x86_64,linux,0
1,commit-5-correction-amd-9950x3d,run-2,1,base64-ng,decode,url-safe,unpadded,32,43,131072,32633503,122.573418,avx2,avx512-vbmi,avx512-vbmi,x86_64,linux,0
1,commit-5-correction-amd-9950x3d,run-2,2,base64-ng,decode,url-safe,unpadded,32,43,131072,32555085,122.868670,avx2,avx512-vbmi,avx512-vbmi,x86_64,linux,0
1,commit-5-correction-amd-9950x3d,run-2,3,base64-ng,decode,url-safe,unpadded,32,43,131072,32941923,121.425820,avx2,avx512-vbmi,avx512-vbmi,x86_64,linux,0
1,commit-5-correction-amd-9950x3d,run-2,4,base64-ng,decode,url-safe,unpadded,32,43,131072,32564293,122.833927,avx2,avx512-vbmi,avx512-vbmi,x86_64,linux,0
1,commit-5-correction-amd-9950x3d,run-2,0,base64-ng,encode,url-safe,unpadded,32,43,131072,11790666,339.251404,avx512-vbmi,avx512-vbmi,avx512-vbmi,x86_64,linux,0
1,commit-5-correction-amd-9950x3d,run-2,1,base64-ng,encode,url-safe,unpadded,32,43,131072,11818498,338.452484,avx512-vbmi,avx512-vbmi,avx512-vbmi,x86_64,linux,0
1,commit-5-correction-amd-9950x3d,run-2,2,base64-ng,encode,url-safe,unpadded,32,43,131072,11804422,338.856066,avx512-vbmi,avx512-vbmi,avx512-vbmi,x86_64,linux,0
1,commit-5-correction-amd-9950x3d,run-2,3,base64-ng,encode,url-safe,unpadded,32,43,131072,11819350,338.428086,avx512-vbmi,avx512-vbmi,avx512-vbmi,x86_64,linux,0
1,commit-5-correction-amd-9950x3d,run-2,4,base64-ng,encode,url-safe,unpadded,32,43,131072,11804872,338.843149,avx512-vbmi,avx512-vbmi,avx512-vbmi,x86_64,linux,0
1,commit-5-correction-amd-9950x3d,run-2,0,base64-ng,decode,url-safe,unpadded,32,43,131072,33730177,118.588171,avx512-vbmi,avx512-vbmi,avx512-vbmi,x86_64,linux,0
1,commit-5-correction-amd-9950x3d,run-2,1,base64-ng,decode,url-safe,unpadded,32,43,131072,33147671,120.672128,avx512-vbmi,avx512-vbmi,avx512-vbmi,x86_64,linux,0
1,commit-5-correction-amd-9950x3d,run-2,2,base64-ng,decode,url-safe,unpadded,32,43,131072,32941823,121.426188,avx512-vbmi,avx512-vbmi,avx512-vbmi,x86_64,linux,0
1,commit-5-correction-amd-9950x3d,run-2,3,base64-ng,decode,url-safe,unpadded,32,43,131072,32759060,122.103626,avx512-vbmi,avx512-vbmi,avx512-vbmi,x86_64,linux,0
1,commit-5-correction-amd-9950x3d,run-2,4,base64-ng,decode,url-safe,unpadded,32,43,131072,32697773,122.332490,avx512-vbmi,avx512-vbmi,avx512-vbmi,x86_64,linux,0
1,commit-5-correction-amd-9950x3d,run-2,0,base64-0.23.0,encode,url-safe,unpadded,32,43,131072,1710079,2339.073224,external,avx512-vbmi,avx512-vbmi,x86_64,linux,0
1,commit-5-correction-amd-9950x3d,run-2,1,base64-0.23.0,encode,url-safe,unpadded,32,43,131072,1762347,2269.700575,external,avx512-vbmi,avx512-vbmi,x86_64,linux,0
1,commit-5-correction-amd-9950x3d,run-2,2,base64-0.23.0,encode,url-safe,unpadded,32,43,131072,1766485,2264.383790,external,avx512-vbmi,avx512-vbmi,x86_64,linux,0
1,commit-5-correction-amd-9950x3d,run-2,3,base64-0.23.0,encode,url-safe,unpadded,32,43,131072,1749343,2286.572730,external,avx512-vbmi,avx512-vbmi,x86_64,linux,0
1,commit-5-correction-amd-9950x3d,run-2,4,base64-0.23.0,encode,url-safe,unpadded,32,43,131072,1764822,2266.517530,external,avx512-vbmi,avx512-vbmi,x86_64,linux,0
1,commit-5-correction-amd-9950x3d,run-2,0,base64-0.23.0,decode,url-safe,unpadded,32,43,131072,2609072,1533.112156,external,avx512-vbmi,avx512-vbmi,x86_64,linux,0
1,commit-5-correction-amd-9950x3d,run-2,1,base64-0.23.0,decode,url-safe,unpadded,32,43,131072,2610965,1532.000620,external,avx512-vbmi,avx512-vbmi,x86_64,linux,0
1,commit-5-correction-amd-9950x3d,run-2,2,base64-0.23.0,decode,url-safe,unpadded,32,43,131072,2603451,1536.422233,external,avx512-vbmi,avx512-vbmi,x86_64,linux,0
1,commit-5-correction-amd-9950x3d,run-2,3,base64-0.23.0,decode,url-safe,unpadded,32,43,131072,2602109,1537.214621,external,avx512-vbmi,avx512-vbmi,x86_64,linux,0
1,commit-5-correction-amd-9950x3d,run-2,4,base64-0.23.0,decode,url-safe,unpadded,32,43,131072,2610645,1532.188406,external,avx512-vbmi,avx512-vbmi,x86_64,linux,0
1,commit-5-correction-amd-9950x3d,run-2,0,base64ct-1.8.3,encode,url-safe,unpadded,32,43,131072,2599604,1538.695894,external,avx512-vbmi,avx512-vbmi,x86_64,linux,0
1,commit-5-correction-amd-9950x3d,run-2,1,base64ct-1.8.3,encode,url-safe,unpadded,32,43,131072,2559899,1562.561648,external,avx512-vbmi,avx512-vbmi,x86_64,linux,0
1,commit-5-correction-amd-9950x3d,run-2,2,base64ct-1.8.3,encode,url-safe,unpadded,32,43,131072,2580358,1550.172495,external,avx512-vbmi,avx512-vbmi,x86_64,linux,0
1,commit-5-correction-amd-9950x3d,run-2,3,base64ct-1.8.3,encode,url-safe,unpadded,32,43,131072,2571211,1555.687184,external,avx512-vbmi,avx512-vbmi,x86_64,linux,0
1,commit-5-correction-amd-9950x3d,run-2,4,base64ct-1.8.3,encode,url-safe,unpadded,32,43,131072,2588933,1545.038052,external,avx512-vbmi,avx512-vbmi,x86_64,linux,0
1,commit-5-correction-amd-9950x3d,run-2,0,base64ct-1.8.3,decode,url-safe,unpadded,32,43,131072,7585450,527.325340,external,avx512-vbmi,avx512-vbmi,x86_64,linux,0
1,commit-5-correction-amd-9950x3d,run-2,1,base64ct-1.8.3,decode,url-safe,unpadded,32,43,131072,7589137,527.069152,external,avx512-vbmi,avx512-vbmi,x86_64,linux,0
1,commit-5-correction-amd-9950x3d,run-2,2,base64ct-1.8.3,decode,url-safe,unpadded,32,43,131072,7563438,528.860024,external,avx512-vbmi,avx512-vbmi,x86_64,linux,0
1,commit-5-correction-amd-9950x3d,run-2,3,base64ct-1.8.3,decode,url-safe,unpadded,32,43,131072,7657876,522.338048,external,avx512-vbmi,avx512-vbmi,x86_64,linux,0
1,commit-5-correction-amd-9950x3d,run-2,4,base64ct-1.8.3,decode,url-safe,unpadded,32,43,131072,7799122,512.878244,external,avx512-vbmi,avx512-vbmi,x86_64,linux,0
1,commit-5-correction-amd-9950x3d,run-2,0,base64-ng,encode,url-safe,unpadded,47,63,89240,11875155,336.835781,auto,avx512-vbmi,avx512-vbmi,x86_64,linux,0
1,commit-5-correction-amd-9950x3d,run-2,1,base64-ng,encode,url-safe,unpadded,47,63,89240,11750400,340.411995,auto,avx512-vbmi,avx512-vbmi,x86_64,linux,0
1,commit-5-correction-amd-9950x3d,run-2,2,base64-ng,encode,url-safe,unpadded,47,63,89240,11464712,348.894688,auto,avx512-vbmi,avx512-vbmi,x86_64,linux,0
1,commit-5-correction-amd-9950x3d,run-2,3,base64-ng,encode,url-safe,unpadded,47,63,89240,11516881,347.314270,auto,avx512-vbmi,avx512-vbmi,x86_64,linux,0
1,commit-5-correction-amd-9950x3d,run-2,4,base64-ng,encode,url-safe,unpadded,47,63,89240,11514296,347.392243,auto,avx512-vbmi,avx512-vbmi,x86_64,linux,0
1,commit-5-correction-amd-9950x3d,run-2,0,base64-ng,decode,url-safe,unpadded,47,63,89240,38896062,102.837586,auto,avx512-vbmi,avx512-vbmi,x86_64,linux,0
1,commit-5-correction-amd-9950x3d,run-2,1,base64-ng,decode,url-safe,unpadded,47,63,89240,39263453,101.875327,auto,avx512-vbmi,avx512-vbmi,x86_64,linux,0
1,commit-5-correction-amd-9950x3d,run-2,2,base64-ng,decode,url-safe,unpadded,47,63,89240,38655709,103.477008,auto,avx512-vbmi,avx512-vbmi,x86_64,linux,0
1,commit-5-correction-amd-9950x3d,run-2,3,base64-ng,decode,url-safe,unpadded,47,63,89240,38591699,103.648640,auto,avx512-vbmi,avx512-vbmi,x86_64,linux,0
1,commit-5-correction-amd-9950x3d,run-2,4,base64-ng,decode,url-safe,unpadded,47,63,89240,38857550,102.939509,auto,avx512-vbmi,avx512-vbmi,x86_64,linux,0
1,commit-5-correction-amd-9950x3d,run-2,0,base64-ng,encode,url-safe,unpadded,47,63,89240,11393698,351.069259,scalar,avx512-vbmi,avx512-vbmi,x86_64,linux,0
1,commit-5-correction-amd-9950x3d,run-2,1,base64-ng,encode,url-safe,unpadded,47,63,89240,11382769,351.406333,scalar,avx512-vbmi,avx512-vbmi,x86_64,linux,0
1,commit-5-correction-amd-9950x3d,run-2,2,base64-ng,encode,url-safe,unpadded,47,63,89240,11343544,352.621466,scalar,avx512-vbmi,avx512-vbmi,x86_64,linux,0
1,commit-5-correction-amd-9950x3d,run-2,3,base64-ng,encode,url-safe,unpadded,47,63,89240,11285875,354.423305,scalar,avx512-vbmi,avx512-vbmi,x86_64,linux,0
1,commit-5-correction-amd-9950x3d,run-2,4,base64-ng,encode,url-safe,unpadded,47,63,89240,11316974,353.449351,scalar,avx512-vbmi,avx512-vbmi,x86_64,linux,0
1,commit-5-correction-amd-9950x3d,run-2,0,base64-ng,decode,url-safe,unpadded,47,63,89240,14016616,285.373953,scalar,avx512-vbmi,avx512-vbmi,x86_64,linux,0
1,commit-5-correction-amd-9950x3d,run-2,1,base64-ng,decode,url-safe,unpadded,47,63,89240,14033358,285.033497,scalar,avx512-vbmi,avx512-vbmi,x86_64,linux,0
1,commit-5-correction-amd-9950x3d,run-2,2,base64-ng,decode,url-safe,unpadded,47,63,89240,14036314,284.973470,scalar,avx512-vbmi,avx512-vbmi,x86_64,linux,0
1,commit-5-correction-amd-9950x3d,run-2,3,base64-ng,decode,url-safe,unpadded,47,63,89240,14048626,284.723724,scalar,avx512-vbmi,avx512-vbmi,x86_64,linux,0
1,commit-5-correction-amd-9950x3d,run-2,4,base64-ng,decode,url-safe,unpadded,47,63,89240,14064086,284.410740,scalar,avx512-vbmi,avx512-vbmi,x86_64,linux,0
1,commit-5-correction-amd-9950x3d,run-2,0,base64-ng,encode,url-safe,unpadded,47,63,89240,14351737,278.710313,ssse3-sse4.1,avx512-vbmi,avx512-vbmi,x86_64,linux,0
1,commit-5-correction-amd-9950x3d,run-2,1,base64-ng,encode,url-safe,unpadded,47,63,89240,14471893,276.396261,ssse3-sse4.1,avx512-vbmi,avx512-vbmi,x86_64,linux,0
1,commit-5-correction-amd-9950x3d,run-2,2,base64-ng,encode,url-safe,unpadded,47,63,89240,14348992,278.763631,ssse3-sse4.1,avx512-vbmi,avx512-vbmi,x86_64,linux,0
1,commit-5-correction-amd-9950x3d,run-2,3,base64-ng,encode,url-safe,unpadded,47,63,89240,14538699,275.126207,ssse3-sse4.1,avx512-vbmi,avx512-vbmi,x86_64,linux,0
1,commit-5-correction-amd-9950x3d,run-2,4,base64-ng,encode,url-safe,unpadded,47,63,89240,14853943,269.287226,ssse3-sse4.1,avx512-vbmi,avx512-vbmi,x86_64,linux,0
1,commit-5-correction-amd-9950x3d,run-2,0,base64-ng,decode,url-safe,unpadded,47,63,89240,45057641,88.774668,ssse3-sse4.1,avx512-vbmi,avx512-vbmi,x86_64,linux,0
1,commit-5-correction-amd-9950x3d,run-2,1,base64-ng,decode,url-safe,unpadded,47,63,89240,44793564,89.298032,ssse3-sse4.1,avx512-vbmi,avx512-vbmi,x86_64,linux,0
1,commit-5-correction-amd-9950x3d,run-2,2,base64-ng,decode,url-safe,unpadded,47,63,89240,44780930,89.323226,ssse3-sse4.1,avx512-vbmi,avx512-vbmi,x86_64,linux,0
1,commit-5-correction-amd-9950x3d,run-2,3,base64-ng,decode,url-safe,unpadded,47,63,89240,44748790,89.387380,ssse3-sse4.1,avx512-vbmi,avx512-vbmi,x86_64,linux,0
1,commit-5-correction-amd-9950x3d,run-2,4,base64-ng,decode,url-safe,unpadded,47,63,89240,44557409,89.771313,ssse3-sse4.1,avx512-vbmi,avx512-vbmi,x86_64,linux,0
1,commit-5-correction-amd-9950x3d,run-2,0,base64-ng,encode,url-safe,unpadded,47,63,89240,10477144,381.781248,avx2,avx512-vbmi,avx512-vbmi,x86_64,linux,0
1,commit-5-correction-amd-9950x3d,run-2,1,base64-ng,encode,url-safe,unpadded,47,63,89240,10640270,375.928159,avx2,avx512-vbmi,avx512-vbmi,x86_64,linux,0
1,commit-5-correction-amd-9950x3d,run-2,2,base64-ng,encode,url-safe,unpadded,47,63,89240,10615654,376.799876,avx2,avx512-vbmi,avx512-vbmi,x86_64,linux,0
1,commit-5-correction-amd-9950x3d,run-2,3,base64-ng,encode,url-safe,unpadded,47,63,89240,10440845,383.108562,avx2,avx512-vbmi,avx512-vbmi,x86_64,linux,0
1,commit-5-correction-amd-9950x3d,run-2,4,base64-ng,encode,url-safe,unpadded,47,63,89240,10311081,387.929948,avx2,avx512-vbmi,avx512-vbmi,x86_64,linux,0
1,commit-5-correction-amd-9950x3d,run-2,0,base64-ng,decode,url-safe,unpadded,47,63,89240,38855185,102.945774,avx2,avx512-vbmi,avx512-vbmi,x86_64,linux,0
1,commit-5-correction-amd-9950x3d,run-2,1,base64-ng,decode,url-safe,unpadded,47,63,89240,38440704,104.055772,avx2,avx512-vbmi,avx512-vbmi,x86_64,linux,0
1,commit-5-correction-amd-9950x3d,run-2,2,base64-ng,decode,url-safe,unpadded,47,63,89240,38504816,103.882515,avx2,avx512-vbmi,avx512-vbmi,x86_64,linux,0
1,commit-5-correction-amd-9950x3d,run-2,3,base64-ng,decode,url-safe,unpadded,47,63,89240,39191919,102.061272,avx2,avx512-vbmi,avx512-vbmi,x86_64,linux,0
1,commit-5-correction-amd-9950x3d,run-2,4,base64-ng,decode,url-safe,unpadded,47,63,89240,39472457,101.335904,avx2,avx512-vbmi,avx512-vbmi,x86_64,linux,0
1,commit-5-correction-amd-9950x3d,run-2,0,base64-ng,encode,url-safe,unpadded,47,63,89240,11574810,345.576049,avx512-vbmi,avx512-vbmi,avx512-vbmi,x86_64,linux,0
1,commit-5-correction-amd-9950x3d,run-2,1,base64-ng,encode,url-safe,unpadded,47,63,89240,11587443,345.199291,avx512-vbmi,avx512-vbmi,avx512-vbmi,x86_64,linux,0
1,commit-5-correction-amd-9950x3d,run-2,2,base64-ng,encode,url-safe,unpadded,47,63,89240,11470243,348.726449,avx512-vbmi,avx512-vbmi,avx512-vbmi,x86_64,linux,0
1,commit-5-correction-amd-9950x3d,run-2,3,base64-ng,encode,url-safe,unpadded,47,63,89240,11468290,348.785836,avx512-vbmi,avx512-vbmi,avx512-vbmi,x86_64,linux,0
1,commit-5-correction-amd-9950x3d,run-2,4,base64-ng,encode,url-safe,unpadded,47,63,89240,11514456,347.387416,avx512-vbmi,avx512-vbmi,avx512-vbmi,x86_64,linux,0
1,commit-5-correction-amd-9950x3d,run-2,0,base64-ng,decode,url-safe,unpadded,47,63,89240,39545635,101.148385,avx512-vbmi,avx512-vbmi,avx512-vbmi,x86_64,linux,0
1,commit-5-correction-amd-9950x3d,run-2,1,base64-ng,decode,url-safe,unpadded,47,63,89240,39212177,102.008545,avx512-vbmi,avx512-vbmi,avx512-vbmi,x86_64,linux,0
1,commit-5-correction-amd-9950x3d,run-2,2,base64-ng,decode,url-safe,unpadded,47,63,89240,38610775,103.597431,avx512-vbmi,avx512-vbmi,avx512-vbmi,x86_64,linux,0
1,commit-5-correction-amd-9950x3d,run-2,3,base64-ng,decode,url-safe,unpadded,47,63,89240,38296183,104.448454,avx512-vbmi,avx512-vbmi,avx512-vbmi,x86_64,linux,0
1,commit-5-correction-amd-9950x3d,run-2,4,base64-ng,decode,url-safe,unpadded,47,63,89240,38470971,103.973906,avx512-vbmi,avx512-vbmi,avx512-vbmi,x86_64,linux,0
1,commit-5-correction-amd-9950x3d,run-2,0,base64-0.23.0,encode,url-safe,unpadded,47,63,89240,1537003,2602.452378,external,avx512-vbmi,avx512-vbmi,x86_64,linux,0
1,commit-5-correction-amd-9950x3d,run-2,1,base64-0.23.0,encode,url-safe,unpadded,47,63,89240,1550759,2579.367337,external,avx512-vbmi,avx512-vbmi,x86_64,linux,0
1,commit-5-correction-amd-9950x3d,run-2,2,base64-0.23.0,encode,url-safe,unpadded,47,63,89240,1561389,2561.806899,external,avx512-vbmi,avx512-vbmi,x86_64,linux,0
1,commit-5-correction-amd-9950x3d,run-2,3,base64-0.23.0,encode,url-safe,unpadded,47,63,89240,1565267,2555.459939,external,avx512-vbmi,avx512-vbmi,x86_64,linux,0
1,commit-5-correction-amd-9950x3d,run-2,4,base64-0.23.0,encode,url-safe,unpadded,47,63,89240,1566649,2553.205671,external,avx512-vbmi,avx512-vbmi,x86_64,linux,0
1,commit-5-correction-amd-9950x3d,run-2,0,base64-0.23.0,decode,url-safe,unpadded,47,63,89240,2174854,1839.193395,external,avx512-vbmi,avx512-vbmi,x86_64,linux,0
1,commit-5-correction-amd-9950x3d,run-2,1,base64-0.23.0,decode,url-safe,unpadded,47,63,89240,2190063,1826.421026,external,avx512-vbmi,avx512-vbmi,x86_64,linux,0
1,commit-5-correction-amd-9950x3d,run-2,2,base64-0.23.0,decode,url-safe,unpadded,47,63,89240,2179233,1835.497678,external,avx512-vbmi,avx512-vbmi,x86_64,linux,0
1,commit-5-correction-amd-9950x3d,run-2,3,base64-0.23.0,decode,url-safe,unpadded,47,63,89240,2178411,1836.190284,external,avx512-vbmi,avx512-vbmi,x86_64,linux,0
1,commit-5-correction-amd-9950x3d,run-2,4,base64-0.23.0,decode,url-safe,unpadded,47,63,89240,2175676,1838.498523,external,avx512-vbmi,avx512-vbmi,x86_64,linux,0
1,commit-5-correction-amd-9950x3d,run-2,0,base64ct-1.8.3,encode,url-safe,unpadded,47,63,89240,2437719,1640.868825,external,avx512-vbmi,avx512-vbmi,x86_64,linux,0
1,commit-5-correction-amd-9950x3d,run-2,1,base64ct-1.8.3,encode,url-safe,unpadded,47,63,89240,2420646,1652.441998,external,avx512-vbmi,avx512-vbmi,x86_64,linux,0
1,commit-5-correction-amd-9950x3d,run-2,2,base64ct-1.8.3,encode,url-safe,unpadded,47,63,89240,2417741,1654.427464,external,avx512-vbmi,avx512-vbmi,x86_64,linux,0
1,commit-5-correction-amd-9950x3d,run-2,3,base64ct-1.8.3,encode,url-safe,unpadded,47,63,89240,2424705,1649.675780,external,avx512-vbmi,avx512-vbmi,x86_64,linux,0
1,commit-5-correction-amd-9950x3d,run-2,4,base64ct-1.8.3,encode,url-safe,unpadded,47,63,89240,2427239,1647.953544,external,avx512-vbmi,avx512-vbmi,x86_64,linux,0
1,commit-5-correction-amd-9950x3d,run-2,0,base64ct-1.8.3,decode,url-safe,unpadded,47,63,89240,6596168,606.409223,external,avx512-vbmi,avx512-vbmi,x86_64,linux,0
1,commit-5-correction-amd-9950x3d,run-2,1,base64ct-1.8.3,decode,url-safe,unpadded,47,63,89240,6597400,606.295982,external,avx512-vbmi,avx512-vbmi,x86_64,linux,0
1,commit-5-correction-amd-9950x3d,run-2,2,base64ct-1.8.3,decode,url-safe,unpadded,47,63,89240,6576951,608.181072,external,avx512-vbmi,avx512-vbmi,x86_64,linux,0
1,commit-5-correction-amd-9950x3d,run-2,3,base64ct-1.8.3,decode,url-safe,unpadded,47,63,89240,6578444,608.043044,external,avx512-vbmi,avx512-vbmi,x86_64,linux,0
1,commit-5-correction-amd-9950x3d,run-2,4,base64ct-1.8.3,decode,url-safe,unpadded,47,63,89240,6585498,607.391743,external,avx512-vbmi,avx512-vbmi,x86_64,linux,0
1,commit-5-correction-amd-9950x3d,run-2,0,base64-ng,encode,url-safe,unpadded,48,64,87381,6221552,642.923943,auto,avx512-vbmi,avx512-vbmi,x86_64,linux,0
1,commit-5-correction-amd-9950x3d,run-2,1,base64-ng,encode,url-safe,unpadded,48,64,87381,6184703,646.754540,auto,avx512-vbmi,avx512-vbmi,x86_64,linux,0
1,commit-5-correction-amd-9950x3d,run-2,2,base64-ng,encode,url-safe,unpadded,48,64,87381,6176317,647.632682,auto,avx512-vbmi,avx512-vbmi,x86_64,linux,0
1,commit-5-correction-amd-9950x3d,run-2,3,base64-ng,encode,url-safe,unpadded,48,64,87381,6187127,646.501153,auto,avx512-vbmi,avx512-vbmi,x86_64,linux,0
1,commit-5-correction-amd-9950x3d,run-2,4,base64-ng,encode,url-safe,unpadded,48,64,87381,6159265,649.425661,auto,avx512-vbmi,avx512-vbmi,x86_64,linux,0
1,commit-5-correction-amd-9950x3d,run-2,0,base64-ng,decode,url-safe,unpadded,48,64,87381,28450979,140.592165,auto,avx512-vbmi,avx512-vbmi,x86_64,linux,0
1,commit-5-correction-amd-9950x3d,run-2,1,base64-ng,decode,url-safe,unpadded,48,64,87381,28443215,140.630542,auto,avx512-vbmi,avx512-vbmi,x86_64,linux,0
1,commit-5-correction-amd-9950x3d,run-2,2,base64-ng,decode,url-safe,unpadded,48,64,87381,29509812,135.547619,auto,avx512-vbmi,avx512-vbmi,x86_64,linux,0
1,commit-5-correction-amd-9950x3d,run-2,3,base64-ng,decode,url-safe,unpadded,48,64,87381,29118706,137.368218,auto,avx512-vbmi,avx512-vbmi,x86_64,linux,0
1,commit-5-correction-amd-9950x3d,run-2,4,base64-ng,decode,url-safe,unpadded,48,64,87381,28461639,140.539508,auto,avx512-vbmi,avx512-vbmi,x86_64,linux,0
1,commit-5-correction-amd-9950x3d,run-2,0,base64-ng,encode,url-safe,unpadded,48,64,87381,11387897,351.248764,scalar,avx512-vbmi,avx512-vbmi,x86_64,linux,0
1,commit-5-correction-amd-9950x3d,run-2,1,base64-ng,encode,url-safe,unpadded,48,64,87381,11388439,351.232047,scalar,avx512-vbmi,avx512-vbmi,x86_64,linux,0
1,commit-5-correction-amd-9950x3d,run-2,2,base64-ng,encode,url-safe,unpadded,48,64,87381,11397055,350.966521,scalar,avx512-vbmi,avx512-vbmi,x86_64,linux,0
1,commit-5-correction-amd-9950x3d,run-2,3,base64-ng,encode,url-safe,unpadded,48,64,87381,11282951,354.515830,scalar,avx512-vbmi,avx512-vbmi,x86_64,linux,0
1,commit-5-correction-amd-9950x3d,run-2,4,base64-ng,encode,url-safe,unpadded,48,64,87381,11325841,353.173309,scalar,avx512-vbmi,avx512-vbmi,x86_64,linux,0
1,commit-5-correction-amd-9950x3d,run-2,0,base64-ng,decode,url-safe,unpadded,48,64,87381,14025563,285.192455,scalar,avx512-vbmi,avx512-vbmi,x86_64,linux,0
1,commit-5-correction-amd-9950x3d,run-2,1,base64-ng,decode,url-safe,unpadded,48,64,87381,14277817,280.153804,scalar,avx512-vbmi,avx512-vbmi,x86_64,linux,0
1,commit-5-correction-amd-9950x3d,run-2,2,base64-ng,decode,url-safe,unpadded,48,64,87381,14074025,284.210433,scalar,avx512-vbmi,avx512-vbmi,x86_64,linux,0
1,commit-5-correction-amd-9950x3d,run-2,3,base64-ng,decode,url-safe,unpadded,48,64,87381,14061080,284.472085,scalar,avx512-vbmi,avx512-vbmi,x86_64,linux,0
1,commit-5-correction-amd-9950x3d,run-2,4,base64-ng,decode,url-safe,unpadded,48,64,87381,14042976,284.838822,scalar,avx512-vbmi,avx512-vbmi,x86_64,linux,0
1,commit-5-correction-amd-9950x3d,run-2,0,base64-ng,encode,url-safe,unpadded,48,64,87381,14519022,275.499599,ssse3-sse4.1,avx512-vbmi,avx512-vbmi,x86_64,linux,0
1,commit-5-correction-amd-9950x3d,run-2,1,base64-ng,encode,url-safe,unpadded,48,64,87381,14531876,275.255909,ssse3-sse4.1,avx512-vbmi,avx512-vbmi,x86_64,linux,0
1,commit-5-correction-amd-9950x3d,run-2,2,base64-ng,encode,url-safe,unpadded,48,64,87381,14143576,282.812829,ssse3-sse4.1,avx512-vbmi,avx512-vbmi,x86_64,linux,0
1,commit-5-correction-amd-9950x3d,run-2,3,base64-ng,encode,url-safe,unpadded,48,64,87381,14348441,278.774868,ssse3-sse4.1,avx512-vbmi,avx512-vbmi,x86_64,linux,0
1,commit-5-correction-amd-9950x3d,run-2,4,base64-ng,encode,url-safe,unpadded,48,64,87381,14304338,279.634384,ssse3-sse4.1,avx512-vbmi,avx512-vbmi,x86_64,linux,0
1,commit-5-correction-amd-9950x3d,run-2,0,base64-ng,decode,url-safe,unpadded,48,64,87381,52987780,75.488815,ssse3-sse4.1,avx512-vbmi,avx512-vbmi,x86_64,linux,0
1,commit-5-correction-amd-9950x3d,run-2,1,base64-ng,decode,url-safe,unpadded,48,64,87381,53261325,75.101112,ssse3-sse4.1,avx512-vbmi,avx512-vbmi,x86_64,linux,0
1,commit-5-correction-amd-9950x3d,run-2,2,base64-ng,decode,url-safe,unpadded,48,64,87381,52564423,76.096807,ssse3-sse4.1,avx512-vbmi,avx512-vbmi,x86_64,linux,0
1,commit-5-correction-amd-9950x3d,run-2,3,base64-ng,decode,url-safe,unpadded,48,64,87381,52673848,75.938723,ssse3-sse4.1,avx512-vbmi,avx512-vbmi,x86_64,linux,0
1,commit-5-correction-amd-9950x3d,run-2,4,base64-ng,decode,url-safe,unpadded,48,64,87381,52759050,75.816087,ssse3-sse4.1,avx512-vbmi,avx512-vbmi,x86_64,linux,0
1,commit-5-correction-amd-9950x3d,run-2,0,base64-ng,encode,url-safe,unpadded,48,64,87381,8547571,467.967419,avx2,avx512-vbmi,avx512-vbmi,x86_64,linux,0
1,commit-5-correction-amd-9950x3d,run-2,1,base64-ng,encode,url-safe,unpadded,48,64,87381,8408780,475.691449,avx2,avx512-vbmi,avx512-vbmi,x86_64,linux,0
1,commit-5-correction-amd-9950x3d,run-2,2,base64-ng,encode,url-safe,unpadded,48,64,87381,8423538,474.858040,avx2,avx512-vbmi,avx512-vbmi,x86_64,linux,0
1,commit-5-correction-amd-9950x3d,run-2,3,base64-ng,encode,url-safe,unpadded,48,64,87381,8125556,492.272128,avx2,avx512-vbmi,avx512-vbmi,x86_64,linux,0
1,commit-5-correction-amd-9950x3d,run-2,4,base64-ng,encode,url-safe,unpadded,48,64,87381,8173106,489.408157,avx2,avx512-vbmi,avx512-vbmi,x86_64,linux,0
1,commit-5-correction-amd-9950x3d,run-2,0,base64-ng,decode,url-safe,unpadded,48,64,87381,36826356,108.617446,avx2,avx512-vbmi,avx512-vbmi,x86_64,linux,0
1,commit-5-correction-amd-9950x3d,run-2,1,base64-ng,decode,url-safe,unpadded,48,64,87381,36592015,109.313049,avx2,avx512-vbmi,avx512-vbmi,x86_64,linux,0
1,commit-5-correction-amd-9950x3d,run-2,2,base64-ng,decode,url-safe,unpadded,48,64,87381,39201597,102.036270,avx2,avx512-vbmi,avx512-vbmi,x86_64,linux,0
1,commit-5-correction-amd-9950x3d,run-2,3,base64-ng,decode,url-safe,unpadded,48,64,87381,36646167,109.151518,avx2,avx512-vbmi,avx512-vbmi,x86_64,linux,0
1,commit-5-correction-amd-9950x3d,run-2,4,base64-ng,decode,url-safe,unpadded,48,64,87381,36706390,108.972436,avx2,avx512-vbmi,avx512-vbmi,x86_64,linux,0
1,commit-5-correction-amd-9950x3d,run-2,0,base64-ng,encode,url-safe,unpadded,48,64,87381,5217352,766.669518,avx512-vbmi,avx512-vbmi,avx512-vbmi,x86_64,linux,0
1,commit-5-correction-amd-9950x3d,run-2,1,base64-ng,encode,url-safe,unpadded,48,64,87381,5188266,770.967553,avx512-vbmi,avx512-vbmi,avx512-vbmi,x86_64,linux,0
1,commit-5-correction-amd-9950x3d,run-2,2,base64-ng,encode,url-safe,unpadded,48,64,87381,5213063,767.300288,avx512-vbmi,avx512-vbmi,avx512-vbmi,x86_64,linux,0
1,commit-5-correction-amd-9950x3d,run-2,3,base64-ng,encode,url-safe,unpadded,48,64,87381,5184380,771.545439,avx512-vbmi,avx512-vbmi,avx512-vbmi,x86_64,linux,0
1,commit-5-correction-amd-9950x3d,run-2,4,base64-ng,encode,url-safe,unpadded,48,64,87381,5218654,766.478242,avx512-vbmi,avx512-vbmi,avx512-vbmi,x86_64,linux,0
1,commit-5-correction-amd-9950x3d,run-2,0,base64-ng,decode,url-safe,unpadded,48,64,87381,28511152,140.295444,avx512-vbmi,avx512-vbmi,avx512-vbmi,x86_64,linux,0
1,commit-5-correction-amd-9950x3d,run-2,1,base64-ng,decode,url-safe,unpadded,48,64,87381,29129336,137.318089,avx512-vbmi,avx512-vbmi,avx512-vbmi,x86_64,linux,0
1,commit-5-correction-amd-9950x3d,run-2,2,base64-ng,decode,url-safe,unpadded,48,64,87381,28401827,140.835473,avx512-vbmi,avx512-vbmi,avx512-vbmi,x86_64,linux,0
1,commit-5-correction-amd-9950x3d,run-2,3,base64-ng,decode,url-safe,unpadded,48,64,87381,28437885,140.656900,avx512-vbmi,avx512-vbmi,avx512-vbmi,x86_64,linux,0
1,commit-5-correction-amd-9950x3d,run-2,4,base64-ng,decode,url-safe,unpadded,48,64,87381,28268476,141.499837,avx512-vbmi,avx512-vbmi,avx512-vbmi,x86_64,linux,0
1,commit-5-correction-amd-9950x3d,run-2,0,base64-0.23.0,encode,url-safe,unpadded,48,64,87381,1510653,2647.851453,external,avx512-vbmi,avx512-vbmi,x86_64,linux,0
1,commit-5-correction-amd-9950x3d,run-2,1,base64-0.23.0,encode,url-safe,unpadded,48,64,87381,1522145,2627.860513,external,avx512-vbmi,avx512-vbmi,x86_64,linux,0
1,commit-5-correction-amd-9950x3d,run-2,2,base64-0.23.0,encode,url-safe,unpadded,48,64,87381,1543094,2592.184754,external,avx512-vbmi,avx512-vbmi,x86_64,linux,0
1,commit-5-correction-amd-9950x3d,run-2,3,base64-0.23.0,encode,url-safe,unpadded,48,64,87381,1549026,2582.257975,external,avx512-vbmi,avx512-vbmi,x86_64,linux,0
1,commit-5-correction-amd-9950x3d,run-2,4,base64-0.23.0,encode,url-safe,unpadded,48,64,87381,1538706,2599.577009,external,avx512-vbmi,avx512-vbmi,x86_64,linux,0
1,commit-5-correction-amd-9950x3d,run-2,0,base64-0.23.0,decode,url-safe,unpadded,48,64,87381,2176478,1837.824569,external,avx512-vbmi,avx512-vbmi,x86_64,linux,0
1,commit-5-correction-amd-9950x3d,run-2,1,base64-0.23.0,decode,url-safe,unpadded,48,64,87381,2174814,1839.230730,external,avx512-vbmi,avx512-vbmi,x86_64,linux,0
1,commit-5-correction-amd-9950x3d,run-2,2,base64-0.23.0,decode,url-safe,unpadded,48,64,87381,2175385,1838.747965,external,avx512-vbmi,avx512-vbmi,x86_64,linux,0
1,commit-5-correction-amd-9950x3d,run-2,3,base64-0.23.0,decode,url-safe,unpadded,48,64,87381,2174303,1839.662982,external,avx512-vbmi,avx512-vbmi,x86_64,linux,0
1,commit-5-correction-amd-9950x3d,run-2,4,base64-0.23.0,decode,url-safe,unpadded,48,64,87381,2179032,1835.670491,external,avx512-vbmi,avx512-vbmi,x86_64,linux,0
1,commit-5-correction-amd-9950x3d,run-2,0,base64ct-1.8.3,encode,url-safe,unpadded,48,64,87381,2505857,1596.254192,external,avx512-vbmi,avx512-vbmi,x86_64,linux,0
1,commit-5-correction-amd-9950x3d,run-2,1,base64ct-1.8.3,encode,url-safe,unpadded,48,64,87381,2504685,1597.001116,external,avx512-vbmi,avx512-vbmi,x86_64,linux,0
1,commit-5-correction-amd-9950x3d,run-2,2,base64ct-1.8.3,encode,url-safe,unpadded,48,64,87381,2572463,1554.924110,external,avx512-vbmi,avx512-vbmi,x86_64,linux,0
1,commit-5-correction-amd-9950x3d,run-2,3,base64ct-1.8.3,encode,url-safe,unpadded,48,64,87381,2665217,1500.810156,external,avx512-vbmi,avx512-vbmi,x86_64,linux,0
1,commit-5-correction-amd-9950x3d,run-2,4,base64ct-1.8.3,encode,url-safe,unpadded,48,64,87381,2508693,1594.449676,external,avx512-vbmi,avx512-vbmi,x86_64,linux,0
1,commit-5-correction-amd-9950x3d,run-2,0,base64ct-1.8.3,decode,url-safe,unpadded,48,64,87381,5864220,682.100048,external,avx512-vbmi,avx512-vbmi,x86_64,linux,0
1,commit-5-correction-amd-9950x3d,run-2,1,base64ct-1.8.3,decode,url-safe,unpadded,48,64,87381,5953467,671.874849,external,avx512-vbmi,avx512-vbmi,x86_64,linux,0
1,commit-5-correction-amd-9950x3d,run-2,2,base64ct-1.8.3,decode,url-safe,unpadded,48,64,87381,6026064,663.780660,external,avx512-vbmi,avx512-vbmi,x86_64,linux,0
1,commit-5-correction-amd-9950x3d,run-2,3,base64ct-1.8.3,decode,url-safe,unpadded,48,64,87381,5871834,681.215569,external,avx512-vbmi,avx512-vbmi,x86_64,linux,0
1,commit-5-correction-amd-9950x3d,run-2,4,base64ct-1.8.3,decode,url-safe,unpadded,48,64,87381,5898484,678.137762,external,avx512-vbmi,avx512-vbmi,x86_64,linux,0
1,commit-5-correction-amd-9950x3d,run-2,0,base64-ng,encode,url-safe,unpadded,63,84,66576,7441639,537.513946,auto,avx512-vbmi,avx512-vbmi,x86_64,linux,0
1,commit-5-correction-amd-9950x3d,run-2,1,base64-ng,encode,url-safe,unpadded,63,84,66576,7345879,544.520913,auto,avx512-vbmi,avx512-vbmi,x86_64,linux,0
1,commit-5-correction-amd-9950x3d,run-2,2,base64-ng,encode,url-safe,unpadded,63,84,66576,7333285,545.456060,auto,avx512-vbmi,avx512-vbmi,x86_64,linux,0
1,commit-5-correction-amd-9950x3d,run-2,3,base64-ng,encode,url-safe,unpadded,63,84,66576,7792590,513.306197,auto,avx512-vbmi,avx512-vbmi,x86_64,linux,0
1,commit-5-correction-amd-9950x3d,run-2,4,base64-ng,encode,url-safe,unpadded,63,84,66576,8226005,486.260918,auto,avx512-vbmi,avx512-vbmi,x86_64,linux,0
1,commit-5-correction-amd-9950x3d,run-2,0,base64-ng,decode,url-safe,unpadded,63,84,66576,34003241,117.635397,auto,avx512-vbmi,avx512-vbmi,x86_64,linux,0
1,commit-5-correction-amd-9950x3d,run-2,1,base64-ng,decode,url-safe,unpadded,63,84,66576,33605563,119.027458,auto,avx512-vbmi,avx512-vbmi,x86_64,linux,0
1,commit-5-correction-amd-9950x3d,run-2,2,base64-ng,decode,url-safe,unpadded,63,84,66576,33744344,118.537932,auto,avx512-vbmi,avx512-vbmi,x86_64,linux,0
1,commit-5-correction-amd-9950x3d,run-2,3,base64-ng,decode,url-safe,unpadded,63,84,66576,34217675,116.898204,auto,avx512-vbmi,avx512-vbmi,x86_64,linux,0
1,commit-5-correction-amd-9950x3d,run-2,4,base64-ng,decode,url-safe,unpadded,63,84,66576,33649816,118.870925,auto,avx512-vbmi,avx512-vbmi,x86_64,linux,0
1,commit-5-correction-amd-9950x3d,run-2,0,base64-ng,encode,url-safe,unpadded,63,84,66576,4253387,940.423418,scalar,avx512-vbmi,avx512-vbmi,x86_64,linux,0
1,commit-5-correction-amd-9950x3d,run-2,1,base64-ng,encode,url-safe,unpadded,63,84,66576,4255401,939.978334,scalar,avx512-vbmi,avx512-vbmi,x86_64,linux,0
1,commit-5-correction-amd-9950x3d,run-2,2,base64-ng,encode,url-safe,unpadded,63,84,66576,4284215,933.656397,scalar,avx512-vbmi,avx512-vbmi,x86_64,linux,0
1,commit-5-correction-amd-9950x3d,run-2,3,base64-ng,encode,url-safe,unpadded,63,84,66576,4237006,944.059258,scalar,avx512-vbmi,avx512-vbmi,x86_64,linux,0
1,commit-5-correction-amd-9950x3d,run-2,4,base64-ng,encode,url-safe,unpadded,63,84,66576,4240012,943.389958,scalar,avx512-vbmi,avx512-vbmi,x86_64,linux,0
1,commit-5-correction-amd-9950x3d,run-2,0,base64-ng,decode,url-safe,unpadded,63,84,66576,14483245,276.180148,scalar,avx512-vbmi,avx512-vbmi,x86_64,linux,0
1,commit-5-correction-amd-9950x3d,run-2,1,base64-ng,decode,url-safe,unpadded,63,84,66576,14142032,282.843706,scalar,avx512-vbmi,avx512-vbmi,x86_64,linux,0
1,commit-5-correction-amd-9950x3d,run-2,2,base64-ng,decode,url-safe,unpadded,63,84,66576,13963877,286.452304,scalar,avx512-vbmi,avx512-vbmi,x86_64,linux,0
1,commit-5-correction-amd-9950x3d,run-2,3,base64-ng,decode,url-safe,unpadded,63,84,66576,15031417,266.108294,scalar,avx512-vbmi,avx512-vbmi,x86_64,linux,0
1,commit-5-correction-amd-9950x3d,run-2,4,base64-ng,decode,url-safe,unpadded,63,84,66576,13981400,286.093291,scalar,avx512-vbmi,avx512-vbmi,x86_64,linux,0
1,commit-5-correction-amd-9950x3d,run-2,0,base64-ng,encode,url-safe,unpadded,63,84,66576,14102147,283.643671,ssse3-sse4.1,avx512-vbmi,avx512-vbmi,x86_64,linux,0
1,commit-5-correction-amd-9950x3d,run-2,1,base64-ng,encode,url-safe,unpadded,63,84,66576,14060208,284.489727,ssse3-sse4.1,avx512-vbmi,avx512-vbmi,x86_64,linux,0
1,commit-5-correction-amd-9950x3d,run-2,2,base64-ng,encode,url-safe,unpadded,63,84,66576,14079765,284.094567,ssse3-sse4.1,avx512-vbmi,avx512-vbmi,x86_64,linux,0
1,commit-5-correction-amd-9950x3d,run-2,3,base64-ng,encode,url-safe,unpadded,63,84,66576,13562442,294.931012,ssse3-sse4.1,avx512-vbmi,avx512-vbmi,x86_64,linux,0
1,commit-5-correction-amd-9950x3d,run-2,4,base64-ng,encode,url-safe,unpadded,63,84,66576,13638174,293.293277,ssse3-sse4.1,avx512-vbmi,avx512-vbmi,x86_64,linux,0
1,commit-5-correction-amd-9950x3d,run-2,0,base64-ng,decode,url-safe,unpadded,63,84,66576,50284942,79.546373,ssse3-sse4.1,avx512-vbmi,avx512-vbmi,x86_64,linux,0
1,commit-5-correction-amd-9950x3d,run-2,1,base64-ng,decode,url-safe,unpadded,63,84,66576,50580899,79.080934,ssse3-sse4.1,avx512-vbmi,avx512-vbmi,x86_64,linux,0
1,commit-5-correction-amd-9950x3d,run-2,2,base64-ng,decode,url-safe,unpadded,63,84,66576,52165422,76.678853,ssse3-sse4.1,avx512-vbmi,avx512-vbmi,x86_64,linux,0
1,commit-5-correction-amd-9950x3d,run-2,3,base64-ng,decode,url-safe,unpadded,63,84,66576,50693070,78.905948,ssse3-sse4.1,avx512-vbmi,avx512-vbmi,x86_64,linux,0
1,commit-5-correction-amd-9950x3d,run-2,4,base64-ng,decode,url-safe,unpadded,63,84,66576,50511819,79.189085,ssse3-sse4.1,avx512-vbmi,avx512-vbmi,x86_64,linux,0
1,commit-5-correction-amd-9950x3d,run-2,0,base64-ng,encode,url-safe,unpadded,63,84,66576,8682455,460.697434,avx2,avx512-vbmi,avx512-vbmi,x86_64,linux,0
1,commit-5-correction-amd-9950x3d,run-2,1,base64-ng,encode,url-safe,unpadded,63,84,66576,8737799,457.779441,avx2,avx512-vbmi,avx512-vbmi,x86_64,linux,0
1,commit-5-correction-amd-9950x3d,run-2,2,base64-ng,encode,url-safe,unpadded,63,84,66576,8689188,460.340453,avx2,avx512-vbmi,avx512-vbmi,x86_64,linux,0
1,commit-5-correction-amd-9950x3d,run-2,3,base64-ng,encode,url-safe,unpadded,63,84,66576,8978782,445.493024,avx2,avx512-vbmi,avx512-vbmi,x86_64,linux,0
1,commit-5-correction-amd-9950x3d,run-2,4,base64-ng,encode,url-safe,unpadded,63,84,66576,8874977,450.703674,avx2,avx512-vbmi,avx512-vbmi,x86_64,linux,0
1,commit-5-correction-amd-9950x3d,run-2,0,base64-ng,decode,url-safe,unpadded,63,84,66576,40757176,98.141852,avx2,avx512-vbmi,avx512-vbmi,x86_64,linux,0
1,commit-5-correction-amd-9950x3d,run-2,1,base64-ng,decode,url-safe,unpadded,63,84,66576,40158809,99.604168,avx2,avx512-vbmi,avx512-vbmi,x86_64,linux,0
1,commit-5-correction-amd-9950x3d,run-2,2,base64-ng,decode,url-safe,unpadded,63,84,66576,40089999,99.775127,avx2,avx512-vbmi,avx512-vbmi,x86_64,linux,0
1,commit-5-correction-amd-9950x3d,run-2,3,base64-ng,decode,url-safe,unpadded,63,84,66576,40368203,99.087511,avx2,avx512-vbmi,avx512-vbmi,x86_64,linux,0
1,commit-5-correction-amd-9950x3d,run-2,4,base64-ng,decode,url-safe,unpadded,63,84,66576,40242206,99.397750,avx2,avx512-vbmi,avx512-vbmi,x86_64,linux,0
1,commit-5-correction-amd-9950x3d,run-2,0,base64-ng,encode,url-safe,unpadded,63,84,66576,6583334,607.592557,avx512-vbmi,avx512-vbmi,avx512-vbmi,x86_64,linux,0
1,commit-5-correction-amd-9950x3d,run-2,1,base64-ng,encode,url-safe,unpadded,63,84,66576,6616125,604.581192,avx512-vbmi,avx512-vbmi,avx512-vbmi,x86_64,linux,0
1,commit-5-correction-amd-9950x3d,run-2,2,base64-ng,encode,url-safe,unpadded,63,84,66576,6615915,604.600383,avx512-vbmi,avx512-vbmi,avx512-vbmi,x86_64,linux,0
1,commit-5-correction-amd-9950x3d,run-2,3,base64-ng,encode,url-safe,unpadded,63,84,66576,6763743,591.386270,avx512-vbmi,avx512-vbmi,avx512-vbmi,x86_64,linux,0
1,commit-5-correction-amd-9950x3d,run-2,4,base64-ng,encode,url-safe,unpadded,63,84,66576,6702868,596.757200,avx512-vbmi,avx512-vbmi,avx512-vbmi,x86_64,linux,0
1,commit-5-correction-amd-9950x3d,run-2,0,base64-ng,decode,url-safe,unpadded,63,84,66576,33817031,118.283144,avx512-vbmi,avx512-vbmi,avx512-vbmi,x86_64,linux,0
1,commit-5-correction-amd-9950x3d,run-2,1,base64-ng,decode,url-safe,unpadded,63,84,66576,36200959,110.493889,avx512-vbmi,avx512-vbmi,avx512-vbmi,x86_64,linux,0
1,commit-5-correction-amd-9950x3d,run-2,2,base64-ng,decode,url-safe,unpadded,63,84,66576,34057253,117.448837,avx512-vbmi,avx512-vbmi,avx512-vbmi,x86_64,linux,0
1,commit-5-correction-amd-9950x3d,run-2,3,base64-ng,decode,url-safe,unpadded,63,84,66576,34201846,116.952305,avx512-vbmi,avx512-vbmi,avx512-vbmi,x86_64,linux,0
1,commit-5-correction-amd-9950x3d,run-2,4,base64-ng,decode,url-safe,unpadded,63,84,66576,33842790,118.193114,avx512-vbmi,avx512-vbmi,avx512-vbmi,x86_64,linux,0
1,commit-5-correction-amd-9950x3d,run-2,0,base64-0.23.0,encode,url-safe,unpadded,63,84,66576,1293235,3093.006871,external,avx512-vbmi,avx512-vbmi,x86_64,linux,0
1,commit-5-correction-amd-9950x3d,run-2,1,base64-0.23.0,encode,url-safe,unpadded,63,84,66576,1308593,3056.706509,external,avx512-vbmi,avx512-vbmi,x86_64,linux,0
1,commit-5-correction-amd-9950x3d,run-2,2,base64-0.23.0,encode,url-safe,unpadded,63,84,66576,1327038,3014.220197,external,avx512-vbmi,avx512-vbmi,x86_64,linux,0
1,commit-5-correction-amd-9950x3d,run-2,3,base64-0.23.0,encode,url-safe,unpadded,63,84,66576,1327439,3013.309645,external,avx512-vbmi,avx512-vbmi,x86_64,linux,0
1,commit-5-correction-amd-9950x3d,run-2,4,base64-0.23.0,encode,url-safe,unpadded,63,84,66576,1321978,3025.757419,external,avx512-vbmi,avx512-vbmi,x86_64,linux,0
1,commit-5-correction-amd-9950x3d,run-2,0,base64-0.23.0,decode,url-safe,unpadded,63,84,66576,1881752,2125.670514,external,avx512-vbmi,avx512-vbmi,x86_64,linux,0
1,commit-5-correction-amd-9950x3d,run-2,1,base64-0.23.0,decode,url-safe,unpadded,63,84,66576,1897082,2108.493329,external,avx512-vbmi,avx512-vbmi,x86_64,linux,0
1,commit-5-correction-amd-9950x3d,run-2,2,base64-0.23.0,decode,url-safe,unpadded,63,84,66576,1888355,2118.237694,external,avx512-vbmi,avx512-vbmi,x86_64,linux,0
1,commit-5-correction-amd-9950x3d,run-2,3,base64-0.23.0,decode,url-safe,unpadded,63,84,66576,1886982,2119.778960,external,avx512-vbmi,avx512-vbmi,x86_64,linux,0
1,commit-5-correction-amd-9950x3d,run-2,4,base64-0.23.0,decode,url-safe,unpadded,63,84,66576,1888345,2118.248912,external,avx512-vbmi,avx512-vbmi,x86_64,linux,0
1,commit-5-correction-amd-9950x3d,run-2,0,base64ct-1.8.3,encode,url-safe,unpadded,63,84,66576,1755826,2278.121375,external,avx512-vbmi,avx512-vbmi,x86_64,linux,0
1,commit-5-correction-amd-9950x3d,run-2,1,base64ct-1.8.3,encode,url-safe,unpadded,63,84,66576,1731729,2309.821422,external,avx512-vbmi,avx512-vbmi,x86_64,linux,0
1,commit-5-correction-amd-9950x3d,run-2,2,base64ct-1.8.3,encode,url-safe,unpadded,63,84,66576,1738513,2300.808071,external,avx512-vbmi,avx512-vbmi,x86_64,linux,0
1,commit-5-correction-amd-9950x3d,run-2,3,base64ct-1.8.3,encode,url-safe,unpadded,63,84,66576,1747249,2289.304353,external,avx512-vbmi,avx512-vbmi,x86_64,linux,0
1,commit-5-correction-amd-9950x3d,run-2,4,base64ct-1.8.3,encode,url-safe,unpadded,63,84,66576,1742791,2295.160315,external,avx512-vbmi,avx512-vbmi,x86_64,linux,0
1,commit-5-correction-amd-9950x3d,run-2,0,base64ct-1.8.3,decode,url-safe,unpadded,63,84,66576,5550118,720.702648,external,avx512-vbmi,avx512-vbmi,x86_64,linux,0
1,commit-5-correction-amd-9950x3d,run-2,1,base64ct-1.8.3,decode,url-safe,unpadded,63,84,66576,5599150,714.391424,external,avx512-vbmi,avx512-vbmi,x86_64,linux,0
1,commit-5-correction-amd-9950x3d,run-2,2,base64ct-1.8.3,decode,url-safe,unpadded,63,84,66576,5624268,711.200949,external,avx512-vbmi,avx512-vbmi,x86_64,linux,0
1,commit-5-correction-amd-9950x3d,run-2,3,base64ct-1.8.3,decode,url-safe,unpadded,63,84,66576,5612015,712.753751,external,avx512-vbmi,avx512-vbmi,x86_64,linux,0
1,commit-5-correction-amd-9950x3d,run-2,4,base64ct-1.8.3,decode,url-safe,unpadded,63,84,66576,5566449,718.588231,external,avx512-vbmi,avx512-vbmi,x86_64,linux,0
1,commit-5-correction-amd-9950x3d,run-2,0,base64-ng,encode,url-safe,unpadded,64,86,65536,7471074,535.398257,auto,avx512-vbmi,avx512-vbmi,x86_64,linux,0
1,commit-5-correction-amd-9950x3d,run-2,1,base64-ng,encode,url-safe,unpadded,64,86,65536,7511089,532.545946,auto,avx512-vbmi,avx512-vbmi,x86_64,linux,0
1,commit-5-correction-amd-9950x3d,run-2,2,base64-ng,encode,url-safe,unpadded,64,86,65536,7470694,535.425491,auto,avx512-vbmi,avx512-vbmi,x86_64,linux,0
1,commit-5-correction-amd-9950x3d,run-2,3,base64-ng,encode,url-safe,unpadded,64,86,65536,7390362,541.245476,auto,avx512-vbmi,avx512-vbmi,x86_64,linux,0
1,commit-5-correction-amd-9950x3d,run-2,4,base64-ng,encode,url-safe,unpadded,64,86,65536,7427512,538.538342,auto,avx512-vbmi,avx512-vbmi,x86_64,linux,0
1,commit-5-correction-amd-9950x3d,run-2,0,base64-ng,decode,url-safe,unpadded,64,86,65536,33936896,117.865818,auto,avx512-vbmi,avx512-vbmi,x86_64,linux,0
1,commit-5-correction-amd-9950x3d,run-2,1,base64-ng,decode,url-safe,unpadded,64,86,65536,33804567,118.327207,auto,avx512-vbmi,avx512-vbmi,x86_64,linux,0
1,commit-5-correction-amd-9950x3d,run-2,2,base64-ng,decode,url-safe,unpadded,64,86,65536,34361697,116.408686,auto,avx512-vbmi,avx512-vbmi,x86_64,linux,0
1,commit-5-correction-amd-9950x3d,run-2,3,base64-ng,decode,url-safe,unpadded,64,86,65536,34318295,116.555907,auto,avx512-vbmi,avx512-vbmi,x86_64,linux,0
1,commit-5-correction-amd-9950x3d,run-2,4,base64-ng,decode,url-safe,unpadded,64,86,65536,33865542,118.114159,auto,avx512-vbmi,avx512-vbmi,x86_64,linux,0
1,commit-5-correction-amd-9950x3d,run-2,0,base64-ng,encode,url-safe,unpadded,64,86,65536,4428898,903.159206,scalar,avx512-vbmi,avx512-vbmi,x86_64,linux,0
1,commit-5-correction-amd-9950x3d,run-2,1,base64-ng,encode,url-safe,unpadded,64,86,65536,4435980,901.717321,scalar,avx512-vbmi,avx512-vbmi,x86_64,linux,0
1,commit-5-correction-amd-9950x3d,run-2,2,base64-ng,encode,url-safe,unpadded,64,86,65536,4427555,903.433159,scalar,avx512-vbmi,avx512-vbmi,x86_64,linux,0
1,commit-5-correction-amd-9950x3d,run-2,3,base64-ng,encode,url-safe,unpadded,64,86,65536,4412797,906.454568,scalar,avx512-vbmi,avx512-vbmi,x86_64,linux,0
1,commit-5-correction-amd-9950x3d,run-2,4,base64-ng,encode,url-safe,unpadded,64,86,65536,4417276,905.535448,scalar,avx512-vbmi,avx512-vbmi,x86_64,linux,0
1,commit-5-correction-amd-9950x3d,run-2,0,base64-ng,decode,url-safe,unpadded,64,86,65536,14242151,280.856452,scalar,avx512-vbmi,avx512-vbmi,x86_64,linux,0
1,commit-5-correction-amd-9950x3d,run-2,1,base64-ng,decode,url-safe,unpadded,64,86,65536,14257329,280.557459,scalar,avx512-vbmi,avx512-vbmi,x86_64,linux,0
1,commit-5-correction-amd-9950x3d,run-2,2,base64-ng,decode,url-safe,unpadded,64,86,65536,14390550,277.960189,scalar,avx512-vbmi,avx512-vbmi,x86_64,linux,0
1,commit-5-correction-amd-9950x3d,run-2,3,base64-ng,decode,url-safe,unpadded,64,86,65536,14231470,281.067240,scalar,avx512-vbmi,avx512-vbmi,x86_64,linux,0
1,commit-5-correction-amd-9950x3d,run-2,4,base64-ng,decode,url-safe,unpadded,64,86,65536,14205612,281.578858,scalar,avx512-vbmi,avx512-vbmi,x86_64,linux,0
1,commit-5-correction-amd-9950x3d,run-2,0,base64-ng,encode,url-safe,unpadded,64,86,65536,13721160,291.520542,ssse3-sse4.1,avx512-vbmi,avx512-vbmi,x86_64,linux,0
1,commit-5-correction-amd-9950x3d,run-2,1,base64-ng,encode,url-safe,unpadded,64,86,65536,13823452,289.363323,ssse3-sse4.1,avx512-vbmi,avx512-vbmi,x86_64,linux,0
1,commit-5-correction-amd-9950x3d,run-2,2,base64-ng,encode,url-safe,unpadded,64,86,65536,13699970,291.971442,ssse3-sse4.1,avx512-vbmi,avx512-vbmi,x86_64,linux,0
1,commit-5-correction-amd-9950x3d,run-2,3,base64-ng,encode,url-safe,unpadded,64,86,65536,13666437,292.687845,ssse3-sse4.1,avx512-vbmi,avx512-vbmi,x86_64,linux,0
1,commit-5-correction-amd-9950x3d,run-2,4,base64-ng,encode,url-safe,unpadded,64,86,65536,13756436,290.772988,ssse3-sse4.1,avx512-vbmi,avx512-vbmi,x86_64,linux,0
1,commit-5-correction-amd-9950x3d,run-2,0,base64-ng,decode,url-safe,unpadded,64,86,65536,50553387,79.124273,ssse3-sse4.1,avx512-vbmi,avx512-vbmi,x86_64,linux,0
1,commit-5-correction-amd-9950x3d,run-2,1,base64-ng,decode,url-safe,unpadded,64,86,65536,50470280,79.254563,ssse3-sse4.1,avx512-vbmi,avx512-vbmi,x86_64,linux,0
1,commit-5-correction-amd-9950x3d,run-2,2,base64-ng,decode,url-safe,unpadded,64,86,65536,51123380,78.242088,ssse3-sse4.1,avx512-vbmi,avx512-vbmi,x86_64,linux,0
1,commit-5-correction-amd-9950x3d,run-2,3,base64-ng,decode,url-safe,unpadded,64,86,65536,50311492,79.504698,ssse3-sse4.1,avx512-vbmi,avx512-vbmi,x86_64,linux,0
1,commit-5-correction-amd-9950x3d,run-2,4,base64-ng,decode,url-safe,unpadded,64,86,65536,50080256,79.871796,ssse3-sse4.1,avx512-vbmi,avx512-vbmi,x86_64,linux,0
1,commit-5-correction-amd-9950x3d,run-2,0,base64-ng,encode,url-safe,unpadded,64,86,65536,8779888,455.586677,avx2,avx512-vbmi,avx512-vbmi,x86_64,linux,0
1,commit-5-correction-amd-9950x3d,run-2,1,base64-ng,encode,url-safe,unpadded,64,86,65536,8739973,457.667318,avx2,avx512-vbmi,avx512-vbmi,x86_64,linux,0
1,commit-5-correction-amd-9950x3d,run-2,2,base64-ng,encode,url-safe,unpadded,64,86,65536,9106423,439.250406,avx2,avx512-vbmi,avx512-vbmi,x86_64,linux,0
1,commit-5-correction-amd-9950x3d,run-2,3,base64-ng,encode,url-safe,unpadded,64,86,65536,9336276,428.436349,avx2,avx512-vbmi,avx512-vbmi,x86_64,linux,0
1,commit-5-correction-amd-9950x3d,run-2,4,base64-ng,encode,url-safe,unpadded,64,86,65536,8898922,449.492646,avx2,avx512-vbmi,avx512-vbmi,x86_64,linux,0
1,commit-5-correction-amd-9950x3d,run-2,0,base64-ng,decode,url-safe,unpadded,64,86,65536,39716546,100.713692,avx2,avx512-vbmi,avx512-vbmi,x86_64,linux,0
1,commit-5-correction-amd-9950x3d,run-2,1,base64-ng,decode,url-safe,unpadded,64,86,65536,40107733,99.731391,avx2,avx512-vbmi,avx512-vbmi,x86_64,linux,0
1,commit-5-correction-amd-9950x3d,run-2,2,base64-ng,decode,url-safe,unpadded,64,86,65536,39761181,100.600634,avx2,avx512-vbmi,avx512-vbmi,x86_64,linux,0
1,commit-5-correction-amd-9950x3d,run-2,3,base64-ng,decode,url-safe,unpadded,64,86,65536,39844889,100.389287,avx2,avx512-vbmi,avx512-vbmi,x86_64,linux,0
1,commit-5-correction-amd-9950x3d,run-2,4,base64-ng,decode,url-safe,unpadded,64,86,65536,39720875,100.702716,avx2,avx512-vbmi,avx512-vbmi,x86_64,linux,0
1,commit-5-correction-amd-9950x3d,run-2,0,base64-ng,encode,url-safe,unpadded,64,86,65536,6705984,596.482187,avx512-vbmi,avx512-vbmi,avx512-vbmi,x86_64,linux,0
1,commit-5-correction-amd-9950x3d,run-2,1,base64-ng,encode,url-safe,unpadded,64,86,65536,6905459,579.251864,avx512-vbmi,avx512-vbmi,avx512-vbmi,x86_64,linux,0
1,commit-5-correction-amd-9950x3d,run-2,2,base64-ng,encode,url-safe,unpadded,64,86,65536,6949172,575.608144,avx512-vbmi,avx512-vbmi,avx512-vbmi,x86_64,linux,0
1,commit-5-correction-amd-9950x3d,run-2,3,base64-ng,encode,url-safe,unpadded,64,86,65536,6924796,577.634345,avx512-vbmi,avx512-vbmi,avx512-vbmi,x86_64,linux,0
1,commit-5-correction-amd-9950x3d,run-2,4,base64-ng,encode,url-safe,unpadded,64,86,65536,6971103,573.797289,avx512-vbmi,avx512-vbmi,avx512-vbmi,x86_64,linux,0
1,commit-5-correction-amd-9950x3d,run-2,0,base64-ng,decode,url-safe,unpadded,64,86,65536,33643263,118.894532,avx512-vbmi,avx512-vbmi,avx512-vbmi,x86_64,linux,0
1,commit-5-correction-amd-9950x3d,run-2,1,base64-ng,decode,url-safe,unpadded,64,86,65536,33496587,119.415151,avx512-vbmi,avx512-vbmi,avx512-vbmi,x86_64,linux,0
1,commit-5-correction-amd-9950x3d,run-2,2,base64-ng,decode,url-safe,unpadded,64,86,65536,33404013,119.746092,avx512-vbmi,avx512-vbmi,avx512-vbmi,x86_64,linux,0
1,commit-5-correction-amd-9950x3d,run-2,3,base64-ng,decode,url-safe,unpadded,64,86,65536,33364509,119.887872,avx512-vbmi,avx512-vbmi,avx512-vbmi,x86_64,linux,0
1,commit-5-correction-amd-9950x3d,run-2,4,base64-ng,decode,url-safe,unpadded,64,86,65536,33629407,118.943519,avx512-vbmi,avx512-vbmi,avx512-vbmi,x86_64,linux,0
1,commit-5-correction-amd-9950x3d,run-2,0,base64-0.23.0,encode,url-safe,unpadded,64,86,65536,1294647,3089.645286,external,avx512-vbmi,avx512-vbmi,x86_64,linux,0
1,commit-5-correction-amd-9950x3d,run-2,1,base64-0.23.0,encode,url-safe,unpadded,64,86,65536,1311779,3049.294127,external,avx512-vbmi,avx512-vbmi,x86_64,linux,0
1,commit-5-correction-amd-9950x3d,run-2,2,base64-0.23.0,encode,url-safe,unpadded,64,86,65536,1311800,3049.245312,external,avx512-vbmi,avx512-vbmi,x86_64,linux,0
1,commit-5-correction-amd-9950x3d,run-2,3,base64-0.23.0,encode,url-safe,unpadded,64,86,65536,1326588,3015.254171,external,avx512-vbmi,avx512-vbmi,x86_64,linux,0
1,commit-5-correction-amd-9950x3d,run-2,4,base64-0.23.0,encode,url-safe,unpadded,64,86,65536,1324623,3019.727122,external,avx512-vbmi,avx512-vbmi,x86_64,linux,0
1,commit-5-correction-amd-9950x3d,run-2,0,base64-0.23.0,decode,url-safe,unpadded,64,86,65536,1807433,2213.083417,external,avx512-vbmi,avx512-vbmi,x86_64,linux,0
1,commit-5-correction-amd-9950x3d,run-2,1,base64-0.23.0,decode,url-safe,unpadded,64,86,65536,1822281,2195.051147,external,avx512-vbmi,avx512-vbmi,x86_64,linux,0
1,commit-5-correction-amd-9950x3d,run-2,2,base64-0.23.0,decode,url-safe,unpadded,64,86,65536,1815898,2202.766895,external,avx512-vbmi,avx512-vbmi,x86_64,linux,0
1,commit-5-correction-amd-9950x3d,run-2,3,base64-0.23.0,decode,url-safe,unpadded,64,86,65536,1807552,2212.937719,external,avx512-vbmi,avx512-vbmi,x86_64,linux,0
1,commit-5-correction-amd-9950x3d,run-2,4,base64-0.23.0,decode,url-safe,unpadded,64,86,65536,1812302,2207.137662,external,avx512-vbmi,avx512-vbmi,x86_64,linux,0
1,commit-5-correction-amd-9950x3d,run-2,0,base64ct-1.8.3,encode,url-safe,unpadded,64,86,65536,1744013,2293.560885,external,avx512-vbmi,avx512-vbmi,x86_64,linux,0
1,commit-5-correction-amd-9950x3d,run-2,1,base64ct-1.8.3,encode,url-safe,unpadded,64,86,65536,1712944,2335.160986,external,avx512-vbmi,avx512-vbmi,x86_64,linux,0
1,commit-5-correction-amd-9950x3d,run-2,2,base64ct-1.8.3,encode,url-safe,unpadded,64,86,65536,1718936,2327.020901,external,avx512-vbmi,avx512-vbmi,x86_64,linux,0
1,commit-5-correction-amd-9950x3d,run-2,3,base64ct-1.8.3,encode,url-safe,unpadded,64,86,65536,1723515,2320.838519,external,avx512-vbmi,avx512-vbmi,x86_64,linux,0
1,commit-5-correction-amd-9950x3d,run-2,4,base64ct-1.8.3,encode,url-safe,unpadded,64,86,65536,1732101,2309.334155,external,avx512-vbmi,avx512-vbmi,x86_64,linux,0
1,commit-5-correction-amd-9950x3d,run-2,0,base64ct-1.8.3,decode,url-safe,unpadded,64,86,65536,6060810,659.977792,external,avx512-vbmi,avx512-vbmi,x86_64,linux,0
1,commit-5-correction-amd-9950x3d,run-2,1,base64ct-1.8.3,decode,url-safe,unpadded,64,86,65536,6047694,661.409126,external,avx512-vbmi,avx512-vbmi,x86_64,linux,0
1,commit-5-correction-amd-9950x3d,run-2,2,base64ct-1.8.3,decode,url-safe,unpadded,64,86,65536,6039570,662.298806,external,avx512-vbmi,avx512-vbmi,x86_64,linux,0
1,commit-5-correction-amd-9950x3d,run-2,3,base64ct-1.8.3,decode,url-safe,unpadded,64,86,65536,6091147,656.690768,external,avx512-vbmi,avx512-vbmi,x86_64,linux,0
1,commit-5-correction-amd-9950x3d,run-2,4,base64ct-1.8.3,decode,url-safe,unpadded,64,86,65536,6179132,647.340112,external,avx512-vbmi,avx512-vbmi,x86_64,linux,0
1,commit-5-correction-amd-9950x3d,run-2,0,base64-ng,encode,url-safe,unpadded,1024,1366,4096,3869294,1033.780323,auto,avx512-vbmi,avx512-vbmi,x86_64,linux,0
1,commit-5-correction-amd-9950x3d,run-2,1,base64-ng,encode,url-safe,unpadded,1024,1366,4096,3851500,1038.556407,auto,avx512-vbmi,avx512-vbmi,x86_64,linux,0
1,commit-5-correction-amd-9950x3d,run-2,2,base64-ng,encode,url-safe,unpadded,1024,1366,4096,3845208,1040.255820,auto,avx512-vbmi,avx512-vbmi,x86_64,linux,0
1,commit-5-correction-amd-9950x3d,run-2,3,base64-ng,encode,url-safe,unpadded,1024,1366,4096,3862832,1035.509699,auto,avx512-vbmi,avx512-vbmi,x86_64,linux,0
1,commit-5-correction-amd-9950x3d,run-2,4,base64-ng,encode,url-safe,unpadded,1024,1366,4096,3829078,1044.637900,auto,avx512-vbmi,avx512-vbmi,x86_64,linux,0
1,commit-5-correction-amd-9950x3d,run-2,0,base64-ng,decode,url-safe,unpadded,1024,1366,4096,27131225,147.431603,auto,avx512-vbmi,avx512-vbmi,x86_64,linux,0
1,commit-5-correction-amd-9950x3d,run-2,1,base64-ng,decode,url-safe,unpadded,1024,1366,4096,27195225,147.084644,auto,avx512-vbmi,avx512-vbmi,x86_64,linux,0
1,commit-5-correction-amd-9950x3d,run-2,2,base64-ng,decode,url-safe,unpadded,1024,1366,4096,28685531,139.443122,auto,avx512-vbmi,avx512-vbmi,x86_64,linux,0
1,commit-5-correction-amd-9950x3d,run-2,3,base64-ng,decode,url-safe,unpadded,1024,1366,4096,30271416,132.137856,auto,avx512-vbmi,avx512-vbmi,x86_64,linux,0
1,commit-5-correction-amd-9950x3d,run-2,4,base64-ng,decode,url-safe,unpadded,1024,1366,4096,27301244,146.513470,auto,avx512-vbmi,avx512-vbmi,x86_64,linux,0
1,commit-5-correction-amd-9950x3d,run-2,0,base64-ng,encode,url-safe,unpadded,1024,1366,4096,1954108,2046.969768,scalar,avx512-vbmi,avx512-vbmi,x86_64,linux,0
1,commit-5-correction-amd-9950x3d,run-2,1,base64-ng,encode,url-safe,unpadded,1024,1366,4096,1967223,2033.323116,scalar,avx512-vbmi,avx512-vbmi,x86_64,linux,0
1,commit-5-correction-amd-9950x3d,run-2,2,base64-ng,encode,url-safe,unpadded,1024,1366,4096,1971962,2028.436653,scalar,avx512-vbmi,avx512-vbmi,x86_64,linux,0
1,commit-5-correction-amd-9950x3d,run-2,3,base64-ng,encode,url-safe,unpadded,1024,1366,4096,1982021,2018.142088,scalar,avx512-vbmi,avx512-vbmi,x86_64,linux,0
1,commit-5-correction-amd-9950x3d,run-2,4,base64-ng,encode,url-safe,unpadded,1024,1366,4096,1976000,2024.291498,scalar,avx512-vbmi,avx512-vbmi,x86_64,linux,0
1,commit-5-correction-amd-9950x3d,run-2,0,base64-ng,decode,url-safe,unpadded,1024,1366,4096,13768780,290.512304,scalar,avx512-vbmi,avx512-vbmi,x86_64,linux,0
1,commit-5-correction-amd-9950x3d,run-2,1,base64-ng,decode,url-safe,unpadded,1024,1366,4096,13753241,290.840537,scalar,avx512-vbmi,avx512-vbmi,x86_64,linux,0
1,commit-5-correction-amd-9950x3d,run-2,2,base64-ng,decode,url-safe,unpadded,1024,1366,4096,13744705,291.021161,scalar,avx512-vbmi,avx512-vbmi,x86_64,linux,0
1,commit-5-correction-amd-9950x3d,run-2,3,base64-ng,decode,url-safe,unpadded,1024,1366,4096,13763260,290.628819,scalar,avx512-vbmi,avx512-vbmi,x86_64,linux,0
1,commit-5-correction-amd-9950x3d,run-2,4,base64-ng,decode,url-safe,unpadded,1024,1366,4096,13756226,290.777427,scalar,avx512-vbmi,avx512-vbmi,x86_64,linux,0
1,commit-5-correction-amd-9950x3d,run-2,0,base64-ng,encode,url-safe,unpadded,1024,1366,4096,12229372,327.081391,ssse3-sse4.1,avx512-vbmi,avx512-vbmi,x86_64,linux,0
1,commit-5-correction-amd-9950x3d,run-2,1,base64-ng,encode,url-safe,unpadded,1024,1366,4096,12098095,330.630566,ssse3-sse4.1,avx512-vbmi,avx512-vbmi,x86_64,linux,0
1,commit-5-correction-amd-9950x3d,run-2,2,base64-ng,encode,url-safe,unpadded,1024,1366,4096,12034876,332.367363,ssse3-sse4.1,avx512-vbmi,avx512-vbmi,x86_64,linux,0
1,commit-5-correction-amd-9950x3d,run-2,3,base64-ng,encode,url-safe,unpadded,1024,1366,4096,11997375,333.406266,ssse3-sse4.1,avx512-vbmi,avx512-vbmi,x86_64,linux,0
1,commit-5-correction-amd-9950x3d,run-2,4,base64-ng,encode,url-safe,unpadded,1024,1366,4096,12067698,331.463383,ssse3-sse4.1,avx512-vbmi,avx512-vbmi,x86_64,linux,0
1,commit-5-correction-amd-9950x3d,run-2,0,base64-ng,decode,url-safe,unpadded,1024,1366,4096,50239075,79.619300,ssse3-sse4.1,avx512-vbmi,avx512-vbmi,x86_64,linux,0
1,commit-5-correction-amd-9950x3d,run-2,1,base64-ng,decode,url-safe,unpadded,1024,1366,4096,50575198,79.090150,ssse3-sse4.1,avx512-vbmi,avx512-vbmi,x86_64,linux,0
1,commit-5-correction-amd-9950x3d,run-2,2,base64-ng,decode,url-safe,unpadded,1024,1366,4096,50729478,78.849619,ssse3-sse4.1,avx512-vbmi,avx512-vbmi,x86_64,linux,0
1,commit-5-correction-amd-9950x3d,run-2,3,base64-ng,decode,url-safe,unpadded,1024,1366,4096,52282592,76.507301,ssse3-sse4.1,avx512-vbmi,avx512-vbmi,x86_64,linux,0
1,commit-5-correction-amd-9950x3d,run-2,4,base64-ng,decode,url-safe,unpadded,1024,1366,4096,50939464,78.524580,ssse3-sse4.1,avx512-vbmi,avx512-vbmi,x86_64,linux,0
1,commit-5-correction-amd-9950x3d,run-2,0,base64-ng,encode,url-safe,unpadded,1024,1366,4096,6767069,591.097859,avx2,avx512-vbmi,avx512-vbmi,x86_64,linux,0
1,commit-5-correction-amd-9950x3d,run-2,1,base64-ng,encode,url-safe,unpadded,1024,1366,4096,6770766,590.775106,avx2,avx512-vbmi,avx512-vbmi,x86_64,linux,0
1,commit-5-correction-amd-9950x3d,run-2,2,base64-ng,encode,url-safe,unpadded,1024,1366,4096,6771006,590.754166,avx2,avx512-vbmi,avx512-vbmi,x86_64,linux,0
1,commit-5-correction-amd-9950x3d,run-2,3,base64-ng,encode,url-safe,unpadded,1024,1366,4096,6678383,598.947380,avx2,avx512-vbmi,avx512-vbmi,x86_64,linux,0
1,commit-5-correction-amd-9950x3d,run-2,4,base64-ng,encode,url-safe,unpadded,1024,1366,4096,6615093,604.677818,avx2,avx512-vbmi,avx512-vbmi,x86_64,linux,0
1,commit-5-correction-amd-9950x3d,run-2,0,base64-ng,decode,url-safe,unpadded,1024,1366,4096,35081320,114.020795,avx2,avx512-vbmi,avx512-vbmi,x86_64,linux,0
1,commit-5-correction-amd-9950x3d,run-2,1,base64-ng,decode,url-safe,unpadded,1024,1366,4096,35052547,114.114389,avx2,avx512-vbmi,avx512-vbmi,x86_64,linux,0
1,commit-5-correction-amd-9950x3d,run-2,2,base64-ng,decode,url-safe,unpadded,1024,1366,4096,35771631,111.820453,avx2,avx512-vbmi,avx512-vbmi,x86_64,linux,0
1,commit-5-correction-amd-9950x3d,run-2,3,base64-ng,decode,url-safe,unpadded,1024,1366,4096,35315331,113.265256,avx2,avx512-vbmi,avx512-vbmi,x86_64,linux,0
1,commit-5-correction-amd-9950x3d,run-2,4,base64-ng,decode,url-safe,unpadded,1024,1366,4096,35093945,113.979776,avx2,avx512-vbmi,avx512-vbmi,x86_64,linux,0
1,commit-5-correction-amd-9950x3d,run-2,0,base64-ng,encode,url-safe,unpadded,1024,1366,4096,3734390,1071.125405,avx512-vbmi,avx512-vbmi,avx512-vbmi,x86_64,linux,0
1,commit-5-correction-amd-9950x3d,run-2,1,base64-ng,encode,url-safe,unpadded,1024,1366,4096,3808840,1050.188509,avx512-vbmi,avx512-vbmi,avx512-vbmi,x86_64,linux,0
1,commit-5-correction-amd-9950x3d,run-2,2,base64-ng,encode,url-safe,unpadded,1024,1366,4096,3876267,1031.920660,avx512-vbmi,avx512-vbmi,avx512-vbmi,x86_64,linux,0
1,commit-5-correction-amd-9950x3d,run-2,3,base64-ng,encode,url-safe,unpadded,1024,1366,4096,3920641,1020.241333,avx512-vbmi,avx512-vbmi,avx512-vbmi,x86_64,linux,0
1,commit-5-correction-amd-9950x3d,run-2,4,base64-ng,encode,url-safe,unpadded,1024,1366,4096,3882839,1030.174056,avx512-vbmi,avx512-vbmi,avx512-vbmi,x86_64,linux,0
1,commit-5-correction-amd-9950x3d,run-2,0,base64-ng,decode,url-safe,unpadded,1024,1366,4096,27452009,145.708826,avx512-vbmi,avx512-vbmi,avx512-vbmi,x86_64,linux,0
1,commit-5-correction-amd-9950x3d,run-2,1,base64-ng,decode,url-safe,unpadded,1024,1366,4096,27444414,145.749150,avx512-vbmi,avx512-vbmi,avx512-vbmi,x86_64,linux,0
1,commit-5-correction-amd-9950x3d,run-2,2,base64-ng,decode,url-safe,unpadded,1024,1366,4096,27186529,147.131692,avx512-vbmi,avx512-vbmi,avx512-vbmi,x86_64,linux,0
1,commit-5-correction-amd-9950x3d,run-2,3,base64-ng,decode,url-safe,unpadded,1024,1366,4096,27448922,145.725213,avx512-vbmi,avx512-vbmi,avx512-vbmi,x86_64,linux,0
1,commit-5-correction-amd-9950x3d,run-2,4,base64-ng,decode,url-safe,unpadded,1024,1366,4096,27281237,146.620918,avx512-vbmi,avx512-vbmi,avx512-vbmi,x86_64,linux,0
1,commit-5-correction-amd-9950x3d,run-2,0,base64-0.23.0,encode,url-safe,unpadded,1024,1366,4096,1070325,3737.182631,external,avx512-vbmi,avx512-vbmi,x86_64,linux,0
1,commit-5-correction-amd-9950x3d,run-2,1,base64-0.23.0,encode,url-safe,unpadded,1024,1366,4096,1034007,3868.445765,external,avx512-vbmi,avx512-vbmi,x86_64,linux,0
1,commit-5-correction-amd-9950x3d,run-2,2,base64-0.23.0,encode,url-safe,unpadded,1024,1366,4096,1028386,3889.590096,external,avx512-vbmi,avx512-vbmi,x86_64,linux,0
1,commit-5-correction-amd-9950x3d,run-2,3,base64-0.23.0,encode,url-safe,unpadded,1024,1366,4096,1062299,3765.418211,external,avx512-vbmi,avx512-vbmi,x86_64,linux,0
1,commit-5-correction-amd-9950x3d,run-2,4,base64-0.23.0,encode,url-safe,unpadded,1024,1366,4096,1044837,3828.348345,external,avx512-vbmi,avx512-vbmi,x86_64,linux,0
1,commit-5-correction-amd-9950x3d,run-2,0,base64-0.23.0,decode,url-safe,unpadded,1024,1366,4096,1098698,3640.672869,external,avx512-vbmi,avx512-vbmi,x86_64,linux,0
1,commit-5-correction-amd-9950x3d,run-2,1,base64-0.23.0,decode,url-safe,unpadded,1024,1366,4096,1584262,2524.834907,external,avx512-vbmi,avx512-vbmi,x86_64,linux,0
1,commit-5-correction-amd-9950x3d,run-2,2,base64-0.23.0,decode,url-safe,unpadded,1024,1366,4096,1004261,3983.028316,external,avx512-vbmi,avx512-vbmi,x86_64,linux,0
1,commit-5-correction-amd-9950x3d,run-2,3,base64-0.23.0,decode,url-safe,unpadded,1024,1366,4096,1516956,2636.859606,external,avx512-vbmi,avx512-vbmi,x86_64,linux,0
1,commit-5-correction-amd-9950x3d,run-2,4,base64-0.23.0,decode,url-safe,unpadded,1024,1366,4096,1377813,2903.151589,external,avx512-vbmi,avx512-vbmi,x86_64,linux,0
1,commit-5-correction-amd-9950x3d,run-2,0,base64ct-1.8.3,encode,url-safe,unpadded,1024,1366,4096,1418350,2820.178376,external,avx512-vbmi,avx512-vbmi,x86_64,linux,0
1,commit-5-correction-amd-9950x3d,run-2,1,base64ct-1.8.3,encode,url-safe,unpadded,1024,1366,4096,1361603,2937.713856,external,avx512-vbmi,avx512-vbmi,x86_64,linux,0
1,commit-5-correction-amd-9950x3d,run-2,2,base64ct-1.8.3,encode,url-safe,unpadded,1024,1366,4096,1366222,2927.781869,external,avx512-vbmi,avx512-vbmi,x86_64,linux,0
1,commit-5-correction-amd-9950x3d,run-2,3,base64ct-1.8.3,encode,url-safe,unpadded,1024,1366,4096,1369488,2920.799598,external,avx512-vbmi,avx512-vbmi,x86_64,linux,0
1,commit-5-correction-amd-9950x3d,run-2,4,base64ct-1.8.3,encode,url-safe,unpadded,1024,1366,4096,1370751,2918.108395,external,avx512-vbmi,avx512-vbmi,x86_64,linux,0
1,commit-5-correction-amd-9950x3d,run-2,0,base64ct-1.8.3,decode,url-safe,unpadded,1024,1366,4096,4679900,854.719118,external,avx512-vbmi,avx512-vbmi,x86_64,linux,0
1,commit-5-correction-amd-9950x3d,run-2,1,base64ct-1.8.3,decode,url-safe,unpadded,1024,1366,4096,4679509,854.790535,external,avx512-vbmi,avx512-vbmi,x86_64,linux,0
1,commit-5-correction-amd-9950x3d,run-2,2,base64ct-1.8.3,decode,url-safe,unpadded,1024,1366,4096,4677585,855.142130,external,avx512-vbmi,avx512-vbmi,x86_64,linux,0
1,commit-5-correction-amd-9950x3d,run-2,3,base64ct-1.8.3,decode,url-safe,unpadded,1024,1366,4096,4667497,856.990374,external,avx512-vbmi,avx512-vbmi,x86_64,linux,0
1,commit-5-correction-amd-9950x3d,run-2,4,base64ct-1.8.3,decode,url-safe,unpadded,1024,1366,4096,4669450,856.631937,external,avx512-vbmi,avx512-vbmi,x86_64,linux,0
1,commit-5-correction-amd-9950x3d,run-2,0,base64-ng,encode,url-safe,unpadded,65536,87382,64,3525617,1134.553186,auto,avx512-vbmi,avx512-vbmi,x86_64,linux,0
1,commit-5-correction-amd-9950x3d,run-2,1,base64-ng,encode,url-safe,unpadded,65536,87382,64,3553360,1125.695117,auto,avx512-vbmi,avx512-vbmi,x86_64,linux,0
1,commit-5-correction-amd-9950x3d,run-2,2,base64-ng,encode,url-safe,unpadded,65536,87382,64,3516600,1137.462322,auto,avx512-vbmi,avx512-vbmi,x86_64,linux,0
1,commit-5-correction-amd-9950x3d,run-2,3,base64-ng,encode,url-safe,unpadded,65536,87382,64,3526539,1134.256561,auto,avx512-vbmi,avx512-vbmi,x86_64,linux,0
1,commit-5-correction-amd-9950x3d,run-2,4,base64-ng,encode,url-safe,unpadded,65536,87382,64,3512021,1138.945354,auto,avx512-vbmi,avx512-vbmi,x86_64,linux,0
1,commit-5-correction-amd-9950x3d,run-2,0,base64-ng,decode,url-safe,unpadded,65536,87382,64,26406230,151.479405,auto,avx512-vbmi,avx512-vbmi,x86_64,linux,0
1,commit-5-correction-amd-9950x3d,run-2,1,base64-ng,decode,url-safe,unpadded,65536,87382,64,26553608,150.638663,auto,avx512-vbmi,avx512-vbmi,x86_64,linux,0
1,commit-5-correction-amd-9950x3d,run-2,2,base64-ng,decode,url-safe,unpadded,65536,87382,64,26578484,150.497673,auto,avx512-vbmi,avx512-vbmi,x86_64,linux,0
1,commit-5-correction-amd-9950x3d,run-2,3,base64-ng,decode,url-safe,unpadded,65536,87382,64,26565650,150.570379,auto,avx512-vbmi,avx512-vbmi,x86_64,linux,0
1,commit-5-correction-amd-9950x3d,run-2,4,base64-ng,decode,url-safe,unpadded,65536,87382,64,26655490,150.062895,auto,avx512-vbmi,avx512-vbmi,x86_64,linux,0
1,commit-5-correction-amd-9950x3d,run-2,0,base64-ng,encode,url-safe,unpadded,65536,87382,64,1808294,2212.029681,scalar,avx512-vbmi,avx512-vbmi,x86_64,linux,0
1,commit-5-correction-amd-9950x3d,run-2,1,base64-ng,encode,url-safe,unpadded,65536,87382,64,1816329,2202.244197,scalar,avx512-vbmi,avx512-vbmi,x86_64,linux,0
1,commit-5-correction-amd-9950x3d,run-2,2,base64-ng,encode,url-safe,unpadded,65536,87382,64,1834172,2180.820556,scalar,avx512-vbmi,avx512-vbmi,x86_64,linux,0
1,commit-5-correction-amd-9950x3d,run-2,3,base64-ng,encode,url-safe,unpadded,65536,87382,64,1833852,2181.201100,scalar,avx512-vbmi,avx512-vbmi,x86_64,linux,0
1,commit-5-correction-amd-9950x3d,run-2,4,base64-ng,encode,url-safe,unpadded,65536,87382,64,1829073,2186.900140,scalar,avx512-vbmi,avx512-vbmi,x86_64,linux,0
1,commit-5-correction-amd-9950x3d,run-2,0,base64-ng,decode,url-safe,unpadded,65536,87382,64,13737020,291.183969,scalar,avx512-vbmi,avx512-vbmi,x86_64,linux,0
1,commit-5-correction-amd-9950x3d,run-2,1,base64-ng,decode,url-safe,unpadded,65536,87382,64,13749574,290.918104,scalar,avx512-vbmi,avx512-vbmi,x86_64,linux,0
1,commit-5-correction-amd-9950x3d,run-2,2,base64-ng,decode,url-safe,unpadded,65536,87382,64,13748672,290.937190,scalar,avx512-vbmi,avx512-vbmi,x86_64,linux,0
1,commit-5-correction-amd-9950x3d,run-2,3,base64-ng,decode,url-safe,unpadded,65536,87382,64,13805689,289.735630,scalar,avx512-vbmi,avx512-vbmi,x86_64,linux,0
1,commit-5-correction-amd-9950x3d,run-2,4,base64-ng,decode,url-safe,unpadded,65536,87382,64,13881412,288.155124,scalar,avx512-vbmi,avx512-vbmi,x86_64,linux,0
1,commit-5-correction-amd-9950x3d,run-2,0,base64-ng,encode,url-safe,unpadded,65536,87382,64,12631880,316.659120,ssse3-sse4.1,avx512-vbmi,avx512-vbmi,x86_64,linux,0
1,commit-5-correction-amd-9950x3d,run-2,1,base64-ng,encode,url-safe,unpadded,65536,87382,64,12525750,319.342155,ssse3-sse4.1,avx512-vbmi,avx512-vbmi,x86_64,linux,0
1,commit-5-correction-amd-9950x3d,run-2,2,base64-ng,encode,url-safe,unpadded,65536,87382,64,12486827,320.337585,ssse3-sse4.1,avx512-vbmi,avx512-vbmi,x86_64,linux,0
1,commit-5-correction-amd-9950x3d,run-2,3,base64-ng,encode,url-safe,unpadded,65536,87382,64,12323630,324.579690,ssse3-sse4.1,avx512-vbmi,avx512-vbmi,x86_64,linux,0
1,commit-5-correction-amd-9950x3d,run-2,4,base64-ng,encode,url-safe,unpadded,65536,87382,64,12176743,328.495066,ssse3-sse4.1,avx512-vbmi,avx512-vbmi,x86_64,linux,0
1,commit-5-correction-amd-9950x3d,run-2,0,base64-ng,decode,url-safe,unpadded,65536,87382,64,50750067,78.817630,ssse3-sse4.1,avx512-vbmi,avx512-vbmi,x86_64,linux,0
1,commit-5-correction-amd-9950x3d,run-2,1,base64-ng,decode,url-safe,unpadded,65536,87382,64,50177189,79.717499,ssse3-sse4.1,avx512-vbmi,avx512-vbmi,x86_64,linux,0
1,commit-5-correction-amd-9950x3d,run-2,2,base64-ng,decode,url-safe,unpadded,65536,87382,64,50775165,78.778671,ssse3-sse4.1,avx512-vbmi,avx512-vbmi,x86_64,linux,0
1,commit-5-correction-amd-9950x3d,run-2,3,base64-ng,decode,url-safe,unpadded,65536,87382,64,50283068,79.549641,ssse3-sse4.1,avx512-vbmi,avx512-vbmi,x86_64,linux,0
1,commit-5-correction-amd-9950x3d,run-2,4,base64-ng,decode,url-safe,unpadded,65536,87382,64,50264994,79.578245,ssse3-sse4.1,avx512-vbmi,avx512-vbmi,x86_64,linux,0
1,commit-5-correction-amd-9950x3d,run-2,0,base64-ng,encode,url-safe,unpadded,65536,87382,64,6472485,618.000660,avx2,avx512-vbmi,avx512-vbmi,x86_64,linux,0
1,commit-5-correction-amd-9950x3d,run-2,1,base64-ng,encode,url-safe,unpadded,65536,87382,64,6444001,620.732368,avx2,avx512-vbmi,avx512-vbmi,x86_64,linux,0
1,commit-5-correction-amd-9950x3d,run-2,2,base64-ng,encode,url-safe,unpadded,65536,87382,64,6483745,616.927408,avx2,avx512-vbmi,avx512-vbmi,x86_64,linux,0
1,commit-5-correction-amd-9950x3d,run-2,3,base64-ng,encode,url-safe,unpadded,65536,87382,64,6474969,617.763575,avx2,avx512-vbmi,avx512-vbmi,x86_64,linux,0
1,commit-5-correction-amd-9950x3d,run-2,4,base64-ng,encode,url-safe,unpadded,65536,87382,64,6441296,620.993042,avx2,avx512-vbmi,avx512-vbmi,x86_64,linux,0
1,commit-5-correction-amd-9950x3d,run-2,0,base64-ng,decode,url-safe,unpadded,65536,87382,64,35381576,113.053189,avx2,avx512-vbmi,avx512-vbmi,x86_64,linux,0
1,commit-5-correction-amd-9950x3d,run-2,1,base64-ng,decode,url-safe,unpadded,65536,87382,64,35111818,113.921757,avx2,avx512-vbmi,avx512-vbmi,x86_64,linux,0
1,commit-5-correction-amd-9950x3d,run-2,2,base64-ng,decode,url-safe,unpadded,65536,87382,64,34787147,114.984997,avx2,avx512-vbmi,avx512-vbmi,x86_64,linux,0
1,commit-5-correction-amd-9950x3d,run-2,3,base64-ng,decode,url-safe,unpadded,65536,87382,64,34648335,115.445663,avx2,avx512-vbmi,avx512-vbmi,x86_64,linux,0
1,commit-5-correction-amd-9950x3d,run-2,4,base64-ng,decode,url-safe,unpadded,65536,87382,64,34691366,115.302465,avx2,avx512-vbmi,avx512-vbmi,x86_64,linux,0
1,commit-5-correction-amd-9950x3d,run-2,0,base64-ng,encode,url-safe,unpadded,65536,87382,64,3664178,1091.650024,avx512-vbmi,avx512-vbmi,avx512-vbmi,x86_64,linux,0
1,commit-5-correction-amd-9950x3d,run-2,1,base64-ng,encode,url-safe,unpadded,65536,87382,64,3666562,1090.940232,avx512-vbmi,avx512-vbmi,avx512-vbmi,x86_64,linux,0
1,commit-5-correction-amd-9950x3d,run-2,2,base64-ng,encode,url-safe,unpadded,65536,87382,64,3766751,1061.923127,avx512-vbmi,avx512-vbmi,avx512-vbmi,x86_64,linux,0
1,commit-5-correction-amd-9950x3d,run-2,3,base64-ng,encode,url-safe,unpadded,65536,87382,64,3830992,1044.115989,avx512-vbmi,avx512-vbmi,avx512-vbmi,x86_64,linux,0
1,commit-5-correction-amd-9950x3d,run-2,4,base64-ng,encode,url-safe,unpadded,65536,87382,64,3727728,1073.039664,avx512-vbmi,avx512-vbmi,avx512-vbmi,x86_64,linux,0
1,commit-5-correction-amd-9950x3d,run-2,0,base64-ng,decode,url-safe,unpadded,65536,87382,64,26741671,149.579284,avx512-vbmi,avx512-vbmi,avx512-vbmi,x86_64,linux,0
1,commit-5-correction-amd-9950x3d,run-2,1,base64-ng,decode,url-safe,unpadded,65536,87382,64,26578885,150.495403,avx512-vbmi,avx512-vbmi,avx512-vbmi,x86_64,linux,0
1,commit-5-correction-amd-9950x3d,run-2,2,base64-ng,decode,url-safe,unpadded,65536,87382,64,26667983,149.992596,avx512-vbmi,avx512-vbmi,avx512-vbmi,x86_64,linux,0
1,commit-5-correction-amd-9950x3d,run-2,3,base64-ng,decode,url-safe,unpadded,65536,87382,64,26784822,149.338308,avx512-vbmi,avx512-vbmi,avx512-vbmi,x86_64,linux,0
1,commit-5-correction-amd-9950x3d,run-2,4,base64-ng,decode,url-safe,unpadded,65536,87382,64,26782459,149.351484,avx512-vbmi,avx512-vbmi,avx512-vbmi,x86_64,linux,0
1,commit-5-correction-amd-9950x3d,run-2,0,base64-0.23.0,encode,url-safe,unpadded,65536,87382,64,792962,5044.377915,external,avx512-vbmi,avx512-vbmi,x86_64,linux,0
1,commit-5-correction-amd-9950x3d,run-2,1,base64-0.23.0,encode,url-safe,unpadded,65536,87382,64,797711,5014.347301,external,avx512-vbmi,avx512-vbmi,x86_64,linux,0
1,commit-5-correction-amd-9950x3d,run-2,2,base64-0.23.0,encode,url-safe,unpadded,65536,87382,64,798413,5009.938465,external,avx512-vbmi,avx512-vbmi,x86_64,linux,0
1,commit-5-correction-amd-9950x3d,run-2,3,base64-0.23.0,encode,url-safe,unpadded,65536,87382,64,801579,4990.150690,external,avx512-vbmi,avx512-vbmi,x86_64,linux,0
1,commit-5-correction-amd-9950x3d,run-2,4,base64-0.23.0,encode,url-safe,unpadded,65536,87382,64,804775,4970.333323,external,avx512-vbmi,avx512-vbmi,x86_64,linux,0
1,commit-5-correction-amd-9950x3d,run-2,0,base64-0.23.0,decode,url-safe,unpadded,65536,87382,64,947815,4220.232851,external,avx512-vbmi,avx512-vbmi,x86_64,linux,0
1,commit-5-correction-amd-9950x3d,run-2,1,base64-0.23.0,decode,url-safe,unpadded,65536,87382,64,953745,4193.993153,external,avx512-vbmi,avx512-vbmi,x86_64,linux,0
1,commit-5-correction-amd-9950x3d,run-2,2,base64-0.23.0,decode,url-safe,unpadded,65536,87382,64,958274,4174.171479,external,avx512-vbmi,avx512-vbmi,x86_64,linux,0
1,commit-5-correction-amd-9950x3d,run-2,3,base64-0.23.0,decode,url-safe,unpadded,65536,87382,64,957712,4176.620947,external,avx512-vbmi,avx512-vbmi,x86_64,linux,0
1,commit-5-correction-amd-9950x3d,run-2,4,base64-0.23.0,decode,url-safe,unpadded,65536,87382,64,958434,4173.474647,external,avx512-vbmi,avx512-vbmi,x86_64,linux,0
1,commit-5-correction-amd-9950x3d,run-2,0,base64ct-1.8.3,encode,url-safe,unpadded,65536,87382,64,1341937,2980.765863,external,avx512-vbmi,avx512-vbmi,x86_64,linux,0
1,commit-5-correction-amd-9950x3d,run-2,1,base64ct-1.8.3,encode,url-safe,unpadded,65536,87382,64,1331777,3003.505842,external,avx512-vbmi,avx512-vbmi,x86_64,linux,0
1,commit-5-correction-amd-9950x3d,run-2,2,base64ct-1.8.3,encode,url-safe,unpadded,65536,87382,64,1332969,3000.819974,external,avx512-vbmi,avx512-vbmi,x86_64,linux,0
1,commit-5-correction-amd-9950x3d,run-2,3,base64ct-1.8.3,encode,url-safe,unpadded,65536,87382,64,1336806,2992.206797,external,avx512-vbmi,avx512-vbmi,x86_64,linux,0
1,commit-5-correction-amd-9950x3d,run-2,4,base64ct-1.8.3,encode,url-safe,unpadded,65536,87382,64,1335845,2994.359376,external,avx512-vbmi,avx512-vbmi,x86_64,linux,0
1,commit-5-correction-amd-9950x3d,run-2,0,base64ct-1.8.3,decode,url-safe,unpadded,65536,87382,64,4566326,875.977755,external,avx512-vbmi,avx512-vbmi,x86_64,linux,0
1,commit-5-correction-amd-9950x3d,run-2,1,base64ct-1.8.3,decode,url-safe,unpadded,65536,87382,64,4574512,874.410210,external,avx512-vbmi,avx512-vbmi,x86_64,linux,0
1,commit-5-correction-amd-9950x3d,run-2,2,base64ct-1.8.3,decode,url-safe,unpadded,65536,87382,64,4650845,860.058764,external,avx512-vbmi,avx512-vbmi,x86_64,linux,0
1,commit-5-correction-amd-9950x3d,run-2,3,base64ct-1.8.3,decode,url-safe,unpadded,65536,87382,64,4665793,857.303357,external,avx512-vbmi,avx512-vbmi,x86_64,linux,0
1,commit-5-correction-amd-9950x3d,run-2,4,base64ct-1.8.3,decode,url-safe,unpadded,65536,87382,64,4619546,865.885955,external,avx512-vbmi,avx512-vbmi,x86_64,linux,0
