schema_version,campaign_id,run_id,sample_index,engine,operation,alphabet,padding,input_len,encoded_len,iterations,elapsed_ns,throughput_mib_s,backend,active_encode_backend,active_decode_backend,target_arch,target_os,allocation_count
1,commit-5-correction-amd-9950x3d,run-1,0,base64-ng,encode,standard,padded,1,4,4194304,27759128,144.096745,auto,avx512-vbmi,avx512-vbmi,x86_64,linux,0
1,commit-5-correction-amd-9950x3d,run-1,1,base64-ng,encode,standard,padded,1,4,4194304,28092065,142.388963,auto,avx512-vbmi,avx512-vbmi,x86_64,linux,0
1,commit-5-correction-amd-9950x3d,run-1,2,base64-ng,encode,standard,padded,1,4,4194304,28162317,142.033768,auto,avx512-vbmi,avx512-vbmi,x86_64,linux,0
1,commit-5-correction-amd-9950x3d,run-1,3,base64-ng,encode,standard,padded,1,4,4194304,28084440,142.427622,auto,avx512-vbmi,avx512-vbmi,x86_64,linux,0
1,commit-5-correction-amd-9950x3d,run-1,4,base64-ng,encode,standard,padded,1,4,4194304,28113194,142.281948,auto,avx512-vbmi,avx512-vbmi,x86_64,linux,0
1,commit-5-correction-amd-9950x3d,run-1,0,base64-ng,decode,standard,padded,1,4,4194304,65404627,61.157753,auto,avx512-vbmi,avx512-vbmi,x86_64,linux,0
1,commit-5-correction-amd-9950x3d,run-1,1,base64-ng,decode,standard,padded,1,4,4194304,64237631,62.268797,auto,avx512-vbmi,avx512-vbmi,x86_64,linux,0
1,commit-5-correction-amd-9950x3d,run-1,2,base64-ng,decode,standard,padded,1,4,4194304,63897811,62.599954,auto,avx512-vbmi,avx512-vbmi,x86_64,linux,0
1,commit-5-correction-amd-9950x3d,run-1,3,base64-ng,decode,standard,padded,1,4,4194304,64344121,62.165742,auto,avx512-vbmi,avx512-vbmi,x86_64,linux,0
1,commit-5-correction-amd-9950x3d,run-1,4,base64-ng,decode,standard,padded,1,4,4194304,64748553,61.777442,auto,avx512-vbmi,avx512-vbmi,x86_64,linux,0
1,commit-5-correction-amd-9950x3d,run-1,0,base64-ng,encode,standard,padded,1,4,4194304,27769848,144.041120,scalar,avx512-vbmi,avx512-vbmi,x86_64,linux,0
1,commit-5-correction-amd-9950x3d,run-1,1,base64-ng,encode,standard,padded,1,4,4194304,27946621,143.130005,scalar,avx512-vbmi,avx512-vbmi,x86_64,linux,0
1,commit-5-correction-amd-9950x3d,run-1,2,base64-ng,encode,standard,padded,1,4,4194304,27923457,143.248739,scalar,avx512-vbmi,avx512-vbmi,x86_64,linux,0
1,commit-5-correction-amd-9950x3d,run-1,3,base64-ng,encode,standard,padded,1,4,4194304,27827347,143.743491,scalar,avx512-vbmi,avx512-vbmi,x86_64,linux,0
1,commit-5-correction-amd-9950x3d,run-1,4,base64-ng,encode,standard,padded,1,4,4194304,30401984,131.570361,scalar,avx512-vbmi,avx512-vbmi,x86_64,linux,0
1,commit-5-correction-amd-9950x3d,run-1,0,base64-ng,decode,standard,padded,1,4,4194304,46243616,86.498426,scalar,avx512-vbmi,avx512-vbmi,x86_64,linux,0
1,commit-5-correction-amd-9950x3d,run-1,1,base64-ng,decode,standard,padded,1,4,4194304,42408616,94.320456,scalar,avx512-vbmi,avx512-vbmi,x86_64,linux,0
1,commit-5-correction-amd-9950x3d,run-1,2,base64-ng,decode,standard,padded,1,4,4194304,41720812,95.875411,scalar,avx512-vbmi,avx512-vbmi,x86_64,linux,0
1,commit-5-correction-amd-9950x3d,run-1,3,base64-ng,decode,standard,padded,1,4,4194304,43845612,91.229198,scalar,avx512-vbmi,avx512-vbmi,x86_64,linux,0
1,commit-5-correction-amd-9950x3d,run-1,4,base64-ng,decode,standard,padded,1,4,4194304,41439963,96.525183,scalar,avx512-vbmi,avx512-vbmi,x86_64,linux,0
1,commit-5-correction-amd-9950x3d,run-1,0,base64-ng,encode,standard,padded,1,4,4194304,36938459,108.288221,ssse3-sse4.1,avx512-vbmi,avx512-vbmi,x86_64,linux,0
1,commit-5-correction-amd-9950x3d,run-1,1,base64-ng,encode,standard,padded,1,4,4194304,40225757,99.438775,ssse3-sse4.1,avx512-vbmi,avx512-vbmi,x86_64,linux,0
1,commit-5-correction-amd-9950x3d,run-1,2,base64-ng,encode,standard,padded,1,4,4194304,36774720,108.770373,ssse3-sse4.1,avx512-vbmi,avx512-vbmi,x86_64,linux,0
1,commit-5-correction-amd-9950x3d,run-1,3,base64-ng,encode,standard,padded,1,4,4194304,36947726,108.261061,ssse3-sse4.1,avx512-vbmi,avx512-vbmi,x86_64,linux,0
1,commit-5-correction-amd-9950x3d,run-1,4,base64-ng,encode,standard,padded,1,4,4194304,36843791,108.566461,ssse3-sse4.1,avx512-vbmi,avx512-vbmi,x86_64,linux,0
1,commit-5-correction-amd-9950x3d,run-1,0,base64-ng,decode,standard,padded,1,4,4194304,52176866,76.662328,ssse3-sse4.1,avx512-vbmi,avx512-vbmi,x86_64,linux,0
1,commit-5-correction-amd-9950x3d,run-1,1,base64-ng,decode,standard,padded,1,4,4194304,52338249,76.425942,ssse3-sse4.1,avx512-vbmi,avx512-vbmi,x86_64,linux,0
1,commit-5-correction-amd-9950x3d,run-1,2,base64-ng,decode,standard,padded,1,4,4194304,52210519,76.612914,ssse3-sse4.1,avx512-vbmi,avx512-vbmi,x86_64,linux,0
1,commit-5-correction-amd-9950x3d,run-1,3,base64-ng,decode,standard,padded,1,4,4194304,52221379,76.596981,ssse3-sse4.1,avx512-vbmi,avx512-vbmi,x86_64,linux,0
1,commit-5-correction-amd-9950x3d,run-1,4,base64-ng,decode,standard,padded,1,4,4194304,52369118,76.380893,ssse3-sse4.1,avx512-vbmi,avx512-vbmi,x86_64,linux,0
1,commit-5-correction-amd-9950x3d,run-1,0,base64-ng,encode,standard,padded,1,4,4194304,41010785,97.535319,avx2,avx512-vbmi,avx512-vbmi,x86_64,linux,0
1,commit-5-correction-amd-9950x3d,run-1,1,base64-ng,encode,standard,padded,1,4,4194304,37911982,105.507541,avx2,avx512-vbmi,avx512-vbmi,x86_64,linux,0
1,commit-5-correction-amd-9950x3d,run-1,2,base64-ng,encode,standard,padded,1,4,4194304,38287798,104.471926,avx2,avx512-vbmi,avx512-vbmi,x86_64,linux,0
1,commit-5-correction-amd-9950x3d,run-1,3,base64-ng,encode,standard,padded,1,4,4194304,38333995,104.346025,avx2,avx512-vbmi,avx512-vbmi,x86_64,linux,0
1,commit-5-correction-amd-9950x3d,run-1,4,base64-ng,encode,standard,padded,1,4,4194304,38159638,104.822797,avx2,avx512-vbmi,avx512-vbmi,x86_64,linux,0
1,commit-5-correction-amd-9950x3d,run-1,0,base64-ng,decode,standard,padded,1,4,4194304,56727582,70.512436,avx2,avx512-vbmi,avx512-vbmi,x86_64,linux,0
1,commit-5-correction-amd-9950x3d,run-1,1,base64-ng,decode,standard,padded,1,4,4194304,56484275,70.816170,avx2,avx512-vbmi,avx512-vbmi,x86_64,linux,0
1,commit-5-correction-amd-9950x3d,run-1,2,base64-ng,decode,standard,padded,1,4,4194304,56516105,70.776286,avx2,avx512-vbmi,avx512-vbmi,x86_64,linux,0
1,commit-5-correction-amd-9950x3d,run-1,3,base64-ng,decode,standard,padded,1,4,4194304,56244083,71.118592,avx2,avx512-vbmi,avx512-vbmi,x86_64,linux,0
1,commit-5-correction-amd-9950x3d,run-1,4,base64-ng,decode,standard,padded,1,4,4194304,56146328,71.242415,avx2,avx512-vbmi,avx512-vbmi,x86_64,linux,0
1,commit-5-correction-amd-9950x3d,run-1,0,base64-ng,encode,standard,padded,1,4,4194304,38297777,104.444704,avx512-vbmi,avx512-vbmi,avx512-vbmi,x86_64,linux,0
1,commit-5-correction-amd-9950x3d,run-1,1,base64-ng,encode,standard,padded,1,4,4194304,38418826,104.115623,avx512-vbmi,avx512-vbmi,avx512-vbmi,x86_64,linux,0
1,commit-5-correction-amd-9950x3d,run-1,2,base64-ng,encode,standard,padded,1,4,4194304,38347942,104.308075,avx512-vbmi,avx512-vbmi,avx512-vbmi,x86_64,linux,0
1,commit-5-correction-amd-9950x3d,run-1,3,base64-ng,encode,standard,padded,1,4,4194304,38003463,105.253566,avx512-vbmi,avx512-vbmi,avx512-vbmi,x86_64,linux,0
1,commit-5-correction-amd-9950x3d,run-1,4,base64-ng,encode,standard,padded,1,4,4194304,37913434,105.503500,avx512-vbmi,avx512-vbmi,avx512-vbmi,x86_64,linux,0
1,commit-5-correction-amd-9950x3d,run-1,0,base64-ng,decode,standard,padded,1,4,4194304,59261393,67.497570,avx512-vbmi,avx512-vbmi,avx512-vbmi,x86_64,linux,0
1,commit-5-correction-amd-9950x3d,run-1,1,base64-ng,decode,standard,padded,1,4,4194304,58854988,67.963653,avx512-vbmi,avx512-vbmi,avx512-vbmi,x86_64,linux,0
1,commit-5-correction-amd-9950x3d,run-1,2,base64-ng,decode,standard,padded,1,4,4194304,59197893,67.569972,avx512-vbmi,avx512-vbmi,avx512-vbmi,x86_64,linux,0
1,commit-5-correction-amd-9950x3d,run-1,3,base64-ng,decode,standard,padded,1,4,4194304,59048131,67.741348,avx512-vbmi,avx512-vbmi,avx512-vbmi,x86_64,linux,0
1,commit-5-correction-amd-9950x3d,run-1,4,base64-ng,decode,standard,padded,1,4,4194304,58820863,68.003083,avx512-vbmi,avx512-vbmi,avx512-vbmi,x86_64,linux,0
1,commit-5-correction-amd-9950x3d,run-1,0,base64-0.23.0,encode,standard,padded,1,4,4194304,29195392,137.007922,external,avx512-vbmi,avx512-vbmi,x86_64,linux,0
1,commit-5-correction-amd-9950x3d,run-1,1,base64-0.23.0,encode,standard,padded,1,4,4194304,32839061,121.806162,external,avx512-vbmi,avx512-vbmi,x86_64,linux,0
1,commit-5-correction-amd-9950x3d,run-1,2,base64-0.23.0,encode,standard,padded,1,4,4194304,29374760,136.171325,external,avx512-vbmi,avx512-vbmi,x86_64,linux,0
1,commit-5-correction-amd-9950x3d,run-1,3,base64-0.23.0,encode,standard,padded,1,4,4194304,30891735,129.484472,external,avx512-vbmi,avx512-vbmi,x86_64,linux,0
1,commit-5-correction-amd-9950x3d,run-1,4,base64-0.23.0,encode,standard,padded,1,4,4194304,37123477,107.748528,external,avx512-vbmi,avx512-vbmi,x86_64,linux,0
1,commit-5-correction-amd-9950x3d,run-1,0,base64-0.23.0,decode,standard,padded,1,4,4194304,54511000,73.379685,external,avx512-vbmi,avx512-vbmi,x86_64,linux,0
1,commit-5-correction-amd-9950x3d,run-1,1,base64-0.23.0,decode,standard,padded,1,4,4194304,54219631,73.774017,external,avx512-vbmi,avx512-vbmi,x86_64,linux,0
1,commit-5-correction-amd-9950x3d,run-1,2,base64-0.23.0,decode,standard,padded,1,4,4194304,54432201,73.485913,external,avx512-vbmi,avx512-vbmi,x86_64,linux,0
1,commit-5-correction-amd-9950x3d,run-1,3,base64-0.23.0,decode,standard,padded,1,4,4194304,53968850,74.116829,external,avx512-vbmi,avx512-vbmi,x86_64,linux,0
1,commit-5-correction-amd-9950x3d,run-1,4,base64-0.23.0,decode,standard,padded,1,4,4194304,53890953,74.223961,external,avx512-vbmi,avx512-vbmi,x86_64,linux,0
1,commit-5-correction-amd-9950x3d,run-1,0,base64ct-1.8.3,encode,standard,padded,1,4,4194304,33224847,120.391826,external,avx512-vbmi,avx512-vbmi,x86_64,linux,0
1,commit-5-correction-amd-9950x3d,run-1,1,base64ct-1.8.3,encode,standard,padded,1,4,4194304,33822483,118.264528,external,avx512-vbmi,avx512-vbmi,x86_64,linux,0
1,commit-5-correction-amd-9950x3d,run-1,2,base64ct-1.8.3,encode,standard,padded,1,4,4194304,33271506,120.222992,external,avx512-vbmi,avx512-vbmi,x86_64,linux,0
1,commit-5-correction-amd-9950x3d,run-1,3,base64ct-1.8.3,encode,standard,padded,1,4,4194304,33145418,120.680331,external,avx512-vbmi,avx512-vbmi,x86_64,linux,0
1,commit-5-correction-amd-9950x3d,run-1,4,base64ct-1.8.3,encode,standard,padded,1,4,4194304,33144366,120.684161,external,avx512-vbmi,avx512-vbmi,x86_64,linux,0
1,commit-5-correction-amd-9950x3d,run-1,0,base64ct-1.8.3,decode,standard,padded,1,4,4194304,107451192,37.226204,external,avx512-vbmi,avx512-vbmi,x86_64,linux,0
1,commit-5-correction-amd-9950x3d,run-1,1,base64ct-1.8.3,decode,standard,padded,1,4,4194304,106868656,37.429122,external,avx512-vbmi,avx512-vbmi,x86_64,linux,0
1,commit-5-correction-amd-9950x3d,run-1,2,base64ct-1.8.3,decode,standard,padded,1,4,4194304,106646768,37.506997,external,avx512-vbmi,avx512-vbmi,x86_64,linux,0
1,commit-5-correction-amd-9950x3d,run-1,3,base64ct-1.8.3,decode,standard,padded,1,4,4194304,108637315,36.819761,external,avx512-vbmi,avx512-vbmi,x86_64,linux,0
1,commit-5-correction-amd-9950x3d,run-1,4,base64ct-1.8.3,decode,standard,padded,1,4,4194304,105833387,37.795256,external,avx512-vbmi,avx512-vbmi,x86_64,linux,0
1,commit-5-correction-amd-9950x3d,run-1,0,base64-ng,encode,standard,padded,2,4,2097152,18781077,212.980331,auto,avx512-vbmi,avx512-vbmi,x86_64,linux,0
1,commit-5-correction-amd-9950x3d,run-1,1,base64-ng,encode,standard,padded,2,4,2097152,18752593,213.303835,auto,avx512-vbmi,avx512-vbmi,x86_64,linux,0
1,commit-5-correction-amd-9950x3d,run-1,2,base64-ng,encode,standard,padded,2,4,2097152,18736793,213.483706,auto,avx512-vbmi,avx512-vbmi,x86_64,linux,0
1,commit-5-correction-amd-9950x3d,run-1,3,base64-ng,encode,standard,padded,2,4,2097152,18724019,213.629350,auto,avx512-vbmi,avx512-vbmi,x86_64,linux,0
1,commit-5-correction-amd-9950x3d,run-1,4,base64-ng,encode,standard,padded,2,4,2097152,19124142,209.159710,auto,avx512-vbmi,avx512-vbmi,x86_64,linux,0
1,commit-5-correction-amd-9950x3d,run-1,0,base64-ng,decode,standard,padded,2,4,2097152,35676403,112.118926,auto,avx512-vbmi,avx512-vbmi,x86_64,linux,0
1,commit-5-correction-amd-9950x3d,run-1,1,base64-ng,decode,standard,padded,2,4,2097152,35152276,113.790640,auto,avx512-vbmi,avx512-vbmi,x86_64,linux,0
1,commit-5-correction-amd-9950x3d,run-1,2,base64-ng,decode,standard,padded,2,4,2097152,35154340,113.783960,auto,avx512-vbmi,avx512-vbmi,x86_64,linux,0
1,commit-5-correction-amd-9950x3d,run-1,3,base64-ng,decode,standard,padded,2,4,2097152,35162836,113.756467,auto,avx512-vbmi,avx512-vbmi,x86_64,linux,0
1,commit-5-correction-amd-9950x3d,run-1,4,base64-ng,decode,standard,padded,2,4,2097152,35085571,114.006980,auto,avx512-vbmi,avx512-vbmi,x86_64,linux,0
1,commit-5-correction-amd-9950x3d,run-1,0,base64-ng,encode,standard,padded,2,4,2097152,18441397,216.903307,scalar,avx512-vbmi,avx512-vbmi,x86_64,linux,0
1,commit-5-correction-amd-9950x3d,run-1,1,base64-ng,encode,standard,padded,2,4,2097152,18393767,217.464971,scalar,avx512-vbmi,avx512-vbmi,x86_64,linux,0
1,commit-5-correction-amd-9950x3d,run-1,2,base64-ng,encode,standard,padded,2,4,2097152,18377767,217.654299,scalar,avx512-vbmi,avx512-vbmi,x86_64,linux,0
1,commit-5-correction-amd-9950x3d,run-1,3,base64-ng,encode,standard,padded,2,4,2097152,18342321,218.074910,scalar,avx512-vbmi,avx512-vbmi,x86_64,linux,0
1,commit-5-correction-amd-9950x3d,run-1,4,base64-ng,encode,standard,padded,2,4,2097152,18401141,217.377825,scalar,avx512-vbmi,avx512-vbmi,x86_64,linux,0
1,commit-5-correction-amd-9950x3d,run-1,0,base64-ng,decode,standard,padded,2,4,2097152,24393993,163.974795,scalar,avx512-vbmi,avx512-vbmi,x86_64,linux,0
1,commit-5-correction-amd-9950x3d,run-1,1,base64-ng,decode,standard,padded,2,4,2097152,24383503,164.045338,scalar,avx512-vbmi,avx512-vbmi,x86_64,linux,0
1,commit-5-correction-amd-9950x3d,run-1,2,base64-ng,decode,standard,padded,2,4,2097152,24330033,164.405860,scalar,avx512-vbmi,avx512-vbmi,x86_64,linux,0
1,commit-5-correction-amd-9950x3d,run-1,3,base64-ng,decode,standard,padded,2,4,2097152,24660344,162.203739,scalar,avx512-vbmi,avx512-vbmi,x86_64,linux,0
1,commit-5-correction-amd-9950x3d,run-1,4,base64-ng,decode,standard,padded,2,4,2097152,24655405,162.236232,scalar,avx512-vbmi,avx512-vbmi,x86_64,linux,0
1,commit-5-correction-amd-9950x3d,run-1,0,base64-ng,encode,standard,padded,2,4,2097152,23742406,168.474922,ssse3-sse4.1,avx512-vbmi,avx512-vbmi,x86_64,linux,0
1,commit-5-correction-amd-9950x3d,run-1,1,base64-ng,encode,standard,padded,2,4,2097152,23727619,168.579915,ssse3-sse4.1,avx512-vbmi,avx512-vbmi,x86_64,linux,0
1,commit-5-correction-amd-9950x3d,run-1,2,base64-ng,encode,standard,padded,2,4,2097152,23695719,168.806863,ssse3-sse4.1,avx512-vbmi,avx512-vbmi,x86_64,linux,0
1,commit-5-correction-amd-9950x3d,run-1,3,base64-ng,encode,standard,padded,2,4,2097152,23721898,168.620572,ssse3-sse4.1,avx512-vbmi,avx512-vbmi,x86_64,linux,0
1,commit-5-correction-amd-9950x3d,run-1,4,base64-ng,encode,standard,padded,2,4,2097152,23744140,168.462619,ssse3-sse4.1,avx512-vbmi,avx512-vbmi,x86_64,linux,0
1,commit-5-correction-amd-9950x3d,run-1,0,base64-ng,decode,standard,padded,2,4,2097152,29801332,134.222188,ssse3-sse4.1,avx512-vbmi,avx512-vbmi,x86_64,linux,0
1,commit-5-correction-amd-9950x3d,run-1,1,base64-ng,decode,standard,padded,2,4,2097152,29667250,134.828810,ssse3-sse4.1,avx512-vbmi,avx512-vbmi,x86_64,linux,0
1,commit-5-correction-amd-9950x3d,run-1,2,base64-ng,decode,standard,padded,2,4,2097152,29916880,133.703782,ssse3-sse4.1,avx512-vbmi,avx512-vbmi,x86_64,linux,0
1,commit-5-correction-amd-9950x3d,run-1,3,base64-ng,decode,standard,padded,2,4,2097152,29698058,134.688942,ssse3-sse4.1,avx512-vbmi,avx512-vbmi,x86_64,linux,0
1,commit-5-correction-amd-9950x3d,run-1,4,base64-ng,decode,standard,padded,2,4,2097152,29669334,134.819339,ssse3-sse4.1,avx512-vbmi,avx512-vbmi,x86_64,linux,0
1,commit-5-correction-amd-9950x3d,run-1,0,base64-ng,encode,standard,padded,2,4,2097152,23394702,170.978882,avx2,avx512-vbmi,avx512-vbmi,x86_64,linux,0
1,commit-5-correction-amd-9950x3d,run-1,1,base64-ng,encode,standard,padded,2,4,2097152,23420360,170.791568,avx2,avx512-vbmi,avx512-vbmi,x86_64,linux,0
1,commit-5-correction-amd-9950x3d,run-1,2,base64-ng,encode,standard,padded,2,4,2097152,23448343,170.587747,avx2,avx512-vbmi,avx512-vbmi,x86_64,linux,0
1,commit-5-correction-amd-9950x3d,run-1,3,base64-ng,encode,standard,padded,2,4,2097152,23694616,168.814721,avx2,avx512-vbmi,avx512-vbmi,x86_64,linux,0
1,commit-5-correction-amd-9950x3d,run-1,4,base64-ng,encode,standard,padded,2,4,2097152,23852985,167.693897,avx2,avx512-vbmi,avx512-vbmi,x86_64,linux,0
1,commit-5-correction-amd-9950x3d,run-1,0,base64-ng,decode,standard,padded,2,4,2097152,31283643,127.862346,avx2,avx512-vbmi,avx512-vbmi,x86_64,linux,0
1,commit-5-correction-amd-9950x3d,run-1,1,base64-ng,decode,standard,padded,2,4,2097152,31150682,128.408104,avx2,avx512-vbmi,avx512-vbmi,x86_64,linux,0
1,commit-5-correction-amd-9950x3d,run-1,2,base64-ng,decode,standard,padded,2,4,2097152,31139351,128.454829,avx2,avx512-vbmi,avx512-vbmi,x86_64,linux,0
1,commit-5-correction-amd-9950x3d,run-1,3,base64-ng,decode,standard,padded,2,4,2097152,31177653,128.297021,avx2,avx512-vbmi,avx512-vbmi,x86_64,linux,0
1,commit-5-correction-amd-9950x3d,run-1,4,base64-ng,decode,standard,padded,2,4,2097152,31198162,128.212681,avx2,avx512-vbmi,avx512-vbmi,x86_64,linux,0
1,commit-5-correction-amd-9950x3d,run-1,0,base64-ng,encode,standard,padded,2,4,2097152,24314093,164.513642,avx512-vbmi,avx512-vbmi,avx512-vbmi,x86_64,linux,0
1,commit-5-correction-amd-9950x3d,run-1,1,base64-ng,encode,standard,padded,2,4,2097152,24310486,164.538052,avx512-vbmi,avx512-vbmi,avx512-vbmi,x86_64,linux,0
1,commit-5-correction-amd-9950x3d,run-1,2,base64-ng,encode,standard,padded,2,4,2097152,24484413,163.369242,avx512-vbmi,avx512-vbmi,avx512-vbmi,x86_64,linux,0
1,commit-5-correction-amd-9950x3d,run-1,3,base64-ng,encode,standard,padded,2,4,2097152,24291830,164.664416,avx512-vbmi,avx512-vbmi,avx512-vbmi,x86_64,linux,0
1,commit-5-correction-amd-9950x3d,run-1,4,base64-ng,encode,standard,padded,2,4,2097152,24280579,164.740717,avx512-vbmi,avx512-vbmi,avx512-vbmi,x86_64,linux,0
1,commit-5-correction-amd-9950x3d,run-1,0,base64-ng,decode,standard,padded,2,4,2097152,34589998,115.640365,avx512-vbmi,avx512-vbmi,avx512-vbmi,x86_64,linux,0
1,commit-5-correction-amd-9950x3d,run-1,1,base64-ng,decode,standard,padded,2,4,2097152,38168133,104.799467,avx512-vbmi,avx512-vbmi,avx512-vbmi,x86_64,linux,0
1,commit-5-correction-amd-9950x3d,run-1,2,base64-ng,decode,standard,padded,2,4,2097152,33334585,119.995494,avx512-vbmi,avx512-vbmi,avx512-vbmi,x86_64,linux,0
1,commit-5-correction-amd-9950x3d,run-1,3,base64-ng,decode,standard,padded,2,4,2097152,33175484,120.570961,avx512-vbmi,avx512-vbmi,avx512-vbmi,x86_64,linux,0
1,commit-5-correction-amd-9950x3d,run-1,4,base64-ng,decode,standard,padded,2,4,2097152,33177268,120.564478,avx512-vbmi,avx512-vbmi,avx512-vbmi,x86_64,linux,0
1,commit-5-correction-amd-9950x3d,run-1,0,base64-0.23.0,encode,standard,padded,2,4,2097152,14901052,268.437423,external,avx512-vbmi,avx512-vbmi,x86_64,linux,0
1,commit-5-correction-amd-9950x3d,run-1,1,base64-0.23.0,encode,standard,padded,2,4,2097152,14928273,267.947940,external,avx512-vbmi,avx512-vbmi,x86_64,linux,0
1,commit-5-correction-amd-9950x3d,run-1,2,base64-0.23.0,encode,standard,padded,2,4,2097152,15302047,261.402935,external,avx512-vbmi,avx512-vbmi,x86_64,linux,0
1,commit-5-correction-amd-9950x3d,run-1,3,base64-0.23.0,encode,standard,padded,2,4,2097152,14906953,268.331161,external,avx512-vbmi,avx512-vbmi,x86_64,linux,0
1,commit-5-correction-amd-9950x3d,run-1,4,base64-0.23.0,encode,standard,padded,2,4,2097152,14938843,267.758353,external,avx512-vbmi,avx512-vbmi,x86_64,linux,0
1,commit-5-correction-amd-9950x3d,run-1,0,base64-0.23.0,decode,standard,padded,2,4,2097152,27567688,145.097405,external,avx512-vbmi,avx512-vbmi,x86_64,linux,0
1,commit-5-correction-amd-9950x3d,run-1,1,base64-0.23.0,decode,standard,padded,2,4,2097152,27507324,145.415817,external,avx512-vbmi,avx512-vbmi,x86_64,linux,0
1,commit-5-correction-amd-9950x3d,run-1,2,base64-0.23.0,decode,standard,padded,2,4,2097152,27535247,145.268354,external,avx512-vbmi,avx512-vbmi,x86_64,linux,0
1,commit-5-correction-amd-9950x3d,run-1,3,base64-0.23.0,decode,standard,padded,2,4,2097152,27517623,145.361393,external,avx512-vbmi,avx512-vbmi,x86_64,linux,0
1,commit-5-correction-amd-9950x3d,run-1,4,base64-0.23.0,decode,standard,padded,2,4,2097152,27668097,144.570839,external,avx512-vbmi,avx512-vbmi,x86_64,linux,0
1,commit-5-correction-amd-9950x3d,run-1,0,base64ct-1.8.3,encode,standard,padded,2,4,2097152,17420966,229.608393,external,avx512-vbmi,avx512-vbmi,x86_64,linux,0
1,commit-5-correction-amd-9950x3d,run-1,1,base64ct-1.8.3,encode,standard,padded,2,4,2097152,17241458,231.998941,external,avx512-vbmi,avx512-vbmi,x86_64,linux,0
1,commit-5-correction-amd-9950x3d,run-1,2,base64ct-1.8.3,encode,standard,padded,2,4,2097152,17143503,233.324543,external,avx512-vbmi,avx512-vbmi,x86_64,linux,0
1,commit-5-correction-amd-9950x3d,run-1,3,base64ct-1.8.3,encode,standard,padded,2,4,2097152,17128876,233.523788,external,avx512-vbmi,avx512-vbmi,x86_64,linux,0
1,commit-5-correction-amd-9950x3d,run-1,4,base64ct-1.8.3,encode,standard,padded,2,4,2097152,17158652,233.118546,external,avx512-vbmi,avx512-vbmi,x86_64,linux,0
1,commit-5-correction-amd-9950x3d,run-1,0,base64ct-1.8.3,decode,standard,padded,2,4,2097152,56721872,70.519534,external,avx512-vbmi,avx512-vbmi,x86_64,linux,0
1,commit-5-correction-amd-9950x3d,run-1,1,base64ct-1.8.3,decode,standard,padded,2,4,2097152,56788588,70.436687,external,avx512-vbmi,avx512-vbmi,x86_64,linux,0
1,commit-5-correction-amd-9950x3d,run-1,2,base64ct-1.8.3,decode,standard,padded,2,4,2097152,57115563,70.033451,external,avx512-vbmi,avx512-vbmi,x86_64,linux,0
1,commit-5-correction-amd-9950x3d,run-1,3,base64ct-1.8.3,decode,standard,padded,2,4,2097152,57007950,70.165652,external,avx512-vbmi,avx512-vbmi,x86_64,linux,0
1,commit-5-correction-amd-9950x3d,run-1,4,base64ct-1.8.3,decode,standard,padded,2,4,2097152,56601155,70.669936,external,avx512-vbmi,avx512-vbmi,x86_64,linux,0
1,commit-5-correction-amd-9950x3d,run-1,0,base64-ng,encode,standard,padded,3,4,1398101,18318966,218.352883,auto,avx512-vbmi,avx512-vbmi,x86_64,linux,0
1,commit-5-correction-amd-9950x3d,run-1,1,base64-ng,encode,standard,padded,3,4,1398101,18532188,215.840625,auto,avx512-vbmi,avx512-vbmi,x86_64,linux,0
1,commit-5-correction-amd-9950x3d,run-1,2,base64-ng,encode,standard,padded,3,4,1398101,18380713,217.619363,auto,avx512-vbmi,avx512-vbmi,x86_64,linux,0
1,commit-5-correction-amd-9950x3d,run-1,3,base64-ng,encode,standard,padded,3,4,1398101,19068217,209.773103,auto,avx512-vbmi,avx512-vbmi,x86_64,linux,0
1,commit-5-correction-amd-9950x3d,run-1,4,base64-ng,encode,standard,padded,3,4,1398101,18364832,217.807549,auto,avx512-vbmi,avx512-vbmi,x86_64,linux,0
1,commit-5-correction-amd-9950x3d,run-1,0,base64-ng,decode,standard,padded,3,4,1398101,26293739,152.127434,auto,avx512-vbmi,avx512-vbmi,x86_64,linux,0
1,commit-5-correction-amd-9950x3d,run-1,1,base64-ng,decode,standard,padded,3,4,1398101,26319387,151.979187,auto,avx512-vbmi,avx512-vbmi,x86_64,linux,0
1,commit-5-correction-amd-9950x3d,run-1,2,base64-ng,decode,standard,padded,3,4,1398101,26253683,152.359539,auto,avx512-vbmi,avx512-vbmi,x86_64,linux,0
1,commit-5-correction-amd-9950x3d,run-1,3,base64-ng,decode,standard,padded,3,4,1398101,26311412,152.025252,auto,avx512-vbmi,avx512-vbmi,x86_64,linux,0
1,commit-5-correction-amd-9950x3d,run-1,4,base64-ng,decode,standard,padded,3,4,1398101,26404337,151.490229,auto,avx512-vbmi,avx512-vbmi,x86_64,linux,0
1,commit-5-correction-amd-9950x3d,run-1,0,base64-ng,encode,standard,padded,3,4,1398101,18314879,218.401609,scalar,avx512-vbmi,avx512-vbmi,x86_64,linux,0
1,commit-5-correction-amd-9950x3d,run-1,1,base64-ng,encode,standard,padded,3,4,1398101,18318456,218.358962,scalar,avx512-vbmi,avx512-vbmi,x86_64,linux,0
1,commit-5-correction-amd-9950x3d,run-1,2,base64-ng,encode,standard,padded,3,4,1398101,18315540,218.393727,scalar,avx512-vbmi,avx512-vbmi,x86_64,linux,0
1,commit-5-correction-amd-9950x3d,run-1,3,base64-ng,encode,standard,padded,3,4,1398101,18318706,218.355982,scalar,avx512-vbmi,avx512-vbmi,x86_64,linux,0
1,commit-5-correction-amd-9950x3d,run-1,4,base64-ng,encode,standard,padded,3,4,1398101,18346949,218.019849,scalar,avx512-vbmi,avx512-vbmi,x86_64,linux,0
1,commit-5-correction-amd-9950x3d,run-1,0,base64-ng,decode,standard,padded,3,4,1398101,18822124,212.515816,scalar,avx512-vbmi,avx512-vbmi,x86_64,linux,0
1,commit-5-correction-amd-9950x3d,run-1,1,base64-ng,decode,standard,padded,3,4,1398101,18970813,210.850165,scalar,avx512-vbmi,avx512-vbmi,x86_64,linux,0
1,commit-5-correction-amd-9950x3d,run-1,2,base64-ng,decode,standard,padded,3,4,1398101,18883109,211.829474,scalar,avx512-vbmi,avx512-vbmi,x86_64,linux,0
1,commit-5-correction-amd-9950x3d,run-1,3,base64-ng,decode,standard,padded,3,4,1398101,18560952,215.506136,scalar,avx512-vbmi,avx512-vbmi,x86_64,linux,0
1,commit-5-correction-amd-9950x3d,run-1,4,base64-ng,decode,standard,padded,3,4,1398101,18581671,215.265842,scalar,avx512-vbmi,avx512-vbmi,x86_64,linux,0
1,commit-5-correction-amd-9950x3d,run-1,0,base64-ng,encode,standard,padded,3,4,1398101,21510755,185.953447,ssse3-sse4.1,avx512-vbmi,avx512-vbmi,x86_64,linux,0
1,commit-5-correction-amd-9950x3d,run-1,1,base64-ng,encode,standard,padded,3,4,1398101,21516015,185.907987,ssse3-sse4.1,avx512-vbmi,avx512-vbmi,x86_64,linux,0
1,commit-5-correction-amd-9950x3d,run-1,2,base64-ng,encode,standard,padded,3,4,1398101,21489024,186.141495,ssse3-sse4.1,avx512-vbmi,avx512-vbmi,x86_64,linux,0
1,commit-5-correction-amd-9950x3d,run-1,3,base64-ng,encode,standard,padded,3,4,1398101,21482482,186.198180,ssse3-sse4.1,avx512-vbmi,avx512-vbmi,x86_64,linux,0
1,commit-5-correction-amd-9950x3d,run-1,4,base64-ng,encode,standard,padded,3,4,1398101,21560349,185.525710,ssse3-sse4.1,avx512-vbmi,avx512-vbmi,x86_64,linux,0
1,commit-5-correction-amd-9950x3d,run-1,0,base64-ng,decode,standard,padded,3,4,1398101,22722786,176.034710,ssse3-sse4.1,avx512-vbmi,avx512-vbmi,x86_64,linux,0
1,commit-5-correction-amd-9950x3d,run-1,1,base64-ng,decode,standard,padded,3,4,1398101,22659457,176.526695,ssse3-sse4.1,avx512-vbmi,avx512-vbmi,x86_64,linux,0
1,commit-5-correction-amd-9950x3d,run-1,2,base64-ng,decode,standard,padded,3,4,1398101,22647005,176.623754,ssse3-sse4.1,avx512-vbmi,avx512-vbmi,x86_64,linux,0
1,commit-5-correction-amd-9950x3d,run-1,3,base64-ng,decode,standard,padded,3,4,1398101,22646683,176.626266,ssse3-sse4.1,avx512-vbmi,avx512-vbmi,x86_64,linux,0
1,commit-5-correction-amd-9950x3d,run-1,4,base64-ng,decode,standard,padded,3,4,1398101,22637536,176.697634,ssse3-sse4.1,avx512-vbmi,avx512-vbmi,x86_64,linux,0
1,commit-5-correction-amd-9950x3d,run-1,0,base64-ng,encode,standard,padded,3,4,1398101,21629028,184.936607,avx2,avx512-vbmi,avx512-vbmi,x86_64,linux,0
1,commit-5-correction-amd-9950x3d,run-1,1,base64-ng,encode,standard,padded,3,4,1398101,22153465,180.558619,avx2,avx512-vbmi,avx512-vbmi,x86_64,linux,0
1,commit-5-correction-amd-9950x3d,run-1,2,base64-ng,encode,standard,padded,3,4,1398101,21579344,185.362402,avx2,avx512-vbmi,avx512-vbmi,x86_64,linux,0
1,commit-5-correction-amd-9950x3d,run-1,3,base64-ng,encode,standard,padded,3,4,1398101,21504023,186.011661,avx2,avx512-vbmi,avx512-vbmi,x86_64,linux,0
1,commit-5-correction-amd-9950x3d,run-1,4,base64-ng,encode,standard,padded,3,4,1398101,21515484,185.912576,avx2,avx512-vbmi,avx512-vbmi,x86_64,linux,0
1,commit-5-correction-amd-9950x3d,run-1,0,base64-ng,decode,standard,padded,3,4,1398101,24087596,166.060534,avx2,avx512-vbmi,avx512-vbmi,x86_64,linux,0
1,commit-5-correction-amd-9950x3d,run-1,1,base64-ng,decode,standard,padded,3,4,1398101,24045327,166.352450,avx2,avx512-vbmi,avx512-vbmi,x86_64,linux,0
1,commit-5-correction-amd-9950x3d,run-1,2,base64-ng,decode,standard,padded,3,4,1398101,24043753,166.363340,avx2,avx512-vbmi,avx512-vbmi,x86_64,linux,0
1,commit-5-correction-amd-9950x3d,run-1,3,base64-ng,decode,standard,padded,3,4,1398101,24051338,166.310874,avx2,avx512-vbmi,avx512-vbmi,x86_64,linux,0
1,commit-5-correction-amd-9950x3d,run-1,4,base64-ng,decode,standard,padded,3,4,1398101,24065705,166.211588,avx2,avx512-vbmi,avx512-vbmi,x86_64,linux,0
1,commit-5-correction-amd-9950x3d,run-1,0,base64-ng,encode,standard,padded,3,4,1398101,22306192,179.322362,avx512-vbmi,avx512-vbmi,avx512-vbmi,x86_64,linux,0
1,commit-5-correction-amd-9950x3d,run-1,1,base64-ng,encode,standard,padded,3,4,1398101,22547617,177.402297,avx512-vbmi,avx512-vbmi,avx512-vbmi,x86_64,linux,0
1,commit-5-correction-amd-9950x3d,run-1,2,base64-ng,encode,standard,padded,3,4,1398101,22225270,179.975273,avx512-vbmi,avx512-vbmi,avx512-vbmi,x86_64,linux,0
1,commit-5-correction-amd-9950x3d,run-1,3,base64-ng,encode,standard,padded,3,4,1398101,21791223,183.560099,avx512-vbmi,avx512-vbmi,avx512-vbmi,x86_64,linux,0
1,commit-5-correction-amd-9950x3d,run-1,4,base64-ng,encode,standard,padded,3,4,1398101,21734397,184.040029,avx512-vbmi,avx512-vbmi,avx512-vbmi,x86_64,linux,0
1,commit-5-correction-amd-9950x3d,run-1,0,base64-ng,decode,standard,padded,3,4,1398101,25582701,156.355619,avx512-vbmi,avx512-vbmi,avx512-vbmi,x86_64,linux,0
1,commit-5-correction-amd-9950x3d,run-1,1,base64-ng,decode,standard,padded,3,4,1398101,29112275,137.399054,avx512-vbmi,avx512-vbmi,avx512-vbmi,x86_64,linux,0
1,commit-5-correction-amd-9950x3d,run-1,2,base64-ng,decode,standard,padded,3,4,1398101,25331788,157.904331,avx512-vbmi,avx512-vbmi,avx512-vbmi,x86_64,linux,0
1,commit-5-correction-amd-9950x3d,run-1,3,base64-ng,decode,standard,padded,3,4,1398101,25259382,158.356964,avx512-vbmi,avx512-vbmi,avx512-vbmi,x86_64,linux,0
1,commit-5-correction-amd-9950x3d,run-1,4,base64-ng,decode,standard,padded,3,4,1398101,25277195,158.245369,avx512-vbmi,avx512-vbmi,avx512-vbmi,x86_64,linux,0
1,commit-5-correction-amd-9950x3d,run-1,0,base64-0.23.0,encode,standard,padded,3,4,1398101,10209059,391.808789,external,avx512-vbmi,avx512-vbmi,x86_64,linux,0
1,commit-5-correction-amd-9950x3d,run-1,1,base64-0.23.0,encode,standard,padded,3,4,1398101,10339505,386.865623,external,avx512-vbmi,avx512-vbmi,x86_64,linux,0
1,commit-5-correction-amd-9950x3d,run-1,2,base64-0.23.0,encode,standard,padded,3,4,1398101,10195734,392.320852,external,avx512-vbmi,avx512-vbmi,x86_64,linux,0
1,commit-5-correction-amd-9950x3d,run-1,3,base64-0.23.0,encode,standard,padded,3,4,1398101,10212626,391.671941,external,avx512-vbmi,avx512-vbmi,x86_64,linux,0
1,commit-5-correction-amd-9950x3d,run-1,4,base64-0.23.0,encode,standard,padded,3,4,1398101,10202747,392.051184,external,avx512-vbmi,avx512-vbmi,x86_64,linux,0
1,commit-5-correction-amd-9950x3d,run-1,0,base64-0.23.0,decode,standard,padded,3,4,1398101,18792458,212.851296,external,avx512-vbmi,avx512-vbmi,x86_64,linux,0
1,commit-5-correction-amd-9950x3d,run-1,1,base64-0.23.0,decode,standard,padded,3,4,1398101,18775866,213.039390,external,avx512-vbmi,avx512-vbmi,x86_64,linux,0
1,commit-5-correction-amd-9950x3d,run-1,2,base64-0.23.0,decode,standard,padded,3,4,1398101,18812586,212.623562,external,avx512-vbmi,avx512-vbmi,x86_64,linux,0
1,commit-5-correction-amd-9950x3d,run-1,3,base64-0.23.0,decode,standard,padded,3,4,1398101,18827334,212.457008,external,avx512-vbmi,avx512-vbmi,x86_64,linux,0
1,commit-5-correction-amd-9950x3d,run-1,4,base64-0.23.0,decode,standard,padded,3,4,1398101,18866527,212.015653,external,avx512-vbmi,avx512-vbmi,x86_64,linux,0
1,commit-5-correction-amd-9950x3d,run-1,0,base64ct-1.8.3,encode,standard,padded,3,4,1398101,7154809,559.064406,external,avx512-vbmi,avx512-vbmi,x86_64,linux,0
1,commit-5-correction-amd-9950x3d,run-1,1,base64ct-1.8.3,encode,standard,padded,3,4,1398101,7153216,559.188908,external,avx512-vbmi,avx512-vbmi,x86_64,linux,0
1,commit-5-correction-amd-9950x3d,run-1,2,base64ct-1.8.3,encode,standard,padded,3,4,1398101,7169126,557.947935,external,avx512-vbmi,avx512-vbmi,x86_64,linux,0
1,commit-5-correction-amd-9950x3d,run-1,3,base64ct-1.8.3,encode,standard,padded,3,4,1398101,7206146,555.081599,external,avx512-vbmi,avx512-vbmi,x86_64,linux,0
1,commit-5-correction-amd-9950x3d,run-1,4,base64ct-1.8.3,encode,standard,padded,3,4,1398101,7136655,560.486537,external,avx512-vbmi,avx512-vbmi,x86_64,linux,0
1,commit-5-correction-amd-9950x3d,run-1,0,base64ct-1.8.3,decode,standard,padded,3,4,1398101,23532481,169.977787,external,avx512-vbmi,avx512-vbmi,x86_64,linux,0
1,commit-5-correction-amd-9950x3d,run-1,1,base64ct-1.8.3,decode,standard,padded,3,4,1398101,24226477,165.108573,external,avx512-vbmi,avx512-vbmi,x86_64,linux,0
1,commit-5-correction-amd-9950x3d,run-1,2,base64ct-1.8.3,decode,standard,padded,3,4,1398101,23522021,170.053375,external,avx512-vbmi,avx512-vbmi,x86_64,linux,0
1,commit-5-correction-amd-9950x3d,run-1,3,base64ct-1.8.3,decode,standard,padded,3,4,1398101,23952482,166.997268,external,avx512-vbmi,avx512-vbmi,x86_64,linux,0
1,commit-5-correction-amd-9950x3d,run-1,4,base64ct-1.8.3,decode,standard,padded,3,4,1398101,23367290,171.179416,external,avx512-vbmi,avx512-vbmi,x86_64,linux,0
1,commit-5-correction-amd-9950x3d,run-1,0,base64-ng,encode,standard,padded,11,16,381300,13099380,305.357672,auto,avx512-vbmi,avx512-vbmi,x86_64,linux,0
1,commit-5-correction-amd-9950x3d,run-1,1,base64-ng,encode,standard,padded,11,16,381300,12982530,308.106061,auto,avx512-vbmi,avx512-vbmi,x86_64,linux,0
1,commit-5-correction-amd-9950x3d,run-1,2,base64-ng,encode,standard,padded,11,16,381300,12979074,308.188102,auto,avx512-vbmi,avx512-vbmi,x86_64,linux,0
1,commit-5-correction-amd-9950x3d,run-1,3,base64-ng,encode,standard,padded,11,16,381300,13009541,307.466358,auto,avx512-vbmi,avx512-vbmi,x86_64,linux,0
1,commit-5-correction-amd-9950x3d,run-1,4,base64-ng,encode,standard,padded,11,16,381300,13057601,306.334692,auto,avx512-vbmi,avx512-vbmi,x86_64,linux,0
1,commit-5-correction-amd-9950x3d,run-1,0,base64-ng,decode,standard,padded,11,16,381300,64789460,61.738378,auto,avx512-vbmi,avx512-vbmi,x86_64,linux,0
1,commit-5-correction-amd-9950x3d,run-1,1,base64-ng,decode,standard,padded,11,16,381300,64792085,61.735877,auto,avx512-vbmi,avx512-vbmi,x86_64,linux,0
1,commit-5-correction-amd-9950x3d,run-1,2,base64-ng,decode,standard,padded,11,16,381300,64500786,62.014689,auto,avx512-vbmi,avx512-vbmi,x86_64,linux,0
1,commit-5-correction-amd-9950x3d,run-1,3,base64-ng,decode,standard,padded,11,16,381300,63943887,62.554786,auto,avx512-vbmi,avx512-vbmi,x86_64,linux,0
1,commit-5-correction-amd-9950x3d,run-1,4,base64-ng,decode,standard,padded,11,16,381300,64599532,61.919894,auto,avx512-vbmi,avx512-vbmi,x86_64,linux,0
1,commit-5-correction-amd-9950x3d,run-1,0,base64-ng,encode,standard,padded,11,16,381300,13326989,300.142529,scalar,avx512-vbmi,avx512-vbmi,x86_64,linux,0
1,commit-5-correction-amd-9950x3d,run-1,1,base64-ng,encode,standard,padded,11,16,381300,13473515,296.878445,scalar,avx512-vbmi,avx512-vbmi,x86_64,linux,0
1,commit-5-correction-amd-9950x3d,run-1,2,base64-ng,encode,standard,padded,11,16,381300,13079824,305.814221,scalar,avx512-vbmi,avx512-vbmi,x86_64,linux,0
1,commit-5-correction-amd-9950x3d,run-1,3,base64-ng,encode,standard,padded,11,16,381300,13097317,305.405770,scalar,avx512-vbmi,avx512-vbmi,x86_64,linux,0
1,commit-5-correction-amd-9950x3d,run-1,4,base64-ng,encode,standard,padded,11,16,381300,13034448,306.878833,scalar,avx512-vbmi,avx512-vbmi,x86_64,linux,0
1,commit-5-correction-amd-9950x3d,run-1,0,base64-ng,decode,standard,padded,11,16,381300,15055442,265.684407,scalar,avx512-vbmi,avx512-vbmi,x86_64,linux,0
1,commit-5-correction-amd-9950x3d,run-1,1,base64-ng,decode,standard,padded,11,16,381300,15064260,265.528887,scalar,avx512-vbmi,avx512-vbmi,x86_64,linux,0
1,commit-5-correction-amd-9950x3d,run-1,2,base64-ng,decode,standard,padded,11,16,381300,16659883,240.097496,scalar,avx512-vbmi,avx512-vbmi,x86_64,linux,0
1,commit-5-correction-amd-9950x3d,run-1,3,base64-ng,decode,standard,padded,11,16,381300,16619336,240.683273,scalar,avx512-vbmi,avx512-vbmi,x86_64,linux,0
1,commit-5-correction-amd-9950x3d,run-1,4,base64-ng,decode,standard,padded,11,16,381300,15067505,265.471701,scalar,avx512-vbmi,avx512-vbmi,x86_64,linux,0
1,commit-5-correction-amd-9950x3d,run-1,0,base64-ng,encode,standard,padded,11,16,381300,13754864,290.805942,ssse3-sse4.1,avx512-vbmi,avx512-vbmi,x86_64,linux,0
1,commit-5-correction-amd-9950x3d,run-1,1,base64-ng,encode,standard,padded,11,16,381300,13701804,291.932083,ssse3-sse4.1,avx512-vbmi,avx512-vbmi,x86_64,linux,0
1,commit-5-correction-amd-9950x3d,run-1,2,base64-ng,encode,standard,padded,11,16,381300,13688770,292.210051,ssse3-sse4.1,avx512-vbmi,avx512-vbmi,x86_64,linux,0
1,commit-5-correction-amd-9950x3d,run-1,3,base64-ng,encode,standard,padded,11,16,381300,13677859,292.443151,ssse3-sse4.1,avx512-vbmi,avx512-vbmi,x86_64,linux,0
1,commit-5-correction-amd-9950x3d,run-1,4,base64-ng,encode,standard,padded,11,16,381300,13662871,292.763958,ssse3-sse4.1,avx512-vbmi,avx512-vbmi,x86_64,linux,0
1,commit-5-correction-amd-9950x3d,run-1,0,base64-ng,decode,standard,padded,11,16,381300,63884306,62.613127,ssse3-sse4.1,avx512-vbmi,avx512-vbmi,x86_64,linux,0
1,commit-5-correction-amd-9950x3d,run-1,1,base64-ng,decode,standard,padded,11,16,381300,63703215,62.791119,ssse3-sse4.1,avx512-vbmi,avx512-vbmi,x86_64,linux,0
1,commit-5-correction-amd-9950x3d,run-1,2,base64-ng,decode,standard,padded,11,16,381300,64793387,61.734636,ssse3-sse4.1,avx512-vbmi,avx512-vbmi,x86_64,linux,0
1,commit-5-correction-amd-9950x3d,run-1,3,base64-ng,decode,standard,padded,11,16,381300,64672489,61.850042,ssse3-sse4.1,avx512-vbmi,avx512-vbmi,x86_64,linux,0
1,commit-5-correction-amd-9950x3d,run-1,4,base64-ng,decode,standard,padded,11,16,381300,63894194,62.603438,ssse3-sse4.1,avx512-vbmi,avx512-vbmi,x86_64,linux,0
1,commit-5-correction-amd-9950x3d,run-1,0,base64-ng,encode,standard,padded,11,16,381300,13787937,290.108389,avx2,avx512-vbmi,avx512-vbmi,x86_64,linux,0
1,commit-5-correction-amd-9950x3d,run-1,1,base64-ng,encode,standard,padded,11,16,381300,14110093,283.484750,avx2,avx512-vbmi,avx512-vbmi,x86_64,linux,0
1,commit-5-correction-amd-9950x3d,run-1,2,base64-ng,encode,standard,padded,11,16,381300,13994496,285.826384,avx2,avx512-vbmi,avx512-vbmi,x86_64,linux,0
1,commit-5-correction-amd-9950x3d,run-1,3,base64-ng,encode,standard,padded,11,16,381300,13836458,289.091051,avx2,avx512-vbmi,avx512-vbmi,x86_64,linux,0
1,commit-5-correction-amd-9950x3d,run-1,4,base64-ng,encode,standard,padded,11,16,381300,13874168,288.305301,avx2,avx512-vbmi,avx512-vbmi,x86_64,linux,0
1,commit-5-correction-amd-9950x3d,run-1,0,base64-ng,decode,standard,padded,11,16,381300,64408502,62.103543,avx2,avx512-vbmi,avx512-vbmi,x86_64,linux,0
1,commit-5-correction-amd-9950x3d,run-1,1,base64-ng,decode,standard,padded,11,16,381300,65134910,61.410942,avx2,avx512-vbmi,avx512-vbmi,x86_64,linux,0
1,commit-5-correction-amd-9950x3d,run-1,2,base64-ng,decode,standard,padded,11,16,381300,64016214,62.484110,avx2,avx512-vbmi,avx512-vbmi,x86_64,linux,0
1,commit-5-correction-amd-9950x3d,run-1,3,base64-ng,decode,standard,padded,11,16,381300,64479927,62.034751,avx2,avx512-vbmi,avx512-vbmi,x86_64,linux,0
1,commit-5-correction-amd-9950x3d,run-1,4,base64-ng,decode,standard,padded,11,16,381300,64885120,61.647357,avx2,avx512-vbmi,avx512-vbmi,x86_64,linux,0
1,commit-5-correction-amd-9950x3d,run-1,0,base64-ng,encode,standard,padded,11,16,381300,14009343,285.523467,avx512-vbmi,avx512-vbmi,avx512-vbmi,x86_64,linux,0
1,commit-5-correction-amd-9950x3d,run-1,1,base64-ng,encode,standard,padded,11,16,381300,14014052,285.427526,avx512-vbmi,avx512-vbmi,avx512-vbmi,x86_64,linux,0
1,commit-5-correction-amd-9950x3d,run-1,2,base64-ng,encode,standard,padded,11,16,381300,14025474,285.195080,avx512-vbmi,avx512-vbmi,avx512-vbmi,x86_64,linux,0
1,commit-5-correction-amd-9950x3d,run-1,3,base64-ng,encode,standard,padded,11,16,381300,13981992,286.081996,avx512-vbmi,avx512-vbmi,avx512-vbmi,x86_64,linux,0
1,commit-5-correction-amd-9950x3d,run-1,4,base64-ng,encode,standard,padded,11,16,381300,14018411,285.338772,avx512-vbmi,avx512-vbmi,avx512-vbmi,x86_64,linux,0
1,commit-5-correction-amd-9950x3d,run-1,0,base64-ng,decode,standard,padded,11,16,381300,65422030,61.141426,avx512-vbmi,avx512-vbmi,avx512-vbmi,x86_64,linux,0
1,commit-5-correction-amd-9950x3d,run-1,1,base64-ng,decode,standard,padded,11,16,381300,68174863,58.672596,avx512-vbmi,avx512-vbmi,avx512-vbmi,x86_64,linux,0
1,commit-5-correction-amd-9950x3d,run-1,2,base64-ng,decode,standard,padded,11,16,381300,64598840,61.920557,avx512-vbmi,avx512-vbmi,avx512-vbmi,x86_64,linux,0
1,commit-5-correction-amd-9950x3d,run-1,3,base64-ng,decode,standard,padded,11,16,381300,64224075,62.281881,avx512-vbmi,avx512-vbmi,avx512-vbmi,x86_64,linux,0
1,commit-5-correction-amd-9950x3d,run-1,4,base64-ng,decode,standard,padded,11,16,381300,65208999,61.341168,avx512-vbmi,avx512-vbmi,avx512-vbmi,x86_64,linux,0
1,commit-5-correction-amd-9950x3d,run-1,0,base64-0.23.0,encode,standard,padded,11,16,381300,3942793,1014.508290,external,avx512-vbmi,avx512-vbmi,x86_64,linux,0
1,commit-5-correction-amd-9950x3d,run-1,1,base64-0.23.0,encode,standard,padded,11,16,381300,4002555,999.360705,external,avx512-vbmi,avx512-vbmi,x86_64,linux,0
1,commit-5-correction-amd-9950x3d,run-1,2,base64-0.23.0,encode,standard,padded,11,16,381300,4010479,997.386144,external,avx512-vbmi,avx512-vbmi,x86_64,linux,0
1,commit-5-correction-amd-9950x3d,run-1,3,base64-0.23.0,encode,standard,padded,11,16,381300,3993658,1001.587063,external,avx512-vbmi,avx512-vbmi,x86_64,linux,0
1,commit-5-correction-amd-9950x3d,run-1,4,base64-0.23.0,encode,standard,padded,11,16,381300,4007374,998.158940,external,avx512-vbmi,avx512-vbmi,x86_64,linux,0
1,commit-5-correction-amd-9950x3d,run-1,0,base64-0.23.0,decode,standard,padded,11,16,381300,6029621,663.390980,external,avx512-vbmi,avx512-vbmi,x86_64,linux,0
1,commit-5-correction-amd-9950x3d,run-1,1,base64-0.23.0,decode,standard,padded,11,16,381300,6024271,663.980121,external,avx512-vbmi,avx512-vbmi,x86_64,linux,0
1,commit-5-correction-amd-9950x3d,run-1,2,base64-0.23.0,decode,standard,padded,11,16,381300,6021757,664.257323,external,avx512-vbmi,avx512-vbmi,x86_64,linux,0
1,commit-5-correction-amd-9950x3d,run-1,3,base64-0.23.0,decode,standard,padded,11,16,381300,6082721,657.599812,external,avx512-vbmi,avx512-vbmi,x86_64,linux,0
1,commit-5-correction-amd-9950x3d,run-1,4,base64-0.23.0,decode,standard,padded,11,16,381300,6073183,658.632580,external,avx512-vbmi,avx512-vbmi,x86_64,linux,0
1,commit-5-correction-amd-9950x3d,run-1,0,base64ct-1.8.3,encode,standard,padded,11,16,381300,4960518,806.366631,external,avx512-vbmi,avx512-vbmi,x86_64,linux,0
1,commit-5-correction-amd-9950x3d,run-1,1,base64ct-1.8.3,encode,standard,padded,11,16,381300,4987198,802.052813,external,avx512-vbmi,avx512-vbmi,x86_64,linux,0
1,commit-5-correction-amd-9950x3d,run-1,2,base64ct-1.8.3,encode,standard,padded,11,16,381300,4991507,801.360428,external,avx512-vbmi,avx512-vbmi,x86_64,linux,0
1,commit-5-correction-amd-9950x3d,run-1,3,base64ct-1.8.3,encode,standard,padded,11,16,381300,4985124,802.386497,external,avx512-vbmi,avx512-vbmi,x86_64,linux,0
1,commit-5-correction-amd-9950x3d,run-1,4,base64ct-1.8.3,encode,standard,padded,11,16,381300,4930562,811.265772,external,avx512-vbmi,avx512-vbmi,x86_64,linux,0
1,commit-5-correction-amd-9950x3d,run-1,0,base64ct-1.8.3,decode,standard,padded,11,16,381300,14023080,285.243769,external,avx512-vbmi,avx512-vbmi,x86_64,linux,0
1,commit-5-correction-amd-9950x3d,run-1,1,base64ct-1.8.3,decode,standard,padded,11,16,381300,13868438,288.424420,external,avx512-vbmi,avx512-vbmi,x86_64,linux,0
1,commit-5-correction-amd-9950x3d,run-1,2,base64ct-1.8.3,decode,standard,padded,11,16,381300,13898395,287.802742,external,avx512-vbmi,avx512-vbmi,x86_64,linux,0
1,commit-5-correction-amd-9950x3d,run-1,3,base64ct-1.8.3,decode,standard,padded,11,16,381300,13892804,287.918565,external,avx512-vbmi,avx512-vbmi,x86_64,linux,0
1,commit-5-correction-amd-9950x3d,run-1,4,base64ct-1.8.3,decode,standard,padded,11,16,381300,13891331,287.949095,external,avx512-vbmi,avx512-vbmi,x86_64,linux,0
1,commit-5-correction-amd-9950x3d,run-1,0,base64-ng,encode,standard,padded,12,16,349525,13162108,303.902398,auto,avx512-vbmi,avx512-vbmi,x86_64,linux,0
1,commit-5-correction-amd-9950x3d,run-1,1,base64-ng,encode,standard,padded,12,16,349525,13096135,305.433335,auto,avx512-vbmi,avx512-vbmi,x86_64,linux,0
1,commit-5-correction-amd-9950x3d,run-1,2,base64-ng,encode,standard,padded,12,16,349525,13092587,305.516105,auto,avx512-vbmi,avx512-vbmi,x86_64,linux,0
1,commit-5-correction-amd-9950x3d,run-1,3,base64-ng,encode,standard,padded,12,16,349525,13184241,303.392223,auto,avx512-vbmi,avx512-vbmi,x86_64,linux,0
1,commit-5-correction-amd-9950x3d,run-1,4,base64-ng,encode,standard,padded,12,16,349525,13315948,300.391394,auto,avx512-vbmi,avx512-vbmi,x86_64,linux,0
1,commit-5-correction-amd-9950x3d,run-1,0,base64-ng,decode,standard,padded,12,16,349525,58721857,68.117672,auto,avx512-vbmi,avx512-vbmi,x86_64,linux,0
1,commit-5-correction-amd-9950x3d,run-1,1,base64-ng,decode,standard,padded,12,16,349525,58678325,68.168207,auto,avx512-vbmi,avx512-vbmi,x86_64,linux,0
1,commit-5-correction-amd-9950x3d,run-1,2,base64-ng,decode,standard,padded,12,16,349525,59765321,66.928381,auto,avx512-vbmi,avx512-vbmi,x86_64,linux,0
1,commit-5-correction-amd-9950x3d,run-1,3,base64-ng,decode,standard,padded,12,16,349525,59021370,67.771998,auto,avx512-vbmi,avx512-vbmi,x86_64,linux,0
1,commit-5-correction-amd-9950x3d,run-1,4,base64-ng,decode,standard,padded,12,16,349525,58509768,68.364588,auto,avx512-vbmi,avx512-vbmi,x86_64,linux,0
1,commit-5-correction-amd-9950x3d,run-1,0,base64-ng,encode,standard,padded,12,16,349525,12791651,312.703668,scalar,avx512-vbmi,avx512-vbmi,x86_64,linux,0
1,commit-5-correction-amd-9950x3d,run-1,1,base64-ng,encode,standard,padded,12,16,349525,12806780,312.334262,scalar,avx512-vbmi,avx512-vbmi,x86_64,linux,0
1,commit-5-correction-amd-9950x3d,run-1,2,base64-ng,encode,standard,padded,12,16,349525,12801970,312.451614,scalar,avx512-vbmi,avx512-vbmi,x86_64,linux,0
1,commit-5-correction-amd-9950x3d,run-1,3,base64-ng,encode,standard,padded,12,16,349525,12796090,312.595190,scalar,avx512-vbmi,avx512-vbmi,x86_64,linux,0
1,commit-5-correction-amd-9950x3d,run-1,4,base64-ng,encode,standard,padded,12,16,349525,12743751,313.879029,scalar,avx512-vbmi,avx512-vbmi,x86_64,linux,0
1,commit-5-correction-amd-9950x3d,run-1,0,base64-ng,decode,standard,padded,12,16,349525,14612248,273.742698,scalar,avx512-vbmi,avx512-vbmi,x86_64,linux,0
1,commit-5-correction-amd-9950x3d,run-1,1,base64-ng,decode,standard,padded,12,16,349525,14630703,273.397402,scalar,avx512-vbmi,avx512-vbmi,x86_64,linux,0
1,commit-5-correction-amd-9950x3d,run-1,2,base64-ng,decode,standard,padded,12,16,349525,14261388,280.477341,scalar,avx512-vbmi,avx512-vbmi,x86_64,linux,0
1,commit-5-correction-amd-9950x3d,run-1,3,base64-ng,decode,standard,padded,12,16,349525,14232022,281.056071,scalar,avx512-vbmi,avx512-vbmi,x86_64,linux,0
1,commit-5-correction-amd-9950x3d,run-1,4,base64-ng,decode,standard,padded,12,16,349525,14226122,281.172633,scalar,avx512-vbmi,avx512-vbmi,x86_64,linux,0
1,commit-5-correction-amd-9950x3d,run-1,0,base64-ng,encode,standard,padded,12,16,349525,18750459,213.327908,ssse3-sse4.1,avx512-vbmi,avx512-vbmi,x86_64,linux,0
1,commit-5-correction-amd-9950x3d,run-1,1,base64-ng,encode,standard,padded,12,16,349525,18708500,213.806355,ssse3-sse4.1,avx512-vbmi,avx512-vbmi,x86_64,linux,0
1,commit-5-correction-amd-9950x3d,run-1,2,base64-ng,encode,standard,padded,12,16,349525,18658395,214.380507,ssse3-sse4.1,avx512-vbmi,avx512-vbmi,x86_64,linux,0
1,commit-5-correction-amd-9950x3d,run-1,3,base64-ng,encode,standard,padded,12,16,349525,21550250,185.612519,ssse3-sse4.1,avx512-vbmi,avx512-vbmi,x86_64,linux,0
1,commit-5-correction-amd-9950x3d,run-1,4,base64-ng,encode,standard,padded,12,16,349525,19370546,206.498887,ssse3-sse4.1,avx512-vbmi,avx512-vbmi,x86_64,linux,0
1,commit-5-correction-amd-9950x3d,run-1,0,base64-ng,decode,standard,padded,12,16,349525,57646142,69.388792,ssse3-sse4.1,avx512-vbmi,avx512-vbmi,x86_64,linux,0
1,commit-5-correction-amd-9950x3d,run-1,1,base64-ng,decode,standard,padded,12,16,349525,57568707,69.482127,ssse3-sse4.1,avx512-vbmi,avx512-vbmi,x86_64,linux,0
1,commit-5-correction-amd-9950x3d,run-1,2,base64-ng,decode,standard,padded,12,16,349525,57891955,69.094163,ssse3-sse4.1,avx512-vbmi,avx512-vbmi,x86_64,linux,0
1,commit-5-correction-amd-9950x3d,run-1,3,base64-ng,decode,standard,padded,12,16,349525,58043300,68.914004,ssse3-sse4.1,avx512-vbmi,avx512-vbmi,x86_64,linux,0
1,commit-5-correction-amd-9950x3d,run-1,4,base64-ng,decode,standard,padded,12,16,349525,58294222,68.617370,ssse3-sse4.1,avx512-vbmi,avx512-vbmi,x86_64,linux,0
1,commit-5-correction-amd-9950x3d,run-1,0,base64-ng,encode,standard,padded,12,16,349525,13618979,293.707493,avx2,avx512-vbmi,avx512-vbmi,x86_64,linux,0
1,commit-5-correction-amd-9950x3d,run-1,1,base64-ng,encode,standard,padded,12,16,349525,14138948,282.906210,avx2,avx512-vbmi,avx512-vbmi,x86_64,linux,0
1,commit-5-correction-amd-9950x3d,run-1,2,base64-ng,encode,standard,padded,12,16,349525,13685293,292.284293,avx2,avx512-vbmi,avx512-vbmi,x86_64,linux,0
1,commit-5-correction-amd-9950x3d,run-1,3,base64-ng,encode,standard,padded,12,16,349525,13496648,296.369601,avx2,avx512-vbmi,avx512-vbmi,x86_64,linux,0
1,commit-5-correction-amd-9950x3d,run-1,4,base64-ng,encode,standard,padded,12,16,349525,13514031,295.988383,avx2,avx512-vbmi,avx512-vbmi,x86_64,linux,0
1,commit-5-correction-amd-9950x3d,run-1,0,base64-ng,decode,standard,padded,12,16,349525,58113261,68.831040,avx2,avx512-vbmi,avx512-vbmi,x86_64,linux,0
1,commit-5-correction-amd-9950x3d,run-1,1,base64-ng,decode,standard,padded,12,16,349525,58537360,68.332364,avx2,avx512-vbmi,avx512-vbmi,x86_64,linux,0
1,commit-5-correction-amd-9950x3d,run-1,2,base64-ng,decode,standard,padded,12,16,349525,58712289,68.128773,avx2,avx512-vbmi,avx512-vbmi,x86_64,linux,0
1,commit-5-correction-amd-9950x3d,run-1,3,base64-ng,decode,standard,padded,12,16,349525,58690939,68.153556,avx2,avx512-vbmi,avx512-vbmi,x86_64,linux,0
1,commit-5-correction-amd-9950x3d,run-1,4,base64-ng,decode,standard,padded,12,16,349525,58244018,68.676515,avx2,avx512-vbmi,avx512-vbmi,x86_64,linux,0
1,commit-5-correction-amd-9950x3d,run-1,0,base64-ng,encode,standard,padded,12,16,349525,13667800,292.658378,avx512-vbmi,avx512-vbmi,avx512-vbmi,x86_64,linux,0
1,commit-5-correction-amd-9950x3d,run-1,1,base64-ng,encode,standard,padded,12,16,349525,13615522,293.782066,avx512-vbmi,avx512-vbmi,avx512-vbmi,x86_64,linux,0
1,commit-5-correction-amd-9950x3d,run-1,2,base64-ng,encode,standard,padded,12,16,349525,13625230,293.572746,avx512-vbmi,avx512-vbmi,avx512-vbmi,x86_64,linux,0
1,commit-5-correction-amd-9950x3d,run-1,3,base64-ng,encode,standard,padded,12,16,349525,13600935,294.097147,avx512-vbmi,avx512-vbmi,avx512-vbmi,x86_64,linux,0
1,commit-5-correction-amd-9950x3d,run-1,4,base64-ng,encode,standard,padded,12,16,349525,13708467,291.790190,avx512-vbmi,avx512-vbmi,avx512-vbmi,x86_64,linux,0
1,commit-5-correction-amd-9950x3d,run-1,0,base64-ng,decode,standard,padded,12,16,349525,61033518,65.537697,avx512-vbmi,avx512-vbmi,avx512-vbmi,x86_64,linux,0
1,commit-5-correction-amd-9950x3d,run-1,1,base64-ng,decode,standard,padded,12,16,349525,58516090,68.357202,avx512-vbmi,avx512-vbmi,avx512-vbmi,x86_64,linux,0
1,commit-5-correction-amd-9950x3d,run-1,2,base64-ng,decode,standard,padded,12,16,349525,58474361,68.405984,avx512-vbmi,avx512-vbmi,avx512-vbmi,x86_64,linux,0
1,commit-5-correction-amd-9950x3d,run-1,3,base64-ng,decode,standard,padded,12,16,349525,58356919,68.543649,avx512-vbmi,avx512-vbmi,avx512-vbmi,x86_64,linux,0
1,commit-5-correction-amd-9950x3d,run-1,4,base64-ng,decode,standard,padded,12,16,349525,59559855,67.159267,avx512-vbmi,avx512-vbmi,avx512-vbmi,x86_64,linux,0
1,commit-5-correction-amd-9950x3d,run-1,0,base64-0.23.0,encode,standard,padded,12,16,349525,3667955,1090.524880,external,avx512-vbmi,avx512-vbmi,x86_64,linux,0
1,commit-5-correction-amd-9950x3d,run-1,1,base64-0.23.0,encode,standard,padded,12,16,349525,3748507,1067.090494,external,avx512-vbmi,avx512-vbmi,x86_64,linux,0
1,commit-5-correction-amd-9950x3d,run-1,2,base64-0.23.0,encode,standard,padded,12,16,349525,3728609,1072.785102,external,avx512-vbmi,avx512-vbmi,x86_64,linux,0
1,commit-5-correction-amd-9950x3d,run-1,3,base64-0.23.0,encode,standard,padded,12,16,349525,3737706,1070.174108,external,avx512-vbmi,avx512-vbmi,x86_64,linux,0
1,commit-5-correction-amd-9950x3d,run-1,4,base64-0.23.0,encode,standard,padded,12,16,349525,3751383,1066.272408,external,avx512-vbmi,avx512-vbmi,x86_64,linux,0
1,commit-5-correction-amd-9950x3d,run-1,0,base64-0.23.0,decode,standard,padded,12,16,349525,5548024,720.976727,external,avx512-vbmi,avx512-vbmi,x86_64,linux,0
1,commit-5-correction-amd-9950x3d,run-1,1,base64-0.23.0,decode,standard,padded,12,16,349525,5570166,718.110768,external,avx512-vbmi,avx512-vbmi,x86_64,linux,0
1,commit-5-correction-amd-9950x3d,run-1,2,base64-0.23.0,decode,standard,padded,12,16,349525,5542925,721.639962,external,avx512-vbmi,avx512-vbmi,x86_64,linux,0
1,commit-5-correction-amd-9950x3d,run-1,3,base64-0.23.0,decode,standard,padded,12,16,349525,5547563,721.036640,external,avx512-vbmi,avx512-vbmi,x86_64,linux,0
1,commit-5-correction-amd-9950x3d,run-1,4,base64-0.23.0,decode,standard,padded,12,16,349525,5533568,722.860221,external,avx512-vbmi,avx512-vbmi,x86_64,linux,0
1,commit-5-correction-amd-9950x3d,run-1,0,base64ct-1.8.3,encode,standard,padded,12,16,349525,3180618,1257.616031,external,avx512-vbmi,avx512-vbmi,x86_64,linux,0
1,commit-5-correction-amd-9950x3d,run-1,1,base64ct-1.8.3,encode,standard,padded,12,16,349525,3181700,1257.188354,external,avx512-vbmi,avx512-vbmi,x86_64,linux,0
1,commit-5-correction-amd-9950x3d,run-1,2,base64ct-1.8.3,encode,standard,padded,12,16,349525,3247744,1231.622993,external,avx512-vbmi,avx512-vbmi,x86_64,linux,0
1,commit-5-correction-amd-9950x3d,run-1,3,base64ct-1.8.3,encode,standard,padded,12,16,349525,3278853,1219.937638,external,avx512-vbmi,avx512-vbmi,x86_64,linux,0
1,commit-5-correction-amd-9950x3d,run-1,4,base64ct-1.8.3,encode,standard,padded,12,16,349525,3267702,1224.100663,external,avx512-vbmi,avx512-vbmi,x86_64,linux,0
1,commit-5-correction-amd-9950x3d,run-1,0,base64ct-1.8.3,decode,standard,padded,12,16,349525,9208185,434.395724,external,avx512-vbmi,avx512-vbmi,x86_64,linux,0
1,commit-5-correction-amd-9950x3d,run-1,1,base64ct-1.8.3,decode,standard,padded,12,16,349525,9225998,433.557018,external,avx512-vbmi,avx512-vbmi,x86_64,linux,0
1,commit-5-correction-amd-9950x3d,run-1,2,base64ct-1.8.3,decode,standard,padded,12,16,349525,9175704,435.933437,external,avx512-vbmi,avx512-vbmi,x86_64,linux,0
1,commit-5-correction-amd-9950x3d,run-1,3,base64ct-1.8.3,decode,standard,padded,12,16,349525,9181555,435.655636,external,avx512-vbmi,avx512-vbmi,x86_64,linux,0
1,commit-5-correction-amd-9950x3d,run-1,4,base64ct-1.8.3,decode,standard,padded,12,16,349525,9180332,435.713674,external,avx512-vbmi,avx512-vbmi,x86_64,linux,0
1,commit-5-correction-amd-9950x3d,run-1,0,base64-ng,encode,standard,padded,15,20,279620,12712372,314.653802,auto,avx512-vbmi,avx512-vbmi,x86_64,linux,0
1,commit-5-correction-amd-9950x3d,run-1,1,base64-ng,encode,standard,padded,15,20,279620,12636619,316.540064,auto,avx512-vbmi,avx512-vbmi,x86_64,linux,0
1,commit-5-correction-amd-9950x3d,run-1,2,base64-ng,encode,standard,padded,15,20,279620,12614237,317.101715,auto,avx512-vbmi,avx512-vbmi,x86_64,linux,0
1,commit-5-correction-amd-9950x3d,run-1,3,base64-ng,encode,standard,padded,15,20,279620,12856783,311.119522,auto,avx512-vbmi,avx512-vbmi,x86_64,linux,0
1,commit-5-correction-amd-9950x3d,run-1,4,base64-ng,encode,standard,padded,15,20,279620,12687835,315.262311,auto,avx512-vbmi,avx512-vbmi,x86_64,linux,0
1,commit-5-correction-amd-9950x3d,run-1,0,base64-ng,decode,standard,padded,15,20,279620,52389606,76.350950,auto,avx512-vbmi,avx512-vbmi,x86_64,linux,0
1,commit-5-correction-amd-9950x3d,run-1,1,base64-ng,decode,standard,padded,15,20,279620,51989022,76.939247,auto,avx512-vbmi,avx512-vbmi,x86_64,linux,0
1,commit-5-correction-amd-9950x3d,run-1,2,base64-ng,decode,standard,padded,15,20,279620,52701123,75.899639,auto,avx512-vbmi,avx512-vbmi,x86_64,linux,0
1,commit-5-correction-amd-9950x3d,run-1,3,base64-ng,decode,standard,padded,15,20,279620,52081086,76.803241,auto,avx512-vbmi,avx512-vbmi,x86_64,linux,0
1,commit-5-correction-amd-9950x3d,run-1,4,base64-ng,decode,standard,padded,15,20,279620,50432932,79.313179,auto,avx512-vbmi,avx512-vbmi,x86_64,linux,0
1,commit-5-correction-amd-9950x3d,run-1,0,base64-ng,encode,standard,padded,15,20,279620,12434248,321.691845,scalar,avx512-vbmi,avx512-vbmi,x86_64,linux,0
1,commit-5-correction-amd-9950x3d,run-1,1,base64-ng,encode,standard,padded,15,20,279620,12734964,314.095602,scalar,avx512-vbmi,avx512-vbmi,x86_64,linux,0
1,commit-5-correction-amd-9950x3d,run-1,2,base64-ng,encode,standard,padded,15,20,279620,12923078,309.523489,scalar,avx512-vbmi,avx512-vbmi,x86_64,linux,0
1,commit-5-correction-amd-9950x3d,run-1,3,base64-ng,encode,standard,padded,15,20,279620,12818351,312.052321,scalar,avx512-vbmi,avx512-vbmi,x86_64,linux,0
1,commit-5-correction-amd-9950x3d,run-1,4,base64-ng,encode,standard,padded,15,20,279620,12696251,315.053332,scalar,avx512-vbmi,avx512-vbmi,x86_64,linux,0
1,commit-5-correction-amd-9950x3d,run-1,0,base64-ng,decode,standard,padded,15,20,279620,13710841,291.739667,scalar,avx512-vbmi,avx512-vbmi,x86_64,linux,0
1,commit-5-correction-amd-9950x3d,run-1,1,base64-ng,decode,standard,padded,15,20,279620,13742521,291.067133,scalar,avx512-vbmi,avx512-vbmi,x86_64,linux,0
1,commit-5-correction-amd-9950x3d,run-1,2,base64-ng,decode,standard,padded,15,20,279620,13752750,290.850643,scalar,avx512-vbmi,avx512-vbmi,x86_64,linux,0
1,commit-5-correction-amd-9950x3d,run-1,3,base64-ng,decode,standard,padded,15,20,279620,13769953,290.487279,scalar,avx512-vbmi,avx512-vbmi,x86_64,linux,0
1,commit-5-correction-amd-9950x3d,run-1,4,base64-ng,decode,standard,padded,15,20,279620,13770053,290.485170,scalar,avx512-vbmi,avx512-vbmi,x86_64,linux,0
1,commit-5-correction-amd-9950x3d,run-1,0,base64-ng,encode,standard,padded,15,20,279620,17007387,235.191696,ssse3-sse4.1,avx512-vbmi,avx512-vbmi,x86_64,linux,0
1,commit-5-correction-amd-9950x3d,run-1,1,base64-ng,encode,standard,padded,15,20,279620,16993862,235.378879,ssse3-sse4.1,avx512-vbmi,avx512-vbmi,x86_64,linux,0
1,commit-5-correction-amd-9950x3d,run-1,2,base64-ng,encode,standard,padded,15,20,279620,16998300,235.317425,ssse3-sse4.1,avx512-vbmi,avx512-vbmi,x86_64,linux,0
1,commit-5-correction-amd-9950x3d,run-1,3,base64-ng,encode,standard,padded,15,20,279620,17029659,234.884103,ssse3-sse4.1,avx512-vbmi,avx512-vbmi,x86_64,linux,0
1,commit-5-correction-amd-9950x3d,run-1,4,base64-ng,encode,standard,padded,15,20,279620,17205981,232.477078,ssse3-sse4.1,avx512-vbmi,avx512-vbmi,x86_64,linux,0
1,commit-5-correction-amd-9950x3d,run-1,0,base64-ng,decode,standard,padded,15,20,279620,49213528,81.278387,ssse3-sse4.1,avx512-vbmi,avx512-vbmi,x86_64,linux,0
1,commit-5-correction-amd-9950x3d,run-1,1,base64-ng,decode,standard,padded,15,20,279620,49294199,81.145373,ssse3-sse4.1,avx512-vbmi,avx512-vbmi,x86_64,linux,0
1,commit-5-correction-amd-9950x3d,run-1,2,base64-ng,decode,standard,padded,15,20,279620,50074197,79.881385,ssse3-sse4.1,avx512-vbmi,avx512-vbmi,x86_64,linux,0
1,commit-5-correction-amd-9950x3d,run-1,3,base64-ng,decode,standard,padded,15,20,279620,49765035,80.377642,ssse3-sse4.1,avx512-vbmi,avx512-vbmi,x86_64,linux,0
1,commit-5-correction-amd-9950x3d,run-1,4,base64-ng,decode,standard,padded,15,20,279620,49180826,81.332432,ssse3-sse4.1,avx512-vbmi,avx512-vbmi,x86_64,linux,0
1,commit-5-correction-amd-9950x3d,run-1,0,base64-ng,encode,standard,padded,15,20,279620,13006245,307.544275,avx2,avx512-vbmi,avx512-vbmi,x86_64,linux,0
1,commit-5-correction-amd-9950x3d,run-1,1,base64-ng,encode,standard,padded,15,20,279620,13025271,307.095045,avx2,avx512-vbmi,avx512-vbmi,x86_64,linux,0
1,commit-5-correction-amd-9950x3d,run-1,2,base64-ng,encode,standard,padded,15,20,279620,13038976,306.772264,avx2,avx512-vbmi,avx512-vbmi,x86_64,linux,0
1,commit-5-correction-amd-9950x3d,run-1,3,base64-ng,encode,standard,padded,15,20,279620,13044998,306.630648,avx2,avx512-vbmi,avx512-vbmi,x86_64,linux,0
1,commit-5-correction-amd-9950x3d,run-1,4,base64-ng,encode,standard,padded,15,20,279620,13044346,306.645974,avx2,avx512-vbmi,avx512-vbmi,x86_64,linux,0
1,commit-5-correction-amd-9950x3d,run-1,0,base64-ng,decode,standard,padded,15,20,279620,50605167,79.043237,avx2,avx512-vbmi,avx512-vbmi,x86_64,linux,0
1,commit-5-correction-amd-9950x3d,run-1,1,base64-ng,decode,standard,padded,15,20,279620,50103593,79.834518,avx2,avx512-vbmi,avx512-vbmi,x86_64,linux,0
1,commit-5-correction-amd-9950x3d,run-1,2,base64-ng,decode,standard,padded,15,20,279620,49431387,80.920169,avx2,avx512-vbmi,avx512-vbmi,x86_64,linux,0
1,commit-5-correction-amd-9950x3d,run-1,3,base64-ng,decode,standard,padded,15,20,279620,53970702,74.114215,avx2,avx512-vbmi,avx512-vbmi,x86_64,linux,0
1,commit-5-correction-amd-9950x3d,run-1,4,base64-ng,decode,standard,padded,15,20,279620,49238925,81.236465,avx2,avx512-vbmi,avx512-vbmi,x86_64,linux,0
1,commit-5-correction-amd-9950x3d,run-1,0,base64-ng,encode,standard,padded,15,20,279620,12962693,308.577561,avx512-vbmi,avx512-vbmi,avx512-vbmi,x86_64,linux,0
1,commit-5-correction-amd-9950x3d,run-1,1,base64-ng,encode,standard,padded,15,20,279620,12985215,308.042353,avx512-vbmi,avx512-vbmi,avx512-vbmi,x86_64,linux,0
1,commit-5-correction-amd-9950x3d,run-1,2,base64-ng,encode,standard,padded,15,20,279620,12983062,308.093436,avx512-vbmi,avx512-vbmi,avx512-vbmi,x86_64,linux,0
1,commit-5-correction-amd-9950x3d,run-1,3,base64-ng,encode,standard,padded,15,20,279620,12997228,307.757638,avx512-vbmi,avx512-vbmi,avx512-vbmi,x86_64,linux,0
1,commit-5-correction-amd-9950x3d,run-1,4,base64-ng,encode,standard,padded,15,20,279620,13017867,307.269707,avx512-vbmi,avx512-vbmi,avx512-vbmi,x86_64,linux,0
1,commit-5-correction-amd-9950x3d,run-1,0,base64-ng,decode,standard,padded,15,20,279620,49913364,80.138782,avx512-vbmi,avx512-vbmi,avx512-vbmi,x86_64,linux,0
1,commit-5-correction-amd-9950x3d,run-1,1,base64-ng,decode,standard,padded,15,20,279620,49874481,80.201259,avx512-vbmi,avx512-vbmi,avx512-vbmi,x86_64,linux,0
1,commit-5-correction-amd-9950x3d,run-1,2,base64-ng,decode,standard,padded,15,20,279620,50899431,78.586265,avx512-vbmi,avx512-vbmi,avx512-vbmi,x86_64,linux,0
1,commit-5-correction-amd-9950x3d,run-1,3,base64-ng,decode,standard,padded,15,20,279620,51036810,78.374730,avx512-vbmi,avx512-vbmi,avx512-vbmi,x86_64,linux,0
1,commit-5-correction-amd-9950x3d,run-1,4,base64-ng,decode,standard,padded,15,20,279620,51551899,77.591636,avx512-vbmi,avx512-vbmi,avx512-vbmi,x86_64,linux,0
1,commit-5-correction-amd-9950x3d,run-1,0,base64-0.23.0,encode,standard,padded,15,20,279620,3143658,1272.401828,external,avx512-vbmi,avx512-vbmi,x86_64,linux,0
1,commit-5-correction-amd-9950x3d,run-1,1,base64-0.23.0,encode,standard,padded,15,20,279620,3236122,1236.046164,external,avx512-vbmi,avx512-vbmi,x86_64,linux,0
1,commit-5-correction-amd-9950x3d,run-1,2,base64-0.23.0,encode,standard,padded,15,20,279620,3234359,1236.719914,external,avx512-vbmi,avx512-vbmi,x86_64,linux,0
1,commit-5-correction-amd-9950x3d,run-1,3,base64-0.23.0,encode,standard,padded,15,20,279620,3217868,1243.057883,external,avx512-vbmi,avx512-vbmi,x86_64,linux,0
1,commit-5-correction-amd-9950x3d,run-1,4,base64-0.23.0,encode,standard,padded,15,20,279620,3231353,1237.870386,external,avx512-vbmi,avx512-vbmi,x86_64,linux,0
1,commit-5-correction-amd-9950x3d,run-1,0,base64-0.23.0,decode,standard,padded,15,20,279620,4746806,842.671090,external,avx512-vbmi,avx512-vbmi,x86_64,linux,0
1,commit-5-correction-amd-9950x3d,run-1,1,base64-0.23.0,decode,standard,padded,15,20,279620,4733360,845.064856,external,avx512-vbmi,avx512-vbmi,x86_64,linux,0
1,commit-5-correction-amd-9950x3d,run-1,2,base64-0.23.0,decode,standard,padded,15,20,279620,4733841,844.978990,external,avx512-vbmi,avx512-vbmi,x86_64,linux,0
1,commit-5-correction-amd-9950x3d,run-1,3,base64-0.23.0,decode,standard,padded,15,20,279620,4723743,846.785311,external,avx512-vbmi,avx512-vbmi,x86_64,linux,0
1,commit-5-correction-amd-9950x3d,run-1,4,base64-0.23.0,decode,standard,padded,15,20,279620,4737920,844.251525,external,avx512-vbmi,avx512-vbmi,x86_64,linux,0
1,commit-5-correction-amd-9950x3d,run-1,0,base64ct-1.8.3,encode,standard,padded,15,20,279620,2974480,1344.771585,external,avx512-vbmi,avx512-vbmi,x86_64,linux,0
1,commit-5-correction-amd-9950x3d,run-1,1,base64ct-1.8.3,encode,standard,padded,15,20,279620,2957017,1352.713287,external,avx512-vbmi,avx512-vbmi,x86_64,linux,0
1,commit-5-correction-amd-9950x3d,run-1,2,base64ct-1.8.3,encode,standard,padded,15,20,279620,2967276,1348.036443,external,avx512-vbmi,avx512-vbmi,x86_64,linux,0
1,commit-5-correction-amd-9950x3d,run-1,3,base64ct-1.8.3,encode,standard,padded,15,20,279620,2969831,1346.876703,external,avx512-vbmi,avx512-vbmi,x86_64,linux,0
1,commit-5-correction-amd-9950x3d,run-1,4,base64ct-1.8.3,encode,standard,padded,15,20,279620,2970612,1346.522597,external,avx512-vbmi,avx512-vbmi,x86_64,linux,0
1,commit-5-correction-amd-9950x3d,run-1,0,base64ct-1.8.3,decode,standard,padded,15,20,279620,8262505,484.114223,external,avx512-vbmi,avx512-vbmi,x86_64,linux,0
1,commit-5-correction-amd-9950x3d,run-1,1,base64ct-1.8.3,decode,standard,padded,15,20,279620,8236626,485.635281,external,avx512-vbmi,avx512-vbmi,x86_64,linux,0
1,commit-5-correction-amd-9950x3d,run-1,2,base64ct-1.8.3,decode,standard,padded,15,20,279620,8238950,485.498296,external,avx512-vbmi,avx512-vbmi,x86_64,linux,0
1,commit-5-correction-amd-9950x3d,run-1,3,base64ct-1.8.3,decode,standard,padded,15,20,279620,8252075,484.726107,external,avx512-vbmi,avx512-vbmi,x86_64,linux,0
1,commit-5-correction-amd-9950x3d,run-1,4,base64ct-1.8.3,decode,standard,padded,15,20,279620,8234142,485.781783,external,avx512-vbmi,avx512-vbmi,x86_64,linux,0
1,commit-5-correction-amd-9950x3d,run-1,0,base64-ng,encode,standard,padded,16,24,262144,12862775,310.974887,auto,avx512-vbmi,avx512-vbmi,x86_64,linux,0
1,commit-5-correction-amd-9950x3d,run-1,1,base64-ng,encode,standard,padded,16,24,262144,13113978,305.018050,auto,avx512-vbmi,avx512-vbmi,x86_64,linux,0
1,commit-5-correction-amd-9950x3d,run-1,2,base64-ng,encode,standard,padded,16,24,262144,13182637,303.429428,auto,avx512-vbmi,avx512-vbmi,x86_64,linux,0
1,commit-5-correction-amd-9950x3d,run-1,3,base64-ng,encode,standard,padded,16,24,262144,12686133,315.304908,auto,avx512-vbmi,avx512-vbmi,x86_64,linux,0
1,commit-5-correction-amd-9950x3d,run-1,4,base64-ng,encode,standard,padded,16,24,262144,12762435,313.419814,auto,avx512-vbmi,avx512-vbmi,x86_64,linux,0
1,commit-5-correction-amd-9950x3d,run-1,0,base64-ng,decode,standard,padded,16,24,262144,51086653,78.298338,auto,avx512-vbmi,avx512-vbmi,x86_64,linux,0
1,commit-5-correction-amd-9950x3d,run-1,1,base64-ng,decode,standard,padded,16,24,262144,51258006,78.036590,auto,avx512-vbmi,avx512-vbmi,x86_64,linux,0
1,commit-5-correction-amd-9950x3d,run-1,2,base64-ng,decode,standard,padded,16,24,262144,51089649,78.293746,auto,avx512-vbmi,avx512-vbmi,x86_64,linux,0
1,commit-5-correction-amd-9950x3d,run-1,3,base64-ng,decode,standard,padded,16,24,262144,51755773,77.286064,auto,avx512-vbmi,avx512-vbmi,x86_64,linux,0
1,commit-5-correction-amd-9950x3d,run-1,4,base64-ng,decode,standard,padded,16,24,262144,51957843,76.985490,auto,avx512-vbmi,avx512-vbmi,x86_64,linux,0
1,commit-5-correction-amd-9950x3d,run-1,0,base64-ng,encode,standard,padded,16,24,262144,12585773,317.819176,scalar,avx512-vbmi,avx512-vbmi,x86_64,linux,0
1,commit-5-correction-amd-9950x3d,run-1,1,base64-ng,encode,standard,padded,16,24,262144,12459506,321.040016,scalar,avx512-vbmi,avx512-vbmi,x86_64,linux,0
1,commit-5-correction-amd-9950x3d,run-1,2,base64-ng,encode,standard,padded,16,24,262144,12448886,321.313891,scalar,avx512-vbmi,avx512-vbmi,x86_64,linux,0
1,commit-5-correction-amd-9950x3d,run-1,3,base64-ng,encode,standard,padded,16,24,262144,12464315,320.916151,scalar,avx512-vbmi,avx512-vbmi,x86_64,linux,0
1,commit-5-correction-amd-9950x3d,run-1,4,base64-ng,encode,standard,padded,16,24,262144,13570408,294.759008,scalar,avx512-vbmi,avx512-vbmi,x86_64,linux,0
1,commit-5-correction-amd-9950x3d,run-1,0,base64-ng,decode,standard,padded,16,24,262144,14590728,274.146705,scalar,avx512-vbmi,avx512-vbmi,x86_64,linux,0
1,commit-5-correction-amd-9950x3d,run-1,1,base64-ng,decode,standard,padded,16,24,262144,14448179,276.851498,scalar,avx512-vbmi,avx512-vbmi,x86_64,linux,0
1,commit-5-correction-amd-9950x3d,run-1,2,base64-ng,decode,standard,padded,16,24,262144,14395600,277.862680,scalar,avx512-vbmi,avx512-vbmi,x86_64,linux,0
1,commit-5-correction-amd-9950x3d,run-1,3,base64-ng,decode,standard,padded,16,24,262144,14404156,277.697631,scalar,avx512-vbmi,avx512-vbmi,x86_64,linux,0
1,commit-5-correction-amd-9950x3d,run-1,4,base64-ng,decode,standard,padded,16,24,262144,14387606,278.017066,scalar,avx512-vbmi,avx512-vbmi,x86_64,linux,0
1,commit-5-correction-amd-9950x3d,run-1,0,base64-ng,encode,standard,padded,16,24,262144,16725587,239.154536,ssse3-sse4.1,avx512-vbmi,avx512-vbmi,x86_64,linux,0
1,commit-5-correction-amd-9950x3d,run-1,1,base64-ng,encode,standard,padded,16,24,262144,16741718,238.924106,ssse3-sse4.1,avx512-vbmi,avx512-vbmi,x86_64,linux,0
1,commit-5-correction-amd-9950x3d,run-1,2,base64-ng,encode,standard,padded,16,24,262144,16897871,236.716211,ssse3-sse4.1,avx512-vbmi,avx512-vbmi,x86_64,linux,0
1,commit-5-correction-amd-9950x3d,run-1,3,base64-ng,encode,standard,padded,16,24,262144,16842908,237.488681,ssse3-sse4.1,avx512-vbmi,avx512-vbmi,x86_64,linux,0
1,commit-5-correction-amd-9950x3d,run-1,4,base64-ng,encode,standard,padded,16,24,262144,16784327,238.317569,ssse3-sse4.1,avx512-vbmi,avx512-vbmi,x86_64,linux,0
1,commit-5-correction-amd-9950x3d,run-1,0,base64-ng,decode,standard,padded,16,24,262144,50006219,79.990051,ssse3-sse4.1,avx512-vbmi,avx512-vbmi,x86_64,linux,0
1,commit-5-correction-amd-9950x3d,run-1,1,base64-ng,decode,standard,padded,16,24,262144,50071272,79.886127,ssse3-sse4.1,avx512-vbmi,avx512-vbmi,x86_64,linux,0
1,commit-5-correction-amd-9950x3d,run-1,2,base64-ng,decode,standard,padded,16,24,262144,50161692,79.742127,ssse3-sse4.1,avx512-vbmi,avx512-vbmi,x86_64,linux,0
1,commit-5-correction-amd-9950x3d,run-1,3,base64-ng,decode,standard,padded,16,24,262144,48857607,81.870567,ssse3-sse4.1,avx512-vbmi,avx512-vbmi,x86_64,linux,0
1,commit-5-correction-amd-9950x3d,run-1,4,base64-ng,decode,standard,padded,16,24,262144,48589963,82.321528,ssse3-sse4.1,avx512-vbmi,avx512-vbmi,x86_64,linux,0
1,commit-5-correction-amd-9950x3d,run-1,0,base64-ng,encode,standard,padded,16,24,262144,13079563,305.820615,avx2,avx512-vbmi,avx512-vbmi,x86_64,linux,0
1,commit-5-correction-amd-9950x3d,run-1,1,base64-ng,encode,standard,padded,16,24,262144,13299167,300.770717,avx2,avx512-vbmi,avx512-vbmi,x86_64,linux,0
1,commit-5-correction-amd-9950x3d,run-1,2,base64-ng,encode,standard,padded,16,24,262144,13141991,304.367885,avx2,avx512-vbmi,avx512-vbmi,x86_64,linux,0
1,commit-5-correction-amd-9950x3d,run-1,3,base64-ng,encode,standard,padded,16,24,262144,13098939,305.368244,avx2,avx512-vbmi,avx512-vbmi,x86_64,linux,0
1,commit-5-correction-amd-9950x3d,run-1,4,base64-ng,encode,standard,padded,16,24,262144,13044147,306.650945,avx2,avx512-vbmi,avx512-vbmi,x86_64,linux,0
1,commit-5-correction-amd-9950x3d,run-1,0,base64-ng,decode,standard,padded,16,24,262144,48934432,81.742034,avx2,avx512-vbmi,avx512-vbmi,x86_64,linux,0
1,commit-5-correction-amd-9950x3d,run-1,1,base64-ng,decode,standard,padded,16,24,262144,49208968,81.285996,avx2,avx512-vbmi,avx512-vbmi,x86_64,linux,0
1,commit-5-correction-amd-9950x3d,run-1,2,base64-ng,decode,standard,padded,16,24,262144,49886694,80.181701,avx2,avx512-vbmi,avx512-vbmi,x86_64,linux,0
1,commit-5-correction-amd-9950x3d,run-1,3,base64-ng,decode,standard,padded,16,24,262144,49084915,81.491432,avx2,avx512-vbmi,avx512-vbmi,x86_64,linux,0
1,commit-5-correction-amd-9950x3d,run-1,4,base64-ng,decode,standard,padded,16,24,262144,49863381,80.219189,avx2,avx512-vbmi,avx512-vbmi,x86_64,linux,0
1,commit-5-correction-amd-9950x3d,run-1,0,base64-ng,encode,standard,padded,16,24,262144,13175644,303.590473,avx512-vbmi,avx512-vbmi,avx512-vbmi,x86_64,linux,0
1,commit-5-correction-amd-9950x3d,run-1,1,base64-ng,encode,standard,padded,16,24,262144,13097847,305.393703,avx512-vbmi,avx512-vbmi,avx512-vbmi,x86_64,linux,0
1,commit-5-correction-amd-9950x3d,run-1,2,base64-ng,encode,standard,padded,16,24,262144,13378125,298.995562,avx512-vbmi,avx512-vbmi,avx512-vbmi,x86_64,linux,0
1,commit-5-correction-amd-9950x3d,run-1,3,base64-ng,encode,standard,padded,16,24,262144,13621443,293.654644,avx512-vbmi,avx512-vbmi,avx512-vbmi,x86_64,linux,0
1,commit-5-correction-amd-9950x3d,run-1,4,base64-ng,encode,standard,padded,16,24,262144,13515083,295.965626,avx512-vbmi,avx512-vbmi,avx512-vbmi,x86_64,linux,0
1,commit-5-correction-amd-9950x3d,run-1,0,base64-ng,decode,standard,padded,16,24,262144,49950645,80.079046,avx512-vbmi,avx512-vbmi,avx512-vbmi,x86_64,linux,0
1,commit-5-correction-amd-9950x3d,run-1,1,base64-ng,decode,standard,padded,16,24,262144,49530855,80.757742,avx512-vbmi,avx512-vbmi,avx512-vbmi,x86_64,linux,0
1,commit-5-correction-amd-9950x3d,run-1,2,base64-ng,decode,standard,padded,16,24,262144,49573875,80.687661,avx512-vbmi,avx512-vbmi,avx512-vbmi,x86_64,linux,0
1,commit-5-correction-amd-9950x3d,run-1,3,base64-ng,decode,standard,padded,16,24,262144,52770002,75.800641,avx512-vbmi,avx512-vbmi,avx512-vbmi,x86_64,linux,0
1,commit-5-correction-amd-9950x3d,run-1,4,base64-ng,decode,standard,padded,16,24,262144,50245450,79.609198,avx512-vbmi,avx512-vbmi,avx512-vbmi,x86_64,linux,0
1,commit-5-correction-amd-9950x3d,run-1,0,base64-0.23.0,encode,standard,padded,16,24,262144,3175968,1259.458534,external,avx512-vbmi,avx512-vbmi,x86_64,linux,0
1,commit-5-correction-amd-9950x3d,run-1,1,base64-0.23.0,encode,standard,padded,16,24,262144,3235781,1236.177603,external,avx512-vbmi,avx512-vbmi,x86_64,linux,0
1,commit-5-correction-amd-9950x3d,run-1,2,base64-0.23.0,encode,standard,padded,16,24,262144,3239809,1234.640684,external,avx512-vbmi,avx512-vbmi,x86_64,linux,0
1,commit-5-correction-amd-9950x3d,run-1,3,base64-0.23.0,encode,standard,padded,16,24,262144,3241723,1233.911719,external,avx512-vbmi,avx512-vbmi,x86_64,linux,0
1,commit-5-correction-amd-9950x3d,run-1,4,base64-0.23.0,encode,standard,padded,16,24,262144,3278432,1220.095460,external,avx512-vbmi,avx512-vbmi,x86_64,linux,0
1,commit-5-correction-amd-9950x3d,run-1,0,base64-0.23.0,decode,standard,padded,16,24,262144,4697554,851.506976,external,avx512-vbmi,avx512-vbmi,x86_64,linux,0
1,commit-5-correction-amd-9950x3d,run-1,1,base64-0.23.0,decode,standard,padded,16,24,262144,4677806,855.101729,external,avx512-vbmi,avx512-vbmi,x86_64,linux,0
1,commit-5-correction-amd-9950x3d,run-1,2,base64-0.23.0,decode,standard,padded,16,24,262144,4714876,848.378621,external,avx512-vbmi,avx512-vbmi,x86_64,linux,0
1,commit-5-correction-amd-9950x3d,run-1,3,base64-0.23.0,decode,standard,padded,16,24,262144,4703354,850.456929,external,avx512-vbmi,avx512-vbmi,x86_64,linux,0
1,commit-5-correction-amd-9950x3d,run-1,4,base64-0.23.0,decode,standard,padded,16,24,262144,4733502,845.040311,external,avx512-vbmi,avx512-vbmi,x86_64,linux,0
1,commit-5-correction-amd-9950x3d,run-1,0,base64ct-1.8.3,encode,standard,padded,16,24,262144,4044184,989.074681,external,avx512-vbmi,avx512-vbmi,x86_64,linux,0
1,commit-5-correction-amd-9950x3d,run-1,1,base64ct-1.8.3,encode,standard,padded,16,24,262144,4039424,990.240193,external,avx512-vbmi,avx512-vbmi,x86_64,linux,0
1,commit-5-correction-amd-9950x3d,run-1,2,base64ct-1.8.3,encode,standard,padded,16,24,262144,4049633,987.743828,external,avx512-vbmi,avx512-vbmi,x86_64,linux,0
1,commit-5-correction-amd-9950x3d,run-1,3,base64ct-1.8.3,encode,standard,padded,16,24,262144,4050826,987.452929,external,avx512-vbmi,avx512-vbmi,x86_64,linux,0
1,commit-5-correction-amd-9950x3d,run-1,4,base64ct-1.8.3,encode,standard,padded,16,24,262144,4051397,987.313759,external,avx512-vbmi,avx512-vbmi,x86_64,linux,0
1,commit-5-correction-amd-9950x3d,run-1,0,base64ct-1.8.3,decode,standard,padded,16,24,262144,10993155,363.862786,external,avx512-vbmi,avx512-vbmi,x86_64,linux,0
1,commit-5-correction-amd-9950x3d,run-1,1,base64ct-1.8.3,decode,standard,padded,16,24,262144,10989870,363.971548,external,avx512-vbmi,avx512-vbmi,x86_64,linux,0
1,commit-5-correction-amd-9950x3d,run-1,2,base64ct-1.8.3,decode,standard,padded,16,24,262144,11003384,363.524530,external,avx512-vbmi,avx512-vbmi,x86_64,linux,0
1,commit-5-correction-amd-9950x3d,run-1,3,base64ct-1.8.3,decode,standard,padded,16,24,262144,10946267,365.421381,external,avx512-vbmi,avx512-vbmi,x86_64,linux,0
1,commit-5-correction-amd-9950x3d,run-1,4,base64ct-1.8.3,decode,standard,padded,16,24,262144,11015387,363.128413,external,avx512-vbmi,avx512-vbmi,x86_64,linux,0
1,commit-5-correction-amd-9950x3d,run-1,0,base64-ng,encode,standard,padded,23,32,182361,12612163,317.154087,auto,avx512-vbmi,avx512-vbmi,x86_64,linux,0
1,commit-5-correction-amd-9950x3d,run-1,1,base64-ng,encode,standard,padded,23,32,182361,12600791,317.440314,auto,avx512-vbmi,avx512-vbmi,x86_64,linux,0
1,commit-5-correction-amd-9950x3d,run-1,2,base64-ng,encode,standard,padded,23,32,182361,12577739,318.022106,auto,avx512-vbmi,avx512-vbmi,x86_64,linux,0
1,commit-5-correction-amd-9950x3d,run-1,3,base64-ng,encode,standard,padded,23,32,182361,12581836,317.918549,auto,avx512-vbmi,avx512-vbmi,x86_64,linux,0
1,commit-5-correction-amd-9950x3d,run-1,4,base64-ng,encode,standard,padded,23,32,182361,12582837,317.893258,auto,avx512-vbmi,avx512-vbmi,x86_64,linux,0
1,commit-5-correction-amd-9950x3d,run-1,0,base64-ng,decode,standard,padded,23,32,182361,43353485,92.264764,auto,avx512-vbmi,avx512-vbmi,x86_64,linux,0
1,commit-5-correction-amd-9950x3d,run-1,1,base64-ng,decode,standard,padded,23,32,182361,43380637,92.207015,auto,avx512-vbmi,avx512-vbmi,x86_64,linux,0
1,commit-5-correction-amd-9950x3d,run-1,2,base64-ng,decode,standard,padded,23,32,182361,43554033,91.839923,auto,avx512-vbmi,avx512-vbmi,x86_64,linux,0
1,commit-5-correction-amd-9950x3d,run-1,3,base64-ng,decode,standard,padded,23,32,182361,43675482,91.584543,auto,avx512-vbmi,avx512-vbmi,x86_64,linux,0
1,commit-5-correction-amd-9950x3d,run-1,4,base64-ng,decode,standard,padded,23,32,182361,43618194,91.704830,auto,avx512-vbmi,avx512-vbmi,x86_64,linux,0
1,commit-5-correction-amd-9950x3d,run-1,0,base64-ng,encode,standard,padded,23,32,182361,12515992,319.591052,scalar,avx512-vbmi,avx512-vbmi,x86_64,linux,0
1,commit-5-correction-amd-9950x3d,run-1,1,base64-ng,encode,standard,padded,23,32,182361,12650465,316.193835,scalar,avx512-vbmi,avx512-vbmi,x86_64,linux,0
1,commit-5-correction-amd-9950x3d,run-1,2,base64-ng,encode,standard,padded,23,32,182361,12694318,315.101532,scalar,avx512-vbmi,avx512-vbmi,x86_64,linux,0
1,commit-5-correction-amd-9950x3d,run-1,3,base64-ng,encode,standard,padded,23,32,182361,12700499,314.948180,scalar,avx512-vbmi,avx512-vbmi,x86_64,linux,0
1,commit-5-correction-amd-9950x3d,run-1,4,base64-ng,encode,standard,padded,23,32,182361,12733472,314.132630,scalar,avx512-vbmi,avx512-vbmi,x86_64,linux,0
1,commit-5-correction-amd-9950x3d,run-1,0,base64-ng,decode,standard,padded,23,32,182361,14432209,277.157783,scalar,avx512-vbmi,avx512-vbmi,x86_64,linux,0
1,commit-5-correction-amd-9950x3d,run-1,1,base64-ng,decode,standard,padded,23,32,182361,14288409,279.947127,scalar,avx512-vbmi,avx512-vbmi,x86_64,linux,0
1,commit-5-correction-amd-9950x3d,run-1,2,base64-ng,decode,standard,padded,23,32,182361,14355705,278.634804,scalar,avx512-vbmi,avx512-vbmi,x86_64,linux,0
1,commit-5-correction-amd-9950x3d,run-1,3,base64-ng,decode,standard,padded,23,32,182361,14399507,277.787222,scalar,avx512-vbmi,avx512-vbmi,x86_64,linux,0
1,commit-5-correction-amd-9950x3d,run-1,4,base64-ng,decode,standard,padded,23,32,182361,14490679,276.039449,scalar,avx512-vbmi,avx512-vbmi,x86_64,linux,0
1,commit-5-correction-amd-9950x3d,run-1,0,base64-ng,encode,standard,padded,23,32,182361,15881978,251.857738,ssse3-sse4.1,avx512-vbmi,avx512-vbmi,x86_64,linux,0
1,commit-5-correction-amd-9950x3d,run-1,1,base64-ng,encode,standard,padded,23,32,182361,15600849,256.396241,ssse3-sse4.1,avx512-vbmi,avx512-vbmi,x86_64,linux,0
1,commit-5-correction-amd-9950x3d,run-1,2,base64-ng,encode,standard,padded,23,32,182361,15811215,252.984925,ssse3-sse4.1,avx512-vbmi,avx512-vbmi,x86_64,linux,0
1,commit-5-correction-amd-9950x3d,run-1,3,base64-ng,encode,standard,padded,23,32,182361,16029026,249.547231,ssse3-sse4.1,avx512-vbmi,avx512-vbmi,x86_64,linux,0
1,commit-5-correction-amd-9950x3d,run-1,4,base64-ng,encode,standard,padded,23,32,182361,16023244,249.637280,ssse3-sse4.1,avx512-vbmi,avx512-vbmi,x86_64,linux,0
1,commit-5-correction-amd-9950x3d,run-1,0,base64-ng,decode,standard,padded,23,32,182361,59423238,67.313717,ssse3-sse4.1,avx512-vbmi,avx512-vbmi,x86_64,linux,0
1,commit-5-correction-amd-9950x3d,run-1,1,base64-ng,decode,standard,padded,23,32,182361,60461322,66.157982,ssse3-sse4.1,avx512-vbmi,avx512-vbmi,x86_64,linux,0
1,commit-5-correction-amd-9950x3d,run-1,2,base64-ng,decode,standard,padded,23,32,182361,61065149,65.503796,ssse3-sse4.1,avx512-vbmi,avx512-vbmi,x86_64,linux,0
1,commit-5-correction-amd-9950x3d,run-1,3,base64-ng,decode,standard,padded,23,32,182361,60849453,65.735990,ssse3-sse4.1,avx512-vbmi,avx512-vbmi,x86_64,linux,0
1,commit-5-correction-amd-9950x3d,run-1,4,base64-ng,decode,standard,padded,23,32,182361,64134626,62.368790,ssse3-sse4.1,avx512-vbmi,avx512-vbmi,x86_64,linux,0
1,commit-5-correction-amd-9950x3d,run-1,0,base64-ng,encode,standard,padded,23,32,182361,13059325,306.294471,avx2,avx512-vbmi,avx512-vbmi,x86_64,linux,0
1,commit-5-correction-amd-9950x3d,run-1,1,base64-ng,encode,standard,padded,23,32,182361,13085775,305.675365,avx2,avx512-vbmi,avx512-vbmi,x86_64,linux,0
1,commit-5-correction-amd-9950x3d,run-1,2,base64-ng,encode,standard,padded,23,32,182361,13070536,306.031753,avx2,avx512-vbmi,avx512-vbmi,x86_64,linux,0
1,commit-5-correction-amd-9950x3d,run-1,3,base64-ng,encode,standard,padded,23,32,182361,13089332,305.592298,avx2,avx512-vbmi,avx512-vbmi,x86_64,linux,0
1,commit-5-correction-amd-9950x3d,run-1,4,base64-ng,encode,standard,padded,23,32,182361,13116192,304.966491,avx2,avx512-vbmi,avx512-vbmi,x86_64,linux,0
1,commit-5-correction-amd-9950x3d,run-1,0,base64-ng,decode,standard,padded,23,32,182361,43349267,92.273741,avx2,avx512-vbmi,avx512-vbmi,x86_64,linux,0
1,commit-5-correction-amd-9950x3d,run-1,1,base64-ng,decode,standard,padded,23,32,182361,43730215,91.469915,avx2,avx512-vbmi,avx512-vbmi,x86_64,linux,0
1,commit-5-correction-amd-9950x3d,run-1,2,base64-ng,decode,standard,padded,23,32,182361,44117814,90.666302,avx2,avx512-vbmi,avx512-vbmi,x86_64,linux,0
1,commit-5-correction-amd-9950x3d,run-1,3,base64-ng,decode,standard,padded,23,32,182361,44051118,90.803576,avx2,avx512-vbmi,avx512-vbmi,x86_64,linux,0
1,commit-5-correction-amd-9950x3d,run-1,4,base64-ng,decode,standard,padded,23,32,182361,45313575,88.273747,avx2,avx512-vbmi,avx512-vbmi,x86_64,linux,0
1,commit-5-correction-amd-9950x3d,run-1,0,base64-ng,encode,standard,padded,23,32,182361,13493452,296.440010,avx512-vbmi,avx512-vbmi,avx512-vbmi,x86_64,linux,0
1,commit-5-correction-amd-9950x3d,run-1,1,base64-ng,encode,standard,padded,23,32,182361,13201984,302.984691,avx512-vbmi,avx512-vbmi,avx512-vbmi,x86_64,linux,0
1,commit-5-correction-amd-9950x3d,run-1,2,base64-ng,encode,standard,padded,23,32,182361,14131132,283.062889,avx512-vbmi,avx512-vbmi,avx512-vbmi,x86_64,linux,0
1,commit-5-correction-amd-9950x3d,run-1,3,base64-ng,encode,standard,padded,23,32,182361,13102016,305.296456,avx512-vbmi,avx512-vbmi,avx512-vbmi,x86_64,linux,0
1,commit-5-correction-amd-9950x3d,run-1,4,base64-ng,encode,standard,padded,23,32,182361,13336667,299.924940,avx512-vbmi,avx512-vbmi,avx512-vbmi,x86_64,linux,0
1,commit-5-correction-amd-9950x3d,run-1,0,base64-ng,decode,standard,padded,23,32,182361,44067028,90.770792,avx512-vbmi,avx512-vbmi,avx512-vbmi,x86_64,linux,0
1,commit-5-correction-amd-9950x3d,run-1,1,base64-ng,decode,standard,padded,23,32,182361,43965427,90.980557,avx512-vbmi,avx512-vbmi,avx512-vbmi,x86_64,linux,0
1,commit-5-correction-amd-9950x3d,run-1,2,base64-ng,decode,standard,padded,23,32,182361,43615178,91.711171,avx512-vbmi,avx512-vbmi,avx512-vbmi,x86_64,linux,0
1,commit-5-correction-amd-9950x3d,run-1,3,base64-ng,decode,standard,padded,23,32,182361,43608255,91.725731,avx512-vbmi,avx512-vbmi,avx512-vbmi,x86_64,linux,0
1,commit-5-correction-amd-9950x3d,run-1,4,base64-ng,decode,standard,padded,23,32,182361,44416026,90.057563,avx512-vbmi,avx512-vbmi,avx512-vbmi,x86_64,linux,0
1,commit-5-correction-amd-9950x3d,run-1,0,base64-0.23.0,encode,standard,padded,23,32,182361,2722095,1469.456079,external,avx512-vbmi,avx512-vbmi,x86_64,linux,0
1,commit-5-correction-amd-9950x3d,run-1,1,base64-0.23.0,encode,standard,padded,23,32,182361,2750638,1454.207732,external,avx512-vbmi,avx512-vbmi,x86_64,linux,0
1,commit-5-correction-amd-9950x3d,run-1,2,base64-0.23.0,encode,standard,padded,23,32,182361,2723386,1468.759495,external,avx512-vbmi,avx512-vbmi,x86_64,linux,0
1,commit-5-correction-amd-9950x3d,run-1,3,base64-0.23.0,encode,standard,padded,23,32,182361,2727905,1466.326374,external,avx512-vbmi,avx512-vbmi,x86_64,linux,0
1,commit-5-correction-amd-9950x3d,run-1,4,base64-0.23.0,encode,standard,padded,23,32,182361,2739257,1460.249639,external,avx512-vbmi,avx512-vbmi,x86_64,linux,0
1,commit-5-correction-amd-9950x3d,run-1,0,base64-0.23.0,decode,standard,padded,23,32,182361,3543440,1128.846275,external,avx512-vbmi,avx512-vbmi,x86_64,linux,0
1,commit-5-correction-amd-9950x3d,run-1,1,base64-0.23.0,decode,standard,padded,23,32,182361,3530306,1133.045987,external,avx512-vbmi,avx512-vbmi,x86_64,linux,0
1,commit-5-correction-amd-9950x3d,run-1,2,base64-0.23.0,decode,standard,padded,23,32,182361,3502374,1142.082212,external,avx512-vbmi,avx512-vbmi,x86_64,linux,0
1,commit-5-correction-amd-9950x3d,run-1,3,base64-0.23.0,decode,standard,padded,23,32,182361,3520698,1136.138074,external,avx512-vbmi,avx512-vbmi,x86_64,linux,0
1,commit-5-correction-amd-9950x3d,run-1,4,base64-0.23.0,decode,standard,padded,23,32,182361,3505961,1140.913731,external,avx512-vbmi,avx512-vbmi,x86_64,linux,0
1,commit-5-correction-amd-9950x3d,run-1,0,base64ct-1.8.3,encode,standard,padded,23,32,182361,3480613,1149.222578,external,avx512-vbmi,avx512-vbmi,x86_64,linux,0
1,commit-5-correction-amd-9950x3d,run-1,1,base64ct-1.8.3,encode,standard,padded,23,32,182361,3476686,1150.520653,external,avx512-vbmi,avx512-vbmi,x86_64,linux,0
1,commit-5-correction-amd-9950x3d,run-1,2,base64ct-1.8.3,encode,standard,padded,23,32,182361,3482235,1148.687279,external,avx512-vbmi,avx512-vbmi,x86_64,linux,0
1,commit-5-correction-amd-9950x3d,run-1,3,base64ct-1.8.3,encode,standard,padded,23,32,182361,3490651,1145.917780,external,avx512-vbmi,avx512-vbmi,x86_64,linux,0
1,commit-5-correction-amd-9950x3d,run-1,4,base64ct-1.8.3,encode,standard,padded,23,32,182361,3502624,1142.000696,external,avx512-vbmi,avx512-vbmi,x86_64,linux,0
1,commit-5-correction-amd-9950x3d,run-1,0,base64ct-1.8.3,decode,standard,padded,23,32,182361,9402711,425.409124,external,avx512-vbmi,avx512-vbmi,x86_64,linux,0
1,commit-5-correction-amd-9950x3d,run-1,1,base64ct-1.8.3,decode,standard,padded,23,32,182361,9391490,425.917405,external,avx512-vbmi,avx512-vbmi,x86_64,linux,0
1,commit-5-correction-amd-9950x3d,run-1,2,base64ct-1.8.3,decode,standard,padded,23,32,182361,9383956,426.259357,external,avx512-vbmi,avx512-vbmi,x86_64,linux,0
1,commit-5-correction-amd-9950x3d,run-1,3,base64ct-1.8.3,decode,standard,padded,23,32,182361,9402281,425.428579,external,avx512-vbmi,avx512-vbmi,x86_64,linux,0
1,commit-5-correction-amd-9950x3d,run-1,4,base64ct-1.8.3,decode,standard,padded,23,32,182361,9390378,425.967841,external,avx512-vbmi,avx512-vbmi,x86_64,linux,0
1,commit-5-correction-amd-9950x3d,run-1,0,base64-ng,encode,standard,padded,24,32,174762,12830424,311.757799,auto,avx512-vbmi,avx512-vbmi,x86_64,linux,0
1,commit-5-correction-amd-9950x3d,run-1,1,base64-ng,encode,standard,padded,24,32,174762,12849230,311.301513,auto,avx512-vbmi,avx512-vbmi,x86_64,linux,0
1,commit-5-correction-amd-9950x3d,run-1,2,base64-ng,encode,standard,padded,24,32,174762,12910304,309.828858,auto,avx512-vbmi,avx512-vbmi,x86_64,linux,0
1,commit-5-correction-amd-9950x3d,run-1,3,base64-ng,encode,standard,padded,24,32,174762,12907810,309.888722,auto,avx512-vbmi,avx512-vbmi,x86_64,linux,0
1,commit-5-correction-amd-9950x3d,run-1,4,base64-ng,encode,standard,padded,24,32,174762,12896669,310.156424,auto,avx512-vbmi,avx512-vbmi,x86_64,linux,0
1,commit-5-correction-amd-9950x3d,run-1,0,base64-ng,decode,standard,padded,24,32,174762,42489709,94.140083,auto,avx512-vbmi,avx512-vbmi,x86_64,linux,0
1,commit-5-correction-amd-9950x3d,run-1,1,base64-ng,decode,standard,padded,24,32,174762,42778493,93.504573,auto,avx512-vbmi,avx512-vbmi,x86_64,linux,0
1,commit-5-correction-amd-9950x3d,run-1,2,base64-ng,decode,standard,padded,24,32,174762,42367770,94.411029,auto,avx512-vbmi,avx512-vbmi,x86_64,linux,0
1,commit-5-correction-amd-9950x3d,run-1,3,base64-ng,decode,standard,padded,24,32,174762,42678465,93.723726,auto,avx512-vbmi,avx512-vbmi,x86_64,linux,0
1,commit-5-correction-amd-9950x3d,run-1,4,base64-ng,decode,standard,padded,24,32,174762,42901054,93.237447,auto,avx512-vbmi,avx512-vbmi,x86_64,linux,0
1,commit-5-correction-amd-9950x3d,run-1,0,base64-ng,encode,standard,padded,24,32,174762,12712321,314.654164,scalar,avx512-vbmi,avx512-vbmi,x86_64,linux,0
1,commit-5-correction-amd-9950x3d,run-1,1,base64-ng,encode,standard,padded,24,32,174762,12797713,312.554653,scalar,avx512-vbmi,avx512-vbmi,x86_64,linux,0
1,commit-5-correction-amd-9950x3d,run-1,2,base64-ng,encode,standard,padded,24,32,174762,12715377,314.578541,scalar,avx512-vbmi,avx512-vbmi,x86_64,linux,0
1,commit-5-correction-amd-9950x3d,run-1,3,base64-ng,encode,standard,padded,24,32,174762,12765322,313.347735,scalar,avx512-vbmi,avx512-vbmi,x86_64,linux,0
1,commit-5-correction-amd-9950x3d,run-1,4,base64-ng,encode,standard,padded,24,32,174762,12800347,312.490336,scalar,avx512-vbmi,avx512-vbmi,x86_64,linux,0
1,commit-5-correction-amd-9950x3d,run-1,0,base64-ng,decode,standard,padded,24,32,174762,14050831,284.679585,scalar,avx512-vbmi,avx512-vbmi,x86_64,linux,0
1,commit-5-correction-amd-9950x3d,run-1,1,base64-ng,decode,standard,padded,24,32,174762,14001599,285.680567,scalar,avx512-vbmi,avx512-vbmi,x86_64,linux,0
1,commit-5-correction-amd-9950x3d,run-1,2,base64-ng,decode,standard,padded,24,32,174762,14025122,285.201422,scalar,avx512-vbmi,avx512-vbmi,x86_64,linux,0
1,commit-5-correction-amd-9950x3d,run-1,3,base64-ng,decode,standard,padded,24,32,174762,13882575,288.129885,scalar,avx512-vbmi,avx512-vbmi,x86_64,linux,0
1,commit-5-correction-amd-9950x3d,run-1,4,base64-ng,decode,standard,padded,24,32,174762,13863218,288.532197,scalar,avx512-vbmi,avx512-vbmi,x86_64,linux,0
1,commit-5-correction-amd-9950x3d,run-1,0,base64-ng,encode,standard,padded,24,32,174762,16973503,235.660532,ssse3-sse4.1,avx512-vbmi,avx512-vbmi,x86_64,linux,0
1,commit-5-correction-amd-9950x3d,run-1,1,base64-ng,encode,standard,padded,24,32,174762,16936513,236.175223,ssse3-sse4.1,avx512-vbmi,avx512-vbmi,x86_64,linux,0
1,commit-5-correction-amd-9950x3d,run-1,2,base64-ng,encode,standard,padded,24,32,174762,16904634,236.620606,ssse3-sse4.1,avx512-vbmi,avx512-vbmi,x86_64,linux,0
1,commit-5-correction-amd-9950x3d,run-1,3,base64-ng,encode,standard,padded,24,32,174762,16893173,236.781139,ssse3-sse4.1,avx512-vbmi,avx512-vbmi,x86_64,linux,0
1,commit-5-correction-amd-9950x3d,run-1,4,base64-ng,encode,standard,padded,24,32,174762,16802882,238.053492,ssse3-sse4.1,avx512-vbmi,avx512-vbmi,x86_64,linux,0
1,commit-5-correction-amd-9950x3d,run-1,0,base64-ng,decode,standard,padded,24,32,174762,58444956,68.440205,ssse3-sse4.1,avx512-vbmi,avx512-vbmi,x86_64,linux,0
1,commit-5-correction-amd-9950x3d,run-1,1,base64-ng,decode,standard,padded,24,32,174762,58919199,67.889327,ssse3-sse4.1,avx512-vbmi,avx512-vbmi,x86_64,linux,0
1,commit-5-correction-amd-9950x3d,run-1,2,base64-ng,decode,standard,padded,24,32,174762,58435027,68.451834,ssse3-sse4.1,avx512-vbmi,avx512-vbmi,x86_64,linux,0
1,commit-5-correction-amd-9950x3d,run-1,3,base64-ng,decode,standard,padded,24,32,174762,58515628,68.357546,ssse3-sse4.1,avx512-vbmi,avx512-vbmi,x86_64,linux,0
1,commit-5-correction-amd-9950x3d,run-1,4,base64-ng,decode,standard,padded,24,32,174762,58212858,68.713080,ssse3-sse4.1,avx512-vbmi,avx512-vbmi,x86_64,linux,0
1,commit-5-correction-amd-9950x3d,run-1,0,base64-ng,encode,standard,padded,24,32,174762,11011290,363.262137,avx2,avx512-vbmi,avx512-vbmi,x86_64,linux,0
1,commit-5-correction-amd-9950x3d,run-1,1,base64-ng,encode,standard,padded,24,32,174762,10575138,378.244212,avx2,avx512-vbmi,avx512-vbmi,x86_64,linux,0
1,commit-5-correction-amd-9950x3d,run-1,2,base64-ng,encode,standard,padded,24,32,174762,10640010,375.938062,avx2,avx512-vbmi,avx512-vbmi,x86_64,linux,0
1,commit-5-correction-amd-9950x3d,run-1,3,base64-ng,encode,standard,padded,24,32,174762,10399508,384.632113,avx2,avx512-vbmi,avx512-vbmi,x86_64,linux,0
1,commit-5-correction-amd-9950x3d,run-1,4,base64-ng,encode,standard,padded,24,32,174762,10425036,383.690257,avx2,avx512-vbmi,avx512-vbmi,x86_64,linux,0
1,commit-5-correction-amd-9950x3d,run-1,0,base64-ng,decode,standard,padded,24,32,174762,41402231,96.612783,avx2,avx512-vbmi,avx512-vbmi,x86_64,linux,0
1,commit-5-correction-amd-9950x3d,run-1,1,base64-ng,decode,standard,padded,24,32,174762,42486794,94.146542,avx2,avx512-vbmi,avx512-vbmi,x86_64,linux,0
1,commit-5-correction-amd-9950x3d,run-1,2,base64-ng,decode,standard,padded,24,32,174762,42634150,93.821144,avx2,avx512-vbmi,avx512-vbmi,x86_64,linux,0
1,commit-5-correction-amd-9950x3d,run-1,3,base64-ng,decode,standard,padded,24,32,174762,42346569,94.458296,avx2,avx512-vbmi,avx512-vbmi,x86_64,linux,0
1,commit-5-correction-amd-9950x3d,run-1,4,base64-ng,decode,standard,padded,24,32,174762,40981119,97.605552,avx2,avx512-vbmi,avx512-vbmi,x86_64,linux,0
1,commit-5-correction-amd-9950x3d,run-1,0,base64-ng,encode,standard,padded,24,32,174762,13036993,306.818048,avx512-vbmi,avx512-vbmi,avx512-vbmi,x86_64,linux,0
1,commit-5-correction-amd-9950x3d,run-1,1,base64-ng,encode,standard,padded,24,32,174762,13057511,306.335927,avx512-vbmi,avx512-vbmi,avx512-vbmi,x86_64,linux,0
1,commit-5-correction-amd-9950x3d,run-1,2,base64-ng,encode,standard,padded,24,32,174762,13055588,306.381049,avx512-vbmi,avx512-vbmi,avx512-vbmi,x86_64,linux,0
1,commit-5-correction-amd-9950x3d,run-1,3,base64-ng,encode,standard,padded,24,32,174762,13107886,305.158646,avx512-vbmi,avx512-vbmi,avx512-vbmi,x86_64,linux,0
1,commit-5-correction-amd-9950x3d,run-1,4,base64-ng,encode,standard,padded,24,32,174762,13179732,303.495150,avx512-vbmi,avx512-vbmi,avx512-vbmi,x86_64,linux,0
1,commit-5-correction-amd-9950x3d,run-1,0,base64-ng,decode,standard,padded,24,32,174762,41375923,96.674212,avx512-vbmi,avx512-vbmi,avx512-vbmi,x86_64,linux,0
1,commit-5-correction-amd-9950x3d,run-1,1,base64-ng,decode,standard,padded,24,32,174762,41386943,96.648471,avx512-vbmi,avx512-vbmi,avx512-vbmi,x86_64,linux,0
1,commit-5-correction-amd-9950x3d,run-1,2,base64-ng,decode,standard,padded,24,32,174762,41594314,96.166624,avx512-vbmi,avx512-vbmi,avx512-vbmi,x86_64,linux,0
1,commit-5-correction-amd-9950x3d,run-1,3,base64-ng,decode,standard,padded,24,32,174762,41496789,96.392633,avx512-vbmi,avx512-vbmi,avx512-vbmi,x86_64,linux,0
1,commit-5-correction-amd-9950x3d,run-1,4,base64-ng,decode,standard,padded,24,32,174762,41543648,96.283907,avx512-vbmi,avx512-vbmi,avx512-vbmi,x86_64,linux,0
1,commit-5-correction-amd-9950x3d,run-1,0,base64-0.23.0,encode,standard,padded,24,32,174762,2633528,1518.869266,external,avx512-vbmi,avx512-vbmi,x86_64,linux,0
1,commit-5-correction-amd-9950x3d,run-1,1,base64-0.23.0,encode,standard,padded,24,32,174762,2637725,1516.452527,external,avx512-vbmi,avx512-vbmi,x86_64,linux,0
1,commit-5-correction-amd-9950x3d,run-1,2,base64-0.23.0,encode,standard,padded,24,32,174762,2641573,1514.243499,external,avx512-vbmi,avx512-vbmi,x86_64,linux,0
1,commit-5-correction-amd-9950x3d,run-1,3,base64-0.23.0,encode,standard,padded,24,32,174762,2610945,1532.006512,external,avx512-vbmi,avx512-vbmi,x86_64,linux,0
1,commit-5-correction-amd-9950x3d,run-1,4,base64-0.23.0,encode,standard,padded,24,32,174762,2609793,1532.682761,external,avx512-vbmi,avx512-vbmi,x86_64,linux,0
1,commit-5-correction-amd-9950x3d,run-1,0,base64-0.23.0,decode,standard,padded,24,32,174762,3389741,1180.026657,external,avx512-vbmi,avx512-vbmi,x86_64,linux,0
1,commit-5-correction-amd-9950x3d,run-1,1,base64-0.23.0,decode,standard,padded,24,32,174762,3387758,1180.717377,external,avx512-vbmi,avx512-vbmi,x86_64,linux,0
1,commit-5-correction-amd-9950x3d,run-1,2,base64-0.23.0,decode,standard,padded,24,32,174762,3376947,1184.497341,external,avx512-vbmi,avx512-vbmi,x86_64,linux,0
1,commit-5-correction-amd-9950x3d,run-1,3,base64-0.23.0,decode,standard,padded,24,32,174762,3396584,1177.649292,external,avx512-vbmi,avx512-vbmi,x86_64,linux,0
1,commit-5-correction-amd-9950x3d,run-1,4,base64-0.23.0,decode,standard,padded,24,32,174762,3447430,1160.280192,external,avx512-vbmi,avx512-vbmi,x86_64,linux,0
1,commit-5-correction-amd-9950x3d,run-1,0,base64ct-1.8.3,encode,standard,padded,24,32,174762,2731502,1464.390193,external,avx512-vbmi,avx512-vbmi,x86_64,linux,0
1,commit-5-correction-amd-9950x3d,run-1,1,base64ct-1.8.3,encode,standard,padded,24,32,174762,2742934,1458.286908,external,avx512-vbmi,avx512-vbmi,x86_64,linux,0
1,commit-5-correction-amd-9950x3d,run-1,2,base64ct-1.8.3,encode,standard,padded,24,32,174762,2746149,1456.579647,external,avx512-vbmi,avx512-vbmi,x86_64,linux,0
1,commit-5-correction-amd-9950x3d,run-1,3,base64ct-1.8.3,encode,standard,padded,24,32,174762,2736982,1461.458183,external,avx512-vbmi,avx512-vbmi,x86_64,linux,0
1,commit-5-correction-amd-9950x3d,run-1,4,base64ct-1.8.3,encode,standard,padded,24,32,174762,2738836,1460.468878,external,avx512-vbmi,avx512-vbmi,x86_64,linux,0
1,commit-5-correction-amd-9950x3d,run-1,0,base64ct-1.8.3,decode,standard,padded,24,32,174762,7166171,558.176011,external,avx512-vbmi,avx512-vbmi,x86_64,linux,0
1,commit-5-correction-amd-9950x3d,run-1,1,base64ct-1.8.3,decode,standard,padded,24,32,174762,7181590,556.977597,external,avx512-vbmi,avx512-vbmi,x86_64,linux,0
1,commit-5-correction-amd-9950x3d,run-1,2,base64ct-1.8.3,decode,standard,padded,24,32,174762,7173715,557.589023,external,avx512-vbmi,avx512-vbmi,x86_64,linux,0
1,commit-5-correction-amd-9950x3d,run-1,3,base64ct-1.8.3,decode,standard,padded,24,32,174762,7167774,558.051180,external,avx512-vbmi,avx512-vbmi,x86_64,linux,0
1,commit-5-correction-amd-9950x3d,run-1,4,base64ct-1.8.3,decode,standard,padded,24,32,174762,7185878,556.645234,external,avx512-vbmi,avx512-vbmi,x86_64,linux,0
1,commit-5-correction-amd-9950x3d,run-1,0,base64-ng,encode,standard,padded,31,44,135300,12683698,315.365139,auto,avx512-vbmi,avx512-vbmi,x86_64,linux,0
1,commit-5-correction-amd-9950x3d,run-1,1,base64-ng,encode,standard,padded,31,44,135300,12624877,316.834468,auto,avx512-vbmi,avx512-vbmi,x86_64,linux,0
1,commit-5-correction-amd-9950x3d,run-1,2,base64-ng,encode,standard,padded,31,44,135300,12621301,316.924237,auto,avx512-vbmi,avx512-vbmi,x86_64,linux,0
1,commit-5-correction-amd-9950x3d,run-1,3,base64-ng,encode,standard,padded,31,44,135300,12510211,319.738507,auto,avx512-vbmi,avx512-vbmi,x86_64,linux,0
1,commit-5-correction-amd-9950x3d,run-1,4,base64-ng,encode,standard,padded,31,44,135300,12576235,318.059911,auto,avx512-vbmi,avx512-vbmi,x86_64,linux,0
1,commit-5-correction-amd-9950x3d,run-1,0,base64-ng,decode,standard,padded,31,44,135300,37878147,105.601686,auto,avx512-vbmi,avx512-vbmi,x86_64,linux,0
1,commit-5-correction-amd-9950x3d,run-1,1,base64-ng,decode,standard,padded,31,44,135300,39424489,101.459684,auto,avx512-vbmi,avx512-vbmi,x86_64,linux,0
1,commit-5-correction-amd-9950x3d,run-1,2,base64-ng,decode,standard,padded,31,44,135300,38006689,105.244532,auto,avx512-vbmi,avx512-vbmi,x86_64,linux,0
1,commit-5-correction-amd-9950x3d,run-1,3,base64-ng,decode,standard,padded,31,44,135300,38481914,103.944835,auto,avx512-vbmi,avx512-vbmi,x86_64,linux,0
1,commit-5-correction-amd-9950x3d,run-1,4,base64-ng,decode,standard,padded,31,44,135300,37433751,106.855340,auto,avx512-vbmi,avx512-vbmi,x86_64,linux,0
1,commit-5-correction-amd-9950x3d,run-1,0,base64-ng,encode,standard,padded,31,44,135300,12493139,320.175433,scalar,avx512-vbmi,avx512-vbmi,x86_64,linux,0
1,commit-5-correction-amd-9950x3d,run-1,1,base64-ng,encode,standard,padded,31,44,135300,12486697,320.340614,scalar,avx512-vbmi,avx512-vbmi,x86_64,linux,0
1,commit-5-correction-amd-9950x3d,run-1,2,base64-ng,encode,standard,padded,31,44,135300,12549125,318.747019,scalar,avx512-vbmi,avx512-vbmi,x86_64,linux,0
1,commit-5-correction-amd-9950x3d,run-1,3,base64-ng,encode,standard,padded,31,44,135300,12606162,317.304838,scalar,avx512-vbmi,avx512-vbmi,x86_64,linux,0
1,commit-5-correction-amd-9950x3d,run-1,4,base64-ng,encode,standard,padded,31,44,135300,12632211,316.650520,scalar,avx512-vbmi,avx512-vbmi,x86_64,linux,0
1,commit-5-correction-amd-9950x3d,run-1,0,base64-ng,decode,standard,padded,31,44,135300,14608552,273.811955,scalar,avx512-vbmi,avx512-vbmi,x86_64,linux,0
1,commit-5-correction-amd-9950x3d,run-1,1,base64-ng,decode,standard,padded,31,44,135300,14530856,275.276019,scalar,avx512-vbmi,avx512-vbmi,x86_64,linux,0
1,commit-5-correction-amd-9950x3d,run-1,2,base64-ng,decode,standard,padded,31,44,135300,14566472,274.602950,scalar,avx512-vbmi,avx512-vbmi,x86_64,linux,0
1,commit-5-correction-amd-9950x3d,run-1,3,base64-ng,decode,standard,padded,31,44,135300,14423533,277.324299,scalar,avx512-vbmi,avx512-vbmi,x86_64,linux,0
1,commit-5-correction-amd-9950x3d,run-1,4,base64-ng,decode,standard,padded,31,44,135300,14466244,276.505511,scalar,avx512-vbmi,avx512-vbmi,x86_64,linux,0
1,commit-5-correction-amd-9950x3d,run-1,0,base64-ng,encode,standard,padded,31,44,135300,15750602,253.958305,ssse3-sse4.1,avx512-vbmi,avx512-vbmi,x86_64,linux,0
1,commit-5-correction-amd-9950x3d,run-1,1,base64-ng,encode,standard,padded,31,44,135300,15788312,253.351732,ssse3-sse4.1,avx512-vbmi,avx512-vbmi,x86_64,linux,0
1,commit-5-correction-amd-9950x3d,run-1,2,base64-ng,encode,standard,padded,31,44,135300,15753096,253.918099,ssse3-sse4.1,avx512-vbmi,avx512-vbmi,x86_64,linux,0
1,commit-5-correction-amd-9950x3d,run-1,3,base64-ng,encode,standard,padded,31,44,135300,15608614,256.268506,ssse3-sse4.1,avx512-vbmi,avx512-vbmi,x86_64,linux,0
1,commit-5-correction-amd-9950x3d,run-1,4,base64-ng,encode,standard,padded,31,44,135300,15788172,253.353978,ssse3-sse4.1,avx512-vbmi,avx512-vbmi,x86_64,linux,0
1,commit-5-correction-amd-9950x3d,run-1,0,base64-ng,decode,standard,padded,31,44,135300,50552167,79.126107,ssse3-sse4.1,avx512-vbmi,avx512-vbmi,x86_64,linux,0
1,commit-5-correction-amd-9950x3d,run-1,1,base64-ng,decode,standard,padded,31,44,135300,50017351,79.972172,ssse3-sse4.1,avx512-vbmi,avx512-vbmi,x86_64,linux,0
1,commit-5-correction-amd-9950x3d,run-1,2,base64-ng,decode,standard,padded,31,44,135300,50295313,79.530198,ssse3-sse4.1,avx512-vbmi,avx512-vbmi,x86_64,linux,0
1,commit-5-correction-amd-9950x3d,run-1,3,base64-ng,decode,standard,padded,31,44,135300,50212057,79.662066,ssse3-sse4.1,avx512-vbmi,avx512-vbmi,x86_64,linux,0
1,commit-5-correction-amd-9950x3d,run-1,4,base64-ng,decode,standard,padded,31,44,135300,50210725,79.664179,ssse3-sse4.1,avx512-vbmi,avx512-vbmi,x86_64,linux,0
1,commit-5-correction-amd-9950x3d,run-1,0,base64-ng,encode,standard,padded,31,44,135300,10726574,372.905290,avx2,avx512-vbmi,avx512-vbmi,x86_64,linux,0
1,commit-5-correction-amd-9950x3d,run-1,1,base64-ng,encode,standard,padded,31,44,135300,10889460,367.327323,avx2,avx512-vbmi,avx512-vbmi,x86_64,linux,0
1,commit-5-correction-amd-9950x3d,run-1,2,base64-ng,encode,standard,padded,31,44,135300,10909377,366.656701,avx2,avx512-vbmi,avx512-vbmi,x86_64,linux,0
1,commit-5-correction-amd-9950x3d,run-1,3,base64-ng,encode,standard,padded,31,44,135300,10848703,368.707318,avx2,avx512-vbmi,avx512-vbmi,x86_64,linux,0
1,commit-5-correction-amd-9950x3d,run-1,4,base64-ng,encode,standard,padded,31,44,135300,10862159,368.250565,avx2,avx512-vbmi,avx512-vbmi,x86_64,linux,0
1,commit-5-correction-amd-9950x3d,run-1,0,base64-ng,decode,standard,padded,31,44,135300,36980899,108.163844,avx2,avx512-vbmi,avx512-vbmi,x86_64,linux,0
1,commit-5-correction-amd-9950x3d,run-1,1,base64-ng,decode,standard,padded,31,44,135300,37343000,107.115020,avx2,avx512-vbmi,avx512-vbmi,x86_64,linux,0
1,commit-5-correction-amd-9950x3d,run-1,2,base64-ng,decode,standard,padded,31,44,135300,37514333,106.625811,avx2,avx512-vbmi,avx512-vbmi,x86_64,linux,0
1,commit-5-correction-amd-9950x3d,run-1,3,base64-ng,decode,standard,padded,31,44,135300,37573334,106.458378,avx2,avx512-vbmi,avx512-vbmi,x86_64,linux,0
1,commit-5-correction-amd-9950x3d,run-1,4,base64-ng,decode,standard,padded,31,44,135300,37461313,106.776722,avx2,avx512-vbmi,avx512-vbmi,x86_64,linux,0
1,commit-5-correction-amd-9950x3d,run-1,0,base64-ng,encode,standard,padded,31,44,135300,12877462,310.619918,avx512-vbmi,avx512-vbmi,avx512-vbmi,x86_64,linux,0
1,commit-5-correction-amd-9950x3d,run-1,1,base64-ng,encode,standard,padded,31,44,135300,12967742,308.457416,avx512-vbmi,avx512-vbmi,avx512-vbmi,x86_64,linux,0
1,commit-5-correction-amd-9950x3d,run-1,2,base64-ng,encode,standard,padded,31,44,135300,12912588,309.774941,avx512-vbmi,avx512-vbmi,avx512-vbmi,x86_64,linux,0
1,commit-5-correction-amd-9950x3d,run-1,3,base64-ng,encode,standard,padded,31,44,135300,12796691,312.580509,avx512-vbmi,avx512-vbmi,avx512-vbmi,x86_64,linux,0
1,commit-5-correction-amd-9950x3d,run-1,4,base64-ng,encode,standard,padded,31,44,135300,13183128,303.417837,avx512-vbmi,avx512-vbmi,avx512-vbmi,x86_64,linux,0
1,commit-5-correction-amd-9950x3d,run-1,0,base64-ng,decode,standard,padded,31,44,135300,37950192,105.401211,avx512-vbmi,avx512-vbmi,avx512-vbmi,x86_64,linux,0
1,commit-5-correction-amd-9950x3d,run-1,1,base64-ng,decode,standard,padded,31,44,135300,37371692,107.032783,avx512-vbmi,avx512-vbmi,avx512-vbmi,x86_64,linux,0
1,commit-5-correction-amd-9950x3d,run-1,2,base64-ng,decode,standard,padded,31,44,135300,37294186,107.255222,avx512-vbmi,avx512-vbmi,avx512-vbmi,x86_64,linux,0
1,commit-5-correction-amd-9950x3d,run-1,3,base64-ng,decode,standard,padded,31,44,135300,37376000,107.020446,avx512-vbmi,avx512-vbmi,avx512-vbmi,x86_64,linux,0
1,commit-5-correction-amd-9950x3d,run-1,4,base64-ng,decode,standard,padded,31,44,135300,37529499,106.582723,avx512-vbmi,avx512-vbmi,avx512-vbmi,x86_64,linux,0
1,commit-5-correction-amd-9950x3d,run-1,0,base64-0.23.0,encode,standard,padded,31,44,135300,1899996,2105.265582,external,avx512-vbmi,avx512-vbmi,x86_64,linux,0
1,commit-5-correction-amd-9950x3d,run-1,1,base64-0.23.0,encode,standard,padded,31,44,135300,1885509,2121.441046,external,avx512-vbmi,avx512-vbmi,x86_64,linux,0
1,commit-5-correction-amd-9950x3d,run-1,2,base64-0.23.0,encode,standard,padded,31,44,135300,1876924,2131.144460,external,avx512-vbmi,avx512-vbmi,x86_64,linux,0
1,commit-5-correction-amd-9950x3d,run-1,3,base64-0.23.0,encode,standard,padded,31,44,135300,1881913,2125.494741,external,avx512-vbmi,avx512-vbmi,x86_64,linux,0
1,commit-5-correction-amd-9950x3d,run-1,4,base64-0.23.0,encode,standard,padded,31,44,135300,1878817,2128.997228,external,avx512-vbmi,avx512-vbmi,x86_64,linux,0
1,commit-5-correction-amd-9950x3d,run-1,0,base64-0.23.0,decode,standard,padded,31,44,135300,2924605,1367.704762,external,avx512-vbmi,avx512-vbmi,x86_64,linux,0
1,commit-5-correction-amd-9950x3d,run-1,1,base64-0.23.0,decode,standard,padded,31,44,135300,2910359,1374.399579,external,avx512-vbmi,avx512-vbmi,x86_64,linux,0
1,commit-5-correction-amd-9950x3d,run-1,2,base64-0.23.0,decode,standard,padded,31,44,135300,2918484,1370.573279,external,avx512-vbmi,avx512-vbmi,x86_64,linux,0
1,commit-5-correction-amd-9950x3d,run-1,3,base64-0.23.0,decode,standard,padded,31,44,135300,2916421,1371.542787,external,avx512-vbmi,avx512-vbmi,x86_64,linux,0
1,commit-5-correction-amd-9950x3d,run-1,4,base64-0.23.0,decode,standard,padded,31,44,135300,2916230,1371.632617,external,avx512-vbmi,avx512-vbmi,x86_64,linux,0
1,commit-5-correction-amd-9950x3d,run-1,0,base64ct-1.8.3,encode,standard,padded,31,44,135300,3021438,1323.871675,external,avx512-vbmi,avx512-vbmi,x86_64,linux,0
1,commit-5-correction-amd-9950x3d,run-1,1,base64ct-1.8.3,encode,standard,padded,31,44,135300,3021828,1323.700815,external,avx512-vbmi,avx512-vbmi,x86_64,linux,0
1,commit-5-correction-amd-9950x3d,run-1,2,base64ct-1.8.3,encode,standard,padded,31,44,135300,3013422,1327.393304,external,avx512-vbmi,avx512-vbmi,x86_64,linux,0
1,commit-5-correction-amd-9950x3d,run-1,3,base64ct-1.8.3,encode,standard,padded,31,44,135300,3031727,1319.378752,external,avx512-vbmi,avx512-vbmi,x86_64,linux,0
1,commit-5-correction-amd-9950x3d,run-1,4,base64ct-1.8.3,encode,standard,padded,31,44,135300,3033030,1318.811942,external,avx512-vbmi,avx512-vbmi,x86_64,linux,0
1,commit-5-correction-amd-9950x3d,run-1,0,base64ct-1.8.3,decode,standard,padded,31,44,135300,8084639,494.764972,external,avx512-vbmi,avx512-vbmi,x86_64,linux,0
1,commit-5-correction-amd-9950x3d,run-1,1,base64ct-1.8.3,decode,standard,padded,31,44,135300,8062437,496.127435,external,avx512-vbmi,avx512-vbmi,x86_64,linux,0
1,commit-5-correction-amd-9950x3d,run-1,2,base64ct-1.8.3,decode,standard,padded,31,44,135300,8074660,495.376423,external,avx512-vbmi,avx512-vbmi,x86_64,linux,0
1,commit-5-correction-amd-9950x3d,run-1,3,base64ct-1.8.3,decode,standard,padded,31,44,135300,8045085,497.197504,external,avx512-vbmi,avx512-vbmi,x86_64,linux,0
1,commit-5-correction-amd-9950x3d,run-1,4,base64ct-1.8.3,decode,standard,padded,31,44,135300,8078357,495.149717,external,avx512-vbmi,avx512-vbmi,x86_64,linux,0
1,commit-5-correction-amd-9950x3d,run-1,0,base64-ng,encode,standard,padded,32,44,131072,12597836,317.514849,auto,avx512-vbmi,avx512-vbmi,x86_64,linux,0
1,commit-5-correction-amd-9950x3d,run-1,1,base64-ng,encode,standard,padded,32,44,131072,12528826,319.263752,auto,avx512-vbmi,avx512-vbmi,x86_64,linux,0
1,commit-5-correction-amd-9950x3d,run-1,2,base64-ng,encode,standard,padded,32,44,131072,12572688,318.149945,auto,avx512-vbmi,avx512-vbmi,x86_64,linux,0
1,commit-5-correction-amd-9950x3d,run-1,3,base64-ng,encode,standard,padded,32,44,131072,12554043,318.622455,auto,avx512-vbmi,avx512-vbmi,x86_64,linux,0
1,commit-5-correction-amd-9950x3d,run-1,4,base64-ng,encode,standard,padded,32,44,131072,12600460,317.448728,auto,avx512-vbmi,avx512-vbmi,x86_64,linux,0
1,commit-5-correction-amd-9950x3d,run-1,0,base64-ng,decode,standard,padded,32,44,131072,36855711,108.531348,auto,avx512-vbmi,avx512-vbmi,x86_64,linux,0
1,commit-5-correction-amd-9950x3d,run-1,1,base64-ng,decode,standard,padded,32,44,131072,36982680,108.158738,auto,avx512-vbmi,avx512-vbmi,x86_64,linux,0
1,commit-5-correction-amd-9950x3d,run-1,2,base64-ng,decode,standard,padded,32,44,131072,37176915,107.593651,auto,avx512-vbmi,avx512-vbmi,x86_64,linux,0
1,commit-5-correction-amd-9950x3d,run-1,3,base64-ng,decode,standard,padded,32,44,131072,37338179,107.128952,auto,avx512-vbmi,avx512-vbmi,x86_64,linux,0
1,commit-5-correction-amd-9950x3d,run-1,4,base64-ng,decode,standard,padded,32,44,131072,37286181,107.278351,auto,avx512-vbmi,avx512-vbmi,x86_64,linux,0
1,commit-5-correction-amd-9950x3d,run-1,0,base64-ng,encode,standard,padded,32,44,131072,12566266,318.312536,scalar,avx512-vbmi,avx512-vbmi,x86_64,linux,0
1,commit-5-correction-amd-9950x3d,run-1,1,base64-ng,encode,standard,padded,32,44,131072,12569652,318.226789,scalar,avx512-vbmi,avx512-vbmi,x86_64,linux,0
1,commit-5-correction-amd-9950x3d,run-1,2,base64-ng,encode,standard,padded,32,44,131072,12512715,319.674827,scalar,avx512-vbmi,avx512-vbmi,x86_64,linux,0
1,commit-5-correction-amd-9950x3d,run-1,3,base64-ng,encode,standard,padded,32,44,131072,12606221,317.303655,scalar,avx512-vbmi,avx512-vbmi,x86_64,linux,0
1,commit-5-correction-amd-9950x3d,run-1,4,base64-ng,encode,standard,padded,32,44,131072,12469684,320.777976,scalar,avx512-vbmi,avx512-vbmi,x86_64,linux,0
1,commit-5-correction-amd-9950x3d,run-1,0,base64-ng,decode,standard,padded,32,44,131072,14318625,279.356433,scalar,avx512-vbmi,avx512-vbmi,x86_64,linux,0
1,commit-5-correction-amd-9950x3d,run-1,1,base64-ng,decode,standard,padded,32,44,131072,14315379,279.419776,scalar,avx512-vbmi,avx512-vbmi,x86_64,linux,0
1,commit-5-correction-amd-9950x3d,run-1,2,base64-ng,decode,standard,padded,32,44,131072,14635721,273.303925,scalar,avx512-vbmi,avx512-vbmi,x86_64,linux,0
1,commit-5-correction-amd-9950x3d,run-1,3,base64-ng,decode,standard,padded,32,44,131072,14619411,273.608834,scalar,avx512-vbmi,avx512-vbmi,x86_64,linux,0
1,commit-5-correction-amd-9950x3d,run-1,4,base64-ng,decode,standard,padded,32,44,131072,14637285,273.274723,scalar,avx512-vbmi,avx512-vbmi,x86_64,linux,0
1,commit-5-correction-amd-9950x3d,run-1,0,base64-ng,encode,standard,padded,32,44,131072,15757143,253.853126,ssse3-sse4.1,avx512-vbmi,avx512-vbmi,x86_64,linux,0
1,commit-5-correction-amd-9950x3d,run-1,1,base64-ng,encode,standard,padded,32,44,131072,15382217,260.040539,ssse3-sse4.1,avx512-vbmi,avx512-vbmi,x86_64,linux,0
1,commit-5-correction-amd-9950x3d,run-1,2,base64-ng,encode,standard,padded,32,44,131072,15502874,258.016675,ssse3-sse4.1,avx512-vbmi,avx512-vbmi,x86_64,linux,0
1,commit-5-correction-amd-9950x3d,run-1,3,base64-ng,encode,standard,padded,32,44,131072,15457399,258.775749,ssse3-sse4.1,avx512-vbmi,avx512-vbmi,x86_64,linux,0
1,commit-5-correction-amd-9950x3d,run-1,4,base64-ng,encode,standard,padded,32,44,131072,15647095,255.638507,ssse3-sse4.1,avx512-vbmi,avx512-vbmi,x86_64,linux,0
1,commit-5-correction-amd-9950x3d,run-1,0,base64-ng,decode,standard,padded,32,44,131072,48879626,81.833687,ssse3-sse4.1,avx512-vbmi,avx512-vbmi,x86_64,linux,0
1,commit-5-correction-amd-9950x3d,run-1,1,base64-ng,decode,standard,padded,32,44,131072,49216630,81.273342,ssse3-sse4.1,avx512-vbmi,avx512-vbmi,x86_64,linux,0
1,commit-5-correction-amd-9950x3d,run-1,2,base64-ng,decode,standard,padded,32,44,131072,49630990,80.594806,ssse3-sse4.1,avx512-vbmi,avx512-vbmi,x86_64,linux,0
1,commit-5-correction-amd-9950x3d,run-1,3,base64-ng,decode,standard,padded,32,44,131072,49182296,81.330079,ssse3-sse4.1,avx512-vbmi,avx512-vbmi,x86_64,linux,0
1,commit-5-correction-amd-9950x3d,run-1,4,base64-ng,decode,standard,padded,32,44,131072,50105183,79.832060,ssse3-sse4.1,avx512-vbmi,avx512-vbmi,x86_64,linux,0
1,commit-5-correction-amd-9950x3d,run-1,0,base64-ng,encode,standard,padded,32,44,131072,11131445,359.342385,avx2,avx512-vbmi,avx512-vbmi,x86_64,linux,0
1,commit-5-correction-amd-9950x3d,run-1,1,base64-ng,encode,standard,padded,32,44,131072,10694412,374.027109,avx2,avx512-vbmi,avx512-vbmi,x86_64,linux,0
1,commit-5-correction-amd-9950x3d,run-1,2,base64-ng,encode,standard,padded,32,44,131072,10657983,375.305534,avx2,avx512-vbmi,avx512-vbmi,x86_64,linux,0
1,commit-5-correction-amd-9950x3d,run-1,3,base64-ng,encode,standard,padded,32,44,131072,10648887,375.626110,avx2,avx512-vbmi,avx512-vbmi,x86_64,linux,0
1,commit-5-correction-amd-9950x3d,run-1,4,base64-ng,encode,standard,padded,32,44,131072,10690114,374.177488,avx2,avx512-vbmi,avx512-vbmi,x86_64,linux,0
1,commit-5-correction-amd-9950x3d,run-1,0,base64-ng,decode,standard,padded,32,44,131072,36434549,109.785907,avx2,avx512-vbmi,avx512-vbmi,x86_64,linux,0
1,commit-5-correction-amd-9950x3d,run-1,1,base64-ng,decode,standard,padded,32,44,131072,36445969,109.751506,avx2,avx512-vbmi,avx512-vbmi,x86_64,linux,0
1,commit-5-correction-amd-9950x3d,run-1,2,base64-ng,decode,standard,padded,32,44,131072,36496715,109.598905,avx2,avx512-vbmi,avx512-vbmi,x86_64,linux,0
1,commit-5-correction-amd-9950x3d,run-1,3,base64-ng,decode,standard,padded,32,44,131072,36422847,109.821179,avx2,avx512-vbmi,avx512-vbmi,x86_64,linux,0
1,commit-5-correction-amd-9950x3d,run-1,4,base64-ng,decode,standard,padded,32,44,131072,36536490,109.479591,avx2,avx512-vbmi,avx512-vbmi,x86_64,linux,0
1,commit-5-correction-amd-9950x3d,run-1,0,base64-ng,encode,standard,padded,32,44,131072,12771953,313.186245,avx512-vbmi,avx512-vbmi,avx512-vbmi,x86_64,linux,0
1,commit-5-correction-amd-9950x3d,run-1,1,base64-ng,encode,standard,padded,32,44,131072,12761122,313.452062,avx512-vbmi,avx512-vbmi,avx512-vbmi,x86_64,linux,0
1,commit-5-correction-amd-9950x3d,run-1,2,base64-ng,encode,standard,padded,32,44,131072,12782263,312.933633,avx512-vbmi,avx512-vbmi,avx512-vbmi,x86_64,linux,0
1,commit-5-correction-amd-9950x3d,run-1,3,base64-ng,encode,standard,padded,32,44,131072,12693555,315.120547,avx512-vbmi,avx512-vbmi,avx512-vbmi,x86_64,linux,0
1,commit-5-correction-amd-9950x3d,run-1,4,base64-ng,encode,standard,padded,32,44,131072,12658931,315.982447,avx512-vbmi,avx512-vbmi,avx512-vbmi,x86_64,linux,0
1,commit-5-correction-amd-9950x3d,run-1,0,base64-ng,decode,standard,padded,32,44,131072,36576365,109.360239,avx512-vbmi,avx512-vbmi,avx512-vbmi,x86_64,linux,0
1,commit-5-correction-amd-9950x3d,run-1,1,base64-ng,decode,standard,padded,32,44,131072,36896879,108.410253,avx512-vbmi,avx512-vbmi,avx512-vbmi,x86_64,linux,0
1,commit-5-correction-amd-9950x3d,run-1,2,base64-ng,decode,standard,padded,32,44,131072,36565604,109.392422,avx512-vbmi,avx512-vbmi,avx512-vbmi,x86_64,linux,0
1,commit-5-correction-amd-9950x3d,run-1,3,base64-ng,decode,standard,padded,32,44,131072,36533866,109.487455,avx512-vbmi,avx512-vbmi,avx512-vbmi,x86_64,linux,0
1,commit-5-correction-amd-9950x3d,run-1,4,base64-ng,decode,standard,padded,32,44,131072,36720656,108.930516,avx512-vbmi,avx512-vbmi,avx512-vbmi,x86_64,linux,0
1,commit-5-correction-amd-9950x3d,run-1,0,base64-0.23.0,encode,standard,padded,32,44,131072,1897331,2108.224659,external,avx512-vbmi,avx512-vbmi,x86_64,linux,0
1,commit-5-correction-amd-9950x3d,run-1,1,base64-0.23.0,encode,standard,padded,32,44,131072,1893164,2112.865024,external,avx512-vbmi,avx512-vbmi,x86_64,linux,0
1,commit-5-correction-amd-9950x3d,run-1,2,base64-0.23.0,encode,standard,padded,32,44,131072,1885760,2121.160699,external,avx512-vbmi,avx512-vbmi,x86_64,linux,0
1,commit-5-correction-amd-9950x3d,run-1,3,base64-0.23.0,encode,standard,padded,32,44,131072,1872425,2136.267140,external,avx512-vbmi,avx512-vbmi,x86_64,linux,0
1,commit-5-correction-amd-9950x3d,run-1,4,base64-0.23.0,encode,standard,padded,32,44,131072,1896350,2109.315264,external,avx512-vbmi,avx512-vbmi,x86_64,linux,0
1,commit-5-correction-amd-9950x3d,run-1,0,base64-0.23.0,decode,standard,padded,32,44,131072,2878980,1389.380961,external,avx512-vbmi,avx512-vbmi,x86_64,linux,0
1,commit-5-correction-amd-9950x3d,run-1,1,base64-0.23.0,decode,standard,padded,32,44,131072,2877557,1390.068033,external,avx512-vbmi,avx512-vbmi,x86_64,linux,0
1,commit-5-correction-amd-9950x3d,run-1,2,base64-0.23.0,decode,standard,padded,32,44,131072,2953069,1354.523040,external,avx512-vbmi,avx512-vbmi,x86_64,linux,0
1,commit-5-correction-amd-9950x3d,run-1,3,base64-0.23.0,decode,standard,padded,32,44,131072,2890741,1383.728255,external,avx512-vbmi,avx512-vbmi,x86_64,linux,0
1,commit-5-correction-amd-9950x3d,run-1,4,base64-0.23.0,decode,standard,padded,32,44,131072,2828534,1414.160127,external,avx512-vbmi,avx512-vbmi,x86_64,linux,0
1,commit-5-correction-amd-9950x3d,run-1,0,base64ct-1.8.3,encode,standard,padded,32,44,131072,2977105,1343.587143,external,avx512-vbmi,avx512-vbmi,x86_64,linux,0
1,commit-5-correction-amd-9950x3d,run-1,1,base64ct-1.8.3,encode,standard,padded,32,44,131072,2983597,1340.663635,external,avx512-vbmi,avx512-vbmi,x86_64,linux,0
1,commit-5-correction-amd-9950x3d,run-1,2,base64ct-1.8.3,encode,standard,padded,32,44,131072,2961074,1350.861208,external,avx512-vbmi,avx512-vbmi,x86_64,linux,0
1,commit-5-correction-amd-9950x3d,run-1,3,base64ct-1.8.3,encode,standard,padded,32,44,131072,2981373,1341.663723,external,avx512-vbmi,avx512-vbmi,x86_64,linux,0
1,commit-5-correction-amd-9950x3d,run-1,4,base64ct-1.8.3,encode,standard,padded,32,44,131072,2959561,1351.551801,external,avx512-vbmi,avx512-vbmi,x86_64,linux,0
1,commit-5-correction-amd-9950x3d,run-1,0,base64ct-1.8.3,decode,standard,padded,32,44,131072,8078287,495.154480,external,avx512-vbmi,avx512-vbmi,x86_64,linux,0
1,commit-5-correction-amd-9950x3d,run-1,1,base64ct-1.8.3,decode,standard,padded,32,44,131072,8117732,492.748467,external,avx512-vbmi,avx512-vbmi,x86_64,linux,0
1,commit-5-correction-amd-9950x3d,run-1,2,base64ct-1.8.3,decode,standard,padded,32,44,131072,8120207,492.598280,external,avx512-vbmi,avx512-vbmi,x86_64,linux,0
1,commit-5-correction-amd-9950x3d,run-1,3,base64ct-1.8.3,decode,standard,padded,32,44,131072,8108644,493.300729,external,avx512-vbmi,avx512-vbmi,x86_64,linux,0
1,commit-5-correction-amd-9950x3d,run-1,4,base64ct-1.8.3,decode,standard,padded,32,44,131072,8100951,493.769188,external,avx512-vbmi,avx512-vbmi,x86_64,linux,0
1,commit-5-correction-amd-9950x3d,run-1,0,base64-ng,encode,standard,padded,47,64,89240,12321655,324.629858,auto,avx512-vbmi,avx512-vbmi,x86_64,linux,0
1,commit-5-correction-amd-9950x3d,run-1,1,base64-ng,encode,standard,padded,47,64,89240,12270349,325.987232,auto,avx512-vbmi,avx512-vbmi,x86_64,linux,0
1,commit-5-correction-amd-9950x3d,run-1,2,base64-ng,encode,standard,padded,47,64,89240,12362874,323.547511,auto,avx512-vbmi,avx512-vbmi,x86_64,linux,0
1,commit-5-correction-amd-9950x3d,run-1,3,base64-ng,encode,standard,padded,47,64,89240,12273906,325.892761,auto,avx512-vbmi,avx512-vbmi,x86_64,linux,0
1,commit-5-correction-amd-9950x3d,run-1,4,base64-ng,encode,standard,padded,47,64,89240,12296518,325.293478,auto,avx512-vbmi,avx512-vbmi,x86_64,linux,0
1,commit-5-correction-amd-9950x3d,run-1,0,base64-ng,decode,standard,padded,47,64,89240,32486125,123.128785,auto,avx512-vbmi,avx512-vbmi,x86_64,linux,0
1,commit-5-correction-amd-9950x3d,run-1,1,base64-ng,decode,standard,padded,47,64,89240,32435009,123.322830,auto,avx512-vbmi,avx512-vbmi,x86_64,linux,0
1,commit-5-correction-amd-9950x3d,run-1,2,base64-ng,decode,standard,padded,47,64,89240,32169980,124.338813,auto,avx512-vbmi,avx512-vbmi,x86_64,linux,0
1,commit-5-correction-amd-9950x3d,run-1,3,base64-ng,decode,standard,padded,47,64,89240,32320113,123.761235,auto,avx512-vbmi,avx512-vbmi,x86_64,linux,0
1,commit-5-correction-amd-9950x3d,run-1,4,base64-ng,decode,standard,padded,47,64,89240,32304854,123.819693,auto,avx512-vbmi,avx512-vbmi,x86_64,linux,0
1,commit-5-correction-amd-9950x3d,run-1,0,base64-ng,encode,standard,padded,47,64,89240,12288143,325.515183,scalar,avx512-vbmi,avx512-vbmi,x86_64,linux,0
1,commit-5-correction-amd-9950x3d,run-1,1,base64-ng,encode,standard,padded,47,64,89240,12258627,326.298949,scalar,avx512-vbmi,avx512-vbmi,x86_64,linux,0
1,commit-5-correction-amd-9950x3d,run-1,2,base64-ng,encode,standard,padded,47,64,89240,12267925,326.051644,scalar,avx512-vbmi,avx512-vbmi,x86_64,linux,0
1,commit-5-correction-amd-9950x3d,run-1,3,base64-ng,encode,standard,padded,47,64,89240,12402007,322.526597,scalar,avx512-vbmi,avx512-vbmi,x86_64,linux,0
1,commit-5-correction-amd-9950x3d,run-1,4,base64-ng,encode,standard,padded,47,64,89240,12291128,325.436129,scalar,avx512-vbmi,avx512-vbmi,x86_64,linux,0
1,commit-5-correction-amd-9950x3d,run-1,0,base64-ng,decode,standard,padded,47,64,89240,14216903,281.353619,scalar,avx512-vbmi,avx512-vbmi,x86_64,linux,0
1,commit-5-correction-amd-9950x3d,run-1,1,base64-ng,decode,standard,padded,47,64,89240,14219358,281.305043,scalar,avx512-vbmi,avx512-vbmi,x86_64,linux,0
1,commit-5-correction-amd-9950x3d,run-1,2,base64-ng,decode,standard,padded,47,64,89240,14142453,282.834747,scalar,avx512-vbmi,avx512-vbmi,x86_64,linux,0
1,commit-5-correction-amd-9950x3d,run-1,3,base64-ng,decode,standard,padded,47,64,89240,14158263,282.518916,scalar,avx512-vbmi,avx512-vbmi,x86_64,linux,0
1,commit-5-correction-amd-9950x3d,run-1,4,base64-ng,decode,standard,padded,47,64,89240,14141913,282.845547,scalar,avx512-vbmi,avx512-vbmi,x86_64,linux,0
1,commit-5-correction-amd-9950x3d,run-1,0,base64-ng,encode,standard,padded,47,64,89240,15117929,264.584991,ssse3-sse4.1,avx512-vbmi,avx512-vbmi,x86_64,linux,0
1,commit-5-correction-amd-9950x3d,run-1,1,base64-ng,encode,standard,padded,47,64,89240,15298129,261.468387,ssse3-sse4.1,avx512-vbmi,avx512-vbmi,x86_64,linux,0
1,commit-5-correction-amd-9950x3d,run-1,2,base64-ng,encode,standard,padded,47,64,89240,17473163,228.921181,ssse3-sse4.1,avx512-vbmi,avx512-vbmi,x86_64,linux,0
1,commit-5-correction-amd-9950x3d,run-1,3,base64-ng,encode,standard,padded,47,64,89240,17196893,232.598825,ssse3-sse4.1,avx512-vbmi,avx512-vbmi,x86_64,linux,0
1,commit-5-correction-amd-9950x3d,run-1,4,base64-ng,encode,standard,padded,47,64,89240,14989779,266.846970,ssse3-sse4.1,avx512-vbmi,avx512-vbmi,x86_64,linux,0
1,commit-5-correction-amd-9950x3d,run-1,0,base64-ng,decode,standard,padded,47,64,89240,58270885,68.644523,ssse3-sse4.1,avx512-vbmi,avx512-vbmi,x86_64,linux,0
1,commit-5-correction-amd-9950x3d,run-1,1,base64-ng,decode,standard,padded,47,64,89240,57922339,69.057590,ssse3-sse4.1,avx512-vbmi,avx512-vbmi,x86_64,linux,0
1,commit-5-correction-amd-9950x3d,run-1,2,base64-ng,decode,standard,padded,47,64,89240,57984316,68.983777,ssse3-sse4.1,avx512-vbmi,avx512-vbmi,x86_64,linux,0
1,commit-5-correction-amd-9950x3d,run-1,3,base64-ng,decode,standard,padded,47,64,89240,58825629,67.997184,ssse3-sse4.1,avx512-vbmi,avx512-vbmi,x86_64,linux,0
1,commit-5-correction-amd-9950x3d,run-1,4,base64-ng,decode,standard,padded,47,64,89240,58913054,67.896278,ssse3-sse4.1,avx512-vbmi,avx512-vbmi,x86_64,linux,0
1,commit-5-correction-amd-9950x3d,run-1,0,base64-ng,encode,standard,padded,47,64,89240,11372990,351.708488,avx2,avx512-vbmi,avx512-vbmi,x86_64,linux,0
1,commit-5-correction-amd-9950x3d,run-1,1,base64-ng,encode,standard,padded,47,64,89240,11855608,337.391141,avx2,avx512-vbmi,avx512-vbmi,x86_64,linux,0
1,commit-5-correction-amd-9950x3d,run-1,2,base64-ng,encode,standard,padded,47,64,89240,11282770,354.520841,avx2,avx512-vbmi,avx512-vbmi,x86_64,linux,0
1,commit-5-correction-amd-9950x3d,run-1,3,base64-ng,encode,standard,padded,47,64,89240,11138949,359.098252,avx2,avx512-vbmi,avx512-vbmi,x86_64,linux,0
1,commit-5-correction-amd-9950x3d,run-1,4,base64-ng,encode,standard,padded,47,64,89240,11309700,353.676677,avx2,avx512-vbmi,avx512-vbmi,x86_64,linux,0
1,commit-5-correction-amd-9950x3d,run-1,0,base64-ng,decode,standard,padded,47,64,89240,40972942,97.624845,avx2,avx512-vbmi,avx512-vbmi,x86_64,linux,0
1,commit-5-correction-amd-9950x3d,run-1,1,base64-ng,decode,standard,padded,47,64,89240,41110500,97.298187,avx2,avx512-vbmi,avx512-vbmi,x86_64,linux,0
1,commit-5-correction-amd-9950x3d,run-1,2,base64-ng,decode,standard,padded,47,64,89240,41352516,96.728748,avx2,avx512-vbmi,avx512-vbmi,x86_64,linux,0
1,commit-5-correction-amd-9950x3d,run-1,3,base64-ng,decode,standard,padded,47,64,89240,40567007,98.601731,avx2,avx512-vbmi,avx512-vbmi,x86_64,linux,0
1,commit-5-correction-amd-9950x3d,run-1,4,base64-ng,decode,standard,padded,47,64,89240,41614329,96.120188,avx2,avx512-vbmi,avx512-vbmi,x86_64,linux,0
1,commit-5-correction-amd-9950x3d,run-1,0,base64-ng,encode,standard,padded,47,64,89240,12420401,322.048951,avx512-vbmi,avx512-vbmi,avx512-vbmi,x86_64,linux,0
1,commit-5-correction-amd-9950x3d,run-1,1,base64-ng,encode,standard,padded,47,64,89240,12402969,322.501581,avx512-vbmi,avx512-vbmi,avx512-vbmi,x86_64,linux,0
1,commit-5-correction-amd-9950x3d,run-1,2,base64-ng,encode,standard,padded,47,64,89240,12406526,322.409119,avx512-vbmi,avx512-vbmi,avx512-vbmi,x86_64,linux,0
1,commit-5-correction-amd-9950x3d,run-1,3,base64-ng,encode,standard,padded,47,64,89240,12785619,312.849703,avx512-vbmi,avx512-vbmi,avx512-vbmi,x86_64,linux,0
1,commit-5-correction-amd-9950x3d,run-1,4,base64-ng,encode,standard,padded,47,64,89240,12571095,318.188440,avx512-vbmi,avx512-vbmi,avx512-vbmi,x86_64,linux,0
1,commit-5-correction-amd-9950x3d,run-1,0,base64-ng,decode,standard,padded,47,64,89240,32789436,121.989811,avx512-vbmi,avx512-vbmi,avx512-vbmi,x86_64,linux,0
1,commit-5-correction-amd-9950x3d,run-1,1,base64-ng,decode,standard,padded,47,64,89240,33186744,120.529363,avx512-vbmi,avx512-vbmi,avx512-vbmi,x86_64,linux,0
1,commit-5-correction-amd-9950x3d,run-1,2,base64-ng,decode,standard,padded,47,64,89240,32875539,121.670313,avx512-vbmi,avx512-vbmi,avx512-vbmi,x86_64,linux,0
1,commit-5-correction-amd-9950x3d,run-1,3,base64-ng,decode,standard,padded,47,64,89240,32883744,121.639954,avx512-vbmi,avx512-vbmi,avx512-vbmi,x86_64,linux,0
1,commit-5-correction-amd-9950x3d,run-1,4,base64-ng,decode,standard,padded,47,64,89240,32712682,122.276037,avx512-vbmi,avx512-vbmi,avx512-vbmi,x86_64,linux,0
1,commit-5-correction-amd-9950x3d,run-1,0,base64-0.23.0,encode,standard,padded,47,64,89240,1786222,2239.350490,external,avx512-vbmi,avx512-vbmi,x86_64,linux,0
1,commit-5-correction-amd-9950x3d,run-1,1,base64-0.23.0,encode,standard,padded,47,64,89240,1801461,2220.407276,external,avx512-vbmi,avx512-vbmi,x86_64,linux,0
1,commit-5-correction-amd-9950x3d,run-1,2,base64-0.23.0,encode,standard,padded,47,64,89240,1789258,2235.550777,external,avx512-vbmi,avx512-vbmi,x86_64,linux,0
1,commit-5-correction-amd-9950x3d,run-1,3,base64-0.23.0,encode,standard,padded,47,64,89240,1781604,2245.154991,external,avx512-vbmi,avx512-vbmi,x86_64,linux,0
1,commit-5-correction-amd-9950x3d,run-1,4,base64-0.23.0,encode,standard,padded,47,64,89240,1783948,2242.204992,external,avx512-vbmi,avx512-vbmi,x86_64,linux,0
1,commit-5-correction-amd-9950x3d,run-1,0,base64-0.23.0,decode,standard,padded,47,64,89240,2365633,1690.869679,external,avx512-vbmi,avx512-vbmi,x86_64,linux,0
1,commit-5-correction-amd-9950x3d,run-1,1,base64-0.23.0,decode,standard,padded,47,64,89240,2355324,1698.270434,external,avx512-vbmi,avx512-vbmi,x86_64,linux,0
1,commit-5-correction-amd-9950x3d,run-1,2,base64-0.23.0,decode,standard,padded,47,64,89240,2359752,1695.083683,external,avx512-vbmi,avx512-vbmi,x86_64,linux,0
1,commit-5-correction-amd-9950x3d,run-1,3,base64-0.23.0,decode,standard,padded,47,64,89240,2413474,1657.352477,external,avx512-vbmi,avx512-vbmi,x86_64,linux,0
1,commit-5-correction-amd-9950x3d,run-1,4,base64-0.23.0,decode,standard,padded,47,64,89240,2636934,1516.904523,external,avx512-vbmi,avx512-vbmi,x86_64,linux,0
1,commit-5-correction-amd-9950x3d,run-1,0,base64ct-1.8.3,encode,standard,padded,47,64,89240,2785915,1435.785769,external,avx512-vbmi,avx512-vbmi,x86_64,linux,0
1,commit-5-correction-amd-9950x3d,run-1,1,base64ct-1.8.3,encode,standard,padded,47,64,89240,3012391,1327.841277,external,avx512-vbmi,avx512-vbmi,x86_64,linux,0
1,commit-5-correction-amd-9950x3d,run-1,2,base64ct-1.8.3,encode,standard,padded,47,64,89240,2826050,1415.395026,external,avx512-vbmi,avx512-vbmi,x86_64,linux,0
1,commit-5-correction-amd-9950x3d,run-1,3,base64ct-1.8.3,encode,standard,padded,47,64,89240,2775645,1441.098235,external,avx512-vbmi,avx512-vbmi,x86_64,linux,0
1,commit-5-correction-amd-9950x3d,run-1,4,base64ct-1.8.3,encode,standard,padded,47,64,89240,3010076,1328.862498,external,avx512-vbmi,avx512-vbmi,x86_64,linux,0
1,commit-5-correction-amd-9950x3d,run-1,0,base64ct-1.8.3,decode,standard,padded,47,64,89240,7143938,559.912070,external,avx512-vbmi,avx512-vbmi,x86_64,linux,0
1,commit-5-correction-amd-9950x3d,run-1,1,base64ct-1.8.3,decode,standard,padded,47,64,89240,7059941,566.573731,external,avx512-vbmi,avx512-vbmi,x86_64,linux,0
1,commit-5-correction-amd-9950x3d,run-1,2,base64ct-1.8.3,decode,standard,padded,47,64,89240,7494127,533.748242,external,avx512-vbmi,avx512-vbmi,x86_64,linux,0
1,commit-5-correction-amd-9950x3d,run-1,3,base64ct-1.8.3,decode,standard,padded,47,64,89240,7009986,570.611284,external,avx512-vbmi,avx512-vbmi,x86_64,linux,0
1,commit-5-correction-amd-9950x3d,run-1,4,base64ct-1.8.3,decode,standard,padded,47,64,89240,7045924,567.700860,external,avx512-vbmi,avx512-vbmi,x86_64,linux,0
1,commit-5-correction-amd-9950x3d,run-1,0,base64-ng,encode,standard,padded,48,64,87381,8743720,457.469446,auto,avx512-vbmi,avx512-vbmi,x86_64,linux,0
1,commit-5-correction-amd-9950x3d,run-1,1,base64-ng,encode,standard,padded,48,64,87381,6435125,621.586176,auto,avx512-vbmi,avx512-vbmi,x86_64,linux,0
1,commit-5-correction-amd-9950x3d,run-1,2,base64-ng,encode,standard,padded,48,64,87381,6441707,620.951052,auto,avx512-vbmi,avx512-vbmi,x86_64,linux,0
1,commit-5-correction-amd-9950x3d,run-1,3,base64-ng,encode,standard,padded,48,64,87381,6517760,613.705436,auto,avx512-vbmi,avx512-vbmi,x86_64,linux,0
1,commit-5-correction-amd-9950x3d,run-1,4,base64-ng,encode,standard,padded,48,64,87381,6459029,619.285769,auto,avx512-vbmi,avx512-vbmi,x86_64,linux,0
1,commit-5-correction-amd-9950x3d,run-1,0,base64-ng,decode,standard,padded,48,64,87381,31538111,126.830194,auto,avx512-vbmi,avx512-vbmi,x86_64,linux,0
1,commit-5-correction-amd-9950x3d,run-1,1,base64-ng,decode,standard,padded,48,64,87381,31030786,128.903752,auto,avx512-vbmi,avx512-vbmi,x86_64,linux,0
1,commit-5-correction-amd-9950x3d,run-1,2,base64-ng,decode,standard,padded,48,64,87381,31197659,128.214259,auto,avx512-vbmi,avx512-vbmi,x86_64,linux,0
1,commit-5-correction-amd-9950x3d,run-1,3,base64-ng,decode,standard,padded,48,64,87381,32289685,123.878097,auto,avx512-vbmi,avx512-vbmi,x86_64,linux,0
1,commit-5-correction-amd-9950x3d,run-1,4,base64-ng,decode,standard,padded,48,64,87381,32837767,121.810498,auto,avx512-vbmi,avx512-vbmi,x86_64,linux,0
1,commit-5-correction-amd-9950x3d,run-1,0,base64-ng,encode,standard,padded,48,64,87381,12486356,320.348446,scalar,avx512-vbmi,avx512-vbmi,x86_64,linux,0
1,commit-5-correction-amd-9950x3d,run-1,1,base64-ng,encode,standard,padded,48,64,87381,12604257,317.351887,scalar,avx512-vbmi,avx512-vbmi,x86_64,linux,0
1,commit-5-correction-amd-9950x3d,run-1,2,base64-ng,encode,standard,padded,48,64,87381,12299464,325.216184,scalar,avx512-vbmi,avx512-vbmi,x86_64,linux,0
1,commit-5-correction-amd-9950x3d,run-1,3,base64-ng,encode,standard,padded,48,64,87381,12422576,321.993179,scalar,avx512-vbmi,avx512-vbmi,x86_64,linux,0
1,commit-5-correction-amd-9950x3d,run-1,4,base64-ng,encode,standard,padded,48,64,87381,12433927,321.699230,scalar,avx512-vbmi,avx512-vbmi,x86_64,linux,0
1,commit-5-correction-amd-9950x3d,run-1,0,base64-ng,decode,standard,padded,48,64,87381,13867606,288.440899,scalar,avx512-vbmi,avx512-vbmi,x86_64,linux,0
1,commit-5-correction-amd-9950x3d,run-1,1,base64-ng,decode,standard,padded,48,64,87381,13714387,291.663400,scalar,avx512-vbmi,avx512-vbmi,x86_64,linux,0
1,commit-5-correction-amd-9950x3d,run-1,2,base64-ng,decode,standard,padded,48,64,87381,13726079,291.414958,scalar,avx512-vbmi,avx512-vbmi,x86_64,linux,0
1,commit-5-correction-amd-9950x3d,run-1,3,base64-ng,decode,standard,padded,48,64,87381,13905306,287.658879,scalar,avx512-vbmi,avx512-vbmi,x86_64,linux,0
1,commit-5-correction-amd-9950x3d,run-1,4,base64-ng,decode,standard,padded,48,64,87381,13918621,287.383696,scalar,avx512-vbmi,avx512-vbmi,x86_64,linux,0
1,commit-5-correction-amd-9950x3d,run-1,0,base64-ng,encode,standard,padded,48,64,87381,15557757,257.105490,ssse3-sse4.1,avx512-vbmi,avx512-vbmi,x86_64,linux,0
1,commit-5-correction-amd-9950x3d,run-1,1,base64-ng,encode,standard,padded,48,64,87381,15347802,260.622644,ssse3-sse4.1,avx512-vbmi,avx512-vbmi,x86_64,linux,0
1,commit-5-correction-amd-9950x3d,run-1,2,base64-ng,encode,standard,padded,48,64,87381,15205675,263.058677,ssse3-sse4.1,avx512-vbmi,avx512-vbmi,x86_64,linux,0
1,commit-5-correction-amd-9950x3d,run-1,3,base64-ng,encode,standard,padded,48,64,87381,15340699,260.743317,ssse3-sse4.1,avx512-vbmi,avx512-vbmi,x86_64,linux,0
1,commit-5-correction-amd-9950x3d,run-1,4,base64-ng,encode,standard,padded,48,64,87381,17406277,229.801280,ssse3-sse4.1,avx512-vbmi,avx512-vbmi,x86_64,linux,0
1,commit-5-correction-amd-9950x3d,run-1,0,base64-ng,decode,standard,padded,48,64,87381,57770112,69.239692,ssse3-sse4.1,avx512-vbmi,avx512-vbmi,x86_64,linux,0
1,commit-5-correction-amd-9950x3d,run-1,1,base64-ng,decode,standard,padded,48,64,87381,56759831,70.472104,ssse3-sse4.1,avx512-vbmi,avx512-vbmi,x86_64,linux,0
1,commit-5-correction-amd-9950x3d,run-1,2,base64-ng,decode,standard,padded,48,64,87381,57161998,69.976293,ssse3-sse4.1,avx512-vbmi,avx512-vbmi,x86_64,linux,0
1,commit-5-correction-amd-9950x3d,run-1,3,base64-ng,decode,standard,padded,48,64,87381,56832618,70.381849,ssse3-sse4.1,avx512-vbmi,avx512-vbmi,x86_64,linux,0
1,commit-5-correction-amd-9950x3d,run-1,4,base64-ng,decode,standard,padded,48,64,87381,57417730,69.664627,ssse3-sse4.1,avx512-vbmi,avx512-vbmi,x86_64,linux,0
1,commit-5-correction-amd-9950x3d,run-1,0,base64-ng,encode,standard,padded,48,64,87381,8628163,463.596335,avx2,avx512-vbmi,avx512-vbmi,x86_64,linux,0
1,commit-5-correction-amd-9950x3d,run-1,1,base64-ng,encode,standard,padded,48,64,87381,8692995,460.138852,avx2,avx512-vbmi,avx512-vbmi,x86_64,linux,0
1,commit-5-correction-amd-9950x3d,run-1,2,base64-ng,encode,standard,padded,48,64,87381,8664431,461.655790,avx2,avx512-vbmi,avx512-vbmi,x86_64,linux,0
1,commit-5-correction-amd-9950x3d,run-1,3,base64-ng,encode,standard,padded,48,64,87381,8637130,463.115033,avx2,avx512-vbmi,avx512-vbmi,x86_64,linux,0
1,commit-5-correction-amd-9950x3d,run-1,4,base64-ng,encode,standard,padded,48,64,87381,8721859,458.616075,avx2,avx512-vbmi,avx512-vbmi,x86_64,linux,0
1,commit-5-correction-amd-9950x3d,run-1,0,base64-ng,decode,standard,padded,48,64,87381,40246444,99.387284,avx2,avx512-vbmi,avx512-vbmi,x86_64,linux,0
1,commit-5-correction-amd-9950x3d,run-1,1,base64-ng,decode,standard,padded,48,64,87381,40283173,99.296665,avx2,avx512-vbmi,avx512-vbmi,x86_64,linux,0
1,commit-5-correction-amd-9950x3d,run-1,2,base64-ng,decode,standard,padded,48,64,87381,40279035,99.306866,avx2,avx512-vbmi,avx512-vbmi,x86_64,linux,0
1,commit-5-correction-amd-9950x3d,run-1,3,base64-ng,decode,standard,padded,48,64,87381,39732937,100.671761,avx2,avx512-vbmi,avx512-vbmi,x86_64,linux,0
1,commit-5-correction-amd-9950x3d,run-1,4,base64-ng,decode,standard,padded,48,64,87381,40259229,99.355721,avx2,avx512-vbmi,avx512-vbmi,x86_64,linux,0
1,commit-5-correction-amd-9950x3d,run-1,0,base64-ng,encode,standard,padded,48,64,87381,5466210,731.765655,avx512-vbmi,avx512-vbmi,avx512-vbmi,x86_64,linux,0
1,commit-5-correction-amd-9950x3d,run-1,1,base64-ng,encode,standard,padded,48,64,87381,5577028,717.225150,avx512-vbmi,avx512-vbmi,avx512-vbmi,x86_64,linux,0
1,commit-5-correction-amd-9950x3d,run-1,2,base64-ng,encode,standard,padded,48,64,87381,5475978,730.460338,avx512-vbmi,avx512-vbmi,avx512-vbmi,x86_64,linux,0
1,commit-5-correction-amd-9950x3d,run-1,3,base64-ng,encode,standard,padded,48,64,87381,5490296,728.555390,avx512-vbmi,avx512-vbmi,avx512-vbmi,x86_64,linux,0
1,commit-5-correction-amd-9950x3d,run-1,4,base64-ng,encode,standard,padded,48,64,87381,5441744,735.055663,avx512-vbmi,avx512-vbmi,avx512-vbmi,x86_64,linux,0
1,commit-5-correction-amd-9950x3d,run-1,0,base64-ng,decode,standard,padded,48,64,87381,30346206,131.811691,avx512-vbmi,avx512-vbmi,avx512-vbmi,x86_64,linux,0
1,commit-5-correction-amd-9950x3d,run-1,1,base64-ng,decode,standard,padded,48,64,87381,30451946,131.353994,avx512-vbmi,avx512-vbmi,avx512-vbmi,x86_64,linux,0
1,commit-5-correction-amd-9950x3d,run-1,2,base64-ng,decode,standard,padded,48,64,87381,30562714,130.877930,avx512-vbmi,avx512-vbmi,avx512-vbmi,x86_64,linux,0
1,commit-5-correction-amd-9950x3d,run-1,3,base64-ng,decode,standard,padded,48,64,87381,30405869,131.553048,avx512-vbmi,avx512-vbmi,avx512-vbmi,x86_64,linux,0
1,commit-5-correction-amd-9950x3d,run-1,4,base64-ng,decode,standard,padded,48,64,87381,30192708,132.481815,avx512-vbmi,avx512-vbmi,avx512-vbmi,x86_64,linux,0
1,commit-5-correction-amd-9950x3d,run-1,0,base64-0.23.0,encode,standard,padded,48,64,87381,1710290,2338.775729,external,avx512-vbmi,avx512-vbmi,x86_64,linux,0
1,commit-5-correction-amd-9950x3d,run-1,1,base64-0.23.0,encode,standard,padded,48,64,87381,1703837,2347.633454,external,avx512-vbmi,avx512-vbmi,x86_64,linux,0
1,commit-5-correction-amd-9950x3d,run-1,2,base64-0.23.0,encode,standard,padded,48,64,87381,1696123,2358.310536,external,avx512-vbmi,avx512-vbmi,x86_64,linux,0
1,commit-5-correction-amd-9950x3d,run-1,3,base64-0.23.0,encode,standard,padded,48,64,87381,1717062,2329.551723,external,avx512-vbmi,avx512-vbmi,x86_64,linux,0
1,commit-5-correction-amd-9950x3d,run-1,4,base64-0.23.0,encode,standard,padded,48,64,87381,1747420,2289.080325,external,avx512-vbmi,avx512-vbmi,x86_64,linux,0
1,commit-5-correction-amd-9950x3d,run-1,0,base64-0.23.0,decode,standard,padded,48,64,87381,2260716,1769.344199,external,avx512-vbmi,avx512-vbmi,x86_64,linux,0
1,commit-5-correction-amd-9950x3d,run-1,1,base64-0.23.0,decode,standard,padded,48,64,87381,2307955,1733.129433,external,avx512-vbmi,avx512-vbmi,x86_64,linux,0
1,commit-5-correction-amd-9950x3d,run-1,2,base64-0.23.0,decode,standard,padded,48,64,87381,2403184,1664.452136,external,avx512-vbmi,avx512-vbmi,x86_64,linux,0
1,commit-5-correction-amd-9950x3d,run-1,3,base64-0.23.0,decode,standard,padded,48,64,87381,2298227,1740.465472,external,avx512-vbmi,avx512-vbmi,x86_64,linux,0
1,commit-5-correction-amd-9950x3d,run-1,4,base64-0.23.0,decode,standard,padded,48,64,87381,2319026,1724.855496,external,avx512-vbmi,avx512-vbmi,x86_64,linux,0
1,commit-5-correction-amd-9950x3d,run-1,0,base64ct-1.8.3,encode,standard,padded,48,64,87381,2453539,1630.291893,external,avx512-vbmi,avx512-vbmi,x86_64,linux,0
1,commit-5-correction-amd-9950x3d,run-1,1,base64ct-1.8.3,encode,standard,padded,48,64,87381,2416259,1655.445356,external,avx512-vbmi,avx512-vbmi,x86_64,linux,0
1,commit-5-correction-amd-9950x3d,run-1,2,base64ct-1.8.3,encode,standard,padded,48,64,87381,2411389,1658.788665,external,avx512-vbmi,avx512-vbmi,x86_64,linux,0
1,commit-5-correction-amd-9950x3d,run-1,3,base64ct-1.8.3,encode,standard,padded,48,64,87381,2407672,1661.349528,external,avx512-vbmi,avx512-vbmi,x86_64,linux,0
1,commit-5-correction-amd-9950x3d,run-1,4,base64ct-1.8.3,encode,standard,padded,48,64,87381,2465181,1622.592719,external,avx512-vbmi,avx512-vbmi,x86_64,linux,0
1,commit-5-correction-amd-9950x3d,run-1,0,base64ct-1.8.3,decode,standard,padded,48,64,87381,6019602,664.493224,external,avx512-vbmi,avx512-vbmi,x86_64,linux,0
1,commit-5-correction-amd-9950x3d,run-1,1,base64ct-1.8.3,decode,standard,padded,48,64,87381,6055319,660.573744,external,avx512-vbmi,avx512-vbmi,x86_64,linux,0
1,commit-5-correction-amd-9950x3d,run-1,2,base64ct-1.8.3,decode,standard,padded,48,64,87381,6061131,659.940322,external,avx512-vbmi,avx512-vbmi,x86_64,linux,0
1,commit-5-correction-amd-9950x3d,run-1,3,base64ct-1.8.3,decode,standard,padded,48,64,87381,6126553,652.893192,external,avx512-vbmi,avx512-vbmi,x86_64,linux,0
1,commit-5-correction-amd-9950x3d,run-1,4,base64ct-1.8.3,decode,standard,padded,48,64,87381,5990847,667.682673,external,avx512-vbmi,avx512-vbmi,x86_64,linux,0
1,commit-5-correction-amd-9950x3d,run-1,0,base64-ng,encode,standard,padded,63,84,66576,7687612,520.315638,auto,avx512-vbmi,avx512-vbmi,x86_64,linux,0
1,commit-5-correction-amd-9950x3d,run-1,1,base64-ng,encode,standard,padded,63,84,66576,7585951,527.288502,auto,avx512-vbmi,avx512-vbmi,x86_64,linux,0
1,commit-5-correction-amd-9950x3d,run-1,2,base64-ng,encode,standard,padded,63,84,66576,7707369,518.981865,auto,avx512-vbmi,avx512-vbmi,x86_64,linux,0
1,commit-5-correction-amd-9950x3d,run-1,3,base64-ng,encode,standard,padded,63,84,66576,7680980,520.764895,auto,avx512-vbmi,avx512-vbmi,x86_64,linux,0
1,commit-5-correction-amd-9950x3d,run-1,4,base64-ng,encode,standard,padded,63,84,66576,7644201,523.270482,auto,avx512-vbmi,avx512-vbmi,x86_64,linux,0
1,commit-5-correction-amd-9950x3d,run-1,0,base64-ng,decode,standard,padded,63,84,66576,36990365,108.135855,auto,avx512-vbmi,avx512-vbmi,x86_64,linux,0
1,commit-5-correction-amd-9950x3d,run-1,1,base64-ng,decode,standard,padded,63,84,66576,36863757,108.507246,auto,avx512-vbmi,avx512-vbmi,x86_64,linux,0
1,commit-5-correction-amd-9950x3d,run-1,2,base64-ng,decode,standard,padded,63,84,66576,36788805,108.728314,auto,avx512-vbmi,avx512-vbmi,x86_64,linux,0
1,commit-5-correction-amd-9950x3d,run-1,3,base64-ng,decode,standard,padded,63,84,66576,38153183,104.840132,auto,avx512-vbmi,avx512-vbmi,x86_64,linux,0
1,commit-5-correction-amd-9950x3d,run-1,4,base64-ng,decode,standard,padded,63,84,66576,39770869,100.575744,auto,avx512-vbmi,avx512-vbmi,x86_64,linux,0
1,commit-5-correction-amd-9950x3d,run-1,0,base64-ng,encode,standard,padded,63,84,66576,4613214,867.071144,scalar,avx512-vbmi,avx512-vbmi,x86_64,linux,0
1,commit-5-correction-amd-9950x3d,run-1,1,base64-ng,encode,standard,padded,63,84,66576,4558732,877.433624,scalar,avx512-vbmi,avx512-vbmi,x86_64,linux,0
1,commit-5-correction-amd-9950x3d,run-1,2,base64-ng,encode,standard,padded,63,84,66576,4592305,871.018964,scalar,avx512-vbmi,avx512-vbmi,x86_64,linux,0
1,commit-5-correction-amd-9950x3d,run-1,3,base64-ng,encode,standard,padded,63,84,66576,4594179,870.663668,scalar,avx512-vbmi,avx512-vbmi,x86_64,linux,0
1,commit-5-correction-amd-9950x3d,run-1,4,base64-ng,encode,standard,padded,63,84,66576,4608496,867.958818,scalar,avx512-vbmi,avx512-vbmi,x86_64,linux,0
1,commit-5-correction-amd-9950x3d,run-1,0,base64-ng,decode,standard,padded,63,84,66576,13560818,294.966332,scalar,avx512-vbmi,avx512-vbmi,x86_64,linux,0
1,commit-5-correction-amd-9950x3d,run-1,1,base64-ng,decode,standard,padded,63,84,66576,13770263,290.479909,scalar,avx512-vbmi,avx512-vbmi,x86_64,linux,0
1,commit-5-correction-amd-9950x3d,run-1,2,base64-ng,decode,standard,padded,63,84,66576,13522366,295.805094,scalar,avx512-vbmi,avx512-vbmi,x86_64,linux,0
1,commit-5-correction-amd-9950x3d,run-1,3,base64-ng,decode,standard,padded,63,84,66576,13428660,297.869239,scalar,avx512-vbmi,avx512-vbmi,x86_64,linux,0
1,commit-5-correction-amd-9950x3d,run-1,4,base64-ng,decode,standard,padded,63,84,66576,13389395,298.742754,scalar,avx512-vbmi,avx512-vbmi,x86_64,linux,0
1,commit-5-correction-amd-9950x3d,run-1,0,base64-ng,encode,standard,padded,63,84,66576,14435085,277.101572,ssse3-sse4.1,avx512-vbmi,avx512-vbmi,x86_64,linux,0
1,commit-5-correction-amd-9950x3d,run-1,1,base64-ng,encode,standard,padded,63,84,66576,14495678,275.943267,ssse3-sse4.1,avx512-vbmi,avx512-vbmi,x86_64,linux,0
1,commit-5-correction-amd-9950x3d,run-1,2,base64-ng,encode,standard,padded,63,84,66576,14530364,275.284552,ssse3-sse4.1,avx512-vbmi,avx512-vbmi,x86_64,linux,0
1,commit-5-correction-amd-9950x3d,run-1,3,base64-ng,encode,standard,padded,63,84,66576,14500678,275.848118,ssse3-sse4.1,avx512-vbmi,avx512-vbmi,x86_64,linux,0
1,commit-5-correction-amd-9950x3d,run-1,4,base64-ng,encode,standard,padded,63,84,66576,14424915,277.296937,ssse3-sse4.1,avx512-vbmi,avx512-vbmi,x86_64,linux,0
1,commit-5-correction-amd-9950x3d,run-1,0,base64-ng,decode,standard,padded,63,84,66576,53674943,74.522385,ssse3-sse4.1,avx512-vbmi,avx512-vbmi,x86_64,linux,0
1,commit-5-correction-amd-9950x3d,run-1,1,base64-ng,decode,standard,padded,63,84,66576,54048767,74.006956,ssse3-sse4.1,avx512-vbmi,avx512-vbmi,x86_64,linux,0
1,commit-5-correction-amd-9950x3d,run-1,2,base64-ng,decode,standard,padded,63,84,66576,54289621,73.678627,ssse3-sse4.1,avx512-vbmi,avx512-vbmi,x86_64,linux,0
1,commit-5-correction-amd-9950x3d,run-1,3,base64-ng,decode,standard,padded,63,84,66576,53931356,74.168073,ssse3-sse4.1,avx512-vbmi,avx512-vbmi,x86_64,linux,0
1,commit-5-correction-amd-9950x3d,run-1,4,base64-ng,decode,standard,padded,63,84,66576,53503972,74.760519,ssse3-sse4.1,avx512-vbmi,avx512-vbmi,x86_64,linux,0
1,commit-5-correction-amd-9950x3d,run-1,0,base64-ng,encode,standard,padded,63,84,66576,9252658,432.306559,avx2,avx512-vbmi,avx512-vbmi,x86_64,linux,0
1,commit-5-correction-amd-9950x3d,run-1,1,base64-ng,encode,standard,padded,63,84,66576,9214677,434.088438,avx2,avx512-vbmi,avx512-vbmi,x86_64,linux,0
1,commit-5-correction-amd-9950x3d,run-1,2,base64-ng,encode,standard,padded,63,84,66576,9263539,431.798769,avx2,avx512-vbmi,avx512-vbmi,x86_64,linux,0
1,commit-5-correction-amd-9950x3d,run-1,3,base64-ng,encode,standard,padded,63,84,66576,9252007,432.336977,avx2,avx512-vbmi,avx512-vbmi,x86_64,linux,0
1,commit-5-correction-amd-9950x3d,run-1,4,base64-ng,encode,standard,padded,63,84,66576,9204017,434.591194,avx2,avx512-vbmi,avx512-vbmi,x86_64,linux,0
1,commit-5-correction-amd-9950x3d,run-1,0,base64-ng,decode,standard,padded,63,84,66576,42995299,93.033072,avx2,avx512-vbmi,avx512-vbmi,x86_64,linux,0
1,commit-5-correction-amd-9950x3d,run-1,1,base64-ng,decode,standard,padded,63,84,66576,42693320,93.691115,avx2,avx512-vbmi,avx512-vbmi,x86_64,linux,0
1,commit-5-correction-amd-9950x3d,run-1,2,base64-ng,decode,standard,padded,63,84,66576,42621585,93.848803,avx2,avx512-vbmi,avx512-vbmi,x86_64,linux,0
1,commit-5-correction-amd-9950x3d,run-1,3,base64-ng,decode,standard,padded,63,84,66576,42445604,94.237904,avx2,avx512-vbmi,avx512-vbmi,x86_64,linux,0
1,commit-5-correction-amd-9950x3d,run-1,4,base64-ng,decode,standard,padded,63,84,66576,42015855,95.201793,avx2,avx512-vbmi,avx512-vbmi,x86_64,linux,0
1,commit-5-correction-amd-9950x3d,run-1,0,base64-ng,encode,standard,padded,63,84,66576,6741300,593.355101,avx512-vbmi,avx512-vbmi,avx512-vbmi,x86_64,linux,0
1,commit-5-correction-amd-9950x3d,run-1,1,base64-ng,encode,standard,padded,63,84,66576,6782508,589.750096,avx512-vbmi,avx512-vbmi,avx512-vbmi,x86_64,linux,0
1,commit-5-correction-amd-9950x3d,run-1,2,base64-ng,encode,standard,padded,63,84,66576,6770596,590.787686,avx512-vbmi,avx512-vbmi,avx512-vbmi,x86_64,linux,0
1,commit-5-correction-amd-9950x3d,run-1,3,base64-ng,encode,standard,padded,63,84,66576,6695835,597.384007,avx512-vbmi,avx512-vbmi,avx512-vbmi,x86_64,linux,0
1,commit-5-correction-amd-9950x3d,run-1,4,base64-ng,encode,standard,padded,63,84,66576,6695905,597.377762,avx512-vbmi,avx512-vbmi,avx512-vbmi,x86_64,linux,0
1,commit-5-correction-amd-9950x3d,run-1,0,base64-ng,decode,standard,padded,63,84,66576,35708452,112.017870,avx512-vbmi,avx512-vbmi,avx512-vbmi,x86_64,linux,0
1,commit-5-correction-amd-9950x3d,run-1,1,base64-ng,decode,standard,padded,63,84,66576,34844555,114.795116,avx512-vbmi,avx512-vbmi,avx512-vbmi,x86_64,linux,0
1,commit-5-correction-amd-9950x3d,run-1,2,base64-ng,decode,standard,padded,63,84,66576,34657283,115.415416,avx512-vbmi,avx512-vbmi,avx512-vbmi,x86_64,linux,0
1,commit-5-correction-amd-9950x3d,run-1,3,base64-ng,decode,standard,padded,63,84,66576,35973992,111.191017,avx512-vbmi,avx512-vbmi,avx512-vbmi,x86_64,linux,0
1,commit-5-correction-amd-9950x3d,run-1,4,base64-ng,decode,standard,padded,63,84,66576,36908650,108.375265,avx512-vbmi,avx512-vbmi,avx512-vbmi,x86_64,linux,0
1,commit-5-correction-amd-9950x3d,run-1,0,base64-0.23.0,encode,standard,padded,63,84,66576,1371582,2916.329276,external,avx512-vbmi,avx512-vbmi,x86_64,linux,0
1,commit-5-correction-amd-9950x3d,run-1,1,base64-0.23.0,encode,standard,padded,63,84,66576,1389035,2879.686071,external,avx512-vbmi,avx512-vbmi,x86_64,linux,0
1,commit-5-correction-amd-9950x3d,run-1,2,base64-0.23.0,encode,standard,padded,63,84,66576,1394405,2868.596097,external,avx512-vbmi,avx512-vbmi,x86_64,linux,0
1,commit-5-correction-amd-9950x3d,run-1,3,base64-0.23.0,encode,standard,padded,63,84,66576,1402961,2851.101878,external,avx512-vbmi,avx512-vbmi,x86_64,linux,0
1,commit-5-correction-amd-9950x3d,run-1,4,base64-0.23.0,encode,standard,padded,63,84,66576,1393464,2870.533248,external,avx512-vbmi,avx512-vbmi,x86_64,linux,0
1,commit-5-correction-amd-9950x3d,run-1,0,base64-0.23.0,decode,standard,padded,63,84,66576,1850093,2162.045228,external,avx512-vbmi,avx512-vbmi,x86_64,linux,0
1,commit-5-correction-amd-9950x3d,run-1,1,base64-0.23.0,decode,standard,padded,63,84,66576,1860432,2150.030069,external,avx512-vbmi,avx512-vbmi,x86_64,linux,0
1,commit-5-correction-amd-9950x3d,run-1,2,base64-0.23.0,decode,standard,padded,63,84,66576,1855152,2156.149330,external,avx512-vbmi,avx512-vbmi,x86_64,linux,0
1,commit-5-correction-amd-9950x3d,run-1,3,base64-0.23.0,decode,standard,padded,63,84,66576,1854201,2157.255196,external,avx512-vbmi,avx512-vbmi,x86_64,linux,0
1,commit-5-correction-amd-9950x3d,run-1,4,base64-0.23.0,decode,standard,padded,63,84,66576,1846556,2166.186534,external,avx512-vbmi,avx512-vbmi,x86_64,linux,0
1,commit-5-correction-amd-9950x3d,run-1,0,base64ct-1.8.3,encode,standard,padded,63,84,66576,1613718,2478.738380,external,avx512-vbmi,avx512-vbmi,x86_64,linux,0
1,commit-5-correction-amd-9950x3d,run-1,1,base64ct-1.8.3,encode,standard,padded,63,84,66576,1594111,2509.225983,external,avx512-vbmi,avx512-vbmi,x86_64,linux,0
1,commit-5-correction-amd-9950x3d,run-1,2,base64ct-1.8.3,encode,standard,padded,63,84,66576,1610502,2483.688155,external,avx512-vbmi,avx512-vbmi,x86_64,linux,0
1,commit-5-correction-amd-9950x3d,run-1,3,base64ct-1.8.3,encode,standard,padded,63,84,66576,1607837,2487.804884,external,avx512-vbmi,avx512-vbmi,x86_64,linux,0
1,commit-5-correction-amd-9950x3d,run-1,4,base64ct-1.8.3,encode,standard,padded,63,84,66576,1607245,2488.721222,external,avx512-vbmi,avx512-vbmi,x86_64,linux,0
1,commit-5-correction-amd-9950x3d,run-1,0,base64ct-1.8.3,decode,standard,padded,63,84,66576,5512307,725.646221,external,avx512-vbmi,avx512-vbmi,x86_64,linux,0
1,commit-5-correction-amd-9950x3d,run-1,1,base64ct-1.8.3,decode,standard,padded,63,84,66576,5509542,726.010391,external,avx512-vbmi,avx512-vbmi,x86_64,linux,0
1,commit-5-correction-amd-9950x3d,run-1,2,base64ct-1.8.3,decode,standard,padded,63,84,66576,5518408,724.843966,external,avx512-vbmi,avx512-vbmi,x86_64,linux,0
1,commit-5-correction-amd-9950x3d,run-1,3,base64ct-1.8.3,decode,standard,padded,63,84,66576,5528888,723.470025,external,avx512-vbmi,avx512-vbmi,x86_64,linux,0
1,commit-5-correction-amd-9950x3d,run-1,4,base64ct-1.8.3,decode,standard,padded,63,84,66576,5503540,726.802157,external,avx512-vbmi,avx512-vbmi,x86_64,linux,0
1,commit-5-correction-amd-9950x3d,run-1,0,base64-ng,encode,standard,padded,64,88,65536,7398127,540.677390,auto,avx512-vbmi,avx512-vbmi,x86_64,linux,0
1,commit-5-correction-amd-9950x3d,run-1,1,base64-ng,encode,standard,padded,64,88,65536,7386856,541.502366,auto,avx512-vbmi,avx512-vbmi,x86_64,linux,0
1,commit-5-correction-amd-9950x3d,run-1,2,base64-ng,encode,standard,padded,64,88,65536,7401814,540.408068,auto,avx512-vbmi,avx512-vbmi,x86_64,linux,0
1,commit-5-correction-amd-9950x3d,run-1,3,base64-ng,encode,standard,padded,64,88,65536,7860958,508.843833,auto,avx512-vbmi,avx512-vbmi,x86_64,linux,0
1,commit-5-correction-amd-9950x3d,run-1,4,base64-ng,encode,standard,padded,64,88,65536,7353583,543.952519,auto,avx512-vbmi,avx512-vbmi,x86_64,linux,0
1,commit-5-correction-amd-9950x3d,run-1,0,base64-ng,decode,standard,padded,64,88,65536,35299170,113.317112,auto,avx512-vbmi,avx512-vbmi,x86_64,linux,0
1,commit-5-correction-amd-9950x3d,run-1,1,base64-ng,decode,standard,padded,64,88,65536,35273293,113.400243,auto,avx512-vbmi,avx512-vbmi,x86_64,linux,0
1,commit-5-correction-amd-9950x3d,run-1,2,base64-ng,decode,standard,padded,64,88,65536,35266970,113.420575,auto,avx512-vbmi,avx512-vbmi,x86_64,linux,0
1,commit-5-correction-amd-9950x3d,run-1,3,base64-ng,decode,standard,padded,64,88,65536,35269415,113.412712,auto,avx512-vbmi,avx512-vbmi,x86_64,linux,0
1,commit-5-correction-amd-9950x3d,run-1,4,base64-ng,decode,standard,padded,64,88,65536,36558201,109.414574,auto,avx512-vbmi,avx512-vbmi,x86_64,linux,0
1,commit-5-correction-amd-9950x3d,run-1,0,base64-ng,encode,standard,padded,64,88,65536,4612594,867.190999,scalar,avx512-vbmi,avx512-vbmi,x86_64,linux,0
1,commit-5-correction-amd-9950x3d,run-1,1,base64-ng,encode,standard,padded,64,88,65536,4544595,880.166439,scalar,avx512-vbmi,avx512-vbmi,x86_64,linux,0
1,commit-5-correction-amd-9950x3d,run-1,2,base64-ng,encode,standard,padded,64,88,65536,4627491,864.399304,scalar,avx512-vbmi,avx512-vbmi,x86_64,linux,0
1,commit-5-correction-amd-9950x3d,run-1,3,base64-ng,encode,standard,padded,64,88,65536,4600320,869.504730,scalar,avx512-vbmi,avx512-vbmi,x86_64,linux,0
1,commit-5-correction-amd-9950x3d,run-1,4,base64-ng,encode,standard,padded,64,88,65536,4451059,898.662543,scalar,avx512-vbmi,avx512-vbmi,x86_64,linux,0
1,commit-5-correction-amd-9950x3d,run-1,0,base64-ng,decode,standard,padded,64,88,65536,13794969,289.960782,scalar,avx512-vbmi,avx512-vbmi,x86_64,linux,0
1,commit-5-correction-amd-9950x3d,run-1,1,base64-ng,decode,standard,padded,64,88,65536,13434139,297.748892,scalar,avx512-vbmi,avx512-vbmi,x86_64,linux,0
1,commit-5-correction-amd-9950x3d,run-1,2,base64-ng,decode,standard,padded,64,88,65536,13348348,299.662550,scalar,avx512-vbmi,avx512-vbmi,x86_64,linux,0
1,commit-5-correction-amd-9950x3d,run-1,3,base64-ng,decode,standard,padded,64,88,65536,13347216,299.687965,scalar,avx512-vbmi,avx512-vbmi,x86_64,linux,0
1,commit-5-correction-amd-9950x3d,run-1,4,base64-ng,decode,standard,padded,64,88,65536,13335664,299.947569,scalar,avx512-vbmi,avx512-vbmi,x86_64,linux,0
1,commit-5-correction-amd-9950x3d,run-1,0,base64-ng,encode,standard,padded,64,88,65536,13713947,291.673870,ssse3-sse4.1,avx512-vbmi,avx512-vbmi,x86_64,linux,0
1,commit-5-correction-amd-9950x3d,run-1,1,base64-ng,encode,standard,padded,64,88,65536,13792785,290.006696,ssse3-sse4.1,avx512-vbmi,avx512-vbmi,x86_64,linux,0
1,commit-5-correction-amd-9950x3d,run-1,2,base64-ng,encode,standard,padded,64,88,65536,13766756,290.555015,ssse3-sse4.1,avx512-vbmi,avx512-vbmi,x86_64,linux,0
1,commit-5-correction-amd-9950x3d,run-1,3,base64-ng,encode,standard,padded,64,88,65536,13958928,286.554956,ssse3-sse4.1,avx512-vbmi,avx512-vbmi,x86_64,linux,0
1,commit-5-correction-amd-9950x3d,run-1,4,base64-ng,encode,standard,padded,64,88,65536,13741418,291.090774,ssse3-sse4.1,avx512-vbmi,avx512-vbmi,x86_64,linux,0
1,commit-5-correction-amd-9950x3d,run-1,0,base64-ng,decode,standard,padded,64,88,65536,50946587,78.513601,ssse3-sse4.1,avx512-vbmi,avx512-vbmi,x86_64,linux,0
1,commit-5-correction-amd-9950x3d,run-1,1,base64-ng,decode,standard,padded,64,88,65536,51355357,77.888661,ssse3-sse4.1,avx512-vbmi,avx512-vbmi,x86_64,linux,0
1,commit-5-correction-amd-9950x3d,run-1,2,base64-ng,decode,standard,padded,64,88,65536,52823250,75.724231,ssse3-sse4.1,avx512-vbmi,avx512-vbmi,x86_64,linux,0
1,commit-5-correction-amd-9950x3d,run-1,3,base64-ng,decode,standard,padded,64,88,65536,51797680,77.223536,ssse3-sse4.1,avx512-vbmi,avx512-vbmi,x86_64,linux,0
1,commit-5-correction-amd-9950x3d,run-1,4,base64-ng,decode,standard,padded,64,88,65536,51433694,77.770031,ssse3-sse4.1,avx512-vbmi,avx512-vbmi,x86_64,linux,0
1,commit-5-correction-amd-9950x3d,run-1,0,base64-ng,encode,standard,padded,64,88,65536,9018036,443.555559,avx2,avx512-vbmi,avx512-vbmi,x86_64,linux,0
1,commit-5-correction-amd-9950x3d,run-1,1,base64-ng,encode,standard,padded,64,88,65536,9028225,443.054975,avx2,avx512-vbmi,avx512-vbmi,x86_64,linux,0
1,commit-5-correction-amd-9950x3d,run-1,2,base64-ng,encode,standard,padded,64,88,65536,8985115,445.180724,avx2,avx512-vbmi,avx512-vbmi,x86_64,linux,0
1,commit-5-correction-amd-9950x3d,run-1,3,base64-ng,encode,standard,padded,64,88,65536,9183318,435.572415,avx2,avx512-vbmi,avx512-vbmi,x86_64,linux,0
1,commit-5-correction-amd-9950x3d,run-1,4,base64-ng,encode,standard,padded,64,88,65536,9246467,432.597661,avx2,avx512-vbmi,avx512-vbmi,x86_64,linux,0
1,commit-5-correction-amd-9950x3d,run-1,0,base64-ng,decode,standard,padded,64,88,65536,42263091,94.645231,avx2,avx512-vbmi,avx512-vbmi,x86_64,linux,0
1,commit-5-correction-amd-9950x3d,run-1,1,base64-ng,decode,standard,padded,64,88,65536,41753260,95.800903,avx2,avx512-vbmi,avx512-vbmi,x86_64,linux,0
1,commit-5-correction-amd-9950x3d,run-1,2,base64-ng,decode,standard,padded,64,88,65536,41543466,96.284696,avx2,avx512-vbmi,avx512-vbmi,x86_64,linux,0
1,commit-5-correction-amd-9950x3d,run-1,3,base64-ng,decode,standard,padded,64,88,65536,41593360,96.169196,avx2,avx512-vbmi,avx512-vbmi,x86_64,linux,0
1,commit-5-correction-amd-9950x3d,run-1,4,base64-ng,decode,standard,padded,64,88,65536,44465756,89.956865,avx2,avx512-vbmi,avx512-vbmi,x86_64,linux,0
1,commit-5-correction-amd-9950x3d,run-1,0,base64-ng,encode,standard,padded,64,88,65536,6752001,592.416974,avx512-vbmi,avx512-vbmi,avx512-vbmi,x86_64,linux,0
1,commit-5-correction-amd-9950x3d,run-1,1,base64-ng,encode,standard,padded,64,88,65536,6775565,590.356671,avx512-vbmi,avx512-vbmi,avx512-vbmi,x86_64,linux,0
1,commit-5-correction-amd-9950x3d,run-1,2,base64-ng,encode,standard,padded,64,88,65536,6761879,591.551550,avx512-vbmi,avx512-vbmi,avx512-vbmi,x86_64,linux,0
1,commit-5-correction-amd-9950x3d,run-1,3,base64-ng,encode,standard,padded,64,88,65536,6737504,593.691670,avx512-vbmi,avx512-vbmi,avx512-vbmi,x86_64,linux,0
1,commit-5-correction-amd-9950x3d,run-1,4,base64-ng,encode,standard,padded,64,88,65536,6731082,594.258100,avx512-vbmi,avx512-vbmi,avx512-vbmi,x86_64,linux,0
1,commit-5-correction-amd-9950x3d,run-1,0,base64-ng,decode,standard,padded,64,88,65536,34856027,114.757772,avx512-vbmi,avx512-vbmi,avx512-vbmi,x86_64,linux,0
1,commit-5-correction-amd-9950x3d,run-1,1,base64-ng,decode,standard,padded,64,88,65536,34751770,115.102051,avx512-vbmi,avx512-vbmi,avx512-vbmi,x86_64,linux,0
1,commit-5-correction-amd-9950x3d,run-1,2,base64-ng,decode,standard,padded,64,88,65536,34880643,114.676785,avx512-vbmi,avx512-vbmi,avx512-vbmi,x86_64,linux,0
1,commit-5-correction-amd-9950x3d,run-1,3,base64-ng,decode,standard,padded,64,88,65536,34946988,114.459077,avx512-vbmi,avx512-vbmi,avx512-vbmi,x86_64,linux,0
1,commit-5-correction-amd-9950x3d,run-1,4,base64-ng,decode,standard,padded,64,88,65536,34953711,114.437062,avx512-vbmi,avx512-vbmi,avx512-vbmi,x86_64,linux,0
1,commit-5-correction-amd-9950x3d,run-1,0,base64-0.23.0,encode,standard,padded,64,88,65536,1395157,2867.060840,external,avx512-vbmi,avx512-vbmi,x86_64,linux,0
1,commit-5-correction-amd-9950x3d,run-1,1,base64-0.23.0,encode,standard,padded,64,88,65536,1420975,2814.968596,external,avx512-vbmi,avx512-vbmi,x86_64,linux,0
1,commit-5-correction-amd-9950x3d,run-1,2,base64-0.23.0,encode,standard,padded,64,88,65536,1435813,2785.878105,external,avx512-vbmi,avx512-vbmi,x86_64,linux,0
1,commit-5-correction-amd-9950x3d,run-1,3,base64-0.23.0,encode,standard,padded,64,88,65536,1424862,2807.289408,external,avx512-vbmi,avx512-vbmi,x86_64,linux,0
1,commit-5-correction-amd-9950x3d,run-1,4,base64-0.23.0,encode,standard,padded,64,88,65536,1437967,2781.705004,external,avx512-vbmi,avx512-vbmi,x86_64,linux,0
1,commit-5-correction-amd-9950x3d,run-1,0,base64-0.23.0,decode,standard,padded,64,88,65536,1852057,2159.760742,external,avx512-vbmi,avx512-vbmi,x86_64,linux,0
1,commit-5-correction-amd-9950x3d,run-1,1,base64-0.23.0,decode,standard,padded,64,88,65536,1859039,2151.649320,external,avx512-vbmi,avx512-vbmi,x86_64,linux,0
1,commit-5-correction-amd-9950x3d,run-1,2,base64-0.23.0,decode,standard,padded,64,88,65536,1863759,2146.200233,external,avx512-vbmi,avx512-vbmi,x86_64,linux,0
1,commit-5-correction-amd-9950x3d,run-1,3,base64-0.23.0,decode,standard,padded,64,88,65536,1860222,2150.280988,external,avx512-vbmi,avx512-vbmi,x86_64,linux,0
1,commit-5-correction-amd-9950x3d,run-1,4,base64-0.23.0,decode,standard,padded,64,88,65536,1862076,2148.140033,external,avx512-vbmi,avx512-vbmi,x86_64,linux,0
1,commit-5-correction-amd-9950x3d,run-1,0,base64ct-1.8.3,encode,standard,padded,64,88,65536,1909355,2094.948294,external,avx512-vbmi,avx512-vbmi,x86_64,linux,0
1,commit-5-correction-amd-9950x3d,run-1,1,base64ct-1.8.3,encode,standard,padded,64,88,65536,1874839,2133.516531,external,avx512-vbmi,avx512-vbmi,x86_64,linux,0
1,commit-5-correction-amd-9950x3d,run-1,2,base64ct-1.8.3,encode,standard,padded,64,88,65536,1884778,2122.265858,external,avx512-vbmi,avx512-vbmi,x86_64,linux,0
1,commit-5-correction-amd-9950x3d,run-1,3,base64ct-1.8.3,encode,standard,padded,64,88,65536,1890819,2115.485406,external,avx512-vbmi,avx512-vbmi,x86_64,linux,0
1,commit-5-correction-amd-9950x3d,run-1,4,base64ct-1.8.3,encode,standard,padded,64,88,65536,1891882,2114.296769,external,avx512-vbmi,avx512-vbmi,x86_64,linux,0
1,commit-5-correction-amd-9950x3d,run-1,0,base64ct-1.8.3,decode,standard,padded,64,88,65536,6223556,642.719371,external,avx512-vbmi,avx512-vbmi,x86_64,linux,0
1,commit-5-correction-amd-9950x3d,run-1,1,base64ct-1.8.3,decode,standard,padded,64,88,65536,6244445,640.569338,external,avx512-vbmi,avx512-vbmi,x86_64,linux,0
1,commit-5-correction-amd-9950x3d,run-1,2,base64ct-1.8.3,decode,standard,padded,64,88,65536,6200342,645.125704,external,avx512-vbmi,avx512-vbmi,x86_64,linux,0
1,commit-5-correction-amd-9950x3d,run-1,3,base64ct-1.8.3,decode,standard,padded,64,88,65536,6234507,641.590426,external,avx512-vbmi,avx512-vbmi,x86_64,linux,0
1,commit-5-correction-amd-9950x3d,run-1,4,base64ct-1.8.3,decode,standard,padded,64,88,65536,6238614,641.168054,external,avx512-vbmi,avx512-vbmi,x86_64,linux,0
1,commit-5-correction-amd-9950x3d,run-1,0,base64-ng,encode,standard,padded,1024,1368,4096,3916693,1021.269729,auto,avx512-vbmi,avx512-vbmi,x86_64,linux,0
1,commit-5-correction-amd-9950x3d,run-1,1,base64-ng,encode,standard,padded,1024,1368,4096,3942772,1014.514661,auto,avx512-vbmi,avx512-vbmi,x86_64,linux,0
1,commit-5-correction-amd-9950x3d,run-1,2,base64-ng,encode,standard,padded,1024,1368,4096,3980233,1004.966292,auto,avx512-vbmi,avx512-vbmi,x86_64,linux,0
1,commit-5-correction-amd-9950x3d,run-1,3,base64-ng,encode,standard,padded,1024,1368,4096,3956338,1011.035963,auto,avx512-vbmi,avx512-vbmi,x86_64,linux,0
1,commit-5-correction-amd-9950x3d,run-1,4,base64-ng,encode,standard,padded,1024,1368,4096,3825662,1045.570675,auto,avx512-vbmi,avx512-vbmi,x86_64,linux,0
1,commit-5-correction-amd-9950x3d,run-1,0,base64-ng,decode,standard,padded,1024,1368,4096,28202361,141.832097,auto,avx512-vbmi,avx512-vbmi,x86_64,linux,0
1,commit-5-correction-amd-9950x3d,run-1,1,base64-ng,decode,standard,padded,1024,1368,4096,28200217,141.842880,auto,avx512-vbmi,avx512-vbmi,x86_64,linux,0
1,commit-5-correction-amd-9950x3d,run-1,2,base64-ng,decode,standard,padded,1024,1368,4096,28051827,142.593208,auto,avx512-vbmi,avx512-vbmi,x86_64,linux,0
1,commit-5-correction-amd-9950x3d,run-1,3,base64-ng,decode,standard,padded,1024,1368,4096,28143100,142.130753,auto,avx512-vbmi,avx512-vbmi,x86_64,linux,0
1,commit-5-correction-amd-9950x3d,run-1,4,base64-ng,decode,standard,padded,1024,1368,4096,28080031,142.449985,auto,avx512-vbmi,avx512-vbmi,x86_64,linux,0
1,commit-5-correction-amd-9950x3d,run-1,0,base64-ng,encode,standard,padded,1024,1368,4096,1969298,2031.180654,scalar,avx512-vbmi,avx512-vbmi,x86_64,linux,0
1,commit-5-correction-amd-9950x3d,run-1,1,base64-ng,encode,standard,padded,1024,1368,4096,2014442,1985.661538,scalar,avx512-vbmi,avx512-vbmi,x86_64,linux,0
1,commit-5-correction-amd-9950x3d,run-1,2,base64-ng,encode,standard,padded,1024,1368,4096,2013079,1987.005974,scalar,avx512-vbmi,avx512-vbmi,x86_64,linux,0
1,commit-5-correction-amd-9950x3d,run-1,3,base64-ng,encode,standard,padded,1024,1368,4096,2015504,1984.615262,scalar,avx512-vbmi,avx512-vbmi,x86_64,linux,0
1,commit-5-correction-amd-9950x3d,run-1,4,base64-ng,encode,standard,padded,1024,1368,4096,2022157,1978.085777,scalar,avx512-vbmi,avx512-vbmi,x86_64,linux,0
1,commit-5-correction-amd-9950x3d,run-1,0,base64-ng,decode,standard,padded,1024,1368,4096,13017836,307.270732,scalar,avx512-vbmi,avx512-vbmi,x86_64,linux,0
1,commit-5-correction-amd-9950x3d,run-1,1,base64-ng,decode,standard,padded,1024,1368,4096,13008248,307.497213,scalar,avx512-vbmi,avx512-vbmi,x86_64,linux,0
1,commit-5-correction-amd-9950x3d,run-1,2,base64-ng,decode,standard,padded,1024,1368,4096,13009681,307.463342,scalar,avx512-vbmi,avx512-vbmi,x86_64,linux,0
1,commit-5-correction-amd-9950x3d,run-1,3,base64-ng,decode,standard,padded,1024,1368,4096,13075665,305.911783,scalar,avx512-vbmi,avx512-vbmi,x86_64,linux,0
1,commit-5-correction-amd-9950x3d,run-1,4,base64-ng,decode,standard,padded,1024,1368,4096,13033045,306.912161,scalar,avx512-vbmi,avx512-vbmi,x86_64,linux,0
1,commit-5-correction-amd-9950x3d,run-1,0,base64-ng,encode,standard,padded,1024,1368,4096,12290267,325.460789,ssse3-sse4.1,avx512-vbmi,avx512-vbmi,x86_64,linux,0
1,commit-5-correction-amd-9950x3d,run-1,1,base64-ng,encode,standard,padded,1024,1368,4096,12255631,326.380584,ssse3-sse4.1,avx512-vbmi,avx512-vbmi,x86_64,linux,0
1,commit-5-correction-amd-9950x3d,run-1,2,base64-ng,encode,standard,padded,1024,1368,4096,12249490,326.544207,ssse3-sse4.1,avx512-vbmi,avx512-vbmi,x86_64,linux,0
1,commit-5-correction-amd-9950x3d,run-1,3,base64-ng,encode,standard,padded,1024,1368,4096,12226947,327.146261,ssse3-sse4.1,avx512-vbmi,avx512-vbmi,x86_64,linux,0
1,commit-5-correction-amd-9950x3d,run-1,4,base64-ng,encode,standard,padded,1024,1368,4096,12538394,319.020123,ssse3-sse4.1,avx512-vbmi,avx512-vbmi,x86_64,linux,0
1,commit-5-correction-amd-9950x3d,run-1,0,base64-ng,decode,standard,padded,1024,1368,4096,52149972,76.701863,ssse3-sse4.1,avx512-vbmi,avx512-vbmi,x86_64,linux,0
1,commit-5-correction-amd-9950x3d,run-1,1,base64-ng,decode,standard,padded,1024,1368,4096,51118491,78.249571,ssse3-sse4.1,avx512-vbmi,avx512-vbmi,x86_64,linux,0
1,commit-5-correction-amd-9950x3d,run-1,2,base64-ng,decode,standard,padded,1024,1368,4096,51007482,78.419868,ssse3-sse4.1,avx512-vbmi,avx512-vbmi,x86_64,linux,0
1,commit-5-correction-amd-9950x3d,run-1,3,base64-ng,decode,standard,padded,1024,1368,4096,51095558,78.284692,ssse3-sse4.1,avx512-vbmi,avx512-vbmi,x86_64,linux,0
1,commit-5-correction-amd-9950x3d,run-1,4,base64-ng,decode,standard,padded,1024,1368,4096,52378934,76.366579,ssse3-sse4.1,avx512-vbmi,avx512-vbmi,x86_64,linux,0
1,commit-5-correction-amd-9950x3d,run-1,0,base64-ng,encode,standard,padded,1024,1368,4096,6843403,584.504522,avx2,avx512-vbmi,avx512-vbmi,x86_64,linux,0
1,commit-5-correction-amd-9950x3d,run-1,1,base64-ng,encode,standard,padded,1024,1368,4096,6840988,584.710863,avx2,avx512-vbmi,avx512-vbmi,x86_64,linux,0
1,commit-5-correction-amd-9950x3d,run-1,2,base64-ng,encode,standard,padded,1024,1368,4096,6831160,585.552088,avx2,avx512-vbmi,avx512-vbmi,x86_64,linux,0
1,commit-5-correction-amd-9950x3d,run-1,3,base64-ng,encode,standard,padded,1024,1368,4096,6839756,584.816184,avx2,avx512-vbmi,avx512-vbmi,x86_64,linux,0
1,commit-5-correction-amd-9950x3d,run-1,4,base64-ng,encode,standard,padded,1024,1368,4096,6789180,589.172772,avx2,avx512-vbmi,avx512-vbmi,x86_64,linux,0
1,commit-5-correction-amd-9950x3d,run-1,0,base64-ng,decode,standard,padded,1024,1368,4096,35807968,111.706981,avx2,avx512-vbmi,avx512-vbmi,x86_64,linux,0
1,commit-5-correction-amd-9950x3d,run-1,1,base64-ng,decode,standard,padded,1024,1368,4096,39121095,102.246627,avx2,avx512-vbmi,avx512-vbmi,x86_64,linux,0
1,commit-5-correction-amd-9950x3d,run-1,2,base64-ng,decode,standard,padded,1024,1368,4096,36420311,109.828826,avx2,avx512-vbmi,avx512-vbmi,x86_64,linux,0
1,commit-5-correction-amd-9950x3d,run-1,3,base64-ng,decode,standard,padded,1024,1368,4096,35993268,111.131893,avx2,avx512-vbmi,avx512-vbmi,x86_64,linux,0
1,commit-5-correction-amd-9950x3d,run-1,4,base64-ng,decode,standard,padded,1024,1368,4096,35803360,111.721358,avx2,avx512-vbmi,avx512-vbmi,x86_64,linux,0
1,commit-5-correction-amd-9950x3d,run-1,0,base64-ng,encode,standard,padded,1024,1368,4096,3950427,1012.548770,avx512-vbmi,avx512-vbmi,avx512-vbmi,x86_64,linux,0
1,commit-5-correction-amd-9950x3d,run-1,1,base64-ng,encode,standard,padded,1024,1368,4096,3909600,1023.122570,avx512-vbmi,avx512-vbmi,avx512-vbmi,x86_64,linux,0
1,commit-5-correction-amd-9950x3d,run-1,2,base64-ng,encode,standard,padded,1024,1368,4096,3897166,1026.386867,avx512-vbmi,avx512-vbmi,avx512-vbmi,x86_64,linux,0
1,commit-5-correction-amd-9950x3d,run-1,3,base64-ng,encode,standard,padded,1024,1368,4096,3902516,1024.979782,avx512-vbmi,avx512-vbmi,avx512-vbmi,x86_64,linux,0
1,commit-5-correction-amd-9950x3d,run-1,4,base64-ng,encode,standard,padded,1024,1368,4096,3951048,1012.389624,avx512-vbmi,avx512-vbmi,avx512-vbmi,x86_64,linux,0
1,commit-5-correction-amd-9950x3d,run-1,0,base64-ng,decode,standard,padded,1024,1368,4096,28174148,141.974125,avx512-vbmi,avx512-vbmi,avx512-vbmi,x86_64,linux,0
1,commit-5-correction-amd-9950x3d,run-1,1,base64-ng,decode,standard,padded,1024,1368,4096,27715364,144.324282,avx512-vbmi,avx512-vbmi,avx512-vbmi,x86_64,linux,0
1,commit-5-correction-amd-9950x3d,run-1,2,base64-ng,decode,standard,padded,1024,1368,4096,28031229,142.697989,avx512-vbmi,avx512-vbmi,avx512-vbmi,x86_64,linux,0
1,commit-5-correction-amd-9950x3d,run-1,3,base64-ng,decode,standard,padded,1024,1368,4096,27647086,144.680709,avx512-vbmi,avx512-vbmi,avx512-vbmi,x86_64,linux,0
1,commit-5-correction-amd-9950x3d,run-1,4,base64-ng,decode,standard,padded,1024,1368,4096,27981796,142.950081,avx512-vbmi,avx512-vbmi,avx512-vbmi,x86_64,linux,0
1,commit-5-correction-amd-9950x3d,run-1,0,base64-0.23.0,encode,standard,padded,1024,1368,4096,877652,4557.615091,external,avx512-vbmi,avx512-vbmi,x86_64,linux,0
1,commit-5-correction-amd-9950x3d,run-1,1,base64-0.23.0,encode,standard,padded,1024,1368,4096,882541,4532.367335,external,avx512-vbmi,avx512-vbmi,x86_64,linux,0
1,commit-5-correction-amd-9950x3d,run-1,2,base64-0.23.0,encode,standard,padded,1024,1368,4096,879646,4547.283794,external,avx512-vbmi,avx512-vbmi,x86_64,linux,0
1,commit-5-correction-amd-9950x3d,run-1,3,base64-0.23.0,encode,standard,padded,1024,1368,4096,877302,4559.433354,external,avx512-vbmi,avx512-vbmi,x86_64,linux,0
1,commit-5-correction-amd-9950x3d,run-1,4,base64-0.23.0,encode,standard,padded,1024,1368,4096,877131,4560.322232,external,avx512-vbmi,avx512-vbmi,x86_64,linux,0
1,commit-5-correction-amd-9950x3d,run-1,0,base64-0.23.0,decode,standard,padded,1024,1368,4096,1003229,3987.125572,external,avx512-vbmi,avx512-vbmi,x86_64,linux,0
1,commit-5-correction-amd-9950x3d,run-1,1,base64-0.23.0,decode,standard,padded,1024,1368,4096,996225,4015.157218,external,avx512-vbmi,avx512-vbmi,x86_64,linux,0
1,commit-5-correction-amd-9950x3d,run-1,2,base64-0.23.0,decode,standard,padded,1024,1368,4096,1000874,3996.507053,external,avx512-vbmi,avx512-vbmi,x86_64,linux,0
1,commit-5-correction-amd-9950x3d,run-1,3,base64-0.23.0,decode,standard,padded,1024,1368,4096,1006745,3973.200761,external,avx512-vbmi,avx512-vbmi,x86_64,linux,0
1,commit-5-correction-amd-9950x3d,run-1,4,base64-0.23.0,decode,standard,padded,1024,1368,4096,1008859,3964.875171,external,avx512-vbmi,avx512-vbmi,x86_64,linux,0
1,commit-5-correction-amd-9950x3d,run-1,0,base64ct-1.8.3,encode,standard,padded,1024,1368,4096,1397460,2862.335952,external,avx512-vbmi,avx512-vbmi,x86_64,linux,0
1,commit-5-correction-amd-9950x3d,run-1,1,base64ct-1.8.3,encode,standard,padded,1024,1368,4096,1372745,2913.869655,external,avx512-vbmi,avx512-vbmi,x86_64,linux,0
1,commit-5-correction-amd-9950x3d,run-1,2,base64ct-1.8.3,encode,standard,padded,1024,1368,4096,1378334,2902.054219,external,avx512-vbmi,avx512-vbmi,x86_64,linux,0
1,commit-5-correction-amd-9950x3d,run-1,3,base64ct-1.8.3,encode,standard,padded,1024,1368,4096,1381421,2895.569128,external,avx512-vbmi,avx512-vbmi,x86_64,linux,0
1,commit-5-correction-amd-9950x3d,run-1,4,base64ct-1.8.3,encode,standard,padded,1024,1368,4096,1379697,2899.187285,external,avx512-vbmi,avx512-vbmi,x86_64,linux,0
1,commit-5-correction-amd-9950x3d,run-1,0,base64ct-1.8.3,decode,standard,padded,1024,1368,4096,4667467,856.995882,external,avx512-vbmi,avx512-vbmi,x86_64,linux,0
1,commit-5-correction-amd-9950x3d,run-1,1,base64ct-1.8.3,decode,standard,padded,1024,1368,4096,4684438,853.891118,external,avx512-vbmi,avx512-vbmi,x86_64,linux,0
1,commit-5-correction-amd-9950x3d,run-1,2,base64ct-1.8.3,decode,standard,padded,1024,1368,4096,4677635,855.132989,external,avx512-vbmi,avx512-vbmi,x86_64,linux,0
1,commit-5-correction-amd-9950x3d,run-1,3,base64ct-1.8.3,decode,standard,padded,1024,1368,4096,4685220,853.748597,external,avx512-vbmi,avx512-vbmi,x86_64,linux,0
1,commit-5-correction-amd-9950x3d,run-1,4,base64ct-1.8.3,decode,standard,padded,1024,1368,4096,5112905,782.334113,external,avx512-vbmi,avx512-vbmi,x86_64,linux,0
1,commit-5-correction-amd-9950x3d,run-1,0,base64-ng,encode,standard,padded,65536,87384,64,3987457,1003.145614,auto,avx512-vbmi,avx512-vbmi,x86_64,linux,0
1,commit-5-correction-amd-9950x3d,run-1,1,base64-ng,encode,standard,padded,65536,87384,64,4103485,974.781192,auto,avx512-vbmi,avx512-vbmi,x86_64,linux,0
1,commit-5-correction-amd-9950x3d,run-1,2,base64-ng,encode,standard,padded,65536,87384,64,3543060,1128.967616,auto,avx512-vbmi,avx512-vbmi,x86_64,linux,0
1,commit-5-correction-amd-9950x3d,run-1,3,base64-ng,encode,standard,padded,65536,87384,64,3553048,1125.793966,auto,avx512-vbmi,avx512-vbmi,x86_64,linux,0
1,commit-5-correction-amd-9950x3d,run-1,4,base64-ng,encode,standard,padded,65536,87384,64,3562487,1122.811115,auto,avx512-vbmi,avx512-vbmi,x86_64,linux,0
1,commit-5-correction-amd-9950x3d,run-1,0,base64-ng,decode,standard,padded,65536,87384,64,27196888,147.075651,auto,avx512-vbmi,avx512-vbmi,x86_64,linux,0
1,commit-5-correction-amd-9950x3d,run-1,1,base64-ng,decode,standard,padded,65536,87384,64,27263313,146.717312,auto,avx512-vbmi,avx512-vbmi,x86_64,linux,0
1,commit-5-correction-amd-9950x3d,run-1,2,base64-ng,decode,standard,padded,65536,87384,64,27335259,146.331154,auto,avx512-vbmi,avx512-vbmi,x86_64,linux,0
1,commit-5-correction-amd-9950x3d,run-1,3,base64-ng,decode,standard,padded,65536,87384,64,27752484,144.131242,auto,avx512-vbmi,avx512-vbmi,x86_64,linux,0
1,commit-5-correction-amd-9950x3d,run-1,4,base64-ng,decode,standard,padded,65536,87384,64,27265918,146.703295,auto,avx512-vbmi,avx512-vbmi,x86_64,linux,0
1,commit-5-correction-amd-9950x3d,run-1,0,base64-ng,encode,standard,padded,65536,87384,64,1818143,2200.046971,scalar,avx512-vbmi,avx512-vbmi,x86_64,linux,0
1,commit-5-correction-amd-9950x3d,run-1,1,base64-ng,encode,standard,padded,65536,87384,64,1824866,2191.941764,scalar,avx512-vbmi,avx512-vbmi,x86_64,linux,0
1,commit-5-correction-amd-9950x3d,run-1,2,base64-ng,encode,standard,padded,65536,87384,64,1839654,2174.321911,scalar,avx512-vbmi,avx512-vbmi,x86_64,linux,0
1,commit-5-correction-amd-9950x3d,run-1,3,base64-ng,encode,standard,padded,65536,87384,64,1840835,2172.926960,scalar,avx512-vbmi,avx512-vbmi,x86_64,linux,0
1,commit-5-correction-amd-9950x3d,run-1,4,base64-ng,encode,standard,padded,65536,87384,64,1840655,2173.139453,scalar,avx512-vbmi,avx512-vbmi,x86_64,linux,0
1,commit-5-correction-amd-9950x3d,run-1,0,base64-ng,decode,standard,padded,65536,87384,64,12928829,309.386101,scalar,avx512-vbmi,avx512-vbmi,x86_64,linux,0
1,commit-5-correction-amd-9950x3d,run-1,1,base64-ng,decode,standard,padded,65536,87384,64,13135648,304.514859,scalar,avx512-vbmi,avx512-vbmi,x86_64,linux,0
1,commit-5-correction-amd-9950x3d,run-1,2,base64-ng,decode,standard,padded,65536,87384,64,12913811,309.745899,scalar,avx512-vbmi,avx512-vbmi,x86_64,linux,0
1,commit-5-correction-amd-9950x3d,run-1,3,base64-ng,decode,standard,padded,65536,87384,64,13636000,293.341156,scalar,avx512-vbmi,avx512-vbmi,x86_64,linux,0
1,commit-5-correction-amd-9950x3d,run-1,4,base64-ng,decode,standard,padded,65536,87384,64,12968543,308.438658,scalar,avx512-vbmi,avx512-vbmi,x86_64,linux,0
1,commit-5-correction-amd-9950x3d,run-1,0,base64-ng,encode,standard,padded,65536,87384,64,12036128,332.332790,ssse3-sse4.1,avx512-vbmi,avx512-vbmi,x86_64,linux,0
1,commit-5-correction-amd-9950x3d,run-1,1,base64-ng,encode,standard,padded,65536,87384,64,12070623,331.383061,ssse3-sse4.1,avx512-vbmi,avx512-vbmi,x86_64,linux,0
1,commit-5-correction-amd-9950x3d,run-1,2,base64-ng,encode,standard,padded,65536,87384,64,12042290,332.162736,ssse3-sse4.1,avx512-vbmi,avx512-vbmi,x86_64,linux,0
1,commit-5-correction-amd-9950x3d,run-1,3,base64-ng,encode,standard,padded,65536,87384,64,12193324,328.048365,ssse3-sse4.1,avx512-vbmi,avx512-vbmi,x86_64,linux,0
1,commit-5-correction-amd-9950x3d,run-1,4,base64-ng,encode,standard,padded,65536,87384,64,12236496,326.890966,ssse3-sse4.1,avx512-vbmi,avx512-vbmi,x86_64,linux,0
1,commit-5-correction-amd-9950x3d,run-1,0,base64-ng,decode,standard,padded,65536,87384,64,51479680,77.700561,ssse3-sse4.1,avx512-vbmi,avx512-vbmi,x86_64,linux,0
1,commit-5-correction-amd-9950x3d,run-1,1,base64-ng,decode,standard,padded,65536,87384,64,51527762,77.628056,ssse3-sse4.1,avx512-vbmi,avx512-vbmi,x86_64,linux,0
1,commit-5-correction-amd-9950x3d,run-1,2,base64-ng,decode,standard,padded,65536,87384,64,52535248,76.139357,ssse3-sse4.1,avx512-vbmi,avx512-vbmi,x86_64,linux,0
1,commit-5-correction-amd-9950x3d,run-1,3,base64-ng,decode,standard,padded,65536,87384,64,52186402,76.648319,ssse3-sse4.1,avx512-vbmi,avx512-vbmi,x86_64,linux,0
1,commit-5-correction-amd-9950x3d,run-1,4,base64-ng,decode,standard,padded,65536,87384,64,51061464,78.336963,ssse3-sse4.1,avx512-vbmi,avx512-vbmi,x86_64,linux,0
1,commit-5-correction-amd-9950x3d,run-1,0,base64-ng,encode,standard,padded,65536,87384,64,6537187,611.883980,avx2,avx512-vbmi,avx512-vbmi,x86_64,linux,0
1,commit-5-correction-amd-9950x3d,run-1,1,base64-ng,encode,standard,padded,65536,87384,64,6503122,615.089183,avx2,avx512-vbmi,avx512-vbmi,x86_64,linux,0
1,commit-5-correction-amd-9950x3d,run-1,2,base64-ng,encode,standard,padded,65536,87384,64,6520234,613.474915,avx2,avx512-vbmi,avx512-vbmi,x86_64,linux,0
1,commit-5-correction-amd-9950x3d,run-1,3,base64-ng,encode,standard,padded,65536,87384,64,6493073,616.041126,avx2,avx512-vbmi,avx512-vbmi,x86_64,linux,0
1,commit-5-correction-amd-9950x3d,run-1,4,base64-ng,encode,standard,padded,65536,87384,64,6545001,611.153459,avx2,avx512-vbmi,avx512-vbmi,x86_64,linux,0
1,commit-5-correction-amd-9950x3d,run-1,0,base64-ng,decode,standard,padded,65536,87384,64,35525267,112.595917,avx2,avx512-vbmi,avx512-vbmi,x86_64,linux,0
1,commit-5-correction-amd-9950x3d,run-1,1,base64-ng,decode,standard,padded,65536,87384,64,36162626,110.611436,avx2,avx512-vbmi,avx512-vbmi,x86_64,linux,0
1,commit-5-correction-amd-9950x3d,run-1,2,base64-ng,decode,standard,padded,65536,87384,64,35550404,112.516302,avx2,avx512-vbmi,avx512-vbmi,x86_64,linux,0
1,commit-5-correction-amd-9950x3d,run-1,3,base64-ng,decode,standard,padded,65536,87384,64,35475132,112.755042,avx2,avx512-vbmi,avx512-vbmi,x86_64,linux,0
1,commit-5-correction-amd-9950x3d,run-1,4,base64-ng,decode,standard,padded,65536,87384,64,35767072,111.834707,avx2,avx512-vbmi,avx512-vbmi,x86_64,linux,0
1,commit-5-correction-amd-9950x3d,run-1,0,base64-ng,encode,standard,padded,65536,87384,64,3541507,1129.462684,avx512-vbmi,avx512-vbmi,avx512-vbmi,x86_64,linux,0
1,commit-5-correction-amd-9950x3d,run-1,1,base64-ng,encode,standard,padded,65536,87384,64,3498166,1143.456314,avx512-vbmi,avx512-vbmi,avx512-vbmi,x86_64,linux,0
1,commit-5-correction-amd-9950x3d,run-1,2,base64-ng,encode,standard,padded,65536,87384,64,3540405,1129.814244,avx512-vbmi,avx512-vbmi,avx512-vbmi,x86_64,linux,0
1,commit-5-correction-amd-9950x3d,run-1,3,base64-ng,encode,standard,padded,65536,87384,64,3527781,1133.857232,avx512-vbmi,avx512-vbmi,avx512-vbmi,x86_64,linux,0
1,commit-5-correction-amd-9950x3d,run-1,4,base64-ng,encode,standard,padded,65536,87384,64,3517051,1137.316462,avx512-vbmi,avx512-vbmi,avx512-vbmi,x86_64,linux,0
1,commit-5-correction-amd-9950x3d,run-1,0,base64-ng,decode,standard,padded,65536,87384,64,27258895,146.741091,avx512-vbmi,avx512-vbmi,avx512-vbmi,x86_64,linux,0
1,commit-5-correction-amd-9950x3d,run-1,1,base64-ng,decode,standard,padded,65536,87384,64,27417754,145.890871,avx512-vbmi,avx512-vbmi,avx512-vbmi,x86_64,linux,0
1,commit-5-correction-amd-9950x3d,run-1,2,base64-ng,decode,standard,padded,65536,87384,64,27210153,147.003951,avx512-vbmi,avx512-vbmi,avx512-vbmi,x86_64,linux,0
1,commit-5-correction-amd-9950x3d,run-1,3,base64-ng,decode,standard,padded,65536,87384,64,28617523,139.774501,avx512-vbmi,avx512-vbmi,avx512-vbmi,x86_64,linux,0
1,commit-5-correction-amd-9950x3d,run-1,4,base64-ng,decode,standard,padded,65536,87384,64,28607404,139.823942,avx512-vbmi,avx512-vbmi,avx512-vbmi,x86_64,linux,0
1,commit-5-correction-amd-9950x3d,run-1,0,base64-0.23.0,encode,standard,padded,65536,87384,64,791220,5055.483936,external,avx512-vbmi,avx512-vbmi,x86_64,linux,0
1,commit-5-correction-amd-9950x3d,run-1,1,base64-0.23.0,encode,standard,padded,65536,87384,64,793865,5038.640071,external,avx512-vbmi,avx512-vbmi,x86_64,linux,0
1,commit-5-correction-amd-9950x3d,run-1,2,base64-0.23.0,encode,standard,padded,65536,87384,64,799606,5002.463713,external,avx512-vbmi,avx512-vbmi,x86_64,linux,0
1,commit-5-correction-amd-9950x3d,run-1,3,base64-0.23.0,encode,standard,padded,65536,87384,64,802160,4986.536352,external,avx512-vbmi,avx512-vbmi,x86_64,linux,0
1,commit-5-correction-amd-9950x3d,run-1,4,base64-0.23.0,encode,standard,padded,65536,87384,64,804855,4969.839288,external,avx512-vbmi,avx512-vbmi,x86_64,linux,0
1,commit-5-correction-amd-9950x3d,run-1,0,base64-0.23.0,decode,standard,padded,65536,87384,64,948075,4219.075495,external,avx512-vbmi,avx512-vbmi,x86_64,linux,0
1,commit-5-correction-amd-9950x3d,run-1,1,base64-0.23.0,decode,standard,padded,65536,87384,64,953225,4196.281046,external,avx512-vbmi,avx512-vbmi,x86_64,linux,0
1,commit-5-correction-amd-9950x3d,run-1,2,base64-0.23.0,decode,standard,padded,65536,87384,64,960048,4166.458344,external,avx512-vbmi,avx512-vbmi,x86_64,linux,0
1,commit-5-correction-amd-9950x3d,run-1,3,base64-0.23.0,decode,standard,padded,65536,87384,64,958534,4173.039245,external,avx512-vbmi,avx512-vbmi,x86_64,linux,0
1,commit-5-correction-amd-9950x3d,run-1,4,base64-0.23.0,decode,standard,padded,65536,87384,64,960077,4166.332492,external,avx512-vbmi,avx512-vbmi,x86_64,linux,0
1,commit-5-correction-amd-9950x3d,run-1,0,base64ct-1.8.3,encode,standard,padded,65536,87384,64,1352366,2957.779181,external,avx512-vbmi,avx512-vbmi,x86_64,linux,0
1,commit-5-correction-amd-9950x3d,run-1,1,base64ct-1.8.3,encode,standard,padded,65536,87384,64,1336866,2992.072504,external,avx512-vbmi,avx512-vbmi,x86_64,linux,0
1,commit-5-correction-amd-9950x3d,run-1,2,base64ct-1.8.3,encode,standard,padded,65536,87384,64,1345753,2972.313642,external,avx512-vbmi,avx512-vbmi,x86_64,linux,0
1,commit-5-correction-amd-9950x3d,run-1,3,base64ct-1.8.3,encode,standard,padded,65536,87384,64,1346415,2970.852226,external,avx512-vbmi,avx512-vbmi,x86_64,linux,0
1,commit-5-correction-amd-9950x3d,run-1,4,base64ct-1.8.3,encode,standard,padded,65536,87384,64,1345263,2973.396280,external,avx512-vbmi,avx512-vbmi,x86_64,linux,0
1,commit-5-correction-amd-9950x3d,run-1,0,base64ct-1.8.3,decode,standard,padded,65536,87384,64,4583288,872.735905,external,avx512-vbmi,avx512-vbmi,x86_64,linux,0
1,commit-5-correction-amd-9950x3d,run-1,1,base64ct-1.8.3,decode,standard,padded,65536,87384,64,4589399,871.573816,external,avx512-vbmi,avx512-vbmi,x86_64,linux,0
1,commit-5-correction-amd-9950x3d,run-1,2,base64ct-1.8.3,decode,standard,padded,65536,87384,64,4587446,871.944869,external,avx512-vbmi,avx512-vbmi,x86_64,linux,0
1,commit-5-correction-amd-9950x3d,run-1,3,base64ct-1.8.3,decode,standard,padded,65536,87384,64,4582697,872.848456,external,avx512-vbmi,avx512-vbmi,x86_64,linux,0
1,commit-5-correction-amd-9950x3d,run-1,4,base64ct-1.8.3,decode,standard,padded,65536,87384,64,4591123,871.246534,external,avx512-vbmi,avx512-vbmi,x86_64,linux,0
1,commit-5-correction-amd-9950x3d,run-1,0,base64-ng,encode,standard,unpadded,1,2,4194304,35631657,112.259725,auto,avx512-vbmi,avx512-vbmi,x86_64,linux,0
1,commit-5-correction-amd-9950x3d,run-1,1,base64-ng,encode,standard,unpadded,1,2,4194304,35701588,112.039834,auto,avx512-vbmi,avx512-vbmi,x86_64,linux,0
1,commit-5-correction-amd-9950x3d,run-1,2,base64-ng,encode,standard,unpadded,1,2,4194304,35665611,112.152852,auto,avx512-vbmi,avx512-vbmi,x86_64,linux,0
1,commit-5-correction-amd-9950x3d,run-1,3,base64-ng,encode,standard,unpadded,1,2,4194304,35780768,111.791899,auto,avx512-vbmi,avx512-vbmi,x86_64,linux,0
1,commit-5-correction-amd-9950x3d,run-1,4,base64-ng,encode,standard,unpadded,1,2,4194304,36009508,111.081773,auto,avx512-vbmi,avx512-vbmi,x86_64,linux,0
1,commit-5-correction-amd-9950x3d,run-1,0,base64-ng,decode,standard,unpadded,1,2,4194304,59677202,67.027271,auto,avx512-vbmi,avx512-vbmi,x86_64,linux,0
1,commit-5-correction-amd-9950x3d,run-1,1,base64-ng,decode,standard,unpadded,1,2,4194304,59048359,67.741087,auto,avx512-vbmi,avx512-vbmi,x86_64,linux,0
1,commit-5-correction-amd-9950x3d,run-1,2,base64-ng,decode,standard,unpadded,1,2,4194304,58979609,67.820049,auto,avx512-vbmi,avx512-vbmi,x86_64,linux,0
1,commit-5-correction-amd-9950x3d,run-1,3,base64-ng,decode,standard,unpadded,1,2,4194304,59498948,67.228079,auto,avx512-vbmi,avx512-vbmi,x86_64,linux,0
1,commit-5-correction-amd-9950x3d,run-1,4,base64-ng,decode,standard,unpadded,1,2,4194304,59478078,67.251669,auto,avx512-vbmi,avx512-vbmi,x86_64,linux,0
1,commit-5-correction-amd-9950x3d,run-1,0,base64-ng,encode,standard,unpadded,1,2,4194304,26506749,150.904964,scalar,avx512-vbmi,avx512-vbmi,x86_64,linux,0
1,commit-5-correction-amd-9950x3d,run-1,1,base64-ng,encode,standard,unpadded,1,2,4194304,26672822,149.965384,scalar,avx512-vbmi,avx512-vbmi,x86_64,linux,0
1,commit-5-correction-amd-9950x3d,run-1,2,base64-ng,encode,standard,unpadded,1,2,4194304,26534080,150.749527,scalar,avx512-vbmi,avx512-vbmi,x86_64,linux,0
1,commit-5-correction-amd-9950x3d,run-1,3,base64-ng,encode,standard,unpadded,1,2,4194304,26464450,151.146160,scalar,avx512-vbmi,avx512-vbmi,x86_64,linux,0
1,commit-5-correction-amd-9950x3d,run-1,4,base64-ng,encode,standard,unpadded,1,2,4194304,26502471,150.929323,scalar,avx512-vbmi,avx512-vbmi,x86_64,linux,0
1,commit-5-correction-amd-9950x3d,run-1,0,base64-ng,decode,standard,unpadded,1,2,4194304,36622712,109.221840,scalar,avx512-vbmi,avx512-vbmi,x86_64,linux,0
1,commit-5-correction-amd-9950x3d,run-1,1,base64-ng,decode,standard,unpadded,1,2,4194304,36680341,109.050240,scalar,avx512-vbmi,avx512-vbmi,x86_64,linux,0
1,commit-5-correction-amd-9950x3d,run-1,2,base64-ng,decode,standard,unpadded,1,2,4194304,36706260,108.973238,scalar,avx512-vbmi,avx512-vbmi,x86_64,linux,0
1,commit-5-correction-amd-9950x3d,run-1,3,base64-ng,decode,standard,unpadded,1,2,4194304,37033496,108.010327,scalar,avx512-vbmi,avx512-vbmi,x86_64,linux,0
1,commit-5-correction-amd-9950x3d,run-1,4,base64-ng,decode,standard,unpadded,1,2,4194304,36757867,108.820242,scalar,avx512-vbmi,avx512-vbmi,x86_64,linux,0
1,commit-5-correction-amd-9950x3d,run-1,0,base64-ng,encode,standard,unpadded,1,2,4194304,35768965,111.828788,ssse3-sse4.1,avx512-vbmi,avx512-vbmi,x86_64,linux,0
1,commit-5-correction-amd-9950x3d,run-1,1,base64-ng,encode,standard,unpadded,1,2,4194304,39956498,100.108873,ssse3-sse4.1,avx512-vbmi,avx512-vbmi,x86_64,linux,0
1,commit-5-correction-amd-9950x3d,run-1,2,base64-ng,encode,standard,unpadded,1,2,4194304,36558572,109.413464,ssse3-sse4.1,avx512-vbmi,avx512-vbmi,x86_64,linux,0
1,commit-5-correction-amd-9950x3d,run-1,3,base64-ng,encode,standard,unpadded,1,2,4194304,35872450,111.506184,ssse3-sse4.1,avx512-vbmi,avx512-vbmi,x86_64,linux,0
1,commit-5-correction-amd-9950x3d,run-1,4,base64-ng,encode,standard,unpadded,1,2,4194304,35647657,112.209338,ssse3-sse4.1,avx512-vbmi,avx512-vbmi,x86_64,linux,0
1,commit-5-correction-amd-9950x3d,run-1,0,base64-ng,decode,standard,unpadded,1,2,4194304,46932280,85.229186,ssse3-sse4.1,avx512-vbmi,avx512-vbmi,x86_64,linux,0
1,commit-5-correction-amd-9950x3d,run-1,1,base64-ng,decode,standard,unpadded,1,2,4194304,46910699,85.268395,ssse3-sse4.1,avx512-vbmi,avx512-vbmi,x86_64,linux,0
1,commit-5-correction-amd-9950x3d,run-1,2,base64-ng,decode,standard,unpadded,1,2,4194304,46956486,85.185250,ssse3-sse4.1,avx512-vbmi,avx512-vbmi,x86_64,linux,0
1,commit-5-correction-amd-9950x3d,run-1,3,base64-ng,decode,standard,unpadded,1,2,4194304,47292578,84.579868,ssse3-sse4.1,avx512-vbmi,avx512-vbmi,x86_64,linux,0
1,commit-5-correction-amd-9950x3d,run-1,4,base64-ng,decode,standard,unpadded,1,2,4194304,47274094,84.612938,ssse3-sse4.1,avx512-vbmi,avx512-vbmi,x86_64,linux,0
1,commit-5-correction-amd-9950x3d,run-1,0,base64-ng,encode,standard,unpadded,1,2,4194304,35693002,112.066786,avx2,avx512-vbmi,avx512-vbmi,x86_64,linux,0
1,commit-5-correction-amd-9950x3d,run-1,1,base64-ng,encode,standard,unpadded,1,2,4194304,35627399,112.273141,avx2,avx512-vbmi,avx512-vbmi,x86_64,linux,0
1,commit-5-correction-amd-9950x3d,run-1,2,base64-ng,encode,standard,unpadded,1,2,4194304,35618683,112.300615,avx2,avx512-vbmi,avx512-vbmi,x86_64,linux,0
1,commit-5-correction-amd-9950x3d,run-1,3,base64-ng,encode,standard,unpadded,1,2,4194304,35658738,112.174469,avx2,avx512-vbmi,avx512-vbmi,x86_64,linux,0
1,commit-5-correction-amd-9950x3d,run-1,4,base64-ng,encode,standard,unpadded,1,2,4194304,35709404,112.015311,avx2,avx512-vbmi,avx512-vbmi,x86_64,linux,0
1,commit-5-correction-amd-9950x3d,run-1,0,base64-ng,decode,standard,unpadded,1,2,4194304,50391091,79.379111,avx2,avx512-vbmi,avx512-vbmi,x86_64,linux,0
1,commit-5-correction-amd-9950x3d,run-1,1,base64-ng,decode,standard,unpadded,1,2,4194304,50302585,79.518776,avx2,avx512-vbmi,avx512-vbmi,x86_64,linux,0
1,commit-5-correction-amd-9950x3d,run-1,2,base64-ng,decode,standard,unpadded,1,2,4194304,50257911,79.589460,avx2,avx512-vbmi,avx512-vbmi,x86_64,linux,0
1,commit-5-correction-amd-9950x3d,run-1,3,base64-ng,decode,standard,unpadded,1,2,4194304,50180685,79.711945,avx2,avx512-vbmi,avx512-vbmi,x86_64,linux,0
1,commit-5-correction-amd-9950x3d,run-1,4,base64-ng,decode,standard,unpadded,1,2,4194304,50406019,79.355602,avx2,avx512-vbmi,avx512-vbmi,x86_64,linux,0
1,commit-5-correction-amd-9950x3d,run-1,0,base64-ng,encode,standard,unpadded,1,2,4194304,37569034,106.470664,avx512-vbmi,avx512-vbmi,avx512-vbmi,x86_64,linux,0
1,commit-5-correction-amd-9950x3d,run-1,1,base64-ng,encode,standard,unpadded,1,2,4194304,37592809,106.403328,avx512-vbmi,avx512-vbmi,avx512-vbmi,x86_64,linux,0
1,commit-5-correction-amd-9950x3d,run-1,2,base64-ng,encode,standard,unpadded,1,2,4194304,41976952,95.290387,avx512-vbmi,avx512-vbmi,avx512-vbmi,x86_64,linux,0
1,commit-5-correction-amd-9950x3d,run-1,3,base64-ng,encode,standard,unpadded,1,2,4194304,37822521,105.757096,avx512-vbmi,avx512-vbmi,avx512-vbmi,x86_64,linux,0
1,commit-5-correction-amd-9950x3d,run-1,4,base64-ng,encode,standard,unpadded,1,2,4194304,37376161,107.020087,avx512-vbmi,avx512-vbmi,avx512-vbmi,x86_64,linux,0
1,commit-5-correction-amd-9950x3d,run-1,0,base64-ng,decode,standard,unpadded,1,2,4194304,55467108,72.114811,avx512-vbmi,avx512-vbmi,avx512-vbmi,x86_64,linux,0
1,commit-5-correction-amd-9950x3d,run-1,1,base64-ng,decode,standard,unpadded,1,2,4194304,55975574,71.459741,avx512-vbmi,avx512-vbmi,avx512-vbmi,x86_64,linux,0
1,commit-5-correction-amd-9950x3d,run-1,2,base64-ng,decode,standard,unpadded,1,2,4194304,55713932,71.795328,avx512-vbmi,avx512-vbmi,avx512-vbmi,x86_64,linux,0
1,commit-5-correction-amd-9950x3d,run-1,3,base64-ng,decode,standard,unpadded,1,2,4194304,56388532,70.936410,avx512-vbmi,avx512-vbmi,avx512-vbmi,x86_64,linux,0
1,commit-5-correction-amd-9950x3d,run-1,4,base64-ng,decode,standard,unpadded,1,2,4194304,55768394,71.725214,avx512-vbmi,avx512-vbmi,avx512-vbmi,x86_64,linux,0
1,commit-5-correction-amd-9950x3d,run-1,0,base64-0.23.0,encode,standard,unpadded,1,2,4194304,27406082,145.953004,external,avx512-vbmi,avx512-vbmi,x86_64,linux,0
1,commit-5-correction-amd-9950x3d,run-1,1,base64-0.23.0,encode,standard,unpadded,1,2,4194304,27618362,144.831182,external,avx512-vbmi,avx512-vbmi,x86_64,linux,0
1,commit-5-correction-amd-9950x3d,run-1,2,base64-0.23.0,encode,standard,unpadded,1,2,4194304,27454843,145.693785,external,avx512-vbmi,avx512-vbmi,x86_64,linux,0
1,commit-5-correction-amd-9950x3d,run-1,3,base64-0.23.0,encode,standard,unpadded,1,2,4194304,27346039,146.273469,external,avx512-vbmi,avx512-vbmi,x86_64,linux,0
1,commit-5-correction-amd-9950x3d,run-1,4,base64-0.23.0,encode,standard,unpadded,1,2,4194304,27331582,146.350841,external,avx512-vbmi,avx512-vbmi,x86_64,linux,0
1,commit-5-correction-amd-9950x3d,run-1,0,base64-0.23.0,decode,standard,unpadded,1,2,4194304,51183543,78.150119,external,avx512-vbmi,avx512-vbmi,x86_64,linux,0
1,commit-5-correction-amd-9950x3d,run-1,1,base64-0.23.0,decode,standard,unpadded,1,2,4194304,51490581,77.684111,external,avx512-vbmi,avx512-vbmi,x86_64,linux,0
1,commit-5-correction-amd-9950x3d,run-1,2,base64-0.23.0,decode,standard,unpadded,1,2,4194304,51169307,78.171862,external,avx512-vbmi,avx512-vbmi,x86_64,linux,0
1,commit-5-correction-amd-9950x3d,run-1,3,base64-0.23.0,decode,standard,unpadded,1,2,4194304,51147715,78.204862,external,avx512-vbmi,avx512-vbmi,x86_64,linux,0
1,commit-5-correction-amd-9950x3d,run-1,4,base64-0.23.0,decode,standard,unpadded,1,2,4194304,51267211,78.022579,external,avx512-vbmi,avx512-vbmi,x86_64,linux,0
1,commit-5-correction-amd-9950x3d,run-1,0,base64ct-1.8.3,encode,standard,unpadded,1,2,4194304,25792755,155.082309,external,avx512-vbmi,avx512-vbmi,x86_64,linux,0
1,commit-5-correction-amd-9950x3d,run-1,1,base64ct-1.8.3,encode,standard,unpadded,1,2,4194304,25730037,155.460328,external,avx512-vbmi,avx512-vbmi,x86_64,linux,0
1,commit-5-correction-amd-9950x3d,run-1,2,base64ct-1.8.3,encode,standard,unpadded,1,2,4194304,25815498,154.945684,external,avx512-vbmi,avx512-vbmi,x86_64,linux,0
1,commit-5-correction-amd-9950x3d,run-1,3,base64ct-1.8.3,encode,standard,unpadded,1,2,4194304,25774140,155.194315,external,avx512-vbmi,avx512-vbmi,x86_64,linux,0
1,commit-5-correction-amd-9950x3d,run-1,4,base64ct-1.8.3,encode,standard,unpadded,1,2,4194304,25627614,156.081639,external,avx512-vbmi,avx512-vbmi,x86_64,linux,0
1,commit-5-correction-amd-9950x3d,run-1,0,base64ct-1.8.3,decode,standard,unpadded,1,2,4194304,102672962,38.958650,external,avx512-vbmi,avx512-vbmi,x86_64,linux,0
1,commit-5-correction-amd-9950x3d,run-1,1,base64ct-1.8.3,decode,standard,unpadded,1,2,4194304,99903920,40.038469,external,avx512-vbmi,avx512-vbmi,x86_64,linux,0
1,commit-5-correction-amd-9950x3d,run-1,2,base64ct-1.8.3,decode,standard,unpadded,1,2,4194304,99847033,40.061281,external,avx512-vbmi,avx512-vbmi,x86_64,linux,0
1,commit-5-correction-amd-9950x3d,run-1,3,base64ct-1.8.3,decode,standard,unpadded,1,2,4194304,101869650,39.265866,external,avx512-vbmi,avx512-vbmi,x86_64,linux,0
1,commit-5-correction-amd-9950x3d,run-1,4,base64ct-1.8.3,decode,standard,unpadded,1,2,4194304,100992419,39.606933,external,avx512-vbmi,avx512-vbmi,x86_64,linux,0
1,commit-5-correction-amd-9950x3d,run-1,0,base64-ng,encode,standard,unpadded,2,3,2097152,21216270,188.534554,auto,avx512-vbmi,avx512-vbmi,x86_64,linux,0
1,commit-5-correction-amd-9950x3d,run-1,1,base64-ng,encode,standard,unpadded,2,3,2097152,21238873,188.333910,auto,avx512-vbmi,avx512-vbmi,x86_64,linux,0
1,commit-5-correction-amd-9950x3d,run-1,2,base64-ng,encode,standard,unpadded,2,3,2097152,21224555,188.460959,auto,avx512-vbmi,avx512-vbmi,x86_64,linux,0
1,commit-5-correction-amd-9950x3d,run-1,3,base64-ng,encode,standard,unpadded,2,3,2097152,21237340,188.347505,auto,avx512-vbmi,avx512-vbmi,x86_64,linux,0
1,commit-5-correction-amd-9950x3d,run-1,4,base64-ng,encode,standard,unpadded,2,3,2097152,21358287,187.280937,auto,avx512-vbmi,avx512-vbmi,x86_64,linux,0
1,commit-5-correction-amd-9950x3d,run-1,0,base64-ng,decode,standard,unpadded,2,3,2097152,33666838,118.811277,auto,avx512-vbmi,avx512-vbmi,x86_64,linux,0
1,commit-5-correction-amd-9950x3d,run-1,1,base64-ng,decode,standard,unpadded,2,3,2097152,34037846,117.516249,auto,avx512-vbmi,avx512-vbmi,x86_64,linux,0
1,commit-5-correction-amd-9950x3d,run-1,2,base64-ng,decode,standard,unpadded,2,3,2097152,33376111,119.846198,auto,avx512-vbmi,avx512-vbmi,x86_64,linux,0
1,commit-5-correction-amd-9950x3d,run-1,3,base64-ng,decode,standard,unpadded,2,3,2097152,33466551,119.522325,auto,avx512-vbmi,avx512-vbmi,x86_64,linux,0
1,commit-5-correction-amd-9950x3d,run-1,4,base64-ng,decode,standard,unpadded,2,3,2097152,33490546,119.436691,auto,avx512-vbmi,avx512-vbmi,x86_64,linux,0
1,commit-5-correction-amd-9950x3d,run-1,0,base64-ng,encode,standard,unpadded,2,3,2097152,18425096,217.095205,scalar,avx512-vbmi,avx512-vbmi,x86_64,linux,0
1,commit-5-correction-amd-9950x3d,run-1,1,base64-ng,encode,standard,unpadded,2,3,2097152,18397403,217.421992,scalar,avx512-vbmi,avx512-vbmi,x86_64,linux,0
1,commit-5-correction-amd-9950x3d,run-1,2,base64-ng,encode,standard,unpadded,2,3,2097152,18403455,217.350492,scalar,avx512-vbmi,avx512-vbmi,x86_64,linux,0
1,commit-5-correction-amd-9950x3d,run-1,3,base64-ng,encode,standard,unpadded,2,3,2097152,18393686,217.465928,scalar,avx512-vbmi,avx512-vbmi,x86_64,linux,0
1,commit-5-correction-amd-9950x3d,run-1,4,base64-ng,encode,standard,unpadded,2,3,2097152,18508983,216.111280,scalar,avx512-vbmi,avx512-vbmi,x86_64,linux,0
1,commit-5-correction-amd-9950x3d,run-1,0,base64-ng,decode,standard,unpadded,2,3,2097152,24081303,166.103969,scalar,avx512-vbmi,avx512-vbmi,x86_64,linux,0
1,commit-5-correction-amd-9950x3d,run-1,1,base64-ng,decode,standard,unpadded,2,3,2097152,23692120,168.832506,scalar,avx512-vbmi,avx512-vbmi,x86_64,linux,0
1,commit-5-correction-amd-9950x3d,run-1,2,base64-ng,decode,standard,unpadded,2,3,2097152,23667204,169.010247,scalar,avx512-vbmi,avx512-vbmi,x86_64,linux,0
1,commit-5-correction-amd-9950x3d,run-1,3,base64-ng,decode,standard,unpadded,2,3,2097152,23733639,168.537155,scalar,avx512-vbmi,avx512-vbmi,x86_64,linux,0
1,commit-5-correction-amd-9950x3d,run-1,4,base64-ng,decode,standard,unpadded,2,3,2097152,23606520,169.444713,scalar,avx512-vbmi,avx512-vbmi,x86_64,linux,0
1,commit-5-correction-amd-9950x3d,run-1,0,base64-ng,encode,standard,unpadded,2,3,2097152,28020188,142.754217,ssse3-sse4.1,avx512-vbmi,avx512-vbmi,x86_64,linux,0
1,commit-5-correction-amd-9950x3d,run-1,1,base64-ng,encode,standard,unpadded,2,3,2097152,23973811,166.848733,ssse3-sse4.1,avx512-vbmi,avx512-vbmi,x86_64,linux,0
1,commit-5-correction-amd-9950x3d,run-1,2,base64-ng,encode,standard,unpadded,2,3,2097152,23728389,168.574445,ssse3-sse4.1,avx512-vbmi,avx512-vbmi,x86_64,linux,0
1,commit-5-correction-amd-9950x3d,run-1,3,base64-ng,encode,standard,unpadded,2,3,2097152,23645864,169.162776,ssse3-sse4.1,avx512-vbmi,avx512-vbmi,x86_64,linux,0
1,commit-5-correction-amd-9950x3d,run-1,4,base64-ng,encode,standard,unpadded,2,3,2097152,23574919,169.671845,ssse3-sse4.1,avx512-vbmi,avx512-vbmi,x86_64,linux,0
1,commit-5-correction-amd-9950x3d,run-1,0,base64-ng,decode,standard,unpadded,2,3,2097152,28040987,142.648331,ssse3-sse4.1,avx512-vbmi,avx512-vbmi,x86_64,linux,0
1,commit-5-correction-amd-9950x3d,run-1,1,base64-ng,decode,standard,unpadded,2,3,2097152,28058390,142.559855,ssse3-sse4.1,avx512-vbmi,avx512-vbmi,x86_64,linux,0
1,commit-5-correction-amd-9950x3d,run-1,2,base64-ng,decode,standard,unpadded,2,3,2097152,27948072,143.122574,ssse3-sse4.1,avx512-vbmi,avx512-vbmi,x86_64,linux,0
1,commit-5-correction-amd-9950x3d,run-1,3,base64-ng,decode,standard,unpadded,2,3,2097152,28052199,142.591317,ssse3-sse4.1,avx512-vbmi,avx512-vbmi,x86_64,linux,0
1,commit-5-correction-amd-9950x3d,run-1,4,base64-ng,decode,standard,unpadded,2,3,2097152,28087224,142.413504,ssse3-sse4.1,avx512-vbmi,avx512-vbmi,x86_64,linux,0
1,commit-5-correction-amd-9950x3d,run-1,0,base64-ng,encode,standard,unpadded,2,3,2097152,23903227,167.341422,avx2,avx512-vbmi,avx512-vbmi,x86_64,linux,0
1,commit-5-correction-amd-9950x3d,run-1,1,base64-ng,encode,standard,unpadded,2,3,2097152,24034355,166.428431,avx2,avx512-vbmi,avx512-vbmi,x86_64,linux,0
1,commit-5-correction-amd-9950x3d,run-1,2,base64-ng,encode,standard,unpadded,2,3,2097152,23934257,167.124469,avx2,avx512-vbmi,avx512-vbmi,x86_64,linux,0
1,commit-5-correction-amd-9950x3d,run-1,3,base64-ng,encode,standard,unpadded,2,3,2097152,24187533,165.374451,avx2,avx512-vbmi,avx512-vbmi,x86_64,linux,0
1,commit-5-correction-amd-9950x3d,run-1,4,base64-ng,encode,standard,unpadded,2,3,2097152,23864405,167.613649,avx2,avx512-vbmi,avx512-vbmi,x86_64,linux,0
1,commit-5-correction-amd-9950x3d,run-1,0,base64-ng,decode,standard,unpadded,2,3,2097152,29658132,134.870261,avx2,avx512-vbmi,avx512-vbmi,x86_64,linux,0
1,commit-5-correction-amd-9950x3d,run-1,1,base64-ng,decode,standard,unpadded,2,3,2097152,29716772,134.604122,avx2,avx512-vbmi,avx512-vbmi,x86_64,linux,0
1,commit-5-correction-amd-9950x3d,run-1,2,base64-ng,decode,standard,unpadded,2,3,2097152,29837018,134.061655,avx2,avx512-vbmi,avx512-vbmi,x86_64,linux,0
1,commit-5-correction-amd-9950x3d,run-1,3,base64-ng,decode,standard,unpadded,2,3,2097152,29696775,134.694761,avx2,avx512-vbmi,avx512-vbmi,x86_64,linux,0
1,commit-5-correction-amd-9950x3d,run-1,4,base64-ng,decode,standard,unpadded,2,3,2097152,29717994,134.598587,avx2,avx512-vbmi,avx512-vbmi,x86_64,linux,0
1,commit-5-correction-amd-9950x3d,run-1,0,base64-ng,encode,standard,unpadded,2,3,2097152,24504560,163.234924,avx512-vbmi,avx512-vbmi,avx512-vbmi,x86_64,linux,0
1,commit-5-correction-amd-9950x3d,run-1,1,base64-ng,encode,standard,unpadded,2,3,2097152,24416194,163.825697,avx512-vbmi,avx512-vbmi,avx512-vbmi,x86_64,linux,0
1,commit-5-correction-amd-9950x3d,run-1,2,base64-ng,encode,standard,unpadded,2,3,2097152,24302129,164.594633,avx512-vbmi,avx512-vbmi,avx512-vbmi,x86_64,linux,0
1,commit-5-correction-amd-9950x3d,run-1,3,base64-ng,encode,standard,unpadded,2,3,2097152,24258497,164.890677,avx512-vbmi,avx512-vbmi,avx512-vbmi,x86_64,linux,0
1,commit-5-correction-amd-9950x3d,run-1,4,base64-ng,encode,standard,unpadded,2,3,2097152,24233880,165.058175,avx512-vbmi,avx512-vbmi,avx512-vbmi,x86_64,linux,0
1,commit-5-correction-amd-9950x3d,run-1,0,base64-ng,decode,standard,unpadded,2,3,2097152,32214775,124.166629,avx512-vbmi,avx512-vbmi,avx512-vbmi,x86_64,linux,0
1,commit-5-correction-amd-9950x3d,run-1,1,base64-ng,decode,standard,unpadded,2,3,2097152,32203002,124.212022,avx512-vbmi,avx512-vbmi,avx512-vbmi,x86_64,linux,0
1,commit-5-correction-amd-9950x3d,run-1,2,base64-ng,decode,standard,unpadded,2,3,2097152,32164841,124.359390,avx512-vbmi,avx512-vbmi,avx512-vbmi,x86_64,linux,0
1,commit-5-correction-amd-9950x3d,run-1,3,base64-ng,decode,standard,unpadded,2,3,2097152,32238930,124.073597,avx512-vbmi,avx512-vbmi,avx512-vbmi,x86_64,linux,0
1,commit-5-correction-amd-9950x3d,run-1,4,base64-ng,decode,standard,unpadded,2,3,2097152,32600641,122.696974,avx512-vbmi,avx512-vbmi,avx512-vbmi,x86_64,linux,0
1,commit-5-correction-amd-9950x3d,run-1,0,base64-0.23.0,encode,standard,unpadded,2,3,2097152,14818285,269.936771,external,avx512-vbmi,avx512-vbmi,x86_64,linux,0
1,commit-5-correction-amd-9950x3d,run-1,1,base64-0.23.0,encode,standard,unpadded,2,3,2097152,14493053,275.994299,external,avx512-vbmi,avx512-vbmi,x86_64,linux,0
1,commit-5-correction-amd-9950x3d,run-1,2,base64-0.23.0,encode,standard,unpadded,2,3,2097152,14472825,276.380043,external,avx512-vbmi,avx512-vbmi,x86_64,linux,0
1,commit-5-correction-amd-9950x3d,run-1,3,base64-0.23.0,encode,standard,unpadded,2,3,2097152,14397533,277.825375,external,avx512-vbmi,avx512-vbmi,x86_64,linux,0
1,commit-5-correction-amd-9950x3d,run-1,4,base64-0.23.0,encode,standard,unpadded,2,3,2097152,14454130,276.737514,external,avx512-vbmi,avx512-vbmi,x86_64,linux,0
1,commit-5-correction-amd-9950x3d,run-1,0,base64-0.23.0,decode,standard,unpadded,2,3,2097152,26509845,150.887340,external,avx512-vbmi,avx512-vbmi,x86_64,linux,0
1,commit-5-correction-amd-9950x3d,run-1,1,base64-0.23.0,decode,standard,unpadded,2,3,2097152,26414545,151.431721,external,avx512-vbmi,avx512-vbmi,x86_64,linux,0
1,commit-5-correction-amd-9950x3d,run-1,2,base64-0.23.0,decode,standard,unpadded,2,3,2097152,26440634,151.282303,external,avx512-vbmi,avx512-vbmi,x86_64,linux,0
1,commit-5-correction-amd-9950x3d,run-1,3,base64-0.23.0,decode,standard,unpadded,2,3,2097152,26461293,151.164193,external,avx512-vbmi,avx512-vbmi,x86_64,linux,0
1,commit-5-correction-amd-9950x3d,run-1,4,base64-0.23.0,decode,standard,unpadded,2,3,2097152,26461624,151.162302,external,avx512-vbmi,avx512-vbmi,x86_64,linux,0
1,commit-5-correction-amd-9950x3d,run-1,0,base64ct-1.8.3,encode,standard,unpadded,2,3,2097152,13546211,295.285523,external,avx512-vbmi,avx512-vbmi,x86_64,linux,0
1,commit-5-correction-amd-9950x3d,run-1,1,base64ct-1.8.3,encode,standard,unpadded,2,3,2097152,13592268,294.284957,external,avx512-vbmi,avx512-vbmi,x86_64,linux,0
1,commit-5-correction-amd-9950x3d,run-1,2,base64ct-1.8.3,encode,standard,unpadded,2,3,2097152,13551641,295.167205,external,avx512-vbmi,avx512-vbmi,x86_64,linux,0
1,commit-5-correction-amd-9950x3d,run-1,3,base64ct-1.8.3,encode,standard,unpadded,2,3,2097152,13553965,295.116595,external,avx512-vbmi,avx512-vbmi,x86_64,linux,0
1,commit-5-correction-amd-9950x3d,run-1,4,base64ct-1.8.3,encode,standard,unpadded,2,3,2097152,13528538,295.671269,external,avx512-vbmi,avx512-vbmi,x86_64,linux,0
1,commit-5-correction-amd-9950x3d,run-1,0,base64ct-1.8.3,decode,standard,unpadded,2,3,2097152,58143015,68.795882,external,avx512-vbmi,avx512-vbmi,x86_64,linux,0
1,commit-5-correction-amd-9950x3d,run-1,1,base64ct-1.8.3,decode,standard,unpadded,2,3,2097152,57966663,69.005180,external,avx512-vbmi,avx512-vbmi,x86_64,linux,0
1,commit-5-correction-amd-9950x3d,run-1,2,base64ct-1.8.3,decode,standard,unpadded,2,3,2097152,57943980,69.032193,external,avx512-vbmi,avx512-vbmi,x86_64,linux,0
1,commit-5-correction-amd-9950x3d,run-1,3,base64ct-1.8.3,decode,standard,unpadded,2,3,2097152,57694320,69.330915,external,avx512-vbmi,avx512-vbmi,x86_64,linux,0
1,commit-5-correction-amd-9950x3d,run-1,4,base64ct-1.8.3,decode,standard,unpadded,2,3,2097152,57725599,69.293348,external,avx512-vbmi,avx512-vbmi,x86_64,linux,0
1,commit-5-correction-amd-9950x3d,run-1,0,base64-ng,encode,standard,unpadded,3,4,1398101,18504024,216.169145,auto,avx512-vbmi,avx512-vbmi,x86_64,linux,0
1,commit-5-correction-amd-9950x3d,run-1,1,base64-ng,encode,standard,unpadded,3,4,1398101,18555210,215.572825,auto,avx512-vbmi,avx512-vbmi,x86_64,linux,0
1,commit-5-correction-amd-9950x3d,run-1,2,base64-ng,encode,standard,unpadded,3,4,1398101,18565008,215.459053,auto,avx512-vbmi,avx512-vbmi,x86_64,linux,0
1,commit-5-correction-amd-9950x3d,run-1,3,base64-ng,encode,standard,unpadded,3,4,1398101,18584335,215.234984,auto,avx512-vbmi,avx512-vbmi,x86_64,linux,0
1,commit-5-correction-amd-9950x3d,run-1,4,base64-ng,encode,standard,unpadded,3,4,1398101,18564307,215.467189,auto,avx512-vbmi,avx512-vbmi,x86_64,linux,0
1,commit-5-correction-amd-9950x3d,run-1,0,base64-ng,decode,standard,unpadded,3,4,1398101,27659720,144.614589,auto,avx512-vbmi,avx512-vbmi,x86_64,linux,0
1,commit-5-correction-amd-9950x3d,run-1,1,base64-ng,decode,standard,unpadded,3,4,1398101,27944866,143.138960,auto,avx512-vbmi,avx512-vbmi,x86_64,linux,0
1,commit-5-correction-amd-9950x3d,run-1,2,base64-ng,decode,standard,unpadded,3,4,1398101,27770087,144.039846,auto,avx512-vbmi,avx512-vbmi,x86_64,linux,0
1,commit-5-correction-amd-9950x3d,run-1,3,base64-ng,decode,standard,unpadded,3,4,1398101,27524174,145.326761,auto,avx512-vbmi,avx512-vbmi,x86_64,linux,0
1,commit-5-correction-amd-9950x3d,run-1,4,base64-ng,decode,standard,unpadded,3,4,1398101,27544573,145.219134,auto,avx512-vbmi,avx512-vbmi,x86_64,linux,0
1,commit-5-correction-amd-9950x3d,run-1,0,base64-ng,encode,standard,unpadded,3,4,1398101,18207987,219.683760,scalar,avx512-vbmi,avx512-vbmi,x86_64,linux,0
1,commit-5-correction-amd-9950x3d,run-1,1,base64-ng,encode,standard,unpadded,3,4,1398101,18208477,219.677848,scalar,avx512-vbmi,avx512-vbmi,x86_64,linux,0
1,commit-5-correction-amd-9950x3d,run-1,2,base64-ng,encode,standard,unpadded,3,4,1398101,18192728,219.868018,scalar,avx512-vbmi,avx512-vbmi,x86_64,linux,0
1,commit-5-correction-amd-9950x3d,run-1,3,base64-ng,encode,standard,unpadded,3,4,1398101,18292225,218.672089,scalar,avx512-vbmi,avx512-vbmi,x86_64,linux,0
1,commit-5-correction-amd-9950x3d,run-1,4,base64-ng,encode,standard,unpadded,3,4,1398101,18331258,218.206467,scalar,avx512-vbmi,avx512-vbmi,x86_64,linux,0
1,commit-5-correction-amd-9950x3d,run-1,0,base64-ng,decode,standard,unpadded,3,4,1398101,20608145,194.097967,scalar,avx512-vbmi,avx512-vbmi,x86_64,linux,0
1,commit-5-correction-amd-9950x3d,run-1,1,base64-ng,decode,standard,unpadded,3,4,1398101,20670783,193.509798,scalar,avx512-vbmi,avx512-vbmi,x86_64,linux,0
1,commit-5-correction-amd-9950x3d,run-1,2,base64-ng,decode,standard,unpadded,3,4,1398101,20563902,194.515566,scalar,avx512-vbmi,avx512-vbmi,x86_64,linux,0
1,commit-5-correction-amd-9950x3d,run-1,3,base64-ng,decode,standard,unpadded,3,4,1398101,20600080,194.173957,scalar,avx512-vbmi,avx512-vbmi,x86_64,linux,0
1,commit-5-correction-amd-9950x3d,run-1,4,base64-ng,decode,standard,unpadded,3,4,1398101,20589380,194.274866,scalar,avx512-vbmi,avx512-vbmi,x86_64,linux,0
1,commit-5-correction-amd-9950x3d,run-1,0,base64-ng,encode,standard,unpadded,3,4,1398101,21732982,184.052011,ssse3-sse4.1,avx512-vbmi,avx512-vbmi,x86_64,linux,0
1,commit-5-correction-amd-9950x3d,run-1,1,base64-ng,encode,standard,unpadded,3,4,1398101,21783467,183.625455,ssse3-sse4.1,avx512-vbmi,avx512-vbmi,x86_64,linux,0
1,commit-5-correction-amd-9950x3d,run-1,2,base64-ng,encode,standard,unpadded,3,4,1398101,21423199,186.713434,ssse3-sse4.1,avx512-vbmi,avx512-vbmi,x86_64,linux,0
1,commit-5-correction-amd-9950x3d,run-1,3,base64-ng,encode,standard,unpadded,3,4,1398101,21437787,186.586379,ssse3-sse4.1,avx512-vbmi,avx512-vbmi,x86_64,linux,0
1,commit-5-correction-amd-9950x3d,run-1,4,base64-ng,encode,standard,unpadded,3,4,1398101,21423961,186.706793,ssse3-sse4.1,avx512-vbmi,avx512-vbmi,x86_64,linux,0
1,commit-5-correction-amd-9950x3d,run-1,0,base64-ng,decode,standard,unpadded,3,4,1398101,23890284,167.432043,ssse3-sse4.1,avx512-vbmi,avx512-vbmi,x86_64,linux,0
1,commit-5-correction-amd-9950x3d,run-1,1,base64-ng,decode,standard,unpadded,3,4,1398101,23959644,166.947349,ssse3-sse4.1,avx512-vbmi,avx512-vbmi,x86_64,linux,0
1,commit-5-correction-amd-9950x3d,run-1,2,base64-ng,decode,standard,unpadded,3,4,1398101,23898428,167.374986,ssse3-sse4.1,avx512-vbmi,avx512-vbmi,x86_64,linux,0
1,commit-5-correction-amd-9950x3d,run-1,3,base64-ng,decode,standard,unpadded,3,4,1398101,23913106,167.272250,ssse3-sse4.1,avx512-vbmi,avx512-vbmi,x86_64,linux,0
1,commit-5-correction-amd-9950x3d,run-1,4,base64-ng,decode,standard,unpadded,3,4,1398101,24024837,166.494326,ssse3-sse4.1,avx512-vbmi,avx512-vbmi,x86_64,linux,0
1,commit-5-correction-amd-9950x3d,run-1,0,base64-ng,encode,standard,unpadded,3,4,1398101,21930234,182.396551,avx2,avx512-vbmi,avx512-vbmi,x86_64,linux,0
1,commit-5-correction-amd-9950x3d,run-1,1,base64-ng,encode,standard,unpadded,3,4,1398101,21317570,187.638603,avx2,avx512-vbmi,avx512-vbmi,x86_64,linux,0
1,commit-5-correction-amd-9950x3d,run-1,2,base64-ng,encode,standard,unpadded,3,4,1398101,21330104,187.528342,avx2,avx512-vbmi,avx512-vbmi,x86_64,linux,0
1,commit-5-correction-amd-9950x3d,run-1,3,base64-ng,encode,standard,unpadded,3,4,1398101,21452374,186.459505,avx2,avx512-vbmi,avx512-vbmi,x86_64,linux,0
1,commit-5-correction-amd-9950x3d,run-1,4,base64-ng,encode,standard,unpadded,3,4,1398101,21419041,186.749680,avx2,avx512-vbmi,avx512-vbmi,x86_64,linux,0
1,commit-5-correction-amd-9950x3d,run-1,0,base64-ng,decode,standard,unpadded,3,4,1398101,28228480,141.700830,avx2,avx512-vbmi,avx512-vbmi,x86_64,linux,0
1,commit-5-correction-amd-9950x3d,run-1,1,base64-ng,decode,standard,unpadded,3,4,1398101,25958396,154.092689,avx2,avx512-vbmi,avx512-vbmi,x86_64,linux,0
1,commit-5-correction-amd-9950x3d,run-1,2,base64-ng,decode,standard,unpadded,3,4,1398101,24917698,160.528434,avx2,avx512-vbmi,avx512-vbmi,x86_64,linux,0
1,commit-5-correction-amd-9950x3d,run-1,3,base64-ng,decode,standard,unpadded,3,4,1398101,25074022,159.527620,avx2,avx512-vbmi,avx512-vbmi,x86_64,linux,0
1,commit-5-correction-amd-9950x3d,run-1,4,base64-ng,decode,standard,unpadded,3,4,1398101,24983001,160.108829,avx2,avx512-vbmi,avx512-vbmi,x86_64,linux,0
1,commit-5-correction-amd-9950x3d,run-1,0,base64-ng,encode,standard,unpadded,3,4,1398101,23001130,173.904458,avx512-vbmi,avx512-vbmi,avx512-vbmi,x86_64,linux,0
1,commit-5-correction-amd-9950x3d,run-1,1,base64-ng,encode,standard,unpadded,3,4,1398101,22714430,176.099468,avx512-vbmi,avx512-vbmi,avx512-vbmi,x86_64,linux,0
1,commit-5-correction-amd-9950x3d,run-1,2,base64-ng,encode,standard,unpadded,3,4,1398101,22608922,176.921263,avx512-vbmi,avx512-vbmi,avx512-vbmi,x86_64,linux,0
1,commit-5-correction-amd-9950x3d,run-1,3,base64-ng,encode,standard,unpadded,3,4,1398101,22382695,178.709447,avx512-vbmi,avx512-vbmi,avx512-vbmi,x86_64,linux,0
1,commit-5-correction-amd-9950x3d,run-1,4,base64-ng,encode,standard,unpadded,3,4,1398101,22229918,179.937643,avx512-vbmi,avx512-vbmi,avx512-vbmi,x86_64,linux,0
1,commit-5-correction-amd-9950x3d,run-1,0,base64-ng,decode,standard,unpadded,3,4,1398101,26135530,153.048323,avx512-vbmi,avx512-vbmi,avx512-vbmi,x86_64,linux,0
1,commit-5-correction-amd-9950x3d,run-1,1,base64-ng,decode,standard,unpadded,3,4,1398101,26692829,149.852945,avx512-vbmi,avx512-vbmi,avx512-vbmi,x86_64,linux,0
1,commit-5-correction-amd-9950x3d,run-1,2,base64-ng,decode,standard,unpadded,3,4,1398101,26707507,149.770589,avx512-vbmi,avx512-vbmi,avx512-vbmi,x86_64,linux,0
1,commit-5-correction-amd-9950x3d,run-1,3,base64-ng,decode,standard,unpadded,3,4,1398101,26569107,150.550752,avx512-vbmi,avx512-vbmi,avx512-vbmi,x86_64,linux,0
1,commit-5-correction-amd-9950x3d,run-1,4,base64-ng,decode,standard,unpadded,3,4,1398101,26588703,150.439796,avx512-vbmi,avx512-vbmi,avx512-vbmi,x86_64,linux,0
1,commit-5-correction-amd-9950x3d,run-1,0,base64-0.23.0,encode,standard,unpadded,3,4,1398101,10039078,398.442870,external,avx512-vbmi,avx512-vbmi,x86_64,linux,0
1,commit-5-correction-amd-9950x3d,run-1,1,base64-0.23.0,encode,standard,unpadded,3,4,1398101,10071910,397.144042,external,avx512-vbmi,avx512-vbmi,x86_64,linux,0
1,commit-5-correction-amd-9950x3d,run-1,2,base64-0.23.0,encode,standard,unpadded,3,4,1398101,9793988,408.413717,external,avx512-vbmi,avx512-vbmi,x86_64,linux,0
1,commit-5-correction-amd-9950x3d,run-1,3,base64-0.23.0,encode,standard,unpadded,3,4,1398101,10290612,388.703708,external,avx512-vbmi,avx512-vbmi,x86_64,linux,0
1,commit-5-correction-amd-9950x3d,run-1,4,base64-0.23.0,encode,standard,unpadded,3,4,1398101,9987682,400.493232,external,avx512-vbmi,avx512-vbmi,x86_64,linux,0
1,commit-5-correction-amd-9950x3d,run-1,0,base64-0.23.0,decode,standard,unpadded,3,4,1398101,18689122,214.028195,external,avx512-vbmi,avx512-vbmi,x86_64,linux,0
1,commit-5-correction-amd-9950x3d,run-1,1,base64-0.23.0,decode,standard,unpadded,3,4,1398101,18360624,217.857467,external,avx512-vbmi,avx512-vbmi,x86_64,linux,0
1,commit-5-correction-amd-9950x3d,run-1,2,base64-0.23.0,decode,standard,unpadded,3,4,1398101,18653605,214.435711,external,avx512-vbmi,avx512-vbmi,x86_64,linux,0
1,commit-5-correction-amd-9950x3d,run-1,3,base64-0.23.0,decode,standard,unpadded,3,4,1398101,18505126,216.156272,external,avx512-vbmi,avx512-vbmi,x86_64,linux,0
1,commit-5-correction-amd-9950x3d,run-1,4,base64-0.23.0,decode,standard,unpadded,3,4,1398101,18488615,216.349307,external,avx512-vbmi,avx512-vbmi,x86_64,linux,0
1,commit-5-correction-amd-9950x3d,run-1,0,base64ct-1.8.3,encode,standard,unpadded,3,4,1398101,10155257,393.884571,external,avx512-vbmi,avx512-vbmi,x86_64,linux,0
1,commit-5-correction-amd-9950x3d,run-1,1,base64ct-1.8.3,encode,standard,unpadded,3,4,1398101,10293638,388.589442,external,avx512-vbmi,avx512-vbmi,x86_64,linux,0
1,commit-5-correction-amd-9950x3d,run-1,2,base64ct-1.8.3,encode,standard,unpadded,3,4,1398101,10026365,398.948078,external,avx512-vbmi,avx512-vbmi,x86_64,linux,0
1,commit-5-correction-amd-9950x3d,run-1,3,base64ct-1.8.3,encode,standard,unpadded,3,4,1398101,10372216,385.645560,external,avx512-vbmi,avx512-vbmi,x86_64,linux,0
1,commit-5-correction-amd-9950x3d,run-1,4,base64ct-1.8.3,encode,standard,unpadded,3,4,1398101,10299489,388.368690,external,avx512-vbmi,avx512-vbmi,x86_64,linux,0
1,commit-5-correction-amd-9950x3d,run-1,0,base64ct-1.8.3,decode,standard,unpadded,3,4,1398101,25684792,155.734142,external,avx512-vbmi,avx512-vbmi,x86_64,linux,0
1,commit-5-correction-amd-9950x3d,run-1,1,base64ct-1.8.3,decode,standard,unpadded,3,4,1398101,24978011,160.140815,external,avx512-vbmi,avx512-vbmi,x86_64,linux,0
1,commit-5-correction-amd-9950x3d,run-1,2,base64ct-1.8.3,decode,standard,unpadded,3,4,1398101,24781221,161.412509,external,avx512-vbmi,avx512-vbmi,x86_64,linux,0
1,commit-5-correction-amd-9950x3d,run-1,3,base64ct-1.8.3,decode,standard,unpadded,3,4,1398101,24940441,160.382050,external,avx512-vbmi,avx512-vbmi,x86_64,linux,0
1,commit-5-correction-amd-9950x3d,run-1,4,base64ct-1.8.3,decode,standard,unpadded,3,4,1398101,24892010,160.694096,external,avx512-vbmi,avx512-vbmi,x86_64,linux,0
1,commit-5-correction-amd-9950x3d,run-1,0,base64-ng,encode,standard,unpadded,11,15,381300,13015111,307.334773,auto,avx512-vbmi,avx512-vbmi,x86_64,linux,0
1,commit-5-correction-amd-9950x3d,run-1,1,base64-ng,encode,standard,unpadded,11,15,381300,12980536,308.153391,auto,avx512-vbmi,avx512-vbmi,x86_64,linux,0
1,commit-5-correction-amd-9950x3d,run-1,2,base64-ng,encode,standard,unpadded,11,15,381300,12907228,309.903582,auto,avx512-vbmi,avx512-vbmi,x86_64,linux,0
1,commit-5-correction-amd-9950x3d,run-1,3,base64-ng,encode,standard,unpadded,11,15,381300,13089421,305.590002,auto,avx512-vbmi,avx512-vbmi,x86_64,linux,0
1,commit-5-correction-amd-9950x3d,run-1,4,base64-ng,encode,standard,unpadded,11,15,381300,13718936,291.567523,auto,avx512-vbmi,avx512-vbmi,x86_64,linux,0
1,commit-5-correction-amd-9950x3d,run-1,0,base64-ng,decode,standard,unpadded,11,15,381300,17676757,226.285635,auto,avx512-vbmi,avx512-vbmi,x86_64,linux,0
1,commit-5-correction-amd-9950x3d,run-1,1,base64-ng,decode,standard,unpadded,11,15,381300,18318564,218.357519,auto,avx512-vbmi,avx512-vbmi,x86_64,linux,0
1,commit-5-correction-amd-9950x3d,run-1,2,base64-ng,decode,standard,unpadded,11,15,381300,17698468,226.008047,auto,avx512-vbmi,avx512-vbmi,x86_64,linux,0
1,commit-5-correction-amd-9950x3d,run-1,3,base64-ng,decode,standard,unpadded,11,15,381300,17602347,227.242207,auto,avx512-vbmi,avx512-vbmi,x86_64,linux,0
1,commit-5-correction-amd-9950x3d,run-1,4,base64-ng,decode,standard,unpadded,11,15,381300,17463034,229.055053,auto,avx512-vbmi,avx512-vbmi,x86_64,linux,0
1,commit-5-correction-amd-9950x3d,run-1,0,base64-ng,encode,standard,unpadded,11,15,381300,13540670,295.406076,scalar,avx512-vbmi,avx512-vbmi,x86_64,linux,0
1,commit-5-correction-amd-9950x3d,run-1,1,base64-ng,encode,standard,unpadded,11,15,381300,13714297,291.666148,scalar,avx512-vbmi,avx512-vbmi,x86_64,linux,0
1,commit-5-correction-amd-9950x3d,run-1,2,base64-ng,encode,standard,unpadded,11,15,381300,12943016,309.046685,scalar,avx512-vbmi,avx512-vbmi,x86_64,linux,0
1,commit-5-correction-amd-9950x3d,run-1,3,base64-ng,encode,standard,unpadded,11,15,381300,13179260,303.506888,scalar,avx512-vbmi,avx512-vbmi,x86_64,linux,0
1,commit-5-correction-amd-9950x3d,run-1,4,base64-ng,encode,standard,unpadded,11,15,381300,15436249,259.130064,scalar,avx512-vbmi,avx512-vbmi,x86_64,linux,0
1,commit-5-correction-amd-9950x3d,run-1,0,base64-ng,decode,standard,unpadded,11,15,381300,17597868,227.300045,scalar,avx512-vbmi,avx512-vbmi,x86_64,linux,0
1,commit-5-correction-amd-9950x3d,run-1,1,base64-ng,decode,standard,unpadded,11,15,381300,15689996,254.939274,scalar,avx512-vbmi,avx512-vbmi,x86_64,linux,0
1,commit-5-correction-amd-9950x3d,run-1,2,base64-ng,decode,standard,unpadded,11,15,381300,15609025,256.261758,scalar,avx512-vbmi,avx512-vbmi,x86_64,linux,0
1,commit-5-correction-amd-9950x3d,run-1,3,base64-ng,decode,standard,unpadded,11,15,381300,15742525,254.088603,scalar,avx512-vbmi,avx512-vbmi,x86_64,linux,0
1,commit-5-correction-amd-9950x3d,run-1,4,base64-ng,decode,standard,unpadded,11,15,381300,15758195,253.835936,scalar,avx512-vbmi,avx512-vbmi,x86_64,linux,0
1,commit-5-correction-amd-9950x3d,run-1,0,base64-ng,encode,standard,unpadded,11,15,381300,14416499,277.459610,ssse3-sse4.1,avx512-vbmi,avx512-vbmi,x86_64,linux,0
1,commit-5-correction-amd-9950x3d,run-1,1,base64-ng,encode,standard,unpadded,11,15,381300,13813114,289.579611,ssse3-sse4.1,avx512-vbmi,avx512-vbmi,x86_64,linux,0
1,commit-5-correction-amd-9950x3d,run-1,2,base64-ng,encode,standard,unpadded,11,15,381300,13907682,287.610558,ssse3-sse4.1,avx512-vbmi,avx512-vbmi,x86_64,linux,0
1,commit-5-correction-amd-9950x3d,run-1,3,base64-ng,encode,standard,unpadded,11,15,381300,14034981,285.001895,ssse3-sse4.1,avx512-vbmi,avx512-vbmi,x86_64,linux,0
1,commit-5-correction-amd-9950x3d,run-1,4,base64-ng,encode,standard,unpadded,11,15,381300,13747970,290.951769,ssse3-sse4.1,avx512-vbmi,avx512-vbmi,x86_64,linux,0
1,commit-5-correction-amd-9950x3d,run-1,0,base64-ng,decode,standard,unpadded,11,15,381300,16282181,245.667100,ssse3-sse4.1,avx512-vbmi,avx512-vbmi,x86_64,linux,0
1,commit-5-correction-amd-9950x3d,run-1,1,base64-ng,decode,standard,unpadded,11,15,381300,16274928,245.776583,ssse3-sse4.1,avx512-vbmi,avx512-vbmi,x86_64,linux,0
1,commit-5-correction-amd-9950x3d,run-1,2,base64-ng,decode,standard,unpadded,11,15,381300,16309563,245.254651,ssse3-sse4.1,avx512-vbmi,avx512-vbmi,x86_64,linux,0
1,commit-5-correction-amd-9950x3d,run-1,3,base64-ng,decode,standard,unpadded,11,15,381300,16306617,245.298960,ssse3-sse4.1,avx512-vbmi,avx512-vbmi,x86_64,linux,0
1,commit-5-correction-amd-9950x3d,run-1,4,base64-ng,decode,standard,unpadded,11,15,381300,16335381,244.867027,ssse3-sse4.1,avx512-vbmi,avx512-vbmi,x86_64,linux,0
1,commit-5-correction-amd-9950x3d,run-1,0,base64-ng,encode,standard,unpadded,11,15,381300,13722643,291.488760,avx2,avx512-vbmi,avx512-vbmi,x86_64,linux,0
1,commit-5-correction-amd-9950x3d,run-1,1,base64-ng,encode,standard,unpadded,11,15,381300,13869058,288.411526,avx2,avx512-vbmi,avx512-vbmi,x86_64,linux,0
1,commit-5-correction-amd-9950x3d,run-1,2,base64-ng,encode,standard,unpadded,11,15,381300,14120261,283.280613,avx2,avx512-vbmi,avx512-vbmi,x86_64,linux,0
1,commit-5-correction-amd-9950x3d,run-1,3,base64-ng,encode,standard,unpadded,11,15,381300,14189371,281.900881,avx2,avx512-vbmi,avx512-vbmi,x86_64,linux,0
1,commit-5-correction-amd-9950x3d,run-1,4,base64-ng,encode,standard,unpadded,11,15,381300,14113588,283.414550,avx2,avx512-vbmi,avx512-vbmi,x86_64,linux,0
1,commit-5-correction-amd-9950x3d,run-1,0,base64-ng,decode,standard,unpadded,11,15,381300,16543122,241.792099,avx2,avx512-vbmi,avx512-vbmi,x86_64,linux,0
1,commit-5-correction-amd-9950x3d,run-1,1,base64-ng,decode,standard,unpadded,11,15,381300,16581485,241.232687,avx2,avx512-vbmi,avx512-vbmi,x86_64,linux,0
1,commit-5-correction-amd-9950x3d,run-1,2,base64-ng,decode,standard,unpadded,11,15,381300,16577487,241.290865,avx2,avx512-vbmi,avx512-vbmi,x86_64,linux,0
1,commit-5-correction-amd-9950x3d,run-1,3,base64-ng,decode,standard,unpadded,11,15,381300,16592806,241.068098,avx2,avx512-vbmi,avx512-vbmi,x86_64,linux,0
1,commit-5-correction-amd-9950x3d,run-1,4,base64-ng,decode,standard,unpadded,11,15,381300,16559333,241.555393,avx2,avx512-vbmi,avx512-vbmi,x86_64,linux,0
1,commit-5-correction-amd-9950x3d,run-1,0,base64-ng,encode,standard,unpadded,11,15,381300,13946514,286.809749,avx512-vbmi,avx512-vbmi,avx512-vbmi,x86_64,linux,0
1,commit-5-correction-amd-9950x3d,run-1,1,base64-ng,encode,standard,unpadded,11,15,381300,14069756,284.297481,avx512-vbmi,avx512-vbmi,avx512-vbmi,x86_64,linux,0
1,commit-5-correction-amd-9950x3d,run-1,2,base64-ng,encode,standard,unpadded,11,15,381300,14166098,282.364006,avx512-vbmi,avx512-vbmi,avx512-vbmi,x86_64,linux,0
1,commit-5-correction-amd-9950x3d,run-1,3,base64-ng,encode,standard,unpadded,11,15,381300,13931186,287.125316,avx512-vbmi,avx512-vbmi,avx512-vbmi,x86_64,linux,0
1,commit-5-correction-amd-9950x3d,run-1,4,base64-ng,encode,standard,unpadded,11,15,381300,13844742,288.918073,avx512-vbmi,avx512-vbmi,avx512-vbmi,x86_64,linux,0
1,commit-5-correction-amd-9950x3d,run-1,0,base64-ng,decode,standard,unpadded,11,15,381300,16984894,235.503159,avx512-vbmi,avx512-vbmi,avx512-vbmi,x86_64,linux,0
1,commit-5-correction-amd-9950x3d,run-1,1,base64-ng,decode,standard,unpadded,11,15,381300,17047382,234.639910,avx512-vbmi,avx512-vbmi,avx512-vbmi,x86_64,linux,0
1,commit-5-correction-amd-9950x3d,run-1,2,base64-ng,decode,standard,unpadded,11,15,381300,17060647,234.457473,avx512-vbmi,avx512-vbmi,avx512-vbmi,x86_64,linux,0
1,commit-5-correction-amd-9950x3d,run-1,3,base64-ng,decode,standard,unpadded,11,15,381300,17032023,234.851502,avx512-vbmi,avx512-vbmi,avx512-vbmi,x86_64,linux,0
1,commit-5-correction-amd-9950x3d,run-1,4,base64-ng,decode,standard,unpadded,11,15,381300,17046840,234.647371,avx512-vbmi,avx512-vbmi,avx512-vbmi,x86_64,linux,0
1,commit-5-correction-amd-9950x3d,run-1,0,base64-0.23.0,encode,standard,unpadded,11,15,381300,3952210,1012.091004,external,avx512-vbmi,avx512-vbmi,x86_64,linux,0
1,commit-5-correction-amd-9950x3d,run-1,1,base64-0.23.0,encode,standard,unpadded,11,15,381300,3999629,1000.091805,external,avx512-vbmi,avx512-vbmi,x86_64,linux,0
1,commit-5-correction-amd-9950x3d,run-1,2,base64-0.23.0,encode,standard,unpadded,11,15,381300,4002896,999.275571,external,avx512-vbmi,avx512-vbmi,x86_64,linux,0
1,commit-5-correction-amd-9950x3d,run-1,3,base64-0.23.0,encode,standard,unpadded,11,15,381300,3987767,1003.066675,external,avx512-vbmi,avx512-vbmi,x86_64,linux,0
1,commit-5-correction-amd-9950x3d,run-1,4,base64-0.23.0,encode,standard,unpadded,11,15,381300,4001323,999.668406,external,avx512-vbmi,avx512-vbmi,x86_64,linux,0
1,commit-5-correction-amd-9950x3d,run-1,0,base64-0.23.0,decode,standard,unpadded,11,15,381300,6039840,662.268568,external,avx512-vbmi,avx512-vbmi,x86_64,linux,0
1,commit-5-correction-amd-9950x3d,run-1,1,base64-0.23.0,decode,standard,unpadded,11,15,381300,6040852,662.157620,external,avx512-vbmi,avx512-vbmi,x86_64,linux,0
1,commit-5-correction-amd-9950x3d,run-1,2,base64-0.23.0,decode,standard,unpadded,11,15,381300,6055339,660.573452,external,avx512-vbmi,avx512-vbmi,x86_64,linux,0
1,commit-5-correction-amd-9950x3d,run-1,3,base64-0.23.0,decode,standard,unpadded,11,15,381300,6079034,657.998653,external,avx512-vbmi,avx512-vbmi,x86_64,linux,0
1,commit-5-correction-amd-9950x3d,run-1,4,base64-0.23.0,decode,standard,unpadded,11,15,381300,6019101,664.550435,external,avx512-vbmi,avx512-vbmi,x86_64,linux,0
1,commit-5-correction-amd-9950x3d,run-1,0,base64ct-1.8.3,encode,standard,unpadded,11,15,381300,4045465,988.760547,external,avx512-vbmi,avx512-vbmi,x86_64,linux,0
1,commit-5-correction-amd-9950x3d,run-1,1,base64ct-1.8.3,encode,standard,unpadded,11,15,381300,4068740,983.104397,external,avx512-vbmi,avx512-vbmi,x86_64,linux,0
1,commit-5-correction-amd-9950x3d,run-1,2,base64ct-1.8.3,encode,standard,unpadded,11,15,381300,4053701,986.751659,external,avx512-vbmi,avx512-vbmi,x86_64,linux,0
1,commit-5-correction-amd-9950x3d,run-1,3,base64ct-1.8.3,encode,standard,unpadded,11,15,381300,4056186,986.147131,external,avx512-vbmi,avx512-vbmi,x86_64,linux,0
1,commit-5-correction-amd-9950x3d,run-1,4,base64ct-1.8.3,encode,standard,unpadded,11,15,381300,4105760,974.240137,external,avx512-vbmi,avx512-vbmi,x86_64,linux,0
1,commit-5-correction-amd-9950x3d,run-1,0,base64ct-1.8.3,decode,standard,unpadded,11,15,381300,13739094,291.139735,external,avx512-vbmi,avx512-vbmi,x86_64,linux,0
1,commit-5-correction-amd-9950x3d,run-1,1,base64ct-1.8.3,decode,standard,unpadded,11,15,381300,13545840,295.293329,external,avx512-vbmi,avx512-vbmi,x86_64,linux,0
1,commit-5-correction-amd-9950x3d,run-1,2,base64ct-1.8.3,decode,standard,unpadded,11,15,381300,13613628,293.822939,external,avx512-vbmi,avx512-vbmi,x86_64,linux,0
1,commit-5-correction-amd-9950x3d,run-1,3,base64ct-1.8.3,decode,standard,unpadded,11,15,381300,13508359,296.112665,external,avx512-vbmi,avx512-vbmi,x86_64,linux,0
1,commit-5-correction-amd-9950x3d,run-1,4,base64ct-1.8.3,decode,standard,unpadded,11,15,381300,13704388,291.877039,external,avx512-vbmi,avx512-vbmi,x86_64,linux,0
1,commit-5-correction-amd-9950x3d,run-1,0,base64-ng,encode,standard,unpadded,12,16,349525,13116762,304.953020,auto,avx512-vbmi,avx512-vbmi,x86_64,linux,0
1,commit-5-correction-amd-9950x3d,run-1,1,base64-ng,encode,standard,unpadded,12,16,349525,13138964,304.437716,auto,avx512-vbmi,avx512-vbmi,x86_64,linux,0
1,commit-5-correction-amd-9950x3d,run-1,2,base64-ng,encode,standard,unpadded,12,16,349525,13119488,304.889656,auto,avx512-vbmi,avx512-vbmi,x86_64,linux,0
1,commit-5-correction-amd-9950x3d,run-1,3,base64-ng,encode,standard,unpadded,12,16,349525,13142611,304.353236,auto,avx512-vbmi,avx512-vbmi,x86_64,linux,0
1,commit-5-correction-amd-9950x3d,run-1,4,base64-ng,encode,standard,unpadded,12,16,349525,13198757,303.058552,auto,avx512-vbmi,avx512-vbmi,x86_64,linux,0
1,commit-5-correction-amd-9950x3d,run-1,0,base64-ng,decode,standard,unpadded,12,16,349525,58990049,67.807982,auto,avx512-vbmi,avx512-vbmi,x86_64,linux,0
1,commit-5-correction-amd-9950x3d,run-1,1,base64-ng,decode,standard,unpadded,12,16,349525,57973505,68.996970,auto,avx512-vbmi,avx512-vbmi,x86_64,linux,0
1,commit-5-correction-amd-9950x3d,run-1,2,base64-ng,decode,standard,unpadded,12,16,349525,57916458,69.064931,auto,avx512-vbmi,avx512-vbmi,x86_64,linux,0
1,commit-5-correction-amd-9950x3d,run-1,3,base64-ng,decode,standard,unpadded,12,16,349525,61507558,65.032596,auto,avx512-vbmi,avx512-vbmi,x86_64,linux,0
1,commit-5-correction-amd-9950x3d,run-1,4,base64-ng,decode,standard,unpadded,12,16,349525,57502920,69.561619,auto,avx512-vbmi,avx512-vbmi,x86_64,linux,0
1,commit-5-correction-amd-9950x3d,run-1,0,base64-ng,encode,standard,unpadded,12,16,349525,12896939,310.150818,scalar,avx512-vbmi,avx512-vbmi,x86_64,linux,0
1,commit-5-correction-amd-9950x3d,run-1,1,base64-ng,encode,standard,unpadded,12,16,349525,12734453,314.108206,scalar,avx512-vbmi,avx512-vbmi,x86_64,linux,0
1,commit-5-correction-amd-9950x3d,run-1,2,base64-ng,encode,standard,unpadded,12,16,349525,13116833,304.951369,scalar,avx512-vbmi,avx512-vbmi,x86_64,linux,0
1,commit-5-correction-amd-9950x3d,run-1,3,base64-ng,encode,standard,unpadded,12,16,349525,12791821,312.699512,scalar,avx512-vbmi,avx512-vbmi,x86_64,linux,0
1,commit-5-correction-amd-9950x3d,run-1,4,base64-ng,encode,standard,unpadded,12,16,349525,12895887,310.176119,scalar,avx512-vbmi,avx512-vbmi,x86_64,linux,0
1,commit-5-correction-amd-9950x3d,run-1,0,base64-ng,decode,standard,unpadded,12,16,349525,15399360,259.750807,scalar,avx512-vbmi,avx512-vbmi,x86_64,linux,0
1,commit-5-correction-amd-9950x3d,run-1,1,base64-ng,decode,standard,unpadded,12,16,349525,15327304,260.971935,scalar,avx512-vbmi,avx512-vbmi,x86_64,linux,0
1,commit-5-correction-amd-9950x3d,run-1,2,base64-ng,decode,standard,unpadded,12,16,349525,15478217,258.427452,scalar,avx512-vbmi,avx512-vbmi,x86_64,linux,0
1,commit-5-correction-amd-9950x3d,run-1,3,base64-ng,decode,standard,unpadded,12,16,349525,15601149,256.391128,scalar,avx512-vbmi,avx512-vbmi,x86_64,linux,0
1,commit-5-correction-amd-9950x3d,run-1,4,base64-ng,decode,standard,unpadded,12,16,349525,15346529,260.645009,scalar,avx512-vbmi,avx512-vbmi,x86_64,linux,0
1,commit-5-correction-amd-9950x3d,run-1,0,base64-ng,encode,standard,unpadded,12,16,349525,19334167,206.887433,ssse3-sse4.1,avx512-vbmi,avx512-vbmi,x86_64,linux,0
1,commit-5-correction-amd-9950x3d,run-1,1,base64-ng,encode,standard,unpadded,12,16,349525,19818909,201.827264,ssse3-sse4.1,avx512-vbmi,avx512-vbmi,x86_64,linux,0
1,commit-5-correction-amd-9950x3d,run-1,2,base64-ng,encode,standard,unpadded,12,16,349525,19898099,201.024037,ssse3-sse4.1,avx512-vbmi,avx512-vbmi,x86_64,linux,0
1,commit-5-correction-amd-9950x3d,run-1,3,base64-ng,encode,standard,unpadded,12,16,349525,20166884,198.344781,ssse3-sse4.1,avx512-vbmi,avx512-vbmi,x86_64,linux,0
1,commit-5-correction-amd-9950x3d,run-1,4,base64-ng,encode,standard,unpadded,12,16,349525,19450365,205.651472,ssse3-sse4.1,avx512-vbmi,avx512-vbmi,x86_64,linux,0
1,commit-5-correction-amd-9950x3d,run-1,0,base64-ng,decode,standard,unpadded,12,16,349525,59507363,67.218508,ssse3-sse4.1,avx512-vbmi,avx512-vbmi,x86_64,linux,0
1,commit-5-correction-amd-9950x3d,run-1,1,base64-ng,decode,standard,unpadded,12,16,349525,57690733,69.335160,ssse3-sse4.1,avx512-vbmi,avx512-vbmi,x86_64,linux,0
1,commit-5-correction-amd-9950x3d,run-1,2,base64-ng,decode,standard,unpadded,12,16,349525,57451713,69.623619,ssse3-sse4.1,avx512-vbmi,avx512-vbmi,x86_64,linux,0
1,commit-5-correction-amd-9950x3d,run-1,3,base64-ng,decode,standard,unpadded,12,16,349525,57745066,69.269921,ssse3-sse4.1,avx512-vbmi,avx512-vbmi,x86_64,linux,0
1,commit-5-correction-amd-9950x3d,run-1,4,base64-ng,decode,standard,unpadded,12,16,349525,58940225,67.865302,ssse3-sse4.1,avx512-vbmi,avx512-vbmi,x86_64,linux,0
1,commit-5-correction-amd-9950x3d,run-1,0,base64-ng,encode,standard,unpadded,12,16,349525,13604571,294.018546,avx2,avx512-vbmi,avx512-vbmi,x86_64,linux,0
1,commit-5-correction-amd-9950x3d,run-1,1,base64-ng,encode,standard,unpadded,12,16,349525,13617395,293.741658,avx2,avx512-vbmi,avx512-vbmi,x86_64,linux,0
1,commit-5-correction-amd-9950x3d,run-1,2,base64-ng,encode,standard,unpadded,12,16,349525,13509522,296.087174,avx2,avx512-vbmi,avx512-vbmi,x86_64,linux,0
1,commit-5-correction-amd-9950x3d,run-1,3,base64-ng,encode,standard,unpadded,12,16,349525,13472743,296.895457,avx2,avx512-vbmi,avx512-vbmi,x86_64,linux,0
1,commit-5-correction-amd-9950x3d,run-1,4,base64-ng,encode,standard,unpadded,12,16,349525,13490216,296.510907,avx2,avx512-vbmi,avx512-vbmi,x86_64,linux,0
1,commit-5-correction-amd-9950x3d,run-1,0,base64-ng,decode,standard,unpadded,12,16,349525,57741719,69.273937,avx2,avx512-vbmi,avx512-vbmi,x86_64,linux,0
1,commit-5-correction-amd-9950x3d,run-1,1,base64-ng,decode,standard,unpadded,12,16,349525,58184533,68.746727,avx2,avx512-vbmi,avx512-vbmi,x86_64,linux,0
1,commit-5-correction-amd-9950x3d,run-1,2,base64-ng,decode,standard,unpadded,12,16,349525,58471904,68.408858,avx2,avx512-vbmi,avx512-vbmi,x86_64,linux,0
1,commit-5-correction-amd-9950x3d,run-1,3,base64-ng,decode,standard,unpadded,12,16,349525,58438882,68.447514,avx2,avx512-vbmi,avx512-vbmi,x86_64,linux,0
1,commit-5-correction-amd-9950x3d,run-1,4,base64-ng,decode,standard,unpadded,12,16,349525,59346961,67.400186,avx2,avx512-vbmi,avx512-vbmi,x86_64,linux,0
1,commit-5-correction-amd-9950x3d,run-1,0,base64-ng,encode,standard,unpadded,12,16,349525,13508370,296.112424,avx512-vbmi,avx512-vbmi,avx512-vbmi,x86_64,linux,0
1,commit-5-correction-amd-9950x3d,run-1,1,base64-ng,encode,standard,unpadded,12,16,349525,13511545,296.042842,avx512-vbmi,avx512-vbmi,avx512-vbmi,x86_64,linux,0
1,commit-5-correction-amd-9950x3d,run-1,2,base64-ng,encode,standard,unpadded,12,16,349525,13499924,296.297682,avx512-vbmi,avx512-vbmi,avx512-vbmi,x86_64,linux,0
1,commit-5-correction-amd-9950x3d,run-1,3,base64-ng,encode,standard,unpadded,12,16,349525,13461161,297.150906,avx512-vbmi,avx512-vbmi,avx512-vbmi,x86_64,linux,0
1,commit-5-correction-amd-9950x3d,run-1,4,base64-ng,encode,standard,unpadded,12,16,349525,13489674,296.522821,avx512-vbmi,avx512-vbmi,avx512-vbmi,x86_64,linux,0
1,commit-5-correction-amd-9950x3d,run-1,0,base64-ng,decode,standard,unpadded,12,16,349525,58289160,68.623329,avx512-vbmi,avx512-vbmi,avx512-vbmi,x86_64,linux,0
1,commit-5-correction-amd-9950x3d,run-1,1,base64-ng,decode,standard,unpadded,12,16,349525,58431187,68.456528,avx512-vbmi,avx512-vbmi,avx512-vbmi,x86_64,linux,0
1,commit-5-correction-amd-9950x3d,run-1,2,base64-ng,decode,standard,unpadded,12,16,349525,57950312,69.024584,avx512-vbmi,avx512-vbmi,avx512-vbmi,x86_64,linux,0
1,commit-5-correction-amd-9950x3d,run-1,3,base64-ng,decode,standard,unpadded,12,16,349525,59705486,66.995455,avx512-vbmi,avx512-vbmi,avx512-vbmi,x86_64,linux,0
1,commit-5-correction-amd-9950x3d,run-1,4,base64-ng,decode,standard,unpadded,12,16,349525,57463486,69.609355,avx512-vbmi,avx512-vbmi,avx512-vbmi,x86_64,linux,0
1,commit-5-correction-amd-9950x3d,run-1,0,base64-0.23.0,encode,standard,unpadded,12,16,349525,3665150,1091.359477,external,avx512-vbmi,avx512-vbmi,x86_64,linux,0
1,commit-5-correction-amd-9950x3d,run-1,1,base64-0.23.0,encode,standard,unpadded,12,16,349525,3743847,1068.418711,external,avx512-vbmi,avx512-vbmi,x86_64,linux,0
1,commit-5-correction-amd-9950x3d,run-1,2,base64-0.23.0,encode,standard,unpadded,12,16,349525,3754678,1065.336677,external,avx512-vbmi,avx512-vbmi,x86_64,linux,0
1,commit-5-correction-amd-9950x3d,run-1,3,base64-0.23.0,encode,standard,unpadded,12,16,349525,3718661,1075.654970,external,avx512-vbmi,avx512-vbmi,x86_64,linux,0
1,commit-5-correction-amd-9950x3d,run-1,4,base64-0.23.0,encode,standard,unpadded,12,16,349525,3751843,1066.141676,external,avx512-vbmi,avx512-vbmi,x86_64,linux,0
1,commit-5-correction-amd-9950x3d,run-1,0,base64-0.23.0,decode,standard,unpadded,12,16,349525,5639567,709.273635,external,avx512-vbmi,avx512-vbmi,x86_64,linux,0
1,commit-5-correction-amd-9950x3d,run-1,1,base64-0.23.0,decode,standard,unpadded,12,16,349525,5661327,706.547455,external,avx512-vbmi,avx512-vbmi,x86_64,linux,0
1,commit-5-correction-amd-9950x3d,run-1,2,base64-0.23.0,decode,standard,unpadded,12,16,349525,5653583,707.515249,external,avx512-vbmi,avx512-vbmi,x86_64,linux,0
1,commit-5-correction-amd-9950x3d,run-1,3,base64-0.23.0,decode,standard,unpadded,12,16,349525,5676336,704.679248,external,avx512-vbmi,avx512-vbmi,x86_64,linux,0
1,commit-5-correction-amd-9950x3d,run-1,4,base64-0.23.0,decode,standard,unpadded,12,16,349525,5669272,705.557289,external,avx512-vbmi,avx512-vbmi,x86_64,linux,0
1,commit-5-correction-amd-9950x3d,run-1,0,base64ct-1.8.3,encode,standard,unpadded,12,16,349525,3887488,1028.941102,external,avx512-vbmi,avx512-vbmi,x86_64,linux,0
1,commit-5-correction-amd-9950x3d,run-1,1,base64ct-1.8.3,encode,standard,unpadded,12,16,349525,3918096,1020.903057,external,avx512-vbmi,avx512-vbmi,x86_64,linux,0
1,commit-5-correction-amd-9950x3d,run-1,2,base64ct-1.8.3,encode,standard,unpadded,12,16,349525,3894752,1027.022051,external,avx512-vbmi,avx512-vbmi,x86_64,linux,0
1,commit-5-correction-amd-9950x3d,run-1,3,base64ct-1.8.3,encode,standard,unpadded,12,16,349525,3905883,1024.095239,external,avx512-vbmi,avx512-vbmi,x86_64,linux,0
1,commit-5-correction-amd-9950x3d,run-1,4,base64ct-1.8.3,encode,standard,unpadded,12,16,349525,3892969,1027.492432,external,avx512-vbmi,avx512-vbmi,x86_64,linux,0
1,commit-5-correction-amd-9950x3d,run-1,0,base64ct-1.8.3,decode,standard,unpadded,12,16,349525,9643064,414.805521,external,avx512-vbmi,avx512-vbmi,x86_64,linux,0
1,commit-5-correction-amd-9950x3d,run-1,1,base64ct-1.8.3,decode,standard,unpadded,12,16,349525,9629808,415.376525,external,avx512-vbmi,avx512-vbmi,x86_64,linux,0
1,commit-5-correction-amd-9950x3d,run-1,2,base64ct-1.8.3,decode,standard,unpadded,12,16,349525,9652100,414.417193,external,avx512-vbmi,avx512-vbmi,x86_64,linux,0
1,commit-5-correction-amd-9950x3d,run-1,3,base64ct-1.8.3,decode,standard,unpadded,12,16,349525,9647842,414.600092,external,avx512-vbmi,avx512-vbmi,x86_64,linux,0
1,commit-5-correction-amd-9950x3d,run-1,4,base64ct-1.8.3,decode,standard,unpadded,12,16,349525,9646420,414.661210,external,avx512-vbmi,avx512-vbmi,x86_64,linux,0
1,commit-5-correction-amd-9950x3d,run-1,0,base64-ng,encode,standard,unpadded,15,20,279620,13052832,306.446615,auto,avx512-vbmi,avx512-vbmi,x86_64,linux,0
1,commit-5-correction-amd-9950x3d,run-1,1,base64-ng,encode,standard,unpadded,15,20,279620,12728732,314.249384,auto,avx512-vbmi,avx512-vbmi,x86_64,linux,0
1,commit-5-correction-amd-9950x3d,run-1,2,base64-ng,encode,standard,unpadded,15,20,279620,12706089,314.809395,auto,avx512-vbmi,avx512-vbmi,x86_64,linux,0
1,commit-5-correction-amd-9950x3d,run-1,3,base64-ng,encode,standard,unpadded,15,20,279620,13616463,293.761764,auto,avx512-vbmi,avx512-vbmi,x86_64,linux,0
1,commit-5-correction-amd-9950x3d,run-1,4,base64-ng,encode,standard,unpadded,15,20,279620,12618675,316.990190,auto,avx512-vbmi,avx512-vbmi,x86_64,linux,0
1,commit-5-correction-amd-9950x3d,run-1,0,base64-ng,decode,standard,unpadded,15,20,279620,50186877,79.702034,auto,avx512-vbmi,avx512-vbmi,x86_64,linux,0
1,commit-5-correction-amd-9950x3d,run-1,1,base64-ng,decode,standard,unpadded,15,20,279620,50055149,79.911783,auto,avx512-vbmi,avx512-vbmi,x86_64,linux,0
1,commit-5-correction-amd-9950x3d,run-1,2,base64-ng,decode,standard,unpadded,15,20,279620,50097689,79.843926,auto,avx512-vbmi,avx512-vbmi,x86_64,linux,0
1,commit-5-correction-amd-9950x3d,run-1,3,base64-ng,decode,standard,unpadded,15,20,279620,50740599,78.832262,auto,avx512-vbmi,avx512-vbmi,x86_64,linux,0
1,commit-5-correction-amd-9950x3d,run-1,4,base64-ng,decode,standard,unpadded,15,20,279620,51576012,77.555360,auto,avx512-vbmi,avx512-vbmi,x86_64,linux,0
1,commit-5-correction-amd-9950x3d,run-1,0,base64-ng,encode,standard,unpadded,15,20,279620,12398750,322.612859,scalar,avx512-vbmi,avx512-vbmi,x86_64,linux,0
1,commit-5-correction-amd-9950x3d,run-1,1,base64-ng,encode,standard,unpadded,15,20,279620,12403139,322.498699,scalar,avx512-vbmi,avx512-vbmi,x86_64,linux,0
1,commit-5-correction-amd-9950x3d,run-1,2,base64-ng,encode,standard,unpadded,15,20,279620,12395425,322.699398,scalar,avx512-vbmi,avx512-vbmi,x86_64,linux,0
1,commit-5-correction-amd-9950x3d,run-1,3,base64-ng,encode,standard,unpadded,15,20,279620,12400624,322.564105,scalar,avx512-vbmi,avx512-vbmi,x86_64,linux,0
1,commit-5-correction-amd-9950x3d,run-1,4,base64-ng,encode,standard,unpadded,15,20,279620,12327707,324.472036,scalar,avx512-vbmi,avx512-vbmi,x86_64,linux,0
1,commit-5-correction-amd-9950x3d,run-1,0,base64-ng,decode,standard,unpadded,15,20,279620,14796515,270.333669,scalar,avx512-vbmi,avx512-vbmi,x86_64,linux,0
1,commit-5-correction-amd-9950x3d,run-1,1,base64-ng,decode,standard,unpadded,15,20,279620,14854975,269.269803,scalar,avx512-vbmi,avx512-vbmi,x86_64,linux,0
1,commit-5-correction-amd-9950x3d,run-1,2,base64-ng,decode,standard,unpadded,15,20,279620,14844425,269.461174,scalar,avx512-vbmi,avx512-vbmi,x86_64,linux,0
1,commit-5-correction-amd-9950x3d,run-1,3,base64-ng,decode,standard,unpadded,15,20,279620,14836761,269.600365,scalar,avx512-vbmi,avx512-vbmi,x86_64,linux,0
1,commit-5-correction-amd-9950x3d,run-1,4,base64-ng,decode,standard,unpadded,15,20,279620,14823375,269.843823,scalar,avx512-vbmi,avx512-vbmi,x86_64,linux,0
1,commit-5-correction-amd-9950x3d,run-1,0,base64-ng,encode,standard,unpadded,15,20,279620,17910586,223.331397,ssse3-sse4.1,avx512-vbmi,avx512-vbmi,x86_64,linux,0
1,commit-5-correction-amd-9950x3d,run-1,1,base64-ng,encode,standard,unpadded,15,20,279620,17559757,227.793368,ssse3-sse4.1,avx512-vbmi,avx512-vbmi,x86_64,linux,0
1,commit-5-correction-amd-9950x3d,run-1,2,base64-ng,encode,standard,unpadded,15,20,279620,17414302,229.696039,ssse3-sse4.1,avx512-vbmi,avx512-vbmi,x86_64,linux,0
1,commit-5-correction-amd-9950x3d,run-1,3,base64-ng,encode,standard,unpadded,15,20,279620,17312321,231.049100,ssse3-sse4.1,avx512-vbmi,avx512-vbmi,x86_64,linux,0
1,commit-5-correction-amd-9950x3d,run-1,4,base64-ng,encode,standard,unpadded,15,20,279620,17242329,231.987000,ssse3-sse4.1,avx512-vbmi,avx512-vbmi,x86_64,linux,0
1,commit-5-correction-amd-9950x3d,run-1,0,base64-ng,decode,standard,unpadded,15,20,279620,49824285,80.282059,ssse3-sse4.1,avx512-vbmi,avx512-vbmi,x86_64,linux,0
1,commit-5-correction-amd-9950x3d,run-1,1,base64-ng,decode,standard,unpadded,15,20,279620,49283185,81.163508,ssse3-sse4.1,avx512-vbmi,avx512-vbmi,x86_64,linux,0
1,commit-5-correction-amd-9950x3d,run-1,2,base64-ng,decode,standard,unpadded,15,20,279620,49350763,81.052368,ssse3-sse4.1,avx512-vbmi,avx512-vbmi,x86_64,linux,0
1,commit-5-correction-amd-9950x3d,run-1,3,base64-ng,decode,standard,unpadded,15,20,279620,50461084,79.268931,ssse3-sse4.1,avx512-vbmi,avx512-vbmi,x86_64,linux,0
1,commit-5-correction-amd-9950x3d,run-1,4,base64-ng,decode,standard,unpadded,15,20,279620,48992429,81.645190,ssse3-sse4.1,avx512-vbmi,avx512-vbmi,x86_64,linux,0
1,commit-5-correction-amd-9950x3d,run-1,0,base64-ng,encode,standard,unpadded,15,20,279620,12759280,313.497014,avx2,avx512-vbmi,avx512-vbmi,x86_64,linux,0
1,commit-5-correction-amd-9950x3d,run-1,1,base64-ng,encode,standard,unpadded,15,20,279620,12777844,313.041557,avx2,avx512-vbmi,avx512-vbmi,x86_64,linux,0
1,commit-5-correction-amd-9950x3d,run-1,2,base64-ng,encode,standard,unpadded,15,20,279620,12821617,311.972833,avx2,avx512-vbmi,avx512-vbmi,x86_64,linux,0
1,commit-5-correction-amd-9950x3d,run-1,3,base64-ng,encode,standard,unpadded,15,20,279620,12869997,310.800087,avx2,avx512-vbmi,avx512-vbmi,x86_64,linux,0
1,commit-5-correction-amd-9950x3d,run-1,4,base64-ng,encode,standard,unpadded,15,20,279620,12850842,311.263354,avx2,avx512-vbmi,avx512-vbmi,x86_64,linux,0
1,commit-5-correction-amd-9950x3d,run-1,0,base64-ng,decode,standard,unpadded,15,20,279620,49785140,80.345183,avx2,avx512-vbmi,avx512-vbmi,x86_64,linux,0
1,commit-5-correction-amd-9950x3d,run-1,1,base64-ng,decode,standard,unpadded,15,20,279620,49809116,80.306508,avx2,avx512-vbmi,avx512-vbmi,x86_64,linux,0
1,commit-5-correction-amd-9950x3d,run-1,2,base64-ng,decode,standard,unpadded,15,20,279620,51468569,77.717261,avx2,avx512-vbmi,avx512-vbmi,x86_64,linux,0
1,commit-5-correction-amd-9950x3d,run-1,3,base64-ng,decode,standard,unpadded,15,20,279620,49838862,80.258578,avx2,avx512-vbmi,avx512-vbmi,x86_64,linux,0
1,commit-5-correction-amd-9950x3d,run-1,4,base64-ng,decode,standard,unpadded,15,20,279620,49617435,80.616747,avx2,avx512-vbmi,avx512-vbmi,x86_64,linux,0
1,commit-5-correction-amd-9950x3d,run-1,0,base64-ng,encode,standard,unpadded,15,20,279620,12987709,307.983201,avx512-vbmi,avx512-vbmi,avx512-vbmi,x86_64,linux,0
1,commit-5-correction-amd-9950x3d,run-1,1,base64-ng,encode,standard,unpadded,15,20,279620,13036381,306.833329,avx512-vbmi,avx512-vbmi,avx512-vbmi,x86_64,linux,0
1,commit-5-correction-amd-9950x3d,run-1,2,base64-ng,encode,standard,unpadded,15,20,279620,13002717,307.627720,avx512-vbmi,avx512-vbmi,avx512-vbmi,x86_64,linux,0
1,commit-5-correction-amd-9950x3d,run-1,3,base64-ng,encode,standard,unpadded,15,20,279620,13311990,300.480708,avx512-vbmi,avx512-vbmi,avx512-vbmi,x86_64,linux,0
1,commit-5-correction-amd-9950x3d,run-1,4,base64-ng,encode,standard,unpadded,15,20,279620,15385333,259.987625,avx512-vbmi,avx512-vbmi,avx512-vbmi,x86_64,linux,0
1,commit-5-correction-amd-9950x3d,run-1,0,base64-ng,decode,standard,unpadded,15,20,279620,49985467,80.023183,avx512-vbmi,avx512-vbmi,avx512-vbmi,x86_64,linux,0
1,commit-5-correction-amd-9950x3d,run-1,1,base64-ng,decode,standard,unpadded,15,20,279620,50049088,79.921460,avx512-vbmi,avx512-vbmi,avx512-vbmi,x86_64,linux,0
1,commit-5-correction-amd-9950x3d,run-1,2,base64-ng,decode,standard,unpadded,15,20,279620,51424758,77.783471,avx512-vbmi,avx512-vbmi,avx512-vbmi,x86_64,linux,0
1,commit-5-correction-amd-9950x3d,run-1,3,base64-ng,decode,standard,unpadded,15,20,279620,50137474,79.780569,avx512-vbmi,avx512-vbmi,avx512-vbmi,x86_64,linux,0
1,commit-5-correction-amd-9950x3d,run-1,4,base64-ng,decode,standard,unpadded,15,20,279620,49695542,80.490040,avx512-vbmi,avx512-vbmi,avx512-vbmi,x86_64,linux,0
1,commit-5-correction-amd-9950x3d,run-1,0,base64-0.23.0,encode,standard,unpadded,15,20,279620,3146814,1271.125712,external,avx512-vbmi,avx512-vbmi,x86_64,linux,0
1,commit-5-correction-amd-9950x3d,run-1,1,base64-0.23.0,encode,standard,unpadded,15,20,279620,3216936,1243.418018,external,avx512-vbmi,avx512-vbmi,x86_64,linux,0
1,commit-5-correction-amd-9950x3d,run-1,2,base64-0.23.0,encode,standard,unpadded,15,20,279620,3223638,1240.832930,external,avx512-vbmi,avx512-vbmi,x86_64,linux,0
1,commit-5-correction-amd-9950x3d,run-1,3,base64-0.23.0,encode,standard,unpadded,15,20,279620,3222387,1241.314648,external,avx512-vbmi,avx512-vbmi,x86_64,linux,0
1,commit-5-correction-amd-9950x3d,run-1,4,base64-0.23.0,encode,standard,unpadded,15,20,279620,3215303,1244.049530,external,avx512-vbmi,avx512-vbmi,x86_64,linux,0
1,commit-5-correction-amd-9950x3d,run-1,0,base64-0.23.0,decode,standard,unpadded,15,20,279620,4844781,825.629927,external,avx512-vbmi,avx512-vbmi,x86_64,linux,0
1,commit-5-correction-amd-9950x3d,run-1,1,base64-0.23.0,decode,standard,unpadded,15,20,279620,4821737,829.575770,external,avx512-vbmi,avx512-vbmi,x86_64,linux,0
1,commit-5-correction-amd-9950x3d,run-1,2,base64-0.23.0,decode,standard,unpadded,15,20,279620,4833399,827.574174,external,avx512-vbmi,avx512-vbmi,x86_64,linux,0
1,commit-5-correction-amd-9950x3d,run-1,3,base64-0.23.0,decode,standard,unpadded,15,20,279620,4841865,826.127161,external,avx512-vbmi,avx512-vbmi,x86_64,linux,0
1,commit-5-correction-amd-9950x3d,run-1,4,base64-0.23.0,decode,standard,unpadded,15,20,279620,4828079,828.486068,external,avx512-vbmi,avx512-vbmi,x86_64,linux,0
1,commit-5-correction-amd-9950x3d,run-1,0,base64ct-1.8.3,encode,standard,unpadded,15,20,279620,3506391,1140.773001,external,avx512-vbmi,avx512-vbmi,x86_64,linux,0
1,commit-5-correction-amd-9950x3d,run-1,1,base64ct-1.8.3,encode,standard,unpadded,15,20,279620,3510589,1139.408853,external,avx512-vbmi,avx512-vbmi,x86_64,linux,0
1,commit-5-correction-amd-9950x3d,run-1,2,base64ct-1.8.3,encode,standard,unpadded,15,20,279620,3536688,1131.000582,external,avx512-vbmi,avx512-vbmi,x86_64,linux,0
1,commit-5-correction-amd-9950x3d,run-1,3,base64ct-1.8.3,encode,standard,unpadded,15,20,279620,3519886,1136.399356,external,avx512-vbmi,avx512-vbmi,x86_64,linux,0
1,commit-5-correction-amd-9950x3d,run-1,4,base64ct-1.8.3,encode,standard,unpadded,15,20,279620,3530547,1132.967833,external,avx512-vbmi,avx512-vbmi,x86_64,linux,0
1,commit-5-correction-amd-9950x3d,run-1,0,base64ct-1.8.3,decode,standard,unpadded,15,20,279620,8604148,464.891606,external,avx512-vbmi,avx512-vbmi,x86_64,linux,0
1,commit-5-correction-amd-9950x3d,run-1,1,base64ct-1.8.3,decode,standard,unpadded,15,20,279620,8697343,459.910134,external,avx512-vbmi,avx512-vbmi,x86_64,linux,0
1,commit-5-correction-amd-9950x3d,run-1,2,base64ct-1.8.3,decode,standard,unpadded,15,20,279620,8776511,455.761542,external,avx512-vbmi,avx512-vbmi,x86_64,linux,0
1,commit-5-correction-amd-9950x3d,run-1,3,base64ct-1.8.3,decode,standard,unpadded,15,20,279620,8769008,456.151504,external,avx512-vbmi,avx512-vbmi,x86_64,linux,0
1,commit-5-correction-amd-9950x3d,run-1,4,base64ct-1.8.3,decode,standard,unpadded,15,20,279620,8747277,457.284728,external,avx512-vbmi,avx512-vbmi,x86_64,linux,0
1,commit-5-correction-amd-9950x3d,run-1,0,base64-ng,encode,standard,unpadded,16,22,262144,12645055,316.329190,auto,avx512-vbmi,avx512-vbmi,x86_64,linux,0
1,commit-5-correction-amd-9950x3d,run-1,1,base64-ng,encode,standard,unpadded,16,22,262144,12663028,315.880214,auto,avx512-vbmi,avx512-vbmi,x86_64,linux,0
1,commit-5-correction-amd-9950x3d,run-1,2,base64-ng,encode,standard,unpadded,16,22,262144,12638863,316.484165,auto,avx512-vbmi,avx512-vbmi,x86_64,linux,0
1,commit-5-correction-amd-9950x3d,run-1,3,base64-ng,encode,standard,unpadded,16,22,262144,12618585,316.992753,auto,avx512-vbmi,avx512-vbmi,x86_64,linux,0
1,commit-5-correction-amd-9950x3d,run-1,4,base64-ng,encode,standard,unpadded,16,22,262144,12520670,319.471722,auto,avx512-vbmi,avx512-vbmi,x86_64,linux,0
1,commit-5-correction-amd-9950x3d,run-1,0,base64-ng,decode,standard,unpadded,16,22,262144,48569112,82.356869,auto,avx512-vbmi,avx512-vbmi,x86_64,linux,0
1,commit-5-correction-amd-9950x3d,run-1,1,base64-ng,decode,standard,unpadded,16,22,262144,47990642,83.349583,auto,avx512-vbmi,avx512-vbmi,x86_64,linux,0
1,commit-5-correction-amd-9950x3d,run-1,2,base64-ng,decode,standard,unpadded,16,22,262144,48123973,83.118657,auto,avx512-vbmi,avx512-vbmi,x86_64,linux,0
1,commit-5-correction-amd-9950x3d,run-1,3,base64-ng,decode,standard,unpadded,16,22,262144,48605169,82.295774,auto,avx512-vbmi,avx512-vbmi,x86_64,linux,0
1,commit-5-correction-amd-9950x3d,run-1,4,base64-ng,decode,standard,unpadded,16,22,262144,48094648,83.169337,auto,avx512-vbmi,avx512-vbmi,x86_64,linux,0
1,commit-5-correction-amd-9950x3d,run-1,0,base64-ng,encode,standard,unpadded,16,22,262144,12289656,325.476970,scalar,avx512-vbmi,avx512-vbmi,x86_64,linux,0
1,commit-5-correction-amd-9950x3d,run-1,1,base64-ng,encode,standard,unpadded,16,22,262144,12304633,325.080805,scalar,avx512-vbmi,avx512-vbmi,x86_64,linux,0
1,commit-5-correction-amd-9950x3d,run-1,2,base64-ng,encode,standard,unpadded,16,22,262144,12313230,324.853836,scalar,avx512-vbmi,avx512-vbmi,x86_64,linux,0
1,commit-5-correction-amd-9950x3d,run-1,3,base64-ng,encode,standard,unpadded,16,22,262144,12306758,325.024673,scalar,avx512-vbmi,avx512-vbmi,x86_64,linux,0
1,commit-5-correction-amd-9950x3d,run-1,4,base64-ng,encode,standard,unpadded,16,22,262144,12319852,324.679225,scalar,avx512-vbmi,avx512-vbmi,x86_64,linux,0
1,commit-5-correction-amd-9950x3d,run-1,0,base64-ng,decode,standard,unpadded,16,22,262144,15086931,265.130132,scalar,avx512-vbmi,avx512-vbmi,x86_64,linux,0
1,commit-5-correction-amd-9950x3d,run-1,1,base64-ng,decode,standard,unpadded,16,22,262144,15264285,262.049615,scalar,avx512-vbmi,avx512-vbmi,x86_64,linux,0
1,commit-5-correction-amd-9950x3d,run-1,2,base64-ng,decode,standard,unpadded,16,22,262144,15524895,257.650696,scalar,avx512-vbmi,avx512-vbmi,x86_64,linux,0
1,commit-5-correction-amd-9950x3d,run-1,3,base64-ng,decode,standard,unpadded,16,22,262144,15489809,258.234301,scalar,avx512-vbmi,avx512-vbmi,x86_64,linux,0
1,commit-5-correction-amd-9950x3d,run-1,4,base64-ng,decode,standard,unpadded,16,22,262144,15376135,260.143398,scalar,avx512-vbmi,avx512-vbmi,x86_64,linux,0
1,commit-5-correction-amd-9950x3d,run-1,0,base64-ng,encode,standard,unpadded,16,22,262144,17030960,234.866385,ssse3-sse4.1,avx512-vbmi,avx512-vbmi,x86_64,linux,0
1,commit-5-correction-amd-9950x3d,run-1,1,base64-ng,encode,standard,unpadded,16,22,262144,17035439,234.804633,ssse3-sse4.1,avx512-vbmi,avx512-vbmi,x86_64,linux,0
1,commit-5-correction-amd-9950x3d,run-1,2,base64-ng,encode,standard,unpadded,16,22,262144,16988921,235.447560,ssse3-sse4.1,avx512-vbmi,avx512-vbmi,x86_64,linux,0
1,commit-5-correction-amd-9950x3d,run-1,3,base64-ng,encode,standard,unpadded,16,22,262144,16991787,235.407847,ssse3-sse4.1,avx512-vbmi,avx512-vbmi,x86_64,linux,0
1,commit-5-correction-amd-9950x3d,run-1,4,base64-ng,encode,standard,unpadded,16,22,262144,16820415,237.806261,ssse3-sse4.1,avx512-vbmi,avx512-vbmi,x86_64,linux,0
1,commit-5-correction-amd-9950x3d,run-1,0,base64-ng,decode,standard,unpadded,16,22,262144,47444925,84.308280,ssse3-sse4.1,avx512-vbmi,avx512-vbmi,x86_64,linux,0
1,commit-5-correction-amd-9950x3d,run-1,1,base64-ng,decode,standard,unpadded,16,22,262144,47554421,84.114156,ssse3-sse4.1,avx512-vbmi,avx512-vbmi,x86_64,linux,0
1,commit-5-correction-amd-9950x3d,run-1,2,base64-ng,decode,standard,unpadded,16,22,262144,48671304,82.183950,ssse3-sse4.1,avx512-vbmi,avx512-vbmi,x86_64,linux,0
1,commit-5-correction-amd-9950x3d,run-1,3,base64-ng,decode,standard,unpadded,16,22,262144,47950768,83.418893,ssse3-sse4.1,avx512-vbmi,avx512-vbmi,x86_64,linux,0
1,commit-5-correction-amd-9950x3d,run-1,4,base64-ng,decode,standard,unpadded,16,22,262144,47970505,83.384571,ssse3-sse4.1,avx512-vbmi,avx512-vbmi,x86_64,linux,0
1,commit-5-correction-amd-9950x3d,run-1,0,base64-ng,encode,standard,unpadded,16,22,262144,12764449,313.370362,avx2,avx512-vbmi,avx512-vbmi,x86_64,linux,0
1,commit-5-correction-amd-9950x3d,run-1,1,base64-ng,encode,standard,unpadded,16,22,262144,12797141,312.569815,avx2,avx512-vbmi,avx512-vbmi,x86_64,linux,0
1,commit-5-correction-amd-9950x3d,run-1,2,base64-ng,encode,standard,unpadded,16,22,262144,12778726,313.020249,avx2,avx512-vbmi,avx512-vbmi,x86_64,linux,0
1,commit-5-correction-amd-9950x3d,run-1,3,base64-ng,encode,standard,unpadded,16,22,262144,12799966,312.500830,avx2,avx512-vbmi,avx512-vbmi,x86_64,linux,0
1,commit-5-correction-amd-9950x3d,run-1,4,base64-ng,encode,standard,unpadded,16,22,262144,12780078,312.987135,avx2,avx512-vbmi,avx512-vbmi,x86_64,linux,0
1,commit-5-correction-amd-9950x3d,run-1,0,base64-ng,decode,standard,unpadded,16,22,262144,48562419,82.368220,avx2,avx512-vbmi,avx512-vbmi,x86_64,linux,0
1,commit-5-correction-amd-9950x3d,run-1,1,base64-ng,decode,standard,unpadded,16,22,262144,48486085,82.497896,avx2,avx512-vbmi,avx512-vbmi,x86_64,linux,0
1,commit-5-correction-amd-9950x3d,run-1,2,base64-ng,decode,standard,unpadded,16,22,262144,47903579,83.501068,avx2,avx512-vbmi,avx512-vbmi,x86_64,linux,0
1,commit-5-correction-amd-9950x3d,run-1,3,base64-ng,decode,standard,unpadded,16,22,262144,51205534,78.116557,avx2,avx512-vbmi,avx512-vbmi,x86_64,linux,0
1,commit-5-correction-amd-9950x3d,run-1,4,base64-ng,decode,standard,unpadded,16,22,262144,47874765,83.551324,avx2,avx512-vbmi,avx512-vbmi,x86_64,linux,0
1,commit-5-correction-amd-9950x3d,run-1,0,base64-ng,encode,standard,unpadded,16,22,262144,12833700,311.679407,avx512-vbmi,avx512-vbmi,avx512-vbmi,x86_64,linux,0
1,commit-5-correction-amd-9950x3d,run-1,1,base64-ng,encode,standard,unpadded,16,22,262144,12830233,311.763629,avx512-vbmi,avx512-vbmi,avx512-vbmi,x86_64,linux,0
1,commit-5-correction-amd-9950x3d,run-1,2,base64-ng,encode,standard,unpadded,16,22,262144,12808051,312.303566,avx512-vbmi,avx512-vbmi,avx512-vbmi,x86_64,linux,0
1,commit-5-correction-amd-9950x3d,run-1,3,base64-ng,encode,standard,unpadded,16,22,262144,12817519,312.072875,avx512-vbmi,avx512-vbmi,avx512-vbmi,x86_64,linux,0
1,commit-5-correction-amd-9950x3d,run-1,4,base64-ng,encode,standard,unpadded,16,22,262144,12826847,311.845928,avx512-vbmi,avx512-vbmi,avx512-vbmi,x86_64,linux,0
1,commit-5-correction-amd-9950x3d,run-1,0,base64-ng,decode,standard,unpadded,16,22,262144,48212971,82.965225,avx512-vbmi,avx512-vbmi,avx512-vbmi,x86_64,linux,0
1,commit-5-correction-amd-9950x3d,run-1,1,base64-ng,decode,standard,unpadded,16,22,262144,48107353,83.147373,avx512-vbmi,avx512-vbmi,avx512-vbmi,x86_64,linux,0
1,commit-5-correction-amd-9950x3d,run-1,2,base64-ng,decode,standard,unpadded,16,22,262144,48495523,82.481841,avx512-vbmi,avx512-vbmi,avx512-vbmi,x86_64,linux,0
1,commit-5-correction-amd-9950x3d,run-1,3,base64-ng,decode,standard,unpadded,16,22,262144,50495668,79.214716,avx512-vbmi,avx512-vbmi,avx512-vbmi,x86_64,linux,0
1,commit-5-correction-amd-9950x3d,run-1,4,base64-ng,decode,standard,unpadded,16,22,262144,48530079,82.423109,avx512-vbmi,avx512-vbmi,avx512-vbmi,x86_64,linux,0
1,commit-5-correction-amd-9950x3d,run-1,0,base64-0.23.0,encode,standard,unpadded,16,22,262144,3134902,1275.956952,external,avx512-vbmi,avx512-vbmi,x86_64,linux,0
1,commit-5-correction-amd-9950x3d,run-1,1,base64-0.23.0,encode,standard,unpadded,16,22,262144,3206787,1247.354439,external,avx512-vbmi,avx512-vbmi,x86_64,linux,0
1,commit-5-correction-amd-9950x3d,run-1,2,base64-0.23.0,encode,standard,unpadded,16,22,262144,3200294,1249.885167,external,avx512-vbmi,avx512-vbmi,x86_64,linux,0
1,commit-5-correction-amd-9950x3d,run-1,3,base64-0.23.0,encode,standard,unpadded,16,22,262144,3206967,1247.284428,external,avx512-vbmi,avx512-vbmi,x86_64,linux,0
1,commit-5-correction-amd-9950x3d,run-1,4,base64-0.23.0,encode,standard,unpadded,16,22,262144,3213940,1244.578306,external,avx512-vbmi,avx512-vbmi,x86_64,linux,0
1,commit-5-correction-amd-9950x3d,run-1,0,base64-0.23.0,decode,standard,unpadded,16,22,262144,4501454,888.601772,external,avx512-vbmi,avx512-vbmi,x86_64,linux,0
1,commit-5-correction-amd-9950x3d,run-1,1,base64-0.23.0,decode,standard,unpadded,16,22,262144,4495062,889.865368,external,avx512-vbmi,avx512-vbmi,x86_64,linux,0
1,commit-5-correction-amd-9950x3d,run-1,2,base64-0.23.0,decode,standard,unpadded,16,22,262144,4500421,888.805736,external,avx512-vbmi,avx512-vbmi,x86_64,linux,0
1,commit-5-correction-amd-9950x3d,run-1,3,base64-0.23.0,decode,standard,unpadded,16,22,262144,4487167,891.431052,external,avx512-vbmi,avx512-vbmi,x86_64,linux,0
1,commit-5-correction-amd-9950x3d,run-1,4,base64-0.23.0,decode,standard,unpadded,16,22,262144,4479663,892.924311,external,avx512-vbmi,avx512-vbmi,x86_64,linux,0
1,commit-5-correction-amd-9950x3d,run-1,0,base64ct-1.8.3,encode,standard,unpadded,16,22,262144,3464592,1154.537100,external,avx512-vbmi,avx512-vbmi,x86_64,linux,0
1,commit-5-correction-amd-9950x3d,run-1,1,base64ct-1.8.3,encode,standard,unpadded,16,22,262144,3458450,1156.587489,external,avx512-vbmi,avx512-vbmi,x86_64,linux,0
1,commit-5-correction-amd-9950x3d,run-1,2,base64ct-1.8.3,encode,standard,unpadded,16,22,262144,3445306,1160.999923,external,avx512-vbmi,avx512-vbmi,x86_64,linux,0
1,commit-5-correction-amd-9950x3d,run-1,3,base64ct-1.8.3,encode,standard,unpadded,16,22,262144,3470564,1152.550421,external,avx512-vbmi,avx512-vbmi,x86_64,linux,0
1,commit-5-correction-amd-9950x3d,run-1,4,base64ct-1.8.3,encode,standard,unpadded,16,22,262144,3522892,1135.430777,external,avx512-vbmi,avx512-vbmi,x86_64,linux,0
1,commit-5-correction-amd-9950x3d,run-1,0,base64ct-1.8.3,decode,standard,unpadded,16,22,262144,10363509,385.969656,external,avx512-vbmi,avx512-vbmi,x86_64,linux,0
1,commit-5-correction-amd-9950x3d,run-1,1,base64ct-1.8.3,decode,standard,unpadded,16,22,262144,10393456,384.857549,external,avx512-vbmi,avx512-vbmi,x86_64,linux,0
1,commit-5-correction-amd-9950x3d,run-1,2,base64ct-1.8.3,decode,standard,unpadded,16,22,262144,10217695,391.477726,external,avx512-vbmi,avx512-vbmi,x86_64,linux,0
1,commit-5-correction-amd-9950x3d,run-1,3,base64ct-1.8.3,decode,standard,unpadded,16,22,262144,10219929,391.392152,external,avx512-vbmi,avx512-vbmi,x86_64,linux,0
1,commit-5-correction-amd-9950x3d,run-1,4,base64ct-1.8.3,decode,standard,unpadded,16,22,262144,10202626,392.055928,external,avx512-vbmi,avx512-vbmi,x86_64,linux,0
1,commit-5-correction-amd-9950x3d,run-1,0,base64-ng,encode,standard,unpadded,23,31,182361,12025488,332.626755,auto,avx512-vbmi,avx512-vbmi,x86_64,linux,0
1,commit-5-correction-amd-9950x3d,run-1,1,base64-ng,encode,standard,unpadded,23,31,182361,12018475,332.820848,auto,avx512-vbmi,avx512-vbmi,x86_64,linux,0
1,commit-5-correction-amd-9950x3d,run-1,2,base64-ng,encode,standard,unpadded,23,31,182361,12026049,332.611238,auto,avx512-vbmi,avx512-vbmi,x86_64,linux,0
1,commit-5-correction-amd-9950x3d,run-1,3,base64-ng,encode,standard,unpadded,23,31,182361,12026019,332.612068,auto,avx512-vbmi,avx512-vbmi,x86_64,linux,0
1,commit-5-correction-amd-9950x3d,run-1,4,base64-ng,encode,standard,unpadded,23,31,182361,12035056,332.362313,auto,avx512-vbmi,avx512-vbmi,x86_64,linux,0
1,commit-5-correction-amd-9950x3d,run-1,0,base64-ng,decode,standard,unpadded,23,31,182361,39113461,102.266558,auto,avx512-vbmi,avx512-vbmi,x86_64,linux,0
1,commit-5-correction-amd-9950x3d,run-1,1,base64-ng,decode,standard,unpadded,23,31,182361,39181980,102.087721,auto,avx512-vbmi,avx512-vbmi,x86_64,linux,0
1,commit-5-correction-amd-9950x3d,run-1,2,base64-ng,decode,standard,unpadded,23,31,182361,38441977,104.052896,auto,avx512-vbmi,avx512-vbmi,x86_64,linux,0
1,commit-5-correction-amd-9950x3d,run-1,3,base64-ng,decode,standard,unpadded,23,31,182361,38271256,104.517057,auto,avx512-vbmi,avx512-vbmi,x86_64,linux,0
1,commit-5-correction-amd-9950x3d,run-1,4,base64-ng,decode,standard,unpadded,23,31,182361,38310791,104.409200,auto,avx512-vbmi,avx512-vbmi,x86_64,linux,0
1,commit-5-correction-amd-9950x3d,run-1,0,base64-ng,encode,standard,unpadded,23,31,182361,11730633,340.987485,scalar,avx512-vbmi,avx512-vbmi,x86_64,linux,0
1,commit-5-correction-amd-9950x3d,run-1,1,base64-ng,encode,standard,unpadded,23,31,182361,12073789,331.296087,scalar,avx512-vbmi,avx512-vbmi,x86_64,linux,0
1,commit-5-correction-amd-9950x3d,run-1,2,base64-ng,encode,standard,unpadded,23,31,182361,12332646,324.342323,scalar,avx512-vbmi,avx512-vbmi,x86_64,linux,0
1,commit-5-correction-amd-9950x3d,run-1,3,base64-ng,encode,standard,unpadded,23,31,182361,12204325,327.752583,scalar,avx512-vbmi,avx512-vbmi,x86_64,linux,0
1,commit-5-correction-amd-9950x3d,run-1,4,base64-ng,encode,standard,unpadded,23,31,182361,11849927,337.554742,scalar,avx512-vbmi,avx512-vbmi,x86_64,linux,0
1,commit-5-correction-amd-9950x3d,run-1,0,base64-ng,decode,standard,unpadded,23,31,182361,14382786,278.110169,scalar,avx512-vbmi,avx512-vbmi,x86_64,linux,0
1,commit-5-correction-amd-9950x3d,run-1,1,base64-ng,decode,standard,unpadded,23,31,182361,14376714,278.227629,scalar,avx512-vbmi,avx512-vbmi,x86_64,linux,0
1,commit-5-correction-amd-9950x3d,run-1,2,base64-ng,decode,standard,unpadded,23,31,182361,14363429,278.484967,scalar,avx512-vbmi,avx512-vbmi,x86_64,linux,0
1,commit-5-correction-amd-9950x3d,run-1,3,base64-ng,decode,standard,unpadded,23,31,182361,14422240,277.349361,scalar,avx512-vbmi,avx512-vbmi,x86_64,linux,0
1,commit-5-correction-amd-9950x3d,run-1,4,base64-ng,decode,standard,unpadded,23,31,182361,14528640,275.318202,scalar,avx512-vbmi,avx512-vbmi,x86_64,linux,0
1,commit-5-correction-amd-9950x3d,run-1,0,base64-ng,encode,standard,unpadded,23,31,182361,15033882,266.065614,ssse3-sse4.1,avx512-vbmi,avx512-vbmi,x86_64,linux,0
1,commit-5-correction-amd-9950x3d,run-1,1,base64-ng,encode,standard,unpadded,23,31,182361,15055352,265.686186,ssse3-sse4.1,avx512-vbmi,avx512-vbmi,x86_64,linux,0
1,commit-5-correction-amd-9950x3d,run-1,2,base64-ng,encode,standard,unpadded,23,31,182361,15041256,265.935175,ssse3-sse4.1,avx512-vbmi,avx512-vbmi,x86_64,linux,0
1,commit-5-correction-amd-9950x3d,run-1,3,base64-ng,encode,standard,unpadded,23,31,182361,15088183,265.108068,ssse3-sse4.1,avx512-vbmi,avx512-vbmi,x86_64,linux,0
1,commit-5-correction-amd-9950x3d,run-1,4,base64-ng,encode,standard,unpadded,23,31,182361,16534827,241.913571,ssse3-sse4.1,avx512-vbmi,avx512-vbmi,x86_64,linux,0
1,commit-5-correction-amd-9950x3d,run-1,0,base64-ng,decode,standard,unpadded,23,31,182361,39917244,100.207295,ssse3-sse4.1,avx512-vbmi,avx512-vbmi,x86_64,linux,0
1,commit-5-correction-amd-9950x3d,run-1,1,base64-ng,decode,standard,unpadded,23,31,182361,38488334,103.927571,ssse3-sse4.1,avx512-vbmi,avx512-vbmi,x86_64,linux,0
1,commit-5-correction-amd-9950x3d,run-1,2,base64-ng,decode,standard,unpadded,23,31,182361,38879020,102.883227,ssse3-sse4.1,avx512-vbmi,avx512-vbmi,x86_64,linux,0
1,commit-5-correction-amd-9950x3d,run-1,3,base64-ng,decode,standard,unpadded,23,31,182361,38777659,103.152154,ssse3-sse4.1,avx512-vbmi,avx512-vbmi,x86_64,linux,0
1,commit-5-correction-amd-9950x3d,run-1,4,base64-ng,decode,standard,unpadded,23,31,182361,38424204,104.101026,ssse3-sse4.1,avx512-vbmi,avx512-vbmi,x86_64,linux,0
1,commit-5-correction-amd-9950x3d,run-1,0,base64-ng,encode,standard,unpadded,23,31,182361,12316796,324.759706,avx2,avx512-vbmi,avx512-vbmi,x86_64,linux,0
1,commit-5-correction-amd-9950x3d,run-1,1,base64-ng,encode,standard,unpadded,23,31,182361,12374745,323.238907,avx2,avx512-vbmi,avx512-vbmi,x86_64,linux,0
1,commit-5-correction-amd-9950x3d,run-1,2,base64-ng,encode,standard,unpadded,23,31,182361,12270870,325.975179,avx2,avx512-vbmi,avx512-vbmi,x86_64,linux,0
1,commit-5-correction-amd-9950x3d,run-1,3,base64-ng,encode,standard,unpadded,23,31,182361,12353305,323.799910,avx2,avx512-vbmi,avx512-vbmi,x86_64,linux,0
1,commit-5-correction-amd-9950x3d,run-1,4,base64-ng,encode,standard,unpadded,23,31,182361,12387690,322.901126,avx2,avx512-vbmi,avx512-vbmi,x86_64,linux,0
1,commit-5-correction-amd-9950x3d,run-1,0,base64-ng,decode,standard,unpadded,23,31,182361,38581109,103.677659,avx2,avx512-vbmi,avx512-vbmi,x86_64,linux,0
1,commit-5-correction-amd-9950x3d,run-1,1,base64-ng,decode,standard,unpadded,23,31,182361,38530353,103.814233,avx2,avx512-vbmi,avx512-vbmi,x86_64,linux,0
1,commit-5-correction-amd-9950x3d,run-1,2,base64-ng,decode,standard,unpadded,23,31,182361,39460645,101.366793,avx2,avx512-vbmi,avx512-vbmi,x86_64,linux,0
1,commit-5-correction-amd-9950x3d,run-1,3,base64-ng,decode,standard,unpadded,23,31,182361,38802916,103.085012,avx2,avx512-vbmi,avx512-vbmi,x86_64,linux,0
1,commit-5-correction-amd-9950x3d,run-1,4,base64-ng,decode,standard,unpadded,23,31,182361,38487943,103.928626,avx2,avx512-vbmi,avx512-vbmi,x86_64,linux,0
1,commit-5-correction-amd-9950x3d,run-1,0,base64-ng,encode,standard,unpadded,23,31,182361,12536690,319.063409,avx512-vbmi,avx512-vbmi,avx512-vbmi,x86_64,linux,0
1,commit-5-correction-amd-9950x3d,run-1,1,base64-ng,encode,standard,unpadded,23,31,182361,12477970,320.564887,avx512-vbmi,avx512-vbmi,avx512-vbmi,x86_64,linux,0
1,commit-5-correction-amd-9950x3d,run-1,2,base64-ng,encode,standard,unpadded,23,31,182361,12465477,320.886160,avx512-vbmi,avx512-vbmi,avx512-vbmi,x86_64,linux,0
1,commit-5-correction-amd-9950x3d,run-1,3,base64-ng,encode,standard,unpadded,23,31,182361,12425181,321.926823,avx512-vbmi,avx512-vbmi,avx512-vbmi,x86_64,linux,0
1,commit-5-correction-amd-9950x3d,run-1,4,base64-ng,encode,standard,unpadded,23,31,182361,12606502,317.296507,avx512-vbmi,avx512-vbmi,avx512-vbmi,x86_64,linux,0
1,commit-5-correction-amd-9950x3d,run-1,0,base64-ng,decode,standard,unpadded,23,31,182361,38856688,102.942357,avx512-vbmi,avx512-vbmi,avx512-vbmi,x86_64,linux,0
1,commit-5-correction-amd-9950x3d,run-1,1,base64-ng,decode,standard,unpadded,23,31,182361,38752853,103.218182,avx512-vbmi,avx512-vbmi,avx512-vbmi,x86_64,linux,0
1,commit-5-correction-amd-9950x3d,run-1,2,base64-ng,decode,standard,unpadded,23,31,182361,38810361,103.065237,avx512-vbmi,avx512-vbmi,avx512-vbmi,x86_64,linux,0
1,commit-5-correction-amd-9950x3d,run-1,3,base64-ng,decode,standard,unpadded,23,31,182361,39096669,102.310482,avx512-vbmi,avx512-vbmi,avx512-vbmi,x86_64,linux,0
1,commit-5-correction-amd-9950x3d,run-1,4,base64-ng,decode,standard,unpadded,23,31,182361,39610647,100.982926,avx512-vbmi,avx512-vbmi,avx512-vbmi,x86_64,linux,0
1,commit-5-correction-amd-9950x3d,run-1,0,base64-0.23.0,encode,standard,unpadded,23,31,182361,2600245,1538.316215,external,avx512-vbmi,avx512-vbmi,x86_64,linux,0
1,commit-5-correction-amd-9950x3d,run-1,1,base64-0.23.0,encode,standard,unpadded,23,31,182361,2652453,1508.037672,external,avx512-vbmi,avx512-vbmi,x86_64,linux,0
1,commit-5-correction-amd-9950x3d,run-1,2,base64-0.23.0,encode,standard,unpadded,23,31,182361,2643877,1512.929326,external,avx512-vbmi,avx512-vbmi,x86_64,linux,0
1,commit-5-correction-amd-9950x3d,run-1,3,base64-0.23.0,encode,standard,unpadded,23,31,182361,2665979,1500.386555,external,avx512-vbmi,avx512-vbmi,x86_64,linux,0
1,commit-5-correction-amd-9950x3d,run-1,4,base64-0.23.0,encode,standard,unpadded,23,31,182361,2654457,1506.899169,external,avx512-vbmi,avx512-vbmi,x86_64,linux,0
1,commit-5-correction-amd-9950x3d,run-1,0,base64-0.23.0,decode,standard,unpadded,23,31,182361,3364714,1188.808037,external,avx512-vbmi,avx512-vbmi,x86_64,linux,0
1,commit-5-correction-amd-9950x3d,run-1,1,base64-0.23.0,decode,standard,unpadded,23,31,182361,3378460,1183.971113,external,avx512-vbmi,avx512-vbmi,x86_64,linux,0
1,commit-5-correction-amd-9950x3d,run-1,2,base64-0.23.0,decode,standard,unpadded,23,31,182361,3365787,1188.429050,external,avx512-vbmi,avx512-vbmi,x86_64,linux,0
1,commit-5-correction-amd-9950x3d,run-1,3,base64-0.23.0,decode,standard,unpadded,23,31,182361,3370434,1186.790498,external,avx512-vbmi,avx512-vbmi,x86_64,linux,0
1,commit-5-correction-amd-9950x3d,run-1,4,base64-0.23.0,decode,standard,unpadded,23,31,182361,3362140,1189.718169,external,avx512-vbmi,avx512-vbmi,x86_64,linux,0
1,commit-5-correction-amd-9950x3d,run-1,0,base64ct-1.8.3,encode,standard,unpadded,23,31,182361,2967086,1348.123730,external,avx512-vbmi,avx512-vbmi,x86_64,linux,0
1,commit-5-correction-amd-9950x3d,run-1,1,base64ct-1.8.3,encode,standard,unpadded,23,31,182361,2961565,1350.636926,external,avx512-vbmi,avx512-vbmi,x86_64,linux,0
1,commit-5-correction-amd-9950x3d,run-1,2,base64ct-1.8.3,encode,standard,unpadded,23,31,182361,2944583,1358.426319,external,avx512-vbmi,avx512-vbmi,x86_64,linux,0
1,commit-5-correction-amd-9950x3d,run-1,3,base64ct-1.8.3,encode,standard,unpadded,23,31,182361,2955945,1353.204828,external,avx512-vbmi,avx512-vbmi,x86_64,linux,0
1,commit-5-correction-amd-9950x3d,run-1,4,base64ct-1.8.3,encode,standard,unpadded,23,31,182361,2970061,1346.773365,external,avx512-vbmi,avx512-vbmi,x86_64,linux,0
1,commit-5-correction-amd-9950x3d,run-1,0,base64ct-1.8.3,decode,standard,unpadded,23,31,182361,8815906,453.725238,external,avx512-vbmi,avx512-vbmi,x86_64,linux,0
1,commit-5-correction-amd-9950x3d,run-1,1,base64ct-1.8.3,decode,standard,unpadded,23,31,182361,8716108,458.920317,external,avx512-vbmi,avx512-vbmi,x86_64,linux,0
1,commit-5-correction-amd-9950x3d,run-1,2,base64ct-1.8.3,decode,standard,unpadded,23,31,182361,8763737,456.426185,external,avx512-vbmi,avx512-vbmi,x86_64,linux,0
1,commit-5-correction-amd-9950x3d,run-1,3,base64ct-1.8.3,decode,standard,unpadded,23,31,182361,8689688,460.315612,external,avx512-vbmi,avx512-vbmi,x86_64,linux,0
1,commit-5-correction-amd-9950x3d,run-1,4,base64ct-1.8.3,decode,standard,unpadded,23,31,182361,8743740,457.470035,external,avx512-vbmi,avx512-vbmi,x86_64,linux,0
1,commit-5-correction-amd-9950x3d,run-1,0,base64-ng,encode,standard,unpadded,24,32,174762,12122400,329.966404,auto,avx512-vbmi,avx512-vbmi,x86_64,linux,0
1,commit-5-correction-amd-9950x3d,run-1,1,base64-ng,encode,standard,unpadded,24,32,174762,12165111,328.807912,auto,avx512-vbmi,avx512-vbmi,x86_64,linux,0
1,commit-5-correction-amd-9950x3d,run-1,2,base64-ng,encode,standard,unpadded,24,32,174762,12121710,329.985187,auto,avx512-vbmi,avx512-vbmi,x86_64,linux,0
1,commit-5-correction-amd-9950x3d,run-1,3,base64-ng,encode,standard,unpadded,24,32,174762,12186190,328.239158,auto,avx512-vbmi,avx512-vbmi,x86_64,linux,0
1,commit-5-correction-amd-9950x3d,run-1,4,base64-ng,encode,standard,unpadded,24,32,174762,12061366,331.636130,auto,avx512-vbmi,avx512-vbmi,x86_64,linux,0
1,commit-5-correction-amd-9950x3d,run-1,0,base64-ng,decode,standard,unpadded,24,32,174762,38628919,103.548969,auto,avx512-vbmi,avx512-vbmi,x86_64,linux,0
1,commit-5-correction-amd-9950x3d,run-1,1,base64-ng,decode,standard,unpadded,24,32,174762,39269655,101.859432,auto,avx512-vbmi,avx512-vbmi,x86_64,linux,0
1,commit-5-correction-amd-9950x3d,run-1,2,base64-ng,decode,standard,unpadded,24,32,174762,38746270,103.235350,auto,avx512-vbmi,avx512-vbmi,x86_64,linux,0
1,commit-5-correction-amd-9950x3d,run-1,3,base64-ng,decode,standard,unpadded,24,32,174762,39163015,102.136793,auto,avx512-vbmi,avx512-vbmi,x86_64,linux,0
1,commit-5-correction-amd-9950x3d,run-1,4,base64-ng,decode,standard,unpadded,24,32,174762,42012769,95.208786,auto,avx512-vbmi,avx512-vbmi,x86_64,linux,0
1,commit-5-correction-amd-9950x3d,run-1,0,base64-ng,encode,standard,unpadded,24,32,174762,11716476,341.398279,scalar,avx512-vbmi,avx512-vbmi,x86_64,linux,0
1,commit-5-correction-amd-9950x3d,run-1,1,base64-ng,encode,standard,unpadded,24,32,174762,11703221,341.784945,scalar,avx512-vbmi,avx512-vbmi,x86_64,linux,0
1,commit-5-correction-amd-9950x3d,run-1,2,base64-ng,encode,standard,unpadded,24,32,174762,11670990,342.728829,scalar,avx512-vbmi,avx512-vbmi,x86_64,linux,0
1,commit-5-correction-amd-9950x3d,run-1,3,base64-ng,encode,standard,unpadded,24,32,174762,11704564,341.745728,scalar,avx512-vbmi,avx512-vbmi,x86_64,linux,0
1,commit-5-correction-amd-9950x3d,run-1,4,base64-ng,encode,standard,unpadded,24,32,174762,11694144,342.050238,scalar,avx512-vbmi,avx512-vbmi,x86_64,linux,0
1,commit-5-correction-amd-9950x3d,run-1,0,base64-ng,decode,standard,unpadded,24,32,174762,14238544,280.926529,scalar,avx512-vbmi,avx512-vbmi,x86_64,linux,0
1,commit-5-correction-amd-9950x3d,run-1,1,base64-ng,decode,standard,unpadded,24,32,174762,14237101,280.955002,scalar,avx512-vbmi,avx512-vbmi,x86_64,linux,0
1,commit-5-correction-amd-9950x3d,run-1,2,base64-ng,decode,standard,unpadded,24,32,174762,14237702,280.943142,scalar,avx512-vbmi,avx512-vbmi,x86_64,linux,0
1,commit-5-correction-amd-9950x3d,run-1,3,base64-ng,decode,standard,unpadded,24,32,174762,14236280,280.971205,scalar,avx512-vbmi,avx512-vbmi,x86_64,linux,0
1,commit-5-correction-amd-9950x3d,run-1,4,base64-ng,decode,standard,unpadded,24,32,174762,14215361,281.384675,scalar,avx512-vbmi,avx512-vbmi,x86_64,linux,0
1,commit-5-correction-amd-9950x3d,run-1,0,base64-ng,encode,standard,unpadded,24,32,174762,16212861,246.716773,ssse3-sse4.1,avx512-vbmi,avx512-vbmi,x86_64,linux,0
1,commit-5-correction-amd-9950x3d,run-1,1,base64-ng,encode,standard,unpadded,24,32,174762,16160712,247.512903,ssse3-sse4.1,avx512-vbmi,avx512-vbmi,x86_64,linux,0
1,commit-5-correction-amd-9950x3d,run-1,2,base64-ng,encode,standard,unpadded,24,32,174762,16119836,248.140536,ssse3-sse4.1,avx512-vbmi,avx512-vbmi,x86_64,linux,0
1,commit-5-correction-amd-9950x3d,run-1,3,base64-ng,encode,standard,unpadded,24,32,174762,16128662,248.004747,ssse3-sse4.1,avx512-vbmi,avx512-vbmi,x86_64,linux,0
1,commit-5-correction-amd-9950x3d,run-1,4,base64-ng,encode,standard,unpadded,24,32,174762,16115527,248.206884,ssse3-sse4.1,avx512-vbmi,avx512-vbmi,x86_64,linux,0
1,commit-5-correction-amd-9950x3d,run-1,0,base64-ng,decode,standard,unpadded,24,32,174762,53342197,74.987251,ssse3-sse4.1,avx512-vbmi,avx512-vbmi,x86_64,linux,0
1,commit-5-correction-amd-9950x3d,run-1,1,base64-ng,decode,standard,unpadded,24,32,174762,53775412,74.383154,ssse3-sse4.1,avx512-vbmi,avx512-vbmi,x86_64,linux,0
1,commit-5-correction-amd-9950x3d,run-1,2,base64-ng,decode,standard,unpadded,24,32,174762,53771816,74.388128,ssse3-sse4.1,avx512-vbmi,avx512-vbmi,x86_64,linux,0
1,commit-5-correction-amd-9950x3d,run-1,3,base64-ng,decode,standard,unpadded,24,32,174762,53536342,74.715317,ssse3-sse4.1,avx512-vbmi,avx512-vbmi,x86_64,linux,0
1,commit-5-correction-amd-9950x3d,run-1,4,base64-ng,decode,standard,unpadded,24,32,174762,54952198,72.790259,ssse3-sse4.1,avx512-vbmi,avx512-vbmi,x86_64,linux,0
1,commit-5-correction-amd-9950x3d,run-1,0,base64-ng,encode,standard,unpadded,24,32,174762,9955992,401.766568,avx2,avx512-vbmi,avx512-vbmi,x86_64,linux,0
1,commit-5-correction-amd-9950x3d,run-1,1,base64-ng,encode,standard,unpadded,24,32,174762,9761116,409.787645,avx2,avx512-vbmi,avx512-vbmi,x86_64,linux,0
1,commit-5-correction-amd-9950x3d,run-1,2,base64-ng,encode,standard,unpadded,24,32,174762,9776204,409.155204,avx2,avx512-vbmi,avx512-vbmi,x86_64,linux,0
1,commit-5-correction-amd-9950x3d,run-1,3,base64-ng,encode,standard,unpadded,24,32,174762,9834885,406.713931,avx2,avx512-vbmi,avx512-vbmi,x86_64,linux,0
1,commit-5-correction-amd-9950x3d,run-1,4,base64-ng,encode,standard,unpadded,24,32,174762,9825738,407.092550,avx2,avx512-vbmi,avx512-vbmi,x86_64,linux,0
1,commit-5-correction-amd-9950x3d,run-1,0,base64-ng,decode,standard,unpadded,24,32,174762,38312503,104.404161,avx2,avx512-vbmi,avx512-vbmi,x86_64,linux,0
1,commit-5-correction-amd-9950x3d,run-1,1,base64-ng,decode,standard,unpadded,24,32,174762,38213918,104.673505,avx2,avx512-vbmi,avx512-vbmi,x86_64,linux,0
1,commit-5-correction-amd-9950x3d,run-1,2,base64-ng,decode,standard,unpadded,24,32,174762,38540913,103.785417,avx2,avx512-vbmi,avx512-vbmi,x86_64,linux,0
1,commit-5-correction-amd-9950x3d,run-1,3,base64-ng,decode,standard,unpadded,24,32,174762,38192728,104.731580,avx2,avx512-vbmi,avx512-vbmi,x86_64,linux,0
1,commit-5-correction-amd-9950x3d,run-1,4,base64-ng,decode,standard,unpadded,24,32,174762,38500287,103.894933,avx2,avx512-vbmi,avx512-vbmi,x86_64,linux,0
1,commit-5-correction-amd-9950x3d,run-1,0,base64-ng,encode,standard,unpadded,24,32,174762,12277643,325.794189,avx512-vbmi,avx512-vbmi,avx512-vbmi,x86_64,linux,0
1,commit-5-correction-amd-9950x3d,run-1,1,base64-ng,encode,standard,unpadded,24,32,174762,13306770,300.597721,avx512-vbmi,avx512-vbmi,avx512-vbmi,x86_64,linux,0
1,commit-5-correction-amd-9950x3d,run-1,2,base64-ng,encode,standard,unpadded,24,32,174762,12211969,327.546257,avx512-vbmi,avx512-vbmi,avx512-vbmi,x86_64,linux,0
1,commit-5-correction-amd-9950x3d,run-1,3,base64-ng,encode,standard,unpadded,24,32,174762,12215937,327.439863,avx512-vbmi,avx512-vbmi,avx512-vbmi,x86_64,linux,0
1,commit-5-correction-amd-9950x3d,run-1,4,base64-ng,encode,standard,unpadded,24,32,174762,12154321,329.099811,avx512-vbmi,avx512-vbmi,avx512-vbmi,x86_64,linux,0
1,commit-5-correction-amd-9950x3d,run-1,0,base64-ng,decode,standard,unpadded,24,32,174762,38386663,104.202461,avx512-vbmi,avx512-vbmi,avx512-vbmi,x86_64,linux,0
1,commit-5-correction-amd-9950x3d,run-1,1,base64-ng,decode,standard,unpadded,24,32,174762,38389659,104.194329,avx512-vbmi,avx512-vbmi,avx512-vbmi,x86_64,linux,0
1,commit-5-correction-amd-9950x3d,run-1,2,base64-ng,decode,standard,unpadded,24,32,174762,38672762,103.431576,avx512-vbmi,avx512-vbmi,avx512-vbmi,x86_64,linux,0
1,commit-5-correction-amd-9950x3d,run-1,3,base64-ng,decode,standard,unpadded,24,32,174762,38804330,103.080887,avx512-vbmi,avx512-vbmi,avx512-vbmi,x86_64,linux,0
1,commit-5-correction-amd-9950x3d,run-1,4,base64-ng,decode,standard,unpadded,24,32,174762,39495160,101.277846,avx512-vbmi,avx512-vbmi,avx512-vbmi,x86_64,linux,0
1,commit-5-correction-amd-9950x3d,run-1,0,base64-0.23.0,encode,standard,unpadded,24,32,174762,2566111,1558.773078,external,avx512-vbmi,avx512-vbmi,x86_64,linux,0
1,commit-5-correction-amd-9950x3d,run-1,1,base64-0.23.0,encode,standard,unpadded,24,32,174762,2526506,1583.208091,external,avx512-vbmi,avx512-vbmi,x86_64,linux,0
1,commit-5-correction-amd-9950x3d,run-1,2,base64-0.23.0,encode,standard,unpadded,24,32,174762,2540583,1574.435766,external,avx512-vbmi,avx512-vbmi,x86_64,linux,0
1,commit-5-correction-amd-9950x3d,run-1,3,base64-0.23.0,encode,standard,unpadded,24,32,174762,2544881,1571.776732,external,avx512-vbmi,avx512-vbmi,x86_64,linux,0
1,commit-5-correction-amd-9950x3d,run-1,4,base64-0.23.0,encode,standard,unpadded,24,32,174762,2556823,1564.435528,external,avx512-vbmi,avx512-vbmi,x86_64,linux,0
1,commit-5-correction-amd-9950x3d,run-1,0,base64-0.23.0,decode,standard,unpadded,24,32,174762,3348494,1194.562314,external,avx512-vbmi,avx512-vbmi,x86_64,linux,0
1,commit-5-correction-amd-9950x3d,run-1,1,base64-0.23.0,decode,standard,unpadded,24,32,174762,3382507,1182.550322,external,avx512-vbmi,avx512-vbmi,x86_64,linux,0
1,commit-5-correction-amd-9950x3d,run-1,2,base64-0.23.0,decode,standard,unpadded,24,32,174762,3364223,1188.977289,external,avx512-vbmi,avx512-vbmi,x86_64,linux,0
1,commit-5-correction-amd-9950x3d,run-1,3,base64-0.23.0,decode,standard,unpadded,24,32,174762,3320911,1204.484174,external,avx512-vbmi,avx512-vbmi,x86_64,linux,0
1,commit-5-correction-amd-9950x3d,run-1,4,base64-0.23.0,decode,standard,unpadded,24,32,174762,3374593,1185.323605,external,avx512-vbmi,avx512-vbmi,x86_64,linux,0
1,commit-5-correction-amd-9950x3d,run-1,0,base64ct-1.8.3,encode,standard,unpadded,24,32,174762,3044651,1313.774466,external,avx512-vbmi,avx512-vbmi,x86_64,linux,0
1,commit-5-correction-amd-9950x3d,run-1,1,base64ct-1.8.3,encode,standard,unpadded,24,32,174762,3053859,1309.813171,external,avx512-vbmi,avx512-vbmi,x86_64,linux,0
1,commit-5-correction-amd-9950x3d,run-1,2,base64ct-1.8.3,encode,standard,unpadded,24,32,174762,2989198,1338.146466,external,avx512-vbmi,avx512-vbmi,x86_64,linux,0
1,commit-5-correction-amd-9950x3d,run-1,3,base64ct-1.8.3,encode,standard,unpadded,24,32,174762,2990519,1337.555368,external,avx512-vbmi,avx512-vbmi,x86_64,linux,0
1,commit-5-correction-amd-9950x3d,run-1,4,base64ct-1.8.3,encode,standard,unpadded,24,32,174762,3002071,1332.408441,external,avx512-vbmi,avx512-vbmi,x86_64,linux,0
1,commit-5-correction-amd-9950x3d,run-1,0,base64ct-1.8.3,decode,standard,unpadded,24,32,174762,6997954,571.593460,external,avx512-vbmi,avx512-vbmi,x86_64,linux,0
1,commit-5-correction-amd-9950x3d,run-1,1,base64ct-1.8.3,decode,standard,unpadded,24,32,174762,7009095,570.684909,external,avx512-vbmi,avx512-vbmi,x86_64,linux,0
1,commit-5-correction-amd-9950x3d,run-1,2,base64ct-1.8.3,decode,standard,unpadded,24,32,174762,6995890,571.762098,external,avx512-vbmi,avx512-vbmi,x86_64,linux,0
1,commit-5-correction-amd-9950x3d,run-1,3,base64ct-1.8.3,decode,standard,unpadded,24,32,174762,7004236,571.080806,external,avx512-vbmi,avx512-vbmi,x86_64,linux,0
1,commit-5-correction-amd-9950x3d,run-1,4,base64ct-1.8.3,decode,standard,unpadded,24,32,174762,6992353,572.051317,external,avx512-vbmi,avx512-vbmi,x86_64,linux,0
1,commit-5-correction-amd-9950x3d,run-1,0,base64-ng,encode,standard,unpadded,31,42,135300,11829509,338.137127,auto,avx512-vbmi,avx512-vbmi,x86_64,linux,0
1,commit-5-correction-amd-9950x3d,run-1,1,base64-ng,encode,standard,unpadded,31,42,135300,11821824,338.356939,auto,avx512-vbmi,avx512-vbmi,x86_64,linux,0
1,commit-5-correction-amd-9950x3d,run-1,2,base64-ng,encode,standard,unpadded,31,42,135300,11724982,341.151584,auto,avx512-vbmi,avx512-vbmi,x86_64,linux,0
1,commit-5-correction-amd-9950x3d,run-1,3,base64-ng,encode,standard,unpadded,31,42,135300,11707780,341.652831,auto,avx512-vbmi,avx512-vbmi,x86_64,linux,0
1,commit-5-correction-amd-9950x3d,run-1,4,base64-ng,encode,standard,unpadded,31,42,135300,11717208,341.377928,auto,avx512-vbmi,avx512-vbmi,x86_64,linux,0
1,commit-5-correction-amd-9950x3d,run-1,0,base64-ng,decode,standard,unpadded,31,42,135300,34516657,115.885967,auto,avx512-vbmi,avx512-vbmi,x86_64,linux,0
1,commit-5-correction-amd-9950x3d,run-1,1,base64-ng,decode,standard,unpadded,31,42,135300,35114563,113.912743,auto,avx512-vbmi,avx512-vbmi,x86_64,linux,0
1,commit-5-correction-amd-9950x3d,run-1,2,base64-ng,decode,standard,unpadded,31,42,135300,34717767,115.214673,auto,avx512-vbmi,avx512-vbmi,x86_64,linux,0
1,commit-5-correction-amd-9950x3d,run-1,3,base64-ng,decode,standard,unpadded,31,42,135300,34411099,116.241454,auto,avx512-vbmi,avx512-vbmi,x86_64,linux,0
1,commit-5-correction-amd-9950x3d,run-1,4,base64-ng,decode,standard,unpadded,31,42,135300,34740930,115.137856,auto,avx512-vbmi,avx512-vbmi,x86_64,linux,0
1,commit-5-correction-amd-9950x3d,run-1,0,base64-ng,encode,standard,unpadded,31,42,135300,11626106,344.052960,scalar,avx512-vbmi,avx512-vbmi,x86_64,linux,0
1,commit-5-correction-amd-9950x3d,run-1,1,base64-ng,encode,standard,unpadded,31,42,135300,11577395,345.500537,scalar,avx512-vbmi,avx512-vbmi,x86_64,linux,0
1,commit-5-correction-amd-9950x3d,run-1,2,base64-ng,encode,standard,unpadded,31,42,135300,11518463,347.268224,scalar,avx512-vbmi,avx512-vbmi,x86_64,linux,0
1,commit-5-correction-amd-9950x3d,run-1,3,base64-ng,encode,standard,unpadded,31,42,135300,11565312,345.861503,scalar,avx512-vbmi,avx512-vbmi,x86_64,linux,0
1,commit-5-correction-amd-9950x3d,run-1,4,base64-ng,encode,standard,unpadded,31,42,135300,11517502,347.297199,scalar,avx512-vbmi,avx512-vbmi,x86_64,linux,0
1,commit-5-correction-amd-9950x3d,run-1,0,base64-ng,decode,standard,unpadded,31,42,135300,14302405,279.672977,scalar,avx512-vbmi,avx512-vbmi,x86_64,linux,0
1,commit-5-correction-amd-9950x3d,run-1,1,base64-ng,decode,standard,unpadded,31,42,135300,14461814,276.590211,scalar,avx512-vbmi,avx512-vbmi,x86_64,linux,0
1,commit-5-correction-amd-9950x3d,run-1,2,base64-ng,decode,standard,unpadded,31,42,135300,14363880,278.476024,scalar,avx512-vbmi,avx512-vbmi,x86_64,linux,0
1,commit-5-correction-amd-9950x3d,run-1,3,base64-ng,decode,standard,unpadded,31,42,135300,14329264,279.148754,scalar,avx512-vbmi,avx512-vbmi,x86_64,linux,0
1,commit-5-correction-amd-9950x3d,run-1,4,base64-ng,decode,standard,unpadded,31,42,135300,14303666,279.648321,scalar,avx512-vbmi,avx512-vbmi,x86_64,linux,0
1,commit-5-correction-amd-9950x3d,run-1,0,base64-ng,encode,standard,unpadded,31,42,135300,16759840,238.665535,ssse3-sse4.1,avx512-vbmi,avx512-vbmi,x86_64,linux,0
1,commit-5-correction-amd-9950x3d,run-1,1,base64-ng,encode,standard,unpadded,31,42,135300,16138921,247.847808,ssse3-sse4.1,avx512-vbmi,avx512-vbmi,x86_64,linux,0
1,commit-5-correction-amd-9950x3d,run-1,2,base64-ng,encode,standard,unpadded,31,42,135300,14958189,267.411796,ssse3-sse4.1,avx512-vbmi,avx512-vbmi,x86_64,linux,0
1,commit-5-correction-amd-9950x3d,run-1,3,base64-ng,encode,standard,unpadded,31,42,135300,14846458,269.424275,ssse3-sse4.1,avx512-vbmi,avx512-vbmi,x86_64,linux,0
1,commit-5-correction-amd-9950x3d,run-1,4,base64-ng,encode,standard,unpadded,31,42,135300,14601417,273.945754,ssse3-sse4.1,avx512-vbmi,avx512-vbmi,x86_64,linux,0
1,commit-5-correction-amd-9950x3d,run-1,0,base64-ng,decode,standard,unpadded,31,42,135300,45696163,87.534618,ssse3-sse4.1,avx512-vbmi,avx512-vbmi,x86_64,linux,0
1,commit-5-correction-amd-9950x3d,run-1,1,base64-ng,decode,standard,unpadded,31,42,135300,45983585,86.987480,ssse3-sse4.1,avx512-vbmi,avx512-vbmi,x86_64,linux,0
1,commit-5-correction-amd-9950x3d,run-1,2,base64-ng,decode,standard,unpadded,31,42,135300,45965570,87.021573,ssse3-sse4.1,avx512-vbmi,avx512-vbmi,x86_64,linux,0
1,commit-5-correction-amd-9950x3d,run-1,3,base64-ng,decode,standard,unpadded,31,42,135300,46075477,86.813994,ssse3-sse4.1,avx512-vbmi,avx512-vbmi,x86_64,linux,0
1,commit-5-correction-amd-9950x3d,run-1,4,base64-ng,decode,standard,unpadded,31,42,135300,46172370,86.631814,ssse3-sse4.1,avx512-vbmi,avx512-vbmi,x86_64,linux,0
1,commit-5-correction-amd-9950x3d,run-1,0,base64-ng,encode,standard,unpadded,31,42,135300,10035933,398.567446,avx2,avx512-vbmi,avx512-vbmi,x86_64,linux,0
1,commit-5-correction-amd-9950x3d,run-1,1,base64-ng,encode,standard,unpadded,31,42,135300,9965249,401.394505,avx2,avx512-vbmi,avx512-vbmi,x86_64,linux,0
1,commit-5-correction-amd-9950x3d,run-1,2,base64-ng,encode,standard,unpadded,31,42,135300,9963366,401.470365,avx2,avx512-vbmi,avx512-vbmi,x86_64,linux,0
1,commit-5-correction-amd-9950x3d,run-1,3,base64-ng,encode,standard,unpadded,31,42,135300,9992592,400.296158,avx2,avx512-vbmi,avx512-vbmi,x86_64,linux,0
1,commit-5-correction-amd-9950x3d,run-1,4,base64-ng,encode,standard,unpadded,31,42,135300,10212695,391.669014,avx2,avx512-vbmi,avx512-vbmi,x86_64,linux,0
1,commit-5-correction-amd-9950x3d,run-1,0,base64-ng,decode,standard,unpadded,31,42,135300,35330260,113.217287,avx2,avx512-vbmi,avx512-vbmi,x86_64,linux,0
1,commit-5-correction-amd-9950x3d,run-1,1,base64-ng,decode,standard,unpadded,31,42,135300,34451014,116.106777,avx2,avx512-vbmi,avx512-vbmi,x86_64,linux,0
1,commit-5-correction-amd-9950x3d,run-1,2,base64-ng,decode,standard,unpadded,31,42,135300,34299129,116.620926,avx2,avx512-vbmi,avx512-vbmi,x86_64,linux,0
1,commit-5-correction-amd-9950x3d,run-1,3,base64-ng,decode,standard,unpadded,31,42,135300,34235908,116.836282,avx2,avx512-vbmi,avx512-vbmi,x86_64,linux,0
1,commit-5-correction-amd-9950x3d,run-1,4,base64-ng,decode,standard,unpadded,31,42,135300,34125251,117.215143,avx2,avx512-vbmi,avx512-vbmi,x86_64,linux,0
1,commit-5-correction-amd-9950x3d,run-1,0,base64-ng,encode,standard,unpadded,31,42,135300,11810784,338.673215,avx512-vbmi,avx512-vbmi,avx512-vbmi,x86_64,linux,0
1,commit-5-correction-amd-9950x3d,run-1,1,base64-ng,encode,standard,unpadded,31,42,135300,12092223,330.790805,avx512-vbmi,avx512-vbmi,avx512-vbmi,x86_64,linux,0
1,commit-5-correction-amd-9950x3d,run-1,2,base64-ng,encode,standard,unpadded,31,42,135300,11878612,336.739359,avx512-vbmi,avx512-vbmi,avx512-vbmi,x86_64,linux,0
1,commit-5-correction-amd-9950x3d,run-1,3,base64-ng,encode,standard,unpadded,31,42,135300,11778352,339.605760,avx512-vbmi,avx512-vbmi,avx512-vbmi,x86_64,linux,0
1,commit-5-correction-amd-9950x3d,run-1,4,base64-ng,encode,standard,unpadded,31,42,135300,11813560,338.593632,avx512-vbmi,avx512-vbmi,avx512-vbmi,x86_64,linux,0
1,commit-5-correction-amd-9950x3d,run-1,0,base64-ng,decode,standard,unpadded,31,42,135300,34300461,116.616397,avx512-vbmi,avx512-vbmi,avx512-vbmi,x86_64,linux,0
1,commit-5-correction-amd-9950x3d,run-1,1,base64-ng,decode,standard,unpadded,31,42,135300,34302174,116.610574,avx512-vbmi,avx512-vbmi,avx512-vbmi,x86_64,linux,0
1,commit-5-correction-amd-9950x3d,run-1,2,base64-ng,decode,standard,unpadded,31,42,135300,34996301,114.297685,avx512-vbmi,avx512-vbmi,avx512-vbmi,x86_64,linux,0
1,commit-5-correction-amd-9950x3d,run-1,3,base64-ng,decode,standard,unpadded,31,42,135300,34721674,115.201709,avx512-vbmi,avx512-vbmi,avx512-vbmi,x86_64,linux,0
1,commit-5-correction-amd-9950x3d,run-1,4,base64-ng,decode,standard,unpadded,31,42,135300,34348882,116.452005,avx512-vbmi,avx512-vbmi,avx512-vbmi,x86_64,linux,0
1,commit-5-correction-amd-9950x3d,run-1,0,base64-0.23.0,encode,standard,unpadded,31,42,135300,1786443,2239.084138,external,avx512-vbmi,avx512-vbmi,x86_64,linux,0
1,commit-5-correction-amd-9950x3d,run-1,1,base64-0.23.0,encode,standard,unpadded,31,42,135300,1832039,2183.357552,external,avx512-vbmi,avx512-vbmi,x86_64,linux,0
1,commit-5-correction-amd-9950x3d,run-1,2,base64-0.23.0,encode,standard,unpadded,31,42,135300,1841456,2172.192105,external,avx512-vbmi,avx512-vbmi,x86_64,linux,0
1,commit-5-correction-amd-9950x3d,run-1,3,base64-0.23.0,encode,standard,unpadded,31,42,135300,1839553,2174.439217,external,avx512-vbmi,avx512-vbmi,x86_64,linux,0
1,commit-5-correction-amd-9950x3d,run-1,4,base64-0.23.0,encode,standard,unpadded,31,42,135300,1840605,2173.196414,external,avx512-vbmi,avx512-vbmi,x86_64,linux,0
1,commit-5-correction-amd-9950x3d,run-1,0,base64-0.23.0,decode,standard,unpadded,31,42,135300,2764545,1446.891328,external,avx512-vbmi,avx512-vbmi,x86_64,linux,0
1,commit-5-correction-amd-9950x3d,run-1,1,base64-0.23.0,decode,standard,unpadded,31,42,135300,2758933,1449.834478,external,avx512-vbmi,avx512-vbmi,x86_64,linux,0
1,commit-5-correction-amd-9950x3d,run-1,2,base64-0.23.0,decode,standard,unpadded,31,42,135300,2759284,1449.650049,external,avx512-vbmi,avx512-vbmi,x86_64,linux,0
1,commit-5-correction-amd-9950x3d,run-1,3,base64-0.23.0,decode,standard,unpadded,31,42,135300,2743524,1457.977472,external,avx512-vbmi,avx512-vbmi,x86_64,linux,0
1,commit-5-correction-amd-9950x3d,run-1,4,base64-0.23.0,decode,standard,unpadded,31,42,135300,2756839,1450.935722,external,avx512-vbmi,avx512-vbmi,x86_64,linux,0
1,commit-5-correction-amd-9950x3d,run-1,0,base64ct-1.8.3,encode,standard,unpadded,31,42,135300,2655239,1506.454291,external,avx512-vbmi,avx512-vbmi,x86_64,linux,0
1,commit-5-correction-amd-9950x3d,run-1,1,base64ct-1.8.3,encode,standard,unpadded,31,42,135300,2620223,1526.586167,external,avx512-vbmi,avx512-vbmi,x86_64,linux,0
1,commit-5-correction-amd-9950x3d,run-1,2,base64ct-1.8.3,encode,standard,unpadded,31,42,135300,2635121,1517.955413,external,avx512-vbmi,avx512-vbmi,x86_64,linux,0
1,commit-5-correction-amd-9950x3d,run-1,3,base64ct-1.8.3,encode,standard,unpadded,31,42,135300,2633157,1519.087614,external,avx512-vbmi,avx512-vbmi,x86_64,linux,0
1,commit-5-correction-amd-9950x3d,run-1,4,base64ct-1.8.3,encode,standard,unpadded,31,42,135300,2638057,1516.266019,external,avx512-vbmi,avx512-vbmi,x86_64,linux,0
1,commit-5-correction-amd-9950x3d,run-1,0,base64ct-1.8.3,decode,standard,unpadded,31,42,135300,7471505,535.366862,external,avx512-vbmi,avx512-vbmi,x86_64,linux,0
1,commit-5-correction-amd-9950x3d,run-1,1,base64ct-1.8.3,decode,standard,unpadded,31,42,135300,7426340,538.622819,external,avx512-vbmi,avx512-vbmi,x86_64,linux,0
1,commit-5-correction-amd-9950x3d,run-1,2,base64ct-1.8.3,decode,standard,unpadded,31,42,135300,7441639,537.515484,external,avx512-vbmi,avx512-vbmi,x86_64,linux,0
1,commit-5-correction-amd-9950x3d,run-1,3,base64ct-1.8.3,decode,standard,unpadded,31,42,135300,7443462,537.383839,external,avx512-vbmi,avx512-vbmi,x86_64,linux,0
1,commit-5-correction-amd-9950x3d,run-1,4,base64ct-1.8.3,decode,standard,unpadded,31,42,135300,7433433,538.108864,external,avx512-vbmi,avx512-vbmi,x86_64,linux,0
1,commit-5-correction-amd-9950x3d,run-1,0,base64-ng,encode,standard,unpadded,32,43,131072,11679086,342.492555,auto,avx512-vbmi,avx512-vbmi,x86_64,linux,0
1,commit-5-correction-amd-9950x3d,run-1,1,base64-ng,encode,standard,unpadded,32,43,131072,11671551,342.713663,auto,avx512-vbmi,avx512-vbmi,x86_64,linux,0
1,commit-5-correction-amd-9950x3d,run-1,2,base64-ng,encode,standard,unpadded,32,43,131072,11656664,343.151351,auto,avx512-vbmi,avx512-vbmi,x86_64,linux,0
1,commit-5-correction-amd-9950x3d,run-1,3,base64-ng,encode,standard,unpadded,32,43,131072,11623241,344.138094,auto,avx512-vbmi,avx512-vbmi,x86_64,linux,0
1,commit-5-correction-amd-9950x3d,run-1,4,base64-ng,encode,standard,unpadded,32,43,131072,11782981,339.472668,auto,avx512-vbmi,avx512-vbmi,x86_64,linux,0
1,commit-5-correction-amd-9950x3d,run-1,0,base64-ng,decode,standard,unpadded,32,43,131072,34547085,115.784009,auto,avx512-vbmi,avx512-vbmi,x86_64,linux,0
1,commit-5-correction-amd-9950x3d,run-1,1,base64-ng,decode,standard,unpadded,32,43,131072,33857056,118.143763,auto,avx512-vbmi,avx512-vbmi,x86_64,linux,0
1,commit-5-correction-amd-9950x3d,run-1,2,base64-ng,decode,standard,unpadded,32,43,131072,33604661,119.031107,auto,avx512-vbmi,avx512-vbmi,x86_64,linux,0
1,commit-5-correction-amd-9950x3d,run-1,3,base64-ng,decode,standard,unpadded,32,43,131072,35918336,111.363734,auto,avx512-vbmi,avx512-vbmi,x86_64,linux,0
1,commit-5-correction-amd-9950x3d,run-1,4,base64-ng,decode,standard,unpadded,32,43,131072,36073559,110.884540,auto,avx512-vbmi,avx512-vbmi,x86_64,linux,0
1,commit-5-correction-amd-9950x3d,run-1,0,base64-ng,encode,standard,unpadded,32,43,131072,11451818,349.289519,scalar,avx512-vbmi,avx512-vbmi,x86_64,linux,0
1,commit-5-correction-amd-9950x3d,run-1,1,base64-ng,encode,standard,unpadded,32,43,131072,11459613,349.051927,scalar,avx512-vbmi,avx512-vbmi,x86_64,linux,0
1,commit-5-correction-amd-9950x3d,run-1,2,base64-ng,encode,standard,unpadded,32,43,131072,11453361,349.242463,scalar,avx512-vbmi,avx512-vbmi,x86_64,linux,0
1,commit-5-correction-amd-9950x3d,run-1,3,base64-ng,encode,standard,unpadded,32,43,131072,11440808,349.625656,scalar,avx512-vbmi,avx512-vbmi,x86_64,linux,0
1,commit-5-correction-amd-9950x3d,run-1,4,base64-ng,encode,standard,unpadded,32,43,131072,11423755,350.147565,scalar,avx512-vbmi,avx512-vbmi,x86_64,linux,0
1,commit-5-correction-amd-9950x3d,run-1,0,base64-ng,decode,standard,unpadded,32,43,131072,14117275,283.340801,scalar,avx512-vbmi,avx512-vbmi,x86_64,linux,0
1,commit-5-correction-amd-9950x3d,run-1,1,base64-ng,decode,standard,unpadded,32,43,131072,14092509,283.838740,scalar,avx512-vbmi,avx512-vbmi,x86_64,linux,0
1,commit-5-correction-amd-9950x3d,run-1,2,base64-ng,decode,standard,unpadded,32,43,131072,14117016,283.345999,scalar,avx512-vbmi,avx512-vbmi,x86_64,linux,0
1,commit-5-correction-amd-9950x3d,run-1,3,base64-ng,decode,standard,unpadded,32,43,131072,14129318,283.099298,scalar,avx512-vbmi,avx512-vbmi,x86_64,linux,0
1,commit-5-correction-amd-9950x3d,run-1,4,base64-ng,decode,standard,unpadded,32,43,131072,14117747,283.331328,scalar,avx512-vbmi,avx512-vbmi,x86_64,linux,0
1,commit-5-correction-amd-9950x3d,run-1,0,base64-ng,encode,standard,unpadded,32,43,131072,15078315,265.281631,ssse3-sse4.1,avx512-vbmi,avx512-vbmi,x86_64,linux,0
1,commit-5-correction-amd-9950x3d,run-1,1,base64-ng,encode,standard,unpadded,32,43,131072,15034252,266.059130,ssse3-sse4.1,avx512-vbmi,avx512-vbmi,x86_64,linux,0
1,commit-5-correction-amd-9950x3d,run-1,2,base64-ng,encode,standard,unpadded,32,43,131072,14845797,269.436528,ssse3-sse4.1,avx512-vbmi,avx512-vbmi,x86_64,linux,0
1,commit-5-correction-amd-9950x3d,run-1,3,base64-ng,encode,standard,unpadded,32,43,131072,14900971,268.438882,ssse3-sse4.1,avx512-vbmi,avx512-vbmi,x86_64,linux,0
1,commit-5-correction-amd-9950x3d,run-1,4,base64-ng,encode,standard,unpadded,32,43,131072,14945785,267.633985,ssse3-sse4.1,avx512-vbmi,avx512-vbmi,x86_64,linux,0
1,commit-5-correction-amd-9950x3d,run-1,0,base64-ng,decode,standard,unpadded,32,43,131072,44485614,89.916709,ssse3-sse4.1,avx512-vbmi,avx512-vbmi,x86_64,linux,0
1,commit-5-correction-amd-9950x3d,run-1,1,base64-ng,decode,standard,unpadded,32,43,131072,44597295,89.691538,ssse3-sse4.1,avx512-vbmi,avx512-vbmi,x86_64,linux,0
1,commit-5-correction-amd-9950x3d,run-1,2,base64-ng,decode,standard,unpadded,32,43,131072,44570183,89.746098,ssse3-sse4.1,avx512-vbmi,avx512-vbmi,x86_64,linux,0
1,commit-5-correction-amd-9950x3d,run-1,3,base64-ng,decode,standard,unpadded,32,43,131072,45444630,88.019201,ssse3-sse4.1,avx512-vbmi,avx512-vbmi,x86_64,linux,0
1,commit-5-correction-amd-9950x3d,run-1,4,base64-ng,decode,standard,unpadded,32,43,131072,46221742,86.539361,ssse3-sse4.1,avx512-vbmi,avx512-vbmi,x86_64,linux,0
1,commit-5-correction-amd-9950x3d,run-1,0,base64-ng,encode,standard,unpadded,32,43,131072,10145569,394.260785,avx2,avx512-vbmi,avx512-vbmi,x86_64,linux,0
1,commit-5-correction-amd-9950x3d,run-1,1,base64-ng,encode,standard,unpadded,32,43,131072,10086488,396.570144,avx2,avx512-vbmi,avx512-vbmi,x86_64,linux,0
1,commit-5-correction-amd-9950x3d,run-1,2,base64-ng,encode,standard,unpadded,32,43,131072,10094283,396.263905,avx2,avx512-vbmi,avx512-vbmi,x86_64,linux,0
1,commit-5-correction-amd-9950x3d,run-1,3,base64-ng,encode,standard,unpadded,32,43,131072,10070097,397.215638,avx2,avx512-vbmi,avx512-vbmi,x86_64,linux,0
1,commit-5-correction-amd-9950x3d,run-1,4,base64-ng,encode,standard,unpadded,32,43,131072,10073113,397.096707,avx2,avx512-vbmi,avx512-vbmi,x86_64,linux,0
1,commit-5-correction-amd-9950x3d,run-1,0,base64-ng,decode,standard,unpadded,32,43,131072,33505674,119.382765,avx2,avx512-vbmi,avx512-vbmi,x86_64,linux,0
1,commit-5-correction-amd-9950x3d,run-1,1,base64-ng,decode,standard,unpadded,32,43,131072,33444530,119.601023,avx2,avx512-vbmi,avx512-vbmi,x86_64,linux,0
1,commit-5-correction-amd-9950x3d,run-1,2,base64-ng,decode,standard,unpadded,32,43,131072,33430373,119.651671,avx2,avx512-vbmi,avx512-vbmi,x86_64,linux,0
1,commit-5-correction-amd-9950x3d,run-1,3,base64-ng,decode,standard,unpadded,32,43,131072,33752890,118.508371,avx2,avx512-vbmi,avx512-vbmi,x86_64,linux,0
1,commit-5-correction-amd-9950x3d,run-1,4,base64-ng,decode,standard,unpadded,32,43,131072,33934241,117.875040,avx2,avx512-vbmi,avx512-vbmi,x86_64,linux,0
1,commit-5-correction-amd-9950x3d,run-1,0,base64-ng,encode,standard,unpadded,32,43,131072,11870897,336.958530,avx512-vbmi,avx512-vbmi,avx512-vbmi,x86_64,linux,0
1,commit-5-correction-amd-9950x3d,run-1,1,base64-ng,encode,standard,unpadded,32,43,131072,11829098,338.149198,avx512-vbmi,avx512-vbmi,avx512-vbmi,x86_64,linux,0
1,commit-5-correction-amd-9950x3d,run-1,2,base64-ng,encode,standard,unpadded,32,43,131072,11804732,338.847167,avx512-vbmi,avx512-vbmi,avx512-vbmi,x86_64,linux,0
1,commit-5-correction-amd-9950x3d,run-1,3,base64-ng,encode,standard,unpadded,32,43,131072,11758826,340.170014,avx512-vbmi,avx512-vbmi,avx512-vbmi,x86_64,linux,0
1,commit-5-correction-amd-9950x3d,run-1,4,base64-ng,encode,standard,unpadded,32,43,131072,11777481,339.631200,avx512-vbmi,avx512-vbmi,avx512-vbmi,x86_64,linux,0
1,commit-5-correction-amd-9950x3d,run-1,0,base64-ng,decode,standard,unpadded,32,43,131072,33645428,118.886881,avx512-vbmi,avx512-vbmi,avx512-vbmi,x86_64,linux,0
1,commit-5-correction-amd-9950x3d,run-1,1,base64-ng,decode,standard,unpadded,32,43,131072,33421596,119.683094,avx512-vbmi,avx512-vbmi,avx512-vbmi,x86_64,linux,0
1,commit-5-correction-amd-9950x3d,run-1,2,base64-ng,decode,standard,unpadded,32,43,131072,33439100,119.620444,avx512-vbmi,avx512-vbmi,avx512-vbmi,x86_64,linux,0
1,commit-5-correction-amd-9950x3d,run-1,3,base64-ng,decode,standard,unpadded,32,43,131072,33522767,119.321892,avx512-vbmi,avx512-vbmi,avx512-vbmi,x86_64,linux,0
1,commit-5-correction-amd-9950x3d,run-1,4,base64-ng,decode,standard,unpadded,32,43,131072,34811463,114.904680,avx512-vbmi,avx512-vbmi,avx512-vbmi,x86_64,linux,0
1,commit-5-correction-amd-9950x3d,run-1,0,base64-0.23.0,encode,standard,unpadded,32,43,131072,1809085,2211.062498,external,avx512-vbmi,avx512-vbmi,x86_64,linux,0
1,commit-5-correction-amd-9950x3d,run-1,1,base64-0.23.0,encode,standard,unpadded,32,43,131072,1829454,2186.444699,external,avx512-vbmi,avx512-vbmi,x86_64,linux,0
1,commit-5-correction-amd-9950x3d,run-1,2,base64-0.23.0,encode,standard,unpadded,32,43,131072,1824394,2192.508855,external,avx512-vbmi,avx512-vbmi,x86_64,linux,0
1,commit-5-correction-amd-9950x3d,run-1,3,base64-0.23.0,encode,standard,unpadded,32,43,131072,1836247,2178.356180,external,avx512-vbmi,avx512-vbmi,x86_64,linux,0
1,commit-5-correction-amd-9950x3d,run-1,4,base64-0.23.0,encode,standard,unpadded,32,43,131072,1828703,2187.342614,external,avx512-vbmi,avx512-vbmi,x86_64,linux,0
1,commit-5-correction-amd-9950x3d,run-1,0,base64-0.23.0,decode,standard,unpadded,32,43,131072,2727675,1466.450365,external,avx512-vbmi,avx512-vbmi,x86_64,linux,0
1,commit-5-correction-amd-9950x3d,run-1,1,base64-0.23.0,decode,standard,unpadded,32,43,131072,2718538,1471.379102,external,avx512-vbmi,avx512-vbmi,x86_64,linux,0
1,commit-5-correction-amd-9950x3d,run-1,2,base64-0.23.0,decode,standard,unpadded,32,43,131072,2714099,1473.785591,external,avx512-vbmi,avx512-vbmi,x86_64,linux,0
1,commit-5-correction-amd-9950x3d,run-1,3,base64-0.23.0,decode,standard,unpadded,32,43,131072,2722155,1469.424041,external,avx512-vbmi,avx512-vbmi,x86_64,linux,0
1,commit-5-correction-amd-9950x3d,run-1,4,base64-0.23.0,decode,standard,unpadded,32,43,131072,2710172,1475.921085,external,avx512-vbmi,avx512-vbmi,x86_64,linux,0
1,commit-5-correction-amd-9950x3d,run-1,0,base64ct-1.8.3,encode,standard,unpadded,32,43,131072,2566772,1558.377604,external,avx512-vbmi,avx512-vbmi,x86_64,linux,0
1,commit-5-correction-amd-9950x3d,run-1,1,base64ct-1.8.3,encode,standard,unpadded,32,43,131072,2558466,1563.436841,external,avx512-vbmi,avx512-vbmi,x86_64,linux,0
1,commit-5-correction-amd-9950x3d,run-1,2,base64ct-1.8.3,encode,standard,unpadded,32,43,131072,2573124,1554.530602,external,avx512-vbmi,avx512-vbmi,x86_64,linux,0
1,commit-5-correction-amd-9950x3d,run-1,3,base64ct-1.8.3,encode,standard,unpadded,32,43,131072,2657984,1504.899954,external,avx512-vbmi,avx512-vbmi,x86_64,linux,0
1,commit-5-correction-amd-9950x3d,run-1,4,base64ct-1.8.3,encode,standard,unpadded,32,43,131072,2559358,1562.891944,external,avx512-vbmi,avx512-vbmi,x86_64,linux,0
1,commit-5-correction-amd-9950x3d,run-1,0,base64ct-1.8.3,decode,standard,unpadded,32,43,131072,7584397,527.398553,external,avx512-vbmi,avx512-vbmi,x86_64,linux,0
1,commit-5-correction-amd-9950x3d,run-1,1,base64ct-1.8.3,decode,standard,unpadded,32,43,131072,7612070,525.481242,external,avx512-vbmi,avx512-vbmi,x86_64,linux,0
1,commit-5-correction-amd-9950x3d,run-1,2,base64ct-1.8.3,decode,standard,unpadded,32,43,131072,7619523,524.967245,external,avx512-vbmi,avx512-vbmi,x86_64,linux,0
1,commit-5-correction-amd-9950x3d,run-1,3,base64ct-1.8.3,decode,standard,unpadded,32,43,131072,7601880,526.185628,external,avx512-vbmi,avx512-vbmi,x86_64,linux,0
1,commit-5-correction-amd-9950x3d,run-1,4,base64ct-1.8.3,decode,standard,unpadded,32,43,131072,7583736,527.444521,external,avx512-vbmi,avx512-vbmi,x86_64,linux,0
1,commit-5-correction-amd-9950x3d,run-1,0,base64-ng,encode,standard,unpadded,47,63,89240,11438663,349.689217,auto,avx512-vbmi,avx512-vbmi,x86_64,linux,0
1,commit-5-correction-amd-9950x3d,run-1,1,base64-ng,encode,standard,unpadded,47,63,89240,11938053,335.061095,auto,avx512-vbmi,avx512-vbmi,x86_64,linux,0
1,commit-5-correction-amd-9950x3d,run-1,2,base64-ng,encode,standard,unpadded,47,63,89240,13812502,289.591061,auto,avx512-vbmi,avx512-vbmi,x86_64,linux,0
1,commit-5-correction-amd-9950x3d,run-1,3,base64-ng,encode,standard,unpadded,47,63,89240,12602714,317.390136,auto,avx512-vbmi,avx512-vbmi,x86_64,linux,0
1,commit-5-correction-amd-9950x3d,run-1,4,base64-ng,encode,standard,unpadded,47,63,89240,11610757,344.506143,auto,avx512-vbmi,avx512-vbmi,x86_64,linux,0
1,commit-5-correction-amd-9950x3d,run-1,0,base64-ng,decode,standard,unpadded,47,63,89240,38981312,102.612686,auto,avx512-vbmi,avx512-vbmi,x86_64,linux,0
1,commit-5-correction-amd-9950x3d,run-1,1,base64-ng,decode,standard,unpadded,47,63,89240,39002883,102.555934,auto,avx512-vbmi,avx512-vbmi,x86_64,linux,0
1,commit-5-correction-amd-9950x3d,run-1,2,base64-ng,decode,standard,unpadded,47,63,89240,38898166,102.832023,auto,avx512-vbmi,avx512-vbmi,x86_64,linux,0
1,commit-5-correction-amd-9950x3d,run-1,3,base64-ng,decode,standard,unpadded,47,63,89240,38906562,102.809832,auto,avx512-vbmi,avx512-vbmi,x86_64,linux,0
1,commit-5-correction-amd-9950x3d,run-1,4,base64-ng,decode,standard,unpadded,47,63,89240,38866276,102.916398,auto,avx512-vbmi,avx512-vbmi,x86_64,linux,0
1,commit-5-correction-amd-9950x3d,run-1,0,base64-ng,encode,standard,unpadded,47,63,89240,11334056,352.916653,scalar,avx512-vbmi,avx512-vbmi,x86_64,linux,0
1,commit-5-correction-amd-9950x3d,run-1,1,base64-ng,encode,standard,unpadded,47,63,89240,11326783,353.143263,scalar,avx512-vbmi,avx512-vbmi,x86_64,linux,0
1,commit-5-correction-amd-9950x3d,run-1,2,base64-ng,encode,standard,unpadded,47,63,89240,11305633,353.803906,scalar,avx512-vbmi,avx512-vbmi,x86_64,linux,0
1,commit-5-correction-amd-9950x3d,run-1,3,base64-ng,encode,standard,unpadded,47,63,89240,11328656,353.084877,scalar,avx512-vbmi,avx512-vbmi,x86_64,linux,0
1,commit-5-correction-amd-9950x3d,run-1,4,base64-ng,encode,standard,unpadded,47,63,89240,11316333,353.469371,scalar,avx512-vbmi,avx512-vbmi,x86_64,linux,0
1,commit-5-correction-amd-9950x3d,run-1,0,base64-ng,decode,standard,unpadded,47,63,89240,14063665,284.419254,scalar,avx512-vbmi,avx512-vbmi,x86_64,linux,0
1,commit-5-correction-amd-9950x3d,run-1,1,base64-ng,decode,standard,unpadded,47,63,89240,14038888,284.921221,scalar,avx512-vbmi,avx512-vbmi,x86_64,linux,0
1,commit-5-correction-amd-9950x3d,run-1,2,base64-ng,decode,standard,unpadded,47,63,89240,14205762,281.574273,scalar,avx512-vbmi,avx512-vbmi,x86_64,linux,0
1,commit-5-correction-amd-9950x3d,run-1,3,base64-ng,decode,standard,unpadded,47,63,89240,14177539,282.134799,scalar,avx512-vbmi,avx512-vbmi,x86_64,linux,0
1,commit-5-correction-amd-9950x3d,run-1,4,base64-ng,decode,standard,unpadded,47,63,89240,14120261,283.279262,scalar,avx512-vbmi,avx512-vbmi,x86_64,linux,0
1,commit-5-correction-amd-9950x3d,run-1,0,base64-ng,encode,standard,unpadded,47,63,89240,14783249,270.574967,ssse3-sse4.1,avx512-vbmi,avx512-vbmi,x86_64,linux,0
1,commit-5-correction-amd-9950x3d,run-1,1,base64-ng,encode,standard,unpadded,47,63,89240,15423585,259.341594,ssse3-sse4.1,avx512-vbmi,avx512-vbmi,x86_64,linux,0
1,commit-5-correction-amd-9950x3d,run-1,2,base64-ng,encode,standard,unpadded,47,63,89240,15303599,261.374930,ssse3-sse4.1,avx512-vbmi,avx512-vbmi,x86_64,linux,0
1,commit-5-correction-amd-9950x3d,run-1,3,base64-ng,encode,standard,unpadded,47,63,89240,15284002,261.710062,ssse3-sse4.1,avx512-vbmi,avx512-vbmi,x86_64,linux,0
1,commit-5-correction-amd-9950x3d,run-1,4,base64-ng,encode,standard,unpadded,47,63,89240,14827152,269.773798,ssse3-sse4.1,avx512-vbmi,avx512-vbmi,x86_64,linux,0
1,commit-5-correction-amd-9950x3d,run-1,0,base64-ng,decode,standard,unpadded,47,63,89240,44963343,88.960848,ssse3-sse4.1,avx512-vbmi,avx512-vbmi,x86_64,linux,0
1,commit-5-correction-amd-9950x3d,run-1,1,base64-ng,decode,standard,unpadded,47,63,89240,44629906,89.625488,ssse3-sse4.1,avx512-vbmi,avx512-vbmi,x86_64,linux,0
1,commit-5-correction-amd-9950x3d,run-1,2,base64-ng,decode,standard,unpadded,47,63,89240,44799556,89.286088,ssse3-sse4.1,avx512-vbmi,avx512-vbmi,x86_64,linux,0
1,commit-5-correction-amd-9950x3d,run-1,3,base64-ng,decode,standard,unpadded,47,63,89240,44545497,89.795319,ssse3-sse4.1,avx512-vbmi,avx512-vbmi,x86_64,linux,0
1,commit-5-correction-amd-9950x3d,run-1,4,base64-ng,decode,standard,unpadded,47,63,89240,44549755,89.786736,ssse3-sse4.1,avx512-vbmi,avx512-vbmi,x86_64,linux,0
1,commit-5-correction-amd-9950x3d,run-1,0,base64-ng,encode,standard,unpadded,47,63,89240,10351036,386.432538,avx2,avx512-vbmi,avx512-vbmi,x86_64,linux,0
1,commit-5-correction-amd-9950x3d,run-1,1,base64-ng,encode,standard,unpadded,47,63,89240,10710293,373.470372,avx2,avx512-vbmi,avx512-vbmi,x86_64,linux,0
1,commit-5-correction-amd-9950x3d,run-1,2,base64-ng,encode,standard,unpadded,47,63,89240,10680045,374.528114,avx2,avx512-vbmi,avx512-vbmi,x86_64,linux,0
1,commit-5-correction-amd-9950x3d,run-1,3,base64-ng,encode,standard,unpadded,47,63,89240,10611636,376.942548,avx2,avx512-vbmi,avx512-vbmi,x86_64,linux,0
1,commit-5-correction-amd-9950x3d,run-1,4,base64-ng,encode,standard,unpadded,47,63,89240,10337320,386.945273,avx2,avx512-vbmi,avx512-vbmi,x86_64,linux,0
1,commit-5-correction-amd-9950x3d,run-1,0,base64-ng,decode,standard,unpadded,47,63,89240,39149339,102.172277,avx2,avx512-vbmi,avx512-vbmi,x86_64,linux,0
1,commit-5-correction-amd-9950x3d,run-1,1,base64-ng,decode,standard,unpadded,47,63,89240,38836380,102.995622,avx2,avx512-vbmi,avx512-vbmi,x86_64,linux,0
1,commit-5-correction-amd-9950x3d,run-1,2,base64-ng,decode,standard,unpadded,47,63,89240,39034162,102.473754,avx2,avx512-vbmi,avx512-vbmi,x86_64,linux,0
1,commit-5-correction-amd-9950x3d,run-1,3,base64-ng,decode,standard,unpadded,47,63,89240,39760680,100.601326,avx2,avx512-vbmi,avx512-vbmi,x86_64,linux,0
1,commit-5-correction-amd-9950x3d,run-1,4,base64-ng,decode,standard,unpadded,47,63,89240,39720784,100.702371,avx2,avx512-vbmi,avx512-vbmi,x86_64,linux,0
1,commit-5-correction-amd-9950x3d,run-1,0,base64-ng,encode,standard,unpadded,47,63,89240,11608463,344.574222,avx512-vbmi,avx512-vbmi,avx512-vbmi,x86_64,linux,0
1,commit-5-correction-amd-9950x3d,run-1,1,base64-ng,encode,standard,unpadded,47,63,89240,11632598,343.859309,avx512-vbmi,avx512-vbmi,avx512-vbmi,x86_64,linux,0
1,commit-5-correction-amd-9950x3d,run-1,2,base64-ng,encode,standard,unpadded,47,63,89240,11532270,346.850803,avx512-vbmi,avx512-vbmi,avx512-vbmi,x86_64,linux,0
1,commit-5-correction-amd-9950x3d,run-1,3,base64-ng,encode,standard,unpadded,47,63,89240,11517231,347.303715,avx512-vbmi,avx512-vbmi,avx512-vbmi,x86_64,linux,0
1,commit-5-correction-amd-9950x3d,run-1,4,base64-ng,encode,standard,unpadded,47,63,89240,11563248,345.921588,avx512-vbmi,avx512-vbmi,avx512-vbmi,x86_64,linux,0
1,commit-5-correction-amd-9950x3d,run-1,0,base64-ng,decode,standard,unpadded,47,63,89240,39100868,102.298934,avx512-vbmi,avx512-vbmi,avx512-vbmi,x86_64,linux,0
1,commit-5-correction-amd-9950x3d,run-1,1,base64-ng,decode,standard,unpadded,47,63,89240,41010613,97.535170,avx512-vbmi,avx512-vbmi,avx512-vbmi,x86_64,linux,0
1,commit-5-correction-amd-9950x3d,run-1,2,base64-ng,decode,standard,unpadded,47,63,89240,40780380,98.085822,avx512-vbmi,avx512-vbmi,avx512-vbmi,x86_64,linux,0
1,commit-5-correction-amd-9950x3d,run-1,3,base64-ng,decode,standard,unpadded,47,63,89240,38738515,103.255819,avx512-vbmi,avx512-vbmi,avx512-vbmi,x86_64,linux,0
1,commit-5-correction-amd-9950x3d,run-1,4,base64-ng,decode,standard,unpadded,47,63,89240,38614953,103.586222,avx512-vbmi,avx512-vbmi,avx512-vbmi,x86_64,linux,0
1,commit-5-correction-amd-9950x3d,run-1,0,base64-0.23.0,encode,standard,unpadded,47,63,89240,1664634,2402.916864,external,avx512-vbmi,avx512-vbmi,x86_64,linux,0
1,commit-5-correction-amd-9950x3d,run-1,1,base64-0.23.0,encode,standard,unpadded,47,63,89240,1684250,2374.930748,external,avx512-vbmi,avx512-vbmi,x86_64,linux,0
1,commit-5-correction-amd-9950x3d,run-1,2,base64-0.23.0,encode,standard,unpadded,47,63,89240,1702595,2349.341512,external,avx512-vbmi,avx512-vbmi,x86_64,linux,0
1,commit-5-correction-amd-9950x3d,run-1,3,base64-0.23.0,encode,standard,unpadded,47,63,89240,1700280,2352.540236,external,avx512-vbmi,avx512-vbmi,x86_64,linux,0
1,commit-5-correction-amd-9950x3d,run-1,4,base64-0.23.0,encode,standard,unpadded,47,63,89240,1697205,2356.802574,external,avx512-vbmi,avx512-vbmi,x86_64,linux,0
1,commit-5-correction-amd-9950x3d,run-1,0,base64-0.23.0,decode,standard,unpadded,47,63,89240,2229317,1794.261252,external,avx512-vbmi,avx512-vbmi,x86_64,linux,0
1,commit-5-correction-amd-9950x3d,run-1,1,base64-0.23.0,decode,standard,unpadded,47,63,89240,2228846,1794.640416,external,avx512-vbmi,avx512-vbmi,x86_64,linux,0
1,commit-5-correction-amd-9950x3d,run-1,2,base64-0.23.0,decode,standard,unpadded,47,63,89240,2237973,1787.321434,external,avx512-vbmi,avx512-vbmi,x86_64,linux,0
1,commit-5-correction-amd-9950x3d,run-1,3,base64-0.23.0,decode,standard,unpadded,47,63,89240,2239335,1786.234356,external,avx512-vbmi,avx512-vbmi,x86_64,linux,0
1,commit-5-correction-amd-9950x3d,run-1,4,base64-0.23.0,decode,standard,unpadded,47,63,89240,2231070,1792.851462,external,avx512-vbmi,avx512-vbmi,x86_64,linux,0
1,commit-5-correction-amd-9950x3d,run-1,0,base64ct-1.8.3,encode,standard,unpadded,47,63,89240,2432850,1644.152789,external,avx512-vbmi,avx512-vbmi,x86_64,linux,0
1,commit-5-correction-amd-9950x3d,run-1,1,base64ct-1.8.3,encode,standard,unpadded,47,63,89240,2416970,1654.955217,external,avx512-vbmi,avx512-vbmi,x86_64,linux,0
1,commit-5-correction-amd-9950x3d,run-1,2,base64ct-1.8.3,encode,standard,unpadded,47,63,89240,2421188,1652.072087,external,avx512-vbmi,avx512-vbmi,x86_64,linux,0
1,commit-5-correction-amd-9950x3d,run-1,3,base64ct-1.8.3,encode,standard,unpadded,47,63,89240,2432249,1644.559053,external,avx512-vbmi,avx512-vbmi,x86_64,linux,0
1,commit-5-correction-amd-9950x3d,run-1,4,base64ct-1.8.3,encode,standard,unpadded,47,63,89240,2409576,1660.033596,external,avx512-vbmi,avx512-vbmi,x86_64,linux,0
1,commit-5-correction-amd-9950x3d,run-1,0,base64ct-1.8.3,decode,standard,unpadded,47,63,89240,6579817,607.916164,external,avx512-vbmi,avx512-vbmi,x86_64,linux,0
1,commit-5-correction-amd-9950x3d,run-1,1,base64ct-1.8.3,decode,standard,unpadded,47,63,89240,6565890,609.205624,external,avx512-vbmi,avx512-vbmi,x86_64,linux,0
1,commit-5-correction-amd-9950x3d,run-1,2,base64ct-1.8.3,decode,standard,unpadded,47,63,89240,6571121,608.720660,external,avx512-vbmi,avx512-vbmi,x86_64,linux,0
1,commit-5-correction-amd-9950x3d,run-1,3,base64ct-1.8.3,decode,standard,unpadded,47,63,89240,6537256,611.874021,external,avx512-vbmi,avx512-vbmi,x86_64,linux,0
1,commit-5-correction-amd-9950x3d,run-1,4,base64ct-1.8.3,decode,standard,unpadded,47,63,89240,6535113,612.074667,external,avx512-vbmi,avx512-vbmi,x86_64,linux,0
1,commit-5-correction-amd-9950x3d,run-1,0,base64-ng,encode,standard,unpadded,48,64,87381,6051962,660.940161,auto,avx512-vbmi,avx512-vbmi,x86_64,linux,0
1,commit-5-correction-amd-9950x3d,run-1,1,base64-ng,encode,standard,unpadded,48,64,87381,6088702,656.951965,auto,avx512-vbmi,avx512-vbmi,x86_64,linux,0
1,commit-5-correction-amd-9950x3d,run-1,2,base64-ng,encode,standard,unpadded,48,64,87381,6079024,657.997853,auto,avx512-vbmi,avx512-vbmi,x86_64,linux,0
1,commit-5-correction-amd-9950x3d,run-1,3,base64-ng,encode,standard,unpadded,48,64,87381,6110343,654.625238,auto,avx512-vbmi,avx512-vbmi,x86_64,linux,0
1,commit-5-correction-amd-9950x3d,run-1,4,base64-ng,encode,standard,unpadded,48,64,87381,6052304,660.902813,auto,avx512-vbmi,avx512-vbmi,x86_64,linux,0
1,commit-5-correction-amd-9950x3d,run-1,0,base64-ng,decode,standard,unpadded,48,64,87381,28411475,140.787648,auto,avx512-vbmi,avx512-vbmi,x86_64,linux,0
1,commit-5-correction-amd-9950x3d,run-1,1,base64-ng,decode,standard,unpadded,48,64,87381,28337055,141.157391,auto,avx512-vbmi,avx512-vbmi,x86_64,linux,0
1,commit-5-correction-amd-9950x3d,run-1,2,base64-ng,decode,standard,unpadded,48,64,87381,28509719,140.302496,auto,avx512-vbmi,avx512-vbmi,x86_64,linux,0
1,commit-5-correction-amd-9950x3d,run-1,3,base64-ng,decode,standard,unpadded,48,64,87381,28403279,140.828273,auto,avx512-vbmi,avx512-vbmi,x86_64,linux,0
1,commit-5-correction-amd-9950x3d,run-1,4,base64-ng,decode,standard,unpadded,48,64,87381,28541891,140.144349,auto,avx512-vbmi,avx512-vbmi,x86_64,linux,0
1,commit-5-correction-amd-9950x3d,run-1,0,base64-ng,encode,standard,unpadded,48,64,87381,11407674,350.639819,scalar,avx512-vbmi,avx512-vbmi,x86_64,linux,0
1,commit-5-correction-amd-9950x3d,run-1,1,base64-ng,encode,standard,unpadded,48,64,87381,11512012,347.461829,scalar,avx512-vbmi,avx512-vbmi,x86_64,linux,0
1,commit-5-correction-amd-9950x3d,run-1,2,base64-ng,encode,standard,unpadded,48,64,87381,11757774,340.199152,scalar,avx512-vbmi,avx512-vbmi,x86_64,linux,0
1,commit-5-correction-amd-9950x3d,run-1,3,base64-ng,encode,standard,unpadded,48,64,87381,11764256,340.011705,scalar,avx512-vbmi,avx512-vbmi,x86_64,linux,0
1,commit-5-correction-amd-9950x3d,run-1,4,base64-ng,encode,standard,unpadded,48,64,87381,11723399,341.196674,scalar,avx512-vbmi,avx512-vbmi,x86_64,linux,0
1,commit-5-correction-amd-9950x3d,run-1,0,base64-ng,decode,standard,unpadded,48,64,87381,14288267,279.948908,scalar,avx512-vbmi,avx512-vbmi,x86_64,linux,0
1,commit-5-correction-amd-9950x3d,run-1,1,base64-ng,decode,standard,unpadded,48,64,87381,14035602,284.988470,scalar,avx512-vbmi,avx512-vbmi,x86_64,linux,0
1,commit-5-correction-amd-9950x3d,run-1,2,base64-ng,decode,standard,unpadded,48,64,87381,14044318,284.811604,scalar,avx512-vbmi,avx512-vbmi,x86_64,linux,0
1,commit-5-correction-amd-9950x3d,run-1,3,base64-ng,decode,standard,unpadded,48,64,87381,14053286,284.629854,scalar,avx512-vbmi,avx512-vbmi,x86_64,linux,0
1,commit-5-correction-amd-9950x3d,run-1,4,base64-ng,decode,standard,unpadded,48,64,87381,14316681,279.393299,scalar,avx512-vbmi,avx512-vbmi,x86_64,linux,0
1,commit-5-correction-amd-9950x3d,run-1,0,base64-ng,encode,standard,unpadded,48,64,87381,14647224,273.088248,ssse3-sse4.1,avx512-vbmi,avx512-vbmi,x86_64,linux,0
1,commit-5-correction-amd-9950x3d,run-1,1,base64-ng,encode,standard,unpadded,48,64,87381,14586288,274.229108,ssse3-sse4.1,avx512-vbmi,avx512-vbmi,x86_64,linux,0
1,commit-5-correction-amd-9950x3d,run-1,2,base64-ng,encode,standard,unpadded,48,64,87381,14631735,273.377336,ssse3-sse4.1,avx512-vbmi,avx512-vbmi,x86_64,linux,0
1,commit-5-correction-amd-9950x3d,run-1,3,base64-ng,encode,standard,unpadded,48,64,87381,14821341,269.880083,ssse3-sse4.1,avx512-vbmi,avx512-vbmi,x86_64,linux,0
1,commit-5-correction-amd-9950x3d,run-1,4,base64-ng,encode,standard,unpadded,48,64,87381,14583844,274.275064,ssse3-sse4.1,avx512-vbmi,avx512-vbmi,x86_64,linux,0
1,commit-5-correction-amd-9950x3d,run-1,0,base64-ng,decode,standard,unpadded,48,64,87381,52818211,75.731167,ssse3-sse4.1,avx512-vbmi,avx512-vbmi,x86_64,linux,0
1,commit-5-correction-amd-9950x3d,run-1,1,base64-ng,decode,standard,unpadded,48,64,87381,53072129,75.368839,ssse3-sse4.1,avx512-vbmi,avx512-vbmi,x86_64,linux,0
1,commit-5-correction-amd-9950x3d,run-1,2,base64-ng,decode,standard,unpadded,48,64,87381,53148272,75.260862,ssse3-sse4.1,avx512-vbmi,avx512-vbmi,x86_64,linux,0
1,commit-5-correction-amd-9950x3d,run-1,3,base64-ng,decode,standard,unpadded,48,64,87381,53259351,75.103896,ssse3-sse4.1,avx512-vbmi,avx512-vbmi,x86_64,linux,0
1,commit-5-correction-amd-9950x3d,run-1,4,base64-ng,decode,standard,unpadded,48,64,87381,52672617,75.940498,ssse3-sse4.1,avx512-vbmi,avx512-vbmi,x86_64,linux,0
1,commit-5-correction-amd-9950x3d,run-1,0,base64-ng,encode,standard,unpadded,48,64,87381,8196731,487.997562,avx2,avx512-vbmi,avx512-vbmi,x86_64,linux,0
1,commit-5-correction-amd-9950x3d,run-1,1,base64-ng,encode,standard,unpadded,48,64,87381,8257795,484.388961,avx2,avx512-vbmi,avx512-vbmi,x86_64,linux,0
1,commit-5-correction-amd-9950x3d,run-1,2,base64-ng,encode,standard,unpadded,48,64,87381,8253778,484.624707,avx2,avx512-vbmi,avx512-vbmi,x86_64,linux,0
1,commit-5-correction-amd-9950x3d,run-1,3,base64-ng,encode,standard,unpadded,48,64,87381,8175170,489.284595,avx2,avx512-vbmi,avx512-vbmi,x86_64,linux,0
1,commit-5-correction-amd-9950x3d,run-1,4,base64-ng,encode,standard,unpadded,48,64,87381,8277562,483.232230,avx2,avx512-vbmi,avx512-vbmi,x86_64,linux,0
1,commit-5-correction-amd-9950x3d,run-1,0,base64-ng,decode,standard,unpadded,48,64,87381,37254592,107.368905,avx2,avx512-vbmi,avx512-vbmi,x86_64,linux,0
1,commit-5-correction-amd-9950x3d,run-1,1,base64-ng,decode,standard,unpadded,48,64,87381,37773589,105.893690,avx2,avx512-vbmi,avx512-vbmi,x86_64,linux,0
1,commit-5-correction-amd-9950x3d,run-1,2,base64-ng,decode,standard,unpadded,48,64,87381,37874819,105.610663,avx2,avx512-vbmi,avx512-vbmi,x86_64,linux,0
1,commit-5-correction-amd-9950x3d,run-1,3,base64-ng,decode,standard,unpadded,48,64,87381,37448136,106.813988,avx2,avx512-vbmi,avx512-vbmi,x86_64,linux,0
1,commit-5-correction-amd-9950x3d,run-1,4,base64-ng,decode,standard,unpadded,48,64,87381,37479555,106.724446,avx2,avx512-vbmi,avx512-vbmi,x86_64,linux,0
1,commit-5-correction-amd-9950x3d,run-1,0,base64-ng,encode,standard,unpadded,48,64,87381,5841727,684.726407,avx512-vbmi,avx512-vbmi,avx512-vbmi,x86_64,linux,0
1,commit-5-correction-amd-9950x3d,run-1,1,base64-ng,encode,standard,unpadded,48,64,87381,6202206,644.929359,avx512-vbmi,avx512-vbmi,avx512-vbmi,x86_64,linux,0
1,commit-5-correction-amd-9950x3d,run-1,2,base64-ng,encode,standard,unpadded,48,64,87381,5895629,678.466155,avx512-vbmi,avx512-vbmi,avx512-vbmi,x86_64,linux,0
1,commit-5-correction-amd-9950x3d,run-1,3,base64-ng,encode,standard,unpadded,48,64,87381,6037226,662.553421,avx512-vbmi,avx512-vbmi,avx512-vbmi,x86_64,linux,0
1,commit-5-correction-amd-9950x3d,run-1,4,base64-ng,encode,standard,unpadded,48,64,87381,5802002,689.414575,avx512-vbmi,avx512-vbmi,avx512-vbmi,x86_64,linux,0
1,commit-5-correction-amd-9950x3d,run-1,0,base64-ng,decode,standard,unpadded,48,64,87381,28501825,140.341355,avx512-vbmi,avx512-vbmi,avx512-vbmi,x86_64,linux,0
1,commit-5-correction-amd-9950x3d,run-1,1,base64-ng,decode,standard,unpadded,48,64,87381,28838459,138.703137,avx512-vbmi,avx512-vbmi,avx512-vbmi,x86_64,linux,0
1,commit-5-correction-amd-9950x3d,run-1,2,base64-ng,decode,standard,unpadded,48,64,87381,28682726,139.456227,avx512-vbmi,avx512-vbmi,avx512-vbmi,x86_64,linux,0
1,commit-5-correction-amd-9950x3d,run-1,3,base64-ng,decode,standard,unpadded,48,64,87381,28444306,140.625148,avx512-vbmi,avx512-vbmi,avx512-vbmi,x86_64,linux,0
1,commit-5-correction-amd-9950x3d,run-1,4,base64-ng,decode,standard,unpadded,48,64,87381,28537723,140.164818,avx512-vbmi,avx512-vbmi,avx512-vbmi,x86_64,linux,0
1,commit-5-correction-amd-9950x3d,run-1,0,base64-0.23.0,encode,standard,unpadded,48,64,87381,1704710,2346.431206,external,avx512-vbmi,avx512-vbmi,x86_64,linux,0
1,commit-5-correction-amd-9950x3d,run-1,1,base64-0.23.0,encode,standard,unpadded,48,64,87381,1683179,2376.446439,external,avx512-vbmi,avx512-vbmi,x86_64,linux,0
1,commit-5-correction-amd-9950x3d,run-1,2,base64-0.23.0,encode,standard,unpadded,48,64,87381,1690593,2366.024668,external,avx512-vbmi,avx512-vbmi,x86_64,linux,0
1,commit-5-correction-amd-9950x3d,run-1,3,base64-0.23.0,encode,standard,unpadded,48,64,87381,1697666,2356.167080,external,avx512-vbmi,avx512-vbmi,x86_64,linux,0
1,commit-5-correction-amd-9950x3d,run-1,4,base64-0.23.0,encode,standard,unpadded,48,64,87381,1683750,2375.640529,external,avx512-vbmi,avx512-vbmi,x86_64,linux,0
1,commit-5-correction-amd-9950x3d,run-1,0,base64-0.23.0,decode,standard,unpadded,48,64,87381,2268030,1763.638374,external,avx512-vbmi,avx512-vbmi,x86_64,linux,0
1,commit-5-correction-amd-9950x3d,run-1,1,base64-0.23.0,decode,standard,unpadded,48,64,87381,2269112,1762.797403,external,avx512-vbmi,avx512-vbmi,x86_64,linux,0
1,commit-5-correction-amd-9950x3d,run-1,2,base64-0.23.0,decode,standard,unpadded,48,64,87381,2262769,1767.738882,external,avx512-vbmi,avx512-vbmi,x86_64,linux,0
1,commit-5-correction-amd-9950x3d,run-1,3,base64-0.23.0,decode,standard,unpadded,48,64,87381,2264102,1766.698117,external,avx512-vbmi,avx512-vbmi,x86_64,linux,0
1,commit-5-correction-amd-9950x3d,run-1,4,base64-0.23.0,decode,standard,unpadded,48,64,87381,2276907,1756.762459,external,avx512-vbmi,avx512-vbmi,x86_64,linux,0
1,commit-5-correction-amd-9950x3d,run-1,0,base64ct-1.8.3,encode,standard,unpadded,48,64,87381,2502571,1598.350153,external,avx512-vbmi,avx512-vbmi,x86_64,linux,0
1,commit-5-correction-amd-9950x3d,run-1,1,base64ct-1.8.3,encode,standard,unpadded,48,64,87381,2526406,1583.270757,external,avx512-vbmi,avx512-vbmi,x86_64,linux,0
1,commit-5-correction-amd-9950x3d,run-1,2,base64ct-1.8.3,encode,standard,unpadded,48,64,87381,2509263,1594.087484,external,avx512-vbmi,avx512-vbmi,x86_64,linux,0
1,commit-5-correction-amd-9950x3d,run-1,3,base64ct-1.8.3,encode,standard,unpadded,48,64,87381,2596928,1540.275565,external,avx512-vbmi,avx512-vbmi,x86_64,linux,0
1,commit-5-correction-amd-9950x3d,run-1,4,base64ct-1.8.3,encode,standard,unpadded,48,64,87381,2524362,1584.552747,external,avx512-vbmi,avx512-vbmi,x86_64,linux,0
1,commit-5-correction-amd-9950x3d,run-1,0,base64ct-1.8.3,decode,standard,unpadded,48,64,87381,5867465,681.722812,external,avx512-vbmi,avx512-vbmi,x86_64,linux,0
1,commit-5-correction-amd-9950x3d,run-1,1,base64ct-1.8.3,decode,standard,unpadded,48,64,87381,5856195,683.034759,external,avx512-vbmi,avx512-vbmi,x86_64,linux,0
1,commit-5-correction-amd-9950x3d,run-1,2,base64ct-1.8.3,decode,standard,unpadded,48,64,87381,5851676,683.562238,external,avx512-vbmi,avx512-vbmi,x86_64,linux,0
1,commit-5-correction-amd-9950x3d,run-1,3,base64ct-1.8.3,decode,standard,unpadded,48,64,87381,5859731,682.622588,external,avx512-vbmi,avx512-vbmi,x86_64,linux,0
1,commit-5-correction-amd-9950x3d,run-1,4,base64ct-1.8.3,decode,standard,unpadded,48,64,87381,5977012,669.228160,external,avx512-vbmi,avx512-vbmi,x86_64,linux,0
1,commit-5-correction-amd-9950x3d,run-1,0,base64-ng,encode,standard,unpadded,63,84,66576,7302748,547.736926,auto,avx512-vbmi,avx512-vbmi,x86_64,linux,0
1,commit-5-correction-amd-9950x3d,run-1,1,base64-ng,encode,standard,unpadded,63,84,66576,7389651,541.295488,auto,avx512-vbmi,avx512-vbmi,x86_64,linux,0
1,commit-5-correction-amd-9950x3d,run-1,2,base64-ng,encode,standard,unpadded,63,84,66576,7363702,543.202962,auto,avx512-vbmi,avx512-vbmi,x86_64,linux,0
1,commit-5-correction-amd-9950x3d,run-1,3,base64-ng,encode,standard,unpadded,63,84,66576,7331091,545.619300,auto,avx512-vbmi,avx512-vbmi,x86_64,linux,0
1,commit-5-correction-amd-9950x3d,run-1,4,base64-ng,encode,standard,unpadded,63,84,66576,7298861,548.028623,auto,avx512-vbmi,avx512-vbmi,x86_64,linux,0
1,commit-5-correction-amd-9950x3d,run-1,0,base64-ng,decode,standard,unpadded,63,84,66576,33737761,118.561061,auto,avx512-vbmi,avx512-vbmi,x86_64,linux,0
1,commit-5-correction-amd-9950x3d,run-1,1,base64-ng,decode,standard,unpadded,63,84,66576,34048556,117.478836,auto,avx512-vbmi,avx512-vbmi,x86_64,linux,0
1,commit-5-correction-amd-9950x3d,run-1,2,base64-ng,decode,standard,unpadded,63,84,66576,33690032,118.729028,auto,avx512-vbmi,avx512-vbmi,x86_64,linux,0
1,commit-5-correction-amd-9950x3d,run-1,3,base64-ng,decode,standard,unpadded,63,84,66576,33673842,118.786111,auto,avx512-vbmi,avx512-vbmi,x86_64,linux,0
1,commit-5-correction-amd-9950x3d,run-1,4,base64-ng,decode,standard,unpadded,63,84,66576,33592578,119.073467,auto,avx512-vbmi,avx512-vbmi,x86_64,linux,0
1,commit-5-correction-amd-9950x3d,run-1,0,base64-ng,encode,standard,unpadded,63,84,66576,4403048,908.458127,scalar,avx512-vbmi,avx512-vbmi,x86_64,linux,0
1,commit-5-correction-amd-9950x3d,run-1,1,base64-ng,encode,standard,unpadded,63,84,66576,4430991,902.729150,scalar,avx512-vbmi,avx512-vbmi,x86_64,linux,0
1,commit-5-correction-amd-9950x3d,run-1,2,base64-ng,encode,standard,unpadded,63,84,66576,4396767,909.755905,scalar,avx512-vbmi,avx512-vbmi,x86_64,linux,0
1,commit-5-correction-amd-9950x3d,run-1,3,base64-ng,encode,standard,unpadded,63,84,66576,4284476,933.599521,scalar,avx512-vbmi,avx512-vbmi,x86_64,linux,0
1,commit-5-correction-amd-9950x3d,run-1,4,base64-ng,encode,standard,unpadded,63,84,66576,4299774,930.277903,scalar,avx512-vbmi,avx512-vbmi,x86_64,linux,0
1,commit-5-correction-amd-9950x3d,run-1,0,base64-ng,decode,standard,unpadded,63,84,66576,14050120,284.693991,scalar,avx512-vbmi,avx512-vbmi,x86_64,linux,0
1,commit-5-correction-amd-9950x3d,run-1,1,base64-ng,decode,standard,unpadded,63,84,66576,15316123,261.161701,scalar,avx512-vbmi,avx512-vbmi,x86_64,linux,0
1,commit-5-correction-amd-9950x3d,run-1,2,base64-ng,decode,standard,unpadded,63,84,66576,14054778,284.599639,scalar,avx512-vbmi,avx512-vbmi,x86_64,linux,0
1,commit-5-correction-amd-9950x3d,run-1,3,base64-ng,decode,standard,unpadded,63,84,66576,13996749,285.779558,scalar,avx512-vbmi,avx512-vbmi,x86_64,linux,0
1,commit-5-correction-amd-9950x3d,run-1,4,base64-ng,decode,standard,unpadded,63,84,66576,13975889,286.206104,scalar,avx512-vbmi,avx512-vbmi,x86_64,linux,0
1,commit-5-correction-amd-9950x3d,run-1,0,base64-ng,encode,standard,unpadded,63,84,66576,13608097,293.941522,ssse3-sse4.1,avx512-vbmi,avx512-vbmi,x86_64,linux,0
1,commit-5-correction-amd-9950x3d,run-1,1,base64-ng,encode,standard,unpadded,63,84,66576,13569204,294.784038,ssse3-sse4.1,avx512-vbmi,avx512-vbmi,x86_64,linux,0
1,commit-5-correction-amd-9950x3d,run-1,2,base64-ng,encode,standard,unpadded,63,84,66576,13559997,294.984191,ssse3-sse4.1,avx512-vbmi,avx512-vbmi,x86_64,linux,0
1,commit-5-correction-amd-9950x3d,run-1,3,base64-ng,encode,standard,unpadded,63,84,66576,13576458,294.626532,ssse3-sse4.1,avx512-vbmi,avx512-vbmi,x86_64,linux,0
1,commit-5-correction-amd-9950x3d,run-1,4,base64-ng,encode,standard,unpadded,63,84,66576,13649164,293.057124,ssse3-sse4.1,avx512-vbmi,avx512-vbmi,x86_64,linux,0
1,commit-5-correction-amd-9950x3d,run-1,0,base64-ng,decode,standard,unpadded,63,84,66576,50487343,79.227476,ssse3-sse4.1,avx512-vbmi,avx512-vbmi,x86_64,linux,0
1,commit-5-correction-amd-9950x3d,run-1,1,base64-ng,decode,standard,unpadded,63,84,66576,49939221,80.097059,ssse3-sse4.1,avx512-vbmi,avx512-vbmi,x86_64,linux,0
1,commit-5-correction-amd-9950x3d,run-1,2,base64-ng,decode,standard,unpadded,63,84,66576,51240811,78.062479,ssse3-sse4.1,avx512-vbmi,avx512-vbmi,x86_64,linux,0
1,commit-5-correction-amd-9950x3d,run-1,3,base64-ng,decode,standard,unpadded,63,84,66576,50067001,79.892637,ssse3-sse4.1,avx512-vbmi,avx512-vbmi,x86_64,linux,0
1,commit-5-correction-amd-9950x3d,run-1,4,base64-ng,decode,standard,unpadded,63,84,66576,49953367,80.074377,ssse3-sse4.1,avx512-vbmi,avx512-vbmi,x86_64,linux,0
1,commit-5-correction-amd-9950x3d,run-1,0,base64-ng,encode,standard,unpadded,63,84,66576,8700239,459.755731,avx2,avx512-vbmi,avx512-vbmi,x86_64,linux,0
1,commit-5-correction-amd-9950x3d,run-1,1,base64-ng,encode,standard,unpadded,63,84,66576,8770380,456.078841,avx2,avx512-vbmi,avx512-vbmi,x86_64,linux,0
1,commit-5-correction-amd-9950x3d,run-1,2,base64-ng,encode,standard,unpadded,63,84,66576,8748069,457.242020,avx2,avx512-vbmi,avx512-vbmi,x86_64,linux,0
1,commit-5-correction-amd-9950x3d,run-1,3,base64-ng,encode,standard,unpadded,63,84,66576,8734022,457.977406,avx2,avx512-vbmi,avx512-vbmi,x86_64,linux,0
1,commit-5-correction-amd-9950x3d,run-1,4,base64-ng,encode,standard,unpadded,63,84,66576,8773767,455.902777,avx2,avx512-vbmi,avx512-vbmi,x86_64,linux,0
1,commit-5-correction-amd-9950x3d,run-1,0,base64-ng,decode,standard,unpadded,63,84,66576,40043382,99.891281,avx2,avx512-vbmi,avx512-vbmi,x86_64,linux,0
1,commit-5-correction-amd-9950x3d,run-1,1,base64-ng,decode,standard,unpadded,63,84,66576,40381809,99.054125,avx2,avx512-vbmi,avx512-vbmi,x86_64,linux,0
1,commit-5-correction-amd-9950x3d,run-1,2,base64-ng,decode,standard,unpadded,63,84,66576,41463185,96.470755,avx2,avx512-vbmi,avx512-vbmi,x86_64,linux,0
1,commit-5-correction-amd-9950x3d,run-1,3,base64-ng,decode,standard,unpadded,63,84,66576,40146676,99.634270,avx2,avx512-vbmi,avx512-vbmi,x86_64,linux,0
1,commit-5-correction-amd-9950x3d,run-1,4,base64-ng,decode,standard,unpadded,63,84,66576,40104587,99.738834,avx2,avx512-vbmi,avx512-vbmi,x86_64,linux,0
1,commit-5-correction-amd-9950x3d,run-1,0,base64-ng,encode,standard,unpadded,63,84,66576,6575548,608.311998,avx512-vbmi,avx512-vbmi,avx512-vbmi,x86_64,linux,0
1,commit-5-correction-amd-9950x3d,run-1,1,base64-ng,encode,standard,unpadded,63,84,66576,6563926,609.389067,avx512-vbmi,avx512-vbmi,avx512-vbmi,x86_64,linux,0
1,commit-5-correction-amd-9950x3d,run-1,2,base64-ng,encode,standard,unpadded,63,84,66576,6564878,609.300697,avx512-vbmi,avx512-vbmi,avx512-vbmi,x86_64,linux,0
1,commit-5-correction-amd-9950x3d,run-1,3,base64-ng,encode,standard,unpadded,63,84,66576,6564728,609.314619,avx512-vbmi,avx512-vbmi,avx512-vbmi,x86_64,linux,0
1,commit-5-correction-amd-9950x3d,run-1,4,base64-ng,encode,standard,unpadded,63,84,66576,6547987,610.872432,avx512-vbmi,avx512-vbmi,avx512-vbmi,x86_64,linux,0
1,commit-5-correction-amd-9950x3d,run-1,0,base64-ng,decode,standard,unpadded,63,84,66576,33427498,119.661506,avx512-vbmi,avx512-vbmi,avx512-vbmi,x86_64,linux,0
1,commit-5-correction-amd-9950x3d,run-1,1,base64-ng,decode,standard,unpadded,63,84,66576,34206193,116.937443,avx512-vbmi,avx512-vbmi,avx512-vbmi,x86_64,linux,0
1,commit-5-correction-amd-9950x3d,run-1,2,base64-ng,decode,standard,unpadded,63,84,66576,33637783,118.913447,avx512-vbmi,avx512-vbmi,avx512-vbmi,x86_64,linux,0
1,commit-5-correction-amd-9950x3d,run-1,3,base64-ng,decode,standard,unpadded,63,84,66576,33509201,119.369744,avx512-vbmi,avx512-vbmi,avx512-vbmi,x86_64,linux,0
1,commit-5-correction-amd-9950x3d,run-1,4,base64-ng,decode,standard,unpadded,63,84,66576,33716041,118.637439,avx512-vbmi,avx512-vbmi,avx512-vbmi,x86_64,linux,0
1,commit-5-correction-amd-9950x3d,run-1,0,base64-0.23.0,encode,standard,unpadded,63,84,66576,1400867,2855.363672,external,avx512-vbmi,avx512-vbmi,x86_64,linux,0
1,commit-5-correction-amd-9950x3d,run-1,1,base64-0.23.0,encode,standard,unpadded,63,84,66576,1393263,2870.947367,external,avx512-vbmi,avx512-vbmi,x86_64,linux,0
1,commit-5-correction-amd-9950x3d,run-1,2,base64-0.23.0,encode,standard,unpadded,63,84,66576,1403021,2850.979951,external,avx512-vbmi,avx512-vbmi,x86_64,linux,0
1,commit-5-correction-amd-9950x3d,run-1,3,base64-0.23.0,encode,standard,unpadded,63,84,66576,1419422,2818.037723,external,avx512-vbmi,avx512-vbmi,x86_64,linux,0
1,commit-5-correction-amd-9950x3d,run-1,4,base64-0.23.0,encode,standard,unpadded,63,84,66576,1416757,2823.338611,external,avx512-vbmi,avx512-vbmi,x86_64,linux,0
1,commit-5-correction-amd-9950x3d,run-1,0,base64-0.23.0,decode,standard,unpadded,63,84,66576,1859080,2151.593660,external,avx512-vbmi,avx512-vbmi,x86_64,linux,0
1,commit-5-correction-amd-9950x3d,run-1,1,base64-0.23.0,decode,standard,unpadded,63,84,66576,1862596,2147.532122,external,avx512-vbmi,avx512-vbmi,x86_64,linux,0
1,commit-5-correction-amd-9950x3d,run-1,2,base64-0.23.0,decode,standard,unpadded,63,84,66576,1859149,2151.513806,external,avx512-vbmi,avx512-vbmi,x86_64,linux,0
1,commit-5-correction-amd-9950x3d,run-1,3,base64-0.23.0,decode,standard,unpadded,63,84,66576,1866774,2142.725762,external,avx512-vbmi,avx512-vbmi,x86_64,linux,0
1,commit-5-correction-amd-9950x3d,run-1,4,base64-0.23.0,decode,standard,unpadded,63,84,66576,1857708,2153.182708,external,avx512-vbmi,avx512-vbmi,x86_64,linux,0
1,commit-5-correction-amd-9950x3d,run-1,0,base64ct-1.8.3,encode,standard,unpadded,63,84,66576,1747289,2289.251945,external,avx512-vbmi,avx512-vbmi,x86_64,linux,0
1,commit-5-correction-amd-9950x3d,run-1,1,base64ct-1.8.3,encode,standard,unpadded,63,84,66576,1712454,2335.820256,external,avx512-vbmi,avx512-vbmi,x86_64,linux,0
1,commit-5-correction-amd-9950x3d,run-1,2,base64ct-1.8.3,encode,standard,unpadded,63,84,66576,1726500,2316.817110,external,avx512-vbmi,avx512-vbmi,x86_64,linux,0
1,commit-5-correction-amd-9950x3d,run-1,3,base64ct-1.8.3,encode,standard,unpadded,63,84,66576,1735226,2305.166440,external,avx512-vbmi,avx512-vbmi,x86_64,linux,0
1,commit-5-correction-amd-9950x3d,run-1,4,base64ct-1.8.3,encode,standard,unpadded,63,84,66576,1727302,2315.741394,external,avx512-vbmi,avx512-vbmi,x86_64,linux,0
1,commit-5-correction-amd-9950x3d,run-1,0,base64ct-1.8.3,decode,standard,unpadded,63,84,66576,5540580,721.943324,external,avx512-vbmi,avx512-vbmi,x86_64,linux,0
1,commit-5-correction-amd-9950x3d,run-1,1,base64ct-1.8.3,decode,standard,unpadded,63,84,66576,5529760,723.355940,external,avx512-vbmi,avx512-vbmi,x86_64,linux,0
1,commit-5-correction-amd-9950x3d,run-1,2,base64ct-1.8.3,decode,standard,unpadded,63,84,66576,5543255,721.594937,external,avx512-vbmi,avx512-vbmi,x86_64,linux,0
1,commit-5-correction-amd-9950x3d,run-1,3,base64ct-1.8.3,decode,standard,unpadded,63,84,66576,5528828,723.477877,external,avx512-vbmi,avx512-vbmi,x86_64,linux,0
1,commit-5-correction-amd-9950x3d,run-1,4,base64ct-1.8.3,decode,standard,unpadded,63,84,66576,5534358,722.754968,external,avx512-vbmi,avx512-vbmi,x86_64,linux,0
1,commit-5-correction-amd-9950x3d,run-1,0,base64-ng,encode,standard,unpadded,64,86,65536,7377418,542.195115,auto,avx512-vbmi,avx512-vbmi,x86_64,linux,0
1,commit-5-correction-amd-9950x3d,run-1,1,base64-ng,encode,standard,unpadded,64,86,65536,7373941,542.450774,auto,avx512-vbmi,avx512-vbmi,x86_64,linux,0
1,commit-5-correction-amd-9950x3d,run-1,2,base64-ng,encode,standard,unpadded,64,86,65536,7405090,540.168992,auto,avx512-vbmi,avx512-vbmi,x86_64,linux,0
1,commit-5-correction-amd-9950x3d,run-1,3,base64-ng,encode,standard,unpadded,64,86,65536,7483438,534.513682,auto,avx512-vbmi,avx512-vbmi,x86_64,linux,0
1,commit-5-correction-amd-9950x3d,run-1,4,base64-ng,encode,standard,unpadded,64,86,65536,7363422,543.225690,auto,avx512-vbmi,avx512-vbmi,x86_64,linux,0
1,commit-5-correction-amd-9950x3d,run-1,0,base64-ng,decode,standard,unpadded,64,86,65536,34171468,117.056721,auto,avx512-vbmi,avx512-vbmi,x86_64,linux,0
1,commit-5-correction-amd-9950x3d,run-1,1,base64-ng,decode,standard,unpadded,64,86,65536,36757186,108.822259,auto,avx512-vbmi,avx512-vbmi,x86_64,linux,0
1,commit-5-correction-amd-9950x3d,run-1,2,base64-ng,decode,standard,unpadded,64,86,65536,33779420,118.415295,auto,avx512-vbmi,avx512-vbmi,x86_64,linux,0
1,commit-5-correction-amd-9950x3d,run-1,3,base64-ng,decode,standard,unpadded,64,86,65536,33644405,118.890496,auto,avx512-vbmi,avx512-vbmi,x86_64,linux,0
1,commit-5-correction-amd-9950x3d,run-1,4,base64-ng,decode,standard,unpadded,64,86,65536,33523228,119.320252,auto,avx512-vbmi,avx512-vbmi,x86_64,linux,0
1,commit-5-correction-amd-9950x3d,run-1,0,base64-ng,encode,standard,unpadded,64,86,65536,4317598,926.441044,scalar,avx512-vbmi,avx512-vbmi,x86_64,linux,0
1,commit-5-correction-amd-9950x3d,run-1,1,base64-ng,encode,standard,unpadded,64,86,65536,4313701,927.277992,scalar,avx512-vbmi,avx512-vbmi,x86_64,linux,0
1,commit-5-correction-amd-9950x3d,run-1,2,base64-ng,encode,standard,unpadded,64,86,65536,4316977,926.574313,scalar,avx512-vbmi,avx512-vbmi,x86_64,linux,0
1,commit-5-correction-amd-9950x3d,run-1,3,base64-ng,encode,standard,unpadded,64,86,65536,4319782,925.972653,scalar,avx512-vbmi,avx512-vbmi,x86_64,linux,0
1,commit-5-correction-amd-9950x3d,run-1,4,base64-ng,encode,standard,unpadded,64,86,65536,4318810,926.181055,scalar,avx512-vbmi,avx512-vbmi,x86_64,linux,0
1,commit-5-correction-amd-9950x3d,run-1,0,base64-ng,decode,standard,unpadded,64,86,65536,13941094,286.921529,scalar,avx512-vbmi,avx512-vbmi,x86_64,linux,0
1,commit-5-correction-amd-9950x3d,run-1,1,base64-ng,decode,standard,unpadded,64,86,65536,13947055,286.798898,scalar,avx512-vbmi,avx512-vbmi,x86_64,linux,0
1,commit-5-correction-amd-9950x3d,run-1,2,base64-ng,decode,standard,unpadded,64,86,65536,13976722,286.190138,scalar,avx512-vbmi,avx512-vbmi,x86_64,linux,0
1,commit-5-correction-amd-9950x3d,run-1,3,base64-ng,decode,standard,unpadded,64,86,65536,13985638,286.007689,scalar,avx512-vbmi,avx512-vbmi,x86_64,linux,0
1,commit-5-correction-amd-9950x3d,run-1,4,base64-ng,decode,standard,unpadded,64,86,65536,13980367,286.115522,scalar,avx512-vbmi,avx512-vbmi,x86_64,linux,0
1,commit-5-correction-amd-9950x3d,run-1,0,base64-ng,encode,standard,unpadded,64,86,65536,13610862,293.882930,ssse3-sse4.1,avx512-vbmi,avx512-vbmi,x86_64,linux,0
1,commit-5-correction-amd-9950x3d,run-1,1,base64-ng,encode,standard,unpadded,64,86,65536,13582138,294.504444,ssse3-sse4.1,avx512-vbmi,avx512-vbmi,x86_64,linux,0
1,commit-5-correction-amd-9950x3d,run-1,2,base64-ng,encode,standard,unpadded,64,86,65536,13554356,295.108082,ssse3-sse4.1,avx512-vbmi,avx512-vbmi,x86_64,linux,0
1,commit-5-correction-amd-9950x3d,run-1,3,base64-ng,encode,standard,unpadded,64,86,65536,13577089,294.613963,ssse3-sse4.1,avx512-vbmi,avx512-vbmi,x86_64,linux,0
1,commit-5-correction-amd-9950x3d,run-1,4,base64-ng,encode,standard,unpadded,64,86,65536,13543777,295.338590,ssse3-sse4.1,avx512-vbmi,avx512-vbmi,x86_64,linux,0
1,commit-5-correction-amd-9950x3d,run-1,0,base64-ng,decode,standard,unpadded,64,86,65536,50822804,78.704827,ssse3-sse4.1,avx512-vbmi,avx512-vbmi,x86_64,linux,0
1,commit-5-correction-amd-9950x3d,run-1,1,base64-ng,decode,standard,unpadded,64,86,65536,51183153,78.150715,ssse3-sse4.1,avx512-vbmi,avx512-vbmi,x86_64,linux,0
1,commit-5-correction-amd-9950x3d,run-1,2,base64-ng,decode,standard,unpadded,64,86,65536,50379349,79.397612,ssse3-sse4.1,avx512-vbmi,avx512-vbmi,x86_64,linux,0
1,commit-5-correction-amd-9950x3d,run-1,3,base64-ng,decode,standard,unpadded,64,86,65536,50002971,79.995247,ssse3-sse4.1,avx512-vbmi,avx512-vbmi,x86_64,linux,0
1,commit-5-correction-amd-9950x3d,run-1,4,base64-ng,decode,standard,unpadded,64,86,65536,50336829,79.464680,ssse3-sse4.1,avx512-vbmi,avx512-vbmi,x86_64,linux,0
1,commit-5-correction-amd-9950x3d,run-1,0,base64-ng,encode,standard,unpadded,64,86,65536,8770571,456.070648,avx2,avx512-vbmi,avx512-vbmi,x86_64,linux,0
1,commit-5-correction-amd-9950x3d,run-1,1,base64-ng,encode,standard,unpadded,64,86,65536,8783034,455.423490,avx2,avx512-vbmi,avx512-vbmi,x86_64,linux,0
1,commit-5-correction-amd-9950x3d,run-1,2,base64-ng,encode,standard,unpadded,64,86,65536,8816668,453.686132,avx2,avx512-vbmi,avx512-vbmi,x86_64,linux,0
1,commit-5-correction-amd-9950x3d,run-1,3,base64-ng,encode,standard,unpadded,64,86,65536,8775830,455.797343,avx2,avx512-vbmi,avx512-vbmi,x86_64,linux,0
1,commit-5-correction-amd-9950x3d,run-1,4,base64-ng,encode,standard,unpadded,64,86,65536,8791380,454.991139,avx2,avx512-vbmi,avx512-vbmi,x86_64,linux,0
1,commit-5-correction-amd-9950x3d,run-1,0,base64-ng,decode,standard,unpadded,64,86,65536,40395334,99.021337,avx2,avx512-vbmi,avx512-vbmi,x86_64,linux,0
1,commit-5-correction-amd-9950x3d,run-1,1,base64-ng,decode,standard,unpadded,64,86,65536,41339011,96.760902,avx2,avx512-vbmi,avx512-vbmi,x86_64,linux,0
1,commit-5-correction-amd-9950x3d,run-1,2,base64-ng,decode,standard,unpadded,64,86,65536,40683096,98.320934,avx2,avx512-vbmi,avx512-vbmi,x86_64,linux,0
1,commit-5-correction-amd-9950x3d,run-1,3,base64-ng,decode,standard,unpadded,64,86,65536,40501444,98.761911,avx2,avx512-vbmi,avx512-vbmi,x86_64,linux,0
1,commit-5-correction-amd-9950x3d,run-1,4,base64-ng,decode,standard,unpadded,64,86,65536,40621250,98.470628,avx2,avx512-vbmi,avx512-vbmi,x86_64,linux,0
1,commit-5-correction-amd-9950x3d,run-1,0,base64-ng,encode,standard,unpadded,64,86,65536,6639820,602.425969,avx512-vbmi,avx512-vbmi,avx512-vbmi,x86_64,linux,0
1,commit-5-correction-amd-9950x3d,run-1,1,base64-ng,encode,standard,unpadded,64,86,65536,6636022,602.770756,avx512-vbmi,avx512-vbmi,avx512-vbmi,x86_64,linux,0
1,commit-5-correction-amd-9950x3d,run-1,2,base64-ng,encode,standard,unpadded,64,86,65536,6624120,603.853795,avx512-vbmi,avx512-vbmi,avx512-vbmi,x86_64,linux,0
1,commit-5-correction-amd-9950x3d,run-1,3,base64-ng,encode,standard,unpadded,64,86,65536,6643286,602.111666,avx512-vbmi,avx512-vbmi,avx512-vbmi,x86_64,linux,0
1,commit-5-correction-amd-9950x3d,run-1,4,base64-ng,encode,standard,unpadded,64,86,65536,6616977,604.505653,avx512-vbmi,avx512-vbmi,avx512-vbmi,x86_64,linux,0
1,commit-5-correction-amd-9950x3d,run-1,0,base64-ng,decode,standard,unpadded,64,86,65536,34143335,117.153172,avx512-vbmi,avx512-vbmi,avx512-vbmi,x86_64,linux,0
1,commit-5-correction-amd-9950x3d,run-1,1,base64-ng,decode,standard,unpadded,64,86,65536,35211356,113.599715,avx512-vbmi,avx512-vbmi,avx512-vbmi,x86_64,linux,0
1,commit-5-correction-amd-9950x3d,run-1,2,base64-ng,decode,standard,unpadded,64,86,65536,34231852,116.850236,avx512-vbmi,avx512-vbmi,avx512-vbmi,x86_64,linux,0
1,commit-5-correction-amd-9950x3d,run-1,3,base64-ng,decode,standard,unpadded,64,86,65536,34022077,117.570717,avx512-vbmi,avx512-vbmi,avx512-vbmi,x86_64,linux,0
1,commit-5-correction-amd-9950x3d,run-1,4,base64-ng,decode,standard,unpadded,64,86,65536,36167656,110.596053,avx512-vbmi,avx512-vbmi,avx512-vbmi,x86_64,linux,0
1,commit-5-correction-amd-9950x3d,run-1,0,base64-0.23.0,encode,standard,unpadded,64,86,65536,1483342,2696.613458,external,avx512-vbmi,avx512-vbmi,x86_64,linux,0
1,commit-5-correction-amd-9950x3d,run-1,1,base64-0.23.0,encode,standard,unpadded,64,86,65536,1784178,2241.928776,external,avx512-vbmi,avx512-vbmi,x86_64,linux,0
1,commit-5-correction-amd-9950x3d,run-1,2,base64-0.23.0,encode,standard,unpadded,64,86,65536,1867445,2141.964020,external,avx512-vbmi,avx512-vbmi,x86_64,linux,0
1,commit-5-correction-amd-9950x3d,run-1,3,base64-0.23.0,encode,standard,unpadded,64,86,65536,1575957,2538.140317,external,avx512-vbmi,avx512-vbmi,x86_64,linux,0
1,commit-5-correction-amd-9950x3d,run-1,4,base64-0.23.0,encode,standard,unpadded,64,86,65536,2008471,1991.564728,external,avx512-vbmi,avx512-vbmi,x86_64,linux,0
1,commit-5-correction-amd-9950x3d,run-1,0,base64-0.23.0,decode,standard,unpadded,64,86,65536,2033739,1966.820718,external,avx512-vbmi,avx512-vbmi,x86_64,linux,0
1,commit-5-correction-amd-9950x3d,run-1,1,base64-0.23.0,decode,standard,unpadded,64,86,65536,1811180,2208.504953,external,avx512-vbmi,avx512-vbmi,x86_64,linux,0
1,commit-5-correction-amd-9950x3d,run-1,2,base64-0.23.0,decode,standard,unpadded,64,86,65536,1821969,2195.427035,external,avx512-vbmi,avx512-vbmi,x86_64,linux,0
1,commit-5-correction-amd-9950x3d,run-1,3,base64-0.23.0,decode,standard,unpadded,64,86,65536,1837770,2176.550929,external,avx512-vbmi,avx512-vbmi,x86_64,linux,0
1,commit-5-correction-amd-9950x3d,run-1,4,base64-0.23.0,decode,standard,unpadded,64,86,65536,1820457,2197.250471,external,avx512-vbmi,avx512-vbmi,x86_64,linux,0
1,commit-5-correction-amd-9950x3d,run-1,0,base64ct-1.8.3,encode,standard,unpadded,64,86,65536,1728403,2314.275085,external,avx512-vbmi,avx512-vbmi,x86_64,linux,0
1,commit-5-correction-amd-9950x3d,run-1,1,base64ct-1.8.3,encode,standard,unpadded,64,86,65536,1711251,2337.471242,external,avx512-vbmi,avx512-vbmi,x86_64,linux,0
1,commit-5-correction-amd-9950x3d,run-1,2,base64ct-1.8.3,encode,standard,unpadded,64,86,65536,1717162,2329.424947,external,avx512-vbmi,avx512-vbmi,x86_64,linux,0
1,commit-5-correction-amd-9950x3d,run-1,3,base64ct-1.8.3,encode,standard,unpadded,64,86,65536,1719156,2326.723113,external,avx512-vbmi,avx512-vbmi,x86_64,linux,0
1,commit-5-correction-amd-9950x3d,run-1,4,base64ct-1.8.3,encode,standard,unpadded,64,86,65536,1867084,2142.378168,external,avx512-vbmi,avx512-vbmi,x86_64,linux,0
1,commit-5-correction-amd-9950x3d,run-1,0,base64ct-1.8.3,decode,standard,unpadded,64,86,65536,6002981,666.335609,external,avx512-vbmi,avx512-vbmi,x86_64,linux,0
1,commit-5-correction-amd-9950x3d,run-1,1,base64ct-1.8.3,decode,standard,unpadded,64,86,65536,6058244,660.257329,external,avx512-vbmi,avx512-vbmi,x86_64,linux,0
1,commit-5-correction-amd-9950x3d,run-1,2,base64ct-1.8.3,decode,standard,unpadded,64,86,65536,6074496,658.490844,external,avx512-vbmi,avx512-vbmi,x86_64,linux,0
1,commit-5-correction-amd-9950x3d,run-1,3,base64ct-1.8.3,decode,standard,unpadded,64,86,65536,6054067,660.712873,external,avx512-vbmi,avx512-vbmi,x86_64,linux,0
1,commit-5-correction-amd-9950x3d,run-1,4,base64ct-1.8.3,decode,standard,unpadded,64,86,65536,6092168,656.580711,external,avx512-vbmi,avx512-vbmi,x86_64,linux,0
1,commit-5-correction-amd-9950x3d,run-1,0,base64-ng,encode,standard,unpadded,1024,1366,4096,3787090,1056.219947,auto,avx512-vbmi,avx512-vbmi,x86_64,linux,0
1,commit-5-correction-amd-9950x3d,run-1,1,base64-ng,encode,standard,unpadded,1024,1366,4096,3797128,1053.427749,auto,avx512-vbmi,avx512-vbmi,x86_64,linux,0
1,commit-5-correction-amd-9950x3d,run-1,2,base64-ng,encode,standard,unpadded,1024,1366,4096,3788632,1055.790058,auto,avx512-vbmi,avx512-vbmi,x86_64,linux,0
1,commit-5-correction-amd-9950x3d,run-1,3,base64-ng,encode,standard,unpadded,1024,1366,4096,3780638,1058.022482,auto,avx512-vbmi,avx512-vbmi,x86_64,linux,0
1,commit-5-correction-amd-9950x3d,run-1,4,base64-ng,encode,standard,unpadded,1024,1366,4096,3800955,1052.367102,auto,avx512-vbmi,avx512-vbmi,x86_64,linux,0
1,commit-5-correction-amd-9950x3d,run-1,0,base64-ng,decode,standard,unpadded,1024,1366,4096,27067765,147.777255,auto,avx512-vbmi,avx512-vbmi,x86_64,linux,0
1,commit-5-correction-amd-9950x3d,run-1,1,base64-ng,decode,standard,unpadded,1024,1366,4096,27181018,147.161523,auto,avx512-vbmi,avx512-vbmi,x86_64,linux,0
1,commit-5-correction-amd-9950x3d,run-1,2,base64-ng,decode,standard,unpadded,1024,1366,4096,27465404,145.637763,auto,avx512-vbmi,avx512-vbmi,x86_64,linux,0
1,commit-5-correction-amd-9950x3d,run-1,3,base64-ng,decode,standard,unpadded,1024,1366,4096,27122598,147.478497,auto,avx512-vbmi,avx512-vbmi,x86_64,linux,0
1,commit-5-correction-amd-9950x3d,run-1,4,base64-ng,decode,standard,unpadded,1024,1366,4096,27107460,147.560856,auto,avx512-vbmi,avx512-vbmi,x86_64,linux,0
1,commit-5-correction-amd-9950x3d,run-1,0,base64-ng,encode,standard,unpadded,1024,1366,4096,1971401,2029.013884,scalar,avx512-vbmi,avx512-vbmi,x86_64,linux,0
1,commit-5-correction-amd-9950x3d,run-1,1,base64-ng,encode,standard,unpadded,1024,1366,4096,2001077,1998.923580,scalar,avx512-vbmi,avx512-vbmi,x86_64,linux,0
1,commit-5-correction-amd-9950x3d,run-1,2,base64-ng,encode,standard,unpadded,1024,1366,4096,2008000,1992.031873,scalar,avx512-vbmi,avx512-vbmi,x86_64,linux,0
1,commit-5-correction-amd-9950x3d,run-1,3,base64-ng,encode,standard,unpadded,1024,1366,4096,2011297,1988.766453,scalar,avx512-vbmi,avx512-vbmi,x86_64,linux,0
1,commit-5-correction-amd-9950x3d,run-1,4,base64-ng,encode,standard,unpadded,1024,1366,4096,2014101,1985.997723,scalar,avx512-vbmi,avx512-vbmi,x86_64,linux,0
1,commit-5-correction-amd-9950x3d,run-1,0,base64-ng,decode,standard,unpadded,1024,1366,4096,13892212,287.931108,scalar,avx512-vbmi,avx512-vbmi,x86_64,linux,0
1,commit-5-correction-amd-9950x3d,run-1,1,base64-ng,decode,standard,unpadded,1024,1366,4096,13867025,288.454084,scalar,avx512-vbmi,avx512-vbmi,x86_64,linux,0
1,commit-5-correction-amd-9950x3d,run-1,2,base64-ng,decode,standard,unpadded,1024,1366,4096,13873978,288.309524,scalar,avx512-vbmi,avx512-vbmi,x86_64,linux,0
1,commit-5-correction-amd-9950x3d,run-1,3,base64-ng,decode,standard,unpadded,1024,1366,4096,13881171,288.160127,scalar,avx512-vbmi,avx512-vbmi,x86_64,linux,0
1,commit-5-correction-amd-9950x3d,run-1,4,base64-ng,decode,standard,unpadded,1024,1366,4096,14161269,282.460562,scalar,avx512-vbmi,avx512-vbmi,x86_64,linux,0
1,commit-5-correction-amd-9950x3d,run-1,0,base64-ng,encode,standard,unpadded,1024,1366,4096,12483731,320.417029,ssse3-sse4.1,avx512-vbmi,avx512-vbmi,x86_64,linux,0
1,commit-5-correction-amd-9950x3d,run-1,1,base64-ng,encode,standard,unpadded,1024,1366,4096,12454095,321.179500,ssse3-sse4.1,avx512-vbmi,avx512-vbmi,x86_64,linux,0
1,commit-5-correction-amd-9950x3d,run-1,2,base64-ng,encode,standard,unpadded,1024,1366,4096,12367482,323.428811,ssse3-sse4.1,avx512-vbmi,avx512-vbmi,x86_64,linux,0
1,commit-5-correction-amd-9950x3d,run-1,3,base64-ng,encode,standard,unpadded,1024,1366,4096,12029355,332.519907,ssse3-sse4.1,avx512-vbmi,avx512-vbmi,x86_64,linux,0
1,commit-5-correction-amd-9950x3d,run-1,4,base64-ng,encode,standard,unpadded,1024,1366,4096,12012062,332.998614,ssse3-sse4.1,avx512-vbmi,avx512-vbmi,x86_64,linux,0
1,commit-5-correction-amd-9950x3d,run-1,0,base64-ng,decode,standard,unpadded,1024,1366,4096,50661361,78.955636,ssse3-sse4.1,avx512-vbmi,avx512-vbmi,x86_64,linux,0
1,commit-5-correction-amd-9950x3d,run-1,1,base64-ng,decode,standard,unpadded,1024,1366,4096,50474348,79.248176,ssse3-sse4.1,avx512-vbmi,avx512-vbmi,x86_64,linux,0
1,commit-5-correction-amd-9950x3d,run-1,2,base64-ng,decode,standard,unpadded,1024,1366,4096,50616776,79.025183,ssse3-sse4.1,avx512-vbmi,avx512-vbmi,x86_64,linux,0
1,commit-5-correction-amd-9950x3d,run-1,3,base64-ng,decode,standard,unpadded,1024,1366,4096,51805143,77.212411,ssse3-sse4.1,avx512-vbmi,avx512-vbmi,x86_64,linux,0
1,commit-5-correction-amd-9950x3d,run-1,4,base64-ng,decode,standard,unpadded,1024,1366,4096,50582872,79.078151,ssse3-sse4.1,avx512-vbmi,avx512-vbmi,x86_64,linux,0
1,commit-5-correction-amd-9950x3d,run-1,0,base64-ng,encode,standard,unpadded,1024,1366,4096,6584866,607.453515,avx2,avx512-vbmi,avx512-vbmi,x86_64,linux,0
1,commit-5-correction-amd-9950x3d,run-1,1,base64-ng,encode,standard,unpadded,1024,1366,4096,6723567,594.922308,avx2,avx512-vbmi,avx512-vbmi,x86_64,linux,0
1,commit-5-correction-amd-9950x3d,run-1,2,base64-ng,encode,standard,unpadded,1024,1366,4096,6831981,585.481722,avx2,avx512-vbmi,avx512-vbmi,x86_64,linux,0
1,commit-5-correction-amd-9950x3d,run-1,3,base64-ng,encode,standard,unpadded,1024,1366,4096,6629240,603.387417,avx2,avx512-vbmi,avx512-vbmi,x86_64,linux,0
1,commit-5-correction-amd-9950x3d,run-1,4,base64-ng,encode,standard,unpadded,1024,1366,4096,6624951,603.778051,avx2,avx512-vbmi,avx512-vbmi,x86_64,linux,0
1,commit-5-correction-amd-9950x3d,run-1,0,base64-ng,decode,standard,unpadded,1024,1366,4096,35068998,114.060858,avx2,avx512-vbmi,avx512-vbmi,x86_64,linux,0
1,commit-5-correction-amd-9950x3d,run-1,1,base64-ng,decode,standard,unpadded,1024,1366,4096,35190927,113.665662,avx2,avx512-vbmi,avx512-vbmi,x86_64,linux,0
1,commit-5-correction-amd-9950x3d,run-1,2,base64-ng,decode,standard,unpadded,1024,1366,4096,35170769,113.730809,avx2,avx512-vbmi,avx512-vbmi,x86_64,linux,0
1,commit-5-correction-amd-9950x3d,run-1,3,base64-ng,decode,standard,unpadded,1024,1366,4096,36110368,110.771510,avx2,avx512-vbmi,avx512-vbmi,x86_64,linux,0
1,commit-5-correction-amd-9950x3d,run-1,4,base64-ng,decode,standard,unpadded,1024,1366,4096,35242694,113.498701,avx2,avx512-vbmi,avx512-vbmi,x86_64,linux,0
1,commit-5-correction-amd-9950x3d,run-1,0,base64-ng,encode,standard,unpadded,1024,1366,4096,3809752,1049.937109,avx512-vbmi,avx512-vbmi,avx512-vbmi,x86_64,linux,0
1,commit-5-correction-amd-9950x3d,run-1,1,base64-ng,encode,standard,unpadded,1024,1366,4096,3774025,1059.876392,avx512-vbmi,avx512-vbmi,avx512-vbmi,x86_64,linux,0
1,commit-5-correction-amd-9950x3d,run-1,2,base64-ng,encode,standard,unpadded,1024,1366,4096,4299343,930.374711,avx512-vbmi,avx512-vbmi,avx512-vbmi,x86_64,linux,0
1,commit-5-correction-amd-9950x3d,run-1,3,base64-ng,encode,standard,unpadded,1024,1366,4096,3778443,1058.637116,avx512-vbmi,avx512-vbmi,avx512-vbmi,x86_64,linux,0
1,commit-5-correction-amd-9950x3d,run-1,4,base64-ng,encode,standard,unpadded,1024,1366,4096,3773775,1059.946605,avx512-vbmi,avx512-vbmi,avx512-vbmi,x86_64,linux,0
1,commit-5-correction-amd-9950x3d,run-1,0,base64-ng,decode,standard,unpadded,1024,1366,4096,27092632,147.641617,avx512-vbmi,avx512-vbmi,avx512-vbmi,x86_64,linux,0
1,commit-5-correction-amd-9950x3d,run-1,1,base64-ng,decode,standard,unpadded,1024,1366,4096,30644449,130.529350,avx512-vbmi,avx512-vbmi,avx512-vbmi,x86_64,linux,0
1,commit-5-correction-amd-9950x3d,run-1,2,base64-ng,decode,standard,unpadded,1024,1366,4096,28144031,142.126052,avx512-vbmi,avx512-vbmi,avx512-vbmi,x86_64,linux,0
1,commit-5-correction-amd-9950x3d,run-1,3,base64-ng,decode,standard,unpadded,1024,1366,4096,27357991,146.209566,avx512-vbmi,avx512-vbmi,avx512-vbmi,x86_64,linux,0
1,commit-5-correction-amd-9950x3d,run-1,4,base64-ng,decode,standard,unpadded,1024,1366,4096,27055031,147.846809,avx512-vbmi,avx512-vbmi,avx512-vbmi,x86_64,linux,0
1,commit-5-correction-amd-9950x3d,run-1,0,base64-0.23.0,encode,standard,unpadded,1024,1366,4096,818200,4888.780249,external,avx512-vbmi,avx512-vbmi,x86_64,linux,0
1,commit-5-correction-amd-9950x3d,run-1,1,base64-0.23.0,encode,standard,unpadded,1024,1366,4096,846563,4724.987981,external,avx512-vbmi,avx512-vbmi,x86_64,linux,0
1,commit-5-correction-amd-9950x3d,run-1,2,base64-0.23.0,encode,standard,unpadded,1024,1366,4096,850020,4705.771629,external,avx512-vbmi,avx512-vbmi,x86_64,linux,0
1,commit-5-correction-amd-9950x3d,run-1,3,base64-0.23.0,encode,standard,unpadded,1024,1366,4096,851934,4695.199393,external,avx512-vbmi,avx512-vbmi,x86_64,linux,0
1,commit-5-correction-amd-9950x3d,run-1,4,base64-0.23.0,encode,standard,unpadded,1024,1366,4096,861993,4640.408913,external,avx512-vbmi,avx512-vbmi,x86_64,linux,0
1,commit-5-correction-amd-9950x3d,run-1,0,base64-0.23.0,decode,standard,unpadded,1024,1366,4096,1017055,3932.923981,external,avx512-vbmi,avx512-vbmi,x86_64,linux,0
1,commit-5-correction-amd-9950x3d,run-1,1,base64-0.23.0,decode,standard,unpadded,1024,1366,4096,1020141,3921.026603,external,avx512-vbmi,avx512-vbmi,x86_64,linux,0
1,commit-5-correction-amd-9950x3d,run-1,2,base64-0.23.0,decode,standard,unpadded,1024,1366,4096,1022765,3910.966840,external,avx512-vbmi,avx512-vbmi,x86_64,linux,0
1,commit-5-correction-amd-9950x3d,run-1,3,base64-0.23.0,decode,standard,unpadded,1024,1366,4096,1022585,3911.655266,external,avx512-vbmi,avx512-vbmi,x86_64,linux,0
1,commit-5-correction-amd-9950x3d,run-1,4,base64-0.23.0,decode,standard,unpadded,1024,1366,4096,1023226,3909.204809,external,avx512-vbmi,avx512-vbmi,x86_64,linux,0
1,commit-5-correction-amd-9950x3d,run-1,0,base64ct-1.8.3,encode,standard,unpadded,1024,1366,4096,1389856,2877.995994,external,avx512-vbmi,avx512-vbmi,x86_64,linux,0
1,commit-5-correction-amd-9950x3d,run-1,1,base64ct-1.8.3,encode,standard,unpadded,1024,1366,4096,1376461,2906.003149,external,avx512-vbmi,avx512-vbmi,x86_64,linux,0
1,commit-5-correction-amd-9950x3d,run-1,2,base64ct-1.8.3,encode,standard,unpadded,1024,1366,4096,1370219,2919.241377,external,avx512-vbmi,avx512-vbmi,x86_64,linux,0
1,commit-5-correction-amd-9950x3d,run-1,3,base64ct-1.8.3,encode,standard,unpadded,1024,1366,4096,1350903,2960.982395,external,avx512-vbmi,avx512-vbmi,x86_64,linux,0
1,commit-5-correction-amd-9950x3d,run-1,4,base64ct-1.8.3,encode,standard,unpadded,1024,1366,4096,1355982,2949.891665,external,avx512-vbmi,avx512-vbmi,x86_64,linux,0
1,commit-5-correction-amd-9950x3d,run-1,0,base64ct-1.8.3,decode,standard,unpadded,1024,1366,4096,4630436,863.849538,external,avx512-vbmi,avx512-vbmi,x86_64,linux,0
1,commit-5-correction-amd-9950x3d,run-1,1,base64ct-1.8.3,decode,standard,unpadded,1024,1366,4096,4651095,860.012535,external,avx512-vbmi,avx512-vbmi,x86_64,linux,0
1,commit-5-correction-amd-9950x3d,run-1,2,base64ct-1.8.3,decode,standard,unpadded,1024,1366,4096,4649192,860.364554,external,avx512-vbmi,avx512-vbmi,x86_64,linux,0
1,commit-5-correction-amd-9950x3d,run-1,3,base64ct-1.8.3,decode,standard,unpadded,1024,1366,4096,4651015,860.027327,external,avx512-vbmi,avx512-vbmi,x86_64,linux,0
1,commit-5-correction-amd-9950x3d,run-1,4,base64ct-1.8.3,decode,standard,unpadded,1024,1366,4096,4653800,859.512656,external,avx512-vbmi,avx512-vbmi,x86_64,linux,0
1,commit-5-correction-amd-9950x3d,run-1,0,base64-ng,encode,standard,unpadded,65536,87382,64,3513474,1138.474342,auto,avx512-vbmi,avx512-vbmi,x86_64,linux,0
1,commit-5-correction-amd-9950x3d,run-1,1,base64-ng,encode,standard,unpadded,65536,87382,64,3516049,1137.640573,auto,avx512-vbmi,avx512-vbmi,x86_64,linux,0
1,commit-5-correction-amd-9950x3d,run-1,2,base64-ng,encode,standard,unpadded,65536,87382,64,3518363,1136.892356,auto,avx512-vbmi,avx512-vbmi,x86_64,linux,0
1,commit-5-correction-amd-9950x3d,run-1,3,base64-ng,encode,standard,unpadded,65536,87382,64,3502494,1142.043355,auto,avx512-vbmi,avx512-vbmi,x86_64,linux,0
1,commit-5-correction-amd-9950x3d,run-1,4,base64-ng,encode,standard,unpadded,65536,87382,64,3507543,1140.399419,auto,avx512-vbmi,avx512-vbmi,x86_64,linux,0
1,commit-5-correction-amd-9950x3d,run-1,0,base64-ng,decode,standard,unpadded,65536,87382,64,26637355,150.165060,auto,avx512-vbmi,avx512-vbmi,x86_64,linux,0
1,commit-5-correction-amd-9950x3d,run-1,1,base64-ng,decode,standard,unpadded,65536,87382,64,26642935,150.133610,auto,avx512-vbmi,avx512-vbmi,x86_64,linux,0
1,commit-5-correction-amd-9950x3d,run-1,2,base64-ng,decode,standard,unpadded,65536,87382,64,26712507,149.742591,auto,avx512-vbmi,avx512-vbmi,x86_64,linux,0
1,commit-5-correction-amd-9950x3d,run-1,3,base64-ng,decode,standard,unpadded,65536,87382,64,26768962,149.426788,auto,avx512-vbmi,avx512-vbmi,x86_64,linux,0
1,commit-5-correction-amd-9950x3d,run-1,4,base64-ng,decode,standard,unpadded,65536,87382,64,27438483,145.780654,auto,avx512-vbmi,avx512-vbmi,x86_64,linux,0
1,commit-5-correction-amd-9950x3d,run-1,0,base64-ng,encode,standard,unpadded,65536,87382,64,1872475,2136.210096,scalar,avx512-vbmi,avx512-vbmi,x86_64,linux,0
1,commit-5-correction-amd-9950x3d,run-1,1,base64-ng,encode,standard,unpadded,65536,87382,64,1875471,2132.797575,scalar,avx512-vbmi,avx512-vbmi,x86_64,linux,0
1,commit-5-correction-amd-9950x3d,run-1,2,base64-ng,encode,standard,unpadded,65536,87382,64,1879659,2128.045566,scalar,avx512-vbmi,avx512-vbmi,x86_64,linux,0
1,commit-5-correction-amd-9950x3d,run-1,3,base64-ng,encode,standard,unpadded,65536,87382,64,1875290,2133.003429,scalar,avx512-vbmi,avx512-vbmi,x86_64,linux,0
1,commit-5-correction-amd-9950x3d,run-1,4,base64-ng,encode,standard,unpadded,65536,87382,64,1844763,2168.300210,scalar,avx512-vbmi,avx512-vbmi,x86_64,linux,0
1,commit-5-correction-amd-9950x3d,run-1,0,base64-ng,decode,standard,unpadded,65536,87382,64,14112086,283.444985,scalar,avx512-vbmi,avx512-vbmi,x86_64,linux,0
1,commit-5-correction-amd-9950x3d,run-1,1,base64-ng,decode,standard,unpadded,65536,87382,64,13799006,289.875952,scalar,avx512-vbmi,avx512-vbmi,x86_64,linux,0
1,commit-5-correction-amd-9950x3d,run-1,2,base64-ng,decode,standard,unpadded,65536,87382,64,13808905,289.668153,scalar,avx512-vbmi,avx512-vbmi,x86_64,linux,0
1,commit-5-correction-amd-9950x3d,run-1,3,base64-ng,decode,standard,unpadded,65536,87382,64,13799217,289.871520,scalar,avx512-vbmi,avx512-vbmi,x86_64,linux,0
1,commit-5-correction-amd-9950x3d,run-1,4,base64-ng,decode,standard,unpadded,65536,87382,64,13822190,289.389742,scalar,avx512-vbmi,avx512-vbmi,x86_64,linux,0
1,commit-5-correction-amd-9950x3d,run-1,0,base64-ng,encode,standard,unpadded,65536,87382,64,11984221,333.772216,ssse3-sse4.1,avx512-vbmi,avx512-vbmi,x86_64,linux,0
1,commit-5-correction-amd-9950x3d,run-1,1,base64-ng,encode,standard,unpadded,65536,87382,64,11895693,336.256156,ssse3-sse4.1,avx512-vbmi,avx512-vbmi,x86_64,linux,0
1,commit-5-correction-amd-9950x3d,run-1,2,base64-ng,encode,standard,unpadded,65536,87382,64,11939917,335.010704,ssse3-sse4.1,avx512-vbmi,avx512-vbmi,x86_64,linux,0
1,commit-5-correction-amd-9950x3d,run-1,3,base64-ng,encode,standard,unpadded,65536,87382,64,11940398,334.997209,ssse3-sse4.1,avx512-vbmi,avx512-vbmi,x86_64,linux,0
1,commit-5-correction-amd-9950x3d,run-1,4,base64-ng,encode,standard,unpadded,65536,87382,64,12136537,329.583307,ssse3-sse4.1,avx512-vbmi,avx512-vbmi,x86_64,linux,0
1,commit-5-correction-amd-9950x3d,run-1,0,base64-ng,decode,standard,unpadded,65536,87382,64,50455723,79.277429,ssse3-sse4.1,avx512-vbmi,avx512-vbmi,x86_64,linux,0
1,commit-5-correction-amd-9950x3d,run-1,1,base64-ng,decode,standard,unpadded,65536,87382,64,50038467,79.938500,ssse3-sse4.1,avx512-vbmi,avx512-vbmi,x86_64,linux,0
1,commit-5-correction-amd-9950x3d,run-1,2,base64-ng,decode,standard,unpadded,65536,87382,64,51522902,77.635379,ssse3-sse4.1,avx512-vbmi,avx512-vbmi,x86_64,linux,0
1,commit-5-correction-amd-9950x3d,run-1,3,base64-ng,decode,standard,unpadded,65536,87382,64,50654517,78.966304,ssse3-sse4.1,avx512-vbmi,avx512-vbmi,x86_64,linux,0
1,commit-5-correction-amd-9950x3d,run-1,4,base64-ng,decode,standard,unpadded,65536,87382,64,50322442,79.487398,ssse3-sse4.1,avx512-vbmi,avx512-vbmi,x86_64,linux,0
1,commit-5-correction-amd-9950x3d,run-1,0,base64-ng,encode,standard,unpadded,65536,87382,64,6388506,626.124480,avx2,avx512-vbmi,avx512-vbmi,x86_64,linux,0
1,commit-5-correction-amd-9950x3d,run-1,1,base64-ng,encode,standard,unpadded,65536,87382,64,6406200,624.395117,avx2,avx512-vbmi,avx512-vbmi,x86_64,linux,0
1,commit-5-correction-amd-9950x3d,run-1,2,base64-ng,encode,standard,unpadded,65536,87382,64,6390410,625.937929,avx2,avx512-vbmi,avx512-vbmi,x86_64,linux,0
1,commit-5-correction-amd-9950x3d,run-1,3,base64-ng,encode,standard,unpadded,65536,87382,64,6377255,627.229113,avx2,avx512-vbmi,avx512-vbmi,x86_64,linux,0
1,commit-5-correction-amd-9950x3d,run-1,4,base64-ng,encode,standard,unpadded,65536,87382,64,6380842,626.876516,avx2,avx512-vbmi,avx512-vbmi,x86_64,linux,0
1,commit-5-correction-amd-9950x3d,run-1,0,base64-ng,decode,standard,unpadded,65536,87382,64,35205785,113.617691,avx2,avx512-vbmi,avx512-vbmi,x86_64,linux,0
1,commit-5-correction-amd-9950x3d,run-1,1,base64-ng,decode,standard,unpadded,65536,87382,64,35326412,113.229727,avx2,avx512-vbmi,avx512-vbmi,x86_64,linux,0
1,commit-5-correction-amd-9950x3d,run-1,2,base64-ng,decode,standard,unpadded,65536,87382,64,34737854,115.148161,avx2,avx512-vbmi,avx512-vbmi,x86_64,linux,0
1,commit-5-correction-amd-9950x3d,run-1,3,base64-ng,decode,standard,unpadded,65536,87382,64,34621265,115.535929,avx2,avx512-vbmi,avx512-vbmi,x86_64,linux,0
1,commit-5-correction-amd-9950x3d,run-1,4,base64-ng,decode,standard,unpadded,65536,87382,64,34564498,115.725679,avx2,avx512-vbmi,avx512-vbmi,x86_64,linux,0
1,commit-5-correction-amd-9950x3d,run-1,0,base64-ng,encode,standard,unpadded,65536,87382,64,3511721,1139.042652,avx512-vbmi,avx512-vbmi,avx512-vbmi,x86_64,linux,0
1,commit-5-correction-amd-9950x3d,run-1,1,base64-ng,encode,standard,unpadded,65536,87382,64,3499007,1143.181480,avx512-vbmi,avx512-vbmi,avx512-vbmi,x86_64,linux,0
1,commit-5-correction-amd-9950x3d,run-1,2,base64-ng,encode,standard,unpadded,65536,87382,64,3487695,1146.889278,avx512-vbmi,avx512-vbmi,avx512-vbmi,x86_64,linux,0
1,commit-5-correction-amd-9950x3d,run-1,3,base64-ng,encode,standard,unpadded,65536,87382,64,3486173,1147.389989,avx512-vbmi,avx512-vbmi,avx512-vbmi,x86_64,linux,0
1,commit-5-correction-amd-9950x3d,run-1,4,base64-ng,encode,standard,unpadded,65536,87382,64,3515558,1137.799462,avx512-vbmi,avx512-vbmi,avx512-vbmi,x86_64,linux,0
1,commit-5-correction-amd-9950x3d,run-1,0,base64-ng,decode,standard,unpadded,65536,87382,64,29942587,133.588991,avx512-vbmi,avx512-vbmi,avx512-vbmi,x86_64,linux,0
1,commit-5-correction-amd-9950x3d,run-1,1,base64-ng,decode,standard,unpadded,65536,87382,64,27557607,145.150484,avx512-vbmi,avx512-vbmi,avx512-vbmi,x86_64,linux,0
1,commit-5-correction-amd-9950x3d,run-1,2,base64-ng,decode,standard,unpadded,65536,87382,64,26571351,150.538074,avx512-vbmi,avx512-vbmi,avx512-vbmi,x86_64,linux,0
1,commit-5-correction-amd-9950x3d,run-1,3,base64-ng,decode,standard,unpadded,65536,87382,64,26436097,151.308266,avx512-vbmi,avx512-vbmi,avx512-vbmi,x86_64,linux,0
1,commit-5-correction-amd-9950x3d,run-1,4,base64-ng,decode,standard,unpadded,65536,87382,64,26545592,150.684151,avx512-vbmi,avx512-vbmi,avx512-vbmi,x86_64,linux,0
1,commit-5-correction-amd-9950x3d,run-1,0,base64-0.23.0,encode,standard,unpadded,65536,87382,64,802871,4982.120415,external,avx512-vbmi,avx512-vbmi,x86_64,linux,0
1,commit-5-correction-amd-9950x3d,run-1,1,base64-0.23.0,encode,standard,unpadded,65536,87382,64,790188,5062.086491,external,avx512-vbmi,avx512-vbmi,x86_64,linux,0
1,commit-5-correction-amd-9950x3d,run-1,2,base64-0.23.0,encode,standard,unpadded,65536,87382,64,794065,5037.370996,external,avx512-vbmi,avx512-vbmi,x86_64,linux,0
1,commit-5-correction-amd-9950x3d,run-1,3,base64-0.23.0,encode,standard,unpadded,65536,87382,64,801609,4989.963935,external,avx512-vbmi,avx512-vbmi,x86_64,linux,0
1,commit-5-correction-amd-9950x3d,run-1,4,base64-0.23.0,encode,standard,unpadded,65536,87382,64,803963,4975.353343,external,avx512-vbmi,avx512-vbmi,x86_64,linux,0
1,commit-5-correction-amd-9950x3d,run-1,0,base64-0.23.0,decode,standard,unpadded,65536,87382,64,947173,4223.093353,external,avx512-vbmi,avx512-vbmi,x86_64,linux,0
1,commit-5-correction-amd-9950x3d,run-1,1,base64-0.23.0,decode,standard,unpadded,65536,87382,64,996075,4015.761865,external,avx512-vbmi,avx512-vbmi,x86_64,linux,0
1,commit-5-correction-amd-9950x3d,run-1,2,base64-0.23.0,decode,standard,unpadded,65536,87382,64,952413,4199.858675,external,avx512-vbmi,avx512-vbmi,x86_64,linux,0
1,commit-5-correction-amd-9950x3d,run-1,3,base64-0.23.0,decode,standard,unpadded,65536,87382,64,954106,4192.406294,external,avx512-vbmi,avx512-vbmi,x86_64,linux,0
1,commit-5-correction-amd-9950x3d,run-1,4,base64-0.23.0,decode,standard,unpadded,65536,87382,64,955028,4188.358875,external,avx512-vbmi,avx512-vbmi,x86_64,linux,0
1,commit-5-correction-amd-9950x3d,run-1,0,base64ct-1.8.3,encode,standard,unpadded,65536,87382,64,1350392,2962.102856,external,avx512-vbmi,avx512-vbmi,x86_64,linux,0
1,commit-5-correction-amd-9950x3d,run-1,1,base64ct-1.8.3,encode,standard,unpadded,65536,87382,64,1325165,3018.492037,external,avx512-vbmi,avx512-vbmi,x86_64,linux,0
1,commit-5-correction-amd-9950x3d,run-1,2,base64ct-1.8.3,encode,standard,unpadded,65536,87382,64,1334202,2998.046773,external,avx512-vbmi,avx512-vbmi,x86_64,linux,0
1,commit-5-correction-amd-9950x3d,run-1,3,base64ct-1.8.3,encode,standard,unpadded,65536,87382,64,1345022,2973.929051,external,avx512-vbmi,avx512-vbmi,x86_64,linux,0
1,commit-5-correction-amd-9950x3d,run-1,4,base64ct-1.8.3,encode,standard,unpadded,65536,87382,64,1336726,2992.385874,external,avx512-vbmi,avx512-vbmi,x86_64,linux,0
1,commit-5-correction-amd-9950x3d,run-1,0,base64ct-1.8.3,decode,standard,unpadded,65536,87382,64,4612844,867.144001,external,avx512-vbmi,avx512-vbmi,x86_64,linux,0
1,commit-5-correction-amd-9950x3d,run-1,1,base64ct-1.8.3,decode,standard,unpadded,65536,87382,64,4559905,877.211258,external,avx512-vbmi,avx512-vbmi,x86_64,linux,0
1,commit-5-correction-amd-9950x3d,run-1,2,base64ct-1.8.3,decode,standard,unpadded,65536,87382,64,4556688,877.830565,external,avx512-vbmi,avx512-vbmi,x86_64,linux,0
1,commit-5-correction-amd-9950x3d,run-1,3,base64ct-1.8.3,decode,standard,unpadded,65536,87382,64,4589199,871.611800,external,avx512-vbmi,avx512-vbmi,x86_64,linux,0
1,commit-5-correction-amd-9950x3d,run-1,4,base64ct-1.8.3,decode,standard,unpadded,65536,87382,64,4663800,857.669711,external,avx512-vbmi,avx512-vbmi,x86_64,linux,0
1,commit-5-correction-amd-9950x3d,run-1,0,base64-ng,encode,url-safe,padded,1,4,4194304,35882329,111.475484,auto,avx512-vbmi,avx512-vbmi,x86_64,linux,0
1,commit-5-correction-amd-9950x3d,run-1,1,base64-ng,encode,url-safe,padded,1,4,4194304,35812346,111.693325,auto,avx512-vbmi,avx512-vbmi,x86_64,linux,0
1,commit-5-correction-amd-9950x3d,run-1,2,base64-ng,encode,url-safe,padded,1,4,4194304,36467981,109.685261,auto,avx512-vbmi,avx512-vbmi,x86_64,linux,0
1,commit-5-correction-amd-9950x3d,run-1,3,base64-ng,encode,url-safe,padded,1,4,4194304,37077709,107.881531,auto,avx512-vbmi,avx512-vbmi,x86_64,linux,0
1,commit-5-correction-amd-9950x3d,run-1,4,base64-ng,encode,url-safe,padded,1,4,4194304,36267634,110.291176,auto,avx512-vbmi,avx512-vbmi,x86_64,linux,0
1,commit-5-correction-amd-9950x3d,run-1,0,base64-ng,decode,url-safe,padded,1,4,4194304,62658505,63.838101,auto,avx512-vbmi,avx512-vbmi,x86_64,linux,0
1,commit-5-correction-amd-9950x3d,run-1,1,base64-ng,decode,url-safe,padded,1,4,4194304,63615867,62.877395,auto,avx512-vbmi,avx512-vbmi,x86_64,linux,0
1,commit-5-correction-amd-9950x3d,run-1,2,base64-ng,decode,url-safe,padded,1,4,4194304,62309107,64.196073,auto,avx512-vbmi,avx512-vbmi,x86_64,linux,0
1,commit-5-correction-amd-9950x3d,run-1,3,base64-ng,decode,url-safe,padded,1,4,4194304,62053056,64.460967,auto,avx512-vbmi,avx512-vbmi,x86_64,linux,0
1,commit-5-correction-amd-9950x3d,run-1,4,base64-ng,decode,url-safe,padded,1,4,4194304,62357398,64.146358,auto,avx512-vbmi,avx512-vbmi,x86_64,linux,0
1,commit-5-correction-amd-9950x3d,run-1,0,base64-ng,encode,url-safe,padded,1,4,4194304,27463390,145.648443,scalar,avx512-vbmi,avx512-vbmi,x86_64,linux,0
1,commit-5-correction-amd-9950x3d,run-1,1,base64-ng,encode,url-safe,padded,1,4,4194304,27546706,145.207924,scalar,avx512-vbmi,avx512-vbmi,x86_64,linux,0
1,commit-5-correction-amd-9950x3d,run-1,2,base64-ng,encode,url-safe,padded,1,4,4194304,27296185,146.540625,scalar,avx512-vbmi,avx512-vbmi,x86_64,linux,0
1,commit-5-correction-amd-9950x3d,run-1,3,base64-ng,encode,url-safe,padded,1,4,4194304,27545645,145.213517,scalar,avx512-vbmi,avx512-vbmi,x86_64,linux,0
1,commit-5-correction-amd-9950x3d,run-1,4,base64-ng,encode,url-safe,padded,1,4,4194304,27322985,146.396889,scalar,avx512-vbmi,avx512-vbmi,x86_64,linux,0
1,commit-5-correction-amd-9950x3d,run-1,0,base64-ng,decode,url-safe,padded,1,4,4194304,40473471,98.830170,scalar,avx512-vbmi,avx512-vbmi,x86_64,linux,0
1,commit-5-correction-amd-9950x3d,run-1,1,base64-ng,decode,url-safe,padded,1,4,4194304,40611000,98.495482,scalar,avx512-vbmi,avx512-vbmi,x86_64,linux,0
1,commit-5-correction-amd-9950x3d,run-1,2,base64-ng,decode,url-safe,padded,1,4,4194304,40281129,99.302083,scalar,avx512-vbmi,avx512-vbmi,x86_64,linux,0
1,commit-5-correction-amd-9950x3d,run-1,3,base64-ng,decode,url-safe,padded,1,4,4194304,40443836,98.902587,scalar,avx512-vbmi,avx512-vbmi,x86_64,linux,0
1,commit-5-correction-amd-9950x3d,run-1,4,base64-ng,decode,url-safe,padded,1,4,4194304,43889783,91.137384,scalar,avx512-vbmi,avx512-vbmi,x86_64,linux,0
1,commit-5-correction-amd-9950x3d,run-1,0,base64-ng,encode,url-safe,padded,1,4,4194304,35803631,111.720512,ssse3-sse4.1,avx512-vbmi,avx512-vbmi,x86_64,linux,0
1,commit-5-correction-amd-9950x3d,run-1,1,base64-ng,encode,url-safe,padded,1,4,4194304,35925449,111.341684,ssse3-sse4.1,avx512-vbmi,avx512-vbmi,x86_64,linux,0
1,commit-5-correction-amd-9950x3d,run-1,2,base64-ng,encode,url-safe,padded,1,4,4194304,35772211,111.818640,ssse3-sse4.1,avx512-vbmi,avx512-vbmi,x86_64,linux,0
1,commit-5-correction-amd-9950x3d,run-1,3,base64-ng,encode,url-safe,padded,1,4,4194304,35782460,111.786613,ssse3-sse4.1,avx512-vbmi,avx512-vbmi,x86_64,linux,0
1,commit-5-correction-amd-9950x3d,run-1,4,base64-ng,encode,url-safe,padded,1,4,4194304,35787610,111.770526,ssse3-sse4.1,avx512-vbmi,avx512-vbmi,x86_64,linux,0
1,commit-5-correction-amd-9950x3d,run-1,0,base64-ng,decode,url-safe,padded,1,4,4194304,50692359,78.907356,ssse3-sse4.1,avx512-vbmi,avx512-vbmi,x86_64,linux,0
1,commit-5-correction-amd-9950x3d,run-1,1,base64-ng,decode,url-safe,padded,1,4,4194304,50991432,78.444551,ssse3-sse4.1,avx512-vbmi,avx512-vbmi,x86_64,linux,0
1,commit-5-correction-amd-9950x3d,run-1,2,base64-ng,decode,url-safe,padded,1,4,4194304,51805043,77.212560,ssse3-sse4.1,avx512-vbmi,avx512-vbmi,x86_64,linux,0
1,commit-5-correction-amd-9950x3d,run-1,3,base64-ng,decode,url-safe,padded,1,4,4194304,51496642,77.674968,ssse3-sse4.1,avx512-vbmi,avx512-vbmi,x86_64,linux,0
1,commit-5-correction-amd-9950x3d,run-1,4,base64-ng,decode,url-safe,padded,1,4,4194304,50766589,78.791979,ssse3-sse4.1,avx512-vbmi,avx512-vbmi,x86_64,linux,0
1,commit-5-correction-amd-9950x3d,run-1,0,base64-ng,encode,url-safe,padded,1,4,4194304,39483558,101.307993,avx2,avx512-vbmi,avx512-vbmi,x86_64,linux,0
1,commit-5-correction-amd-9950x3d,run-1,1,base64-ng,encode,url-safe,padded,1,4,4194304,38878469,102.884710,avx2,avx512-vbmi,avx512-vbmi,x86_64,linux,0
1,commit-5-correction-amd-9950x3d,run-1,2,base64-ng,encode,url-safe,padded,1,4,4194304,38253523,104.565532,avx2,avx512-vbmi,avx512-vbmi,x86_64,linux,0
1,commit-5-correction-amd-9950x3d,run-1,3,base64-ng,encode,url-safe,padded,1,4,4194304,38547315,103.768576,avx2,avx512-vbmi,avx512-vbmi,x86_64,linux,0
1,commit-5-correction-amd-9950x3d,run-1,4,base64-ng,encode,url-safe,padded,1,4,4194304,37398643,106.955752,avx2,avx512-vbmi,avx512-vbmi,x86_64,linux,0
1,commit-5-correction-amd-9950x3d,run-1,0,base64-ng,decode,url-safe,padded,1,4,4194304,54855465,72.918897,avx2,avx512-vbmi,avx512-vbmi,x86_64,linux,0
1,commit-5-correction-amd-9950x3d,run-1,1,base64-ng,decode,url-safe,padded,1,4,4194304,54857659,72.915981,avx2,avx512-vbmi,avx512-vbmi,x86_64,linux,0
1,commit-5-correction-amd-9950x3d,run-1,2,base64-ng,decode,url-safe,padded,1,4,4194304,55369353,72.242130,avx2,avx512-vbmi,avx512-vbmi,x86_64,linux,0
1,commit-5-correction-amd-9950x3d,run-1,3,base64-ng,decode,url-safe,padded,1,4,4194304,55022921,72.696977,avx2,avx512-vbmi,avx512-vbmi,x86_64,linux,0
1,commit-5-correction-amd-9950x3d,run-1,4,base64-ng,decode,url-safe,padded,1,4,4194304,54921901,72.830691,avx2,avx512-vbmi,avx512-vbmi,x86_64,linux,0
1,commit-5-correction-amd-9950x3d,run-1,0,base64-ng,encode,url-safe,padded,1,4,4194304,38582823,103.673078,avx512-vbmi,avx512-vbmi,avx512-vbmi,x86_64,linux,0
1,commit-5-correction-amd-9950x3d,run-1,1,base64-ng,encode,url-safe,padded,1,4,4194304,38763864,103.188887,avx512-vbmi,avx512-vbmi,avx512-vbmi,x86_64,linux,0
1,commit-5-correction-amd-9950x3d,run-1,2,base64-ng,encode,url-safe,padded,1,4,4194304,38561522,103.730345,avx512-vbmi,avx512-vbmi,avx512-vbmi,x86_64,linux,0
1,commit-5-correction-amd-9950x3d,run-1,3,base64-ng,encode,url-safe,padded,1,4,4194304,38429604,104.086423,avx512-vbmi,avx512-vbmi,avx512-vbmi,x86_64,linux,0
1,commit-5-correction-amd-9950x3d,run-1,4,base64-ng,encode,url-safe,padded,1,4,4194304,38499205,103.898249,avx512-vbmi,avx512-vbmi,avx512-vbmi,x86_64,linux,0
1,commit-5-correction-amd-9950x3d,run-1,0,base64-ng,decode,url-safe,padded,1,4,4194304,58507090,68.367782,avx512-vbmi,avx512-vbmi,avx512-vbmi,x86_64,linux,0
1,commit-5-correction-amd-9950x3d,run-1,1,base64-ng,decode,url-safe,padded,1,4,4194304,58828976,67.993704,avx512-vbmi,avx512-vbmi,avx512-vbmi,x86_64,linux,0
1,commit-5-correction-amd-9950x3d,run-1,2,base64-ng,decode,url-safe,padded,1,4,4194304,63644381,62.849225,avx512-vbmi,avx512-vbmi,avx512-vbmi,x86_64,linux,0
1,commit-5-correction-amd-9950x3d,run-1,3,base64-ng,decode,url-safe,padded,1,4,4194304,58313325,68.594957,avx512-vbmi,avx512-vbmi,avx512-vbmi,x86_64,linux,0
1,commit-5-correction-amd-9950x3d,run-1,4,base64-ng,decode,url-safe,padded,1,4,4194304,58524543,68.347394,avx512-vbmi,avx512-vbmi,avx512-vbmi,x86_64,linux,0
1,commit-5-correction-amd-9950x3d,run-1,0,base64-0.23.0,encode,url-safe,padded,1,4,4194304,27985673,142.930277,external,avx512-vbmi,avx512-vbmi,x86_64,linux,0
1,commit-5-correction-amd-9950x3d,run-1,1,base64-0.23.0,encode,url-safe,padded,1,4,4194304,28486296,140.418396,external,avx512-vbmi,avx512-vbmi,x86_64,linux,0
1,commit-5-correction-amd-9950x3d,run-1,2,base64-0.23.0,encode,url-safe,padded,1,4,4194304,27876688,143.489069,external,avx512-vbmi,avx512-vbmi,x86_64,linux,0
1,commit-5-correction-amd-9950x3d,run-1,3,base64-0.23.0,encode,url-safe,padded,1,4,4194304,28272133,141.482074,external,avx512-vbmi,avx512-vbmi,x86_64,linux,0
1,commit-5-correction-amd-9950x3d,run-1,4,base64-0.23.0,encode,url-safe,padded,1,4,4194304,27955226,143.085948,external,avx512-vbmi,avx512-vbmi,x86_64,linux,0
1,commit-5-correction-amd-9950x3d,run-1,0,base64-0.23.0,decode,url-safe,padded,1,4,4194304,53660045,74.543359,external,avx512-vbmi,avx512-vbmi,x86_64,linux,0
1,commit-5-correction-amd-9950x3d,run-1,1,base64-0.23.0,decode,url-safe,padded,1,4,4194304,53120520,75.300468,external,avx512-vbmi,avx512-vbmi,x86_64,linux,0
1,commit-5-correction-amd-9950x3d,run-1,2,base64-0.23.0,decode,url-safe,padded,1,4,4194304,52587006,76.064418,external,avx512-vbmi,avx512-vbmi,x86_64,linux,0
1,commit-5-correction-amd-9950x3d,run-1,3,base64-0.23.0,decode,url-safe,padded,1,4,4194304,52619647,76.017234,external,avx512-vbmi,avx512-vbmi,x86_64,linux,0
1,commit-5-correction-amd-9950x3d,run-1,4,base64-0.23.0,decode,url-safe,padded,1,4,4194304,52527323,76.150844,external,avx512-vbmi,avx512-vbmi,x86_64,linux,0
1,commit-5-correction-amd-9950x3d,run-1,0,base64ct-1.8.3,encode,url-safe,padded,1,4,4194304,33214226,120.430324,external,avx512-vbmi,avx512-vbmi,x86_64,linux,0
1,commit-5-correction-amd-9950x3d,run-1,1,base64ct-1.8.3,encode,url-safe,padded,1,4,4194304,33558985,119.193116,external,avx512-vbmi,avx512-vbmi,x86_64,linux,0
1,commit-5-correction-amd-9950x3d,run-1,2,base64ct-1.8.3,encode,url-safe,padded,1,4,4194304,33051890,121.021824,external,avx512-vbmi,avx512-vbmi,x86_64,linux,0
1,commit-5-correction-amd-9950x3d,run-1,3,base64ct-1.8.3,encode,url-safe,padded,1,4,4194304,33105591,120.825513,external,avx512-vbmi,avx512-vbmi,x86_64,linux,0
1,commit-5-correction-amd-9950x3d,run-1,4,base64ct-1.8.3,encode,url-safe,padded,1,4,4194304,33031011,121.098322,external,avx512-vbmi,avx512-vbmi,x86_64,linux,0
1,commit-5-correction-amd-9950x3d,run-1,0,base64ct-1.8.3,decode,url-safe,padded,1,4,4194304,106399287,37.594237,external,avx512-vbmi,avx512-vbmi,x86_64,linux,0
1,commit-5-correction-amd-9950x3d,run-1,1,base64ct-1.8.3,decode,url-safe,padded,1,4,4194304,107599727,37.174816,external,avx512-vbmi,avx512-vbmi,x86_64,linux,0
1,commit-5-correction-amd-9950x3d,run-1,2,base64ct-1.8.3,decode,url-safe,padded,1,4,4194304,108959597,36.710855,external,avx512-vbmi,avx512-vbmi,x86_64,linux,0
1,commit-5-correction-amd-9950x3d,run-1,3,base64ct-1.8.3,decode,url-safe,padded,1,4,4194304,105174040,38.032199,external,avx512-vbmi,avx512-vbmi,x86_64,linux,0
1,commit-5-correction-amd-9950x3d,run-1,4,base64ct-1.8.3,decode,url-safe,padded,1,4,4194304,106812305,37.448869,external,avx512-vbmi,avx512-vbmi,x86_64,linux,0
1,commit-5-correction-amd-9950x3d,run-1,0,base64-ng,encode,url-safe,padded,2,4,2097152,20903741,191.353308,auto,avx512-vbmi,avx512-vbmi,x86_64,linux,0
1,commit-5-correction-amd-9950x3d,run-1,1,base64-ng,encode,url-safe,padded,2,4,2097152,20827428,192.054439,auto,avx512-vbmi,avx512-vbmi,x86_64,linux,0
1,commit-5-correction-amd-9950x3d,run-1,2,base64-ng,encode,url-safe,padded,2,4,2097152,20874717,191.619364,auto,avx512-vbmi,avx512-vbmi,x86_64,linux,0
1,commit-5-correction-amd-9950x3d,run-1,3,base64-ng,encode,url-safe,padded,2,4,2097152,21407320,186.851974,auto,avx512-vbmi,avx512-vbmi,x86_64,linux,0
1,commit-5-correction-amd-9950x3d,run-1,4,base64-ng,encode,url-safe,padded,2,4,2097152,20843999,191.901756,auto,avx512-vbmi,avx512-vbmi,x86_64,linux,0
1,commit-5-correction-amd-9950x3d,run-1,0,base64-ng,decode,url-safe,padded,2,4,2097152,35142066,113.823701,auto,avx512-vbmi,avx512-vbmi,x86_64,linux,0
1,commit-5-correction-amd-9950x3d,run-1,1,base64-ng,decode,url-safe,padded,2,4,2097152,35600718,112.357284,auto,avx512-vbmi,avx512-vbmi,x86_64,linux,0
1,commit-5-correction-amd-9950x3d,run-1,2,base64-ng,decode,url-safe,padded,2,4,2097152,35581663,112.417455,auto,avx512-vbmi,avx512-vbmi,x86_64,linux,0
1,commit-5-correction-amd-9950x3d,run-1,3,base64-ng,decode,url-safe,padded,2,4,2097152,35123981,113.882307,auto,avx512-vbmi,avx512-vbmi,x86_64,linux,0
1,commit-5-correction-amd-9950x3d,run-1,4,base64-ng,decode,url-safe,padded,2,4,2097152,35201677,113.630950,auto,avx512-vbmi,avx512-vbmi,x86_64,linux,0
1,commit-5-correction-amd-9950x3d,run-1,0,base64-ng,encode,url-safe,padded,2,4,2097152,18427800,217.063350,scalar,avx512-vbmi,avx512-vbmi,x86_64,linux,0
1,commit-5-correction-amd-9950x3d,run-1,1,base64-ng,encode,url-safe,padded,2,4,2097152,18530584,215.859360,scalar,avx512-vbmi,avx512-vbmi,x86_64,linux,0
1,commit-5-correction-amd-9950x3d,run-1,2,base64-ng,encode,url-safe,padded,2,4,2097152,18439783,216.922292,scalar,avx512-vbmi,avx512-vbmi,x86_64,linux,0
1,commit-5-correction-amd-9950x3d,run-1,3,base64-ng,encode,url-safe,padded,2,4,2097152,18441316,216.904260,scalar,avx512-vbmi,avx512-vbmi,x86_64,linux,0
1,commit-5-correction-amd-9950x3d,run-1,4,base64-ng,encode,url-safe,padded,2,4,2097152,18399116,217.401749,scalar,avx512-vbmi,avx512-vbmi,x86_64,linux,0
1,commit-5-correction-amd-9950x3d,run-1,0,base64-ng,decode,url-safe,padded,2,4,2097152,24356461,164.227471,scalar,avx512-vbmi,avx512-vbmi,x86_64,linux,0
1,commit-5-correction-amd-9950x3d,run-1,1,base64-ng,decode,url-safe,padded,2,4,2097152,24549524,162.935949,scalar,avx512-vbmi,avx512-vbmi,x86_64,linux,0
1,commit-5-correction-amd-9950x3d,run-1,2,base64-ng,decode,url-safe,padded,2,4,2097152,25057140,159.635138,scalar,avx512-vbmi,avx512-vbmi,x86_64,linux,0
1,commit-5-correction-amd-9950x3d,run-1,3,base64-ng,decode,url-safe,padded,2,4,2097152,24939970,160.385117,scalar,avx512-vbmi,avx512-vbmi,x86_64,linux,0
1,commit-5-correction-amd-9950x3d,run-1,4,base64-ng,decode,url-safe,padded,2,4,2097152,24775290,161.451188,scalar,avx512-vbmi,avx512-vbmi,x86_64,linux,0
1,commit-5-correction-amd-9950x3d,run-1,0,base64-ng,encode,url-safe,padded,2,4,2097152,24281249,164.736172,ssse3-sse4.1,avx512-vbmi,avx512-vbmi,x86_64,linux,0
1,commit-5-correction-amd-9950x3d,run-1,1,base64-ng,encode,url-safe,padded,2,4,2097152,23693893,168.819873,ssse3-sse4.1,avx512-vbmi,avx512-vbmi,x86_64,linux,0
1,commit-5-correction-amd-9950x3d,run-1,2,base64-ng,encode,url-safe,padded,2,4,2097152,26795082,149.281126,ssse3-sse4.1,avx512-vbmi,avx512-vbmi,x86_64,linux,0
1,commit-5-correction-amd-9950x3d,run-1,3,base64-ng,encode,url-safe,padded,2,4,2097152,24408358,163.878291,ssse3-sse4.1,avx512-vbmi,avx512-vbmi,x86_64,linux,0
1,commit-5-correction-amd-9950x3d,run-1,4,base64-ng,encode,url-safe,padded,2,4,2097152,23682493,168.901137,ssse3-sse4.1,avx512-vbmi,avx512-vbmi,x86_64,linux,0
1,commit-5-correction-amd-9950x3d,run-1,0,base64-ng,decode,url-safe,padded,2,4,2097152,29455259,135.799179,ssse3-sse4.1,avx512-vbmi,avx512-vbmi,x86_64,linux,0
1,commit-5-correction-amd-9950x3d,run-1,1,base64-ng,decode,url-safe,padded,2,4,2097152,29660025,134.861653,ssse3-sse4.1,avx512-vbmi,avx512-vbmi,x86_64,linux,0
1,commit-5-correction-amd-9950x3d,run-1,2,base64-ng,decode,url-safe,padded,2,4,2097152,29641199,134.947308,ssse3-sse4.1,avx512-vbmi,avx512-vbmi,x86_64,linux,0
1,commit-5-correction-amd-9950x3d,run-1,3,base64-ng,decode,url-safe,padded,2,4,2097152,29696374,134.696579,ssse3-sse4.1,avx512-vbmi,avx512-vbmi,x86_64,linux,0
1,commit-5-correction-amd-9950x3d,run-1,4,base64-ng,decode,url-safe,padded,2,4,2097152,29639787,134.953736,ssse3-sse4.1,avx512-vbmi,avx512-vbmi,x86_64,linux,0
1,commit-5-correction-amd-9950x3d,run-1,0,base64-ng,encode,url-safe,padded,2,4,2097152,23540495,169.919961,avx2,avx512-vbmi,avx512-vbmi,x86_64,linux,0
1,commit-5-correction-amd-9950x3d,run-1,1,base64-ng,encode,url-safe,padded,2,4,2097152,24111220,165.897868,avx2,avx512-vbmi,avx512-vbmi,x86_64,linux,0
1,commit-5-correction-amd-9950x3d,run-1,2,base64-ng,encode,url-safe,padded,2,4,2097152,23859796,167.646027,avx2,avx512-vbmi,avx512-vbmi,x86_64,linux,0
1,commit-5-correction-amd-9950x3d,run-1,3,base64-ng,encode,url-safe,padded,2,4,2097152,25511485,156.792127,avx2,avx512-vbmi,avx512-vbmi,x86_64,linux,0
1,commit-5-correction-amd-9950x3d,run-1,4,base64-ng,encode,url-safe,padded,2,4,2097152,23438644,170.658337,avx2,avx512-vbmi,avx512-vbmi,x86_64,linux,0
1,commit-5-correction-amd-9950x3d,run-1,0,base64-ng,decode,url-safe,padded,2,4,2097152,31110546,128.573764,avx2,avx512-vbmi,avx512-vbmi,x86_64,linux,0
1,commit-5-correction-amd-9950x3d,run-1,1,base64-ng,decode,url-safe,padded,2,4,2097152,31181199,128.282431,avx2,avx512-vbmi,avx512-vbmi,x86_64,linux,0
1,commit-5-correction-amd-9950x3d,run-1,2,base64-ng,decode,url-safe,padded,2,4,2097152,31209893,128.164489,avx2,avx512-vbmi,avx512-vbmi,x86_64,linux,0
1,commit-5-correction-amd-9950x3d,run-1,3,base64-ng,decode,url-safe,padded,2,4,2097152,31151122,128.406290,avx2,avx512-vbmi,avx512-vbmi,x86_64,linux,0
1,commit-5-correction-amd-9950x3d,run-1,4,base64-ng,decode,url-safe,padded,2,4,2097152,31065882,128.758617,avx2,avx512-vbmi,avx512-vbmi,x86_64,linux,0
1,commit-5-correction-amd-9950x3d,run-1,0,base64-ng,encode,url-safe,padded,2,4,2097152,24341473,164.328593,avx512-vbmi,avx512-vbmi,avx512-vbmi,x86_64,linux,0
1,commit-5-correction-amd-9950x3d,run-1,1,base64-ng,encode,url-safe,padded,2,4,2097152,24388892,164.009091,avx512-vbmi,avx512-vbmi,avx512-vbmi,x86_64,linux,0
1,commit-5-correction-amd-9950x3d,run-1,2,base64-ng,encode,url-safe,padded,2,4,2097152,24670091,162.139653,avx512-vbmi,avx512-vbmi,avx512-vbmi,x86_64,linux,0
1,commit-5-correction-amd-9950x3d,run-1,3,base64-ng,encode,url-safe,padded,2,4,2097152,24720346,161.810033,avx512-vbmi,avx512-vbmi,avx512-vbmi,x86_64,linux,0
1,commit-5-correction-amd-9950x3d,run-1,4,base64-ng,encode,url-safe,padded,2,4,2097152,24371219,164.128023,avx512-vbmi,avx512-vbmi,avx512-vbmi,x86_64,linux,0
1,commit-5-correction-amd-9950x3d,run-1,0,base64-ng,decode,url-safe,padded,2,4,2097152,33479025,119.477792,avx512-vbmi,avx512-vbmi,avx512-vbmi,x86_64,linux,0
1,commit-5-correction-amd-9950x3d,run-1,1,base64-ng,decode,url-safe,padded,2,4,2097152,33407209,119.734636,avx512-vbmi,avx512-vbmi,avx512-vbmi,x86_64,linux,0
1,commit-5-correction-amd-9950x3d,run-1,2,base64-ng,decode,url-safe,padded,2,4,2097152,33480047,119.474145,avx512-vbmi,avx512-vbmi,avx512-vbmi,x86_64,linux,0
1,commit-5-correction-amd-9950x3d,run-1,3,base64-ng,decode,url-safe,padded,2,4,2097152,33331867,120.005279,avx512-vbmi,avx512-vbmi,avx512-vbmi,x86_64,linux,0
1,commit-5-correction-amd-9950x3d,run-1,4,base64-ng,decode,url-safe,padded,2,4,2097152,33859932,118.133728,avx512-vbmi,avx512-vbmi,avx512-vbmi,x86_64,linux,0
1,commit-5-correction-amd-9950x3d,run-1,0,base64-0.23.0,encode,url-safe,padded,2,4,2097152,14921590,268.067947,external,avx512-vbmi,avx512-vbmi,x86_64,linux,0
1,commit-5-correction-amd-9950x3d,run-1,1,base64-0.23.0,encode,url-safe,padded,2,4,2097152,16431422,243.436022,external,avx512-vbmi,avx512-vbmi,x86_64,linux,0
1,commit-5-correction-amd-9950x3d,run-1,2,base64-0.23.0,encode,url-safe,padded,2,4,2097152,14607669,273.828768,external,avx512-vbmi,avx512-vbmi,x86_64,linux,0
1,commit-5-correction-amd-9950x3d,run-1,3,base64-0.23.0,encode,url-safe,padded,2,4,2097152,15233817,262.573720,external,avx512-vbmi,avx512-vbmi,x86_64,linux,0
1,commit-5-correction-amd-9950x3d,run-1,4,base64-0.23.0,encode,url-safe,padded,2,4,2097152,14610604,273.773760,external,avx512-vbmi,avx512-vbmi,x86_64,linux,0
1,commit-5-correction-amd-9950x3d,run-1,0,base64-0.23.0,decode,url-safe,padded,2,4,2097152,26722295,149.687742,external,avx512-vbmi,avx512-vbmi,x86_64,linux,0
1,commit-5-correction-amd-9950x3d,run-1,1,base64-0.23.0,decode,url-safe,padded,2,4,2097152,26653646,150.073277,external,avx512-vbmi,avx512-vbmi,x86_64,linux,0
1,commit-5-correction-amd-9950x3d,run-1,2,base64-0.23.0,decode,url-safe,padded,2,4,2097152,28608035,139.820858,external,avx512-vbmi,avx512-vbmi,x86_64,linux,0
1,commit-5-correction-amd-9950x3d,run-1,3,base64-0.23.0,decode,url-safe,padded,2,4,2097152,28671744,139.510174,external,avx512-vbmi,avx512-vbmi,x86_64,linux,0
1,commit-5-correction-amd-9950x3d,run-1,4,base64-0.23.0,decode,url-safe,padded,2,4,2097152,26556473,150.622411,external,avx512-vbmi,avx512-vbmi,x86_64,linux,0
1,commit-5-correction-amd-9950x3d,run-1,0,base64ct-1.8.3,encode,url-safe,padded,2,4,2097152,17013177,235.111878,external,avx512-vbmi,avx512-vbmi,x86_64,linux,0
1,commit-5-correction-amd-9950x3d,run-1,1,base64ct-1.8.3,encode,url-safe,padded,2,4,2097152,16999431,235.301993,external,avx512-vbmi,avx512-vbmi,x86_64,linux,0
1,commit-5-correction-amd-9950x3d,run-1,2,base64ct-1.8.3,encode,url-safe,padded,2,4,2097152,16989393,235.441019,external,avx512-vbmi,avx512-vbmi,x86_64,linux,0
1,commit-5-correction-amd-9950x3d,run-1,3,base64ct-1.8.3,encode,url-safe,padded,2,4,2097152,17035449,234.804495,external,avx512-vbmi,avx512-vbmi,x86_64,linux,0
1,commit-5-correction-amd-9950x3d,run-1,4,base64ct-1.8.3,encode,url-safe,padded,2,4,2097152,17058333,234.489501,external,avx512-vbmi,avx512-vbmi,x86_64,linux,0
1,commit-5-correction-amd-9950x3d,run-1,0,base64ct-1.8.3,decode,url-safe,padded,2,4,2097152,56323289,71.018580,external,avx512-vbmi,avx512-vbmi,x86_64,linux,0
1,commit-5-correction-amd-9950x3d,run-1,1,base64ct-1.8.3,decode,url-safe,padded,2,4,2097152,56632281,70.631095,external,avx512-vbmi,avx512-vbmi,x86_64,linux,0
1,commit-5-correction-amd-9950x3d,run-1,2,base64ct-1.8.3,decode,url-safe,padded,2,4,2097152,57915596,69.066025,external,avx512-vbmi,avx512-vbmi,x86_64,linux,0
1,commit-5-correction-amd-9950x3d,run-1,3,base64ct-1.8.3,decode,url-safe,padded,2,4,2097152,56627151,70.637493,external,avx512-vbmi,avx512-vbmi,x86_64,linux,0
1,commit-5-correction-amd-9950x3d,run-1,4,base64ct-1.8.3,decode,url-safe,padded,2,4,2097152,56649694,70.609384,external,avx512-vbmi,avx512-vbmi,x86_64,linux,0
1,commit-5-correction-amd-9950x3d,run-1,0,base64-ng,encode,url-safe,padded,3,4,1398101,18771979,213.083503,auto,avx512-vbmi,avx512-vbmi,x86_64,linux,0
1,commit-5-correction-amd-9950x3d,run-1,1,base64-ng,encode,url-safe,padded,3,4,1398101,18765716,213.154619,auto,avx512-vbmi,avx512-vbmi,x86_64,linux,0
1,commit-5-correction-amd-9950x3d,run-1,2,base64-ng,encode,url-safe,padded,3,4,1398101,18773802,213.062812,auto,avx512-vbmi,avx512-vbmi,x86_64,linux,0
1,commit-5-correction-amd-9950x3d,run-1,3,base64-ng,encode,url-safe,padded,3,4,1398101,18801043,212.754103,auto,avx512-vbmi,avx512-vbmi,x86_64,linux,0
1,commit-5-correction-amd-9950x3d,run-1,4,base64-ng,encode,url-safe,padded,3,4,1398101,18818947,212.551693,auto,avx512-vbmi,avx512-vbmi,x86_64,linux,0
1,commit-5-correction-amd-9950x3d,run-1,0,base64-ng,decode,url-safe,padded,3,4,1398101,26436287,151.307143,auto,avx512-vbmi,avx512-vbmi,x86_64,linux,0
1,commit-5-correction-amd-9950x3d,run-1,1,base64-ng,decode,url-safe,padded,3,4,1398101,26414175,151.433806,auto,avx512-vbmi,avx512-vbmi,x86_64,linux,0
1,commit-5-correction-amd-9950x3d,run-1,2,base64-ng,decode,url-safe,padded,3,4,1398101,26889610,148.756306,auto,avx512-vbmi,avx512-vbmi,x86_64,linux,0
1,commit-5-correction-amd-9950x3d,run-1,3,base64-ng,decode,url-safe,padded,3,4,1398101,26489667,151.002240,auto,avx512-vbmi,avx512-vbmi,x86_64,linux,0
1,commit-5-correction-amd-9950x3d,run-1,4,base64-ng,decode,url-safe,padded,3,4,1398101,26374660,151.660687,auto,avx512-vbmi,avx512-vbmi,x86_64,linux,0
1,commit-5-correction-amd-9950x3d,run-1,0,base64-ng,encode,url-safe,padded,3,4,1398101,18387595,217.537913,scalar,avx512-vbmi,avx512-vbmi,x86_64,linux,0
1,commit-5-correction-amd-9950x3d,run-1,1,base64-ng,encode,url-safe,padded,3,4,1398101,18384078,217.579530,scalar,avx512-vbmi,avx512-vbmi,x86_64,linux,0
1,commit-5-correction-amd-9950x3d,run-1,2,base64-ng,encode,url-safe,padded,3,4,1398101,18433491,216.996284,scalar,avx512-vbmi,avx512-vbmi,x86_64,linux,0
1,commit-5-correction-amd-9950x3d,run-1,3,base64-ng,encode,url-safe,padded,3,4,1398101,18437930,216.944041,scalar,avx512-vbmi,avx512-vbmi,x86_64,linux,0
1,commit-5-correction-amd-9950x3d,run-1,4,base64-ng,encode,url-safe,padded,3,4,1398101,18345555,218.036415,scalar,avx512-vbmi,avx512-vbmi,x86_64,linux,0
1,commit-5-correction-amd-9950x3d,run-1,0,base64-ng,decode,url-safe,padded,3,4,1398101,18602699,215.022511,scalar,avx512-vbmi,avx512-vbmi,x86_64,linux,0
1,commit-5-correction-amd-9950x3d,run-1,1,base64-ng,decode,url-safe,padded,3,4,1398101,18625723,214.756713,scalar,avx512-vbmi,avx512-vbmi,x86_64,linux,0
1,commit-5-correction-amd-9950x3d,run-1,2,base64-ng,decode,url-safe,padded,3,4,1398101,18766048,213.150848,scalar,avx512-vbmi,avx512-vbmi,x86_64,linux,0
1,commit-5-correction-amd-9950x3d,run-1,3,base64-ng,decode,url-safe,padded,3,4,1398101,18899949,211.640732,scalar,avx512-vbmi,avx512-vbmi,x86_64,linux,0
1,commit-5-correction-amd-9950x3d,run-1,4,base64-ng,decode,url-safe,padded,3,4,1398101,18591449,215.152625,scalar,avx512-vbmi,avx512-vbmi,x86_64,linux,0
1,commit-5-correction-amd-9950x3d,run-1,0,base64-ng,encode,url-safe,padded,3,4,1398101,21549246,185.621300,ssse3-sse4.1,avx512-vbmi,avx512-vbmi,x86_64,linux,0
1,commit-5-correction-amd-9950x3d,run-1,1,base64-ng,encode,url-safe,padded,3,4,1398101,21829534,183.237949,ssse3-sse4.1,avx512-vbmi,avx512-vbmi,x86_64,linux,0
1,commit-5-correction-amd-9950x3d,run-1,2,base64-ng,encode,url-safe,padded,3,4,1398101,21559225,185.535382,ssse3-sse4.1,avx512-vbmi,avx512-vbmi,x86_64,linux,0
1,commit-5-correction-amd-9950x3d,run-1,3,base64-ng,encode,url-safe,padded,3,4,1398101,23253064,172.020300,ssse3-sse4.1,avx512-vbmi,avx512-vbmi,x86_64,linux,0
1,commit-5-correction-amd-9950x3d,run-1,4,base64-ng,encode,url-safe,padded,3,4,1398101,24326705,164.428312,ssse3-sse4.1,avx512-vbmi,avx512-vbmi,x86_64,linux,0
1,commit-5-correction-amd-9950x3d,run-1,0,base64-ng,decode,url-safe,padded,3,4,1398101,22631785,176.742535,ssse3-sse4.1,avx512-vbmi,avx512-vbmi,x86_64,linux,0
1,commit-5-correction-amd-9950x3d,run-1,1,base64-ng,decode,url-safe,padded,3,4,1398101,22588192,177.083631,ssse3-sse4.1,avx512-vbmi,avx512-vbmi,x86_64,linux,0
1,commit-5-correction-amd-9950x3d,run-1,2,base64-ng,decode,url-safe,padded,3,4,1398101,22403875,178.540500,ssse3-sse4.1,avx512-vbmi,avx512-vbmi,x86_64,linux,0
1,commit-5-correction-amd-9950x3d,run-1,3,base64-ng,decode,url-safe,padded,3,4,1398101,22422019,178.396024,ssse3-sse4.1,avx512-vbmi,avx512-vbmi,x86_64,linux,0
1,commit-5-correction-amd-9950x3d,run-1,4,base64-ng,decode,url-safe,padded,3,4,1398101,22501239,177.767946,ssse3-sse4.1,avx512-vbmi,avx512-vbmi,x86_64,linux,0
1,commit-5-correction-amd-9950x3d,run-1,0,base64-ng,encode,url-safe,padded,3,4,1398101,21822851,183.294064,avx2,avx512-vbmi,avx512-vbmi,x86_64,linux,0
1,commit-5-correction-amd-9950x3d,run-1,1,base64-ng,encode,url-safe,padded,3,4,1398101,21560628,185.523309,avx2,avx512-vbmi,avx512-vbmi,x86_64,linux,0
1,commit-5-correction-amd-9950x3d,run-1,2,base64-ng,encode,url-safe,padded,3,4,1398101,21539699,185.703572,avx2,avx512-vbmi,avx512-vbmi,x86_64,linux,0
1,commit-5-correction-amd-9950x3d,run-1,3,base64-ng,encode,url-safe,padded,3,4,1398101,21642082,184.825057,avx2,avx512-vbmi,avx512-vbmi,x86_64,linux,0
1,commit-5-correction-amd-9950x3d,run-1,4,base64-ng,encode,url-safe,padded,3,4,1398101,21527836,185.805905,avx2,avx512-vbmi,avx512-vbmi,x86_64,linux,0
1,commit-5-correction-amd-9950x3d,run-1,0,base64-ng,decode,url-safe,padded,3,4,1398101,23896725,167.386914,avx2,avx512-vbmi,avx512-vbmi,x86_64,linux,0
1,commit-5-correction-amd-9950x3d,run-1,1,base64-ng,decode,url-safe,padded,3,4,1398101,23995362,166.698841,avx2,avx512-vbmi,avx512-vbmi,x86_64,linux,0
1,commit-5-correction-amd-9950x3d,run-1,2,base64-ng,decode,url-safe,padded,3,4,1398101,23931892,167.140945,avx2,avx512-vbmi,avx512-vbmi,x86_64,linux,0
1,commit-5-correction-amd-9950x3d,run-1,3,base64-ng,decode,url-safe,padded,3,4,1398101,25080253,159.487986,avx2,avx512-vbmi,avx512-vbmi,x86_64,linux,0
1,commit-5-correction-amd-9950x3d,run-1,4,base64-ng,decode,url-safe,padded,3,4,1398101,23856119,167.671827,avx2,avx512-vbmi,avx512-vbmi,x86_64,linux,0
1,commit-5-correction-amd-9950x3d,run-1,0,base64-ng,encode,url-safe,padded,3,4,1398101,21636471,184.872988,avx512-vbmi,avx512-vbmi,avx512-vbmi,x86_64,linux,0
1,commit-5-correction-amd-9950x3d,run-1,1,base64-ng,encode,url-safe,padded,3,4,1398101,21821720,183.303564,avx512-vbmi,avx512-vbmi,avx512-vbmi,x86_64,linux,0
1,commit-5-correction-amd-9950x3d,run-1,2,base64-ng,encode,url-safe,padded,3,4,1398101,21863829,182.950527,avx512-vbmi,avx512-vbmi,avx512-vbmi,x86_64,linux,0
1,commit-5-correction-amd-9950x3d,run-1,3,base64-ng,encode,url-safe,padded,3,4,1398101,21786383,183.600878,avx512-vbmi,avx512-vbmi,avx512-vbmi,x86_64,linux,0
1,commit-5-correction-amd-9950x3d,run-1,4,base64-ng,encode,url-safe,padded,3,4,1398101,21725449,184.115829,avx512-vbmi,avx512-vbmi,avx512-vbmi,x86_64,linux,0
1,commit-5-correction-amd-9950x3d,run-1,0,base64-ng,decode,url-safe,padded,3,4,1398101,24954927,160.288950,avx512-vbmi,avx512-vbmi,avx512-vbmi,x86_64,linux,0
1,commit-5-correction-amd-9950x3d,run-1,1,base64-ng,decode,url-safe,padded,3,4,1398101,25127102,159.190624,avx512-vbmi,avx512-vbmi,avx512-vbmi,x86_64,linux,0
1,commit-5-correction-amd-9950x3d,run-1,2,base64-ng,decode,url-safe,padded,3,4,1398101,25301420,158.093856,avx512-vbmi,avx512-vbmi,avx512-vbmi,x86_64,linux,0
1,commit-5-correction-amd-9950x3d,run-1,3,base64-ng,decode,url-safe,padded,3,4,1398101,25756367,155.301369,avx512-vbmi,avx512-vbmi,avx512-vbmi,x86_64,linux,0
1,commit-5-correction-amd-9950x3d,run-1,4,base64-ng,decode,url-safe,padded,3,4,1398101,24774127,161.458729,avx512-vbmi,avx512-vbmi,avx512-vbmi,x86_64,linux,0
1,commit-5-correction-amd-9950x3d,run-1,0,base64-0.23.0,encode,url-safe,padded,3,4,1398101,9860302,405.666991,external,avx512-vbmi,avx512-vbmi,x86_64,linux,0
1,commit-5-correction-amd-9950x3d,run-1,1,base64-0.23.0,encode,url-safe,padded,3,4,1398101,10160858,393.667449,external,avx512-vbmi,avx512-vbmi,x86_64,linux,0
1,commit-5-correction-amd-9950x3d,run-1,2,base64-0.23.0,encode,url-safe,padded,3,4,1398101,9903854,403.883079,external,avx512-vbmi,avx512-vbmi,x86_64,linux,0
1,commit-5-correction-amd-9950x3d,run-1,3,base64-0.23.0,encode,url-safe,padded,3,4,1398101,9911789,403.559746,external,avx512-vbmi,avx512-vbmi,x86_64,linux,0
1,commit-5-correction-amd-9950x3d,run-1,4,base64-0.23.0,encode,url-safe,padded,3,4,1398101,9927719,402.912194,external,avx512-vbmi,avx512-vbmi,x86_64,linux,0
1,commit-5-correction-amd-9950x3d,run-1,0,base64-0.23.0,decode,url-safe,padded,3,4,1398101,18179694,220.025653,external,avx512-vbmi,avx512-vbmi,x86_64,linux,0
1,commit-5-correction-amd-9950x3d,run-1,1,base64-0.23.0,decode,url-safe,padded,3,4,1398101,18145319,220.442476,external,avx512-vbmi,avx512-vbmi,x86_64,linux,0
1,commit-5-correction-amd-9950x3d,run-1,2,base64-0.23.0,decode,url-safe,padded,3,4,1398101,18179373,220.029538,external,avx512-vbmi,avx512-vbmi,x86_64,linux,0
1,commit-5-correction-amd-9950x3d,run-1,3,base64-0.23.0,decode,url-safe,padded,3,4,1398101,18140961,220.495433,external,avx512-vbmi,avx512-vbmi,x86_64,linux,0
1,commit-5-correction-amd-9950x3d,run-1,4,base64-0.23.0,decode,url-safe,padded,3,4,1398101,18128297,220.649466,external,avx512-vbmi,avx512-vbmi,x86_64,linux,0
1,commit-5-correction-amd-9950x3d,run-1,0,base64ct-1.8.3,encode,url-safe,padded,3,4,1398101,7085619,564.523586,external,avx512-vbmi,avx512-vbmi,x86_64,linux,0
1,commit-5-correction-amd-9950x3d,run-1,1,base64ct-1.8.3,encode,url-safe,padded,3,4,1398101,7096159,563.685093,external,avx512-vbmi,avx512-vbmi,x86_64,linux,0
1,commit-5-correction-amd-9950x3d,run-1,2,base64ct-1.8.3,encode,url-safe,padded,3,4,1398101,7120444,561.762588,external,avx512-vbmi,avx512-vbmi,x86_64,linux,0
1,commit-5-correction-amd-9950x3d,run-1,3,base64ct-1.8.3,encode,url-safe,padded,3,4,1398101,7128259,561.146704,external,avx512-vbmi,avx512-vbmi,x86_64,linux,0
1,commit-5-correction-amd-9950x3d,run-1,4,base64ct-1.8.3,encode,url-safe,padded,3,4,1398101,7135533,560.574669,external,avx512-vbmi,avx512-vbmi,x86_64,linux,0
1,commit-5-correction-amd-9950x3d,run-1,0,base64ct-1.8.3,decode,url-safe,padded,3,4,1398101,23627379,169.295081,external,avx512-vbmi,avx512-vbmi,x86_64,linux,0
1,commit-5-correction-amd-9950x3d,run-1,1,base64ct-1.8.3,decode,url-safe,padded,3,4,1398101,23460875,170.496584,external,avx512-vbmi,avx512-vbmi,x86_64,linux,0
1,commit-5-correction-amd-9950x3d,run-1,2,base64ct-1.8.3,decode,url-safe,padded,3,4,1398101,23430498,170.717628,external,avx512-vbmi,avx512-vbmi,x86_64,linux,0
1,commit-5-correction-amd-9950x3d,run-1,3,base64ct-1.8.3,decode,url-safe,padded,3,4,1398101,23424817,170.759031,external,avx512-vbmi,avx512-vbmi,x86_64,linux,0
1,commit-5-correction-amd-9950x3d,run-1,4,base64ct-1.8.3,decode,url-safe,padded,3,4,1398101,23586582,169.587906,external,avx512-vbmi,avx512-vbmi,x86_64,linux,0
1,commit-5-correction-amd-9950x3d,run-1,0,base64-ng,encode,url-safe,padded,11,16,381300,13163210,303.876956,auto,avx512-vbmi,avx512-vbmi,x86_64,linux,0
1,commit-5-correction-amd-9950x3d,run-1,1,base64-ng,encode,url-safe,padded,11,16,381300,13108086,305.154863,auto,avx512-vbmi,avx512-vbmi,x86_64,linux,0
1,commit-5-correction-amd-9950x3d,run-1,2,base64-ng,encode,url-safe,padded,11,16,381300,13076657,305.888285,auto,avx512-vbmi,avx512-vbmi,x86_64,linux,0
1,commit-5-correction-amd-9950x3d,run-1,3,base64-ng,encode,url-safe,padded,11,16,381300,13068642,306.075886,auto,avx512-vbmi,avx512-vbmi,x86_64,linux,0
1,commit-5-correction-amd-9950x3d,run-1,4,base64-ng,encode,url-safe,padded,11,16,381300,13518870,295.882436,auto,avx512-vbmi,avx512-vbmi,x86_64,linux,0
1,commit-5-correction-amd-9950x3d,run-1,0,base64-ng,decode,url-safe,padded,11,16,381300,63499248,62.992812,auto,avx512-vbmi,avx512-vbmi,x86_64,linux,0
1,commit-5-correction-amd-9950x3d,run-1,1,base64-ng,decode,url-safe,padded,11,16,381300,63511110,62.981047,auto,avx512-vbmi,avx512-vbmi,x86_64,linux,0
1,commit-5-correction-amd-9950x3d,run-1,2,base64-ng,decode,url-safe,padded,11,16,381300,63236663,63.254384,auto,avx512-vbmi,avx512-vbmi,x86_64,linux,0
1,commit-5-correction-amd-9950x3d,run-1,3,base64-ng,decode,url-safe,padded,11,16,381300,64923208,61.611191,auto,avx512-vbmi,avx512-vbmi,x86_64,linux,0
1,commit-5-correction-amd-9950x3d,run-1,4,base64-ng,decode,url-safe,padded,11,16,381300,63134250,63.356992,auto,avx512-vbmi,avx512-vbmi,x86_64,linux,0
1,commit-5-correction-amd-9950x3d,run-1,0,base64-ng,encode,url-safe,padded,11,16,381300,12833980,311.672309,scalar,avx512-vbmi,avx512-vbmi,x86_64,linux,0
1,commit-5-correction-amd-9950x3d,run-1,1,base64-ng,encode,url-safe,padded,11,16,381300,12860480,311.030085,scalar,avx512-vbmi,avx512-vbmi,x86_64,linux,0
1,commit-5-correction-amd-9950x3d,run-1,2,base64-ng,encode,url-safe,padded,11,16,381300,12902418,310.019113,scalar,avx512-vbmi,avx512-vbmi,x86_64,linux,0
1,commit-5-correction-amd-9950x3d,run-1,3,base64-ng,encode,url-safe,padded,11,16,381300,12946882,308.954402,scalar,avx512-vbmi,avx512-vbmi,x86_64,linux,0
1,commit-5-correction-amd-9950x3d,run-1,4,base64-ng,encode,url-safe,padded,11,16,381300,12939108,309.140026,scalar,avx512-vbmi,avx512-vbmi,x86_64,linux,0
1,commit-5-correction-amd-9950x3d,run-1,0,base64-ng,decode,url-safe,padded,11,16,381300,15043940,265.887539,scalar,avx512-vbmi,avx512-vbmi,x86_64,linux,0
1,commit-5-correction-amd-9950x3d,run-1,1,base64-ng,decode,url-safe,padded,11,16,381300,15082182,265.213361,scalar,avx512-vbmi,avx512-vbmi,x86_64,linux,0
1,commit-5-correction-amd-9950x3d,run-1,2,base64-ng,decode,url-safe,padded,11,16,381300,15104925,264.814038,scalar,avx512-vbmi,avx512-vbmi,x86_64,linux,0
1,commit-5-correction-amd-9950x3d,run-1,3,base64-ng,decode,url-safe,padded,11,16,381300,15097862,264.937922,scalar,avx512-vbmi,avx512-vbmi,x86_64,linux,0
1,commit-5-correction-amd-9950x3d,run-1,4,base64-ng,decode,url-safe,padded,11,16,381300,15096088,264.969056,scalar,avx512-vbmi,avx512-vbmi,x86_64,linux,0
1,commit-5-correction-amd-9950x3d,run-1,0,base64-ng,encode,url-safe,padded,11,16,381300,13853078,288.744219,ssse3-sse4.1,avx512-vbmi,avx512-vbmi,x86_64,linux,0
1,commit-5-correction-amd-9950x3d,run-1,1,base64-ng,encode,url-safe,padded,11,16,381300,14038126,284.938046,ssse3-sse4.1,avx512-vbmi,avx512-vbmi,x86_64,linux,0
1,commit-5-correction-amd-9950x3d,run-1,2,base64-ng,encode,url-safe,padded,11,16,381300,14295672,279.804698,ssse3-sse4.1,avx512-vbmi,avx512-vbmi,x86_64,linux,0
1,commit-5-correction-amd-9950x3d,run-1,3,base64-ng,encode,url-safe,padded,11,16,381300,14372056,278.317604,ssse3-sse4.1,avx512-vbmi,avx512-vbmi,x86_64,linux,0
1,commit-5-correction-amd-9950x3d,run-1,4,base64-ng,encode,url-safe,padded,11,16,381300,14263972,280.426531,ssse3-sse4.1,avx512-vbmi,avx512-vbmi,x86_64,linux,0
1,commit-5-correction-amd-9950x3d,run-1,0,base64-ng,decode,url-safe,padded,11,16,381300,63067786,63.423761,ssse3-sse4.1,avx512-vbmi,avx512-vbmi,x86_64,linux,0
1,commit-5-correction-amd-9950x3d,run-1,1,base64-ng,decode,url-safe,padded,11,16,381300,62327822,64.176736,ssse3-sse4.1,avx512-vbmi,avx512-vbmi,x86_64,linux,0
1,commit-5-correction-amd-9950x3d,run-1,2,base64-ng,decode,url-safe,padded,11,16,381300,62851208,63.642312,ssse3-sse4.1,avx512-vbmi,avx512-vbmi,x86_64,linux,0
1,commit-5-correction-amd-9950x3d,run-1,3,base64-ng,decode,url-safe,padded,11,16,381300,62610164,63.887330,ssse3-sse4.1,avx512-vbmi,avx512-vbmi,x86_64,linux,0
1,commit-5-correction-amd-9950x3d,run-1,4,base64-ng,decode,url-safe,padded,11,16,381300,63385193,63.106161,ssse3-sse4.1,avx512-vbmi,avx512-vbmi,x86_64,linux,0
1,commit-5-correction-amd-9950x3d,run-1,0,base64-ng,encode,url-safe,padded,11,16,381300,13993372,285.849342,avx2,avx512-vbmi,avx512-vbmi,x86_64,linux,0
1,commit-5-correction-amd-9950x3d,run-1,1,base64-ng,encode,url-safe,padded,11,16,381300,13917359,287.410577,avx2,avx512-vbmi,avx512-vbmi,x86_64,linux,0
1,commit-5-correction-amd-9950x3d,run-1,2,base64-ng,encode,url-safe,padded,11,16,381300,13905377,287.658234,avx2,avx512-vbmi,avx512-vbmi,x86_64,linux,0
1,commit-5-correction-amd-9950x3d,run-1,3,base64-ng,encode,url-safe,padded,11,16,381300,13932428,287.099721,avx2,avx512-vbmi,avx512-vbmi,x86_64,linux,0
1,commit-5-correction-amd-9950x3d,run-1,4,base64-ng,encode,url-safe,padded,11,16,381300,13842339,288.968229,avx2,avx512-vbmi,avx512-vbmi,x86_64,linux,0
1,commit-5-correction-amd-9950x3d,run-1,0,base64-ng,decode,url-safe,padded,11,16,381300,63099185,63.392200,avx2,avx512-vbmi,avx512-vbmi,x86_64,linux,0
1,commit-5-correction-amd-9950x3d,run-1,1,base64-ng,decode,url-safe,padded,11,16,381300,63401423,63.090006,avx2,avx512-vbmi,avx512-vbmi,x86_64,linux,0
1,commit-5-correction-amd-9950x3d,run-1,2,base64-ng,decode,url-safe,padded,11,16,381300,63536127,62.956248,avx2,avx512-vbmi,avx512-vbmi,x86_64,linux,0
1,commit-5-correction-amd-9950x3d,run-1,3,base64-ng,decode,url-safe,padded,11,16,381300,64642830,61.878420,avx2,avx512-vbmi,avx512-vbmi,x86_64,linux,0
1,commit-5-correction-amd-9950x3d,run-1,4,base64-ng,decode,url-safe,padded,11,16,381300,65728454,60.856386,avx2,avx512-vbmi,avx512-vbmi,x86_64,linux,0
1,commit-5-correction-amd-9950x3d,run-1,0,base64-ng,encode,url-safe,padded,11,16,381300,14060880,284.476945,avx512-vbmi,avx512-vbmi,avx512-vbmi,x86_64,linux,0
1,commit-5-correction-amd-9950x3d,run-1,1,base64-ng,encode,url-safe,padded,11,16,381300,13925956,287.233148,avx512-vbmi,avx512-vbmi,avx512-vbmi,x86_64,linux,0
1,commit-5-correction-amd-9950x3d,run-1,2,base64-ng,encode,url-safe,padded,11,16,381300,13964428,286.441821,avx512-vbmi,avx512-vbmi,avx512-vbmi,x86_64,linux,0
1,commit-5-correction-amd-9950x3d,run-1,3,base64-ng,encode,url-safe,padded,11,16,381300,13959569,286.541525,avx512-vbmi,avx512-vbmi,avx512-vbmi,x86_64,linux,0
1,commit-5-correction-amd-9950x3d,run-1,4,base64-ng,encode,url-safe,padded,11,16,381300,14010555,285.498768,avx512-vbmi,avx512-vbmi,avx512-vbmi,x86_64,linux,0
1,commit-5-correction-amd-9950x3d,run-1,0,base64-ng,decode,url-safe,padded,11,16,381300,63938916,62.559650,avx512-vbmi,avx512-vbmi,avx512-vbmi,x86_64,linux,0
1,commit-5-correction-amd-9950x3d,run-1,1,base64-ng,decode,url-safe,padded,11,16,381300,66036895,60.572142,avx512-vbmi,avx512-vbmi,avx512-vbmi,x86_64,linux,0
1,commit-5-correction-amd-9950x3d,run-1,2,base64-ng,decode,url-safe,padded,11,16,381300,66058225,60.552584,avx512-vbmi,avx512-vbmi,avx512-vbmi,x86_64,linux,0
1,commit-5-correction-amd-9950x3d,run-1,3,base64-ng,decode,url-safe,padded,11,16,381300,63385173,63.106181,avx512-vbmi,avx512-vbmi,avx512-vbmi,x86_64,linux,0
1,commit-5-correction-amd-9950x3d,run-1,4,base64-ng,decode,url-safe,padded,11,16,381300,63079728,63.411754,avx512-vbmi,avx512-vbmi,avx512-vbmi,x86_64,linux,0
1,commit-5-correction-amd-9950x3d,run-1,0,base64-0.23.0,encode,url-safe,padded,11,16,381300,3899892,1025.668451,external,avx512-vbmi,avx512-vbmi,x86_64,linux,0
1,commit-5-correction-amd-9950x3d,run-1,1,base64-0.23.0,encode,url-safe,padded,11,16,381300,3991384,1002.157694,external,avx512-vbmi,avx512-vbmi,x86_64,linux,0
1,commit-5-correction-amd-9950x3d,run-1,2,base64-0.23.0,encode,url-safe,padded,11,16,381300,3991274,1002.185314,external,avx512-vbmi,avx512-vbmi,x86_64,linux,0
1,commit-5-correction-amd-9950x3d,run-1,3,base64-0.23.0,encode,url-safe,padded,11,16,381300,3989741,1002.570389,external,avx512-vbmi,avx512-vbmi,x86_64,linux,0
1,commit-5-correction-amd-9950x3d,run-1,4,base64-0.23.0,encode,url-safe,padded,11,16,381300,3994480,1001.380952,external,avx512-vbmi,avx512-vbmi,x86_64,linux,0
1,commit-5-correction-amd-9950x3d,run-1,0,base64-0.23.0,decode,url-safe,padded,11,16,381300,6026475,663.737290,external,avx512-vbmi,avx512-vbmi,x86_64,linux,0
1,commit-5-correction-amd-9950x3d,run-1,1,base64-0.23.0,decode,url-safe,padded,11,16,381300,6027958,663.573997,external,avx512-vbmi,avx512-vbmi,x86_64,linux,0
1,commit-5-correction-amd-9950x3d,run-1,2,base64-0.23.0,decode,url-safe,padded,11,16,381300,6001467,666.503071,external,avx512-vbmi,avx512-vbmi,x86_64,linux,0
1,commit-5-correction-amd-9950x3d,run-1,3,base64-0.23.0,decode,url-safe,padded,11,16,381300,5991079,667.658728,external,avx512-vbmi,avx512-vbmi,x86_64,linux,0
1,commit-5-correction-amd-9950x3d,run-1,4,base64-0.23.0,decode,url-safe,padded,11,16,381300,5990106,667.767179,external,avx512-vbmi,avx512-vbmi,x86_64,linux,0
1,commit-5-correction-amd-9950x3d,run-1,0,base64ct-1.8.3,encode,url-safe,padded,11,16,381300,4924280,812.300719,external,avx512-vbmi,avx512-vbmi,x86_64,linux,0
1,commit-5-correction-amd-9950x3d,run-1,1,base64ct-1.8.3,encode,url-safe,padded,11,16,381300,4983832,802.594507,external,avx512-vbmi,avx512-vbmi,x86_64,linux,0
1,commit-5-correction-amd-9950x3d,run-1,2,base64ct-1.8.3,encode,url-safe,padded,11,16,381300,4969295,804.942388,external,avx512-vbmi,avx512-vbmi,x86_64,linux,0
1,commit-5-correction-amd-9950x3d,run-1,3,base64ct-1.8.3,encode,url-safe,padded,11,16,381300,4990375,801.542206,external,avx512-vbmi,avx512-vbmi,x86_64,linux,0
1,commit-5-correction-amd-9950x3d,run-1,4,base64ct-1.8.3,encode,url-safe,padded,11,16,381300,4935652,810.429136,external,avx512-vbmi,avx512-vbmi,x86_64,linux,0
1,commit-5-correction-amd-9950x3d,run-1,0,base64ct-1.8.3,decode,url-safe,padded,11,16,381300,13814196,289.556930,external,avx512-vbmi,avx512-vbmi,x86_64,linux,0
1,commit-5-correction-amd-9950x3d,run-1,1,base64ct-1.8.3,decode,url-safe,padded,11,16,381300,13793867,289.983671,external,avx512-vbmi,avx512-vbmi,x86_64,linux,0
1,commit-5-correction-amd-9950x3d,run-1,2,base64ct-1.8.3,decode,url-safe,padded,11,16,381300,13780221,290.270830,external,avx512-vbmi,avx512-vbmi,x86_64,linux,0
1,commit-5-correction-amd-9950x3d,run-1,3,base64ct-1.8.3,decode,url-safe,padded,11,16,381300,13778789,290.300997,external,avx512-vbmi,avx512-vbmi,x86_64,linux,0
1,commit-5-correction-amd-9950x3d,run-1,4,base64ct-1.8.3,decode,url-safe,padded,11,16,381300,13778288,290.311553,external,avx512-vbmi,avx512-vbmi,x86_64,linux,0
1,commit-5-correction-amd-9950x3d,run-1,0,base64-ng,encode,url-safe,padded,12,16,349525,13187706,303.312508,auto,avx512-vbmi,avx512-vbmi,x86_64,linux,0
1,commit-5-correction-amd-9950x3d,run-1,1,base64-ng,encode,url-safe,padded,12,16,349525,13420485,298.051537,auto,avx512-vbmi,avx512-vbmi,x86_64,linux,0
1,commit-5-correction-amd-9950x3d,run-1,2,base64-ng,encode,url-safe,padded,12,16,349525,13240435,302.104590,auto,avx512-vbmi,avx512-vbmi,x86_64,linux,0
1,commit-5-correction-amd-9950x3d,run-1,3,base64-ng,encode,url-safe,padded,12,16,349525,13167228,303.784227,auto,avx512-vbmi,avx512-vbmi,x86_64,linux,0
1,commit-5-correction-amd-9950x3d,run-1,4,base64-ng,encode,url-safe,padded,12,16,349525,13185833,303.355593,auto,avx512-vbmi,avx512-vbmi,x86_64,linux,0
1,commit-5-correction-amd-9950x3d,run-1,0,base64-ng,decode,url-safe,padded,12,16,349525,58591609,68.269096,auto,avx512-vbmi,avx512-vbmi,x86_64,linux,0
1,commit-5-correction-amd-9950x3d,run-1,1,base64-ng,decode,url-safe,padded,12,16,349525,58853773,67.964992,auto,avx512-vbmi,avx512-vbmi,x86_64,linux,0
1,commit-5-correction-amd-9950x3d,run-1,2,base64-ng,decode,url-safe,padded,12,16,349525,57927659,69.051577,auto,avx512-vbmi,avx512-vbmi,x86_64,linux,0
1,commit-5-correction-amd-9950x3d,run-1,3,base64-ng,decode,url-safe,padded,12,16,349525,60571877,66.037184,auto,avx512-vbmi,avx512-vbmi,x86_64,linux,0
1,commit-5-correction-amd-9950x3d,run-1,4,base64-ng,decode,url-safe,padded,12,16,349525,57392060,69.695986,auto,avx512-vbmi,avx512-vbmi,x86_64,linux,0
1,commit-5-correction-amd-9950x3d,run-1,0,base64-ng,encode,url-safe,padded,12,16,349525,12725736,314.323367,scalar,avx512-vbmi,avx512-vbmi,x86_64,linux,0
1,commit-5-correction-amd-9950x3d,run-1,1,base64-ng,encode,url-safe,padded,12,16,349525,12733010,314.143803,scalar,avx512-vbmi,avx512-vbmi,x86_64,linux,0
1,commit-5-correction-amd-9950x3d,run-1,2,base64-ng,encode,url-safe,padded,12,16,349525,12803432,312.415935,scalar,avx512-vbmi,avx512-vbmi,x86_64,linux,0
1,commit-5-correction-amd-9950x3d,run-1,3,base64-ng,encode,url-safe,padded,12,16,349525,12899533,310.088449,scalar,avx512-vbmi,avx512-vbmi,x86_64,linux,0
1,commit-5-correction-amd-9950x3d,run-1,4,base64-ng,encode,url-safe,padded,12,16,349525,12839621,311.535378,scalar,avx512-vbmi,avx512-vbmi,x86_64,linux,0
1,commit-5-correction-amd-9950x3d,run-1,0,base64-ng,decode,url-safe,padded,12,16,349525,14142453,282.836095,scalar,avx512-vbmi,avx512-vbmi,x86_64,linux,0
1,commit-5-correction-amd-9950x3d,run-1,1,base64-ng,decode,url-safe,padded,12,16,349525,14124930,283.186974,scalar,avx512-vbmi,avx512-vbmi,x86_64,linux,0
1,commit-5-correction-amd-9950x3d,run-1,2,base64-ng,decode,url-safe,padded,12,16,349525,14147483,282.735536,scalar,avx512-vbmi,avx512-vbmi,x86_64,linux,0
1,commit-5-correction-amd-9950x3d,run-1,3,base64-ng,decode,url-safe,padded,12,16,349525,14161239,282.460891,scalar,avx512-vbmi,avx512-vbmi,x86_64,linux,0
1,commit-5-correction-amd-9950x3d,run-1,4,base64-ng,decode,url-safe,padded,12,16,349525,14153845,282.608449,scalar,avx512-vbmi,avx512-vbmi,x86_64,linux,0
1,commit-5-correction-amd-9950x3d,run-1,0,base64-ng,encode,url-safe,padded,12,16,349525,18849464,212.207423,ssse3-sse4.1,avx512-vbmi,avx512-vbmi,x86_64,linux,0
1,commit-5-correction-amd-9950x3d,run-1,1,base64-ng,encode,url-safe,padded,12,16,349525,19068937,209.765032,ssse3-sse4.1,avx512-vbmi,avx512-vbmi,x86_64,linux,0
1,commit-5-correction-amd-9950x3d,run-1,2,base64-ng,encode,url-safe,padded,12,16,349525,19542810,204.678661,ssse3-sse4.1,avx512-vbmi,avx512-vbmi,x86_64,linux,0
1,commit-5-correction-amd-9950x3d,run-1,3,base64-ng,encode,url-safe,padded,12,16,349525,19433172,205.833416,ssse3-sse4.1,avx512-vbmi,avx512-vbmi,x86_64,linux,0
1,commit-5-correction-amd-9950x3d,run-1,4,base64-ng,encode,url-safe,padded,12,16,349525,18812775,212.621274,ssse3-sse4.1,avx512-vbmi,avx512-vbmi,x86_64,linux,0
1,commit-5-correction-amd-9950x3d,run-1,0,base64-ng,decode,url-safe,padded,12,16,349525,57624048,69.415397,ssse3-sse4.1,avx512-vbmi,avx512-vbmi,x86_64,linux,0
1,commit-5-correction-amd-9950x3d,run-1,1,base64-ng,decode,url-safe,padded,12,16,349525,57105001,70.046338,ssse3-sse4.1,avx512-vbmi,avx512-vbmi,x86_64,linux,0
1,commit-5-correction-amd-9950x3d,run-1,2,base64-ng,decode,url-safe,padded,12,16,349525,56565375,70.714570,ssse3-sse4.1,avx512-vbmi,avx512-vbmi,x86_64,linux,0
1,commit-5-correction-amd-9950x3d,run-1,3,base64-ng,decode,url-safe,padded,12,16,349525,56730586,70.508635,ssse3-sse4.1,avx512-vbmi,avx512-vbmi,x86_64,linux,0
1,commit-5-correction-amd-9950x3d,run-1,4,base64-ng,decode,url-safe,padded,12,16,349525,57934993,69.042835,ssse3-sse4.1,avx512-vbmi,avx512-vbmi,x86_64,linux,0
1,commit-5-correction-amd-9950x3d,run-1,0,base64-ng,encode,url-safe,padded,12,16,349525,13623446,293.611190,avx2,avx512-vbmi,avx512-vbmi,x86_64,linux,0
1,commit-5-correction-amd-9950x3d,run-1,1,base64-ng,encode,url-safe,padded,12,16,349525,13602667,294.059701,avx2,avx512-vbmi,avx512-vbmi,x86_64,linux,0
1,commit-5-correction-amd-9950x3d,run-1,2,base64-ng,encode,url-safe,padded,12,16,349525,13535310,295.523057,avx2,avx512-vbmi,avx512-vbmi,x86_64,linux,0
1,commit-5-correction-amd-9950x3d,run-1,3,base64-ng,encode,url-safe,padded,12,16,349525,13549276,295.218445,avx2,avx512-vbmi,avx512-vbmi,x86_64,linux,0
1,commit-5-correction-amd-9950x3d,run-1,4,base64-ng,encode,url-safe,padded,12,16,349525,13530551,295.626999,avx2,avx512-vbmi,avx512-vbmi,x86_64,linux,0
1,commit-5-correction-amd-9950x3d,run-1,0,base64-ng,decode,url-safe,padded,12,16,349525,57074783,70.083423,avx2,avx512-vbmi,avx512-vbmi,x86_64,linux,0
1,commit-5-correction-amd-9950x3d,run-1,1,base64-ng,decode,url-safe,padded,12,16,349525,58506398,68.368526,avx2,avx512-vbmi,avx512-vbmi,x86_64,linux,0
1,commit-5-correction-amd-9950x3d,run-1,2,base64-ng,decode,url-safe,padded,12,16,349525,57216861,69.909396,avx2,avx512-vbmi,avx512-vbmi,x86_64,linux,0
1,commit-5-correction-amd-9950x3d,run-1,3,base64-ng,decode,url-safe,padded,12,16,349525,58265715,68.650941,avx2,avx512-vbmi,avx512-vbmi,x86_64,linux,0
1,commit-5-correction-amd-9950x3d,run-1,4,base64-ng,decode,url-safe,padded,12,16,349525,61292944,65.260304,avx2,avx512-vbmi,avx512-vbmi,x86_64,linux,0
1,commit-5-correction-amd-9950x3d,run-1,0,base64-ng,encode,url-safe,padded,12,16,349525,13738292,291.156731,avx512-vbmi,avx512-vbmi,avx512-vbmi,x86_64,linux,0
1,commit-5-correction-amd-9950x3d,run-1,1,base64-ng,encode,url-safe,padded,12,16,349525,14003362,285.645418,avx512-vbmi,avx512-vbmi,avx512-vbmi,x86_64,linux,0
1,commit-5-correction-amd-9950x3d,run-1,2,base64-ng,encode,url-safe,padded,12,16,349525,13790871,290.046668,avx512-vbmi,avx512-vbmi,avx512-vbmi,x86_64,linux,0
1,commit-5-correction-amd-9950x3d,run-1,3,base64-ng,encode,url-safe,padded,12,16,349525,13901500,287.738459,avx512-vbmi,avx512-vbmi,avx512-vbmi,x86_64,linux,0
1,commit-5-correction-amd-9950x3d,run-1,4,base64-ng,encode,url-safe,padded,12,16,349525,13613116,293.833990,avx512-vbmi,avx512-vbmi,avx512-vbmi,x86_64,linux,0
1,commit-5-correction-amd-9950x3d,run-1,0,base64-ng,decode,url-safe,padded,12,16,349525,58996201,67.800911,avx512-vbmi,avx512-vbmi,avx512-vbmi,x86_64,linux,0
1,commit-5-correction-amd-9950x3d,run-1,1,base64-ng,decode,url-safe,padded,12,16,349525,58339064,68.564627,avx512-vbmi,avx512-vbmi,avx512-vbmi,x86_64,linux,0
1,commit-5-correction-amd-9950x3d,run-1,2,base64-ng,decode,url-safe,padded,12,16,349525,58015555,68.946961,avx512-vbmi,avx512-vbmi,avx512-vbmi,x86_64,linux,0
1,commit-5-correction-amd-9950x3d,run-1,3,base64-ng,decode,url-safe,padded,12,16,349525,58913845,67.895690,avx512-vbmi,avx512-vbmi,avx512-vbmi,x86_64,linux,0
1,commit-5-correction-amd-9950x3d,run-1,4,base64-ng,decode,url-safe,padded,12,16,349525,58618800,68.237429,avx512-vbmi,avx512-vbmi,avx512-vbmi,x86_64,linux,0
1,commit-5-correction-amd-9950x3d,run-1,0,base64-0.23.0,encode,url-safe,padded,12,16,349525,3788512,1055.822493,external,avx512-vbmi,avx512-vbmi,x86_64,linux,0
1,commit-5-correction-amd-9950x3d,run-1,1,base64-0.23.0,encode,url-safe,padded,12,16,349525,3834178,1043.247388,external,avx512-vbmi,avx512-vbmi,x86_64,linux,0
1,commit-5-correction-amd-9950x3d,run-1,2,base64-0.23.0,encode,url-safe,padded,12,16,349525,3774535,1059.732175,external,avx512-vbmi,avx512-vbmi,x86_64,linux,0
1,commit-5-correction-amd-9950x3d,run-1,3,base64-0.23.0,encode,url-safe,padded,12,16,349525,3893399,1027.378952,external,avx512-vbmi,avx512-vbmi,x86_64,linux,0
1,commit-5-correction-amd-9950x3d,run-1,4,base64-0.23.0,encode,url-safe,padded,12,16,349525,3770919,1060.748371,external,avx512-vbmi,avx512-vbmi,x86_64,linux,0
1,commit-5-correction-amd-9950x3d,run-1,0,base64-0.23.0,decode,url-safe,padded,12,16,349525,5590263,715.529159,external,avx512-vbmi,avx512-vbmi,x86_64,linux,0
1,commit-5-correction-amd-9950x3d,run-1,1,base64-0.23.0,decode,url-safe,padded,12,16,349525,5609591,713.063784,external,avx512-vbmi,avx512-vbmi,x86_64,linux,0
1,commit-5-correction-amd-9950x3d,run-1,2,base64-0.23.0,decode,url-safe,padded,12,16,349525,5614479,712.442986,external,avx512-vbmi,avx512-vbmi,x86_64,linux,0
1,commit-5-correction-amd-9950x3d,run-1,3,base64-0.23.0,decode,url-safe,padded,12,16,349525,6138466,651.627978,external,avx512-vbmi,avx512-vbmi,x86_64,linux,0
1,commit-5-correction-amd-9950x3d,run-1,4,base64-0.23.0,decode,url-safe,padded,12,16,349525,5605963,713.525256,external,avx512-vbmi,avx512-vbmi,x86_64,linux,0
1,commit-5-correction-amd-9950x3d,run-1,0,base64ct-1.8.3,encode,url-safe,padded,12,16,349525,3209181,1246.422743,external,avx512-vbmi,avx512-vbmi,x86_64,linux,0
1,commit-5-correction-amd-9950x3d,run-1,1,base64ct-1.8.3,encode,url-safe,padded,12,16,349525,3231062,1237.981873,external,avx512-vbmi,avx512-vbmi,x86_64,linux,0
1,commit-5-correction-amd-9950x3d,run-1,2,base64ct-1.8.3,encode,url-safe,padded,12,16,349525,3239498,1234.758035,external,avx512-vbmi,avx512-vbmi,x86_64,linux,0
1,commit-5-correction-amd-9950x3d,run-1,3,base64ct-1.8.3,encode,url-safe,padded,12,16,349525,3255208,1228.798954,external,avx512-vbmi,avx512-vbmi,x86_64,linux,0
1,commit-5-correction-amd-9950x3d,run-1,4,base64ct-1.8.3,encode,url-safe,padded,12,16,349525,3238096,1235.292649,external,avx512-vbmi,avx512-vbmi,x86_64,linux,0
1,commit-5-correction-amd-9950x3d,run-1,0,base64ct-1.8.3,decode,url-safe,padded,12,16,349525,9449148,423.318185,external,avx512-vbmi,avx512-vbmi,x86_64,linux,0
1,commit-5-correction-amd-9950x3d,run-1,1,base64ct-1.8.3,decode,url-safe,padded,12,16,349525,9535420,419.488201,external,avx512-vbmi,avx512-vbmi,x86_64,linux,0
1,commit-5-correction-amd-9950x3d,run-1,2,base64ct-1.8.3,decode,url-safe,padded,12,16,349525,9361373,427.287342,external,avx512-vbmi,avx512-vbmi,x86_64,linux,0
1,commit-5-correction-amd-9950x3d,run-1,3,base64ct-1.8.3,decode,url-safe,padded,12,16,349525,9340634,428.236047,external,avx512-vbmi,avx512-vbmi,x86_64,linux,0
1,commit-5-correction-amd-9950x3d,run-1,4,base64ct-1.8.3,decode,url-safe,padded,12,16,349525,9373786,426.721517,external,avx512-vbmi,avx512-vbmi,x86_64,linux,0
1,commit-5-correction-amd-9950x3d,run-1,0,base64-ng,encode,url-safe,padded,15,20,279620,12888032,310.365166,auto,avx512-vbmi,avx512-vbmi,x86_64,linux,0
1,commit-5-correction-amd-9950x3d,run-1,1,base64-ng,encode,url-safe,padded,15,20,279620,12888683,310.349489,auto,avx512-vbmi,avx512-vbmi,x86_64,linux,0
1,commit-5-correction-amd-9950x3d,run-1,2,base64-ng,encode,url-safe,padded,15,20,279620,12845672,311.388628,auto,avx512-vbmi,avx512-vbmi,x86_64,linux,0
1,commit-5-correction-amd-9950x3d,run-1,3,base64-ng,encode,url-safe,padded,15,20,279620,12802681,312.434262,auto,avx512-vbmi,avx512-vbmi,x86_64,linux,0
1,commit-5-correction-amd-9950x3d,run-1,4,base64-ng,encode,url-safe,padded,15,20,279620,12791490,312.707604,auto,avx512-vbmi,avx512-vbmi,x86_64,linux,0
1,commit-5-correction-amd-9950x3d,run-1,0,base64-ng,decode,url-safe,padded,15,20,279620,50132725,79.788126,auto,avx512-vbmi,avx512-vbmi,x86_64,linux,0
1,commit-5-correction-amd-9950x3d,run-1,1,base64-ng,decode,url-safe,padded,15,20,279620,51672113,77.411121,auto,avx512-vbmi,avx512-vbmi,x86_64,linux,0
1,commit-5-correction-amd-9950x3d,run-1,2,base64-ng,decode,url-safe,padded,15,20,279620,51325471,77.933940,auto,avx512-vbmi,avx512-vbmi,x86_64,linux,0
1,commit-5-correction-amd-9950x3d,run-1,3,base64-ng,decode,url-safe,padded,15,20,279620,51807118,77.209394,auto,avx512-vbmi,avx512-vbmi,x86_64,linux,0
1,commit-5-correction-amd-9950x3d,run-1,4,base64-ng,decode,url-safe,padded,15,20,279620,52426853,76.296706,auto,avx512-vbmi,avx512-vbmi,x86_64,linux,0
1,commit-5-correction-amd-9950x3d,run-1,0,base64-ng,encode,url-safe,padded,15,20,279620,13452555,297.341002,scalar,avx512-vbmi,avx512-vbmi,x86_64,linux,0
1,commit-5-correction-amd-9950x3d,run-1,1,base64-ng,encode,url-safe,padded,15,20,279620,13245054,301.999236,scalar,avx512-vbmi,avx512-vbmi,x86_64,linux,0
1,commit-5-correction-amd-9950x3d,run-1,2,base64-ng,encode,url-safe,padded,15,20,279620,13474956,296.846697,scalar,avx512-vbmi,avx512-vbmi,x86_64,linux,0
1,commit-5-correction-amd-9950x3d,run-1,3,base64-ng,encode,url-safe,padded,15,20,279620,13181484,303.455680,scalar,avx512-vbmi,avx512-vbmi,x86_64,linux,0
1,commit-5-correction-amd-9950x3d,run-1,4,base64-ng,encode,url-safe,padded,15,20,279620,12984233,308.065650,scalar,avx512-vbmi,avx512-vbmi,x86_64,linux,0
1,commit-5-correction-amd-9950x3d,run-1,0,base64-ng,decode,url-safe,padded,15,20,279620,14239316,280.912102,scalar,avx512-vbmi,avx512-vbmi,x86_64,linux,0
1,commit-5-correction-amd-9950x3d,run-1,1,base64-ng,decode,url-safe,padded,15,20,279620,13898695,287.796529,scalar,avx512-vbmi,avx512-vbmi,x86_64,linux,0
1,commit-5-correction-amd-9950x3d,run-1,2,base64-ng,decode,url-safe,padded,15,20,279620,13902191,287.724157,scalar,avx512-vbmi,avx512-vbmi,x86_64,linux,0
1,commit-5-correction-amd-9950x3d,run-1,3,base64-ng,decode,url-safe,padded,15,20,279620,13844813,288.916592,scalar,avx512-vbmi,avx512-vbmi,x86_64,linux,0
1,commit-5-correction-amd-9950x3d,run-1,4,base64-ng,decode,url-safe,padded,15,20,279620,13828893,289.249196,scalar,avx512-vbmi,avx512-vbmi,x86_64,linux,0
1,commit-5-correction-amd-9950x3d,run-1,0,base64-ng,encode,url-safe,padded,15,20,279620,18363940,217.817973,ssse3-sse4.1,avx512-vbmi,avx512-vbmi,x86_64,linux,0
1,commit-5-correction-amd-9950x3d,run-1,1,base64-ng,encode,url-safe,padded,15,20,279620,17610742,227.133881,ssse3-sse4.1,avx512-vbmi,avx512-vbmi,x86_64,linux,0
1,commit-5-correction-amd-9950x3d,run-1,2,base64-ng,encode,url-safe,padded,15,20,279620,17452814,229.189183,ssse3-sse4.1,avx512-vbmi,avx512-vbmi,x86_64,linux,0
1,commit-5-correction-amd-9950x3d,run-1,3,base64-ng,encode,url-safe,padded,15,20,279620,17224305,232.229758,ssse3-sse4.1,avx512-vbmi,avx512-vbmi,x86_64,linux,0
1,commit-5-correction-amd-9950x3d,run-1,4,base64-ng,encode,url-safe,padded,15,20,279620,17219777,232.290824,ssse3-sse4.1,avx512-vbmi,avx512-vbmi,x86_64,linux,0
1,commit-5-correction-amd-9950x3d,run-1,0,base64-ng,decode,url-safe,padded,15,20,279620,48622533,82.266306,ssse3-sse4.1,avx512-vbmi,avx512-vbmi,x86_64,linux,0
1,commit-5-correction-amd-9950x3d,run-1,1,base64-ng,decode,url-safe,padded,15,20,279620,48942404,81.728641,ssse3-sse4.1,avx512-vbmi,avx512-vbmi,x86_64,linux,0
1,commit-5-correction-amd-9950x3d,run-1,2,base64-ng,decode,url-safe,padded,15,20,279620,48580253,82.337904,ssse3-sse4.1,avx512-vbmi,avx512-vbmi,x86_64,linux,0
1,commit-5-correction-amd-9950x3d,run-1,3,base64-ng,decode,url-safe,padded,15,20,279620,48543814,82.399710,ssse3-sse4.1,avx512-vbmi,avx512-vbmi,x86_64,linux,0
1,commit-5-correction-amd-9950x3d,run-1,4,base64-ng,decode,url-safe,padded,15,20,279620,48848096,81.886430,ssse3-sse4.1,avx512-vbmi,avx512-vbmi,x86_64,linux,0
1,commit-5-correction-amd-9950x3d,run-1,0,base64-ng,encode,url-safe,padded,15,20,279620,13297623,300.805353,avx2,avx512-vbmi,avx512-vbmi,x86_64,linux,0
1,commit-5-correction-amd-9950x3d,run-1,1,base64-ng,encode,url-safe,padded,15,20,279620,13793707,289.987034,avx2,avx512-vbmi,avx512-vbmi,x86_64,linux,0
1,commit-5-correction-amd-9950x3d,run-1,2,base64-ng,encode,url-safe,padded,15,20,279620,13502097,296.249996,avx2,avx512-vbmi,avx512-vbmi,x86_64,linux,0
1,commit-5-correction-amd-9950x3d,run-1,3,base64-ng,encode,url-safe,padded,15,20,279620,13033876,306.892300,avx2,avx512-vbmi,avx512-vbmi,x86_64,linux,0
1,commit-5-correction-amd-9950x3d,run-1,4,base64-ng,encode,url-safe,padded,15,20,279620,13031061,306.958596,avx2,avx512-vbmi,avx512-vbmi,x86_64,linux,0
1,commit-5-correction-amd-9950x3d,run-1,0,base64-ng,decode,url-safe,padded,15,20,279620,49458796,80.875325,avx2,avx512-vbmi,avx512-vbmi,x86_64,linux,0
1,commit-5-correction-amd-9950x3d,run-1,1,base64-ng,decode,url-safe,padded,15,20,279620,49678430,80.517766,avx2,avx512-vbmi,avx512-vbmi,x86_64,linux,0
1,commit-5-correction-amd-9950x3d,run-1,2,base64-ng,decode,url-safe,padded,15,20,279620,49855403,80.231950,avx2,avx512-vbmi,avx512-vbmi,x86_64,linux,0
1,commit-5-correction-amd-9950x3d,run-1,3,base64-ng,decode,url-safe,padded,15,20,279620,50092780,79.851751,avx2,avx512-vbmi,avx512-vbmi,x86_64,linux,0
1,commit-5-correction-amd-9950x3d,run-1,4,base64-ng,decode,url-safe,padded,15,20,279620,48940691,81.731502,avx2,avx512-vbmi,avx512-vbmi,x86_64,linux,0
1,commit-5-correction-amd-9950x3d,run-1,0,base64-ng,encode,url-safe,padded,15,20,279620,13047452,306.572976,avx512-vbmi,avx512-vbmi,avx512-vbmi,x86_64,linux,0
1,commit-5-correction-amd-9950x3d,run-1,1,base64-ng,encode,url-safe,padded,15,20,279620,13078341,305.848898,avx512-vbmi,avx512-vbmi,avx512-vbmi,x86_64,linux,0
1,commit-5-correction-amd-9950x3d,run-1,2,base64-ng,encode,url-safe,padded,15,20,279620,13073000,305.973853,avx512-vbmi,avx512-vbmi,avx512-vbmi,x86_64,linux,0
1,commit-5-correction-amd-9950x3d,run-1,3,base64-ng,encode,url-safe,padded,15,20,279620,13071868,306.000350,avx512-vbmi,avx512-vbmi,avx512-vbmi,x86_64,linux,0
1,commit-5-correction-amd-9950x3d,run-1,4,base64-ng,encode,url-safe,padded,15,20,279620,13074162,305.946659,avx512-vbmi,avx512-vbmi,avx512-vbmi,x86_64,linux,0
1,commit-5-correction-amd-9950x3d,run-1,0,base64-ng,decode,url-safe,padded,15,20,279620,49847819,80.244156,avx512-vbmi,avx512-vbmi,avx512-vbmi,x86_64,linux,0
1,commit-5-correction-amd-9950x3d,run-1,1,base64-ng,decode,url-safe,padded,15,20,279620,51232406,78.075509,avx512-vbmi,avx512-vbmi,avx512-vbmi,x86_64,linux,0
1,commit-5-correction-amd-9950x3d,run-1,2,base64-ng,decode,url-safe,padded,15,20,279620,50088993,79.857788,avx512-vbmi,avx512-vbmi,avx512-vbmi,x86_64,linux,0
1,commit-5-correction-amd-9950x3d,run-1,3,base64-ng,decode,url-safe,padded,15,20,279620,49865422,80.215829,avx512-vbmi,avx512-vbmi,avx512-vbmi,x86_64,linux,0
1,commit-5-correction-amd-9950x3d,run-1,4,base64-ng,decode,url-safe,padded,15,20,279620,49778188,80.356404,avx512-vbmi,avx512-vbmi,avx512-vbmi,x86_64,linux,0
1,commit-5-correction-amd-9950x3d,run-1,0,base64-0.23.0,encode,url-safe,padded,15,20,279620,3120234,1281.953913,external,avx512-vbmi,avx512-vbmi,x86_64,linux,0
1,commit-5-correction-amd-9950x3d,run-1,1,base64-0.23.0,encode,url-safe,padded,15,20,279620,3212176,1245.260591,external,avx512-vbmi,avx512-vbmi,x86_64,linux,0
1,commit-5-correction-amd-9950x3d,run-1,2,base64-0.23.0,encode,url-safe,padded,15,20,279620,3210193,1246.029814,external,avx512-vbmi,avx512-vbmi,x86_64,linux,0
1,commit-5-correction-amd-9950x3d,run-1,3,base64-0.23.0,encode,url-safe,padded,15,20,279620,3222246,1241.368966,external,avx512-vbmi,avx512-vbmi,x86_64,linux,0
1,commit-5-correction-amd-9950x3d,run-1,4,base64-0.23.0,encode,url-safe,padded,15,20,279620,3200375,1249.852341,external,avx512-vbmi,avx512-vbmi,x86_64,linux,0
1,commit-5-correction-amd-9950x3d,run-1,0,base64-0.23.0,decode,url-safe,padded,15,20,279620,4785088,835.929493,external,avx512-vbmi,avx512-vbmi,x86_64,linux,0
1,commit-5-correction-amd-9950x3d,run-1,1,base64-0.23.0,decode,url-safe,padded,15,20,279620,4814744,830.780657,external,avx512-vbmi,avx512-vbmi,x86_64,linux,0
1,commit-5-correction-amd-9950x3d,run-1,2,base64-0.23.0,decode,url-safe,padded,15,20,279620,4797482,833.769920,external,avx512-vbmi,avx512-vbmi,x86_64,linux,0
1,commit-5-correction-amd-9950x3d,run-1,3,base64-0.23.0,decode,url-safe,padded,15,20,279620,4825464,828.935038,external,avx512-vbmi,avx512-vbmi,x86_64,linux,0
1,commit-5-correction-amd-9950x3d,run-1,4,base64-0.23.0,decode,url-safe,padded,15,20,279620,4759961,840.342218,external,avx512-vbmi,avx512-vbmi,x86_64,linux,0
1,commit-5-correction-amd-9950x3d,run-1,0,base64ct-1.8.3,encode,url-safe,padded,15,20,279620,2968769,1347.358513,external,avx512-vbmi,avx512-vbmi,x86_64,linux,0
1,commit-5-correction-amd-9950x3d,run-1,1,base64ct-1.8.3,encode,url-safe,padded,15,20,279620,2963389,1349.804628,external,avx512-vbmi,avx512-vbmi,x86_64,linux,0
1,commit-5-correction-amd-9950x3d,run-1,2,base64ct-1.8.3,encode,url-safe,padded,15,20,279620,2959010,1351.802186,external,avx512-vbmi,avx512-vbmi,x86_64,linux,0
1,commit-5-correction-amd-9950x3d,run-1,3,base64ct-1.8.3,encode,url-safe,padded,15,20,279620,2971263,1346.227576,external,avx512-vbmi,avx512-vbmi,x86_64,linux,0
1,commit-5-correction-amd-9950x3d,run-1,4,base64ct-1.8.3,encode,url-safe,padded,15,20,279620,2963950,1349.549144,external,avx512-vbmi,avx512-vbmi,x86_64,linux,0
1,commit-5-correction-amd-9950x3d,run-1,0,base64ct-1.8.3,decode,url-safe,padded,15,20,279620,8276620,483.288611,external,avx512-vbmi,avx512-vbmi,x86_64,linux,0
1,commit-5-correction-amd-9950x3d,run-1,1,base64ct-1.8.3,decode,url-safe,padded,15,20,279620,8284546,482.826239,external,avx512-vbmi,avx512-vbmi,x86_64,linux,0
1,commit-5-correction-amd-9950x3d,run-1,2,base64ct-1.8.3,decode,url-safe,padded,15,20,279620,8270860,483.625184,external,avx512-vbmi,avx512-vbmi,x86_64,linux,0
1,commit-5-correction-amd-9950x3d,run-1,3,base64ct-1.8.3,decode,url-safe,padded,15,20,279620,8281249,483.018466,external,avx512-vbmi,avx512-vbmi,x86_64,linux,0
1,commit-5-correction-amd-9950x3d,run-1,4,base64ct-1.8.3,decode,url-safe,padded,15,20,279620,8286790,482.695493,external,avx512-vbmi,avx512-vbmi,x86_64,linux,0
1,commit-5-correction-amd-9950x3d,run-1,0,base64-ng,encode,url-safe,padded,16,24,262144,12793203,312.666031,auto,avx512-vbmi,avx512-vbmi,x86_64,linux,0
1,commit-5-correction-amd-9950x3d,run-1,1,base64-ng,encode,url-safe,padded,16,24,262144,12704897,314.839231,auto,avx512-vbmi,avx512-vbmi,x86_64,linux,0
1,commit-5-correction-amd-9950x3d,run-1,2,base64-ng,encode,url-safe,padded,16,24,262144,13120340,304.870148,auto,avx512-vbmi,avx512-vbmi,x86_64,linux,0
1,commit-5-correction-amd-9950x3d,run-1,3,base64-ng,encode,url-safe,padded,16,24,262144,12798664,312.532621,auto,avx512-vbmi,avx512-vbmi,x86_64,linux,0
1,commit-5-correction-amd-9950x3d,run-1,4,base64-ng,encode,url-safe,padded,16,24,262144,12768818,313.263138,auto,avx512-vbmi,avx512-vbmi,x86_64,linux,0
1,commit-5-correction-amd-9950x3d,run-1,0,base64-ng,decode,url-safe,padded,16,24,262144,48751405,82.048917,auto,avx512-vbmi,avx512-vbmi,x86_64,linux,0
1,commit-5-correction-amd-9950x3d,run-1,1,base64-ng,decode,url-safe,padded,16,24,262144,49175163,81.341876,auto,avx512-vbmi,avx512-vbmi,x86_64,linux,0
1,commit-5-correction-amd-9950x3d,run-1,2,base64-ng,decode,url-safe,padded,16,24,262144,51491523,77.682690,auto,avx512-vbmi,avx512-vbmi,x86_64,linux,0
1,commit-5-correction-amd-9950x3d,run-1,3,base64-ng,decode,url-safe,padded,16,24,262144,48906006,81.789545,auto,avx512-vbmi,avx512-vbmi,x86_64,linux,0
1,commit-5-correction-amd-9950x3d,run-1,4,base64-ng,decode,url-safe,padded,16,24,262144,49816640,80.294456,auto,avx512-vbmi,avx512-vbmi,x86_64,linux,0
1,commit-5-correction-amd-9950x3d,run-1,0,base64-ng,encode,url-safe,padded,16,24,262144,12433797,321.703821,scalar,avx512-vbmi,avx512-vbmi,x86_64,linux,0
1,commit-5-correction-amd-9950x3d,run-1,1,base64-ng,encode,url-safe,padded,16,24,262144,12444267,321.433155,scalar,avx512-vbmi,avx512-vbmi,x86_64,linux,0
1,commit-5-correction-amd-9950x3d,run-1,2,base64-ng,encode,url-safe,padded,16,24,262144,12461298,320.993848,scalar,avx512-vbmi,avx512-vbmi,x86_64,linux,0
1,commit-5-correction-amd-9950x3d,run-1,3,base64-ng,encode,url-safe,padded,16,24,262144,12445308,321.406268,scalar,avx512-vbmi,avx512-vbmi,x86_64,linux,0
1,commit-5-correction-amd-9950x3d,run-1,4,base64-ng,encode,url-safe,padded,16,24,262144,12463132,320.946613,scalar,avx512-vbmi,avx512-vbmi,x86_64,linux,0
1,commit-5-correction-amd-9950x3d,run-1,0,base64-ng,decode,url-safe,padded,16,24,262144,14386453,278.039347,scalar,avx512-vbmi,avx512-vbmi,x86_64,linux,0
1,commit-5-correction-amd-9950x3d,run-1,1,base64-ng,decode,url-safe,padded,16,24,262144,14398154,277.813392,scalar,avx512-vbmi,avx512-vbmi,x86_64,linux,0
1,commit-5-correction-amd-9950x3d,run-1,2,base64-ng,decode,url-safe,padded,16,24,262144,14458768,276.648744,scalar,avx512-vbmi,avx512-vbmi,x86_64,linux,0
1,commit-5-correction-amd-9950x3d,run-1,3,base64-ng,decode,url-safe,padded,16,24,262144,14397663,277.822866,scalar,avx512-vbmi,avx512-vbmi,x86_64,linux,0
1,commit-5-correction-amd-9950x3d,run-1,4,base64-ng,decode,url-safe,padded,16,24,262144,14478586,276.270072,scalar,avx512-vbmi,avx512-vbmi,x86_64,linux,0
1,commit-5-correction-amd-9950x3d,run-1,0,base64-ng,encode,url-safe,padded,16,24,262144,17396509,229.931189,ssse3-sse4.1,avx512-vbmi,avx512-vbmi,x86_64,linux,0
1,commit-5-correction-amd-9950x3d,run-1,1,base64-ng,encode,url-safe,padded,16,24,262144,17410285,229.749255,ssse3-sse4.1,avx512-vbmi,avx512-vbmi,x86_64,linux,0
1,commit-5-correction-amd-9950x3d,run-1,2,base64-ng,encode,url-safe,padded,16,24,262144,17157920,233.128491,ssse3-sse4.1,avx512-vbmi,avx512-vbmi,x86_64,linux,0
1,commit-5-correction-amd-9950x3d,run-1,3,base64-ng,encode,url-safe,padded,16,24,262144,16821347,237.793085,ssse3-sse4.1,avx512-vbmi,avx512-vbmi,x86_64,linux,0
1,commit-5-correction-amd-9950x3d,run-1,4,base64-ng,encode,url-safe,padded,16,24,262144,16772825,238.480995,ssse3-sse4.1,avx512-vbmi,avx512-vbmi,x86_64,linux,0
1,commit-5-correction-amd-9950x3d,run-1,0,base64-ng,decode,url-safe,padded,16,24,262144,48032362,83.277187,ssse3-sse4.1,avx512-vbmi,avx512-vbmi,x86_64,linux,0
1,commit-5-correction-amd-9950x3d,run-1,1,base64-ng,decode,url-safe,padded,16,24,262144,47574169,84.079241,ssse3-sse4.1,avx512-vbmi,avx512-vbmi,x86_64,linux,0
1,commit-5-correction-amd-9950x3d,run-1,2,base64-ng,decode,url-safe,padded,16,24,262144,48094198,83.170115,ssse3-sse4.1,avx512-vbmi,avx512-vbmi,x86_64,linux,0
1,commit-5-correction-amd-9950x3d,run-1,3,base64-ng,decode,url-safe,padded,16,24,262144,47532761,84.152486,ssse3-sse4.1,avx512-vbmi,avx512-vbmi,x86_64,linux,0
1,commit-5-correction-amd-9950x3d,run-1,4,base64-ng,decode,url-safe,padded,16,24,262144,47758987,83.753870,ssse3-sse4.1,avx512-vbmi,avx512-vbmi,x86_64,linux,0
1,commit-5-correction-amd-9950x3d,run-1,0,base64-ng,encode,url-safe,padded,16,24,262144,13027294,307.047649,avx2,avx512-vbmi,avx512-vbmi,x86_64,linux,0
1,commit-5-correction-amd-9950x3d,run-1,1,base64-ng,encode,url-safe,padded,16,24,262144,13021583,307.182314,avx2,avx512-vbmi,avx512-vbmi,x86_64,linux,0
1,commit-5-correction-amd-9950x3d,run-1,2,base64-ng,encode,url-safe,padded,16,24,262144,13243331,302.038815,avx2,avx512-vbmi,avx512-vbmi,x86_64,linux,0
1,commit-5-correction-amd-9950x3d,run-1,3,base64-ng,encode,url-safe,padded,16,24,262144,13478373,296.771725,avx2,avx512-vbmi,avx512-vbmi,x86_64,linux,0
1,commit-5-correction-amd-9950x3d,run-1,4,base64-ng,encode,url-safe,padded,16,24,262144,13495505,296.394985,avx2,avx512-vbmi,avx512-vbmi,x86_64,linux,0
1,commit-5-correction-amd-9950x3d,run-1,0,base64-ng,decode,url-safe,padded,16,24,262144,48784848,81.992671,avx2,avx512-vbmi,avx512-vbmi,x86_64,linux,0
1,commit-5-correction-amd-9950x3d,run-1,1,base64-ng,decode,url-safe,padded,16,24,262144,48121719,83.122550,avx2,avx512-vbmi,avx512-vbmi,x86_64,linux,0
1,commit-5-correction-amd-9950x3d,run-1,2,base64-ng,decode,url-safe,padded,16,24,262144,48639725,82.237307,avx2,avx512-vbmi,avx512-vbmi,x86_64,linux,0
1,commit-5-correction-amd-9950x3d,run-1,3,base64-ng,decode,url-safe,padded,16,24,262144,48220745,82.951850,avx2,avx512-vbmi,avx512-vbmi,x86_64,linux,0
1,commit-5-correction-amd-9950x3d,run-1,4,base64-ng,decode,url-safe,padded,16,24,262144,48263396,82.878544,avx2,avx512-vbmi,avx512-vbmi,x86_64,linux,0
1,commit-5-correction-amd-9950x3d,run-1,0,base64-ng,encode,url-safe,padded,16,24,262144,13030971,306.961009,avx512-vbmi,avx512-vbmi,avx512-vbmi,x86_64,linux,0
1,commit-5-correction-amd-9950x3d,run-1,1,base64-ng,encode,url-safe,padded,16,24,262144,13053053,306.441719,avx512-vbmi,avx512-vbmi,avx512-vbmi,x86_64,linux,0
1,commit-5-correction-amd-9950x3d,run-1,2,base64-ng,encode,url-safe,padded,16,24,262144,13047983,306.560792,avx512-vbmi,avx512-vbmi,avx512-vbmi,x86_64,linux,0
1,commit-5-correction-amd-9950x3d,run-1,3,base64-ng,encode,url-safe,padded,16,24,262144,13063382,306.199421,avx512-vbmi,avx512-vbmi,avx512-vbmi,x86_64,linux,0
1,commit-5-correction-amd-9950x3d,run-1,4,base64-ng,encode,url-safe,padded,16,24,262144,13061459,306.244501,avx512-vbmi,avx512-vbmi,avx512-vbmi,x86_64,linux,0
1,commit-5-correction-amd-9950x3d,run-1,0,base64-ng,decode,url-safe,padded,16,24,262144,48644774,82.228771,avx512-vbmi,avx512-vbmi,avx512-vbmi,x86_64,linux,0
1,commit-5-correction-amd-9950x3d,run-1,1,base64-ng,decode,url-safe,padded,16,24,262144,49409414,80.956232,avx512-vbmi,avx512-vbmi,avx512-vbmi,x86_64,linux,0
1,commit-5-correction-amd-9950x3d,run-1,2,base64-ng,decode,url-safe,padded,16,24,262144,48388041,82.665054,avx512-vbmi,avx512-vbmi,avx512-vbmi,x86_64,linux,0
1,commit-5-correction-amd-9950x3d,run-1,3,base64-ng,decode,url-safe,padded,16,24,262144,48592435,82.317340,avx512-vbmi,avx512-vbmi,avx512-vbmi,x86_64,linux,0
1,commit-5-correction-amd-9950x3d,run-1,4,base64-ng,decode,url-safe,padded,16,24,262144,48614166,82.280543,avx512-vbmi,avx512-vbmi,avx512-vbmi,x86_64,linux,0
1,commit-5-correction-amd-9950x3d,run-1,0,base64-0.23.0,encode,url-safe,padded,16,24,262144,3163194,1264.544634,external,avx512-vbmi,avx512-vbmi,x86_64,linux,0
1,commit-5-correction-amd-9950x3d,run-1,1,base64-0.23.0,encode,url-safe,padded,16,24,262144,3209442,1246.322569,external,avx512-vbmi,avx512-vbmi,x86_64,linux,0
1,commit-5-correction-amd-9950x3d,run-1,2,base64-0.23.0,encode,url-safe,padded,16,24,262144,3222286,1241.354740,external,avx512-vbmi,avx512-vbmi,x86_64,linux,0
1,commit-5-correction-amd-9950x3d,run-1,3,base64-0.23.0,encode,url-safe,padded,16,24,262144,3205985,1247.666474,external,avx512-vbmi,avx512-vbmi,x86_64,linux,0
1,commit-5-correction-amd-9950x3d,run-1,4,base64-0.23.0,encode,url-safe,padded,16,24,262144,3208530,1246.676827,external,avx512-vbmi,avx512-vbmi,x86_64,linux,0
1,commit-5-correction-amd-9950x3d,run-1,0,base64-0.23.0,decode,url-safe,padded,16,24,262144,4686623,853.493016,external,avx512-vbmi,avx512-vbmi,x86_64,linux,0
1,commit-5-correction-amd-9950x3d,run-1,1,base64-0.23.0,decode,url-safe,padded,16,24,262144,4668238,856.854342,external,avx512-vbmi,avx512-vbmi,x86_64,linux,0
1,commit-5-correction-amd-9950x3d,run-1,2,base64-0.23.0,decode,url-safe,padded,16,24,262144,4661055,858.174812,external,avx512-vbmi,avx512-vbmi,x86_64,linux,0
1,commit-5-correction-amd-9950x3d,run-1,3,base64-0.23.0,decode,url-safe,padded,16,24,262144,4659251,858.507086,external,avx512-vbmi,avx512-vbmi,x86_64,linux,0
1,commit-5-correction-amd-9950x3d,run-1,4,base64-0.23.0,decode,url-safe,padded,16,24,262144,4654802,859.327636,external,avx512-vbmi,avx512-vbmi,x86_64,linux,0
1,commit-5-correction-amd-9950x3d,run-1,0,base64ct-1.8.3,encode,url-safe,padded,16,24,262144,3963872,1009.114321,external,avx512-vbmi,avx512-vbmi,x86_64,linux,0
1,commit-5-correction-amd-9950x3d,run-1,1,base64ct-1.8.3,encode,url-safe,padded,16,24,262144,3983078,1004.248473,external,avx512-vbmi,avx512-vbmi,x86_64,linux,0
1,commit-5-correction-amd-9950x3d,run-1,2,base64ct-1.8.3,encode,url-safe,padded,16,24,262144,4061055,984.965729,external,avx512-vbmi,avx512-vbmi,x86_64,linux,0
1,commit-5-correction-amd-9950x3d,run-1,3,base64ct-1.8.3,encode,url-safe,padded,16,24,262144,4025839,993.581711,external,avx512-vbmi,avx512-vbmi,x86_64,linux,0
1,commit-5-correction-amd-9950x3d,run-1,4,base64ct-1.8.3,encode,url-safe,padded,16,24,262144,3965605,1008.673330,external,avx512-vbmi,avx512-vbmi,x86_64,linux,0
1,commit-5-correction-amd-9950x3d,run-1,0,base64ct-1.8.3,decode,url-safe,padded,16,24,262144,10636513,376.063095,external,avx512-vbmi,avx512-vbmi,x86_64,linux,0
1,commit-5-correction-amd-9950x3d,run-1,1,base64ct-1.8.3,decode,url-safe,padded,16,24,262144,10612378,376.918349,external,avx512-vbmi,avx512-vbmi,x86_64,linux,0
1,commit-5-correction-amd-9950x3d,run-1,2,base64ct-1.8.3,decode,url-safe,padded,16,24,262144,10604723,377.190427,external,avx512-vbmi,avx512-vbmi,x86_64,linux,0
1,commit-5-correction-amd-9950x3d,run-1,3,base64ct-1.8.3,decode,url-safe,padded,16,24,262144,10604123,377.211769,external,avx512-vbmi,avx512-vbmi,x86_64,linux,0
1,commit-5-correction-amd-9950x3d,run-1,4,base64ct-1.8.3,decode,url-safe,padded,16,24,262144,10612538,376.912667,external,avx512-vbmi,avx512-vbmi,x86_64,linux,0
1,commit-5-correction-amd-9950x3d,run-1,0,base64-ng,encode,url-safe,padded,23,32,182361,12133662,329.661321,auto,avx512-vbmi,avx512-vbmi,x86_64,linux,0
1,commit-5-correction-amd-9950x3d,run-1,1,base64-ng,encode,url-safe,padded,23,32,182361,12095941,330.689365,auto,avx512-vbmi,avx512-vbmi,x86_64,linux,0
1,commit-5-correction-amd-9950x3d,run-1,2,base64-ng,encode,url-safe,padded,23,32,182361,13610422,293.892360,auto,avx512-vbmi,avx512-vbmi,x86_64,linux,0
1,commit-5-correction-amd-9950x3d,run-1,3,base64-ng,encode,url-safe,padded,23,32,182361,14437379,277.058533,auto,avx512-vbmi,avx512-vbmi,x86_64,linux,0
1,commit-5-correction-amd-9950x3d,run-1,4,base64-ng,encode,url-safe,padded,23,32,182361,14212305,281.446187,auto,avx512-vbmi,avx512-vbmi,x86_64,linux,0
1,commit-5-correction-amd-9950x3d,run-1,0,base64-ng,decode,url-safe,padded,23,32,182361,41346846,96.742543,auto,avx512-vbmi,avx512-vbmi,x86_64,linux,0
1,commit-5-correction-amd-9950x3d,run-1,1,base64-ng,decode,url-safe,padded,23,32,182361,40027532,99.931194,auto,avx512-vbmi,avx512-vbmi,x86_64,linux,0
1,commit-5-correction-amd-9950x3d,run-1,2,base64-ng,decode,url-safe,padded,23,32,182361,40108625,99.729149,auto,avx512-vbmi,avx512-vbmi,x86_64,linux,0
1,commit-5-correction-amd-9950x3d,run-1,3,base64-ng,decode,url-safe,padded,23,32,182361,41166797,97.165661,auto,avx512-vbmi,avx512-vbmi,x86_64,linux,0
1,commit-5-correction-amd-9950x3d,run-1,4,base64-ng,decode,url-safe,padded,23,32,182361,40553954,98.634009,auto,avx512-vbmi,avx512-vbmi,x86_64,linux,0
1,commit-5-correction-amd-9950x3d,run-1,0,base64-ng,encode,url-safe,padded,23,32,182361,12101912,330.526205,scalar,avx512-vbmi,avx512-vbmi,x86_64,linux,0
1,commit-5-correction-amd-9950x3d,run-1,1,base64-ng,encode,url-safe,padded,23,32,182361,12040837,332.202740,scalar,avx512-vbmi,avx512-vbmi,x86_64,linux,0
1,commit-5-correction-amd-9950x3d,run-1,2,base64-ng,encode,url-safe,padded,23,32,182361,11986685,333.703526,scalar,avx512-vbmi,avx512-vbmi,x86_64,linux,0
1,commit-5-correction-amd-9950x3d,run-1,3,base64-ng,encode,url-safe,padded,23,32,182361,12126819,329.847345,scalar,avx512-vbmi,avx512-vbmi,x86_64,linux,0
1,commit-5-correction-amd-9950x3d,run-1,4,base64-ng,encode,url-safe,padded,23,32,182361,12298031,325.255242,scalar,avx512-vbmi,avx512-vbmi,x86_64,linux,0
1,commit-5-correction-amd-9950x3d,run-1,0,base64-ng,decode,url-safe,padded,23,32,182361,13808866,289.668902,scalar,avx512-vbmi,avx512-vbmi,x86_64,linux,0
1,commit-5-correction-amd-9950x3d,run-1,1,base64-ng,decode,url-safe,padded,23,32,182361,13817912,289.479268,scalar,avx512-vbmi,avx512-vbmi,x86_64,linux,0
1,commit-5-correction-amd-9950x3d,run-1,2,base64-ng,decode,url-safe,padded,23,32,182361,14111716,283.452349,scalar,avx512-vbmi,avx512-vbmi,x86_64,linux,0
1,commit-5-correction-amd-9950x3d,run-1,3,base64-ng,decode,url-safe,padded,23,32,182361,14145119,282.782990,scalar,avx512-vbmi,avx512-vbmi,x86_64,linux,0
1,commit-5-correction-amd-9950x3d,run-1,4,base64-ng,decode,url-safe,padded,23,32,182361,14122616,283.233577,scalar,avx512-vbmi,avx512-vbmi,x86_64,linux,0
1,commit-5-correction-amd-9950x3d,run-1,0,base64-ng,encode,url-safe,padded,23,32,182361,15117459,264.594668,ssse3-sse4.1,avx512-vbmi,avx512-vbmi,x86_64,linux,0
1,commit-5-correction-amd-9950x3d,run-1,1,base64-ng,encode,url-safe,padded,23,32,182361,15133700,264.310714,ssse3-sse4.1,avx512-vbmi,avx512-vbmi,x86_64,linux,0
1,commit-5-correction-amd-9950x3d,run-1,2,base64-ng,encode,url-safe,padded,23,32,182361,15194073,263.260486,ssse3-sse4.1,avx512-vbmi,avx512-vbmi,x86_64,linux,0
1,commit-5-correction-amd-9950x3d,run-1,3,base64-ng,encode,url-safe,padded,23,32,182361,15366408,260.308007,ssse3-sse4.1,avx512-vbmi,avx512-vbmi,x86_64,linux,0
1,commit-5-correction-amd-9950x3d,run-1,4,base64-ng,encode,url-safe,padded,23,32,182361,15384882,259.995432,ssse3-sse4.1,avx512-vbmi,avx512-vbmi,x86_64,linux,0
1,commit-5-correction-amd-9950x3d,run-1,0,base64-ng,decode,url-safe,padded,23,32,182361,56608496,70.660755,ssse3-sse4.1,avx512-vbmi,avx512-vbmi,x86_64,linux,0
1,commit-5-correction-amd-9950x3d,run-1,1,base64-ng,decode,url-safe,padded,23,32,182361,56992138,70.185102,ssse3-sse4.1,avx512-vbmi,avx512-vbmi,x86_64,linux,0
1,commit-5-correction-amd-9950x3d,run-1,2,base64-ng,decode,url-safe,padded,23,32,182361,56603927,70.666458,ssse3-sse4.1,avx512-vbmi,avx512-vbmi,x86_64,linux,0
1,commit-5-correction-amd-9950x3d,run-1,3,base64-ng,decode,url-safe,padded,23,32,182361,57249963,69.869024,ssse3-sse4.1,avx512-vbmi,avx512-vbmi,x86_64,linux,0
1,commit-5-correction-amd-9950x3d,run-1,4,base64-ng,decode,url-safe,padded,23,32,182361,56543944,70.741423,ssse3-sse4.1,avx512-vbmi,avx512-vbmi,x86_64,linux,0
1,commit-5-correction-amd-9950x3d,run-1,0,base64-ng,encode,url-safe,padded,23,32,182361,12542632,318.912254,avx2,avx512-vbmi,avx512-vbmi,x86_64,linux,0
1,commit-5-correction-amd-9950x3d,run-1,1,base64-ng,encode,url-safe,padded,23,32,182361,12694838,315.088625,avx2,avx512-vbmi,avx512-vbmi,x86_64,linux,0
1,commit-5-correction-amd-9950x3d,run-1,2,base64-ng,encode,url-safe,padded,23,32,182361,12714064,314.612153,avx2,avx512-vbmi,avx512-vbmi,x86_64,linux,0
1,commit-5-correction-amd-9950x3d,run-1,3,base64-ng,encode,url-safe,padded,23,32,182361,12673107,315.628918,avx2,avx512-vbmi,avx512-vbmi,x86_64,linux,0
1,commit-5-correction-amd-9950x3d,run-1,4,base64-ng,encode,url-safe,padded,23,32,182361,12463593,320.934665,avx2,avx512-vbmi,avx512-vbmi,x86_64,linux,0
1,commit-5-correction-amd-9950x3d,run-1,0,base64-ng,decode,url-safe,padded,23,32,182361,42652684,93.780711,avx2,avx512-vbmi,avx512-vbmi,x86_64,linux,0
1,commit-5-correction-amd-9950x3d,run-1,1,base64-ng,decode,url-safe,padded,23,32,182361,40998070,97.565545,avx2,avx512-vbmi,avx512-vbmi,x86_64,linux,0
1,commit-5-correction-amd-9950x3d,run-1,2,base64-ng,decode,url-safe,padded,23,32,182361,41267296,96.929032,avx2,avx512-vbmi,avx512-vbmi,x86_64,linux,0
1,commit-5-correction-amd-9950x3d,run-1,3,base64-ng,decode,url-safe,padded,23,32,182361,40955639,97.666625,avx2,avx512-vbmi,avx512-vbmi,x86_64,linux,0
1,commit-5-correction-amd-9950x3d,run-1,4,base64-ng,decode,url-safe,padded,23,32,182361,40916236,97.760680,avx2,avx512-vbmi,avx512-vbmi,x86_64,linux,0
1,commit-5-correction-amd-9950x3d,run-1,0,base64-ng,encode,url-safe,padded,23,32,182361,12612874,317.136209,avx512-vbmi,avx512-vbmi,avx512-vbmi,x86_64,linux,0
1,commit-5-correction-amd-9950x3d,run-1,1,base64-ng,encode,url-safe,padded,23,32,182361,12525850,319.339530,avx512-vbmi,avx512-vbmi,avx512-vbmi,x86_64,linux,0
1,commit-5-correction-amd-9950x3d,run-1,2,base64-ng,encode,url-safe,padded,23,32,182361,12512244,319.686784,avx512-vbmi,avx512-vbmi,avx512-vbmi,x86_64,linux,0
1,commit-5-correction-amd-9950x3d,run-1,3,base64-ng,encode,url-safe,padded,23,32,182361,12427755,321.860147,avx512-vbmi,avx512-vbmi,avx512-vbmi,x86_64,linux,0
1,commit-5-correction-amd-9950x3d,run-1,4,base64-ng,encode,url-safe,padded,23,32,182361,12793924,312.648336,avx512-vbmi,avx512-vbmi,avx512-vbmi,x86_64,linux,0
1,commit-5-correction-amd-9950x3d,run-1,0,base64-ng,decode,url-safe,padded,23,32,182361,42024000,95.183682,avx512-vbmi,avx512-vbmi,avx512-vbmi,x86_64,linux,0
1,commit-5-correction-amd-9950x3d,run-1,1,base64-ng,decode,url-safe,padded,23,32,182361,40810907,98.012991,avx512-vbmi,avx512-vbmi,avx512-vbmi,x86_64,linux,0
1,commit-5-correction-amd-9950x3d,run-1,2,base64-ng,decode,url-safe,padded,23,32,182361,40815115,98.002886,avx512-vbmi,avx512-vbmi,avx512-vbmi,x86_64,linux,0
1,commit-5-correction-amd-9950x3d,run-1,3,base64-ng,decode,url-safe,padded,23,32,182361,40664532,98.365796,avx512-vbmi,avx512-vbmi,avx512-vbmi,x86_64,linux,0
1,commit-5-correction-amd-9950x3d,run-1,4,base64-ng,decode,url-safe,padded,23,32,182361,41272446,96.916937,avx512-vbmi,avx512-vbmi,avx512-vbmi,x86_64,linux,0
1,commit-5-correction-amd-9950x3d,run-1,0,base64-0.23.0,encode,url-safe,padded,23,32,182361,2578514,1551.280717,external,avx512-vbmi,avx512-vbmi,x86_64,linux,0
1,commit-5-correction-amd-9950x3d,run-1,1,base64-0.23.0,encode,url-safe,padded,23,32,182361,2685646,1489.399216,external,avx512-vbmi,avx512-vbmi,x86_64,linux,0
1,commit-5-correction-amd-9950x3d,run-1,2,base64-0.23.0,encode,url-safe,padded,23,32,182361,2785774,1435.866314,external,avx512-vbmi,avx512-vbmi,x86_64,linux,0
1,commit-5-correction-amd-9950x3d,run-1,3,base64-0.23.0,encode,url-safe,padded,23,32,182361,2649729,1509.587979,external,avx512-vbmi,avx512-vbmi,x86_64,linux,0
1,commit-5-correction-amd-9950x3d,run-1,4,base64-0.23.0,encode,url-safe,padded,23,32,182361,2657623,1505.104014,external,avx512-vbmi,avx512-vbmi,x86_64,linux,0
1,commit-5-correction-amd-9950x3d,run-1,0,base64-0.23.0,decode,url-safe,padded,23,32,182361,3406222,1174.321300,external,avx512-vbmi,avx512-vbmi,x86_64,linux,0
1,commit-5-correction-amd-9950x3d,run-1,1,base64-0.23.0,decode,url-safe,padded,23,32,182361,3403517,1175.254611,external,avx512-vbmi,avx512-vbmi,x86_64,linux,0
1,commit-5-correction-amd-9950x3d,run-1,2,base64-0.23.0,decode,url-safe,padded,23,32,182361,3431720,1165.595983,external,avx512-vbmi,avx512-vbmi,x86_64,linux,0
1,commit-5-correction-amd-9950x3d,run-1,3,base64-0.23.0,decode,url-safe,padded,23,32,182361,3399940,1176.491069,external,avx512-vbmi,avx512-vbmi,x86_64,linux,0
1,commit-5-correction-amd-9950x3d,run-1,4,base64-0.23.0,decode,url-safe,padded,23,32,182361,3514236,1138.227212,external,avx512-vbmi,avx512-vbmi,x86_64,linux,0
1,commit-5-correction-amd-9950x3d,run-1,0,base64ct-1.8.3,encode,url-safe,padded,23,32,182361,3352391,1193.177958,external,avx512-vbmi,avx512-vbmi,x86_64,linux,0
1,commit-5-correction-amd-9950x3d,run-1,1,base64ct-1.8.3,encode,url-safe,padded,23,32,182361,3350096,1193.995350,external,avx512-vbmi,avx512-vbmi,x86_64,linux,0
1,commit-5-correction-amd-9950x3d,run-1,2,base64ct-1.8.3,encode,url-safe,padded,23,32,182361,3496341,1144.052896,external,avx512-vbmi,avx512-vbmi,x86_64,linux,0
1,commit-5-correction-amd-9950x3d,run-1,3,base64ct-1.8.3,encode,url-safe,padded,23,32,182361,3348493,1194.566943,external,avx512-vbmi,avx512-vbmi,x86_64,linux,0
1,commit-5-correction-amd-9950x3d,run-1,4,base64ct-1.8.3,encode,url-safe,padded,23,32,182361,3323006,1203.729107,external,avx512-vbmi,avx512-vbmi,x86_64,linux,0
1,commit-5-correction-amd-9950x3d,run-1,0,base64ct-1.8.3,decode,url-safe,padded,23,32,182361,8909642,448.951714,external,avx512-vbmi,avx512-vbmi,x86_64,linux,0
1,commit-5-correction-amd-9950x3d,run-1,1,base64ct-1.8.3,decode,url-safe,padded,23,32,182361,8887231,450.083839,external,avx512-vbmi,avx512-vbmi,x86_64,linux,0
1,commit-5-correction-amd-9950x3d,run-1,2,base64ct-1.8.3,decode,url-safe,padded,23,32,182361,8855591,451.691936,external,avx512-vbmi,avx512-vbmi,x86_64,linux,0
1,commit-5-correction-amd-9950x3d,run-1,3,base64ct-1.8.3,decode,url-safe,padded,23,32,182361,8858566,451.540243,external,avx512-vbmi,avx512-vbmi,x86_64,linux,0
1,commit-5-correction-amd-9950x3d,run-1,4,base64ct-1.8.3,decode,url-safe,padded,23,32,182361,8848066,452.076086,external,avx512-vbmi,avx512-vbmi,x86_64,linux,0
1,commit-5-correction-amd-9950x3d,run-1,0,base64-ng,encode,url-safe,padded,24,32,174762,12110608,330.287690,auto,avx512-vbmi,avx512-vbmi,x86_64,linux,0
1,commit-5-correction-amd-9950x3d,run-1,1,base64-ng,encode,url-safe,padded,24,32,174762,12477629,320.572501,auto,avx512-vbmi,avx512-vbmi,x86_64,linux,0
1,commit-5-correction-amd-9950x3d,run-1,2,base64-ng,encode,url-safe,padded,24,32,174762,12562679,318.402209,auto,avx512-vbmi,avx512-vbmi,x86_64,linux,0
1,commit-5-correction-amd-9950x3d,run-1,3,base64-ng,encode,url-safe,padded,24,32,174762,12545137,318.847434,auto,avx512-vbmi,avx512-vbmi,x86_64,linux,0
1,commit-5-correction-amd-9950x3d,run-1,4,base64-ng,encode,url-safe,padded,24,32,174762,12158990,328.973438,auto,avx512-vbmi,avx512-vbmi,x86_64,linux,0
1,commit-5-correction-amd-9950x3d,run-1,0,base64-ng,decode,url-safe,padded,24,32,174762,38912863,102.793381,auto,avx512-vbmi,avx512-vbmi,x86_64,linux,0
1,commit-5-correction-amd-9950x3d,run-1,1,base64-ng,decode,url-safe,padded,24,32,174762,38703289,103.349995,auto,avx512-vbmi,avx512-vbmi,x86_64,linux,0
1,commit-5-correction-amd-9950x3d,run-1,2,base64-ng,decode,url-safe,padded,24,32,174762,38817214,103.046673,auto,avx512-vbmi,avx512-vbmi,x86_64,linux,0
1,commit-5-correction-amd-9950x3d,run-1,3,base64-ng,decode,url-safe,padded,24,32,174762,38920628,102.772873,auto,avx512-vbmi,avx512-vbmi,x86_64,linux,0
1,commit-5-correction-amd-9950x3d,run-1,4,base64-ng,decode,url-safe,padded,24,32,174762,39956729,100.107913,auto,avx512-vbmi,avx512-vbmi,x86_64,linux,0
1,commit-5-correction-amd-9950x3d,run-1,0,base64-ng,encode,url-safe,padded,24,32,174762,12167475,328.744028,scalar,avx512-vbmi,avx512-vbmi,x86_64,linux,0
1,commit-5-correction-amd-9950x3d,run-1,1,base64-ng,encode,url-safe,padded,24,32,174762,12004258,333.213826,scalar,avx512-vbmi,avx512-vbmi,x86_64,linux,0
1,commit-5-correction-amd-9950x3d,run-1,2,base64-ng,encode,url-safe,padded,24,32,174762,12023454,332.681835,scalar,avx512-vbmi,avx512-vbmi,x86_64,linux,0
1,commit-5-correction-amd-9950x3d,run-1,3,base64-ng,encode,url-safe,padded,24,32,174762,12008816,333.087354,scalar,avx512-vbmi,avx512-vbmi,x86_64,linux,0
1,commit-5-correction-amd-9950x3d,run-1,4,base64-ng,encode,url-safe,padded,24,32,174762,11992316,333.545642,scalar,avx512-vbmi,avx512-vbmi,x86_64,linux,0
1,commit-5-correction-amd-9950x3d,run-1,0,base64-ng,decode,url-safe,padded,24,32,174762,13788898,290.087340,scalar,avx512-vbmi,avx512-vbmi,x86_64,linux,0
1,commit-5-correction-amd-9950x3d,run-1,1,base64-ng,decode,url-safe,padded,24,32,174762,13187786,303.309801,scalar,avx512-vbmi,avx512-vbmi,x86_64,linux,0
1,commit-5-correction-amd-9950x3d,run-1,2,base64-ng,decode,url-safe,padded,24,32,174762,13196673,303.105543,scalar,avx512-vbmi,avx512-vbmi,x86_64,linux,0
1,commit-5-correction-amd-9950x3d,run-1,3,base64-ng,decode,url-safe,padded,24,32,174762,15407915,259.605842,scalar,avx512-vbmi,avx512-vbmi,x86_64,linux,0
1,commit-5-correction-amd-9950x3d,run-1,4,base64-ng,decode,url-safe,padded,24,32,174762,14653265,272.975664,scalar,avx512-vbmi,avx512-vbmi,x86_64,linux,0
1,commit-5-correction-amd-9950x3d,run-1,0,base64-ng,encode,url-safe,padded,24,32,174762,15935088,251.017424,ssse3-sse4.1,avx512-vbmi,avx512-vbmi,x86_64,linux,0
1,commit-5-correction-amd-9950x3d,run-1,1,base64-ng,encode,url-safe,padded,24,32,174762,15906034,251.475933,ssse3-sse4.1,avx512-vbmi,avx512-vbmi,x86_64,linux,0
1,commit-5-correction-amd-9950x3d,run-1,2,base64-ng,encode,url-safe,padded,24,32,174762,15765929,253.710691,ssse3-sse4.1,avx512-vbmi,avx512-vbmi,x86_64,linux,0
1,commit-5-correction-amd-9950x3d,run-1,3,base64-ng,encode,url-safe,padded,24,32,174762,15768475,253.669727,ssse3-sse4.1,avx512-vbmi,avx512-vbmi,x86_64,linux,0
1,commit-5-correction-amd-9950x3d,run-1,4,base64-ng,encode,url-safe,padded,24,32,174762,15421181,259.382517,ssse3-sse4.1,avx512-vbmi,avx512-vbmi,x86_64,linux,0
1,commit-5-correction-amd-9950x3d,run-1,0,base64-ng,decode,url-safe,padded,24,32,174762,53981240,74.099534,ssse3-sse4.1,avx512-vbmi,avx512-vbmi,x86_64,linux,0
1,commit-5-correction-amd-9950x3d,run-1,1,base64-ng,decode,url-safe,padded,24,32,174762,54091007,73.949164,ssse3-sse4.1,avx512-vbmi,avx512-vbmi,x86_64,linux,0
1,commit-5-correction-amd-9950x3d,run-1,2,base64-ng,decode,url-safe,padded,24,32,174762,53783838,74.371501,ssse3-sse4.1,avx512-vbmi,avx512-vbmi,x86_64,linux,0
1,commit-5-correction-amd-9950x3d,run-1,3,base64-ng,decode,url-safe,padded,24,32,174762,55537009,72.023770,ssse3-sse4.1,avx512-vbmi,avx512-vbmi,x86_64,linux,0
1,commit-5-correction-amd-9950x3d,run-1,4,base64-ng,decode,url-safe,padded,24,32,174762,54144938,73.875507,ssse3-sse4.1,avx512-vbmi,avx512-vbmi,x86_64,linux,0
1,commit-5-correction-amd-9950x3d,run-1,0,base64-ng,encode,url-safe,padded,24,32,174762,9882654,404.748030,avx2,avx512-vbmi,avx512-vbmi,x86_64,linux,0
1,commit-5-correction-amd-9950x3d,run-1,1,base64-ng,encode,url-safe,padded,24,32,174762,10040691,398.377436,avx2,avx512-vbmi,avx512-vbmi,x86_64,linux,0
1,commit-5-correction-amd-9950x3d,run-1,2,base64-ng,encode,url-safe,padded,24,32,174762,9969708,401.213831,avx2,avx512-vbmi,avx512-vbmi,x86_64,linux,0
1,commit-5-correction-amd-9950x3d,run-1,3,base64-ng,encode,url-safe,padded,24,32,174762,9983695,400.651737,avx2,avx512-vbmi,avx512-vbmi,x86_64,linux,0
1,commit-5-correction-amd-9950x3d,run-1,4,base64-ng,encode,url-safe,padded,24,32,174762,10071630,397.153662,avx2,avx512-vbmi,avx512-vbmi,x86_64,linux,0
1,commit-5-correction-amd-9950x3d,run-1,0,base64-ng,decode,url-safe,padded,24,32,174762,38517891,103.847450,avx2,avx512-vbmi,avx512-vbmi,x86_64,linux,0
1,commit-5-correction-amd-9950x3d,run-1,1,base64-ng,decode,url-safe,padded,24,32,174762,38510737,103.866741,avx2,avx512-vbmi,avx512-vbmi,x86_64,linux,0
1,commit-5-correction-amd-9950x3d,run-1,2,base64-ng,decode,url-safe,padded,24,32,174762,39539303,101.164776,avx2,avx512-vbmi,avx512-vbmi,x86_64,linux,0
1,commit-5-correction-amd-9950x3d,run-1,3,base64-ng,decode,url-safe,padded,24,32,174762,38509063,103.871256,avx2,avx512-vbmi,avx512-vbmi,x86_64,linux,0
1,commit-5-correction-amd-9950x3d,run-1,4,base64-ng,decode,url-safe,padded,24,32,174762,38121374,104.927612,avx2,avx512-vbmi,avx512-vbmi,x86_64,linux,0
1,commit-5-correction-amd-9950x3d,run-1,0,base64-ng,encode,url-safe,padded,24,32,174762,12504991,319.871061,avx512-vbmi,avx512-vbmi,avx512-vbmi,x86_64,linux,0
1,commit-5-correction-amd-9950x3d,run-1,1,base64-ng,encode,url-safe,padded,24,32,174762,12360328,323.614773,avx512-vbmi,avx512-vbmi,avx512-vbmi,x86_64,linux,0
1,commit-5-correction-amd-9950x3d,run-1,2,base64-ng,encode,url-safe,padded,24,32,174762,12284055,325.624132,avx512-vbmi,avx512-vbmi,avx512-vbmi,x86_64,linux,0
1,commit-5-correction-amd-9950x3d,run-1,3,base64-ng,encode,url-safe,padded,24,32,174762,12292040,325.412604,avx512-vbmi,avx512-vbmi,avx512-vbmi,x86_64,linux,0
1,commit-5-correction-amd-9950x3d,run-1,4,base64-ng,encode,url-safe,padded,24,32,174762,12316696,324.761181,avx512-vbmi,avx512-vbmi,avx512-vbmi,x86_64,linux,0
1,commit-5-correction-amd-9950x3d,run-1,0,base64-ng,decode,url-safe,padded,24,32,174762,38544070,103.776917,avx512-vbmi,avx512-vbmi,avx512-vbmi,x86_64,linux,0
1,commit-5-correction-amd-9950x3d,run-1,1,base64-ng,decode,url-safe,padded,24,32,174762,39060672,102.404402,avx512-vbmi,avx512-vbmi,avx512-vbmi,x86_64,linux,0
1,commit-5-correction-amd-9950x3d,run-1,2,base64-ng,decode,url-safe,padded,24,32,174762,39193322,102.057813,avx512-vbmi,avx512-vbmi,avx512-vbmi,x86_64,linux,0
1,commit-5-correction-amd-9950x3d,run-1,3,base64-ng,decode,url-safe,padded,24,32,174762,38603071,103.618304,avx512-vbmi,avx512-vbmi,avx512-vbmi,x86_64,linux,0
1,commit-5-correction-amd-9950x3d,run-1,4,base64-ng,decode,url-safe,padded,24,32,174762,39450906,101.391455,avx512-vbmi,avx512-vbmi,avx512-vbmi,x86_64,linux,0
1,commit-5-correction-amd-9950x3d,run-1,0,base64-0.23.0,encode,url-safe,padded,24,32,174762,3346730,1195.191946,external,avx512-vbmi,avx512-vbmi,x86_64,linux,0
1,commit-5-correction-amd-9950x3d,run-1,1,base64-0.23.0,encode,url-safe,padded,24,32,174762,3103823,1288.728365,external,avx512-vbmi,avx512-vbmi,x86_64,linux,0
1,commit-5-correction-amd-9950x3d,run-1,2,base64-0.23.0,encode,url-safe,padded,24,32,174762,2669997,1498.123309,external,avx512-vbmi,avx512-vbmi,x86_64,linux,0
1,commit-5-correction-amd-9950x3d,run-1,3,base64-0.23.0,encode,url-safe,padded,24,32,174762,3553910,1125.516612,external,avx512-vbmi,avx512-vbmi,x86_64,linux,0
1,commit-5-correction-amd-9950x3d,run-1,4,base64-0.23.0,encode,url-safe,padded,24,32,174762,2901862,1378.420042,external,avx512-vbmi,avx512-vbmi,x86_64,linux,0
1,commit-5-correction-amd-9950x3d,run-1,0,base64-0.23.0,decode,url-safe,padded,24,32,174762,3302236,1211.295844,external,avx512-vbmi,avx512-vbmi,x86_64,linux,0
1,commit-5-correction-amd-9950x3d,run-1,1,base64-0.23.0,decode,url-safe,padded,24,32,174762,3313067,1207.335904,external,avx512-vbmi,avx512-vbmi,x86_64,linux,0
1,commit-5-correction-amd-9950x3d,run-1,2,base64-0.23.0,decode,url-safe,padded,24,32,174762,3299131,1212.435863,external,avx512-vbmi,avx512-vbmi,x86_64,linux,0
1,commit-5-correction-amd-9950x3d,run-1,3,base64-0.23.0,decode,url-safe,padded,24,32,174762,3279985,1219.513120,external,avx512-vbmi,avx512-vbmi,x86_64,linux,0
1,commit-5-correction-amd-9950x3d,run-1,4,base64-0.23.0,decode,url-safe,padded,24,32,174762,3283651,1218.151607,external,avx512-vbmi,avx512-vbmi,x86_64,linux,0
1,commit-5-correction-amd-9950x3d,run-1,0,base64ct-1.8.3,encode,url-safe,padded,24,32,174762,2620584,1526.371504,external,avx512-vbmi,avx512-vbmi,x86_64,linux,0
1,commit-5-correction-amd-9950x3d,run-1,1,base64ct-1.8.3,encode,url-safe,padded,24,32,174762,2608651,1533.353730,external,avx512-vbmi,avx512-vbmi,x86_64,linux,0
1,commit-5-correction-amd-9950x3d,run-1,2,base64ct-1.8.3,encode,url-safe,padded,24,32,174762,2738605,1460.592068,external,avx512-vbmi,avx512-vbmi,x86_64,linux,0
1,commit-5-correction-amd-9950x3d,run-1,3,base64ct-1.8.3,encode,url-safe,padded,24,32,174762,2605956,1534.939478,external,avx512-vbmi,avx512-vbmi,x86_64,linux,0
1,commit-5-correction-amd-9950x3d,run-1,4,base64ct-1.8.3,encode,url-safe,padded,24,32,174762,2615013,1529.623272,external,avx512-vbmi,avx512-vbmi,x86_64,linux,0
1,commit-5-correction-amd-9950x3d,run-1,0,base64ct-1.8.3,decode,url-safe,padded,24,32,174762,6788529,589.227024,external,avx512-vbmi,avx512-vbmi,x86_64,linux,0
1,commit-5-correction-amd-9950x3d,run-1,1,base64ct-1.8.3,decode,url-safe,padded,24,32,174762,6809679,587.396960,external,avx512-vbmi,avx512-vbmi,x86_64,linux,0
1,commit-5-correction-amd-9950x3d,run-1,2,base64ct-1.8.3,decode,url-safe,padded,24,32,174762,6789201,589.168702,external,avx512-vbmi,avx512-vbmi,x86_64,linux,0
1,commit-5-correction-amd-9950x3d,run-1,3,base64ct-1.8.3,decode,url-safe,padded,24,32,174762,6786696,589.386167,external,avx512-vbmi,avx512-vbmi,x86_64,linux,0
1,commit-5-correction-amd-9950x3d,run-1,4,base64ct-1.8.3,decode,url-safe,padded,24,32,174762,6784852,589.546351,external,avx512-vbmi,avx512-vbmi,x86_64,linux,0
1,commit-5-correction-amd-9950x3d,run-1,0,base64-ng,encode,url-safe,padded,31,44,135300,11939015,335.035695,auto,avx512-vbmi,avx512-vbmi,x86_64,linux,0
1,commit-5-correction-amd-9950x3d,run-1,1,base64-ng,encode,url-safe,padded,31,44,135300,11779395,339.575690,auto,avx512-vbmi,avx512-vbmi,x86_64,linux,0
1,commit-5-correction-amd-9950x3d,run-1,2,base64-ng,encode,url-safe,padded,31,44,135300,11780477,339.544501,auto,avx512-vbmi,avx512-vbmi,x86_64,linux,0
1,commit-5-correction-amd-9950x3d,run-1,3,base64-ng,encode,url-safe,padded,31,44,135300,11839729,337.845248,auto,avx512-vbmi,avx512-vbmi,x86_64,linux,0
1,commit-5-correction-amd-9950x3d,run-1,4,base64-ng,encode,url-safe,padded,31,44,135300,11853163,337.462345,auto,avx512-vbmi,avx512-vbmi,x86_64,linux,0
1,commit-5-correction-amd-9950x3d,run-1,0,base64-ng,decode,url-safe,padded,31,44,135300,34832933,114.833746,auto,avx512-vbmi,avx512-vbmi,x86_64,linux,0
1,commit-5-correction-amd-9950x3d,run-1,1,base64-ng,decode,url-safe,padded,31,44,135300,34883929,114.665873,auto,avx512-vbmi,avx512-vbmi,x86_64,linux,0
1,commit-5-correction-amd-9950x3d,run-1,2,base64-ng,decode,url-safe,padded,31,44,135300,34960874,114.413507,auto,avx512-vbmi,avx512-vbmi,x86_64,linux,0
1,commit-5-correction-amd-9950x3d,run-1,3,base64-ng,decode,url-safe,padded,31,44,135300,35742215,111.912375,auto,avx512-vbmi,avx512-vbmi,x86_64,linux,0
1,commit-5-correction-amd-9950x3d,run-1,4,base64-ng,decode,url-safe,padded,31,44,135300,35669047,112.141942,auto,avx512-vbmi,avx512-vbmi,x86_64,linux,0
1,commit-5-correction-amd-9950x3d,run-1,0,base64-ng,encode,url-safe,padded,31,44,135300,11853364,337.456623,scalar,avx512-vbmi,avx512-vbmi,x86_64,linux,0
1,commit-5-correction-amd-9950x3d,run-1,1,base64-ng,encode,url-safe,padded,31,44,135300,11856760,337.359969,scalar,avx512-vbmi,avx512-vbmi,x86_64,linux,0
1,commit-5-correction-amd-9950x3d,run-1,2,base64-ng,encode,url-safe,padded,31,44,135300,11833978,338.009432,scalar,avx512-vbmi,avx512-vbmi,x86_64,linux,0
1,commit-5-correction-amd-9950x3d,run-1,3,base64-ng,encode,url-safe,padded,31,44,135300,11822406,338.340282,scalar,avx512-vbmi,avx512-vbmi,x86_64,linux,0
1,commit-5-correction-amd-9950x3d,run-1,4,base64-ng,encode,url-safe,padded,31,44,135300,11822396,338.340569,scalar,avx512-vbmi,avx512-vbmi,x86_64,linux,0
1,commit-5-correction-amd-9950x3d,run-1,0,base64-ng,decode,url-safe,padded,31,44,135300,13493712,296.434086,scalar,avx512-vbmi,avx512-vbmi,x86_64,linux,0
1,commit-5-correction-amd-9950x3d,run-1,1,base64-ng,decode,url-safe,padded,31,44,135300,13517357,295.915554,scalar,avx512-vbmi,avx512-vbmi,x86_64,linux,0
1,commit-5-correction-amd-9950x3d,run-1,2,base64-ng,decode,url-safe,padded,31,44,135300,13545469,295.301417,scalar,avx512-vbmi,avx512-vbmi,x86_64,linux,0
1,commit-5-correction-amd-9950x3d,run-1,3,base64-ng,decode,url-safe,padded,31,44,135300,13760273,290.691630,scalar,avx512-vbmi,avx512-vbmi,x86_64,linux,0
1,commit-5-correction-amd-9950x3d,run-1,4,base64-ng,decode,url-safe,padded,31,44,135300,13576137,294.634342,scalar,avx512-vbmi,avx512-vbmi,x86_64,linux,0
1,commit-5-correction-amd-9950x3d,run-1,0,base64-ng,encode,url-safe,padded,31,44,135300,14409086,277.602353,ssse3-sse4.1,avx512-vbmi,avx512-vbmi,x86_64,linux,0
1,commit-5-correction-amd-9950x3d,run-1,1,base64-ng,encode,url-safe,padded,31,44,135300,14509825,275.675012,ssse3-sse4.1,avx512-vbmi,avx512-vbmi,x86_64,linux,0
1,commit-5-correction-amd-9950x3d,run-1,2,base64-ng,encode,url-safe,padded,31,44,135300,14488815,276.074764,ssse3-sse4.1,avx512-vbmi,avx512-vbmi,x86_64,linux,0
1,commit-5-correction-amd-9950x3d,run-1,3,base64-ng,encode,url-safe,padded,31,44,135300,14452918,276.760457,ssse3-sse4.1,avx512-vbmi,avx512-vbmi,x86_64,linux,0
1,commit-5-correction-amd-9950x3d,run-1,4,base64-ng,encode,url-safe,padded,31,44,135300,14474668,276.344589,ssse3-sse4.1,avx512-vbmi,avx512-vbmi,x86_64,linux,0
1,commit-5-correction-amd-9950x3d,run-1,0,base64-ng,decode,url-safe,padded,31,44,135300,46992313,85.120223,ssse3-sse4.1,avx512-vbmi,avx512-vbmi,x86_64,linux,0
1,commit-5-correction-amd-9950x3d,run-1,1,base64-ng,decode,url-safe,padded,31,44,135300,47137387,84.858250,ssse3-sse4.1,avx512-vbmi,avx512-vbmi,x86_64,linux,0
1,commit-5-correction-amd-9950x3d,run-1,2,base64-ng,decode,url-safe,padded,31,44,135300,46428722,86.153485,ssse3-sse4.1,avx512-vbmi,avx512-vbmi,x86_64,linux,0
1,commit-5-correction-amd-9950x3d,run-1,3,base64-ng,decode,url-safe,padded,31,44,135300,45925615,87.097281,ssse3-sse4.1,avx512-vbmi,avx512-vbmi,x86_64,linux,0
1,commit-5-correction-amd-9950x3d,run-1,4,base64-ng,decode,url-safe,padded,31,44,135300,46609914,85.818570,ssse3-sse4.1,avx512-vbmi,avx512-vbmi,x86_64,linux,0
1,commit-5-correction-amd-9950x3d,run-1,0,base64-ng,encode,url-safe,padded,31,44,135300,10371885,385.657591,avx2,avx512-vbmi,avx512-vbmi,x86_64,linux,0
1,commit-5-correction-amd-9950x3d,run-1,1,base64-ng,encode,url-safe,padded,31,44,135300,10095455,396.217524,avx2,avx512-vbmi,avx512-vbmi,x86_64,linux,0
1,commit-5-correction-amd-9950x3d,run-1,2,base64-ng,encode,url-safe,padded,31,44,135300,10197206,392.263938,avx2,avx512-vbmi,avx512-vbmi,x86_64,linux,0
1,commit-5-correction-amd-9950x3d,run-1,3,base64-ng,encode,url-safe,padded,31,44,135300,10207035,391.886203,avx2,avx512-vbmi,avx512-vbmi,x86_64,linux,0
1,commit-5-correction-amd-9950x3d,run-1,4,base64-ng,encode,url-safe,padded,31,44,135300,10206193,391.918533,avx2,avx512-vbmi,avx512-vbmi,x86_64,linux,0
1,commit-5-correction-amd-9950x3d,run-1,0,base64-ng,decode,url-safe,padded,31,44,135300,34145018,117.147286,avx2,avx512-vbmi,avx512-vbmi,x86_64,linux,0
1,commit-5-correction-amd-9950x3d,run-1,1,base64-ng,decode,url-safe,padded,31,44,135300,33923211,117.913254,avx2,avx512-vbmi,avx512-vbmi,x86_64,linux,0
1,commit-5-correction-amd-9950x3d,run-1,2,base64-ng,decode,url-safe,padded,31,44,135300,33966081,117.764431,avx2,avx512-vbmi,avx512-vbmi,x86_64,linux,0
1,commit-5-correction-amd-9950x3d,run-1,3,base64-ng,decode,url-safe,padded,31,44,135300,37828222,105.741057,avx2,avx512-vbmi,avx512-vbmi,x86_64,linux,0
1,commit-5-correction-amd-9950x3d,run-1,4,base64-ng,decode,url-safe,padded,31,44,135300,35161171,113.761745,avx2,avx512-vbmi,avx512-vbmi,x86_64,linux,0
1,commit-5-correction-amd-9950x3d,run-1,0,base64-ng,encode,url-safe,padded,31,44,135300,11982447,333.821313,avx512-vbmi,avx512-vbmi,avx512-vbmi,x86_64,linux,0
1,commit-5-correction-amd-9950x3d,run-1,1,base64-ng,encode,url-safe,padded,31,44,135300,11945348,334.858071,avx512-vbmi,avx512-vbmi,avx512-vbmi,x86_64,linux,0
1,commit-5-correction-amd-9950x3d,run-1,2,base64-ng,encode,url-safe,padded,31,44,135300,11934356,335.166488,avx512-vbmi,avx512-vbmi,avx512-vbmi,x86_64,linux,0
1,commit-5-correction-amd-9950x3d,run-1,3,base64-ng,encode,url-safe,padded,31,44,135300,11897687,336.199480,avx512-vbmi,avx512-vbmi,avx512-vbmi,x86_64,linux,0
1,commit-5-correction-amd-9950x3d,run-1,4,base64-ng,encode,url-safe,padded,31,44,135300,11866659,337.078548,avx512-vbmi,avx512-vbmi,avx512-vbmi,x86_64,linux,0
1,commit-5-correction-amd-9950x3d,run-1,0,base64-ng,decode,url-safe,padded,31,44,135300,34154806,117.113714,avx512-vbmi,avx512-vbmi,avx512-vbmi,x86_64,linux,0
1,commit-5-correction-amd-9950x3d,run-1,1,base64-ng,decode,url-safe,padded,31,44,135300,34221132,116.886729,avx512-vbmi,avx512-vbmi,avx512-vbmi,x86_64,linux,0
1,commit-5-correction-amd-9950x3d,run-1,2,base64-ng,decode,url-safe,padded,31,44,135300,36154341,110.636678,avx512-vbmi,avx512-vbmi,avx512-vbmi,x86_64,linux,0
1,commit-5-correction-amd-9950x3d,run-1,3,base64-ng,decode,url-safe,padded,31,44,135300,34750909,115.104793,avx512-vbmi,avx512-vbmi,avx512-vbmi,x86_64,linux,0
1,commit-5-correction-amd-9950x3d,run-1,4,base64-ng,decode,url-safe,padded,31,44,135300,35052246,114.115261,avx512-vbmi,avx512-vbmi,avx512-vbmi,x86_64,linux,0
1,commit-5-correction-amd-9950x3d,run-1,0,base64-0.23.0,encode,url-safe,padded,31,44,135300,1854321,2157.121763,external,avx512-vbmi,avx512-vbmi,x86_64,linux,0
1,commit-5-correction-amd-9950x3d,run-1,1,base64-0.23.0,encode,url-safe,padded,31,44,135300,1867886,2141.456269,external,avx512-vbmi,avx512-vbmi,x86_64,linux,0
1,commit-5-correction-amd-9950x3d,run-1,2,base64-0.23.0,encode,url-safe,padded,31,44,135300,1860232,2150.267378,external,avx512-vbmi,avx512-vbmi,x86_64,linux,0
1,commit-5-correction-amd-9950x3d,run-1,3,base64-0.23.0,encode,url-safe,padded,31,44,135300,1848329,2164.114822,external,avx512-vbmi,avx512-vbmi,x86_64,linux,0
1,commit-5-correction-amd-9950x3d,run-1,4,base64-0.23.0,encode,url-safe,padded,31,44,135300,1852287,2159.490503,external,avx512-vbmi,avx512-vbmi,x86_64,linux,0
1,commit-5-correction-amd-9950x3d,run-1,0,base64-0.23.0,decode,url-safe,padded,31,44,135300,2880824,1388.490302,external,avx512-vbmi,avx512-vbmi,x86_64,linux,0
1,commit-5-correction-amd-9950x3d,run-1,1,base64-0.23.0,decode,url-safe,padded,31,44,135300,2865955,1395.693996,external,avx512-vbmi,avx512-vbmi,x86_64,linux,0
1,commit-5-correction-amd-9950x3d,run-1,2,base64-0.23.0,decode,url-safe,padded,31,44,135300,2879832,1388.968588,external,avx512-vbmi,avx512-vbmi,x86_64,linux,0
1,commit-5-correction-amd-9950x3d,run-1,3,base64-0.23.0,decode,url-safe,padded,31,44,135300,2869231,1394.100435,external,avx512-vbmi,avx512-vbmi,x86_64,linux,0
1,commit-5-correction-amd-9950x3d,run-1,4,base64-0.23.0,decode,url-safe,padded,31,44,135300,2874752,1391.423046,external,avx512-vbmi,avx512-vbmi,x86_64,linux,0
1,commit-5-correction-amd-9950x3d,run-1,0,base64ct-1.8.3,encode,url-safe,padded,31,44,135300,2930347,1365.024751,external,avx512-vbmi,avx512-vbmi,x86_64,linux,0
1,commit-5-correction-amd-9950x3d,run-1,1,base64ct-1.8.3,encode,url-safe,padded,31,44,135300,2932370,1364.083040,external,avx512-vbmi,avx512-vbmi,x86_64,linux,0
1,commit-5-correction-amd-9950x3d,run-1,2,base64ct-1.8.3,encode,url-safe,padded,31,44,135300,2986011,1339.578516,external,avx512-vbmi,avx512-vbmi,x86_64,linux,0
1,commit-5-correction-amd-9950x3d,run-1,3,base64ct-1.8.3,encode,url-safe,padded,31,44,135300,2987293,1339.003635,external,avx512-vbmi,avx512-vbmi,x86_64,linux,0
1,commit-5-correction-amd-9950x3d,run-1,4,base64ct-1.8.3,encode,url-safe,padded,31,44,135300,2935517,1362.620685,external,avx512-vbmi,avx512-vbmi,x86_64,linux,0
1,commit-5-correction-amd-9950x3d,run-1,0,base64ct-1.8.3,decode,url-safe,padded,31,44,135300,7647476,523.047890,external,avx512-vbmi,avx512-vbmi,x86_64,linux,0
1,commit-5-correction-amd-9950x3d,run-1,1,base64ct-1.8.3,decode,url-safe,padded,31,44,135300,7648789,522.958103,external,avx512-vbmi,avx512-vbmi,x86_64,linux,0
1,commit-5-correction-amd-9950x3d,run-1,2,base64ct-1.8.3,decode,url-safe,padded,31,44,135300,7630334,524.222948,external,avx512-vbmi,avx512-vbmi,x86_64,linux,0
1,commit-5-correction-amd-9950x3d,run-1,3,base64ct-1.8.3,decode,url-safe,padded,31,44,135300,7635824,523.846043,external,avx512-vbmi,avx512-vbmi,x86_64,linux,0
1,commit-5-correction-amd-9950x3d,run-1,4,base64ct-1.8.3,decode,url-safe,padded,31,44,135300,7635674,523.856333,external,avx512-vbmi,avx512-vbmi,x86_64,linux,0
1,commit-5-correction-amd-9950x3d,run-1,0,base64-ng,encode,url-safe,padded,32,44,131072,11905572,335.977137,auto,avx512-vbmi,avx512-vbmi,x86_64,linux,0
1,commit-5-correction-amd-9950x3d,run-1,1,base64-ng,encode,url-safe,padded,32,44,131072,11886777,336.508374,auto,avx512-vbmi,avx512-vbmi,x86_64,linux,0
1,commit-5-correction-amd-9950x3d,run-1,2,base64-ng,encode,url-safe,padded,32,44,131072,11870506,336.969629,auto,avx512-vbmi,avx512-vbmi,x86_64,linux,0
1,commit-5-correction-amd-9950x3d,run-1,3,base64-ng,encode,url-safe,padded,32,44,131072,11777091,339.642447,auto,avx512-vbmi,avx512-vbmi,x86_64,linux,0
1,commit-5-correction-amd-9950x3d,run-1,4,base64-ng,encode,url-safe,padded,32,44,131072,11794123,339.151966,auto,avx512-vbmi,avx512-vbmi,x86_64,linux,0
1,commit-5-correction-amd-9950x3d,run-1,0,base64-ng,decode,url-safe,padded,32,44,131072,34156600,117.107675,auto,avx512-vbmi,avx512-vbmi,x86_64,linux,0
1,commit-5-correction-amd-9950x3d,run-1,1,base64-ng,decode,url-safe,padded,32,44,131072,33805168,118.325103,auto,avx512-vbmi,avx512-vbmi,x86_64,linux,0
1,commit-5-correction-amd-9950x3d,run-1,2,base64-ng,decode,url-safe,padded,32,44,131072,33737511,118.562392,auto,avx512-vbmi,avx512-vbmi,x86_64,linux,0
1,commit-5-correction-amd-9950x3d,run-1,3,base64-ng,decode,url-safe,padded,32,44,131072,33791452,118.373132,auto,avx512-vbmi,avx512-vbmi,x86_64,linux,0
1,commit-5-correction-amd-9950x3d,run-1,4,base64-ng,decode,url-safe,padded,32,44,131072,33805839,118.322755,auto,avx512-vbmi,avx512-vbmi,x86_64,linux,0
1,commit-5-correction-amd-9950x3d,run-1,0,base64-ng,encode,url-safe,padded,32,44,131072,12013635,332.955013,scalar,avx512-vbmi,avx512-vbmi,x86_64,linux,0
1,commit-5-correction-amd-9950x3d,run-1,1,base64-ng,encode,url-safe,padded,32,44,131072,12107342,330.378047,scalar,avx512-vbmi,avx512-vbmi,x86_64,linux,0
1,commit-5-correction-amd-9950x3d,run-1,2,base64-ng,encode,url-safe,padded,32,44,131072,12070282,331.392423,scalar,avx512-vbmi,avx512-vbmi,x86_64,linux,0
1,commit-5-correction-amd-9950x3d,run-1,3,base64-ng,encode,url-safe,padded,32,44,131072,11699955,341.881657,scalar,avx512-vbmi,avx512-vbmi,x86_64,linux,0
1,commit-5-correction-amd-9950x3d,run-1,4,base64-ng,encode,url-safe,padded,32,44,131072,11783181,339.466906,scalar,avx512-vbmi,avx512-vbmi,x86_64,linux,0
1,commit-5-correction-amd-9950x3d,run-1,0,base64-ng,decode,url-safe,padded,32,44,131072,13489945,296.517147,scalar,avx512-vbmi,avx512-vbmi,x86_64,linux,0
1,commit-5-correction-amd-9950x3d,run-1,1,base64-ng,decode,url-safe,padded,32,44,131072,13492410,296.462974,scalar,avx512-vbmi,avx512-vbmi,x86_64,linux,0
1,commit-5-correction-amd-9950x3d,run-1,2,base64-ng,decode,url-safe,padded,32,44,131072,13422217,298.013361,scalar,avx512-vbmi,avx512-vbmi,x86_64,linux,0
1,commit-5-correction-amd-9950x3d,run-1,3,base64-ng,decode,url-safe,padded,32,44,131072,13424482,297.963080,scalar,avx512-vbmi,avx512-vbmi,x86_64,linux,0
1,commit-5-correction-amd-9950x3d,run-1,4,base64-ng,decode,url-safe,padded,32,44,131072,13380539,298.941620,scalar,avx512-vbmi,avx512-vbmi,x86_64,linux,0
1,commit-5-correction-amd-9950x3d,run-1,0,base64-ng,encode,url-safe,padded,32,44,131072,14322723,279.276503,ssse3-sse4.1,avx512-vbmi,avx512-vbmi,x86_64,linux,0
1,commit-5-correction-amd-9950x3d,run-1,1,base64-ng,encode,url-safe,padded,32,44,131072,14331710,279.101377,ssse3-sse4.1,avx512-vbmi,avx512-vbmi,x86_64,linux,0
1,commit-5-correction-amd-9950x3d,run-1,2,base64-ng,encode,url-safe,padded,32,44,131072,14254354,280.616014,ssse3-sse4.1,avx512-vbmi,avx512-vbmi,x86_64,linux,0
1,commit-5-correction-amd-9950x3d,run-1,3,base64-ng,encode,url-safe,padded,32,44,131072,14337190,278.994698,ssse3-sse4.1,avx512-vbmi,avx512-vbmi,x86_64,linux,0
1,commit-5-correction-amd-9950x3d,run-1,4,base64-ng,encode,url-safe,padded,32,44,131072,14343912,278.863953,ssse3-sse4.1,avx512-vbmi,avx512-vbmi,x86_64,linux,0
1,commit-5-correction-amd-9950x3d,run-1,0,base64-ng,decode,url-safe,padded,32,44,131072,46664957,85.717426,ssse3-sse4.1,avx512-vbmi,avx512-vbmi,x86_64,linux,0
1,commit-5-correction-amd-9950x3d,run-1,1,base64-ng,decode,url-safe,padded,32,44,131072,45793987,87.347712,ssse3-sse4.1,avx512-vbmi,avx512-vbmi,x86_64,linux,0
1,commit-5-correction-amd-9950x3d,run-1,2,base64-ng,decode,url-safe,padded,32,44,131072,45431556,88.044530,ssse3-sse4.1,avx512-vbmi,avx512-vbmi,x86_64,linux,0
1,commit-5-correction-amd-9950x3d,run-1,3,base64-ng,decode,url-safe,padded,32,44,131072,48658720,82.205204,ssse3-sse4.1,avx512-vbmi,avx512-vbmi,x86_64,linux,0
1,commit-5-correction-amd-9950x3d,run-1,4,base64-ng,decode,url-safe,padded,32,44,131072,45397601,88.110383,ssse3-sse4.1,avx512-vbmi,avx512-vbmi,x86_64,linux,0
1,commit-5-correction-amd-9950x3d,run-1,0,base64-ng,encode,url-safe,padded,32,44,131072,10009413,399.623834,avx2,avx512-vbmi,avx512-vbmi,x86_64,linux,0
1,commit-5-correction-amd-9950x3d,run-1,1,base64-ng,encode,url-safe,padded,32,44,131072,9980458,400.783211,avx2,avx512-vbmi,avx512-vbmi,x86_64,linux,0
1,commit-5-correction-amd-9950x3d,run-1,2,base64-ng,encode,url-safe,padded,32,44,131072,10040522,398.385662,avx2,avx512-vbmi,avx512-vbmi,x86_64,linux,0
1,commit-5-correction-amd-9950x3d,run-1,3,base64-ng,encode,url-safe,padded,32,44,131072,10078012,396.903675,avx2,avx512-vbmi,avx512-vbmi,x86_64,linux,0
1,commit-5-correction-amd-9950x3d,run-1,4,base64-ng,encode,url-safe,padded,32,44,131072,9995436,400.182643,avx2,avx512-vbmi,avx512-vbmi,x86_64,linux,0
1,commit-5-correction-amd-9950x3d,run-1,0,base64-ng,decode,url-safe,padded,32,44,131072,33460239,119.544872,avx2,avx512-vbmi,avx512-vbmi,x86_64,linux,0
1,commit-5-correction-amd-9950x3d,run-1,1,base64-ng,decode,url-safe,padded,32,44,131072,33963476,117.773575,avx2,avx512-vbmi,avx512-vbmi,x86_64,linux,0
1,commit-5-correction-amd-9950x3d,run-1,2,base64-ng,decode,url-safe,padded,32,44,131072,33512908,119.356995,avx2,avx512-vbmi,avx512-vbmi,x86_64,linux,0
1,commit-5-correction-amd-9950x3d,run-1,3,base64-ng,decode,url-safe,padded,32,44,131072,33745837,118.533139,avx2,avx512-vbmi,avx512-vbmi,x86_64,linux,0
1,commit-5-correction-amd-9950x3d,run-1,4,base64-ng,decode,url-safe,padded,32,44,131072,33513770,119.353925,avx2,avx512-vbmi,avx512-vbmi,x86_64,linux,0
1,commit-5-correction-amd-9950x3d,run-1,0,base64-ng,encode,url-safe,padded,32,44,131072,12162396,328.882566,avx512-vbmi,avx512-vbmi,avx512-vbmi,x86_64,linux,0
1,commit-5-correction-amd-9950x3d,run-1,1,base64-ng,encode,url-safe,padded,32,44,131072,11988920,333.641396,avx512-vbmi,avx512-vbmi,avx512-vbmi,x86_64,linux,0
1,commit-5-correction-amd-9950x3d,run-1,2,base64-ng,encode,url-safe,padded,32,44,131072,11965435,334.296246,avx512-vbmi,avx512-vbmi,avx512-vbmi,x86_64,linux,0
1,commit-5-correction-amd-9950x3d,run-1,3,base64-ng,encode,url-safe,padded,32,44,131072,11977898,333.948411,avx512-vbmi,avx512-vbmi,avx512-vbmi,x86_64,linux,0
1,commit-5-correction-amd-9950x3d,run-1,4,base64-ng,encode,url-safe,padded,32,44,131072,13142902,304.346787,avx512-vbmi,avx512-vbmi,avx512-vbmi,x86_64,linux,0
1,commit-5-correction-amd-9950x3d,run-1,0,base64-ng,decode,url-safe,padded,32,44,131072,33595012,119.065295,avx512-vbmi,avx512-vbmi,avx512-vbmi,x86_64,linux,0
1,commit-5-correction-amd-9950x3d,run-1,1,base64-ng,decode,url-safe,padded,32,44,131072,33607767,119.020106,avx512-vbmi,avx512-vbmi,avx512-vbmi,x86_64,linux,0
1,commit-5-correction-amd-9950x3d,run-1,2,base64-ng,decode,url-safe,padded,32,44,131072,34063966,117.426139,avx512-vbmi,avx512-vbmi,avx512-vbmi,x86_64,linux,0
1,commit-5-correction-amd-9950x3d,run-1,3,base64-ng,decode,url-safe,padded,32,44,131072,33714728,118.642511,avx512-vbmi,avx512-vbmi,avx512-vbmi,x86_64,linux,0
1,commit-5-correction-amd-9950x3d,run-1,4,base64-ng,decode,url-safe,padded,32,44,131072,33673410,118.788088,avx512-vbmi,avx512-vbmi,avx512-vbmi,x86_64,linux,0
1,commit-5-correction-amd-9950x3d,run-1,0,base64-0.23.0,encode,url-safe,padded,32,44,131072,1838801,2175.330555,external,avx512-vbmi,avx512-vbmi,x86_64,linux,0
1,commit-5-correction-amd-9950x3d,run-1,1,base64-0.23.0,encode,url-safe,padded,32,44,131072,1840836,2172.925779,external,avx512-vbmi,avx512-vbmi,x86_64,linux,0
1,commit-5-correction-amd-9950x3d,run-1,2,base64-0.23.0,encode,url-safe,padded,32,44,131072,1828893,2187.115375,external,avx512-vbmi,avx512-vbmi,x86_64,linux,0
1,commit-5-correction-amd-9950x3d,run-1,3,base64-0.23.0,encode,url-safe,padded,32,44,131072,1831468,2184.040344,external,avx512-vbmi,avx512-vbmi,x86_64,linux,0
1,commit-5-correction-amd-9950x3d,run-1,4,base64-0.23.0,encode,url-safe,padded,32,44,131072,1822431,2194.870478,external,avx512-vbmi,avx512-vbmi,x86_64,linux,0
1,commit-5-correction-amd-9950x3d,run-1,0,base64-0.23.0,decode,url-safe,padded,32,44,131072,2781276,1438.188803,external,avx512-vbmi,avx512-vbmi,x86_64,linux,0
1,commit-5-correction-amd-9950x3d,run-1,1,base64-0.23.0,decode,url-safe,padded,32,44,131072,2777068,1440.368043,external,avx512-vbmi,avx512-vbmi,x86_64,linux,0
1,commit-5-correction-amd-9950x3d,run-1,2,base64-0.23.0,decode,url-safe,padded,32,44,131072,2763903,1447.228792,external,avx512-vbmi,avx512-vbmi,x86_64,linux,0
1,commit-5-correction-amd-9950x3d,run-1,3,base64-0.23.0,decode,url-safe,padded,32,44,131072,2768652,1444.746396,external,avx512-vbmi,avx512-vbmi,x86_64,linux,0
1,commit-5-correction-amd-9950x3d,run-1,4,base64-0.23.0,decode,url-safe,padded,32,44,131072,2767220,1445.494034,external,avx512-vbmi,avx512-vbmi,x86_64,linux,0
1,commit-5-correction-amd-9950x3d,run-1,0,base64ct-1.8.3,encode,url-safe,padded,32,44,131072,2830969,1412.943766,external,avx512-vbmi,avx512-vbmi,x86_64,linux,0
1,commit-5-correction-amd-9950x3d,run-1,1,base64ct-1.8.3,encode,url-safe,padded,32,44,131072,2820209,1418.334599,external,avx512-vbmi,avx512-vbmi,x86_64,linux,0
1,commit-5-correction-amd-9950x3d,run-1,2,base64ct-1.8.3,encode,url-safe,padded,32,44,131072,2819568,1418.657042,external,avx512-vbmi,avx512-vbmi,x86_64,linux,0
1,commit-5-correction-amd-9950x3d,run-1,3,base64ct-1.8.3,encode,url-safe,padded,32,44,131072,2826842,1415.006569,external,avx512-vbmi,avx512-vbmi,x86_64,linux,0
1,commit-5-correction-amd-9950x3d,run-1,4,base64ct-1.8.3,encode,url-safe,padded,32,44,131072,2819819,1418.530764,external,avx512-vbmi,avx512-vbmi,x86_64,linux,0
1,commit-5-correction-amd-9950x3d,run-1,0,base64ct-1.8.3,decode,url-safe,padded,32,44,131072,8503327,470.404114,external,avx512-vbmi,avx512-vbmi,x86_64,linux,0
1,commit-5-correction-amd-9950x3d,run-1,1,base64ct-1.8.3,decode,url-safe,padded,32,44,131072,7654379,522.576685,external,avx512-vbmi,avx512-vbmi,x86_64,linux,0
1,commit-5-correction-amd-9950x3d,run-1,2,base64ct-1.8.3,decode,url-safe,padded,32,44,131072,7644671,523.240307,external,avx512-vbmi,avx512-vbmi,x86_64,linux,0
1,commit-5-correction-amd-9950x3d,run-1,3,base64ct-1.8.3,decode,url-safe,padded,32,44,131072,7641235,523.475590,external,avx512-vbmi,avx512-vbmi,x86_64,linux,0
1,commit-5-correction-amd-9950x3d,run-1,4,base64ct-1.8.3,decode,url-safe,padded,32,44,131072,7648198,522.999012,external,avx512-vbmi,avx512-vbmi,x86_64,linux,0
1,commit-5-correction-amd-9950x3d,run-1,0,base64-ng,encode,url-safe,padded,47,64,89240,11492034,348.065200,auto,avx512-vbmi,avx512-vbmi,x86_64,linux,0
1,commit-5-correction-amd-9950x3d,run-1,1,base64-ng,encode,url-safe,padded,47,64,89240,11515768,347.347837,auto,avx512-vbmi,avx512-vbmi,x86_64,linux,0
1,commit-5-correction-amd-9950x3d,run-1,2,base64-ng,encode,url-safe,padded,47,64,89240,11642287,343.573141,auto,avx512-vbmi,avx512-vbmi,x86_64,linux,0
1,commit-5-correction-amd-9950x3d,run-1,3,base64-ng,encode,url-safe,padded,47,64,89240,11627459,344.011285,auto,avx512-vbmi,avx512-vbmi,x86_64,linux,0
1,commit-5-correction-amd-9950x3d,run-1,4,base64-ng,encode,url-safe,padded,47,64,89240,11623682,344.123068,auto,avx512-vbmi,avx512-vbmi,x86_64,linux,0
1,commit-5-correction-amd-9950x3d,run-1,0,base64-ng,decode,url-safe,padded,47,64,89240,29935524,133.619746,auto,avx512-vbmi,avx512-vbmi,x86_64,linux,0
1,commit-5-correction-amd-9950x3d,run-1,1,base64-ng,decode,url-safe,padded,47,64,89240,29824906,134.115330,auto,avx512-vbmi,avx512-vbmi,x86_64,linux,0
1,commit-5-correction-amd-9950x3d,run-1,2,base64-ng,decode,url-safe,padded,47,64,89240,29906489,133.749472,auto,avx512-vbmi,avx512-vbmi,x86_64,linux,0
1,commit-5-correction-amd-9950x3d,run-1,3,base64-ng,decode,url-safe,padded,47,64,89240,30439362,131.408047,auto,avx512-vbmi,avx512-vbmi,x86_64,linux,0
1,commit-5-correction-amd-9950x3d,run-1,4,base64-ng,decode,url-safe,padded,47,64,89240,31046054,128.840113,auto,avx512-vbmi,avx512-vbmi,x86_64,linux,0
1,commit-5-correction-amd-9950x3d,run-1,0,base64-ng,encode,url-safe,padded,47,64,89240,11798862,339.013806,scalar,avx512-vbmi,avx512-vbmi,x86_64,linux,0
1,commit-5-correction-amd-9950x3d,run-1,1,base64-ng,encode,url-safe,padded,47,64,89240,11468179,348.789212,scalar,avx512-vbmi,avx512-vbmi,x86_64,linux,0
1,commit-5-correction-amd-9950x3d,run-1,2,base64-ng,encode,url-safe,padded,47,64,89240,11572515,345.644582,scalar,avx512-vbmi,avx512-vbmi,x86_64,linux,0
1,commit-5-correction-amd-9950x3d,run-1,3,base64-ng,encode,url-safe,padded,47,64,89240,11560753,345.996244,scalar,avx512-vbmi,avx512-vbmi,x86_64,linux,0
1,commit-5-correction-amd-9950x3d,run-1,4,base64-ng,encode,url-safe,padded,47,64,89240,11567927,345.781670,scalar,avx512-vbmi,avx512-vbmi,x86_64,linux,0
1,commit-5-correction-amd-9950x3d,run-1,0,base64-ng,decode,url-safe,padded,47,64,89240,13335645,299.946280,scalar,avx512-vbmi,avx512-vbmi,x86_64,linux,0
1,commit-5-correction-amd-9950x3d,run-1,1,base64-ng,decode,url-safe,padded,47,64,89240,13317981,300.344107,scalar,avx512-vbmi,avx512-vbmi,x86_64,linux,0
1,commit-5-correction-amd-9950x3d,run-1,2,base64-ng,decode,url-safe,padded,47,64,89240,13229014,302.363964,scalar,avx512-vbmi,avx512-vbmi,x86_64,linux,0
1,commit-5-correction-amd-9950x3d,run-1,3,base64-ng,decode,url-safe,padded,47,64,89240,13243952,302.022924,scalar,avx512-vbmi,avx512-vbmi,x86_64,linux,0
1,commit-5-correction-amd-9950x3d,run-1,4,base64-ng,decode,url-safe,padded,47,64,89240,13244022,302.021328,scalar,avx512-vbmi,avx512-vbmi,x86_64,linux,0
1,commit-5-correction-amd-9950x3d,run-1,0,base64-ng,encode,url-safe,padded,47,64,89240,14110323,283.478777,ssse3-sse4.1,avx512-vbmi,avx512-vbmi,x86_64,linux,0
1,commit-5-correction-amd-9950x3d,run-1,1,base64-ng,encode,url-safe,padded,47,64,89240,13719778,291.548239,ssse3-sse4.1,avx512-vbmi,avx512-vbmi,x86_64,linux,0
1,commit-5-correction-amd-9950x3d,run-1,2,base64-ng,encode,url-safe,padded,47,64,89240,13873878,288.309953,ssse3-sse4.1,avx512-vbmi,avx512-vbmi,x86_64,linux,0
1,commit-5-correction-amd-9950x3d,run-1,3,base64-ng,encode,url-safe,padded,47,64,89240,14424915,277.296408,ssse3-sse4.1,avx512-vbmi,avx512-vbmi,x86_64,linux,0
1,commit-5-correction-amd-9950x3d,run-1,4,base64-ng,encode,url-safe,padded,47,64,89240,14190564,281.875837,ssse3-sse4.1,avx512-vbmi,avx512-vbmi,x86_64,linux,0
1,commit-5-correction-amd-9950x3d,run-1,0,base64-ng,decode,url-safe,padded,47,64,89240,54726033,73.090938,ssse3-sse4.1,avx512-vbmi,avx512-vbmi,x86_64,linux,0
1,commit-5-correction-amd-9950x3d,run-1,1,base64-ng,decode,url-safe,padded,47,64,89240,54912683,72.842500,ssse3-sse4.1,avx512-vbmi,avx512-vbmi,x86_64,linux,0
1,commit-5-correction-amd-9950x3d,run-1,2,base64-ng,decode,url-safe,padded,47,64,89240,54270555,73.704371,ssse3-sse4.1,avx512-vbmi,avx512-vbmi,x86_64,linux,0
1,commit-5-correction-amd-9950x3d,run-1,3,base64-ng,decode,url-safe,padded,47,64,89240,54541094,73.338777,ssse3-sse4.1,avx512-vbmi,avx512-vbmi,x86_64,linux,0
1,commit-5-correction-amd-9950x3d,run-1,4,base64-ng,decode,url-safe,padded,47,64,89240,54087760,73.953462,ssse3-sse4.1,avx512-vbmi,avx512-vbmi,x86_64,linux,0
1,commit-5-correction-amd-9950x3d,run-1,0,base64-ng,encode,url-safe,padded,47,64,89240,10380131,385.349386,avx2,avx512-vbmi,avx512-vbmi,x86_64,linux,0
1,commit-5-correction-amd-9950x3d,run-1,1,base64-ng,encode,url-safe,padded,47,64,89240,10382064,385.277640,avx2,avx512-vbmi,avx512-vbmi,x86_64,linux,0
1,commit-5-correction-amd-9950x3d,run-1,2,base64-ng,encode,url-safe,padded,47,64,89240,10390741,384.955906,avx2,avx512-vbmi,avx512-vbmi,x86_64,linux,0
1,commit-5-correction-amd-9950x3d,run-1,3,base64-ng,encode,url-safe,padded,47,64,89240,10388386,385.043173,avx2,avx512-vbmi,avx512-vbmi,x86_64,linux,0
1,commit-5-correction-amd-9950x3d,run-1,4,base64-ng,encode,url-safe,padded,47,64,89240,10372005,385.651290,avx2,avx512-vbmi,avx512-vbmi,x86_64,linux,0
1,commit-5-correction-amd-9950x3d,run-1,0,base64-ng,decode,url-safe,padded,47,64,89240,37567291,106.474995,avx2,avx512-vbmi,avx512-vbmi,x86_64,linux,0
1,commit-5-correction-amd-9950x3d,run-1,1,base64-ng,decode,url-safe,padded,47,64,89240,37829334,105.737445,avx2,avx512-vbmi,avx512-vbmi,x86_64,linux,0
1,commit-5-correction-amd-9950x3d,run-1,2,base64-ng,decode,url-safe,padded,47,64,89240,37741860,105.982512,avx2,avx512-vbmi,avx512-vbmi,x86_64,linux,0
1,commit-5-correction-amd-9950x3d,run-1,3,base64-ng,decode,url-safe,padded,47,64,89240,38207095,104.691998,avx2,avx512-vbmi,avx512-vbmi,x86_64,linux,0
1,commit-5-correction-amd-9950x3d,run-1,4,base64-ng,decode,url-safe,padded,47,64,89240,39244959,101.923335,avx2,avx512-vbmi,avx512-vbmi,x86_64,linux,0
1,commit-5-correction-amd-9950x3d,run-1,0,base64-ng,encode,url-safe,padded,47,64,89240,11626988,344.025221,avx512-vbmi,avx512-vbmi,avx512-vbmi,x86_64,linux,0
1,commit-5-correction-amd-9950x3d,run-1,1,base64-ng,encode,url-safe,padded,47,64,89240,11696268,341.987471,avx512-vbmi,avx512-vbmi,avx512-vbmi,x86_64,linux,0
1,commit-5-correction-amd-9950x3d,run-1,2,base64-ng,encode,url-safe,padded,47,64,89240,11691178,342.136362,avx512-vbmi,avx512-vbmi,avx512-vbmi,x86_64,linux,0
1,commit-5-correction-amd-9950x3d,run-1,3,base64-ng,encode,url-safe,padded,47,64,89240,11693674,342.063334,avx512-vbmi,avx512-vbmi,avx512-vbmi,x86_64,linux,0
1,commit-5-correction-amd-9950x3d,run-1,4,base64-ng,encode,url-safe,padded,47,64,89240,11684666,342.327039,avx512-vbmi,avx512-vbmi,avx512-vbmi,x86_64,linux,0
1,commit-5-correction-amd-9950x3d,run-1,0,base64-ng,decode,url-safe,padded,47,64,89240,29941716,133.592113,avx512-vbmi,avx512-vbmi,avx512-vbmi,x86_64,linux,0
1,commit-5-correction-amd-9950x3d,run-1,1,base64-ng,decode,url-safe,padded,47,64,89240,29851105,133.997623,avx512-vbmi,avx512-vbmi,avx512-vbmi,x86_64,linux,0
1,commit-5-correction-amd-9950x3d,run-1,2,base64-ng,decode,url-safe,padded,47,64,89240,30104171,132.871193,avx512-vbmi,avx512-vbmi,avx512-vbmi,x86_64,linux,0
1,commit-5-correction-amd-9950x3d,run-1,3,base64-ng,decode,url-safe,padded,47,64,89240,30012589,133.276643,avx512-vbmi,avx512-vbmi,avx512-vbmi,x86_64,linux,0
1,commit-5-correction-amd-9950x3d,run-1,4,base64-ng,decode,url-safe,padded,47,64,89240,29816230,134.154355,avx512-vbmi,avx512-vbmi,avx512-vbmi,x86_64,linux,0
1,commit-5-correction-amd-9950x3d,run-1,0,base64-0.23.0,encode,url-safe,padded,47,64,89240,1661818,2406.988679,external,avx512-vbmi,avx512-vbmi,x86_64,linux,0
1,commit-5-correction-amd-9950x3d,run-1,1,base64-0.23.0,encode,url-safe,padded,47,64,89240,1697175,2356.844233,external,avx512-vbmi,avx512-vbmi,x86_64,linux,0
1,commit-5-correction-amd-9950x3d,run-1,2,base64-0.23.0,encode,url-safe,padded,47,64,89240,1691535,2364.702540,external,avx512-vbmi,avx512-vbmi,x86_64,linux,0
1,commit-5-correction-amd-9950x3d,run-1,3,base64-0.23.0,encode,url-safe,padded,47,64,89240,1697756,2356.037683,external,avx512-vbmi,avx512-vbmi,x86_64,linux,0
1,commit-5-correction-amd-9950x3d,run-1,4,base64-0.23.0,encode,url-safe,padded,47,64,89240,1710580,2338.374769,external,avx512-vbmi,avx512-vbmi,x86_64,linux,0
1,commit-5-correction-amd-9950x3d,run-1,0,base64-0.23.0,decode,url-safe,padded,47,64,89240,2246870,1780.244123,external,avx512-vbmi,avx512-vbmi,x86_64,linux,0
1,commit-5-correction-amd-9950x3d,run-1,1,base64-0.23.0,decode,url-safe,padded,47,64,89240,2257720,1771.688744,external,avx512-vbmi,avx512-vbmi,x86_64,linux,0
1,commit-5-correction-amd-9950x3d,run-1,2,base64-0.23.0,decode,url-safe,padded,47,64,89240,2241189,1784.756713,external,avx512-vbmi,avx512-vbmi,x86_64,linux,0
1,commit-5-correction-amd-9950x3d,run-1,3,base64-0.23.0,decode,url-safe,padded,47,64,89240,2246099,1780.855212,external,avx512-vbmi,avx512-vbmi,x86_64,linux,0
1,commit-5-correction-amd-9950x3d,run-1,4,base64-0.23.0,decode,url-safe,padded,47,64,89240,2250005,1777.763655,external,avx512-vbmi,avx512-vbmi,x86_64,linux,0
1,commit-5-correction-amd-9950x3d,run-1,0,base64ct-1.8.3,encode,url-safe,padded,47,64,89240,2640722,1514.728590,external,avx512-vbmi,avx512-vbmi,x86_64,linux,0
1,commit-5-correction-amd-9950x3d,run-1,1,base64ct-1.8.3,encode,url-safe,padded,47,64,89240,2607309,1534.140032,external,avx512-vbmi,avx512-vbmi,x86_64,linux,0
1,commit-5-correction-amd-9950x3d,run-1,2,base64ct-1.8.3,encode,url-safe,padded,47,64,89240,2612017,1531.374839,external,avx512-vbmi,avx512-vbmi,x86_64,linux,0
1,commit-5-correction-amd-9950x3d,run-1,3,base64ct-1.8.3,encode,url-safe,padded,47,64,89240,2620313,1526.526454,external,avx512-vbmi,avx512-vbmi,x86_64,linux,0
1,commit-5-correction-amd-9950x3d,run-1,4,base64ct-1.8.3,encode,url-safe,padded,47,64,89240,2629330,1521.291398,external,avx512-vbmi,avx512-vbmi,x86_64,linux,0
1,commit-5-correction-amd-9950x3d,run-1,0,base64ct-1.8.3,decode,url-safe,padded,47,64,89240,6686377,598.227876,external,avx512-vbmi,avx512-vbmi,x86_64,linux,0
1,commit-5-correction-amd-9950x3d,run-1,1,base64ct-1.8.3,decode,url-safe,padded,47,64,89240,6674795,599.265912,external,avx512-vbmi,avx512-vbmi,x86_64,linux,0
1,commit-5-correction-amd-9950x3d,run-1,2,base64ct-1.8.3,decode,url-safe,padded,47,64,89240,6675045,599.243468,external,avx512-vbmi,avx512-vbmi,x86_64,linux,0
1,commit-5-correction-amd-9950x3d,run-1,3,base64ct-1.8.3,decode,url-safe,padded,47,64,89240,6662212,600.397753,external,avx512-vbmi,avx512-vbmi,x86_64,linux,0
1,commit-5-correction-amd-9950x3d,run-1,4,base64ct-1.8.3,decode,url-safe,padded,47,64,89240,6681108,598.699664,external,avx512-vbmi,avx512-vbmi,x86_64,linux,0
1,commit-5-correction-amd-9950x3d,run-1,0,base64-ng,encode,url-safe,padded,48,64,87381,6209469,644.175008,auto,avx512-vbmi,avx512-vbmi,x86_64,linux,0
1,commit-5-correction-amd-9950x3d,run-1,1,base64-ng,encode,url-safe,padded,48,64,87381,6274692,637.479057,auto,avx512-vbmi,avx512-vbmi,x86_64,linux,0
1,commit-5-correction-amd-9950x3d,run-1,2,base64-ng,encode,url-safe,padded,48,64,87381,6314417,633.468575,auto,avx512-vbmi,avx512-vbmi,x86_64,linux,0
1,commit-5-correction-amd-9950x3d,run-1,3,base64-ng,encode,url-safe,padded,48,64,87381,6272087,637.743823,auto,avx512-vbmi,avx512-vbmi,x86_64,linux,0
1,commit-5-correction-amd-9950x3d,run-1,4,base64-ng,encode,url-safe,padded,48,64,87381,6345315,630.383951,auto,avx512-vbmi,avx512-vbmi,x86_64,linux,0
1,commit-5-correction-amd-9950x3d,run-1,0,base64-ng,decode,url-safe,padded,48,64,87381,29460740,135.773397,auto,avx512-vbmi,avx512-vbmi,x86_64,linux,0
1,commit-5-correction-amd-9950x3d,run-1,1,base64-ng,decode,url-safe,padded,48,64,87381,28966039,138.092224,auto,avx512-vbmi,avx512-vbmi,x86_64,linux,0
1,commit-5-correction-amd-9950x3d,run-1,2,base64-ng,decode,url-safe,padded,48,64,87381,28934770,138.241456,auto,avx512-vbmi,avx512-vbmi,x86_64,linux,0
1,commit-5-correction-amd-9950x3d,run-1,3,base64-ng,decode,url-safe,padded,48,64,87381,28956511,138.137662,auto,avx512-vbmi,avx512-vbmi,x86_64,linux,0
1,commit-5-correction-amd-9950x3d,run-1,4,base64-ng,decode,url-safe,padded,48,64,87381,28978813,138.031352,auto,avx512-vbmi,avx512-vbmi,x86_64,linux,0
1,commit-5-correction-amd-9950x3d,run-1,0,base64-ng,encode,url-safe,padded,48,64,87381,11545735,346.446956,scalar,avx512-vbmi,avx512-vbmi,x86_64,linux,0
1,commit-5-correction-amd-9950x3d,run-1,1,base64-ng,encode,url-safe,padded,48,64,87381,11541106,346.585911,scalar,avx512-vbmi,avx512-vbmi,x86_64,linux,0
1,commit-5-correction-amd-9950x3d,run-1,2,base64-ng,encode,url-safe,padded,48,64,87381,11573858,345.605134,scalar,avx512-vbmi,avx512-vbmi,x86_64,linux,0
1,commit-5-correction-amd-9950x3d,run-1,3,base64-ng,encode,url-safe,padded,48,64,87381,11529995,346.919902,scalar,avx512-vbmi,avx512-vbmi,x86_64,linux,0
1,commit-5-correction-amd-9950x3d,run-1,4,base64-ng,encode,url-safe,padded,48,64,87381,11786889,339.358820,scalar,avx512-vbmi,avx512-vbmi,x86_64,linux,0
1,commit-5-correction-amd-9950x3d,run-1,0,base64-ng,decode,url-safe,padded,48,64,87381,13285350,301.082376,scalar,avx512-vbmi,avx512-vbmi,x86_64,linux,0
1,commit-5-correction-amd-9950x3d,run-1,1,base64-ng,decode,url-safe,padded,48,64,87381,13141078,304.387870,scalar,avx512-vbmi,avx512-vbmi,x86_64,linux,0
1,commit-5-correction-amd-9950x3d,run-1,2,base64-ng,decode,url-safe,padded,48,64,87381,12914422,309.730063,scalar,avx512-vbmi,avx512-vbmi,x86_64,linux,0
1,commit-5-correction-amd-9950x3d,run-1,3,base64-ng,decode,url-safe,padded,48,64,87381,12969365,308.417933,scalar,avx512-vbmi,avx512-vbmi,x86_64,linux,0
1,commit-5-correction-amd-9950x3d,run-1,4,base64-ng,decode,url-safe,padded,48,64,87381,13060526,306.265210,scalar,avx512-vbmi,avx512-vbmi,x86_64,linux,0
1,commit-5-correction-amd-9950x3d,run-1,0,base64-ng,encode,url-safe,padded,48,64,87381,14452006,276.777130,ssse3-sse4.1,avx512-vbmi,avx512-vbmi,x86_64,linux,0
1,commit-5-correction-amd-9950x3d,run-1,1,base64-ng,encode,url-safe,padded,48,64,87381,14198920,281.710492,ssse3-sse4.1,avx512-vbmi,avx512-vbmi,x86_64,linux,0
1,commit-5-correction-amd-9950x3d,run-1,2,base64-ng,encode,url-safe,padded,48,64,87381,14246630,280.767083,ssse3-sse4.1,avx512-vbmi,avx512-vbmi,x86_64,linux,0
1,commit-5-correction-amd-9950x3d,run-1,3,base64-ng,encode,url-safe,padded,48,64,87381,14721243,271.715149,ssse3-sse4.1,avx512-vbmi,avx512-vbmi,x86_64,linux,0
1,commit-5-correction-amd-9950x3d,run-1,4,base64-ng,encode,url-safe,padded,48,64,87381,14523441,275.415774,ssse3-sse4.1,avx512-vbmi,avx512-vbmi,x86_64,linux,0
1,commit-5-correction-amd-9950x3d,run-1,0,base64-ng,decode,url-safe,padded,48,64,87381,53744144,74.426429,ssse3-sse4.1,avx512-vbmi,avx512-vbmi,x86_64,linux,0
1,commit-5-correction-amd-9950x3d,run-1,1,base64-ng,decode,url-safe,padded,48,64,87381,53823293,74.316983,ssse3-sse4.1,avx512-vbmi,avx512-vbmi,x86_64,linux,0
1,commit-5-correction-amd-9950x3d,run-1,2,base64-ng,decode,url-safe,padded,48,64,87381,53764732,74.397930,ssse3-sse4.1,avx512-vbmi,avx512-vbmi,x86_64,linux,0
1,commit-5-correction-amd-9950x3d,run-1,3,base64-ng,decode,url-safe,padded,48,64,87381,53682869,74.511382,ssse3-sse4.1,avx512-vbmi,avx512-vbmi,x86_64,linux,0
1,commit-5-correction-amd-9950x3d,run-1,4,base64-ng,decode,url-safe,padded,48,64,87381,54156069,73.860323,ssse3-sse4.1,avx512-vbmi,avx512-vbmi,x86_64,linux,0
1,commit-5-correction-amd-9950x3d,run-1,0,base64-ng,encode,url-safe,padded,48,64,87381,8321345,480.689689,avx2,avx512-vbmi,avx512-vbmi,x86_64,linux,0
1,commit-5-correction-amd-9950x3d,run-1,1,base64-ng,encode,url-safe,padded,48,64,87381,8379014,477.381317,avx2,avx512-vbmi,avx512-vbmi,x86_64,linux,0
1,commit-5-correction-amd-9950x3d,run-1,2,base64-ng,encode,url-safe,padded,48,64,87381,8339339,479.652493,avx2,avx512-vbmi,avx512-vbmi,x86_64,linux,0
1,commit-5-correction-amd-9950x3d,run-1,3,base64-ng,encode,url-safe,padded,48,64,87381,8417415,475.203461,avx2,avx512-vbmi,avx512-vbmi,x86_64,linux,0
1,commit-5-correction-amd-9950x3d,run-1,4,base64-ng,encode,url-safe,padded,48,64,87381,8346703,479.229313,avx2,avx512-vbmi,avx512-vbmi,x86_64,linux,0
1,commit-5-correction-amd-9950x3d,run-1,0,base64-ng,decode,url-safe,padded,48,64,87381,38054318,105.112506,avx2,avx512-vbmi,avx512-vbmi,x86_64,linux,0
1,commit-5-correction-amd-9950x3d,run-1,1,base64-ng,decode,url-safe,padded,48,64,87381,37895929,105.551832,avx2,avx512-vbmi,avx512-vbmi,x86_64,linux,0
1,commit-5-correction-amd-9950x3d,run-1,2,base64-ng,decode,url-safe,padded,48,64,87381,37963386,105.364278,avx2,avx512-vbmi,avx512-vbmi,x86_64,linux,0
1,commit-5-correction-amd-9950x3d,run-1,3,base64-ng,decode,url-safe,padded,48,64,87381,37697907,106.106282,avx2,avx512-vbmi,avx512-vbmi,x86_64,linux,0
1,commit-5-correction-amd-9950x3d,run-1,4,base64-ng,decode,url-safe,padded,48,64,87381,37693268,106.119340,avx2,avx512-vbmi,avx512-vbmi,x86_64,linux,0
1,commit-5-correction-amd-9950x3d,run-1,0,base64-ng,encode,url-safe,padded,48,64,87381,5306549,753.782683,avx512-vbmi,avx512-vbmi,avx512-vbmi,x86_64,linux,0
1,commit-5-correction-amd-9950x3d,run-1,1,base64-ng,encode,url-safe,padded,48,64,87381,5359609,746.320252,avx512-vbmi,avx512-vbmi,avx512-vbmi,x86_64,linux,0
1,commit-5-correction-amd-9950x3d,run-1,2,base64-ng,encode,url-safe,padded,48,64,87381,5373706,744.362409,avx512-vbmi,avx512-vbmi,avx512-vbmi,x86_64,linux,0
1,commit-5-correction-amd-9950x3d,run-1,3,base64-ng,encode,url-safe,padded,48,64,87381,5362745,745.883823,avx512-vbmi,avx512-vbmi,avx512-vbmi,x86_64,linux,0
1,commit-5-correction-amd-9950x3d,run-1,4,base64-ng,encode,url-safe,padded,48,64,87381,5383885,742.955086,avx512-vbmi,avx512-vbmi,avx512-vbmi,x86_64,linux,0
1,commit-5-correction-amd-9950x3d,run-1,0,base64-ng,decode,url-safe,padded,48,64,87381,29817902,134.147089,avx512-vbmi,avx512-vbmi,avx512-vbmi,x86_64,linux,0
1,commit-5-correction-amd-9950x3d,run-1,1,base64-ng,decode,url-safe,padded,48,64,87381,29443648,135.852213,avx512-vbmi,avx512-vbmi,avx512-vbmi,x86_64,linux,0
1,commit-5-correction-amd-9950x3d,run-1,2,base64-ng,decode,url-safe,padded,48,64,87381,28773626,139.015665,avx512-vbmi,avx512-vbmi,avx512-vbmi,x86_64,linux,0
1,commit-5-correction-amd-9950x3d,run-1,3,base64-ng,decode,url-safe,padded,48,64,87381,28895677,138.428483,avx512-vbmi,avx512-vbmi,avx512-vbmi,x86_64,linux,0
1,commit-5-correction-amd-9950x3d,run-1,4,base64-ng,decode,url-safe,padded,48,64,87381,28718973,139.280215,avx512-vbmi,avx512-vbmi,avx512-vbmi,x86_64,linux,0
1,commit-5-correction-amd-9950x3d,run-1,0,base64-0.23.0,encode,url-safe,padded,48,64,87381,1626452,2459.331564,external,avx512-vbmi,avx512-vbmi,x86_64,linux,0
1,commit-5-correction-amd-9950x3d,run-1,1,base64-0.23.0,encode,url-safe,padded,48,64,87381,1658251,2412.170860,external,avx512-vbmi,avx512-vbmi,x86_64,linux,0
1,commit-5-correction-amd-9950x3d,run-1,2,base64-0.23.0,encode,url-safe,padded,48,64,87381,1683108,2376.546687,external,avx512-vbmi,avx512-vbmi,x86_64,linux,0
1,commit-5-correction-amd-9950x3d,run-1,3,base64-0.23.0,encode,url-safe,padded,48,64,87381,1675083,2387.932264,external,avx512-vbmi,avx512-vbmi,x86_64,linux,0
1,commit-5-correction-amd-9950x3d,run-1,4,base64-0.23.0,encode,url-safe,padded,48,64,87381,1683910,2375.414803,external,avx512-vbmi,avx512-vbmi,x86_64,linux,0
1,commit-5-correction-amd-9950x3d,run-1,0,base64-0.23.0,decode,url-safe,padded,48,64,87381,2235177,1789.560621,external,avx512-vbmi,avx512-vbmi,x86_64,linux,0
1,commit-5-correction-amd-9950x3d,run-1,1,base64-0.23.0,decode,url-safe,padded,48,64,87381,2249154,1778.439689,external,avx512-vbmi,avx512-vbmi,x86_64,linux,0
1,commit-5-correction-amd-9950x3d,run-1,2,base64-0.23.0,decode,url-safe,padded,48,64,87381,2246799,1780.303775,external,avx512-vbmi,avx512-vbmi,x86_64,linux,0
1,commit-5-correction-amd-9950x3d,run-1,3,base64-0.23.0,decode,url-safe,padded,48,64,87381,2245547,1781.296380,external,avx512-vbmi,avx512-vbmi,x86_64,linux,0
1,commit-5-correction-amd-9950x3d,run-1,4,base64-0.23.0,decode,url-safe,padded,48,64,87381,2250346,1777.497656,external,avx512-vbmi,avx512-vbmi,x86_64,linux,0
1,commit-5-correction-amd-9950x3d,run-1,0,base64ct-1.8.3,encode,url-safe,padded,48,64,87381,2332431,1714.942368,external,avx512-vbmi,avx512-vbmi,x86_64,linux,0
1,commit-5-correction-amd-9950x3d,run-1,1,base64ct-1.8.3,encode,url-safe,padded,48,64,87381,2323544,1721.501612,external,avx512-vbmi,avx512-vbmi,x86_64,linux,0
1,commit-5-correction-amd-9950x3d,run-1,2,base64ct-1.8.3,encode,url-safe,padded,48,64,87381,2329947,1716.770700,external,avx512-vbmi,avx512-vbmi,x86_64,linux,0
1,commit-5-correction-amd-9950x3d,run-1,3,base64ct-1.8.3,encode,url-safe,padded,48,64,87381,2335206,1712.904447,external,avx512-vbmi,avx512-vbmi,x86_64,linux,0
1,commit-5-correction-amd-9950x3d,run-1,4,base64ct-1.8.3,encode,url-safe,padded,48,64,87381,2323544,1721.501612,external,avx512-vbmi,avx512-vbmi,x86_64,linux,0
1,commit-5-correction-amd-9950x3d,run-1,0,base64ct-1.8.3,decode,url-safe,padded,48,64,87381,5821459,687.110352,external,avx512-vbmi,avx512-vbmi,x86_64,linux,0
1,commit-5-correction-amd-9950x3d,run-1,1,base64ct-1.8.3,decode,url-safe,padded,48,64,87381,5814376,687.947381,external,avx512-vbmi,avx512-vbmi,x86_64,linux,0
1,commit-5-correction-amd-9950x3d,run-1,2,base64ct-1.8.3,decode,url-safe,padded,48,64,87381,5801822,689.435964,external,avx512-vbmi,avx512-vbmi,x86_64,linux,0
1,commit-5-correction-amd-9950x3d,run-1,3,base64ct-1.8.3,decode,url-safe,padded,48,64,87381,5792774,690.512825,external,avx512-vbmi,avx512-vbmi,x86_64,linux,0
1,commit-5-correction-amd-9950x3d,run-1,4,base64ct-1.8.3,decode,url-safe,padded,48,64,87381,5780462,691.983572,external,avx512-vbmi,avx512-vbmi,x86_64,linux,0
1,commit-5-correction-amd-9950x3d,run-1,0,base64-ng,encode,url-safe,padded,63,84,66576,7366397,543.004231,auto,avx512-vbmi,avx512-vbmi,x86_64,linux,0
1,commit-5-correction-amd-9950x3d,run-1,1,base64-ng,encode,url-safe,padded,63,84,66576,7356899,543.705268,auto,avx512-vbmi,avx512-vbmi,x86_64,linux,0
1,commit-5-correction-amd-9950x3d,run-1,2,base64-ng,encode,url-safe,padded,63,84,66576,7372168,542.579163,auto,avx512-vbmi,avx512-vbmi,x86_64,linux,0
1,commit-5-correction-amd-9950x3d,run-1,3,base64-ng,encode,url-safe,padded,63,84,66576,7541777,530.376958,auto,avx512-vbmi,avx512-vbmi,x86_64,linux,0
1,commit-5-correction-amd-9950x3d,run-1,4,base64-ng,encode,url-safe,padded,63,84,66576,7473619,535.213896,auto,avx512-vbmi,avx512-vbmi,x86_64,linux,0
1,commit-5-correction-amd-9950x3d,run-1,0,base64-ng,decode,url-safe,padded,63,84,66576,34946357,114.460707,auto,avx512-vbmi,avx512-vbmi,x86_64,linux,0
1,commit-5-correction-amd-9950x3d,run-1,1,base64-ng,decode,url-safe,padded,63,84,66576,34638407,115.478311,auto,avx512-vbmi,avx512-vbmi,x86_64,linux,0
1,commit-5-correction-amd-9950x3d,run-1,2,base64-ng,decode,url-safe,padded,63,84,66576,34351187,116.443858,auto,avx512-vbmi,avx512-vbmi,x86_64,linux,0
1,commit-5-correction-amd-9950x3d,run-1,3,base64-ng,decode,url-safe,padded,63,84,66576,36115437,110.755540,auto,avx512-vbmi,avx512-vbmi,x86_64,linux,0
1,commit-5-correction-amd-9950x3d,run-1,4,base64-ng,decode,url-safe,padded,63,84,66576,34206354,116.936893,auto,avx512-vbmi,avx512-vbmi,x86_64,linux,0
1,commit-5-correction-amd-9950x3d,run-1,0,base64-ng,encode,url-safe,padded,63,84,66576,4223992,946.967878,scalar,avx512-vbmi,avx512-vbmi,x86_64,linux,0
1,commit-5-correction-amd-9950x3d,run-1,1,base64-ng,encode,url-safe,padded,63,84,66576,4224673,946.815231,scalar,avx512-vbmi,avx512-vbmi,x86_64,linux,0
1,commit-5-correction-amd-9950x3d,run-1,2,base64-ng,encode,url-safe,padded,63,84,66576,4220526,947.745551,scalar,avx512-vbmi,avx512-vbmi,x86_64,linux,0
1,commit-5-correction-amd-9950x3d,run-1,3,base64-ng,encode,url-safe,padded,63,84,66576,4219804,947.907709,scalar,avx512-vbmi,avx512-vbmi,x86_64,linux,0
1,commit-5-correction-amd-9950x3d,run-1,4,base64-ng,encode,url-safe,padded,63,84,66576,4214884,949.014194,scalar,avx512-vbmi,avx512-vbmi,x86_64,linux,0
1,commit-5-correction-amd-9950x3d,run-1,0,base64-ng,decode,url-safe,padded,63,84,66576,12610750,317.188489,scalar,avx512-vbmi,avx512-vbmi,x86_64,linux,0
1,commit-5-correction-amd-9950x3d,run-1,1,base64-ng,decode,url-safe,padded,63,84,66576,12618905,316.983505,scalar,avx512-vbmi,avx512-vbmi,x86_64,linux,0
1,commit-5-correction-amd-9950x3d,run-1,2,base64-ng,decode,url-safe,padded,63,84,66576,12679158,315.477159,scalar,avx512-vbmi,avx512-vbmi,x86_64,linux,0
1,commit-5-correction-amd-9950x3d,run-1,3,base64-ng,decode,url-safe,padded,63,84,66576,12797401,312.562273,scalar,avx512-vbmi,avx512-vbmi,x86_64,linux,0
1,commit-5-correction-amd-9950x3d,run-1,4,base64-ng,decode,url-safe,padded,63,84,66576,12774438,313.124127,scalar,avx512-vbmi,avx512-vbmi,x86_64,linux,0
1,commit-5-correction-amd-9950x3d,run-1,0,base64-ng,encode,url-safe,padded,63,84,66576,13834323,289.134838,ssse3-sse4.1,avx512-vbmi,avx512-vbmi,x86_64,linux,0
1,commit-5-correction-amd-9950x3d,run-1,1,base64-ng,encode,url-safe,padded,63,84,66576,14141622,282.851906,ssse3-sse4.1,avx512-vbmi,avx512-vbmi,x86_64,linux,0
1,commit-5-correction-amd-9950x3d,run-1,2,base64-ng,encode,url-safe,padded,63,84,66576,14160066,282.483481,ssse3-sse4.1,avx512-vbmi,avx512-vbmi,x86_64,linux,0
1,commit-5-correction-amd-9950x3d,run-1,3,base64-ng,encode,url-safe,padded,63,84,66576,13770112,290.483094,ssse3-sse4.1,avx512-vbmi,avx512-vbmi,x86_64,linux,0
1,commit-5-correction-amd-9950x3d,run-1,4,base64-ng,encode,url-safe,padded,63,84,66576,13496537,296.371191,ssse3-sse4.1,avx512-vbmi,avx512-vbmi,x86_64,linux,0
1,commit-5-correction-amd-9950x3d,run-1,0,base64-ng,decode,url-safe,padded,63,84,66576,50912483,78.565894,ssse3-sse4.1,avx512-vbmi,avx512-vbmi,x86_64,linux,0
1,commit-5-correction-amd-9950x3d,run-1,1,base64-ng,decode,url-safe,padded,63,84,66576,52506303,76.181039,ssse3-sse4.1,avx512-vbmi,avx512-vbmi,x86_64,linux,0
1,commit-5-correction-amd-9950x3d,run-1,2,base64-ng,decode,url-safe,padded,63,84,66576,51074077,78.317318,ssse3-sse4.1,avx512-vbmi,avx512-vbmi,x86_64,linux,0
1,commit-5-correction-amd-9950x3d,run-1,3,base64-ng,decode,url-safe,padded,63,84,66576,50699092,78.896576,ssse3-sse4.1,avx512-vbmi,avx512-vbmi,x86_64,linux,0
1,commit-5-correction-amd-9950x3d,run-1,4,base64-ng,decode,url-safe,padded,63,84,66576,50857820,78.650338,ssse3-sse4.1,avx512-vbmi,avx512-vbmi,x86_64,linux,0
1,commit-5-correction-amd-9950x3d,run-1,0,base64-ng,encode,url-safe,padded,63,84,66576,8840352,452.468945,avx2,avx512-vbmi,avx512-vbmi,x86_64,linux,0
1,commit-5-correction-amd-9950x3d,run-1,1,base64-ng,encode,url-safe,padded,63,84,66576,8712811,459.092334,avx2,avx512-vbmi,avx512-vbmi,x86_64,linux,0
1,commit-5-correction-amd-9950x3d,run-1,2,base64-ng,encode,url-safe,padded,63,84,66576,8761032,456.565476,avx2,avx512-vbmi,avx512-vbmi,x86_64,linux,0
1,commit-5-correction-amd-9950x3d,run-1,3,base64-ng,encode,url-safe,padded,63,84,66576,8768868,456.157481,avx2,avx512-vbmi,avx512-vbmi,x86_64,linux,0
1,commit-5-correction-amd-9950x3d,run-1,4,base64-ng,encode,url-safe,padded,63,84,66576,8781280,455.512720,avx2,avx512-vbmi,avx512-vbmi,x86_64,linux,0
1,commit-5-correction-amd-9950x3d,run-1,0,base64-ng,decode,url-safe,padded,63,84,66576,40814132,98.004895,avx2,avx512-vbmi,avx512-vbmi,x86_64,linux,0
1,commit-5-correction-amd-9950x3d,run-1,1,base64-ng,decode,url-safe,padded,63,84,66576,41994204,95.250877,avx2,avx512-vbmi,avx512-vbmi,x86_64,linux,0
1,commit-5-correction-amd-9950x3d,run-1,2,base64-ng,decode,url-safe,padded,63,84,66576,41115611,97.286277,avx2,avx512-vbmi,avx512-vbmi,x86_64,linux,0
1,commit-5-correction-amd-9950x3d,run-1,3,base64-ng,decode,url-safe,padded,63,84,66576,40572788,98.587870,avx2,avx512-vbmi,avx512-vbmi,x86_64,linux,0
1,commit-5-correction-amd-9950x3d,run-1,4,base64-ng,decode,url-safe,padded,63,84,66576,40780590,98.085504,avx2,avx512-vbmi,avx512-vbmi,x86_64,linux,0
1,commit-5-correction-amd-9950x3d,run-1,0,base64-ng,encode,url-safe,padded,63,84,66576,6581660,607.747094,avx512-vbmi,avx512-vbmi,avx512-vbmi,x86_64,linux,0
1,commit-5-correction-amd-9950x3d,run-1,1,base64-ng,encode,url-safe,padded,63,84,66576,6560420,609.714735,avx512-vbmi,avx512-vbmi,avx512-vbmi,x86_64,linux,0
1,commit-5-correction-amd-9950x3d,run-1,2,base64-ng,encode,url-safe,padded,63,84,66576,6549830,610.700544,avx512-vbmi,avx512-vbmi,avx512-vbmi,x86_64,linux,0
1,commit-5-correction-amd-9950x3d,run-1,3,base64-ng,encode,url-safe,padded,63,84,66576,6728466,594.486877,avx512-vbmi,avx512-vbmi,avx512-vbmi,x86_64,linux,0
1,commit-5-correction-amd-9950x3d,run-1,4,base64-ng,encode,url-safe,padded,63,84,66576,6851528,583.809150,avx512-vbmi,avx512-vbmi,avx512-vbmi,x86_64,linux,0
1,commit-5-correction-amd-9950x3d,run-1,0,base64-ng,decode,url-safe,padded,63,84,66576,35245159,113.490330,avx512-vbmi,avx512-vbmi,avx512-vbmi,x86_64,linux,0
1,commit-5-correction-amd-9950x3d,run-1,1,base64-ng,decode,url-safe,padded,63,84,66576,34247721,116.795647,avx512-vbmi,avx512-vbmi,avx512-vbmi,x86_64,linux,0
1,commit-5-correction-amd-9950x3d,run-1,2,base64-ng,decode,url-safe,padded,63,84,66576,33994194,117.666703,avx512-vbmi,avx512-vbmi,avx512-vbmi,x86_64,linux,0
1,commit-5-correction-amd-9950x3d,run-1,3,base64-ng,decode,url-safe,padded,63,84,66576,34044219,117.493802,avx512-vbmi,avx512-vbmi,avx512-vbmi,x86_64,linux,0
1,commit-5-correction-amd-9950x3d,run-1,4,base64-ng,decode,url-safe,padded,63,84,66576,33959619,117.786502,avx512-vbmi,avx512-vbmi,avx512-vbmi,x86_64,linux,0
1,commit-5-correction-amd-9950x3d,run-1,0,base64-0.23.0,encode,url-safe,padded,63,84,66576,1371142,2917.265127,external,avx512-vbmi,avx512-vbmi,x86_64,linux,0
1,commit-5-correction-amd-9950x3d,run-1,1,base64-0.23.0,encode,url-safe,padded,63,84,66576,1479496,2703.613083,external,avx512-vbmi,avx512-vbmi,x86_64,linux,0
1,commit-5-correction-amd-9950x3d,run-1,2,base64-0.23.0,encode,url-safe,padded,63,84,66576,1561009,2562.435413,external,avx512-vbmi,avx512-vbmi,x86_64,linux,0
1,commit-5-correction-amd-9950x3d,run-1,3,base64-0.23.0,encode,url-safe,padded,63,84,66576,1405475,2846.002057,external,avx512-vbmi,avx512-vbmi,x86_64,linux,0
1,commit-5-correction-amd-9950x3d,run-1,4,base64-0.23.0,encode,url-safe,padded,63,84,66576,1479957,2702.770919,external,avx512-vbmi,avx512-vbmi,x86_64,linux,0
1,commit-5-correction-amd-9950x3d,run-1,0,base64-0.23.0,decode,url-safe,padded,63,84,66576,2176958,1837.419344,external,avx512-vbmi,avx512-vbmi,x86_64,linux,0
1,commit-5-correction-amd-9950x3d,run-1,1,base64-0.23.0,decode,url-safe,padded,63,84,66576,2090827,1913.111291,external,avx512-vbmi,avx512-vbmi,x86_64,linux,0
1,commit-5-correction-amd-9950x3d,run-1,2,base64-0.23.0,decode,url-safe,padded,63,84,66576,2296723,1741.605209,external,avx512-vbmi,avx512-vbmi,x86_64,linux,0
1,commit-5-correction-amd-9950x3d,run-1,3,base64-0.23.0,decode,url-safe,padded,63,84,66576,1832249,2183.101064,external,avx512-vbmi,avx512-vbmi,x86_64,linux,0
1,commit-5-correction-amd-9950x3d,run-1,4,base64-0.23.0,decode,url-safe,padded,63,84,66576,1844332,2168.798644,external,avx512-vbmi,avx512-vbmi,x86_64,linux,0
1,commit-5-correction-amd-9950x3d,run-1,0,base64ct-1.8.3,encode,url-safe,padded,63,84,66576,1612285,2480.941484,external,avx512-vbmi,avx512-vbmi,x86_64,linux,0
1,commit-5-correction-amd-9950x3d,run-1,1,base64ct-1.8.3,encode,url-safe,padded,63,84,66576,1829794,2186.030089,external,avx512-vbmi,avx512-vbmi,x86_64,linux,0
1,commit-5-correction-amd-9950x3d,run-1,2,base64ct-1.8.3,encode,url-safe,padded,63,84,66576,2265796,1765.377263,external,avx512-vbmi,avx512-vbmi,x86_64,linux,0
1,commit-5-correction-amd-9950x3d,run-1,3,base64ct-1.8.3,encode,url-safe,padded,63,84,66576,1758320,2274.890089,external,avx512-vbmi,avx512-vbmi,x86_64,linux,0
1,commit-5-correction-amd-9950x3d,run-1,4,base64ct-1.8.3,encode,url-safe,padded,63,84,66576,2418413,1653.970906,external,avx512-vbmi,avx512-vbmi,x86_64,linux,0
1,commit-5-correction-amd-9950x3d,run-1,0,base64ct-1.8.3,decode,url-safe,padded,63,84,66576,5454277,733.366630,external,avx512-vbmi,avx512-vbmi,x86_64,linux,0
1,commit-5-correction-amd-9950x3d,run-1,1,base64ct-1.8.3,decode,url-safe,padded,63,84,66576,5468014,731.524232,external,avx512-vbmi,avx512-vbmi,x86_64,linux,0
1,commit-5-correction-amd-9950x3d,run-1,2,base64ct-1.8.3,decode,url-safe,padded,63,84,66576,5461721,732.367095,external,avx512-vbmi,avx512-vbmi,x86_64,linux,0
1,commit-5-correction-amd-9950x3d,run-1,3,base64ct-1.8.3,decode,url-safe,padded,63,84,66576,5452194,733.646811,external,avx512-vbmi,avx512-vbmi,x86_64,linux,0
1,commit-5-correction-amd-9950x3d,run-1,4,base64ct-1.8.3,decode,url-safe,padded,63,84,66576,5448677,734.120364,external,avx512-vbmi,avx512-vbmi,x86_64,linux,0
1,commit-5-correction-amd-9950x3d,run-1,0,base64-ng,encode,url-safe,padded,64,88,65536,7572626,528.218349,auto,avx512-vbmi,avx512-vbmi,x86_64,linux,0
1,commit-5-correction-amd-9950x3d,run-1,1,base64-ng,encode,url-safe,padded,64,88,65536,7550765,529.747648,auto,avx512-vbmi,avx512-vbmi,x86_64,linux,0
1,commit-5-correction-amd-9950x3d,run-1,2,base64-ng,encode,url-safe,padded,64,88,65536,7480693,534.709819,auto,avx512-vbmi,avx512-vbmi,x86_64,linux,0
1,commit-5-correction-amd-9950x3d,run-1,3,base64-ng,encode,url-safe,padded,64,88,65536,7446368,537.174633,auto,avx512-vbmi,avx512-vbmi,x86_64,linux,0
1,commit-5-correction-amd-9950x3d,run-1,4,base64-ng,encode,url-safe,padded,64,88,65536,7381195,541.917671,auto,avx512-vbmi,avx512-vbmi,x86_64,linux,0
1,commit-5-correction-amd-9950x3d,run-1,0,base64-ng,decode,url-safe,padded,64,88,65536,34779993,115.008649,auto,avx512-vbmi,avx512-vbmi,x86_64,linux,0
1,commit-5-correction-amd-9950x3d,run-1,1,base64-ng,decode,url-safe,padded,64,88,65536,34858281,114.750352,auto,avx512-vbmi,avx512-vbmi,x86_64,linux,0
1,commit-5-correction-amd-9950x3d,run-1,2,base64-ng,decode,url-safe,padded,64,88,65536,34762882,115.065258,auto,avx512-vbmi,avx512-vbmi,x86_64,linux,0
1,commit-5-correction-amd-9950x3d,run-1,3,base64-ng,decode,url-safe,padded,64,88,65536,34885262,114.661601,auto,avx512-vbmi,avx512-vbmi,x86_64,linux,0
1,commit-5-correction-amd-9950x3d,run-1,4,base64-ng,decode,url-safe,padded,64,88,65536,34967917,114.390571,auto,avx512-vbmi,avx512-vbmi,x86_64,linux,0
1,commit-5-correction-amd-9950x3d,run-1,0,base64-ng,encode,url-safe,padded,64,88,65536,4557759,877.624289,scalar,avx512-vbmi,avx512-vbmi,x86_64,linux,0
1,commit-5-correction-amd-9950x3d,run-1,1,base64-ng,encode,url-safe,padded,64,88,65536,4591824,871.113527,scalar,avx512-vbmi,avx512-vbmi,x86_64,linux,0
1,commit-5-correction-amd-9950x3d,run-1,2,base64-ng,encode,url-safe,padded,64,88,65536,4592245,871.033667,scalar,avx512-vbmi,avx512-vbmi,x86_64,linux,0
1,commit-5-correction-amd-9950x3d,run-1,3,base64-ng,encode,url-safe,padded,64,88,65536,4590742,871.318841,scalar,avx512-vbmi,avx512-vbmi,x86_64,linux,0
1,commit-5-correction-amd-9950x3d,run-1,4,base64-ng,encode,url-safe,padded,64,88,65536,4593117,870.868301,scalar,avx512-vbmi,avx512-vbmi,x86_64,linux,0
1,commit-5-correction-amd-9950x3d,run-1,0,base64-ng,decode,url-safe,padded,64,88,65536,13723013,291.481178,scalar,avx512-vbmi,avx512-vbmi,x86_64,linux,0
1,commit-5-correction-amd-9950x3d,run-1,1,base64-ng,decode,url-safe,padded,64,88,65536,13630129,293.467509,scalar,avx512-vbmi,avx512-vbmi,x86_64,linux,0
1,commit-5-correction-amd-9950x3d,run-1,2,base64-ng,decode,url-safe,padded,64,88,65536,13214897,302.688700,scalar,avx512-vbmi,avx512-vbmi,x86_64,linux,0
1,commit-5-correction-amd-9950x3d,run-1,3,base64-ng,decode,url-safe,padded,64,88,65536,13304125,300.658630,scalar,avx512-vbmi,avx512-vbmi,x86_64,linux,0
1,commit-5-correction-amd-9950x3d,run-1,4,base64-ng,decode,url-safe,padded,64,88,65536,13299587,300.761219,scalar,avx512-vbmi,avx512-vbmi,x86_64,linux,0
1,commit-5-correction-amd-9950x3d,run-1,0,base64-ng,encode,url-safe,padded,64,88,65536,13781694,290.240082,ssse3-sse4.1,avx512-vbmi,avx512-vbmi,x86_64,linux,0
1,commit-5-correction-amd-9950x3d,run-1,1,base64-ng,encode,url-safe,padded,64,88,65536,13680273,292.391826,ssse3-sse4.1,avx512-vbmi,avx512-vbmi,x86_64,linux,0
1,commit-5-correction-amd-9950x3d,run-1,2,base64-ng,encode,url-safe,padded,64,88,65536,13560197,294.980965,ssse3-sse4.1,avx512-vbmi,avx512-vbmi,x86_64,linux,0
1,commit-5-correction-amd-9950x3d,run-1,3,base64-ng,encode,url-safe,padded,64,88,65536,13672168,292.565159,ssse3-sse4.1,avx512-vbmi,avx512-vbmi,x86_64,linux,0
1,commit-5-correction-amd-9950x3d,run-1,4,base64-ng,encode,url-safe,padded,64,88,65536,13573482,294.692254,ssse3-sse4.1,avx512-vbmi,avx512-vbmi,x86_64,linux,0
1,commit-5-correction-amd-9950x3d,run-1,0,base64-ng,decode,url-safe,padded,64,88,65536,51131506,78.229654,ssse3-sse4.1,avx512-vbmi,avx512-vbmi,x86_64,linux,0
1,commit-5-correction-amd-9950x3d,run-1,1,base64-ng,decode,url-safe,padded,64,88,65536,50625242,79.011968,ssse3-sse4.1,avx512-vbmi,avx512-vbmi,x86_64,linux,0
1,commit-5-correction-amd-9950x3d,run-1,2,base64-ng,decode,url-safe,padded,64,88,65536,50584706,79.075284,ssse3-sse4.1,avx512-vbmi,avx512-vbmi,x86_64,linux,0
1,commit-5-correction-amd-9950x3d,run-1,3,base64-ng,decode,url-safe,padded,64,88,65536,51827726,77.178767,ssse3-sse4.1,avx512-vbmi,avx512-vbmi,x86_64,linux,0
1,commit-5-correction-amd-9950x3d,run-1,4,base64-ng,decode,url-safe,padded,64,88,65536,50898758,78.587379,ssse3-sse4.1,avx512-vbmi,avx512-vbmi,x86_64,linux,0
1,commit-5-correction-amd-9950x3d,run-1,0,base64-ng,encode,url-safe,padded,64,88,65536,8831956,452.900807,avx2,avx512-vbmi,avx512-vbmi,x86_64,linux,0
1,commit-5-correction-amd-9950x3d,run-1,1,base64-ng,encode,url-safe,padded,64,88,65536,8785499,455.295709,avx2,avx512-vbmi,avx512-vbmi,x86_64,linux,0
1,commit-5-correction-amd-9950x3d,run-1,2,base64-ng,encode,url-safe,padded,64,88,65536,8820275,453.500599,avx2,avx512-vbmi,avx512-vbmi,x86_64,linux,0
1,commit-5-correction-amd-9950x3d,run-1,3,base64-ng,encode,url-safe,padded,64,88,65536,8730485,458.164695,avx2,avx512-vbmi,avx512-vbmi,x86_64,linux,0
1,commit-5-correction-amd-9950x3d,run-1,4,base64-ng,encode,url-safe,padded,64,88,65536,8781311,455.512850,avx2,avx512-vbmi,avx512-vbmi,x86_64,linux,0
1,commit-5-correction-amd-9950x3d,run-1,0,base64-ng,decode,url-safe,padded,64,88,65536,40985165,97.596289,avx2,avx512-vbmi,avx512-vbmi,x86_64,linux,0
1,commit-5-correction-amd-9950x3d,run-1,1,base64-ng,decode,url-safe,padded,64,88,65536,41038986,97.468295,avx2,avx512-vbmi,avx512-vbmi,x86_64,linux,0
1,commit-5-correction-amd-9950x3d,run-1,2,base64-ng,decode,url-safe,padded,64,88,65536,42395820,94.348924,avx2,avx512-vbmi,avx512-vbmi,x86_64,linux,0
1,commit-5-correction-amd-9950x3d,run-1,3,base64-ng,decode,url-safe,padded,64,88,65536,41497570,96.391186,avx2,avx512-vbmi,avx512-vbmi,x86_64,linux,0
1,commit-5-correction-amd-9950x3d,run-1,4,base64-ng,decode,url-safe,padded,64,88,65536,41030190,97.489190,avx2,avx512-vbmi,avx512-vbmi,x86_64,linux,0
1,commit-5-correction-amd-9950x3d,run-1,0,base64-ng,encode,url-safe,padded,64,88,65536,6683682,598.472519,avx512-vbmi,avx512-vbmi,avx512-vbmi,x86_64,linux,0
1,commit-5-correction-amd-9950x3d,run-1,1,base64-ng,encode,url-safe,padded,64,88,65536,7527160,531.408924,avx512-vbmi,avx512-vbmi,avx512-vbmi,x86_64,linux,0
1,commit-5-correction-amd-9950x3d,run-1,2,base64-ng,encode,url-safe,padded,64,88,65536,7237063,552.710402,avx512-vbmi,avx512-vbmi,avx512-vbmi,x86_64,linux,0
1,commit-5-correction-amd-9950x3d,run-1,3,base64-ng,encode,url-safe,padded,64,88,65536,7369182,542.801087,avx512-vbmi,avx512-vbmi,avx512-vbmi,x86_64,linux,0
1,commit-5-correction-amd-9950x3d,run-1,4,base64-ng,encode,url-safe,padded,64,88,65536,6832723,585.418141,avx512-vbmi,avx512-vbmi,avx512-vbmi,x86_64,linux,0
1,commit-5-correction-amd-9950x3d,run-1,0,base64-ng,decode,url-safe,padded,64,88,65536,34712136,115.233473,avx512-vbmi,avx512-vbmi,avx512-vbmi,x86_64,linux,0
1,commit-5-correction-amd-9950x3d,run-1,1,base64-ng,decode,url-safe,padded,64,88,65536,34754867,115.091794,avx512-vbmi,avx512-vbmi,avx512-vbmi,x86_64,linux,0
1,commit-5-correction-amd-9950x3d,run-1,2,base64-ng,decode,url-safe,padded,64,88,65536,34415377,116.227116,avx512-vbmi,avx512-vbmi,avx512-vbmi,x86_64,linux,0
1,commit-5-correction-amd-9950x3d,run-1,3,base64-ng,decode,url-safe,padded,64,88,65536,34943992,114.468891,avx512-vbmi,avx512-vbmi,avx512-vbmi,x86_64,linux,0
1,commit-5-correction-amd-9950x3d,run-1,4,base64-ng,decode,url-safe,padded,64,88,65536,34784852,114.992584,avx512-vbmi,avx512-vbmi,avx512-vbmi,x86_64,linux,0
1,commit-5-correction-amd-9950x3d,run-1,0,base64-0.23.0,encode,url-safe,padded,64,88,65536,1390587,2876.483097,external,avx512-vbmi,avx512-vbmi,x86_64,linux,0
1,commit-5-correction-amd-9950x3d,run-1,1,base64-0.23.0,encode,url-safe,padded,64,88,65536,1409514,2837.857588,external,avx512-vbmi,avx512-vbmi,x86_64,linux,0
1,commit-5-correction-amd-9950x3d,run-1,2,base64-0.23.0,encode,url-safe,padded,64,88,65536,1438689,2780.309017,external,avx512-vbmi,avx512-vbmi,x86_64,linux,0
1,commit-5-correction-amd-9950x3d,run-1,3,base64-0.23.0,encode,url-safe,padded,64,88,65536,1427027,2803.030356,external,avx512-vbmi,avx512-vbmi,x86_64,linux,0
1,commit-5-correction-amd-9950x3d,run-1,4,base64-0.23.0,encode,url-safe,padded,64,88,65536,1419361,2818.169585,external,avx512-vbmi,avx512-vbmi,x86_64,linux,0
1,commit-5-correction-amd-9950x3d,run-1,0,base64-0.23.0,decode,url-safe,padded,64,88,65536,1859972,2150.570009,external,avx512-vbmi,avx512-vbmi,x86_64,linux,0
1,commit-5-correction-amd-9950x3d,run-1,1,base64-0.23.0,decode,url-safe,padded,64,88,65536,1856796,2154.248501,external,avx512-vbmi,avx512-vbmi,x86_64,linux,0
1,commit-5-correction-amd-9950x3d,run-1,2,base64-0.23.0,decode,url-safe,padded,64,88,65536,1851696,2160.181801,external,avx512-vbmi,avx512-vbmi,x86_64,linux,0
1,commit-5-correction-amd-9950x3d,run-1,3,base64-0.23.0,decode,url-safe,padded,64,88,65536,1855333,2155.947207,external,avx512-vbmi,avx512-vbmi,x86_64,linux,0
1,commit-5-correction-amd-9950x3d,run-1,4,base64-0.23.0,decode,url-safe,padded,64,88,65536,1854371,2157.065657,external,avx512-vbmi,avx512-vbmi,x86_64,linux,0
1,commit-5-correction-amd-9950x3d,run-1,0,base64ct-1.8.3,encode,url-safe,padded,64,88,65536,1881342,2126.141871,external,avx512-vbmi,avx512-vbmi,x86_64,linux,0
1,commit-5-correction-amd-9950x3d,run-1,1,base64ct-1.8.3,encode,url-safe,padded,64,88,65536,1870972,2137.926169,external,avx512-vbmi,avx512-vbmi,x86_64,linux,0
1,commit-5-correction-amd-9950x3d,run-1,2,base64ct-1.8.3,encode,url-safe,padded,64,88,65536,1891771,2114.420826,external,avx512-vbmi,avx512-vbmi,x86_64,linux,0
1,commit-5-correction-amd-9950x3d,run-1,3,base64ct-1.8.3,encode,url-safe,padded,64,88,65536,1921958,2081.210932,external,avx512-vbmi,avx512-vbmi,x86_64,linux,0
1,commit-5-correction-amd-9950x3d,run-1,4,base64ct-1.8.3,encode,url-safe,padded,64,88,65536,1891831,2114.353766,external,avx512-vbmi,avx512-vbmi,x86_64,linux,0
1,commit-5-correction-amd-9950x3d,run-1,0,base64ct-1.8.3,decode,url-safe,padded,64,88,65536,6045611,661.637012,external,avx512-vbmi,avx512-vbmi,x86_64,linux,0
1,commit-5-correction-amd-9950x3d,run-1,1,base64ct-1.8.3,decode,url-safe,padded,64,88,65536,6055289,660.579536,external,avx512-vbmi,avx512-vbmi,x86_64,linux,0
1,commit-5-correction-amd-9950x3d,run-1,2,base64ct-1.8.3,decode,url-safe,padded,64,88,65536,6051262,661.019139,external,avx512-vbmi,avx512-vbmi,x86_64,linux,0
1,commit-5-correction-amd-9950x3d,run-1,3,base64ct-1.8.3,decode,url-safe,padded,64,88,65536,6061681,659.882960,external,avx512-vbmi,avx512-vbmi,x86_64,linux,0
1,commit-5-correction-amd-9950x3d,run-1,4,base64ct-1.8.3,decode,url-safe,padded,64,88,65536,6059307,660.141498,external,avx512-vbmi,avx512-vbmi,x86_64,linux,0
1,commit-5-correction-amd-9950x3d,run-1,0,base64-ng,encode,url-safe,padded,1024,1368,4096,3813459,1048.916482,auto,avx512-vbmi,avx512-vbmi,x86_64,linux,0
1,commit-5-correction-amd-9950x3d,run-1,1,base64-ng,encode,url-safe,padded,1024,1368,4096,3807278,1050.619366,auto,avx512-vbmi,avx512-vbmi,x86_64,linux,0
1,commit-5-correction-amd-9950x3d,run-1,2,base64-ng,encode,url-safe,padded,1024,1368,4096,3828157,1044.889225,auto,avx512-vbmi,avx512-vbmi,x86_64,linux,0
1,commit-5-correction-amd-9950x3d,run-1,3,base64-ng,encode,url-safe,padded,1024,1368,4096,3822906,1046.324445,auto,avx512-vbmi,avx512-vbmi,x86_64,linux,0
1,commit-5-correction-amd-9950x3d,run-1,4,base64-ng,encode,url-safe,padded,1024,1368,4096,3827245,1045.138213,auto,avx512-vbmi,avx512-vbmi,x86_64,linux,0
1,commit-5-correction-amd-9950x3d,run-1,0,base64-ng,decode,url-safe,padded,1024,1368,4096,28211628,141.785508,auto,avx512-vbmi,avx512-vbmi,x86_64,linux,0
1,commit-5-correction-amd-9950x3d,run-1,1,base64-ng,decode,url-safe,padded,1024,1368,4096,28591222,139.903079,auto,avx512-vbmi,avx512-vbmi,x86_64,linux,0
1,commit-5-correction-amd-9950x3d,run-1,2,base64-ng,decode,url-safe,padded,1024,1368,4096,28494421,140.378357,auto,avx512-vbmi,avx512-vbmi,x86_64,linux,0
1,commit-5-correction-amd-9950x3d,run-1,3,base64-ng,decode,url-safe,padded,1024,1368,4096,27596501,144.945912,auto,avx512-vbmi,avx512-vbmi,x86_64,linux,0
1,commit-5-correction-amd-9950x3d,run-1,4,base64-ng,decode,url-safe,padded,1024,1368,4096,27783152,143.972145,auto,avx512-vbmi,avx512-vbmi,x86_64,linux,0
1,commit-5-correction-amd-9950x3d,run-1,0,base64-ng,encode,url-safe,padded,1024,1368,4096,1950672,2050.575391,scalar,avx512-vbmi,avx512-vbmi,x86_64,linux,0
1,commit-5-correction-amd-9950x3d,run-1,1,base64-ng,encode,url-safe,padded,1024,1368,4096,1978234,2022.005486,scalar,avx512-vbmi,avx512-vbmi,x86_64,linux,0
1,commit-5-correction-amd-9950x3d,run-1,2,base64-ng,encode,url-safe,padded,1024,1368,4096,1984305,2015.819141,scalar,avx512-vbmi,avx512-vbmi,x86_64,linux,0
1,commit-5-correction-amd-9950x3d,run-1,3,base64-ng,encode,url-safe,padded,1024,1368,4096,1983204,2016.938247,scalar,avx512-vbmi,avx512-vbmi,x86_64,linux,0
1,commit-5-correction-amd-9950x3d,run-1,4,base64-ng,encode,url-safe,padded,1024,1368,4096,1981260,2018.917255,scalar,avx512-vbmi,avx512-vbmi,x86_64,linux,0
1,commit-5-correction-amd-9950x3d,run-1,0,base64-ng,decode,url-safe,padded,1024,1368,4096,13310908,300.505420,scalar,avx512-vbmi,avx512-vbmi,x86_64,linux,0
1,commit-5-correction-amd-9950x3d,run-1,1,base64-ng,decode,url-safe,padded,1024,1368,4096,13031472,306.949207,scalar,avx512-vbmi,avx512-vbmi,x86_64,linux,0
1,commit-5-correction-amd-9950x3d,run-1,2,base64-ng,decode,url-safe,padded,1024,1368,4096,13013217,307.379797,scalar,avx512-vbmi,avx512-vbmi,x86_64,linux,0
1,commit-5-correction-amd-9950x3d,run-1,3,base64-ng,decode,url-safe,padded,1024,1368,4096,12947394,308.942479,scalar,avx512-vbmi,avx512-vbmi,x86_64,linux,0
1,commit-5-correction-amd-9950x3d,run-1,4,base64-ng,decode,url-safe,padded,1024,1368,4096,12983131,308.092093,scalar,avx512-vbmi,avx512-vbmi,x86_64,linux,0
1,commit-5-correction-amd-9950x3d,run-1,0,base64-ng,encode,url-safe,padded,1024,1368,4096,12321746,324.629318,ssse3-sse4.1,avx512-vbmi,avx512-vbmi,x86_64,linux,0
1,commit-5-correction-amd-9950x3d,run-1,1,base64-ng,encode,url-safe,padded,1024,1368,4096,12419840,322.065341,ssse3-sse4.1,avx512-vbmi,avx512-vbmi,x86_64,linux,0
1,commit-5-correction-amd-9950x3d,run-1,2,base64-ng,encode,url-safe,padded,1024,1368,4096,12306097,325.042132,ssse3-sse4.1,avx512-vbmi,avx512-vbmi,x86_64,linux,0
1,commit-5-correction-amd-9950x3d,run-1,3,base64-ng,encode,url-safe,padded,1024,1368,4096,12273285,325.911115,ssse3-sse4.1,avx512-vbmi,avx512-vbmi,x86_64,linux,0
1,commit-5-correction-amd-9950x3d,run-1,4,base64-ng,encode,url-safe,padded,1024,1368,4096,12201049,327.840664,ssse3-sse4.1,avx512-vbmi,avx512-vbmi,x86_64,linux,0
1,commit-5-correction-amd-9950x3d,run-1,0,base64-ng,decode,url-safe,padded,1024,1368,4096,51218098,78.097394,ssse3-sse4.1,avx512-vbmi,avx512-vbmi,x86_64,linux,0
1,commit-5-correction-amd-9950x3d,run-1,1,base64-ng,decode,url-safe,padded,1024,1368,4096,51077304,78.312669,ssse3-sse4.1,avx512-vbmi,avx512-vbmi,x86_64,linux,0
1,commit-5-correction-amd-9950x3d,run-1,2,base64-ng,decode,url-safe,padded,1024,1368,4096,51173734,78.165099,ssse3-sse4.1,avx512-vbmi,avx512-vbmi,x86_64,linux,0
1,commit-5-correction-amd-9950x3d,run-1,3,base64-ng,decode,url-safe,padded,1024,1368,4096,51605087,77.511738,ssse3-sse4.1,avx512-vbmi,avx512-vbmi,x86_64,linux,0
1,commit-5-correction-amd-9950x3d,run-1,4,base64-ng,decode,url-safe,padded,1024,1368,4096,52679800,75.930433,ssse3-sse4.1,avx512-vbmi,avx512-vbmi,x86_64,linux,0
1,commit-5-correction-amd-9950x3d,run-1,0,base64-ng,encode,url-safe,padded,1024,1368,4096,6569397,608.883890,avx2,avx512-vbmi,avx512-vbmi,x86_64,linux,0
1,commit-5-correction-amd-9950x3d,run-1,1,base64-ng,encode,url-safe,padded,1024,1368,4096,6643627,602.080761,avx2,avx512-vbmi,avx512-vbmi,x86_64,linux,0
1,commit-5-correction-amd-9950x3d,run-1,2,base64-ng,encode,url-safe,padded,1024,1368,4096,6650189,601.486665,avx2,avx512-vbmi,avx512-vbmi,x86_64,linux,0
1,commit-5-correction-amd-9950x3d,run-1,3,base64-ng,encode,url-safe,padded,1024,1368,4096,6630481,603.274483,avx2,avx512-vbmi,avx512-vbmi,x86_64,linux,0
1,commit-5-correction-amd-9950x3d,run-1,4,base64-ng,encode,url-safe,padded,1024,1368,4096,6554269,610.289263,avx2,avx512-vbmi,avx512-vbmi,x86_64,linux,0
1,commit-5-correction-amd-9950x3d,run-1,0,base64-ng,decode,url-safe,padded,1024,1368,4096,37474866,106.738207,avx2,avx512-vbmi,avx512-vbmi,x86_64,linux,0
1,commit-5-correction-amd-9950x3d,run-1,1,base64-ng,decode,url-safe,padded,1024,1368,4096,36144342,110.667390,avx2,avx512-vbmi,avx512-vbmi,x86_64,linux,0
1,commit-5-correction-amd-9950x3d,run-1,2,base64-ng,decode,url-safe,padded,1024,1368,4096,36277352,110.261631,avx2,avx512-vbmi,avx512-vbmi,x86_64,linux,0
1,commit-5-correction-amd-9950x3d,run-1,3,base64-ng,decode,url-safe,padded,1024,1368,4096,36914992,108.357060,avx2,avx512-vbmi,avx512-vbmi,x86_64,linux,0
1,commit-5-correction-amd-9950x3d,run-1,4,base64-ng,decode,url-safe,padded,1024,1368,4096,36260511,110.312841,avx2,avx512-vbmi,avx512-vbmi,x86_64,linux,0
1,commit-5-correction-amd-9950x3d,run-1,0,base64-ng,encode,url-safe,padded,1024,1368,4096,3938814,1015.534118,avx512-vbmi,avx512-vbmi,avx512-vbmi,x86_64,linux,0
1,commit-5-correction-amd-9950x3d,run-1,1,base64-ng,encode,url-safe,padded,1024,1368,4096,3924638,1019.202281,avx512-vbmi,avx512-vbmi,avx512-vbmi,x86_64,linux,0
1,commit-5-correction-amd-9950x3d,run-1,2,base64-ng,encode,url-safe,padded,1024,1368,4096,3941871,1014.746551,avx512-vbmi,avx512-vbmi,avx512-vbmi,x86_64,linux,0
1,commit-5-correction-amd-9950x3d,run-1,3,base64-ng,encode,url-safe,padded,1024,1368,4096,3923736,1019.436578,avx512-vbmi,avx512-vbmi,avx512-vbmi,x86_64,linux,0
1,commit-5-correction-amd-9950x3d,run-1,4,base64-ng,encode,url-safe,padded,1024,1368,4096,3848915,1039.253920,avx512-vbmi,avx512-vbmi,avx512-vbmi,x86_64,linux,0
1,commit-5-correction-amd-9950x3d,run-1,0,base64-ng,decode,url-safe,padded,1024,1368,4096,28194827,141.869996,avx512-vbmi,avx512-vbmi,avx512-vbmi,x86_64,linux,0
1,commit-5-correction-amd-9950x3d,run-1,1,base64-ng,decode,url-safe,padded,1024,1368,4096,27971276,143.003844,avx512-vbmi,avx512-vbmi,avx512-vbmi,x86_64,linux,0
1,commit-5-correction-amd-9950x3d,run-1,2,base64-ng,decode,url-safe,padded,1024,1368,4096,27789794,143.937735,avx512-vbmi,avx512-vbmi,avx512-vbmi,x86_64,linux,0
1,commit-5-correction-amd-9950x3d,run-1,3,base64-ng,decode,url-safe,padded,1024,1368,4096,27956287,143.080517,avx512-vbmi,avx512-vbmi,avx512-vbmi,x86_64,linux,0
1,commit-5-correction-amd-9950x3d,run-1,4,base64-ng,decode,url-safe,padded,1024,1368,4096,27954284,143.090769,avx512-vbmi,avx512-vbmi,avx512-vbmi,x86_64,linux,0
1,commit-5-correction-amd-9950x3d,run-1,0,base64-0.23.0,encode,url-safe,padded,1024,1368,4096,812710,4921.804826,external,avx512-vbmi,avx512-vbmi,x86_64,linux,0
1,commit-5-correction-amd-9950x3d,run-1,1,base64-0.23.0,encode,url-safe,padded,1024,1368,4096,842476,4747.909733,external,avx512-vbmi,avx512-vbmi,x86_64,linux,0
1,commit-5-correction-amd-9950x3d,run-1,2,base64-0.23.0,encode,url-safe,padded,1024,1368,4096,855009,4678.313328,external,avx512-vbmi,avx512-vbmi,x86_64,linux,0
1,commit-5-correction-amd-9950x3d,run-1,3,base64-0.23.0,encode,url-safe,padded,1024,1368,4096,857654,4663.885436,external,avx512-vbmi,avx512-vbmi,x86_64,linux,0
1,commit-5-correction-amd-9950x3d,run-1,4,base64-0.23.0,encode,url-safe,padded,1024,1368,4096,863596,4631.795423,external,avx512-vbmi,avx512-vbmi,x86_64,linux,0
1,commit-5-correction-amd-9950x3d,run-1,0,base64-0.23.0,decode,url-safe,padded,1024,1368,4096,995644,4017.500231,external,avx512-vbmi,avx512-vbmi,x86_64,linux,0
1,commit-5-correction-amd-9950x3d,run-1,1,base64-0.23.0,decode,url-safe,padded,1024,1368,4096,997959,4008.180697,external,avx512-vbmi,avx512-vbmi,x86_64,linux,0
1,commit-5-correction-amd-9950x3d,run-1,2,base64-0.23.0,decode,url-safe,padded,1024,1368,4096,1000213,3999.148181,external,avx512-vbmi,avx512-vbmi,x86_64,linux,0
1,commit-5-correction-amd-9950x3d,run-1,3,base64-0.23.0,decode,url-safe,padded,1024,1368,4096,1001586,3993.666046,external,avx512-vbmi,avx512-vbmi,x86_64,linux,0
1,commit-5-correction-amd-9950x3d,run-1,4,base64-0.23.0,decode,url-safe,padded,1024,1368,4096,1000834,3996.666780,external,avx512-vbmi,avx512-vbmi,x86_64,linux,0
1,commit-5-correction-amd-9950x3d,run-1,0,base64ct-1.8.3,encode,url-safe,padded,1024,1368,4096,1384065,2890.037679,external,avx512-vbmi,avx512-vbmi,x86_64,linux,0
1,commit-5-correction-amd-9950x3d,run-1,1,base64ct-1.8.3,encode,url-safe,padded,1024,1368,4096,1365661,2928.984572,external,avx512-vbmi,avx512-vbmi,x86_64,linux,0
1,commit-5-correction-amd-9950x3d,run-1,2,base64ct-1.8.3,encode,url-safe,padded,1024,1368,4096,1375570,2907.885458,external,avx512-vbmi,avx512-vbmi,x86_64,linux,0
1,commit-5-correction-amd-9950x3d,run-1,3,base64ct-1.8.3,encode,url-safe,padded,1024,1368,4096,1382973,2892.319662,external,avx512-vbmi,avx512-vbmi,x86_64,linux,0
1,commit-5-correction-amd-9950x3d,run-1,4,base64ct-1.8.3,encode,url-safe,padded,1024,1368,4096,1375128,2908.820124,external,avx512-vbmi,avx512-vbmi,x86_64,linux,0
1,commit-5-correction-amd-9950x3d,run-1,0,base64ct-1.8.3,decode,url-safe,padded,1024,1368,4096,5579093,716.962417,external,avx512-vbmi,avx512-vbmi,x86_64,linux,0
1,commit-5-correction-amd-9950x3d,run-1,1,base64ct-1.8.3,decode,url-safe,padded,1024,1368,4096,5766856,693.618845,external,avx512-vbmi,avx512-vbmi,x86_64,linux,0
1,commit-5-correction-amd-9950x3d,run-1,2,base64ct-1.8.3,decode,url-safe,padded,1024,1368,4096,6821632,586.369948,external,avx512-vbmi,avx512-vbmi,x86_64,linux,0
1,commit-5-correction-amd-9950x3d,run-1,3,base64ct-1.8.3,decode,url-safe,padded,1024,1368,4096,5037713,794.011092,external,avx512-vbmi,avx512-vbmi,x86_64,linux,0
1,commit-5-correction-amd-9950x3d,run-1,4,base64ct-1.8.3,decode,url-safe,padded,1024,1368,4096,4764850,839.480781,external,avx512-vbmi,avx512-vbmi,x86_64,linux,0
1,commit-5-correction-amd-9950x3d,run-1,0,base64-ng,encode,url-safe,padded,65536,87384,64,3585640,1115.560960,auto,avx512-vbmi,avx512-vbmi,x86_64,linux,0
1,commit-5-correction-amd-9950x3d,run-1,1,base64-ng,encode,url-safe,padded,65536,87384,64,3671021,1089.615123,auto,avx512-vbmi,avx512-vbmi,x86_64,linux,0
1,commit-5-correction-amd-9950x3d,run-1,2,base64-ng,encode,url-safe,padded,65536,87384,64,3594637,1112.768828,auto,avx512-vbmi,avx512-vbmi,x86_64,linux,0
1,commit-5-correction-amd-9950x3d,run-1,3,base64-ng,encode,url-safe,padded,65536,87384,64,3597342,1111.932088,auto,avx512-vbmi,avx512-vbmi,x86_64,linux,0
1,commit-5-correction-amd-9950x3d,run-1,4,base64-ng,encode,url-safe,padded,65536,87384,64,3590589,1114.023354,auto,avx512-vbmi,avx512-vbmi,x86_64,linux,0
1,commit-5-correction-amd-9950x3d,run-1,0,base64-ng,decode,url-safe,padded,65536,87384,64,27337103,146.321284,auto,avx512-vbmi,avx512-vbmi,x86_64,linux,0
1,commit-5-correction-amd-9950x3d,run-1,1,base64-ng,decode,url-safe,padded,65536,87384,64,27012852,148.077663,auto,avx512-vbmi,avx512-vbmi,x86_64,linux,0
1,commit-5-correction-amd-9950x3d,run-1,2,base64-ng,decode,url-safe,padded,65536,87384,64,27219390,146.954065,auto,avx512-vbmi,avx512-vbmi,x86_64,linux,0
1,commit-5-correction-amd-9950x3d,run-1,3,base64-ng,decode,url-safe,padded,65536,87384,64,27295093,146.546487,auto,avx512-vbmi,avx512-vbmi,x86_64,linux,0
1,commit-5-correction-amd-9950x3d,run-1,4,base64-ng,decode,url-safe,padded,65536,87384,64,27292889,146.558321,auto,avx512-vbmi,avx512-vbmi,x86_64,linux,0
1,commit-5-correction-amd-9950x3d,run-1,0,base64-ng,encode,url-safe,padded,65536,87384,64,1812773,2206.564198,scalar,avx512-vbmi,avx512-vbmi,x86_64,linux,0
1,commit-5-correction-amd-9950x3d,run-1,1,base64-ng,encode,url-safe,padded,65536,87384,64,1821970,2195.425830,scalar,avx512-vbmi,avx512-vbmi,x86_64,linux,0
1,commit-5-correction-amd-9950x3d,run-1,2,base64-ng,encode,url-safe,padded,65536,87384,64,1823233,2193.905003,scalar,avx512-vbmi,avx512-vbmi,x86_64,linux,0
1,commit-5-correction-amd-9950x3d,run-1,3,base64-ng,encode,url-safe,padded,65536,87384,64,1826679,2189.766237,scalar,avx512-vbmi,avx512-vbmi,x86_64,linux,0
1,commit-5-correction-amd-9950x3d,run-1,4,base64-ng,encode,url-safe,padded,65536,87384,64,1833080,2182.119711,scalar,avx512-vbmi,avx512-vbmi,x86_64,linux,0
1,commit-5-correction-amd-9950x3d,run-1,0,base64-ng,decode,url-safe,padded,65536,87384,64,12896649,310.158088,scalar,avx512-vbmi,avx512-vbmi,x86_64,linux,0
1,commit-5-correction-amd-9950x3d,run-1,1,base64-ng,decode,url-safe,padded,65536,87384,64,12911035,309.812498,scalar,avx512-vbmi,avx512-vbmi,x86_64,linux,0
1,commit-5-correction-amd-9950x3d,run-1,2,base64-ng,decode,url-safe,padded,65536,87384,64,12918389,309.636132,scalar,avx512-vbmi,avx512-vbmi,x86_64,linux,0
1,commit-5-correction-amd-9950x3d,run-1,3,base64-ng,decode,url-safe,padded,65536,87384,64,13095753,305.442535,scalar,avx512-vbmi,avx512-vbmi,x86_64,linux,0
1,commit-5-correction-amd-9950x3d,run-1,4,base64-ng,decode,url-safe,padded,65536,87384,64,13410115,298.282304,scalar,avx512-vbmi,avx512-vbmi,x86_64,linux,0
1,commit-5-correction-amd-9950x3d,run-1,0,base64-ng,encode,url-safe,padded,65536,87384,64,12357643,323.686321,ssse3-sse4.1,avx512-vbmi,avx512-vbmi,x86_64,linux,0
1,commit-5-correction-amd-9950x3d,run-1,1,base64-ng,encode,url-safe,padded,65536,87384,64,12303591,325.108336,ssse3-sse4.1,avx512-vbmi,avx512-vbmi,x86_64,linux,0
1,commit-5-correction-amd-9950x3d,run-1,2,base64-ng,encode,url-safe,padded,65536,87384,64,12036289,332.328345,ssse3-sse4.1,avx512-vbmi,avx512-vbmi,x86_64,linux,0
1,commit-5-correction-amd-9950x3d,run-1,3,base64-ng,encode,url-safe,padded,65536,87384,64,11958312,334.495370,ssse3-sse4.1,avx512-vbmi,avx512-vbmi,x86_64,linux,0
1,commit-5-correction-amd-9950x3d,run-1,4,base64-ng,encode,url-safe,padded,65536,87384,64,11945357,334.858138,ssse3-sse4.1,avx512-vbmi,avx512-vbmi,x86_64,linux,0
1,commit-5-correction-amd-9950x3d,run-1,0,base64-ng,decode,url-safe,padded,65536,87384,64,51017861,78.403914,ssse3-sse4.1,avx512-vbmi,avx512-vbmi,x86_64,linux,0
1,commit-5-correction-amd-9950x3d,run-1,1,base64-ng,decode,url-safe,padded,65536,87384,64,50769935,78.786786,ssse3-sse4.1,avx512-vbmi,avx512-vbmi,x86_64,linux,0
1,commit-5-correction-amd-9950x3d,run-1,2,base64-ng,decode,url-safe,padded,65536,87384,64,51183133,78.150745,ssse3-sse4.1,avx512-vbmi,avx512-vbmi,x86_64,linux,0
1,commit-5-correction-amd-9950x3d,run-1,3,base64-ng,decode,url-safe,padded,65536,87384,64,50901182,78.583637,ssse3-sse4.1,avx512-vbmi,avx512-vbmi,x86_64,linux,0
1,commit-5-correction-amd-9950x3d,run-1,4,base64-ng,decode,url-safe,padded,65536,87384,64,51204372,78.118329,ssse3-sse4.1,avx512-vbmi,avx512-vbmi,x86_64,linux,0
1,commit-5-correction-amd-9950x3d,run-1,0,base64-ng,encode,url-safe,padded,65536,87384,64,6478286,617.447269,avx2,avx512-vbmi,avx512-vbmi,x86_64,linux,0
1,commit-5-correction-amd-9950x3d,run-1,1,base64-ng,encode,url-safe,padded,65536,87384,64,6517590,613.723784,avx2,avx512-vbmi,avx512-vbmi,x86_64,linux,0
1,commit-5-correction-amd-9950x3d,run-1,2,base64-ng,encode,url-safe,padded,65536,87384,64,6448850,620.265629,avx2,avx512-vbmi,avx512-vbmi,x86_64,linux,0
1,commit-5-correction-amd-9950x3d,run-1,3,base64-ng,encode,url-safe,padded,65536,87384,64,6278409,637.104082,avx2,avx512-vbmi,avx512-vbmi,x86_64,linux,0
1,commit-5-correction-amd-9950x3d,run-1,4,base64-ng,encode,url-safe,padded,65536,87384,64,6325538,632.357279,avx2,avx512-vbmi,avx512-vbmi,x86_64,linux,0
1,commit-5-correction-amd-9950x3d,run-1,0,base64-ng,decode,url-safe,padded,65536,87384,64,35441869,112.860865,avx2,avx512-vbmi,avx512-vbmi,x86_64,linux,0
1,commit-5-correction-amd-9950x3d,run-1,1,base64-ng,decode,url-safe,padded,65536,87384,64,35188172,113.674561,avx2,avx512-vbmi,avx512-vbmi,x86_64,linux,0
1,commit-5-correction-amd-9950x3d,run-1,2,base64-ng,decode,url-safe,padded,65536,87384,64,35282580,113.370394,avx2,avx512-vbmi,avx512-vbmi,x86_64,linux,0
1,commit-5-correction-amd-9950x3d,run-1,3,base64-ng,decode,url-safe,padded,65536,87384,64,35357742,113.129396,avx2,avx512-vbmi,avx512-vbmi,x86_64,linux,0
1,commit-5-correction-amd-9950x3d,run-1,4,base64-ng,decode,url-safe,padded,65536,87384,64,35496863,112.686014,avx2,avx512-vbmi,avx512-vbmi,x86_64,linux,0
1,commit-5-correction-amd-9950x3d,run-1,0,base64-ng,encode,url-safe,padded,65536,87384,64,3569009,1120.759292,avx512-vbmi,avx512-vbmi,avx512-vbmi,x86_64,linux,0
1,commit-5-correction-amd-9950x3d,run-1,1,base64-ng,encode,url-safe,padded,65536,87384,64,3563348,1122.539814,avx512-vbmi,avx512-vbmi,avx512-vbmi,x86_64,linux,0
1,commit-5-correction-amd-9950x3d,run-1,2,base64-ng,encode,url-safe,padded,65536,87384,64,3524976,1134.759499,avx512-vbmi,avx512-vbmi,avx512-vbmi,x86_64,linux,0
1,commit-5-correction-amd-9950x3d,run-1,3,base64-ng,encode,url-safe,padded,65536,87384,64,3567536,1121.222042,avx512-vbmi,avx512-vbmi,avx512-vbmi,x86_64,linux,0
1,commit-5-correction-amd-9950x3d,run-1,4,base64-ng,encode,url-safe,padded,65536,87384,64,3561956,1122.978498,avx512-vbmi,avx512-vbmi,avx512-vbmi,x86_64,linux,0
1,commit-5-correction-amd-9950x3d,run-1,0,base64-ng,decode,url-safe,padded,65536,87384,64,27372138,146.133999,avx512-vbmi,avx512-vbmi,avx512-vbmi,x86_64,linux,0
1,commit-5-correction-amd-9950x3d,run-1,1,base64-ng,decode,url-safe,padded,65536,87384,64,27262932,146.719362,avx512-vbmi,avx512-vbmi,avx512-vbmi,x86_64,linux,0
1,commit-5-correction-amd-9950x3d,run-1,2,base64-ng,decode,url-safe,padded,65536,87384,64,27156522,147.294267,avx512-vbmi,avx512-vbmi,avx512-vbmi,x86_64,linux,0
1,commit-5-correction-amd-9950x3d,run-1,3,base64-ng,decode,url-safe,padded,65536,87384,64,29528467,135.462501,avx512-vbmi,avx512-vbmi,avx512-vbmi,x86_64,linux,0
1,commit-5-correction-amd-9950x3d,run-1,4,base64-ng,decode,url-safe,padded,65536,87384,64,29786193,134.290408,avx512-vbmi,avx512-vbmi,avx512-vbmi,x86_64,linux,0
1,commit-5-correction-amd-9950x3d,run-1,0,base64-0.23.0,encode,url-safe,padded,65536,87384,64,789115,5068.969669,external,avx512-vbmi,avx512-vbmi,x86_64,linux,0
1,commit-5-correction-amd-9950x3d,run-1,1,base64-0.23.0,encode,url-safe,padded,65536,87384,64,787713,5077.991604,external,avx512-vbmi,avx512-vbmi,x86_64,linux,0
1,commit-5-correction-amd-9950x3d,run-1,2,base64-0.23.0,encode,url-safe,padded,65536,87384,64,793394,5041.631270,external,avx512-vbmi,avx512-vbmi,x86_64,linux,0
1,commit-5-correction-amd-9950x3d,run-1,3,base64-0.23.0,encode,url-safe,padded,65536,87384,64,804685,4970.889230,external,avx512-vbmi,avx512-vbmi,x86_64,linux,0
1,commit-5-correction-amd-9950x3d,run-1,4,base64-0.23.0,encode,url-safe,padded,65536,87384,64,811507,4929.101043,external,avx512-vbmi,avx512-vbmi,x86_64,linux,0
1,commit-5-correction-amd-9950x3d,run-1,0,base64-0.23.0,decode,url-safe,padded,65536,87384,64,959476,4168.942214,external,avx512-vbmi,avx512-vbmi,x86_64,linux,0
1,commit-5-correction-amd-9950x3d,run-1,1,base64-0.23.0,decode,url-safe,padded,65536,87384,64,953404,4195.493201,external,avx512-vbmi,avx512-vbmi,x86_64,linux,0
1,commit-5-correction-amd-9950x3d,run-1,2,base64-0.23.0,decode,url-safe,padded,65536,87384,64,961880,4158.522893,external,avx512-vbmi,avx512-vbmi,x86_64,linux,0
1,commit-5-correction-amd-9950x3d,run-1,3,base64-0.23.0,decode,url-safe,padded,65536,87384,64,966089,4140.405284,external,avx512-vbmi,avx512-vbmi,x86_64,linux,0
1,commit-5-correction-amd-9950x3d,run-1,4,base64-0.23.0,decode,url-safe,padded,65536,87384,64,974414,4105.031332,external,avx512-vbmi,avx512-vbmi,x86_64,linux,0
1,commit-5-correction-amd-9950x3d,run-1,0,base64ct-1.8.3,encode,url-safe,padded,65536,87384,64,1348609,2966.019061,external,avx512-vbmi,avx512-vbmi,x86_64,linux,0
1,commit-5-correction-amd-9950x3d,run-1,1,base64ct-1.8.3,encode,url-safe,padded,65536,87384,64,1332799,3001.202732,external,avx512-vbmi,avx512-vbmi,x86_64,linux,0
1,commit-5-correction-amd-9950x3d,run-1,2,base64ct-1.8.3,encode,url-safe,padded,65536,87384,64,1334041,2998.408595,external,avx512-vbmi,avx512-vbmi,x86_64,linux,0
1,commit-5-correction-amd-9950x3d,run-1,3,base64ct-1.8.3,encode,url-safe,padded,65536,87384,64,1338790,2987.772541,external,avx512-vbmi,avx512-vbmi,x86_64,linux,0
1,commit-5-correction-amd-9950x3d,run-1,4,base64ct-1.8.3,encode,url-safe,padded,65536,87384,64,1346565,2970.521289,external,avx512-vbmi,avx512-vbmi,x86_64,linux,0
1,commit-5-correction-amd-9950x3d,run-1,0,base64ct-1.8.3,decode,url-safe,padded,65536,87384,64,4561267,876.949321,external,avx512-vbmi,avx512-vbmi,x86_64,linux,0
1,commit-5-correction-amd-9950x3d,run-1,1,base64ct-1.8.3,decode,url-safe,padded,65536,87384,64,4580573,873.253193,external,avx512-vbmi,avx512-vbmi,x86_64,linux,0
1,commit-5-correction-amd-9950x3d,run-1,2,base64ct-1.8.3,decode,url-safe,padded,65536,87384,64,4582286,872.926744,external,avx512-vbmi,avx512-vbmi,x86_64,linux,0
1,commit-5-correction-amd-9950x3d,run-1,3,base64ct-1.8.3,decode,url-safe,padded,65536,87384,64,4566696,875.906782,external,avx512-vbmi,avx512-vbmi,x86_64,linux,0
1,commit-5-correction-amd-9950x3d,run-1,4,base64ct-1.8.3,decode,url-safe,padded,65536,87384,64,4582276,872.928649,external,avx512-vbmi,avx512-vbmi,x86_64,linux,0
1,commit-5-correction-amd-9950x3d,run-1,0,base64-ng,encode,url-safe,unpadded,1,2,4194304,35491182,112.704051,auto,avx512-vbmi,avx512-vbmi,x86_64,linux,0
1,commit-5-correction-amd-9950x3d,run-1,1,base64-ng,encode,url-safe,unpadded,1,2,4194304,35526789,112.591093,auto,avx512-vbmi,avx512-vbmi,x86_64,linux,0
1,commit-5-correction-amd-9950x3d,run-1,2,base64-ng,encode,url-safe,unpadded,1,2,4194304,35610837,112.325358,auto,avx512-vbmi,avx512-vbmi,x86_64,linux,0
1,commit-5-correction-amd-9950x3d,run-1,3,base64-ng,encode,url-safe,unpadded,1,2,4194304,35773393,111.814946,auto,avx512-vbmi,avx512-vbmi,x86_64,linux,0
1,commit-5-correction-amd-9950x3d,run-1,4,base64-ng,encode,url-safe,unpadded,1,2,4194304,35697260,112.053418,auto,avx512-vbmi,avx512-vbmi,x86_64,linux,0
1,commit-5-correction-amd-9950x3d,run-1,0,base64-ng,decode,url-safe,unpadded,1,2,4194304,58627657,68.227185,auto,avx512-vbmi,avx512-vbmi,x86_64,linux,0
1,commit-5-correction-amd-9950x3d,run-1,1,base64-ng,decode,url-safe,unpadded,1,2,4194304,58716264,68.124225,auto,avx512-vbmi,avx512-vbmi,x86_64,linux,0
1,commit-5-correction-amd-9950x3d,run-1,2,base64-ng,decode,url-safe,unpadded,1,2,4194304,58357929,68.542528,auto,avx512-vbmi,avx512-vbmi,x86_64,linux,0
1,commit-5-correction-amd-9950x3d,run-1,3,base64-ng,decode,url-safe,unpadded,1,2,4194304,58266927,68.649579,auto,avx512-vbmi,avx512-vbmi,x86_64,linux,0
1,commit-5-correction-amd-9950x3d,run-1,4,base64-ng,decode,url-safe,unpadded,1,2,4194304,58774393,68.056849,auto,avx512-vbmi,avx512-vbmi,x86_64,linux,0
1,commit-5-correction-amd-9950x3d,run-1,0,base64-ng,encode,url-safe,unpadded,1,2,4194304,26641032,150.144334,scalar,avx512-vbmi,avx512-vbmi,x86_64,linux,0
1,commit-5-correction-amd-9950x3d,run-1,1,base64-ng,encode,url-safe,unpadded,1,2,4194304,26674054,149.958458,scalar,avx512-vbmi,avx512-vbmi,x86_64,linux,0
1,commit-5-correction-amd-9950x3d,run-1,2,base64-ng,encode,url-safe,unpadded,1,2,4194304,26809229,149.202351,scalar,avx512-vbmi,avx512-vbmi,x86_64,linux,0
1,commit-5-correction-amd-9950x3d,run-1,3,base64-ng,encode,url-safe,unpadded,1,2,4194304,26698911,149.818845,scalar,avx512-vbmi,avx512-vbmi,x86_64,linux,0
1,commit-5-correction-amd-9950x3d,run-1,4,base64-ng,encode,url-safe,unpadded,1,2,4194304,26646392,150.114132,scalar,avx512-vbmi,avx512-vbmi,x86_64,linux,0
1,commit-5-correction-amd-9950x3d,run-1,0,base64-ng,decode,url-safe,unpadded,1,2,4194304,36496485,109.599596,scalar,avx512-vbmi,avx512-vbmi,x86_64,linux,0
1,commit-5-correction-amd-9950x3d,run-1,1,base64-ng,decode,url-safe,unpadded,1,2,4194304,36463983,109.697287,scalar,avx512-vbmi,avx512-vbmi,x86_64,linux,0
1,commit-5-correction-amd-9950x3d,run-1,2,base64-ng,decode,url-safe,unpadded,1,2,4194304,36890606,108.428688,scalar,avx512-vbmi,avx512-vbmi,x86_64,linux,0
1,commit-5-correction-amd-9950x3d,run-1,3,base64-ng,decode,url-safe,unpadded,1,2,4194304,36490944,109.616238,scalar,avx512-vbmi,avx512-vbmi,x86_64,linux,0
1,commit-5-correction-amd-9950x3d,run-1,4,base64-ng,decode,url-safe,unpadded,1,2,4194304,36448685,109.743328,scalar,avx512-vbmi,avx512-vbmi,x86_64,linux,0
1,commit-5-correction-amd-9950x3d,run-1,0,base64-ng,encode,url-safe,unpadded,1,2,4194304,37700702,106.098820,ssse3-sse4.1,avx512-vbmi,avx512-vbmi,x86_64,linux,0
1,commit-5-correction-amd-9950x3d,run-1,1,base64-ng,encode,url-safe,unpadded,1,2,4194304,37578322,106.444348,ssse3-sse4.1,avx512-vbmi,avx512-vbmi,x86_64,linux,0
1,commit-5-correction-amd-9950x3d,run-1,2,base64-ng,encode,url-safe,unpadded,1,2,4194304,35668777,112.142897,ssse3-sse4.1,avx512-vbmi,avx512-vbmi,x86_64,linux,0
1,commit-5-correction-amd-9950x3d,run-1,3,base64-ng,encode,url-safe,unpadded,1,2,4194304,35607681,112.335313,ssse3-sse4.1,avx512-vbmi,avx512-vbmi,x86_64,linux,0
1,commit-5-correction-amd-9950x3d,run-1,4,base64-ng,encode,url-safe,unpadded,1,2,4194304,35641826,112.227696,ssse3-sse4.1,avx512-vbmi,avx512-vbmi,x86_64,linux,0
1,commit-5-correction-amd-9950x3d,run-1,0,base64-ng,decode,url-safe,unpadded,1,2,4194304,46620734,85.798735,ssse3-sse4.1,avx512-vbmi,avx512-vbmi,x86_64,linux,0
1,commit-5-correction-amd-9950x3d,run-1,1,base64-ng,decode,url-safe,unpadded,1,2,4194304,46742944,85.574413,ssse3-sse4.1,avx512-vbmi,avx512-vbmi,x86_64,linux,0
1,commit-5-correction-amd-9950x3d,run-1,2,base64-ng,decode,url-safe,unpadded,1,2,4194304,47193151,84.758062,ssse3-sse4.1,avx512-vbmi,avx512-vbmi,x86_64,linux,0
1,commit-5-correction-amd-9950x3d,run-1,3,base64-ng,decode,url-safe,unpadded,1,2,4194304,47488898,84.230213,ssse3-sse4.1,avx512-vbmi,avx512-vbmi,x86_64,linux,0
1,commit-5-correction-amd-9950x3d,run-1,4,base64-ng,decode,url-safe,unpadded,1,2,4194304,48029656,83.281879,ssse3-sse4.1,avx512-vbmi,avx512-vbmi,x86_64,linux,0
1,commit-5-correction-amd-9950x3d,run-1,0,base64-ng,encode,url-safe,unpadded,1,2,4194304,36634474,109.186773,avx2,avx512-vbmi,avx512-vbmi,x86_64,linux,0
1,commit-5-correction-amd-9950x3d,run-1,1,base64-ng,encode,url-safe,unpadded,1,2,4194304,36737409,108.880841,avx2,avx512-vbmi,avx512-vbmi,x86_64,linux,0
1,commit-5-correction-amd-9950x3d,run-1,2,base64-ng,encode,url-safe,unpadded,1,2,4194304,36533475,109.488627,avx2,avx512-vbmi,avx512-vbmi,x86_64,linux,0
1,commit-5-correction-amd-9950x3d,run-1,3,base64-ng,encode,url-safe,unpadded,1,2,4194304,36556337,109.420153,avx2,avx512-vbmi,avx512-vbmi,x86_64,linux,0
1,commit-5-correction-amd-9950x3d,run-1,4,base64-ng,encode,url-safe,unpadded,1,2,4194304,36542692,109.461011,avx2,avx512-vbmi,avx512-vbmi,x86_64,linux,0
1,commit-5-correction-amd-9950x3d,run-1,0,base64-ng,decode,url-safe,unpadded,1,2,4194304,53333130,75.000286,avx2,avx512-vbmi,avx512-vbmi,x86_64,linux,0
1,commit-5-correction-amd-9950x3d,run-1,1,base64-ng,decode,url-safe,unpadded,1,2,4194304,55084397,72.615844,avx2,avx512-vbmi,avx512-vbmi,x86_64,linux,0
1,commit-5-correction-amd-9950x3d,run-1,2,base64-ng,decode,url-safe,unpadded,1,2,4194304,58126754,68.815128,avx2,avx512-vbmi,avx512-vbmi,x86_64,linux,0
1,commit-5-correction-amd-9950x3d,run-1,3,base64-ng,decode,url-safe,unpadded,1,2,4194304,57618708,69.421897,avx2,avx512-vbmi,avx512-vbmi,x86_64,linux,0
1,commit-5-correction-amd-9950x3d,run-1,4,base64-ng,decode,url-safe,unpadded,1,2,4194304,55547688,72.010198,avx2,avx512-vbmi,avx512-vbmi,x86_64,linux,0
1,commit-5-correction-amd-9950x3d,run-1,0,base64-ng,encode,url-safe,unpadded,1,2,4194304,39184225,102.081896,avx512-vbmi,avx512-vbmi,avx512-vbmi,x86_64,linux,0
1,commit-5-correction-amd-9950x3d,run-1,1,base64-ng,encode,url-safe,unpadded,1,2,4194304,39031177,102.482177,avx512-vbmi,avx512-vbmi,avx512-vbmi,x86_64,linux,0
1,commit-5-correction-amd-9950x3d,run-1,2,base64-ng,encode,url-safe,unpadded,1,2,4194304,40937034,97.711036,avx512-vbmi,avx512-vbmi,avx512-vbmi,x86_64,linux,0
1,commit-5-correction-amd-9950x3d,run-1,3,base64-ng,encode,url-safe,unpadded,1,2,4194304,42851818,93.344931,avx512-vbmi,avx512-vbmi,avx512-vbmi,x86_64,linux,0
1,commit-5-correction-amd-9950x3d,run-1,4,base64-ng,encode,url-safe,unpadded,1,2,4194304,39614995,100.971867,avx512-vbmi,avx512-vbmi,avx512-vbmi,x86_64,linux,0
1,commit-5-correction-amd-9950x3d,run-1,0,base64-ng,decode,url-safe,unpadded,1,2,4194304,57594021,69.451654,avx512-vbmi,avx512-vbmi,avx512-vbmi,x86_64,linux,0
1,commit-5-correction-amd-9950x3d,run-1,1,base64-ng,decode,url-safe,unpadded,1,2,4194304,57475198,69.595237,avx512-vbmi,avx512-vbmi,avx512-vbmi,x86_64,linux,0
1,commit-5-correction-amd-9950x3d,run-1,2,base64-ng,decode,url-safe,unpadded,1,2,4194304,57411176,69.672846,avx512-vbmi,avx512-vbmi,avx512-vbmi,x86_64,linux,0
1,commit-5-correction-amd-9950x3d,run-1,3,base64-ng,decode,url-safe,unpadded,1,2,4194304,57491729,69.575225,avx512-vbmi,avx512-vbmi,avx512-vbmi,x86_64,linux,0
1,commit-5-correction-amd-9950x3d,run-1,4,base64-ng,decode,url-safe,unpadded,1,2,4194304,57878256,69.110583,avx512-vbmi,avx512-vbmi,avx512-vbmi,x86_64,linux,0
1,commit-5-correction-amd-9950x3d,run-1,0,base64-0.23.0,encode,url-safe,unpadded,1,2,4194304,27933014,143.199728,external,avx512-vbmi,avx512-vbmi,x86_64,linux,0
1,commit-5-correction-amd-9950x3d,run-1,1,base64-0.23.0,encode,url-safe,unpadded,1,2,4194304,28972360,138.062622,external,avx512-vbmi,avx512-vbmi,x86_64,linux,0
1,commit-5-correction-amd-9950x3d,run-1,2,base64-0.23.0,encode,url-safe,unpadded,1,2,4194304,28228400,141.701265,external,avx512-vbmi,avx512-vbmi,x86_64,linux,0
1,commit-5-correction-amd-9950x3d,run-1,3,base64-0.23.0,encode,url-safe,unpadded,1,2,4194304,27937442,143.177031,external,avx512-vbmi,avx512-vbmi,x86_64,linux,0
1,commit-5-correction-amd-9950x3d,run-1,4,base64-0.23.0,encode,url-safe,unpadded,1,2,4194304,27973991,142.989965,external,avx512-vbmi,avx512-vbmi,x86_64,linux,0
1,commit-5-correction-amd-9950x3d,run-1,0,base64-0.23.0,decode,url-safe,unpadded,1,2,4194304,52920853,75.584572,external,avx512-vbmi,avx512-vbmi,x86_64,linux,0
1,commit-5-correction-amd-9950x3d,run-1,1,base64-0.23.0,decode,url-safe,unpadded,1,2,4194304,52459586,76.249172,external,avx512-vbmi,avx512-vbmi,x86_64,linux,0
1,commit-5-correction-amd-9950x3d,run-1,2,base64-0.23.0,decode,url-safe,unpadded,1,2,4194304,53082128,75.354929,external,avx512-vbmi,avx512-vbmi,x86_64,linux,0
1,commit-5-correction-amd-9950x3d,run-1,3,base64-0.23.0,decode,url-safe,unpadded,1,2,4194304,52624156,76.010720,external,avx512-vbmi,avx512-vbmi,x86_64,linux,0
1,commit-5-correction-amd-9950x3d,run-1,4,base64-0.23.0,decode,url-safe,unpadded,1,2,4194304,52559534,76.104176,external,avx512-vbmi,avx512-vbmi,x86_64,linux,0
1,commit-5-correction-amd-9950x3d,run-1,0,base64ct-1.8.3,encode,url-safe,unpadded,1,2,4194304,26994427,148.178733,external,avx512-vbmi,avx512-vbmi,x86_64,linux,0
1,commit-5-correction-amd-9950x3d,run-1,1,base64ct-1.8.3,encode,url-safe,unpadded,1,2,4194304,26679044,149.930410,external,avx512-vbmi,avx512-vbmi,x86_64,linux,0
1,commit-5-correction-amd-9950x3d,run-1,2,base64ct-1.8.3,encode,url-safe,unpadded,1,2,4194304,26692739,149.853486,external,avx512-vbmi,avx512-vbmi,x86_64,linux,0
1,commit-5-correction-amd-9950x3d,run-1,3,base64ct-1.8.3,encode,url-safe,unpadded,1,2,4194304,26640892,150.145123,external,avx512-vbmi,avx512-vbmi,x86_64,linux,0
1,commit-5-correction-amd-9950x3d,run-1,4,base64ct-1.8.3,encode,url-safe,unpadded,1,2,4194304,26733767,149.623508,external,avx512-vbmi,avx512-vbmi,x86_64,linux,0
1,commit-5-correction-amd-9950x3d,run-1,0,base64ct-1.8.3,decode,url-safe,unpadded,1,2,4194304,107428354,37.234118,external,avx512-vbmi,avx512-vbmi,x86_64,linux,0
1,commit-5-correction-amd-9950x3d,run-1,1,base64ct-1.8.3,decode,url-safe,unpadded,1,2,4194304,107559361,37.188767,external,avx512-vbmi,avx512-vbmi,x86_64,linux,0
1,commit-5-correction-amd-9950x3d,run-1,2,base64ct-1.8.3,decode,url-safe,unpadded,1,2,4194304,105328561,37.976404,external,avx512-vbmi,avx512-vbmi,x86_64,linux,0
1,commit-5-correction-amd-9950x3d,run-1,3,base64ct-1.8.3,decode,url-safe,unpadded,1,2,4194304,105502800,37.913686,external,avx512-vbmi,avx512-vbmi,x86_64,linux,0
1,commit-5-correction-amd-9950x3d,run-1,4,base64ct-1.8.3,decode,url-safe,unpadded,1,2,4194304,105672719,37.852721,external,avx512-vbmi,avx512-vbmi,x86_64,linux,0
1,commit-5-correction-amd-9950x3d,run-1,0,base64-ng,encode,url-safe,unpadded,2,3,2097152,22216943,180.042772,auto,avx512-vbmi,avx512-vbmi,x86_64,linux,0
1,commit-5-correction-amd-9950x3d,run-1,1,base64-ng,encode,url-safe,unpadded,2,3,2097152,22221752,180.003809,auto,avx512-vbmi,avx512-vbmi,x86_64,linux,0
1,commit-5-correction-amd-9950x3d,run-1,2,base64-ng,encode,url-safe,unpadded,2,3,2097152,22200813,180.173582,auto,avx512-vbmi,avx512-vbmi,x86_64,linux,0
1,commit-5-correction-amd-9950x3d,run-1,3,base64-ng,encode,url-safe,unpadded,2,3,2097152,22226763,179.963227,auto,avx512-vbmi,avx512-vbmi,x86_64,linux,0
1,commit-5-correction-amd-9950x3d,run-1,4,base64-ng,encode,url-safe,unpadded,2,3,2097152,22363549,178.862487,auto,avx512-vbmi,avx512-vbmi,x86_64,linux,0
1,commit-5-correction-amd-9950x3d,run-1,0,base64-ng,decode,url-safe,unpadded,2,3,2097152,35096720,113.970764,auto,avx512-vbmi,avx512-vbmi,x86_64,linux,0
1,commit-5-correction-amd-9950x3d,run-1,1,base64-ng,decode,url-safe,unpadded,2,3,2097152,36296990,110.201975,auto,avx512-vbmi,avx512-vbmi,x86_64,linux,0
1,commit-5-correction-amd-9950x3d,run-1,2,base64-ng,decode,url-safe,unpadded,2,3,2097152,35010778,114.250532,auto,avx512-vbmi,avx512-vbmi,x86_64,linux,0
1,commit-5-correction-amd-9950x3d,run-1,3,base64-ng,decode,url-safe,unpadded,2,3,2097152,34774824,115.025744,auto,avx512-vbmi,avx512-vbmi,x86_64,linux,0
1,commit-5-correction-amd-9950x3d,run-1,4,base64-ng,decode,url-safe,unpadded,2,3,2097152,34939674,114.483037,auto,avx512-vbmi,avx512-vbmi,x86_64,linux,0
1,commit-5-correction-amd-9950x3d,run-1,0,base64-ng,encode,url-safe,unpadded,2,3,2097152,19217227,208.146576,scalar,avx512-vbmi,avx512-vbmi,x86_64,linux,0
1,commit-5-correction-amd-9950x3d,run-1,1,base64-ng,encode,url-safe,unpadded,2,3,2097152,19240531,207.894470,scalar,avx512-vbmi,avx512-vbmi,x86_64,linux,0
1,commit-5-correction-amd-9950x3d,run-1,2,base64-ng,encode,url-safe,unpadded,2,3,2097152,18956776,211.006344,scalar,avx512-vbmi,avx512-vbmi,x86_64,linux,0
1,commit-5-correction-amd-9950x3d,run-1,3,base64-ng,encode,url-safe,unpadded,2,3,2097152,19037999,210.106115,scalar,avx512-vbmi,avx512-vbmi,x86_64,linux,0
1,commit-5-correction-amd-9950x3d,run-1,4,base64-ng,encode,url-safe,unpadded,2,3,2097152,19053899,209.930786,scalar,avx512-vbmi,avx512-vbmi,x86_64,linux,0
1,commit-5-correction-amd-9950x3d,run-1,0,base64-ng,decode,url-safe,unpadded,2,3,2097152,24667116,162.159208,scalar,avx512-vbmi,avx512-vbmi,x86_64,linux,0
1,commit-5-correction-amd-9950x3d,run-1,1,base64-ng,decode,url-safe,unpadded,2,3,2097152,24762696,161.533300,scalar,avx512-vbmi,avx512-vbmi,x86_64,linux,0
1,commit-5-correction-amd-9950x3d,run-1,2,base64-ng,decode,url-safe,unpadded,2,3,2097152,24517324,163.149942,scalar,avx512-vbmi,avx512-vbmi,x86_64,linux,0
1,commit-5-correction-amd-9950x3d,run-1,3,base64-ng,decode,url-safe,unpadded,2,3,2097152,24581896,162.721378,scalar,avx512-vbmi,avx512-vbmi,x86_64,linux,0
1,commit-5-correction-amd-9950x3d,run-1,4,base64-ng,decode,url-safe,unpadded,2,3,2097152,24449737,163.600942,scalar,avx512-vbmi,avx512-vbmi,x86_64,linux,0
1,commit-5-correction-amd-9950x3d,run-1,0,base64-ng,encode,url-safe,unpadded,2,3,2097152,24538263,163.010723,ssse3-sse4.1,avx512-vbmi,avx512-vbmi,x86_64,linux,0
1,commit-5-correction-amd-9950x3d,run-1,1,base64-ng,encode,url-safe,unpadded,2,3,2097152,24553693,162.908284,ssse3-sse4.1,avx512-vbmi,avx512-vbmi,x86_64,linux,0
1,commit-5-correction-amd-9950x3d,run-1,2,base64-ng,encode,url-safe,unpadded,2,3,2097152,24605520,162.565148,ssse3-sse4.1,avx512-vbmi,avx512-vbmi,x86_64,linux,0
1,commit-5-correction-amd-9950x3d,run-1,3,base64-ng,encode,url-safe,unpadded,2,3,2097152,24648481,162.281806,ssse3-sse4.1,avx512-vbmi,avx512-vbmi,x86_64,linux,0
1,commit-5-correction-amd-9950x3d,run-1,4,base64-ng,encode,url-safe,unpadded,2,3,2097152,24678377,162.085213,ssse3-sse4.1,avx512-vbmi,avx512-vbmi,x86_64,linux,0
1,commit-5-correction-amd-9950x3d,run-1,0,base64-ng,decode,url-safe,unpadded,2,3,2097152,29214406,136.918752,ssse3-sse4.1,avx512-vbmi,avx512-vbmi,x86_64,linux,0
1,commit-5-correction-amd-9950x3d,run-1,1,base64-ng,decode,url-safe,unpadded,2,3,2097152,29344532,136.311596,ssse3-sse4.1,avx512-vbmi,avx512-vbmi,x86_64,linux,0
1,commit-5-correction-amd-9950x3d,run-1,2,base64-ng,decode,url-safe,unpadded,2,3,2097152,29480347,135.683613,ssse3-sse4.1,avx512-vbmi,avx512-vbmi,x86_64,linux,0
1,commit-5-correction-amd-9950x3d,run-1,3,base64-ng,decode,url-safe,unpadded,2,3,2097152,29440392,135.867756,ssse3-sse4.1,avx512-vbmi,avx512-vbmi,x86_64,linux,0
1,commit-5-correction-amd-9950x3d,run-1,4,base64-ng,decode,url-safe,unpadded,2,3,2097152,29411778,135.999939,ssse3-sse4.1,avx512-vbmi,avx512-vbmi,x86_64,linux,0
1,commit-5-correction-amd-9950x3d,run-1,0,base64-ng,encode,url-safe,unpadded,2,3,2097152,25098959,159.369159,avx2,avx512-vbmi,avx512-vbmi,x86_64,linux,0
1,commit-5-correction-amd-9950x3d,run-1,1,base64-ng,encode,url-safe,unpadded,2,3,2097152,25066397,159.576185,avx2,avx512-vbmi,avx512-vbmi,x86_64,linux,0
1,commit-5-correction-amd-9950x3d,run-1,2,base64-ng,encode,url-safe,unpadded,2,3,2097152,24774478,161.456480,avx2,avx512-vbmi,avx512-vbmi,x86_64,linux,0
1,commit-5-correction-amd-9950x3d,run-1,3,base64-ng,encode,url-safe,unpadded,2,3,2097152,26910750,148.639484,avx2,avx512-vbmi,avx512-vbmi,x86_64,linux,0
1,commit-5-correction-amd-9950x3d,run-1,4,base64-ng,encode,url-safe,unpadded,2,3,2097152,25134736,159.142312,avx2,avx512-vbmi,avx512-vbmi,x86_64,linux,0
1,commit-5-correction-amd-9950x3d,run-1,0,base64-ng,decode,url-safe,unpadded,2,3,2097152,31388018,127.437164,avx2,avx512-vbmi,avx512-vbmi,x86_64,linux,0
1,commit-5-correction-amd-9950x3d,run-1,1,base64-ng,decode,url-safe,unpadded,2,3,2097152,30796044,129.886813,avx2,avx512-vbmi,avx512-vbmi,x86_64,linux,0
1,commit-5-correction-amd-9950x3d,run-1,2,base64-ng,decode,url-safe,unpadded,2,3,2097152,30880493,129.531611,avx2,avx512-vbmi,avx512-vbmi,x86_64,linux,0
1,commit-5-correction-amd-9950x3d,run-1,3,base64-ng,decode,url-safe,unpadded,2,3,2097152,31008324,128.997620,avx2,avx512-vbmi,avx512-vbmi,x86_64,linux,0
1,commit-5-correction-amd-9950x3d,run-1,4,base64-ng,decode,url-safe,unpadded,2,3,2097152,30754505,130.062246,avx2,avx512-vbmi,avx512-vbmi,x86_64,linux,0
1,commit-5-correction-amd-9950x3d,run-1,0,base64-ng,encode,url-safe,unpadded,2,3,2097152,25345182,157.820922,avx512-vbmi,avx512-vbmi,avx512-vbmi,x86_64,linux,0
1,commit-5-correction-amd-9950x3d,run-1,1,base64-ng,encode,url-safe,unpadded,2,3,2097152,25396028,157.504945,avx512-vbmi,avx512-vbmi,avx512-vbmi,x86_64,linux,0
1,commit-5-correction-amd-9950x3d,run-1,2,base64-ng,encode,url-safe,unpadded,2,3,2097152,25321237,157.970166,avx512-vbmi,avx512-vbmi,avx512-vbmi,x86_64,linux,0
1,commit-5-correction-amd-9950x3d,run-1,3,base64-ng,encode,url-safe,unpadded,2,3,2097152,25451512,157.161586,avx512-vbmi,avx512-vbmi,avx512-vbmi,x86_64,linux,0
1,commit-5-correction-amd-9950x3d,run-1,4,base64-ng,encode,url-safe,unpadded,2,3,2097152,25334141,157.889703,avx512-vbmi,avx512-vbmi,avx512-vbmi,x86_64,linux,0
1,commit-5-correction-amd-9950x3d,run-1,0,base64-ng,decode,url-safe,unpadded,2,3,2097152,33651890,118.864052,avx512-vbmi,avx512-vbmi,avx512-vbmi,x86_64,linux,0
1,commit-5-correction-amd-9950x3d,run-1,1,base64-ng,decode,url-safe,unpadded,2,3,2097152,33607898,119.019642,avx512-vbmi,avx512-vbmi,avx512-vbmi,x86_64,linux,0
1,commit-5-correction-amd-9950x3d,run-1,2,base64-ng,decode,url-safe,unpadded,2,3,2097152,33732441,118.580212,avx512-vbmi,avx512-vbmi,avx512-vbmi,x86_64,linux,0
1,commit-5-correction-amd-9950x3d,run-1,3,base64-ng,decode,url-safe,unpadded,2,3,2097152,33785582,118.393698,avx512-vbmi,avx512-vbmi,avx512-vbmi,x86_64,linux,0
1,commit-5-correction-amd-9950x3d,run-1,4,base64-ng,decode,url-safe,unpadded,2,3,2097152,33908683,117.963886,avx512-vbmi,avx512-vbmi,avx512-vbmi,x86_64,linux,0
1,commit-5-correction-amd-9950x3d,run-1,0,base64-0.23.0,encode,url-safe,unpadded,2,3,2097152,14583724,274.278367,external,avx512-vbmi,avx512-vbmi,x86_64,linux,0
1,commit-5-correction-amd-9950x3d,run-1,1,base64-0.23.0,encode,url-safe,unpadded,2,3,2097152,15201227,263.136653,external,avx512-vbmi,avx512-vbmi,x86_64,linux,0
1,commit-5-correction-amd-9950x3d,run-1,2,base64-0.23.0,encode,url-safe,unpadded,2,3,2097152,14683241,272.419420,external,avx512-vbmi,avx512-vbmi,x86_64,linux,0
1,commit-5-correction-amd-9950x3d,run-1,3,base64-0.23.0,encode,url-safe,unpadded,2,3,2097152,14704692,272.022019,external,avx512-vbmi,avx512-vbmi,x86_64,linux,0
1,commit-5-correction-amd-9950x3d,run-1,4,base64-0.23.0,encode,url-safe,unpadded,2,3,2097152,15132096,264.338794,external,avx512-vbmi,avx512-vbmi,x86_64,linux,0
1,commit-5-correction-amd-9950x3d,run-1,0,base64-0.23.0,decode,url-safe,unpadded,2,3,2097152,26887907,148.765763,external,avx512-vbmi,avx512-vbmi,x86_64,linux,0
1,commit-5-correction-amd-9950x3d,run-1,1,base64-0.23.0,decode,url-safe,unpadded,2,3,2097152,27101459,147.593530,external,avx512-vbmi,avx512-vbmi,x86_64,linux,0
1,commit-5-correction-amd-9950x3d,run-1,2,base64-0.23.0,decode,url-safe,unpadded,2,3,2097152,27067154,147.780590,external,avx512-vbmi,avx512-vbmi,x86_64,linux,0
1,commit-5-correction-amd-9950x3d,run-1,3,base64-0.23.0,decode,url-safe,unpadded,2,3,2097152,26803267,149.235539,external,avx512-vbmi,avx512-vbmi,x86_64,linux,0
1,commit-5-correction-amd-9950x3d,run-1,4,base64-0.23.0,decode,url-safe,unpadded,2,3,2097152,26794702,149.283243,external,avx512-vbmi,avx512-vbmi,x86_64,linux,0
1,commit-5-correction-amd-9950x3d,run-1,0,base64ct-1.8.3,encode,url-safe,unpadded,2,3,2097152,14018119,285.344988,external,avx512-vbmi,avx512-vbmi,x86_64,linux,0
1,commit-5-correction-amd-9950x3d,run-1,1,base64ct-1.8.3,encode,url-safe,unpadded,2,3,2097152,14061761,284.459393,external,avx512-vbmi,avx512-vbmi,x86_64,linux,0
1,commit-5-correction-amd-9950x3d,run-1,2,base64ct-1.8.3,encode,url-safe,unpadded,2,3,2097152,14075447,284.182804,external,avx512-vbmi,avx512-vbmi,x86_64,linux,0
1,commit-5-correction-amd-9950x3d,run-1,3,base64ct-1.8.3,encode,url-safe,unpadded,2,3,2097152,14048286,284.732244,external,avx512-vbmi,avx512-vbmi,x86_64,linux,0
1,commit-5-correction-amd-9950x3d,run-1,4,base64ct-1.8.3,encode,url-safe,unpadded,2,3,2097152,13972102,286.284769,external,avx512-vbmi,avx512-vbmi,x86_64,linux,0
1,commit-5-correction-amd-9950x3d,run-1,0,base64ct-1.8.3,decode,url-safe,unpadded,2,3,2097152,61029459,65.542118,external,avx512-vbmi,avx512-vbmi,x86_64,linux,0
1,commit-5-correction-amd-9950x3d,run-1,1,base64ct-1.8.3,decode,url-safe,unpadded,2,3,2097152,61051109,65.518875,external,avx512-vbmi,avx512-vbmi,x86_64,linux,0
1,commit-5-correction-amd-9950x3d,run-1,2,base64ct-1.8.3,decode,url-safe,unpadded,2,3,2097152,61656629,64.875425,external,avx512-vbmi,avx512-vbmi,x86_64,linux,0
1,commit-5-correction-amd-9950x3d,run-1,3,base64ct-1.8.3,decode,url-safe,unpadded,2,3,2097152,62311632,64.193472,external,avx512-vbmi,avx512-vbmi,x86_64,linux,0
1,commit-5-correction-amd-9950x3d,run-1,4,base64ct-1.8.3,decode,url-safe,unpadded,2,3,2097152,61631982,64.901369,external,avx512-vbmi,avx512-vbmi,x86_64,linux,0
1,commit-5-correction-amd-9950x3d,run-1,0,base64-ng,encode,url-safe,unpadded,3,4,1398101,19474471,205.397058,auto,avx512-vbmi,avx512-vbmi,x86_64,linux,0
1,commit-5-correction-amd-9950x3d,run-1,1,base64-ng,encode,url-safe,unpadded,3,4,1398101,19621538,203.857569,auto,avx512-vbmi,avx512-vbmi,x86_64,linux,0
1,commit-5-correction-amd-9950x3d,run-1,2,base64-ng,encode,url-safe,unpadded,3,4,1398101,19595779,204.125544,auto,avx512-vbmi,avx512-vbmi,x86_64,linux,0
1,commit-5-correction-amd-9950x3d,run-1,3,base64-ng,encode,url-safe,unpadded,3,4,1398101,19398077,206.205958,auto,avx512-vbmi,avx512-vbmi,x86_64,linux,0
1,commit-5-correction-amd-9950x3d,run-1,4,base64-ng,encode,url-safe,unpadded,3,4,1398101,19311284,207.132734,auto,avx512-vbmi,avx512-vbmi,x86_64,linux,0
1,commit-5-correction-amd-9950x3d,run-1,0,base64-ng,decode,url-safe,unpadded,3,4,1398101,28671394,139.511844,auto,avx512-vbmi,avx512-vbmi,x86_64,linux,0
1,commit-5-correction-amd-9950x3d,run-1,1,base64-ng,decode,url-safe,unpadded,3,4,1398101,28722961,139.261375,auto,avx512-vbmi,avx512-vbmi,x86_64,linux,0
1,commit-5-correction-amd-9950x3d,run-1,2,base64-ng,decode,url-safe,unpadded,3,4,1398101,28559884,140.056558,auto,avx512-vbmi,avx512-vbmi,x86_64,linux,0
1,commit-5-correction-amd-9950x3d,run-1,3,base64-ng,decode,url-safe,unpadded,3,4,1398101,28585222,139.932411,auto,avx512-vbmi,avx512-vbmi,x86_64,linux,0
1,commit-5-correction-amd-9950x3d,run-1,4,base64-ng,decode,url-safe,unpadded,3,4,1398101,28775891,139.005220,auto,avx512-vbmi,avx512-vbmi,x86_64,linux,0
1,commit-5-correction-amd-9950x3d,run-1,0,base64-ng,encode,url-safe,unpadded,3,4,1398101,19341590,206.808181,scalar,avx512-vbmi,avx512-vbmi,x86_64,linux,0
1,commit-5-correction-amd-9950x3d,run-1,1,base64-ng,encode,url-safe,unpadded,3,4,1398101,19235390,207.949984,scalar,avx512-vbmi,avx512-vbmi,x86_64,linux,0
1,commit-5-correction-amd-9950x3d,run-1,2,base64-ng,encode,url-safe,unpadded,3,4,1398101,19230822,207.999380,scalar,avx512-vbmi,avx512-vbmi,x86_64,linux,0
1,commit-5-correction-amd-9950x3d,run-1,3,base64-ng,encode,url-safe,unpadded,3,4,1398101,19133078,209.061974,scalar,avx512-vbmi,avx512-vbmi,x86_64,linux,0
1,commit-5-correction-amd-9950x3d,run-1,4,base64-ng,encode,url-safe,unpadded,3,4,1398101,19142115,208.963275,scalar,avx512-vbmi,avx512-vbmi,x86_64,linux,0
1,commit-5-correction-amd-9950x3d,run-1,0,base64-ng,decode,url-safe,unpadded,3,4,1398101,21312060,187.687115,scalar,avx512-vbmi,avx512-vbmi,x86_64,linux,0
1,commit-5-correction-amd-9950x3d,run-1,1,base64-ng,decode,url-safe,unpadded,3,4,1398101,21222271,188.481197,scalar,avx512-vbmi,avx512-vbmi,x86_64,linux,0
1,commit-5-correction-amd-9950x3d,run-1,2,base64-ng,decode,url-safe,unpadded,3,4,1398101,21424000,186.706453,scalar,avx512-vbmi,avx512-vbmi,x86_64,linux,0
1,commit-5-correction-amd-9950x3d,run-1,3,base64-ng,decode,url-safe,unpadded,3,4,1398101,22653835,176.570503,scalar,avx512-vbmi,avx512-vbmi,x86_64,linux,0
1,commit-5-correction-amd-9950x3d,run-1,4,base64-ng,decode,url-safe,unpadded,3,4,1398101,21610121,185.098410,scalar,avx512-vbmi,avx512-vbmi,x86_64,linux,0
1,commit-5-correction-amd-9950x3d,run-1,0,base64-ng,encode,url-safe,unpadded,3,4,1398101,22304368,179.337027,ssse3-sse4.1,avx512-vbmi,avx512-vbmi,x86_64,linux,0
1,commit-5-correction-amd-9950x3d,run-1,1,base64-ng,encode,url-safe,unpadded,3,4,1398101,22349544,178.974526,ssse3-sse4.1,avx512-vbmi,avx512-vbmi,x86_64,linux,0
1,commit-5-correction-amd-9950x3d,run-1,2,base64-ng,encode,url-safe,unpadded,3,4,1398101,22466754,178.040808,ssse3-sse4.1,avx512-vbmi,avx512-vbmi,x86_64,linux,0
1,commit-5-correction-amd-9950x3d,run-1,3,base64-ng,encode,url-safe,unpadded,3,4,1398101,22502611,177.757108,ssse3-sse4.1,avx512-vbmi,avx512-vbmi,x86_64,linux,0
1,commit-5-correction-amd-9950x3d,run-1,4,base64-ng,encode,url-safe,unpadded,3,4,1398101,22545783,177.416728,ssse3-sse4.1,avx512-vbmi,avx512-vbmi,x86_64,linux,0
1,commit-5-correction-amd-9950x3d,run-1,0,base64-ng,decode,url-safe,unpadded,3,4,1398101,24927016,160.468427,ssse3-sse4.1,avx512-vbmi,avx512-vbmi,x86_64,linux,0
1,commit-5-correction-amd-9950x3d,run-1,1,base64-ng,decode,url-safe,unpadded,3,4,1398101,25067500,159.569125,ssse3-sse4.1,avx512-vbmi,avx512-vbmi,x86_64,linux,0
1,commit-5-correction-amd-9950x3d,run-1,2,base64-ng,decode,url-safe,unpadded,3,4,1398101,25032904,159.789653,ssse3-sse4.1,avx512-vbmi,avx512-vbmi,x86_64,linux,0
1,commit-5-correction-amd-9950x3d,run-1,3,base64-ng,decode,url-safe,unpadded,3,4,1398101,25014120,159.909645,ssse3-sse4.1,avx512-vbmi,avx512-vbmi,x86_64,linux,0
1,commit-5-correction-amd-9950x3d,run-1,4,base64-ng,decode,url-safe,unpadded,3,4,1398101,24965978,160.217999,ssse3-sse4.1,avx512-vbmi,avx512-vbmi,x86_64,linux,0
1,commit-5-correction-amd-9950x3d,run-1,0,base64-ng,encode,url-safe,unpadded,3,4,1398101,22427510,178.352347,avx2,avx512-vbmi,avx512-vbmi,x86_64,linux,0
1,commit-5-correction-amd-9950x3d,run-1,1,base64-ng,encode,url-safe,unpadded,3,4,1398101,22500768,177.771667,avx2,avx512-vbmi,avx512-vbmi,x86_64,linux,0
1,commit-5-correction-amd-9950x3d,run-1,2,base64-ng,encode,url-safe,unpadded,3,4,1398101,22371845,178.796118,avx2,avx512-vbmi,avx512-vbmi,x86_64,linux,0
1,commit-5-correction-amd-9950x3d,run-1,3,base64-ng,encode,url-safe,unpadded,3,4,1398101,22438320,178.266423,avx2,avx512-vbmi,avx512-vbmi,x86_64,linux,0
1,commit-5-correction-amd-9950x3d,run-1,4,base64-ng,encode,url-safe,unpadded,3,4,1398101,22661971,176.507112,avx2,avx512-vbmi,avx512-vbmi,x86_64,linux,0
1,commit-5-correction-amd-9950x3d,run-1,0,base64-ng,decode,url-safe,unpadded,3,4,1398101,29670315,134.814849,avx2,avx512-vbmi,avx512-vbmi,x86_64,linux,0
1,commit-5-correction-amd-9950x3d,run-1,1,base64-ng,decode,url-safe,unpadded,3,4,1398101,26036133,153.632609,avx2,avx512-vbmi,avx512-vbmi,x86_64,linux,0
1,commit-5-correction-amd-9950x3d,run-1,2,base64-ng,decode,url-safe,unpadded,3,4,1398101,25984896,153.935542,avx2,avx512-vbmi,avx512-vbmi,x86_64,linux,0
1,commit-5-correction-amd-9950x3d,run-1,3,base64-ng,decode,url-safe,unpadded,3,4,1398101,26319496,151.978558,avx2,avx512-vbmi,avx512-vbmi,x86_64,linux,0
1,commit-5-correction-amd-9950x3d,run-1,4,base64-ng,decode,url-safe,unpadded,3,4,1398101,25807143,154.995811,avx2,avx512-vbmi,avx512-vbmi,x86_64,linux,0
1,commit-5-correction-amd-9950x3d,run-1,0,base64-ng,encode,url-safe,unpadded,3,4,1398101,23099966,173.160387,avx512-vbmi,avx512-vbmi,avx512-vbmi,x86_64,linux,0
1,commit-5-correction-amd-9950x3d,run-1,1,base64-ng,encode,url-safe,unpadded,3,4,1398101,23078405,173.322162,avx512-vbmi,avx512-vbmi,avx512-vbmi,x86_64,linux,0
1,commit-5-correction-amd-9950x3d,run-1,2,base64-ng,encode,url-safe,unpadded,3,4,1398101,23086620,173.260488,avx512-vbmi,avx512-vbmi,avx512-vbmi,x86_64,linux,0
1,commit-5-correction-amd-9950x3d,run-1,3,base64-ng,encode,url-safe,unpadded,3,4,1398101,23131796,172.922113,avx512-vbmi,avx512-vbmi,avx512-vbmi,x86_64,linux,0
1,commit-5-correction-amd-9950x3d,run-1,4,base64-ng,encode,url-safe,unpadded,3,4,1398101,23135633,172.893434,avx512-vbmi,avx512-vbmi,avx512-vbmi,x86_64,linux,0
1,commit-5-correction-amd-9950x3d,run-1,0,base64-ng,decode,url-safe,unpadded,3,4,1398101,26559609,150.604591,avx512-vbmi,avx512-vbmi,avx512-vbmi,x86_64,linux,0
1,commit-5-correction-amd-9950x3d,run-1,1,base64-ng,decode,url-safe,unpadded,3,4,1398101,26632165,150.194287,avx512-vbmi,avx512-vbmi,avx512-vbmi,x86_64,linux,0
1,commit-5-correction-amd-9950x3d,run-1,2,base64-ng,decode,url-safe,unpadded,3,4,1398101,26837041,149.047693,avx512-vbmi,avx512-vbmi,avx512-vbmi,x86_64,linux,0
1,commit-5-correction-amd-9950x3d,run-1,3,base64-ng,decode,url-safe,unpadded,3,4,1398101,26721373,149.692871,avx512-vbmi,avx512-vbmi,avx512-vbmi,x86_64,linux,0
1,commit-5-correction-amd-9950x3d,run-1,4,base64-ng,decode,url-safe,unpadded,3,4,1398101,26870615,148.861462,avx512-vbmi,avx512-vbmi,avx512-vbmi,x86_64,linux,0
1,commit-5-correction-amd-9950x3d,run-1,0,base64-0.23.0,encode,url-safe,unpadded,3,4,1398101,9963095,401.481572,external,avx512-vbmi,avx512-vbmi,x86_64,linux,0
1,commit-5-correction-amd-9950x3d,run-1,1,base64-0.23.0,encode,url-safe,unpadded,3,4,1398101,10235218,390.807411,external,avx512-vbmi,avx512-vbmi,x86_64,linux,0
1,commit-5-correction-amd-9950x3d,run-1,2,base64-0.23.0,encode,url-safe,unpadded,3,4,1398101,10169003,393.352136,external,avx512-vbmi,avx512-vbmi,x86_64,linux,0
1,commit-5-correction-amd-9950x3d,run-1,3,base64-0.23.0,encode,url-safe,unpadded,3,4,1398101,9995847,400.166094,external,avx512-vbmi,avx512-vbmi,x86_64,linux,0
1,commit-5-correction-amd-9950x3d,run-1,4,base64-0.23.0,encode,url-safe,unpadded,3,4,1398101,10006146,399.754216,external,avx512-vbmi,avx512-vbmi,x86_64,linux,0
1,commit-5-correction-amd-9950x3d,run-1,0,base64-0.23.0,decode,url-safe,unpadded,3,4,1398101,18649628,214.481439,external,avx512-vbmi,avx512-vbmi,x86_64,linux,0
1,commit-5-correction-amd-9950x3d,run-1,1,base64-0.23.0,decode,url-safe,unpadded,3,4,1398101,18619932,214.823505,external,avx512-vbmi,avx512-vbmi,x86_64,linux,0
1,commit-5-correction-amd-9950x3d,run-1,2,base64-0.23.0,decode,url-safe,unpadded,3,4,1398101,18594355,215.119000,external,avx512-vbmi,avx512-vbmi,x86_64,linux,0
1,commit-5-correction-amd-9950x3d,run-1,3,base64-0.23.0,decode,url-safe,unpadded,3,4,1398101,18520265,215.979579,external,avx512-vbmi,avx512-vbmi,x86_64,linux,0
1,commit-5-correction-amd-9950x3d,run-1,4,base64-0.23.0,decode,url-safe,unpadded,3,4,1398101,18576129,215.330064,external,avx512-vbmi,avx512-vbmi,x86_64,linux,0
1,commit-5-correction-amd-9950x3d,run-1,0,base64ct-1.8.3,encode,url-safe,unpadded,3,4,1398101,10387815,385.066450,external,avx512-vbmi,avx512-vbmi,x86_64,linux,0
1,commit-5-correction-amd-9950x3d,run-1,1,base64ct-1.8.3,encode,url-safe,unpadded,3,4,1398101,10331389,387.169532,external,avx512-vbmi,avx512-vbmi,x86_64,linux,0
1,commit-5-correction-amd-9950x3d,run-1,2,base64ct-1.8.3,encode,url-safe,unpadded,3,4,1398101,10385692,385.145164,external,avx512-vbmi,avx512-vbmi,x86_64,linux,0
1,commit-5-correction-amd-9950x3d,run-1,3,base64ct-1.8.3,encode,url-safe,unpadded,3,4,1398101,10252610,390.144465,external,avx512-vbmi,avx512-vbmi,x86_64,linux,0
1,commit-5-correction-amd-9950x3d,run-1,4,base64ct-1.8.3,encode,url-safe,unpadded,3,4,1398101,10300431,388.333172,external,avx512-vbmi,avx512-vbmi,x86_64,linux,0
1,commit-5-correction-amd-9950x3d,run-1,0,base64ct-1.8.3,decode,url-safe,unpadded,3,4,1398101,25852427,154.724315,external,avx512-vbmi,avx512-vbmi,x86_64,linux,0
1,commit-5-correction-amd-9950x3d,run-1,1,base64ct-1.8.3,decode,url-safe,unpadded,3,4,1398101,25823953,154.894917,external,avx512-vbmi,avx512-vbmi,x86_64,linux,0
1,commit-5-correction-amd-9950x3d,run-1,2,base64ct-1.8.3,decode,url-safe,unpadded,3,4,1398101,25904315,154.414392,external,avx512-vbmi,avx512-vbmi,x86_64,linux,0
1,commit-5-correction-amd-9950x3d,run-1,3,base64ct-1.8.3,decode,url-safe,unpadded,3,4,1398101,25964157,154.058499,external,avx512-vbmi,avx512-vbmi,x86_64,linux,0
1,commit-5-correction-amd-9950x3d,run-1,4,base64ct-1.8.3,decode,url-safe,unpadded,3,4,1398101,25766356,155.241162,external,avx512-vbmi,avx512-vbmi,x86_64,linux,0
1,commit-5-correction-amd-9950x3d,run-1,0,base64-ng,encode,url-safe,unpadded,11,15,381300,13691264,292.156822,auto,avx512-vbmi,avx512-vbmi,x86_64,linux,0
1,commit-5-correction-amd-9950x3d,run-1,1,base64-ng,encode,url-safe,unpadded,11,15,381300,13670996,292.589961,auto,avx512-vbmi,avx512-vbmi,x86_64,linux,0
1,commit-5-correction-amd-9950x3d,run-1,2,base64-ng,encode,url-safe,unpadded,11,15,381300,13605112,294.006855,auto,avx512-vbmi,avx512-vbmi,x86_64,linux,0
1,commit-5-correction-amd-9950x3d,run-1,3,base64-ng,encode,url-safe,unpadded,11,15,381300,13617986,293.728910,auto,avx512-vbmi,avx512-vbmi,x86_64,linux,0
1,commit-5-correction-amd-9950x3d,run-1,4,base64-ng,encode,url-safe,unpadded,11,15,381300,13622084,293.640546,auto,avx512-vbmi,avx512-vbmi,x86_64,linux,0
1,commit-5-correction-amd-9950x3d,run-1,0,base64-ng,decode,url-safe,unpadded,11,15,381300,17944391,222.910668,auto,avx512-vbmi,avx512-vbmi,x86_64,linux,0
1,commit-5-correction-amd-9950x3d,run-1,1,base64-ng,decode,url-safe,unpadded,11,15,381300,18094363,221.063111,auto,avx512-vbmi,avx512-vbmi,x86_64,linux,0
1,commit-5-correction-amd-9950x3d,run-1,2,base64-ng,decode,url-safe,unpadded,11,15,381300,18167019,220.179006,auto,avx512-vbmi,avx512-vbmi,x86_64,linux,0
1,commit-5-correction-amd-9950x3d,run-1,3,base64-ng,decode,url-safe,unpadded,11,15,381300,18033358,221.810945,auto,avx512-vbmi,avx512-vbmi,x86_64,linux,0
1,commit-5-correction-amd-9950x3d,run-1,4,base64-ng,decode,url-safe,unpadded,11,15,381300,18049859,221.608168,auto,avx512-vbmi,avx512-vbmi,x86_64,linux,0
1,commit-5-correction-amd-9950x3d,run-1,0,base64-ng,encode,url-safe,unpadded,11,15,381300,13542854,295.358437,scalar,avx512-vbmi,avx512-vbmi,x86_64,linux,0
1,commit-5-correction-amd-9950x3d,run-1,1,base64-ng,encode,url-safe,unpadded,11,15,381300,13515043,295.966220,scalar,avx512-vbmi,avx512-vbmi,x86_64,linux,0
1,commit-5-correction-amd-9950x3d,run-1,2,base64-ng,encode,url-safe,unpadded,11,15,381300,13438408,297.654022,scalar,avx512-vbmi,avx512-vbmi,x86_64,linux,0
1,commit-5-correction-amd-9950x3d,run-1,3,base64-ng,encode,url-safe,unpadded,11,15,381300,13469967,296.956643,scalar,avx512-vbmi,avx512-vbmi,x86_64,linux,0
1,commit-5-correction-amd-9950x3d,run-1,4,base64-ng,encode,url-safe,unpadded,11,15,381300,13456592,297.251799,scalar,avx512-vbmi,avx512-vbmi,x86_64,linux,0
1,commit-5-correction-amd-9950x3d,run-1,0,base64-ng,decode,url-safe,unpadded,11,15,381300,16187553,247.103202,scalar,avx512-vbmi,avx512-vbmi,x86_64,linux,0
1,commit-5-correction-amd-9950x3d,run-1,1,base64-ng,decode,url-safe,unpadded,11,15,381300,16236826,246.353332,scalar,avx512-vbmi,avx512-vbmi,x86_64,linux,0
1,commit-5-correction-amd-9950x3d,run-1,2,base64-ng,decode,url-safe,unpadded,11,15,381300,17034558,234.816553,scalar,avx512-vbmi,avx512-vbmi,x86_64,linux,0
1,commit-5-correction-amd-9950x3d,run-1,3,base64-ng,decode,url-safe,unpadded,11,15,381300,16792101,238.207011,scalar,avx512-vbmi,avx512-vbmi,x86_64,linux,0
1,commit-5-correction-amd-9950x3d,run-1,4,base64-ng,decode,url-safe,unpadded,11,15,381300,18604854,214.997451,scalar,avx512-vbmi,avx512-vbmi,x86_64,linux,0
1,commit-5-correction-amd-9950x3d,run-1,0,base64-ng,encode,url-safe,unpadded,11,15,381300,14452527,276.767944,ssse3-sse4.1,avx512-vbmi,avx512-vbmi,x86_64,linux,0
1,commit-5-correction-amd-9950x3d,run-1,1,base64-ng,encode,url-safe,unpadded,11,15,381300,14490719,276.038490,ssse3-sse4.1,avx512-vbmi,avx512-vbmi,x86_64,linux,0
1,commit-5-correction-amd-9950x3d,run-1,2,base64-ng,encode,url-safe,unpadded,11,15,381300,14619942,273.598636,ssse3-sse4.1,avx512-vbmi,avx512-vbmi,x86_64,linux,0
1,commit-5-correction-amd-9950x3d,run-1,3,base64-ng,encode,url-safe,unpadded,11,15,381300,14851959,269.324483,ssse3-sse4.1,avx512-vbmi,avx512-vbmi,x86_64,linux,0
1,commit-5-correction-amd-9950x3d,run-1,4,base64-ng,encode,url-safe,unpadded,11,15,381300,14643967,273.149768,ssse3-sse4.1,avx512-vbmi,avx512-vbmi,x86_64,linux,0
1,commit-5-correction-amd-9950x3d,run-1,0,base64-ng,decode,url-safe,unpadded,11,15,381300,16888953,236.840980,ssse3-sse4.1,avx512-vbmi,avx512-vbmi,x86_64,linux,0
1,commit-5-correction-amd-9950x3d,run-1,1,base64-ng,decode,url-safe,unpadded,11,15,381300,17024318,234.957793,ssse3-sse4.1,avx512-vbmi,avx512-vbmi,x86_64,linux,0
1,commit-5-correction-amd-9950x3d,run-1,2,base64-ng,decode,url-safe,unpadded,11,15,381300,17020050,235.016712,ssse3-sse4.1,avx512-vbmi,avx512-vbmi,x86_64,linux,0
1,commit-5-correction-amd-9950x3d,run-1,3,base64-ng,decode,url-safe,unpadded,11,15,381300,17055948,234.522067,ssse3-sse4.1,avx512-vbmi,avx512-vbmi,x86_64,linux,0
1,commit-5-correction-amd-9950x3d,run-1,4,base64-ng,decode,url-safe,unpadded,11,15,381300,25248491,158.425158,ssse3-sse4.1,avx512-vbmi,avx512-vbmi,x86_64,linux,0
1,commit-5-correction-amd-9950x3d,run-1,0,base64-ng,encode,url-safe,unpadded,11,15,381300,14852480,269.315036,avx2,avx512-vbmi,avx512-vbmi,x86_64,linux,0
1,commit-5-correction-amd-9950x3d,run-1,1,base64-ng,encode,url-safe,unpadded,11,15,381300,14279792,280.115858,avx2,avx512-vbmi,avx512-vbmi,x86_64,linux,0
1,commit-5-correction-amd-9950x3d,run-1,2,base64-ng,encode,url-safe,unpadded,11,15,381300,14356296,278.623134,avx2,avx512-vbmi,avx512-vbmi,x86_64,linux,0
1,commit-5-correction-amd-9950x3d,run-1,3,base64-ng,encode,url-safe,unpadded,11,15,381300,14397112,277.833234,avx2,avx512-vbmi,avx512-vbmi,x86_64,linux,0
1,commit-5-correction-amd-9950x3d,run-1,4,base64-ng,encode,url-safe,unpadded,11,15,381300,14418453,277.422008,avx2,avx512-vbmi,avx512-vbmi,x86_64,linux,0
1,commit-5-correction-amd-9950x3d,run-1,0,base64-ng,decode,url-safe,unpadded,11,15,381300,17352015,230.520558,avx2,avx512-vbmi,avx512-vbmi,x86_64,linux,0
1,commit-5-correction-amd-9950x3d,run-1,1,base64-ng,decode,url-safe,unpadded,11,15,381300,17372213,230.252541,avx2,avx512-vbmi,avx512-vbmi,x86_64,linux,0
1,commit-5-correction-amd-9950x3d,run-1,2,base64-ng,decode,url-safe,unpadded,11,15,381300,17438538,229.376808,avx2,avx512-vbmi,avx512-vbmi,x86_64,linux,0
1,commit-5-correction-amd-9950x3d,run-1,3,base64-ng,decode,url-safe,unpadded,11,15,381300,17517356,228.344745,avx2,avx512-vbmi,avx512-vbmi,x86_64,linux,0
1,commit-5-correction-amd-9950x3d,run-1,4,base64-ng,decode,url-safe,unpadded,11,15,381300,17531963,228.154496,avx2,avx512-vbmi,avx512-vbmi,x86_64,linux,0
1,commit-5-correction-amd-9950x3d,run-1,0,base64-ng,encode,url-safe,unpadded,11,15,381300,14759786,271.006381,avx512-vbmi,avx512-vbmi,avx512-vbmi,x86_64,linux,0
1,commit-5-correction-amd-9950x3d,run-1,1,base64-ng,encode,url-safe,unpadded,11,15,381300,14649818,273.040674,avx512-vbmi,avx512-vbmi,avx512-vbmi,x86_64,linux,0
1,commit-5-correction-amd-9950x3d,run-1,2,base64-ng,encode,url-safe,unpadded,11,15,381300,14685385,272.379388,avx512-vbmi,avx512-vbmi,avx512-vbmi,x86_64,linux,0
1,commit-5-correction-amd-9950x3d,run-1,3,base64-ng,encode,url-safe,unpadded,11,15,381300,14538589,275.129601,avx512-vbmi,avx512-vbmi,avx512-vbmi,x86_64,linux,0
1,commit-5-correction-amd-9950x3d,run-1,4,base64-ng,encode,url-safe,unpadded,11,15,381300,14536174,275.175310,avx512-vbmi,avx512-vbmi,avx512-vbmi,x86_64,linux,0
1,commit-5-correction-amd-9950x3d,run-1,0,base64-ng,decode,url-safe,unpadded,11,15,381300,17654955,226.565074,avx512-vbmi,avx512-vbmi,avx512-vbmi,x86_64,linux,0
1,commit-5-correction-amd-9950x3d,run-1,1,base64-ng,decode,url-safe,unpadded,11,15,381300,17683509,226.199234,avx512-vbmi,avx512-vbmi,avx512-vbmi,x86_64,linux,0
1,commit-5-correction-amd-9950x3d,run-1,2,base64-ng,decode,url-safe,unpadded,11,15,381300,17766466,225.143041,avx512-vbmi,avx512-vbmi,avx512-vbmi,x86_64,linux,0
1,commit-5-correction-amd-9950x3d,run-1,3,base64-ng,decode,url-safe,unpadded,11,15,381300,19500210,205.125800,avx512-vbmi,avx512-vbmi,avx512-vbmi,x86_64,linux,0
1,commit-5-correction-amd-9950x3d,run-1,4,base64-ng,decode,url-safe,unpadded,11,15,381300,17661418,226.482165,avx512-vbmi,avx512-vbmi,avx512-vbmi,x86_64,linux,0
1,commit-5-correction-amd-9950x3d,run-1,0,base64-0.23.0,encode,url-safe,unpadded,11,15,381300,4014157,996.472282,external,avx512-vbmi,avx512-vbmi,x86_64,linux,0
1,commit-5-correction-amd-9950x3d,run-1,1,base64-0.23.0,encode,url-safe,unpadded,11,15,381300,4040486,989.978974,external,avx512-vbmi,avx512-vbmi,x86_64,linux,0
1,commit-5-correction-amd-9950x3d,run-1,2,base64-0.23.0,encode,url-safe,unpadded,11,15,381300,4035136,991.291541,external,avx512-vbmi,avx512-vbmi,x86_64,linux,0
1,commit-5-correction-amd-9950x3d,run-1,3,base64-0.23.0,encode,url-safe,unpadded,11,15,381300,4040536,989.966724,external,avx512-vbmi,avx512-vbmi,x86_64,linux,0
1,commit-5-correction-amd-9950x3d,run-1,4,base64-0.23.0,encode,url-safe,unpadded,11,15,381300,4032341,991.978651,external,avx512-vbmi,avx512-vbmi,x86_64,linux,0
1,commit-5-correction-amd-9950x3d,run-1,0,base64-0.23.0,decode,url-safe,unpadded,11,15,381300,5979776,668.920740,external,avx512-vbmi,avx512-vbmi,x86_64,linux,0
1,commit-5-correction-amd-9950x3d,run-1,1,base64-0.23.0,decode,url-safe,unpadded,11,15,381300,5920325,675.637940,external,avx512-vbmi,avx512-vbmi,x86_64,linux,0
1,commit-5-correction-amd-9950x3d,run-1,2,base64-0.23.0,decode,url-safe,unpadded,11,15,381300,5959990,671.141426,external,avx512-vbmi,avx512-vbmi,x86_64,linux,0
1,commit-5-correction-amd-9950x3d,run-1,3,base64-0.23.0,decode,url-safe,unpadded,11,15,381300,5933299,674.160561,external,avx512-vbmi,avx512-vbmi,x86_64,linux,0
1,commit-5-correction-amd-9950x3d,run-1,4,base64-0.23.0,decode,url-safe,unpadded,11,15,381300,5942086,673.163631,external,avx512-vbmi,avx512-vbmi,x86_64,linux,0
1,commit-5-correction-amd-9950x3d,run-1,0,base64ct-1.8.3,encode,url-safe,unpadded,11,15,381300,4183897,956.045568,external,avx512-vbmi,avx512-vbmi,x86_64,linux,0
1,commit-5-correction-amd-9950x3d,run-1,1,base64ct-1.8.3,encode,url-safe,unpadded,11,15,381300,4183476,956.141779,external,avx512-vbmi,avx512-vbmi,x86_64,linux,0
1,commit-5-correction-amd-9950x3d,run-1,2,base64ct-1.8.3,encode,url-safe,unpadded,11,15,381300,4180289,956.870730,external,avx512-vbmi,avx512-vbmi,x86_64,linux,0
1,commit-5-correction-amd-9950x3d,run-1,3,base64ct-1.8.3,encode,url-safe,unpadded,11,15,381300,4196430,953.190256,external,avx512-vbmi,avx512-vbmi,x86_64,linux,0
1,commit-5-correction-amd-9950x3d,run-1,4,base64ct-1.8.3,encode,url-safe,unpadded,11,15,381300,4199536,952.485271,external,avx512-vbmi,avx512-vbmi,x86_64,linux,0
1,commit-5-correction-amd-9950x3d,run-1,0,base64ct-1.8.3,decode,url-safe,unpadded,11,15,381300,14174434,282.197948,external,avx512-vbmi,avx512-vbmi,x86_64,linux,0
1,commit-5-correction-amd-9950x3d,run-1,1,base64ct-1.8.3,decode,url-safe,unpadded,11,15,381300,14358189,278.586400,external,avx512-vbmi,avx512-vbmi,x86_64,linux,0
1,commit-5-correction-amd-9950x3d,run-1,2,base64ct-1.8.3,decode,url-safe,unpadded,11,15,381300,14345516,278.832507,external,avx512-vbmi,avx512-vbmi,x86_64,linux,0
1,commit-5-correction-amd-9950x3d,run-1,3,base64ct-1.8.3,decode,url-safe,unpadded,11,15,381300,14368910,278.378540,external,avx512-vbmi,avx512-vbmi,x86_64,linux,0
1,commit-5-correction-amd-9950x3d,run-1,4,base64ct-1.8.3,decode,url-safe,unpadded,11,15,381300,14463427,276.559365,external,avx512-vbmi,avx512-vbmi,x86_64,linux,0
1,commit-5-correction-amd-9950x3d,run-1,0,base64-ng,encode,url-safe,unpadded,12,16,349525,13968335,286.361702,auto,avx512-vbmi,avx512-vbmi,x86_64,linux,0
1,commit-5-correction-amd-9950x3d,run-1,1,base64-ng,encode,url-safe,unpadded,12,16,349525,13884738,288.085824,auto,avx512-vbmi,avx512-vbmi,x86_64,linux,0
1,commit-5-correction-amd-9950x3d,run-1,2,base64-ng,encode,url-safe,unpadded,12,16,349525,13888685,288.003953,auto,avx512-vbmi,avx512-vbmi,x86_64,linux,0
1,commit-5-correction-amd-9950x3d,run-1,3,base64-ng,encode,url-safe,unpadded,12,16,349525,13927980,287.191408,auto,avx512-vbmi,avx512-vbmi,x86_64,linux,0
1,commit-5-correction-amd-9950x3d,run-1,4,base64-ng,encode,url-safe,unpadded,12,16,349525,13853589,288.733568,auto,avx512-vbmi,avx512-vbmi,x86_64,linux,0
1,commit-5-correction-amd-9950x3d,run-1,0,base64-ng,decode,url-safe,unpadded,12,16,349525,62030142,64.484718,auto,avx512-vbmi,avx512-vbmi,x86_64,linux,0
1,commit-5-correction-amd-9950x3d,run-1,1,base64-ng,decode,url-safe,unpadded,12,16,349525,60821276,65.766397,auto,avx512-vbmi,avx512-vbmi,x86_64,linux,0
1,commit-5-correction-amd-9950x3d,run-1,2,base64-ng,decode,url-safe,unpadded,12,16,349525,61746989,64.780425,auto,avx512-vbmi,avx512-vbmi,x86_64,linux,0
1,commit-5-correction-amd-9950x3d,run-1,3,base64-ng,decode,url-safe,unpadded,12,16,349525,63237545,63.253502,auto,avx512-vbmi,avx512-vbmi,x86_64,linux,0
1,commit-5-correction-amd-9950x3d,run-1,4,base64-ng,decode,url-safe,unpadded,12,16,349525,65425704,61.137992,auto,avx512-vbmi,avx512-vbmi,x86_64,linux,0
1,commit-5-correction-amd-9950x3d,run-1,0,base64-ng,encode,url-safe,unpadded,12,16,349525,13507208,296.137898,scalar,avx512-vbmi,avx512-vbmi,x86_64,linux,0
1,commit-5-correction-amd-9950x3d,run-1,1,base64-ng,encode,url-safe,unpadded,12,16,349525,13410235,298.279350,scalar,avx512-vbmi,avx512-vbmi,x86_64,linux,0
1,commit-5-correction-amd-9950x3d,run-1,2,base64-ng,encode,url-safe,unpadded,12,16,349525,13508099,296.118365,scalar,avx512-vbmi,avx512-vbmi,x86_64,linux,0
1,commit-5-correction-amd-9950x3d,run-1,3,base64-ng,encode,url-safe,unpadded,12,16,349525,13598980,294.139427,scalar,avx512-vbmi,avx512-vbmi,x86_64,linux,0
1,commit-5-correction-amd-9950x3d,run-1,4,base64-ng,encode,url-safe,unpadded,12,16,349525,13505434,296.176797,scalar,avx512-vbmi,avx512-vbmi,x86_64,linux,0
1,commit-5-correction-amd-9950x3d,run-1,0,base64-ng,decode,url-safe,unpadded,12,16,349525,15916774,251.306966,scalar,avx512-vbmi,avx512-vbmi,x86_64,linux,0
1,commit-5-correction-amd-9950x3d,run-1,1,base64-ng,decode,url-safe,unpadded,12,16,349525,15888189,251.759101,scalar,avx512-vbmi,avx512-vbmi,x86_64,linux,0
1,commit-5-correction-amd-9950x3d,run-1,2,base64-ng,decode,url-safe,unpadded,12,16,349525,15929307,251.109241,scalar,avx512-vbmi,avx512-vbmi,x86_64,linux,0
1,commit-5-correction-amd-9950x3d,run-1,3,base64-ng,decode,url-safe,unpadded,12,16,349525,15938143,250.970027,scalar,avx512-vbmi,avx512-vbmi,x86_64,linux,0
1,commit-5-correction-amd-9950x3d,run-1,4,base64-ng,decode,url-safe,unpadded,12,16,349525,15873743,251.988216,scalar,avx512-vbmi,avx512-vbmi,x86_64,linux,0
1,commit-5-correction-amd-9950x3d,run-1,0,base64-ng,encode,url-safe,unpadded,12,16,349525,20022011,199.779941,ssse3-sse4.1,avx512-vbmi,avx512-vbmi,x86_64,linux,0
1,commit-5-correction-amd-9950x3d,run-1,1,base64-ng,encode,url-safe,unpadded,12,16,349525,20102202,198.982986,ssse3-sse4.1,avx512-vbmi,avx512-vbmi,x86_64,linux,0
1,commit-5-correction-amd-9950x3d,run-1,2,base64-ng,encode,url-safe,unpadded,12,16,349525,20140765,198.601999,ssse3-sse4.1,avx512-vbmi,avx512-vbmi,x86_64,linux,0
1,commit-5-correction-amd-9950x3d,run-1,3,base64-ng,encode,url-safe,unpadded,12,16,349525,20022182,199.778235,ssse3-sse4.1,avx512-vbmi,avx512-vbmi,x86_64,linux,0
1,commit-5-correction-amd-9950x3d,run-1,4,base64-ng,encode,url-safe,unpadded,12,16,349525,20147137,198.539186,ssse3-sse4.1,avx512-vbmi,avx512-vbmi,x86_64,linux,0
1,commit-5-correction-amd-9950x3d,run-1,0,base64-ng,decode,url-safe,unpadded,12,16,349525,59463350,67.268262,ssse3-sse4.1,avx512-vbmi,avx512-vbmi,x86_64,linux,0
1,commit-5-correction-amd-9950x3d,run-1,1,base64-ng,decode,url-safe,unpadded,12,16,349525,60589340,66.018151,ssse3-sse4.1,avx512-vbmi,avx512-vbmi,x86_64,linux,0
1,commit-5-correction-amd-9950x3d,run-1,2,base64-ng,decode,url-safe,unpadded,12,16,349525,59390533,67.350737,ssse3-sse4.1,avx512-vbmi,avx512-vbmi,x86_64,linux,0
1,commit-5-correction-amd-9950x3d,run-1,3,base64-ng,decode,url-safe,unpadded,12,16,349525,59418956,67.318520,ssse3-sse4.1,avx512-vbmi,avx512-vbmi,x86_64,linux,0
1,commit-5-correction-amd-9950x3d,run-1,4,base64-ng,decode,url-safe,unpadded,12,16,349525,59335219,67.413524,ssse3-sse4.1,avx512-vbmi,avx512-vbmi,x86_64,linux,0
1,commit-5-correction-amd-9950x3d,run-1,0,base64-ng,encode,url-safe,unpadded,12,16,349525,14318655,279.355581,avx2,avx512-vbmi,avx512-vbmi,x86_64,linux,0
1,commit-5-correction-amd-9950x3d,run-1,1,base64-ng,encode,url-safe,unpadded,12,16,349525,15078555,265.277156,avx2,avx512-vbmi,avx512-vbmi,x86_64,linux,0
1,commit-5-correction-amd-9950x3d,run-1,2,base64-ng,encode,url-safe,unpadded,12,16,349525,14215381,281.385085,avx2,avx512-vbmi,avx512-vbmi,x86_64,linux,0
1,commit-5-correction-amd-9950x3d,run-1,3,base64-ng,encode,url-safe,unpadded,12,16,349525,14166909,282.347842,avx2,avx512-vbmi,avx512-vbmi,x86_64,linux,0
1,commit-5-correction-amd-9950x3d,run-1,4,base64-ng,encode,url-safe,unpadded,12,16,349525,14152843,282.628457,avx2,avx512-vbmi,avx512-vbmi,x86_64,linux,0
1,commit-5-correction-amd-9950x3d,run-1,0,base64-ng,decode,url-safe,unpadded,12,16,349525,59579619,67.136988,avx2,avx512-vbmi,avx512-vbmi,x86_64,linux,0
1,commit-5-correction-amd-9950x3d,run-1,1,base64-ng,decode,url-safe,unpadded,12,16,349525,60529136,66.083814,avx2,avx512-vbmi,avx512-vbmi,x86_64,linux,0
1,commit-5-correction-amd-9950x3d,run-1,2,base64-ng,decode,url-safe,unpadded,12,16,349525,60736256,65.858458,avx2,avx512-vbmi,avx512-vbmi,x86_64,linux,0
1,commit-5-correction-amd-9950x3d,run-1,3,base64-ng,decode,url-safe,unpadded,12,16,349525,60603286,66.002959,avx2,avx512-vbmi,avx512-vbmi,x86_64,linux,0
1,commit-5-correction-amd-9950x3d,run-1,4,base64-ng,decode,url-safe,unpadded,12,16,349525,60569121,66.040189,avx2,avx512-vbmi,avx512-vbmi,x86_64,linux,0
1,commit-5-correction-amd-9950x3d,run-1,0,base64-ng,encode,url-safe,unpadded,12,16,349525,14427450,277.249007,avx512-vbmi,avx512-vbmi,avx512-vbmi,x86_64,linux,0
1,commit-5-correction-amd-9950x3d,run-1,1,base64-ng,encode,url-safe,unpadded,12,16,349525,14602299,273.929207,avx512-vbmi,avx512-vbmi,avx512-vbmi,x86_64,linux,0
1,commit-5-correction-amd-9950x3d,run-1,2,base64-ng,encode,url-safe,unpadded,12,16,349525,14404777,277.685395,avx512-vbmi,avx512-vbmi,avx512-vbmi,x86_64,linux,0
1,commit-5-correction-amd-9950x3d,run-1,3,base64-ng,encode,url-safe,unpadded,12,16,349525,14442999,276.950527,avx512-vbmi,avx512-vbmi,avx512-vbmi,x86_64,linux,0
1,commit-5-correction-amd-9950x3d,run-1,4,base64-ng,encode,url-safe,unpadded,12,16,349525,14282226,280.068120,avx512-vbmi,avx512-vbmi,avx512-vbmi,x86_64,linux,0
1,commit-5-correction-amd-9950x3d,run-1,0,base64-ng,decode,url-safe,unpadded,12,16,349525,61599161,64.935887,avx512-vbmi,avx512-vbmi,avx512-vbmi,x86_64,linux,0
1,commit-5-correction-amd-9950x3d,run-1,1,base64-ng,decode,url-safe,unpadded,12,16,349525,60458544,66.160974,avx512-vbmi,avx512-vbmi,avx512-vbmi,x86_64,linux,0
1,commit-5-correction-amd-9950x3d,run-1,2,base64-ng,decode,url-safe,unpadded,12,16,349525,60259338,66.379690,avx512-vbmi,avx512-vbmi,avx512-vbmi,x86_64,linux,0
1,commit-5-correction-amd-9950x3d,run-1,3,base64-ng,decode,url-safe,unpadded,12,16,349525,60276351,66.360954,avx512-vbmi,avx512-vbmi,avx512-vbmi,x86_64,linux,0
1,commit-5-correction-amd-9950x3d,run-1,4,base64-ng,decode,url-safe,unpadded,12,16,349525,61980589,64.536273,avx512-vbmi,avx512-vbmi,avx512-vbmi,x86_64,linux,0
1,commit-5-correction-amd-9950x3d,run-1,0,base64-0.23.0,encode,url-safe,unpadded,12,16,349525,3720393,1075.154207,external,avx512-vbmi,avx512-vbmi,x86_64,linux,0
1,commit-5-correction-amd-9950x3d,run-1,1,base64-0.23.0,encode,url-safe,unpadded,12,16,349525,3719923,1075.290049,external,avx512-vbmi,avx512-vbmi,x86_64,linux,0
1,commit-5-correction-amd-9950x3d,run-1,2,base64-0.23.0,encode,url-safe,unpadded,12,16,349525,3728369,1072.854158,external,avx512-vbmi,avx512-vbmi,x86_64,linux,0
1,commit-5-correction-amd-9950x3d,run-1,3,base64-0.23.0,encode,url-safe,unpadded,12,16,349525,3730783,1072.159969,external,avx512-vbmi,avx512-vbmi,x86_64,linux,0
1,commit-5-correction-amd-9950x3d,run-1,4,base64-0.23.0,encode,url-safe,unpadded,12,16,349525,3746532,1067.653015,external,avx512-vbmi,avx512-vbmi,x86_64,linux,0
1,commit-5-correction-amd-9950x3d,run-1,0,base64-0.23.0,decode,url-safe,unpadded,12,16,349525,5715780,699.816330,external,avx512-vbmi,avx512-vbmi,x86_64,linux,0
1,commit-5-correction-amd-9950x3d,run-1,1,base64-0.23.0,decode,url-safe,unpadded,12,16,349525,5771405,693.071477,external,avx512-vbmi,avx512-vbmi,x86_64,linux,0
1,commit-5-correction-amd-9950x3d,run-1,2,base64-0.23.0,decode,url-safe,unpadded,12,16,349525,5704218,701.234803,external,avx512-vbmi,avx512-vbmi,x86_64,linux,0
1,commit-5-correction-amd-9950x3d,run-1,3,base64-0.23.0,decode,url-safe,unpadded,12,16,349525,5734996,697.471487,external,avx512-vbmi,avx512-vbmi,x86_64,linux,0
1,commit-5-correction-amd-9950x3d,run-1,4,base64-0.23.0,decode,url-safe,unpadded,12,16,349525,5680303,704.187116,external,avx512-vbmi,avx512-vbmi,x86_64,linux,0
1,commit-5-correction-amd-9950x3d,run-1,0,base64ct-1.8.3,encode,url-safe,unpadded,12,16,349525,4042881,989.392511,external,avx512-vbmi,avx512-vbmi,x86_64,linux,0
1,commit-5-correction-amd-9950x3d,run-1,1,base64ct-1.8.3,encode,url-safe,unpadded,12,16,349525,4013245,996.698728,external,avx512-vbmi,avx512-vbmi,x86_64,linux,0
1,commit-5-correction-amd-9950x3d,run-1,2,base64ct-1.8.3,encode,url-safe,unpadded,12,16,349525,4023524,994.152436,external,avx512-vbmi,avx512-vbmi,x86_64,linux,0
1,commit-5-correction-amd-9950x3d,run-1,3,base64ct-1.8.3,encode,url-safe,unpadded,12,16,349525,4025788,993.593350,external,avx512-vbmi,avx512-vbmi,x86_64,linux,0
1,commit-5-correction-amd-9950x3d,run-1,4,base64ct-1.8.3,encode,url-safe,unpadded,12,16,349525,3995442,1001.139845,external,avx512-vbmi,avx512-vbmi,x86_64,linux,0
1,commit-5-correction-amd-9950x3d,run-1,0,base64ct-1.8.3,decode,url-safe,unpadded,12,16,349525,10000536,399.978180,external,avx512-vbmi,avx512-vbmi,x86_64,linux,0
1,commit-5-correction-amd-9950x3d,run-1,1,base64ct-1.8.3,decode,url-safe,unpadded,12,16,349525,10071910,397.143758,external,avx512-vbmi,avx512-vbmi,x86_64,linux,0
1,commit-5-correction-amd-9950x3d,run-1,2,base64ct-1.8.3,decode,url-safe,unpadded,12,16,349525,10080216,396.816515,external,avx512-vbmi,avx512-vbmi,x86_64,linux,0
1,commit-5-correction-amd-9950x3d,run-1,3,base64ct-1.8.3,decode,url-safe,unpadded,12,16,349525,10067011,397.337023,external,avx512-vbmi,avx512-vbmi,x86_64,linux,0
1,commit-5-correction-amd-9950x3d,run-1,4,base64ct-1.8.3,decode,url-safe,unpadded,12,16,349525,10062753,397.505154,external,avx512-vbmi,avx512-vbmi,x86_64,linux,0
1,commit-5-correction-amd-9950x3d,run-1,0,base64-ng,encode,url-safe,unpadded,15,20,279620,13422598,298.004618,auto,avx512-vbmi,avx512-vbmi,x86_64,linux,0
1,commit-5-correction-amd-9950x3d,run-1,1,base64-ng,encode,url-safe,unpadded,15,20,279620,13380880,298.933716,auto,avx512-vbmi,avx512-vbmi,x86_64,linux,0
1,commit-5-correction-amd-9950x3d,run-1,2,base64-ng,encode,url-safe,unpadded,15,20,279620,13295859,300.845262,auto,avx512-vbmi,avx512-vbmi,x86_64,linux,0
1,commit-5-correction-amd-9950x3d,run-1,3,base64-ng,encode,url-safe,unpadded,15,20,279620,13324824,300.191296,auto,avx512-vbmi,avx512-vbmi,x86_64,linux,0
1,commit-5-correction-amd-9950x3d,run-1,4,base64-ng,encode,url-safe,unpadded,15,20,279620,13326768,300.147507,auto,avx512-vbmi,avx512-vbmi,x86_64,linux,0
1,commit-5-correction-amd-9950x3d,run-1,0,base64-ng,decode,url-safe,unpadded,15,20,279620,52676794,75.934693,auto,avx512-vbmi,avx512-vbmi,x86_64,linux,0
1,commit-5-correction-amd-9950x3d,run-1,1,base64-ng,decode,url-safe,unpadded,15,20,279620,52638492,75.989946,auto,avx512-vbmi,avx512-vbmi,x86_64,linux,0
1,commit-5-correction-amd-9950x3d,run-1,2,base64-ng,decode,url-safe,unpadded,15,20,279620,52676544,75.935053,auto,avx512-vbmi,avx512-vbmi,x86_64,linux,0
1,commit-5-correction-amd-9950x3d,run-1,3,base64-ng,decode,url-safe,unpadded,15,20,279620,52851793,75.683264,auto,avx512-vbmi,avx512-vbmi,x86_64,linux,0
1,commit-5-correction-amd-9950x3d,run-1,4,base64-ng,decode,url-safe,unpadded,15,20,279620,52946371,75.548071,auto,avx512-vbmi,avx512-vbmi,x86_64,linux,0
1,commit-5-correction-amd-9950x3d,run-1,0,base64-ng,encode,url-safe,unpadded,15,20,279620,12939980,309.119194,scalar,avx512-vbmi,avx512-vbmi,x86_64,linux,0
1,commit-5-correction-amd-9950x3d,run-1,1,base64-ng,encode,url-safe,unpadded,15,20,279620,12876810,310.635645,scalar,avx512-vbmi,avx512-vbmi,x86_64,linux,0
1,commit-5-correction-amd-9950x3d,run-1,2,base64-ng,encode,url-safe,unpadded,15,20,279620,14046923,284.759601,scalar,avx512-vbmi,avx512-vbmi,x86_64,linux,0
1,commit-5-correction-amd-9950x3d,run-1,3,base64-ng,encode,url-safe,unpadded,15,20,279620,13849222,288.824613,scalar,avx512-vbmi,avx512-vbmi,x86_64,linux,0
1,commit-5-correction-amd-9950x3d,run-1,4,base64-ng,encode,url-safe,unpadded,15,20,279620,13253109,301.815686,scalar,avx512-vbmi,avx512-vbmi,x86_64,linux,0
1,commit-5-correction-amd-9950x3d,run-1,0,base64-ng,decode,url-safe,unpadded,15,20,279620,15359955,260.417181,scalar,avx512-vbmi,avx512-vbmi,x86_64,linux,0
1,commit-5-correction-amd-9950x3d,run-1,1,base64-ng,decode,url-safe,unpadded,15,20,279620,15403688,259.677824,scalar,avx512-vbmi,avx512-vbmi,x86_64,linux,0
1,commit-5-correction-amd-9950x3d,run-1,2,base64-ng,decode,url-safe,unpadded,15,20,279620,15432091,259.199883,scalar,avx512-vbmi,avx512-vbmi,x86_64,linux,0
1,commit-5-correction-amd-9950x3d,run-1,3,base64-ng,decode,url-safe,unpadded,15,20,279620,15428725,259.256431,scalar,avx512-vbmi,avx512-vbmi,x86_64,linux,0
1,commit-5-correction-amd-9950x3d,run-1,4,base64-ng,decode,url-safe,unpadded,15,20,279620,15417042,259.452895,scalar,avx512-vbmi,avx512-vbmi,x86_64,linux,0
1,commit-5-correction-amd-9950x3d,run-1,0,base64-ng,encode,url-safe,unpadded,15,20,279620,17800860,224.708030,ssse3-sse4.1,avx512-vbmi,avx512-vbmi,x86_64,linux,0
1,commit-5-correction-amd-9950x3d,run-1,1,base64-ng,encode,url-safe,unpadded,15,20,279620,17822341,224.437193,ssse3-sse4.1,avx512-vbmi,avx512-vbmi,x86_64,linux,0
1,commit-5-correction-amd-9950x3d,run-1,2,base64-ng,encode,url-safe,unpadded,15,20,279620,17541111,228.035510,ssse3-sse4.1,avx512-vbmi,avx512-vbmi,x86_64,linux,0
1,commit-5-correction-amd-9950x3d,run-1,3,base64-ng,encode,url-safe,unpadded,15,20,279620,17673260,226.330410,ssse3-sse4.1,avx512-vbmi,avx512-vbmi,x86_64,linux,0
1,commit-5-correction-amd-9950x3d,run-1,4,base64-ng,encode,url-safe,unpadded,15,20,279620,17758350,225.245937,ssse3-sse4.1,avx512-vbmi,avx512-vbmi,x86_64,linux,0
1,commit-5-correction-amd-9950x3d,run-1,0,base64-ng,decode,url-safe,unpadded,15,20,279620,49843931,80.250416,ssse3-sse4.1,avx512-vbmi,avx512-vbmi,x86_64,linux,0
1,commit-5-correction-amd-9950x3d,run-1,1,base64-ng,decode,url-safe,unpadded,15,20,279620,49670665,80.530353,ssse3-sse4.1,avx512-vbmi,avx512-vbmi,x86_64,linux,0
1,commit-5-correction-amd-9950x3d,run-1,2,base64-ng,decode,url-safe,unpadded,15,20,279620,50421619,79.330975,ssse3-sse4.1,avx512-vbmi,avx512-vbmi,x86_64,linux,0
1,commit-5-correction-amd-9950x3d,run-1,3,base64-ng,decode,url-safe,unpadded,15,20,279620,50650961,78.971773,ssse3-sse4.1,avx512-vbmi,avx512-vbmi,x86_64,linux,0
1,commit-5-correction-amd-9950x3d,run-1,4,base64-ng,decode,url-safe,unpadded,15,20,279620,53737070,74.436440,ssse3-sse4.1,avx512-vbmi,avx512-vbmi,x86_64,linux,0
1,commit-5-correction-amd-9950x3d,run-1,0,base64-ng,encode,url-safe,unpadded,15,20,279620,13540530,295.409130,avx2,avx512-vbmi,avx512-vbmi,x86_64,linux,0
1,commit-5-correction-amd-9950x3d,run-1,1,base64-ng,encode,url-safe,unpadded,15,20,279620,13811961,289.603785,avx2,avx512-vbmi,avx512-vbmi,x86_64,linux,0
1,commit-5-correction-amd-9950x3d,run-1,2,base64-ng,encode,url-safe,unpadded,15,20,279620,13860292,288.593933,avx2,avx512-vbmi,avx512-vbmi,x86_64,linux,0
1,commit-5-correction-amd-9950x3d,run-1,3,base64-ng,encode,url-safe,unpadded,15,20,279620,13807233,289.702954,avx2,avx512-vbmi,avx512-vbmi,x86_64,linux,0
1,commit-5-correction-amd-9950x3d,run-1,4,base64-ng,encode,url-safe,unpadded,15,20,279620,13902291,287.722087,avx2,avx512-vbmi,avx512-vbmi,x86_64,linux,0
1,commit-5-correction-amd-9950x3d,run-1,0,base64-ng,decode,url-safe,unpadded,15,20,279620,52009618,76.908778,avx2,avx512-vbmi,avx512-vbmi,x86_64,linux,0
1,commit-5-correction-amd-9950x3d,run-1,1,base64-ng,decode,url-safe,unpadded,15,20,279620,52070072,76.819486,avx2,avx512-vbmi,avx512-vbmi,x86_64,linux,0
1,commit-5-correction-amd-9950x3d,run-1,2,base64-ng,decode,url-safe,unpadded,15,20,279620,53312521,75.029207,avx2,avx512-vbmi,avx512-vbmi,x86_64,linux,0
1,commit-5-correction-amd-9950x3d,run-1,3,base64-ng,decode,url-safe,unpadded,15,20,279620,52587677,76.063375,avx2,avx512-vbmi,avx512-vbmi,x86_64,linux,0
1,commit-5-correction-amd-9950x3d,run-1,4,base64-ng,decode,url-safe,unpadded,15,20,279620,52134093,76.725152,avx2,avx512-vbmi,avx512-vbmi,x86_64,linux,0
1,commit-5-correction-amd-9950x3d,run-1,0,base64-ng,encode,url-safe,unpadded,15,20,279620,13892632,287.922129,avx512-vbmi,avx512-vbmi,avx512-vbmi,x86_64,linux,0
1,commit-5-correction-amd-9950x3d,run-1,1,base64-ng,encode,url-safe,unpadded,15,20,279620,13891661,287.942254,avx512-vbmi,avx512-vbmi,avx512-vbmi,x86_64,linux,0
1,commit-5-correction-amd-9950x3d,run-1,2,base64-ng,encode,url-safe,unpadded,15,20,279620,13860302,288.593725,avx512-vbmi,avx512-vbmi,avx512-vbmi,x86_64,linux,0
1,commit-5-correction-amd-9950x3d,run-1,3,base64-ng,encode,url-safe,unpadded,15,20,279620,13831588,289.192838,avx512-vbmi,avx512-vbmi,avx512-vbmi,x86_64,linux,0
1,commit-5-correction-amd-9950x3d,run-1,4,base64-ng,encode,url-safe,unpadded,15,20,279620,13671116,292.587393,avx512-vbmi,avx512-vbmi,avx512-vbmi,x86_64,linux,0
1,commit-5-correction-amd-9950x3d,run-1,0,base64-ng,decode,url-safe,unpadded,15,20,279620,52529177,76.148084,avx512-vbmi,avx512-vbmi,avx512-vbmi,x86_64,linux,0
1,commit-5-correction-amd-9950x3d,run-1,1,base64-ng,decode,url-safe,unpadded,15,20,279620,52941202,75.555447,avx512-vbmi,avx512-vbmi,avx512-vbmi,x86_64,linux,0
1,commit-5-correction-amd-9950x3d,run-1,2,base64-ng,decode,url-safe,unpadded,15,20,279620,52287471,76.500089,avx512-vbmi,avx512-vbmi,avx512-vbmi,x86_64,linux,0
1,commit-5-correction-amd-9950x3d,run-1,3,base64-ng,decode,url-safe,unpadded,15,20,279620,52644454,75.981341,avx512-vbmi,avx512-vbmi,avx512-vbmi,x86_64,linux,0
1,commit-5-correction-amd-9950x3d,run-1,4,base64-ng,decode,url-safe,unpadded,15,20,279620,52293052,76.491924,avx512-vbmi,avx512-vbmi,avx512-vbmi,x86_64,linux,0
1,commit-5-correction-amd-9950x3d,run-1,0,base64-0.23.0,encode,url-safe,unpadded,15,20,279620,3220593,1242.006110,external,avx512-vbmi,avx512-vbmi,x86_64,linux,0
1,commit-5-correction-amd-9950x3d,run-1,1,base64-0.23.0,encode,url-safe,unpadded,15,20,279620,3226564,1239.707684,external,avx512-vbmi,avx512-vbmi,x86_64,linux,0
1,commit-5-correction-amd-9950x3d,run-1,2,base64-0.23.0,encode,url-safe,unpadded,15,20,279620,3246512,1232.090374,external,avx512-vbmi,avx512-vbmi,x86_64,linux,0
1,commit-5-correction-amd-9950x3d,run-1,3,base64-0.23.0,encode,url-safe,unpadded,15,20,279620,3215724,1243.886660,external,avx512-vbmi,avx512-vbmi,x86_64,linux,0
1,commit-5-correction-amd-9950x3d,run-1,4,base64-0.23.0,encode,url-safe,unpadded,15,20,279620,3225812,1239.996685,external,avx512-vbmi,avx512-vbmi,x86_64,linux,0
1,commit-5-correction-amd-9950x3d,run-1,0,base64-0.23.0,decode,url-safe,unpadded,15,20,279620,4794766,834.242210,external,avx512-vbmi,avx512-vbmi,x86_64,linux,0
1,commit-5-correction-amd-9950x3d,run-1,1,base64-0.23.0,decode,url-safe,unpadded,15,20,279620,4804675,832.521697,external,avx512-vbmi,avx512-vbmi,x86_64,linux,0
1,commit-5-correction-amd-9950x3d,run-1,2,base64-0.23.0,decode,url-safe,unpadded,15,20,279620,4816978,830.395361,external,avx512-vbmi,avx512-vbmi,x86_64,linux,0
1,commit-5-correction-amd-9950x3d,run-1,3,base64-0.23.0,decode,url-safe,unpadded,15,20,279620,4833319,827.587872,external,avx512-vbmi,avx512-vbmi,x86_64,linux,0
1,commit-5-correction-amd-9950x3d,run-1,4,base64-0.23.0,decode,url-safe,unpadded,15,20,279620,4774047,837.862758,external,avx512-vbmi,avx512-vbmi,x86_64,linux,0
1,commit-5-correction-amd-9950x3d,run-1,0,base64ct-1.8.3,encode,url-safe,unpadded,15,20,279620,3632789,1101.081341,external,avx512-vbmi,avx512-vbmi,x86_64,linux,0
1,commit-5-correction-amd-9950x3d,run-1,1,base64ct-1.8.3,encode,url-safe,unpadded,15,20,279620,3694635,1082.649892,external,avx512-vbmi,avx512-vbmi,x86_64,linux,0
1,commit-5-correction-amd-9950x3d,run-1,2,base64ct-1.8.3,encode,url-safe,unpadded,15,20,279620,3626196,1103.083282,external,avx512-vbmi,avx512-vbmi,x86_64,linux,0
1,commit-5-correction-amd-9950x3d,run-1,3,base64ct-1.8.3,encode,url-safe,unpadded,15,20,279620,3637398,1099.686145,external,avx512-vbmi,avx512-vbmi,x86_64,linux,0
1,commit-5-correction-amd-9950x3d,run-1,4,base64ct-1.8.3,encode,url-safe,unpadded,15,20,279620,3650823,1095.642321,external,avx512-vbmi,avx512-vbmi,x86_64,linux,0
1,commit-5-correction-amd-9950x3d,run-1,0,base64ct-1.8.3,decode,url-safe,unpadded,15,20,279620,9032504,442.844662,external,avx512-vbmi,avx512-vbmi,x86_64,linux,0
1,commit-5-correction-amd-9950x3d,run-1,1,base64ct-1.8.3,decode,url-safe,unpadded,15,20,279620,8963655,446.246111,external,avx512-vbmi,avx512-vbmi,x86_64,linux,0
1,commit-5-correction-amd-9950x3d,run-1,2,base64ct-1.8.3,decode,url-safe,unpadded,15,20,279620,8974144,445.724538,external,avx512-vbmi,avx512-vbmi,x86_64,linux,0
1,commit-5-correction-amd-9950x3d,run-1,3,base64ct-1.8.3,decode,url-safe,unpadded,15,20,279620,8993190,444.780571,external,avx512-vbmi,avx512-vbmi,x86_64,linux,0
1,commit-5-correction-amd-9950x3d,run-1,4,base64ct-1.8.3,decode,url-safe,unpadded,15,20,279620,8988891,444.993291,external,avx512-vbmi,avx512-vbmi,x86_64,linux,0
1,commit-5-correction-amd-9950x3d,run-1,0,base64-ng,encode,url-safe,unpadded,16,22,262144,13348208,299.665693,auto,avx512-vbmi,avx512-vbmi,x86_64,linux,0
1,commit-5-correction-amd-9950x3d,run-1,1,base64-ng,encode,url-safe,unpadded,16,22,262144,13418951,298.085894,auto,avx512-vbmi,avx512-vbmi,x86_64,linux,0
1,commit-5-correction-amd-9950x3d,run-1,2,base64-ng,encode,url-safe,unpadded,16,22,262144,13546000,295.290123,auto,avx512-vbmi,avx512-vbmi,x86_64,linux,0
1,commit-5-correction-amd-9950x3d,run-1,3,base64-ng,encode,url-safe,unpadded,16,22,262144,13374217,299.082929,auto,avx512-vbmi,avx512-vbmi,x86_64,linux,0
1,commit-5-correction-amd-9950x3d,run-1,4,base64-ng,encode,url-safe,unpadded,16,22,262144,13441984,297.575120,auto,avx512-vbmi,avx512-vbmi,x86_64,linux,0
1,commit-5-correction-amd-9950x3d,run-1,0,base64-ng,decode,url-safe,unpadded,16,22,262144,51352472,77.893037,auto,avx512-vbmi,avx512-vbmi,x86_64,linux,0
1,commit-5-correction-amd-9950x3d,run-1,1,base64-ng,decode,url-safe,unpadded,16,22,262144,53934352,74.164236,auto,avx512-vbmi,avx512-vbmi,x86_64,linux,0
1,commit-5-correction-amd-9950x3d,run-1,2,base64-ng,decode,url-safe,unpadded,16,22,262144,51089506,78.293965,auto,avx512-vbmi,avx512-vbmi,x86_64,linux,0
1,commit-5-correction-amd-9950x3d,run-1,3,base64-ng,decode,url-safe,unpadded,16,22,262144,50636363,78.994615,auto,avx512-vbmi,avx512-vbmi,x86_64,linux,0
1,commit-5-correction-amd-9950x3d,run-1,4,base64-ng,decode,url-safe,unpadded,16,22,262144,51549963,77.594624,auto,avx512-vbmi,avx512-vbmi,x86_64,linux,0
1,commit-5-correction-amd-9950x3d,run-1,0,base64-ng,encode,url-safe,unpadded,16,22,262144,12993471,307.846918,scalar,avx512-vbmi,avx512-vbmi,x86_64,linux,0
1,commit-5-correction-amd-9950x3d,run-1,1,base64-ng,encode,url-safe,unpadded,16,22,262144,13023997,307.125378,scalar,avx512-vbmi,avx512-vbmi,x86_64,linux,0
1,commit-5-correction-amd-9950x3d,run-1,2,base64-ng,encode,url-safe,unpadded,16,22,262144,13030059,306.982493,scalar,avx512-vbmi,avx512-vbmi,x86_64,linux,0
1,commit-5-correction-amd-9950x3d,run-1,3,base64-ng,encode,url-safe,unpadded,16,22,262144,12999381,307.706959,scalar,avx512-vbmi,avx512-vbmi,x86_64,linux,0
1,commit-5-correction-amd-9950x3d,run-1,4,base64-ng,encode,url-safe,unpadded,16,22,262144,13013007,307.384757,scalar,avx512-vbmi,avx512-vbmi,x86_64,linux,0
1,commit-5-correction-amd-9950x3d,run-1,0,base64-ng,decode,url-safe,unpadded,16,22,262144,15763475,253.751156,scalar,avx512-vbmi,avx512-vbmi,x86_64,linux,0
1,commit-5-correction-amd-9950x3d,run-1,1,base64-ng,decode,url-safe,unpadded,16,22,262144,15784394,253.414860,scalar,avx512-vbmi,avx512-vbmi,x86_64,linux,0
1,commit-5-correction-amd-9950x3d,run-1,2,base64-ng,decode,url-safe,unpadded,16,22,262144,15842814,252.480399,scalar,avx512-vbmi,avx512-vbmi,x86_64,linux,0
1,commit-5-correction-amd-9950x3d,run-1,3,base64-ng,decode,url-safe,unpadded,16,22,262144,15870106,252.046206,scalar,avx512-vbmi,avx512-vbmi,x86_64,linux,0
1,commit-5-correction-amd-9950x3d,run-1,4,base64-ng,decode,url-safe,unpadded,16,22,262144,15788522,253.348603,scalar,avx512-vbmi,avx512-vbmi,x86_64,linux,0
1,commit-5-correction-amd-9950x3d,run-1,0,base64-ng,encode,url-safe,unpadded,16,22,262144,17969108,222.604261,ssse3-sse4.1,avx512-vbmi,avx512-vbmi,x86_64,linux,0
1,commit-5-correction-amd-9950x3d,run-1,1,base64-ng,encode,url-safe,unpadded,16,22,262144,18083653,221.194247,ssse3-sse4.1,avx512-vbmi,avx512-vbmi,x86_64,linux,0
1,commit-5-correction-amd-9950x3d,run-1,2,base64-ng,encode,url-safe,unpadded,16,22,262144,18095585,221.048394,ssse3-sse4.1,avx512-vbmi,avx512-vbmi,x86_64,linux,0
1,commit-5-correction-amd-9950x3d,run-1,3,base64-ng,encode,url-safe,unpadded,16,22,262144,17761567,225.205355,ssse3-sse4.1,avx512-vbmi,avx512-vbmi,x86_64,linux,0
1,commit-5-correction-amd-9950x3d,run-1,4,base64-ng,encode,url-safe,unpadded,16,22,262144,17652652,226.594848,ssse3-sse4.1,avx512-vbmi,avx512-vbmi,x86_64,linux,0
1,commit-5-correction-amd-9950x3d,run-1,0,base64-ng,decode,url-safe,unpadded,16,22,262144,50474368,79.248144,ssse3-sse4.1,avx512-vbmi,avx512-vbmi,x86_64,linux,0
1,commit-5-correction-amd-9950x3d,run-1,1,base64-ng,decode,url-safe,unpadded,16,22,262144,51745973,77.300701,ssse3-sse4.1,avx512-vbmi,avx512-vbmi,x86_64,linux,0
1,commit-5-correction-amd-9950x3d,run-1,2,base64-ng,decode,url-safe,unpadded,16,22,262144,52134684,76.724355,ssse3-sse4.1,avx512-vbmi,avx512-vbmi,x86_64,linux,0
1,commit-5-correction-amd-9950x3d,run-1,3,base64-ng,decode,url-safe,unpadded,16,22,262144,51698563,77.371590,ssse3-sse4.1,avx512-vbmi,avx512-vbmi,x86_64,linux,0
1,commit-5-correction-amd-9950x3d,run-1,4,base64-ng,decode,url-safe,unpadded,16,22,262144,51760289,77.279321,ssse3-sse4.1,avx512-vbmi,avx512-vbmi,x86_64,linux,0
1,commit-5-correction-amd-9950x3d,run-1,0,base64-ng,encode,url-safe,unpadded,16,22,262144,13574935,294.660711,avx2,avx512-vbmi,avx512-vbmi,x86_64,linux,0
1,commit-5-correction-amd-9950x3d,run-1,1,base64-ng,encode,url-safe,unpadded,16,22,262144,13462664,297.118015,avx2,avx512-vbmi,avx512-vbmi,x86_64,linux,0
1,commit-5-correction-amd-9950x3d,run-1,2,base64-ng,encode,url-safe,unpadded,16,22,262144,13533757,295.557250,avx2,avx512-vbmi,avx512-vbmi,x86_64,linux,0
1,commit-5-correction-amd-9950x3d,run-1,3,base64-ng,encode,url-safe,unpadded,16,22,262144,13654846,292.936295,avx2,avx512-vbmi,avx512-vbmi,x86_64,linux,0
1,commit-5-correction-amd-9950x3d,run-1,4,base64-ng,encode,url-safe,unpadded,16,22,262144,13908743,287.588893,avx2,avx512-vbmi,avx512-vbmi,x86_64,linux,0
1,commit-5-correction-amd-9950x3d,run-1,0,base64-ng,decode,url-safe,unpadded,16,22,262144,50055560,79.911203,avx2,avx512-vbmi,avx512-vbmi,x86_64,linux,0
1,commit-5-correction-amd-9950x3d,run-1,1,base64-ng,decode,url-safe,unpadded,16,22,262144,50027037,79.956764,avx2,avx512-vbmi,avx512-vbmi,x86_64,linux,0
1,commit-5-correction-amd-9950x3d,run-1,2,base64-ng,decode,url-safe,unpadded,16,22,262144,49825687,80.279877,avx2,avx512-vbmi,avx512-vbmi,x86_64,linux,0
1,commit-5-correction-amd-9950x3d,run-1,3,base64-ng,decode,url-safe,unpadded,16,22,262144,50015905,79.974560,avx2,avx512-vbmi,avx512-vbmi,x86_64,linux,0
1,commit-5-correction-amd-9950x3d,run-1,4,base64-ng,decode,url-safe,unpadded,16,22,262144,53703367,74.483226,avx2,avx512-vbmi,avx512-vbmi,x86_64,linux,0
1,commit-5-correction-amd-9950x3d,run-1,0,base64-ng,encode,url-safe,unpadded,16,22,262144,13716832,291.612524,avx512-vbmi,avx512-vbmi,avx512-vbmi,x86_64,linux,0
1,commit-5-correction-amd-9950x3d,run-1,1,base64-ng,encode,url-safe,unpadded,16,22,262144,13781504,290.244084,avx512-vbmi,avx512-vbmi,avx512-vbmi,x86_64,linux,0
1,commit-5-correction-amd-9950x3d,run-1,2,base64-ng,encode,url-safe,unpadded,16,22,262144,13868678,288.419704,avx512-vbmi,avx512-vbmi,avx512-vbmi,x86_64,linux,0
1,commit-5-correction-amd-9950x3d,run-1,3,base64-ng,encode,url-safe,unpadded,16,22,262144,13787555,290.116703,avx512-vbmi,avx512-vbmi,avx512-vbmi,x86_64,linux,0
1,commit-5-correction-amd-9950x3d,run-1,4,base64-ng,encode,url-safe,unpadded,16,22,262144,13754112,290.822119,avx512-vbmi,avx512-vbmi,avx512-vbmi,x86_64,linux,0
1,commit-5-correction-amd-9950x3d,run-1,0,base64-ng,decode,url-safe,unpadded,16,22,262144,50593512,79.061521,avx512-vbmi,avx512-vbmi,avx512-vbmi,x86_64,linux,0
1,commit-5-correction-amd-9950x3d,run-1,1,base64-ng,decode,url-safe,unpadded,16,22,262144,50353120,79.438970,avx512-vbmi,avx512-vbmi,avx512-vbmi,x86_64,linux,0
1,commit-5-correction-amd-9950x3d,run-1,2,base64-ng,decode,url-safe,unpadded,16,22,262144,50550752,79.128398,avx512-vbmi,avx512-vbmi,avx512-vbmi,x86_64,linux,0
1,commit-5-correction-amd-9950x3d,run-1,3,base64-ng,decode,url-safe,unpadded,16,22,262144,50910379,78.569441,avx512-vbmi,avx512-vbmi,avx512-vbmi,x86_64,linux,0
1,commit-5-correction-amd-9950x3d,run-1,4,base64-ng,decode,url-safe,unpadded,16,22,262144,50653977,78.967146,avx512-vbmi,avx512-vbmi,avx512-vbmi,x86_64,linux,0
1,commit-5-correction-amd-9950x3d,run-1,0,base64-0.23.0,encode,url-safe,unpadded,16,22,262144,3249857,1230.823387,external,avx512-vbmi,avx512-vbmi,x86_64,linux,0
1,commit-5-correction-amd-9950x3d,run-1,1,base64-0.23.0,encode,url-safe,unpadded,16,22,262144,3256179,1228.433695,external,avx512-vbmi,avx512-vbmi,x86_64,linux,0
1,commit-5-correction-amd-9950x3d,run-1,2,base64-0.23.0,encode,url-safe,unpadded,16,22,262144,3269154,1223.558144,external,avx512-vbmi,avx512-vbmi,x86_64,linux,0
1,commit-5-correction-amd-9950x3d,run-1,3,base64-0.23.0,encode,url-safe,unpadded,16,22,262144,3271028,1222.857157,external,avx512-vbmi,avx512-vbmi,x86_64,linux,0
1,commit-5-correction-amd-9950x3d,run-1,4,base64-0.23.0,encode,url-safe,unpadded,16,22,262144,3254206,1229.178485,external,avx512-vbmi,avx512-vbmi,x86_64,linux,0
1,commit-5-correction-amd-9950x3d,run-1,0,base64-0.23.0,decode,url-safe,unpadded,16,22,262144,4497206,889.441133,external,avx512-vbmi,avx512-vbmi,x86_64,linux,0
1,commit-5-correction-amd-9950x3d,run-1,1,base64-0.23.0,decode,url-safe,unpadded,16,22,262144,4497837,889.316354,external,avx512-vbmi,avx512-vbmi,x86_64,linux,0
1,commit-5-correction-amd-9950x3d,run-1,2,base64-0.23.0,decode,url-safe,unpadded,16,22,262144,4488209,891.224094,external,avx512-vbmi,avx512-vbmi,x86_64,linux,0
1,commit-5-correction-amd-9950x3d,run-1,3,base64-0.23.0,decode,url-safe,unpadded,16,22,262144,4498168,889.250913,external,avx512-vbmi,avx512-vbmi,x86_64,linux,0
1,commit-5-correction-amd-9950x3d,run-1,4,base64-0.23.0,decode,url-safe,unpadded,16,22,262144,4489562,890.955510,external,avx512-vbmi,avx512-vbmi,x86_64,linux,0
1,commit-5-correction-amd-9950x3d,run-1,0,base64ct-1.8.3,encode,url-safe,unpadded,16,22,262144,3579589,1117.446724,external,avx512-vbmi,avx512-vbmi,x86_64,linux,0
1,commit-5-correction-amd-9950x3d,run-1,1,base64ct-1.8.3,encode,url-safe,unpadded,16,22,262144,3586502,1115.292840,external,avx512-vbmi,avx512-vbmi,x86_64,linux,0
1,commit-5-correction-amd-9950x3d,run-1,2,base64ct-1.8.3,encode,url-safe,unpadded,16,22,262144,3588616,1114.635837,external,avx512-vbmi,avx512-vbmi,x86_64,linux,0
1,commit-5-correction-amd-9950x3d,run-1,3,base64ct-1.8.3,encode,url-safe,unpadded,16,22,262144,3574148,1119.147836,external,avx512-vbmi,avx512-vbmi,x86_64,linux,0
1,commit-5-correction-amd-9950x3d,run-1,4,base64ct-1.8.3,encode,url-safe,unpadded,16,22,262144,3574779,1118.950290,external,avx512-vbmi,avx512-vbmi,x86_64,linux,0
1,commit-5-correction-amd-9950x3d,run-1,0,base64ct-1.8.3,decode,url-safe,unpadded,16,22,262144,10754876,371.924325,external,avx512-vbmi,avx512-vbmi,x86_64,linux,0
1,commit-5-correction-amd-9950x3d,run-1,1,base64ct-1.8.3,decode,url-safe,unpadded,16,22,262144,10761168,371.706863,external,avx512-vbmi,avx512-vbmi,x86_64,linux,0
1,commit-5-correction-amd-9950x3d,run-1,2,base64ct-1.8.3,decode,url-safe,unpadded,16,22,262144,10760486,371.730422,external,avx512-vbmi,avx512-vbmi,x86_64,linux,0
1,commit-5-correction-amd-9950x3d,run-1,3,base64ct-1.8.3,decode,url-safe,unpadded,16,22,262144,10745188,372.259657,external,avx512-vbmi,avx512-vbmi,x86_64,linux,0
1,commit-5-correction-amd-9950x3d,run-1,4,base64ct-1.8.3,decode,url-safe,unpadded,16,22,262144,10755006,371.919830,external,avx512-vbmi,avx512-vbmi,x86_64,linux,0
1,commit-5-correction-amd-9950x3d,run-1,0,base64-ng,encode,url-safe,unpadded,23,31,182361,12788494,312.781086,auto,avx512-vbmi,avx512-vbmi,x86_64,linux,0
1,commit-5-correction-amd-9950x3d,run-1,1,base64-ng,encode,url-safe,unpadded,23,31,182361,12688897,315.236151,auto,avx512-vbmi,avx512-vbmi,x86_64,linux,0
1,commit-5-correction-amd-9950x3d,run-1,2,base64-ng,encode,url-safe,unpadded,23,31,182361,12679399,315.472291,auto,avx512-vbmi,avx512-vbmi,x86_64,linux,0
1,commit-5-correction-amd-9950x3d,run-1,3,base64-ng,encode,url-safe,unpadded,23,31,182361,12695690,315.067479,auto,avx512-vbmi,avx512-vbmi,x86_64,linux,0
1,commit-5-correction-amd-9950x3d,run-1,4,base64-ng,encode,url-safe,unpadded,23,31,182361,12676474,315.545083,auto,avx512-vbmi,avx512-vbmi,x86_64,linux,0
1,commit-5-correction-amd-9950x3d,run-1,0,base64-ng,decode,url-safe,unpadded,23,31,182361,40591273,98.543326,auto,avx512-vbmi,avx512-vbmi,x86_64,linux,0
1,commit-5-correction-amd-9950x3d,run-1,1,base64-ng,decode,url-safe,unpadded,23,31,182361,40753468,98.151133,auto,avx512-vbmi,avx512-vbmi,x86_64,linux,0
1,commit-5-correction-amd-9950x3d,run-1,2,base64-ng,decode,url-safe,unpadded,23,31,182361,40935402,97.714908,auto,avx512-vbmi,avx512-vbmi,x86_64,linux,0
1,commit-5-correction-amd-9950x3d,run-1,3,base64-ng,decode,url-safe,unpadded,23,31,182361,40795958,98.048906,auto,avx512-vbmi,avx512-vbmi,x86_64,linux,0
1,commit-5-correction-amd-9950x3d,run-1,4,base64-ng,decode,url-safe,unpadded,23,31,182361,40858506,97.898808,auto,avx512-vbmi,avx512-vbmi,x86_64,linux,0
1,commit-5-correction-amd-9950x3d,run-1,0,base64-ng,encode,url-safe,unpadded,23,31,182361,12716238,314.558366,scalar,avx512-vbmi,avx512-vbmi,x86_64,linux,0
1,commit-5-correction-amd-9950x3d,run-1,1,base64-ng,encode,url-safe,unpadded,23,31,182361,12583789,317.869208,scalar,avx512-vbmi,avx512-vbmi,x86_64,linux,0
1,commit-5-correction-amd-9950x3d,run-1,2,base64-ng,encode,url-safe,unpadded,23,31,182361,12638372,316.496385,scalar,avx512-vbmi,avx512-vbmi,x86_64,linux,0
1,commit-5-correction-amd-9950x3d,run-1,3,base64-ng,encode,url-safe,unpadded,23,31,182361,12560716,318.453108,scalar,avx512-vbmi,avx512-vbmi,x86_64,linux,0
1,commit-5-correction-amd-9950x3d,run-1,4,base64-ng,encode,url-safe,unpadded,23,31,182361,12355910,323.731643,scalar,avx512-vbmi,avx512-vbmi,x86_64,linux,0
1,commit-5-correction-amd-9950x3d,run-1,0,base64-ng,decode,url-safe,unpadded,23,31,182361,14983807,266.954790,scalar,avx512-vbmi,avx512-vbmi,x86_64,linux,0
1,commit-5-correction-amd-9950x3d,run-1,1,base64-ng,decode,url-safe,unpadded,23,31,182361,15221554,262.785196,scalar,avx512-vbmi,avx512-vbmi,x86_64,linux,0
1,commit-5-correction-amd-9950x3d,run-1,2,base64-ng,decode,url-safe,unpadded,23,31,182361,15368852,260.266612,scalar,avx512-vbmi,avx512-vbmi,x86_64,linux,0
1,commit-5-correction-amd-9950x3d,run-1,3,base64-ng,decode,url-safe,unpadded,23,31,182361,15336220,260.820401,scalar,avx512-vbmi,avx512-vbmi,x86_64,linux,0
1,commit-5-correction-amd-9950x3d,run-1,4,base64-ng,decode,url-safe,unpadded,23,31,182361,15327263,260.972820,scalar,avx512-vbmi,avx512-vbmi,x86_64,linux,0
1,commit-5-correction-amd-9950x3d,run-1,0,base64-ng,encode,url-safe,unpadded,23,31,182361,15914620,251.341160,ssse3-sse4.1,avx512-vbmi,avx512-vbmi,x86_64,linux,0
1,commit-5-correction-amd-9950x3d,run-1,1,base64-ng,encode,url-safe,unpadded,23,31,182361,15855468,252.278838,ssse3-sse4.1,avx512-vbmi,avx512-vbmi,x86_64,linux,0
1,commit-5-correction-amd-9950x3d,run-1,2,base64-ng,encode,url-safe,unpadded,23,31,182361,15822426,252.805673,ssse3-sse4.1,avx512-vbmi,avx512-vbmi,x86_64,linux,0
1,commit-5-correction-amd-9950x3d,run-1,3,base64-ng,encode,url-safe,unpadded,23,31,182361,15857392,252.248229,ssse3-sse4.1,avx512-vbmi,avx512-vbmi,x86_64,linux,0
1,commit-5-correction-amd-9950x3d,run-1,4,base64-ng,encode,url-safe,unpadded,23,31,182361,15896385,251.629477,ssse3-sse4.1,avx512-vbmi,avx512-vbmi,x86_64,linux,0
1,commit-5-correction-amd-9950x3d,run-1,0,base64-ng,decode,url-safe,unpadded,23,31,182361,40084750,99.788549,ssse3-sse4.1,avx512-vbmi,avx512-vbmi,x86_64,linux,0
1,commit-5-correction-amd-9950x3d,run-1,1,base64-ng,decode,url-safe,unpadded,23,31,182361,40867122,97.878168,ssse3-sse4.1,avx512-vbmi,avx512-vbmi,x86_64,linux,0
1,commit-5-correction-amd-9950x3d,run-1,2,base64-ng,decode,url-safe,unpadded,23,31,182361,39706368,100.739485,ssse3-sse4.1,avx512-vbmi,avx512-vbmi,x86_64,linux,0
1,commit-5-correction-amd-9950x3d,run-1,3,base64-ng,decode,url-safe,unpadded,23,31,182361,39749909,100.629137,ssse3-sse4.1,avx512-vbmi,avx512-vbmi,x86_64,linux,0
1,commit-5-correction-amd-9950x3d,run-1,4,base64-ng,decode,url-safe,unpadded,23,31,182361,40111480,99.722051,ssse3-sse4.1,avx512-vbmi,avx512-vbmi,x86_64,linux,0
1,commit-5-correction-amd-9950x3d,run-1,0,base64-ng,encode,url-safe,unpadded,23,31,182361,13170203,303.715823,avx2,avx512-vbmi,avx512-vbmi,x86_64,linux,0
1,commit-5-correction-amd-9950x3d,run-1,1,base64-ng,encode,url-safe,unpadded,23,31,182361,14935426,267.819548,avx2,avx512-vbmi,avx512-vbmi,x86_64,linux,0
1,commit-5-correction-amd-9950x3d,run-1,2,base64-ng,encode,url-safe,unpadded,23,31,182361,12952543,308.819592,avx2,avx512-vbmi,avx512-vbmi,x86_64,linux,0
1,commit-5-correction-amd-9950x3d,run-1,3,base64-ng,encode,url-safe,unpadded,23,31,182361,13549718,295.209025,avx2,avx512-vbmi,avx512-vbmi,x86_64,linux,0
1,commit-5-correction-amd-9950x3d,run-1,4,base64-ng,encode,url-safe,unpadded,23,31,182361,12988821,307.957054,avx2,avx512-vbmi,avx512-vbmi,x86_64,linux,0
1,commit-5-correction-amd-9950x3d,run-1,0,base64-ng,decode,url-safe,unpadded,23,31,182361,40311847,99.226390,avx2,avx512-vbmi,avx512-vbmi,x86_64,linux,0
1,commit-5-correction-amd-9950x3d,run-1,1,base64-ng,decode,url-safe,unpadded,23,31,182361,40401355,99.006557,avx2,avx512-vbmi,avx512-vbmi,x86_64,linux,0
1,commit-5-correction-amd-9950x3d,run-1,2,base64-ng,decode,url-safe,unpadded,23,31,182361,41115470,97.286959,avx2,avx512-vbmi,avx512-vbmi,x86_64,linux,0
1,commit-5-correction-amd-9950x3d,run-1,3,base64-ng,decode,url-safe,unpadded,23,31,182361,42044870,95.136435,avx2,avx512-vbmi,avx512-vbmi,x86_64,linux,0
1,commit-5-correction-amd-9950x3d,run-1,4,base64-ng,decode,url-safe,unpadded,23,31,182361,40444687,98.900482,avx2,avx512-vbmi,avx512-vbmi,x86_64,linux,0
1,commit-5-correction-amd-9950x3d,run-1,0,base64-ng,encode,url-safe,unpadded,23,31,182361,13194849,303.148528,avx512-vbmi,avx512-vbmi,avx512-vbmi,x86_64,linux,0
1,commit-5-correction-amd-9950x3d,run-1,1,base64-ng,encode,url-safe,unpadded,23,31,182361,13249623,301.895310,avx512-vbmi,avx512-vbmi,avx512-vbmi,x86_64,linux,0
1,commit-5-correction-amd-9950x3d,run-1,2,base64-ng,encode,url-safe,unpadded,23,31,182361,13259130,301.678847,avx512-vbmi,avx512-vbmi,avx512-vbmi,x86_64,linux,0
1,commit-5-correction-amd-9950x3d,run-1,3,base64-ng,encode,url-safe,unpadded,23,31,182361,13185752,303.357673,avx512-vbmi,avx512-vbmi,avx512-vbmi,x86_64,linux,0
1,commit-5-correction-amd-9950x3d,run-1,4,base64-ng,encode,url-safe,unpadded,23,31,182361,13059244,306.296371,avx512-vbmi,avx512-vbmi,avx512-vbmi,x86_64,linux,0
1,commit-5-correction-amd-9950x3d,run-1,0,base64-ng,decode,url-safe,unpadded,23,31,182361,40316927,99.213887,avx512-vbmi,avx512-vbmi,avx512-vbmi,x86_64,linux,0
1,commit-5-correction-amd-9950x3d,run-1,1,base64-ng,decode,url-safe,unpadded,23,31,182361,40761564,98.131638,avx512-vbmi,avx512-vbmi,avx512-vbmi,x86_64,linux,0
1,commit-5-correction-amd-9950x3d,run-1,2,base64-ng,decode,url-safe,unpadded,23,31,182361,41421536,96.568100,avx512-vbmi,avx512-vbmi,avx512-vbmi,x86_64,linux,0
1,commit-5-correction-amd-9950x3d,run-1,3,base64-ng,decode,url-safe,unpadded,23,31,182361,40646067,98.410482,avx512-vbmi,avx512-vbmi,avx512-vbmi,x86_64,linux,0
1,commit-5-correction-amd-9950x3d,run-1,4,base64-ng,decode,url-safe,unpadded,23,31,182361,40529056,98.694602,avx512-vbmi,avx512-vbmi,avx512-vbmi,x86_64,linux,0
1,commit-5-correction-amd-9950x3d,run-1,0,base64-0.23.0,encode,url-safe,unpadded,23,31,182361,2678212,1493.533390,external,avx512-vbmi,avx512-vbmi,x86_64,linux,0
1,commit-5-correction-amd-9950x3d,run-1,1,base64-0.23.0,encode,url-safe,unpadded,23,31,182361,2693110,1485.271321,external,avx512-vbmi,avx512-vbmi,x86_64,linux,0
1,commit-5-correction-amd-9950x3d,run-1,2,base64-0.23.0,encode,url-safe,unpadded,23,31,182361,2684243,1490.177695,external,avx512-vbmi,avx512-vbmi,x86_64,linux,0
1,commit-5-correction-amd-9950x3d,run-1,3,base64-0.23.0,encode,url-safe,unpadded,23,31,182361,2683522,1490.578071,external,avx512-vbmi,avx512-vbmi,x86_64,linux,0
1,commit-5-correction-amd-9950x3d,run-1,4,base64-0.23.0,encode,url-safe,unpadded,23,31,182361,2696055,1483.648904,external,avx512-vbmi,avx512-vbmi,x86_64,linux,0
1,commit-5-correction-amd-9950x3d,run-1,0,base64-0.23.0,decode,url-safe,unpadded,23,31,182361,3392276,1179.149057,external,avx512-vbmi,avx512-vbmi,x86_64,linux,0
1,commit-5-correction-amd-9950x3d,run-1,1,base64-0.23.0,decode,url-safe,unpadded,23,31,182361,3399360,1176.691803,external,avx512-vbmi,avx512-vbmi,x86_64,linux,0
1,commit-5-correction-amd-9950x3d,run-1,2,base64-0.23.0,decode,url-safe,unpadded,23,31,182361,3411802,1172.400698,external,avx512-vbmi,avx512-vbmi,x86_64,linux,0
1,commit-5-correction-amd-9950x3d,run-1,3,base64-0.23.0,decode,url-safe,unpadded,23,31,182361,3397996,1177.164142,external,avx512-vbmi,avx512-vbmi,x86_64,linux,0
1,commit-5-correction-amd-9950x3d,run-1,4,base64-0.23.0,decode,url-safe,unpadded,23,31,182361,3407745,1173.796468,external,avx512-vbmi,avx512-vbmi,x86_64,linux,0
1,commit-5-correction-amd-9950x3d,run-1,0,base64ct-1.8.3,encode,url-safe,unpadded,23,31,182361,3080239,1298.600221,external,avx512-vbmi,avx512-vbmi,x86_64,linux,0
1,commit-5-correction-amd-9950x3d,run-1,1,base64ct-1.8.3,encode,url-safe,unpadded,23,31,182361,3100457,1290.132083,external,avx512-vbmi,avx512-vbmi,x86_64,linux,0
1,commit-5-correction-amd-9950x3d,run-1,2,base64ct-1.8.3,encode,url-safe,unpadded,23,31,182361,3084476,1296.816395,external,avx512-vbmi,avx512-vbmi,x86_64,linux,0
1,commit-5-correction-amd-9950x3d,run-1,3,base64ct-1.8.3,encode,url-safe,unpadded,23,31,182361,3092241,1293.559928,external,avx512-vbmi,avx512-vbmi,x86_64,linux,0
1,commit-5-correction-amd-9950x3d,run-1,4,base64ct-1.8.3,encode,url-safe,unpadded,23,31,182361,3077554,1299.733180,external,avx512-vbmi,avx512-vbmi,x86_64,linux,0
1,commit-5-correction-amd-9950x3d,run-1,0,base64ct-1.8.3,decode,url-safe,unpadded,23,31,182361,9207413,434.432456,external,avx512-vbmi,avx512-vbmi,x86_64,linux,0
1,commit-5-correction-amd-9950x3d,run-1,1,base64ct-1.8.3,decode,url-safe,unpadded,23,31,182361,9153772,436.978226,external,avx512-vbmi,avx512-vbmi,x86_64,linux,0
1,commit-5-correction-amd-9950x3d,run-1,2,base64ct-1.8.3,decode,url-safe,unpadded,23,31,182361,9154855,436.926532,external,avx512-vbmi,avx512-vbmi,x86_64,linux,0
1,commit-5-correction-amd-9950x3d,run-1,3,base64ct-1.8.3,decode,url-safe,unpadded,23,31,182361,9148923,437.209827,external,avx512-vbmi,avx512-vbmi,x86_64,linux,0
1,commit-5-correction-amd-9950x3d,run-1,4,base64ct-1.8.3,decode,url-safe,unpadded,23,31,182361,9142471,437.518374,external,avx512-vbmi,avx512-vbmi,x86_64,linux,0
1,commit-5-correction-amd-9950x3d,run-1,0,base64-ng,encode,url-safe,unpadded,24,32,174762,12736046,314.068019,auto,avx512-vbmi,avx512-vbmi,x86_64,linux,0
1,commit-5-correction-amd-9950x3d,run-1,1,base64-ng,encode,url-safe,unpadded,24,32,174762,12688316,315.249458,auto,avx512-vbmi,avx512-vbmi,x86_64,linux,0
1,commit-5-correction-amd-9950x3d,run-1,2,base64-ng,encode,url-safe,unpadded,24,32,174762,14959321,267.390795,auto,avx512-vbmi,avx512-vbmi,x86_64,linux,0
1,commit-5-correction-amd-9950x3d,run-1,3,base64-ng,encode,url-safe,unpadded,24,32,174762,12858606,311.074524,auto,avx512-vbmi,avx512-vbmi,x86_64,linux,0
1,commit-5-correction-amd-9950x3d,run-1,4,base64-ng,encode,url-safe,unpadded,24,32,174762,12916526,309.679611,auto,avx512-vbmi,avx512-vbmi,x86_64,linux,0
1,commit-5-correction-amd-9950x3d,run-1,0,base64-ng,decode,url-safe,unpadded,24,32,174762,40878965,97.849462,auto,avx512-vbmi,avx512-vbmi,x86_64,linux,0
1,commit-5-correction-amd-9950x3d,run-1,1,base64-ng,decode,url-safe,unpadded,24,32,174762,40950931,97.677504,auto,avx512-vbmi,avx512-vbmi,x86_64,linux,0
1,commit-5-correction-amd-9950x3d,run-1,2,base64-ng,decode,url-safe,unpadded,24,32,174762,40616531,98.481693,auto,avx512-vbmi,avx512-vbmi,x86_64,linux,0
1,commit-5-correction-amd-9950x3d,run-1,3,base64-ng,decode,url-safe,unpadded,24,32,174762,40696311,98.288632,auto,avx512-vbmi,avx512-vbmi,x86_64,linux,0
1,commit-5-correction-amd-9950x3d,run-1,4,base64-ng,decode,url-safe,unpadded,24,32,174762,40749562,98.160190,auto,avx512-vbmi,avx512-vbmi,x86_64,linux,0
1,commit-5-correction-amd-9950x3d,run-1,0,base64-ng,encode,url-safe,unpadded,24,32,174762,12637900,316.507073,scalar,avx512-vbmi,avx512-vbmi,x86_64,linux,0
1,commit-5-correction-amd-9950x3d,run-1,1,base64-ng,encode,url-safe,unpadded,24,32,174762,12562189,318.414628,scalar,avx512-vbmi,avx512-vbmi,x86_64,linux,0
1,commit-5-correction-amd-9950x3d,run-1,2,base64-ng,encode,url-safe,unpadded,24,32,174762,12591123,317.682922,scalar,avx512-vbmi,avx512-vbmi,x86_64,linux,0
1,commit-5-correction-amd-9950x3d,run-1,3,base64-ng,encode,url-safe,unpadded,24,32,174762,12539045,319.002344,scalar,avx512-vbmi,avx512-vbmi,x86_64,linux,0
1,commit-5-correction-amd-9950x3d,run-1,4,base64-ng,encode,url-safe,unpadded,24,32,174762,12524558,319.371330,scalar,avx512-vbmi,avx512-vbmi,x86_64,linux,0
1,commit-5-correction-amd-9950x3d,run-1,0,base64-ng,decode,url-safe,unpadded,24,32,174762,15250699,262.282059,scalar,avx512-vbmi,avx512-vbmi,x86_64,linux,0
1,commit-5-correction-amd-9950x3d,run-1,1,base64-ng,decode,url-safe,unpadded,24,32,174762,15185457,263.408914,scalar,avx512-vbmi,avx512-vbmi,x86_64,linux,0
1,commit-5-correction-amd-9950x3d,run-1,2,base64-ng,decode,url-safe,unpadded,24,32,174762,15276338,261.841859,scalar,avx512-vbmi,avx512-vbmi,x86_64,linux,0
1,commit-5-correction-amd-9950x3d,run-1,3,base64-ng,decode,url-safe,unpadded,24,32,174762,15185076,263.415523,scalar,avx512-vbmi,avx512-vbmi,x86_64,linux,0
1,commit-5-correction-amd-9950x3d,run-1,4,base64-ng,decode,url-safe,unpadded,24,32,174762,15133138,264.319584,scalar,avx512-vbmi,avx512-vbmi,x86_64,linux,0
1,commit-5-correction-amd-9950x3d,run-1,0,base64-ng,encode,url-safe,unpadded,24,32,174762,16915944,236.462401,ssse3-sse4.1,avx512-vbmi,avx512-vbmi,x86_64,linux,0
1,commit-5-correction-amd-9950x3d,run-1,1,base64-ng,encode,url-safe,unpadded,24,32,174762,16826396,237.720825,ssse3-sse4.1,avx512-vbmi,avx512-vbmi,x86_64,linux,0
1,commit-5-correction-amd-9950x3d,run-1,2,base64-ng,encode,url-safe,unpadded,24,32,174762,16789426,238.244282,ssse3-sse4.1,avx512-vbmi,avx512-vbmi,x86_64,linux,0
1,commit-5-correction-amd-9950x3d,run-1,3,base64-ng,encode,url-safe,unpadded,24,32,174762,16802961,238.052373,ssse3-sse4.1,avx512-vbmi,avx512-vbmi,x86_64,linux,0
1,commit-5-correction-amd-9950x3d,run-1,4,base64-ng,encode,url-safe,unpadded,24,32,174762,16813060,237.909384,ssse3-sse4.1,avx512-vbmi,avx512-vbmi,x86_64,linux,0
1,commit-5-correction-amd-9950x3d,run-1,0,base64-ng,decode,url-safe,unpadded,24,32,174762,58428893,68.459020,ssse3-sse4.1,avx512-vbmi,avx512-vbmi,x86_64,linux,0
1,commit-5-correction-amd-9950x3d,run-1,1,base64-ng,decode,url-safe,unpadded,24,32,174762,56796971,70.426022,ssse3-sse4.1,avx512-vbmi,avx512-vbmi,x86_64,linux,0
1,commit-5-correction-amd-9950x3d,run-1,2,base64-ng,decode,url-safe,unpadded,24,32,174762,57045258,70.119496,ssse3-sse4.1,avx512-vbmi,avx512-vbmi,x86_64,linux,0
1,commit-5-correction-amd-9950x3d,run-1,3,base64-ng,decode,url-safe,unpadded,24,32,174762,57167758,69.969243,ssse3-sse4.1,avx512-vbmi,avx512-vbmi,x86_64,linux,0
1,commit-5-correction-amd-9950x3d,run-1,4,base64-ng,decode,url-safe,unpadded,24,32,174762,57180383,69.953794,ssse3-sse4.1,avx512-vbmi,avx512-vbmi,x86_64,linux,0
1,commit-5-correction-amd-9950x3d,run-1,0,base64-ng,encode,url-safe,unpadded,24,32,174762,10354072,386.319966,avx2,avx512-vbmi,avx512-vbmi,x86_64,linux,0
1,commit-5-correction-amd-9950x3d,run-1,1,base64-ng,encode,url-safe,unpadded,24,32,174762,10407692,384.329661,avx2,avx512-vbmi,avx512-vbmi,x86_64,linux,0
1,commit-5-correction-amd-9950x3d,run-1,2,base64-ng,encode,url-safe,unpadded,24,32,174762,10539010,379.540843,avx2,avx512-vbmi,avx512-vbmi,x86_64,linux,0
1,commit-5-correction-amd-9950x3d,run-1,3,base64-ng,encode,url-safe,unpadded,24,32,174762,10627927,376.365470,avx2,avx512-vbmi,avx512-vbmi,x86_64,linux,0
1,commit-5-correction-amd-9950x3d,run-1,4,base64-ng,encode,url-safe,unpadded,24,32,174762,10481532,381.622147,avx2,avx512-vbmi,avx512-vbmi,x86_64,linux,0
1,commit-5-correction-amd-9950x3d,run-1,0,base64-ng,decode,url-safe,unpadded,24,32,174762,41490827,96.406484,avx2,avx512-vbmi,avx512-vbmi,x86_64,linux,0
1,commit-5-correction-amd-9950x3d,run-1,1,base64-ng,decode,url-safe,unpadded,24,32,174762,41418791,96.574155,avx2,avx512-vbmi,avx512-vbmi,x86_64,linux,0
1,commit-5-correction-amd-9950x3d,run-1,2,base64-ng,decode,url-safe,unpadded,24,32,174762,41712384,95.894417,avx2,avx512-vbmi,avx512-vbmi,x86_64,linux,0
1,commit-5-correction-amd-9950x3d,run-1,3,base64-ng,decode,url-safe,unpadded,24,32,174762,41480006,96.431634,avx2,avx512-vbmi,avx512-vbmi,x86_64,linux,0
1,commit-5-correction-amd-9950x3d,run-1,4,base64-ng,decode,url-safe,unpadded,24,32,174762,41414032,96.585253,avx2,avx512-vbmi,avx512-vbmi,x86_64,linux,0
1,commit-5-correction-amd-9950x3d,run-1,0,base64-ng,encode,url-safe,unpadded,24,32,174762,12973472,308.320297,avx512-vbmi,avx512-vbmi,avx512-vbmi,x86_64,linux,0
1,commit-5-correction-amd-9950x3d,run-1,1,base64-ng,encode,url-safe,unpadded,24,32,174762,12945359,308.989866,avx512-vbmi,avx512-vbmi,avx512-vbmi,x86_64,linux,0
1,commit-5-correction-amd-9950x3d,run-1,2,base64-ng,encode,url-safe,unpadded,24,32,174762,12972160,308.351480,avx512-vbmi,avx512-vbmi,avx512-vbmi,x86_64,linux,0
1,commit-5-correction-amd-9950x3d,run-1,3,base64-ng,encode,url-safe,unpadded,24,32,174762,12976879,308.239349,avx512-vbmi,avx512-vbmi,avx512-vbmi,x86_64,linux,0
1,commit-5-correction-amd-9950x3d,run-1,4,base64-ng,encode,url-safe,unpadded,24,32,174762,12976719,308.243150,avx512-vbmi,avx512-vbmi,avx512-vbmi,x86_64,linux,0
1,commit-5-correction-amd-9950x3d,run-1,0,base64-ng,decode,url-safe,unpadded,24,32,174762,41672449,95.986313,avx512-vbmi,avx512-vbmi,avx512-vbmi,x86_64,linux,0
1,commit-5-correction-amd-9950x3d,run-1,1,base64-ng,decode,url-safe,unpadded,24,32,174762,41786103,95.725240,avx512-vbmi,avx512-vbmi,avx512-vbmi,x86_64,linux,0
1,commit-5-correction-amd-9950x3d,run-1,2,base64-ng,decode,url-safe,unpadded,24,32,174762,41829604,95.625690,avx512-vbmi,avx512-vbmi,avx512-vbmi,x86_64,linux,0
1,commit-5-correction-amd-9950x3d,run-1,3,base64-ng,decode,url-safe,unpadded,24,32,174762,42142253,94.916253,avx512-vbmi,avx512-vbmi,avx512-vbmi,x86_64,linux,0
1,commit-5-correction-amd-9950x3d,run-1,4,base64-ng,decode,url-safe,unpadded,24,32,174762,42095866,95.020845,avx512-vbmi,avx512-vbmi,avx512-vbmi,x86_64,linux,0
1,commit-5-correction-amd-9950x3d,run-1,0,base64-0.23.0,encode,url-safe,unpadded,24,32,174762,2581760,1549.324779,external,avx512-vbmi,avx512-vbmi,x86_64,linux,0
1,commit-5-correction-amd-9950x3d,run-1,1,base64-0.23.0,encode,url-safe,unpadded,24,32,174762,2591949,1543.234354,external,avx512-vbmi,avx512-vbmi,x86_64,linux,0
1,commit-5-correction-amd-9950x3d,run-1,2,base64-0.23.0,encode,url-safe,unpadded,24,32,174762,2569708,1556.591154,external,avx512-vbmi,avx512-vbmi,x86_64,linux,0
1,commit-5-correction-amd-9950x3d,run-1,3,base64-0.23.0,encode,url-safe,unpadded,24,32,174762,2577312,1551.998649,external,avx512-vbmi,avx512-vbmi,x86_64,linux,0
1,commit-5-correction-amd-9950x3d,run-1,4,base64-0.23.0,encode,url-safe,unpadded,24,32,174762,2596117,1540.756731,external,avx512-vbmi,avx512-vbmi,x86_64,linux,0
1,commit-5-correction-amd-9950x3d,run-1,0,base64-0.23.0,decode,url-safe,unpadded,24,32,174762,3414538,1171.457088,external,avx512-vbmi,avx512-vbmi,x86_64,linux,0
1,commit-5-correction-amd-9950x3d,run-1,1,base64-0.23.0,decode,url-safe,unpadded,24,32,174762,3406563,1174.199550,external,avx512-vbmi,avx512-vbmi,x86_64,linux,0
1,commit-5-correction-amd-9950x3d,run-1,2,base64-0.23.0,decode,url-safe,unpadded,24,32,174762,3399930,1176.490322,external,avx512-vbmi,avx512-vbmi,x86_64,linux,0
1,commit-5-correction-amd-9950x3d,run-1,3,base64-0.23.0,decode,url-safe,unpadded,24,32,174762,3399270,1176.718749,external,avx512-vbmi,avx512-vbmi,x86_64,linux,0
1,commit-5-correction-amd-9950x3d,run-1,4,base64-0.23.0,decode,url-safe,unpadded,24,32,174762,3395011,1178.194928,external,avx512-vbmi,avx512-vbmi,x86_64,linux,0
1,commit-5-correction-amd-9950x3d,run-1,0,base64ct-1.8.3,encode,url-safe,unpadded,24,32,174762,3147996,1270.644798,external,avx512-vbmi,avx512-vbmi,x86_64,linux,0
1,commit-5-correction-amd-9950x3d,run-1,1,base64ct-1.8.3,encode,url-safe,unpadded,24,32,174762,3139710,1273.998153,external,avx512-vbmi,avx512-vbmi,x86_64,linux,0
1,commit-5-correction-amd-9950x3d,run-1,2,base64ct-1.8.3,encode,url-safe,unpadded,24,32,174762,3133800,1276.400773,external,avx512-vbmi,avx512-vbmi,x86_64,linux,0
1,commit-5-correction-amd-9950x3d,run-1,3,base64ct-1.8.3,encode,url-safe,unpadded,24,32,174762,3135883,1275.552928,external,avx512-vbmi,avx512-vbmi,x86_64,linux,0
1,commit-5-correction-amd-9950x3d,run-1,4,base64ct-1.8.3,encode,url-safe,unpadded,24,32,174762,3139610,1274.038731,external,avx512-vbmi,avx512-vbmi,x86_64,linux,0
1,commit-5-correction-amd-9950x3d,run-1,0,base64ct-1.8.3,decode,url-safe,unpadded,24,32,174762,7334567,545.360720,external,avx512-vbmi,avx512-vbmi,x86_64,linux,0
1,commit-5-correction-amd-9950x3d,run-1,1,base64ct-1.8.3,decode,url-safe,unpadded,24,32,174762,7315441,546.786549,external,avx512-vbmi,avx512-vbmi,x86_64,linux,0
1,commit-5-correction-amd-9950x3d,run-1,2,base64ct-1.8.3,decode,url-safe,unpadded,24,32,174762,7288180,548.831772,external,avx512-vbmi,avx512-vbmi,x86_64,linux,0
1,commit-5-correction-amd-9950x3d,run-1,3,base64ct-1.8.3,decode,url-safe,unpadded,24,32,174762,7234389,552.912588,external,avx512-vbmi,avx512-vbmi,x86_64,linux,0
1,commit-5-correction-amd-9950x3d,run-1,4,base64ct-1.8.3,decode,url-safe,unpadded,24,32,174762,7242034,552.328909,external,avx512-vbmi,avx512-vbmi,x86_64,linux,0
1,commit-5-correction-amd-9950x3d,run-1,0,base64-ng,encode,url-safe,unpadded,31,42,135300,12499530,320.011727,auto,avx512-vbmi,avx512-vbmi,x86_64,linux,0
1,commit-5-correction-amd-9950x3d,run-1,1,base64-ng,encode,url-safe,unpadded,31,42,135300,12589519,317.724306,auto,avx512-vbmi,avx512-vbmi,x86_64,linux,0
1,commit-5-correction-amd-9950x3d,run-1,2,base64-ng,encode,url-safe,unpadded,31,42,135300,12594339,317.602709,auto,avx512-vbmi,avx512-vbmi,x86_64,linux,0
1,commit-5-correction-amd-9950x3d,run-1,3,base64-ng,encode,url-safe,unpadded,31,42,135300,12587757,317.768780,auto,avx512-vbmi,avx512-vbmi,x86_64,linux,0
1,commit-5-correction-amd-9950x3d,run-1,4,base64-ng,encode,url-safe,unpadded,31,42,135300,12543624,318.886805,auto,avx512-vbmi,avx512-vbmi,x86_64,linux,0
1,commit-5-correction-amd-9950x3d,run-1,0,base64-ng,decode,url-safe,unpadded,31,42,135300,37908012,105.518490,auto,avx512-vbmi,avx512-vbmi,x86_64,linux,0
1,commit-5-correction-amd-9950x3d,run-1,1,base64-ng,decode,url-safe,unpadded,31,42,135300,37115179,107.772515,auto,avx512-vbmi,avx512-vbmi,x86_64,linux,0
1,commit-5-correction-amd-9950x3d,run-1,2,base64-ng,decode,url-safe,unpadded,31,42,135300,36249981,110.344780,auto,avx512-vbmi,avx512-vbmi,x86_64,linux,0
1,commit-5-correction-amd-9950x3d,run-1,3,base64-ng,decode,url-safe,unpadded,31,42,135300,36062698,110.917829,auto,avx512-vbmi,avx512-vbmi,x86_64,linux,0
1,commit-5-correction-amd-9950x3d,run-1,4,base64-ng,decode,url-safe,unpadded,31,42,135300,36127360,110.719305,auto,avx512-vbmi,avx512-vbmi,x86_64,linux,0
1,commit-5-correction-amd-9950x3d,run-1,0,base64-ng,encode,url-safe,unpadded,31,42,135300,12337646,324.210646,scalar,avx512-vbmi,avx512-vbmi,x86_64,linux,0
1,commit-5-correction-amd-9950x3d,run-1,1,base64-ng,encode,url-safe,unpadded,31,42,135300,12298702,325.237264,scalar,avx512-vbmi,avx512-vbmi,x86_64,linux,0
1,commit-5-correction-amd-9950x3d,run-1,2,base64-ng,encode,url-safe,unpadded,31,42,135300,12273314,325.910034,scalar,avx512-vbmi,avx512-vbmi,x86_64,linux,0
1,commit-5-correction-amd-9950x3d,run-1,3,base64-ng,encode,url-safe,unpadded,31,42,135300,12254729,326.404295,scalar,avx512-vbmi,avx512-vbmi,x86_64,linux,0
1,commit-5-correction-amd-9950x3d,run-1,4,base64-ng,encode,url-safe,unpadded,31,42,135300,12241524,326.756390,scalar,avx512-vbmi,avx512-vbmi,x86_64,linux,0
1,commit-5-correction-amd-9950x3d,run-1,0,base64-ng,decode,url-safe,unpadded,31,42,135300,15158666,263.875211,scalar,avx512-vbmi,avx512-vbmi,x86_64,linux,0
1,commit-5-correction-amd-9950x3d,run-1,1,base64-ng,decode,url-safe,unpadded,31,42,135300,15168865,263.697791,scalar,avx512-vbmi,avx512-vbmi,x86_64,linux,0
1,commit-5-correction-amd-9950x3d,run-1,2,base64-ng,decode,url-safe,unpadded,31,42,135300,15165609,263.754405,scalar,avx512-vbmi,avx512-vbmi,x86_64,linux,0
1,commit-5-correction-amd-9950x3d,run-1,3,base64-ng,decode,url-safe,unpadded,31,42,135300,15173334,263.620124,scalar,avx512-vbmi,avx512-vbmi,x86_64,linux,0
1,commit-5-correction-amd-9950x3d,run-1,4,base64-ng,decode,url-safe,unpadded,31,42,135300,15147496,264.069796,scalar,avx512-vbmi,avx512-vbmi,x86_64,linux,0
1,commit-5-correction-amd-9950x3d,run-1,0,base64-ng,encode,url-safe,unpadded,31,42,135300,15382087,260.042489,ssse3-sse4.1,avx512-vbmi,avx512-vbmi,x86_64,linux,0
1,commit-5-correction-amd-9950x3d,run-1,1,base64-ng,encode,url-safe,unpadded,31,42,135300,15439355,259.077933,ssse3-sse4.1,avx512-vbmi,avx512-vbmi,x86_64,linux,0
1,commit-5-correction-amd-9950x3d,run-1,2,base64-ng,encode,url-safe,unpadded,31,42,135300,15426791,259.288933,ssse3-sse4.1,avx512-vbmi,avx512-vbmi,x86_64,linux,0
1,commit-5-correction-amd-9950x3d,run-1,3,base64-ng,encode,url-safe,unpadded,31,42,135300,15512743,257.852282,ssse3-sse4.1,avx512-vbmi,avx512-vbmi,x86_64,linux,0
1,commit-5-correction-amd-9950x3d,run-1,4,base64-ng,encode,url-safe,unpadded,31,42,135300,15510819,257.884267,ssse3-sse4.1,avx512-vbmi,avx512-vbmi,x86_64,linux,0
1,commit-5-correction-amd-9950x3d,run-1,0,base64-ng,decode,url-safe,unpadded,31,42,135300,48478531,82.510672,ssse3-sse4.1,avx512-vbmi,avx512-vbmi,x86_64,linux,0
1,commit-5-correction-amd-9950x3d,run-1,1,base64-ng,decode,url-safe,unpadded,31,42,135300,48674750,82.178053,ssse3-sse4.1,avx512-vbmi,avx512-vbmi,x86_64,linux,0
1,commit-5-correction-amd-9950x3d,run-1,2,base64-ng,decode,url-safe,unpadded,31,42,135300,48348997,82.731730,ssse3-sse4.1,avx512-vbmi,avx512-vbmi,x86_64,linux,0
1,commit-5-correction-amd-9950x3d,run-1,3,base64-ng,decode,url-safe,unpadded,31,42,135300,48402258,82.640694,ssse3-sse4.1,avx512-vbmi,avx512-vbmi,x86_64,linux,0
1,commit-5-correction-amd-9950x3d,run-1,4,base64-ng,decode,url-safe,unpadded,31,42,135300,47797579,83.686167,ssse3-sse4.1,avx512-vbmi,avx512-vbmi,x86_64,linux,0
1,commit-5-correction-amd-9950x3d,run-1,0,base64-ng,encode,url-safe,unpadded,31,42,135300,10635982,376.081511,avx2,avx512-vbmi,avx512-vbmi,x86_64,linux,0
1,commit-5-correction-amd-9950x3d,run-1,1,base64-ng,encode,url-safe,unpadded,31,42,135300,10696526,373.952832,avx2,avx512-vbmi,avx512-vbmi,x86_64,linux,0
1,commit-5-correction-amd-9950x3d,run-1,2,base64-ng,encode,url-safe,unpadded,31,42,135300,10808087,370.092893,avx2,avx512-vbmi,avx512-vbmi,x86_64,linux,0
1,commit-5-correction-amd-9950x3d,run-1,3,base64-ng,encode,url-safe,unpadded,31,42,135300,10811844,369.964290,avx2,avx512-vbmi,avx512-vbmi,x86_64,linux,0
1,commit-5-correction-amd-9950x3d,run-1,4,base64-ng,encode,url-safe,unpadded,31,42,135300,10778520,371.108110,avx2,avx512-vbmi,avx512-vbmi,x86_64,linux,0
1,commit-5-correction-amd-9950x3d,run-1,0,base64-ng,decode,url-safe,unpadded,31,42,135300,35586492,112.402093,avx2,avx512-vbmi,avx512-vbmi,x86_64,linux,0
1,commit-5-correction-amd-9950x3d,run-1,1,base64-ng,decode,url-safe,unpadded,31,42,135300,35379452,113.059868,avx2,avx512-vbmi,avx512-vbmi,x86_64,linux,0
1,commit-5-correction-amd-9950x3d,run-1,2,base64-ng,decode,url-safe,unpadded,31,42,135300,35583386,112.411904,avx2,avx512-vbmi,avx512-vbmi,x86_64,linux,0
1,commit-5-correction-amd-9950x3d,run-1,3,base64-ng,decode,url-safe,unpadded,31,42,135300,35504217,112.662566,avx2,avx512-vbmi,avx512-vbmi,x86_64,linux,0
1,commit-5-correction-amd-9950x3d,run-1,4,base64-ng,decode,url-safe,unpadded,31,42,135300,35614615,112.313335,avx2,avx512-vbmi,avx512-vbmi,x86_64,linux,0
1,commit-5-correction-amd-9950x3d,run-1,0,base64-ng,encode,url-safe,unpadded,31,42,135300,12564744,318.350791,avx512-vbmi,avx512-vbmi,avx512-vbmi,x86_64,linux,0
1,commit-5-correction-amd-9950x3d,run-1,1,base64-ng,encode,url-safe,unpadded,31,42,135300,12560675,318.453919,avx512-vbmi,avx512-vbmi,avx512-vbmi,x86_64,linux,0
1,commit-5-correction-amd-9950x3d,run-1,2,base64-ng,encode,url-safe,unpadded,31,42,135300,12577878,318.018364,avx512-vbmi,avx512-vbmi,avx512-vbmi,x86_64,linux,0
1,commit-5-correction-amd-9950x3d,run-1,3,base64-ng,encode,url-safe,unpadded,31,42,135300,12583067,317.887220,avx512-vbmi,avx512-vbmi,avx512-vbmi,x86_64,linux,0
1,commit-5-correction-amd-9950x3d,run-1,4,base64-ng,encode,url-safe,unpadded,31,42,135300,12575694,318.073594,avx512-vbmi,avx512-vbmi,avx512-vbmi,x86_64,linux,0
1,commit-5-correction-amd-9950x3d,run-1,0,base64-ng,decode,url-safe,unpadded,31,42,135300,36750693,108.841381,avx512-vbmi,avx512-vbmi,avx512-vbmi,x86_64,linux,0
1,commit-5-correction-amd-9950x3d,run-1,1,base64-ng,decode,url-safe,unpadded,31,42,135300,35858704,111.548822,avx512-vbmi,avx512-vbmi,avx512-vbmi,x86_64,linux,0
1,commit-5-correction-amd-9950x3d,run-1,2,base64-ng,decode,url-safe,unpadded,31,42,135300,35652345,112.194477,avx512-vbmi,avx512-vbmi,avx512-vbmi,x86_64,linux,0
1,commit-5-correction-amd-9950x3d,run-1,3,base64-ng,decode,url-safe,unpadded,31,42,135300,35733859,111.938545,avx512-vbmi,avx512-vbmi,avx512-vbmi,x86_64,linux,0
1,commit-5-correction-amd-9950x3d,run-1,4,base64-ng,decode,url-safe,unpadded,31,42,135300,35845450,111.590068,avx512-vbmi,avx512-vbmi,avx512-vbmi,x86_64,linux,0
1,commit-5-correction-amd-9950x3d,run-1,0,base64-0.23.0,encode,url-safe,unpadded,31,42,135300,1829123,2186.838275,external,avx512-vbmi,avx512-vbmi,x86_64,linux,0
1,commit-5-correction-amd-9950x3d,run-1,1,base64-0.23.0,encode,url-safe,unpadded,31,42,135300,1827961,2188.228406,external,avx512-vbmi,avx512-vbmi,x86_64,linux,0
1,commit-5-correction-amd-9950x3d,run-1,2,base64-0.23.0,encode,url-safe,unpadded,31,42,135300,1822140,2195.218910,external,avx512-vbmi,avx512-vbmi,x86_64,linux,0
1,commit-5-correction-amd-9950x3d,run-1,3,base64-0.23.0,encode,url-safe,unpadded,31,42,135300,1824284,2192.638967,external,avx512-vbmi,avx512-vbmi,x86_64,linux,0
1,commit-5-correction-amd-9950x3d,run-1,4,base64-0.23.0,encode,url-safe,unpadded,31,42,135300,1829525,2186.357762,external,avx512-vbmi,avx512-vbmi,x86_64,linux,0
1,commit-5-correction-amd-9950x3d,run-1,0,base64-0.23.0,decode,url-safe,unpadded,31,42,135300,2825870,1415.491932,external,avx512-vbmi,avx512-vbmi,x86_64,linux,0
1,commit-5-correction-amd-9950x3d,run-1,1,base64-0.23.0,decode,url-safe,unpadded,31,42,135300,2815430,1420.740770,external,avx512-vbmi,avx512-vbmi,x86_64,linux,0
1,commit-5-correction-amd-9950x3d,run-1,2,base64-0.23.0,decode,url-safe,unpadded,31,42,135300,2832262,1412.297374,external,avx512-vbmi,avx512-vbmi,x86_64,linux,0
1,commit-5-correction-amd-9950x3d,run-1,3,base64-0.23.0,decode,url-safe,unpadded,31,42,135300,2839115,1408.888398,external,avx512-vbmi,avx512-vbmi,x86_64,linux,0
1,commit-5-correction-amd-9950x3d,run-1,4,base64-0.23.0,decode,url-safe,unpadded,31,42,135300,2840117,1408.391339,external,avx512-vbmi,avx512-vbmi,x86_64,linux,0
1,commit-5-correction-amd-9950x3d,run-1,0,base64ct-1.8.3,encode,url-safe,unpadded,31,42,135300,2781547,1438.047312,external,avx512-vbmi,avx512-vbmi,x86_64,linux,0
1,commit-5-correction-amd-9950x3d,run-1,1,base64ct-1.8.3,encode,url-safe,unpadded,31,42,135300,2775675,1441.089531,external,avx512-vbmi,avx512-vbmi,x86_64,linux,0
1,commit-5-correction-amd-9950x3d,run-1,2,base64ct-1.8.3,encode,url-safe,unpadded,31,42,135300,2778380,1439.686503,external,avx512-vbmi,avx512-vbmi,x86_64,linux,0
1,commit-5-correction-amd-9950x3d,run-1,3,base64ct-1.8.3,encode,url-safe,unpadded,31,42,135300,2771027,1443.506752,external,avx512-vbmi,avx512-vbmi,x86_64,linux,0
1,commit-5-correction-amd-9950x3d,run-1,4,base64ct-1.8.3,encode,url-safe,unpadded,31,42,135300,2770205,1443.935083,external,avx512-vbmi,avx512-vbmi,x86_64,linux,0
1,commit-5-correction-amd-9950x3d,run-1,0,base64ct-1.8.3,decode,url-safe,unpadded,31,42,135300,7871598,508.155547,external,avx512-vbmi,avx512-vbmi,x86_64,linux,0
1,commit-5-correction-amd-9950x3d,run-1,1,base64ct-1.8.3,decode,url-safe,unpadded,31,42,135300,7915160,505.358854,external,avx512-vbmi,avx512-vbmi,x86_64,linux,0
1,commit-5-correction-amd-9950x3d,run-1,2,base64ct-1.8.3,decode,url-safe,unpadded,31,42,135300,7879303,507.658632,external,avx512-vbmi,avx512-vbmi,x86_64,linux,0
1,commit-5-correction-amd-9950x3d,run-1,3,base64ct-1.8.3,decode,url-safe,unpadded,31,42,135300,7891756,506.857559,external,avx512-vbmi,avx512-vbmi,x86_64,linux,0
1,commit-5-correction-amd-9950x3d,run-1,4,base64ct-1.8.3,decode,url-safe,unpadded,31,42,135300,7921782,504.936413,external,avx512-vbmi,avx512-vbmi,x86_64,linux,0
1,commit-5-correction-amd-9950x3d,run-1,0,base64-ng,encode,url-safe,unpadded,32,43,131072,12420562,322.046619,auto,avx512-vbmi,avx512-vbmi,x86_64,linux,0
1,commit-5-correction-amd-9950x3d,run-1,1,base64-ng,encode,url-safe,unpadded,32,43,131072,12271321,325.963276,auto,avx512-vbmi,avx512-vbmi,x86_64,linux,0
1,commit-5-correction-amd-9950x3d,run-1,2,base64-ng,encode,url-safe,unpadded,32,43,131072,12211939,327.548312,auto,avx512-vbmi,avx512-vbmi,x86_64,linux,0
1,commit-5-correction-amd-9950x3d,run-1,3,base64-ng,encode,url-safe,unpadded,32,43,131072,14166398,282.358296,auto,avx512-vbmi,avx512-vbmi,x86_64,linux,0
1,commit-5-correction-amd-9950x3d,run-1,4,base64-ng,encode,url-safe,unpadded,32,43,131072,12492507,320.191936,auto,avx512-vbmi,avx512-vbmi,x86_64,linux,0
1,commit-5-correction-amd-9950x3d,run-1,0,base64-ng,decode,url-safe,unpadded,32,43,131072,35571483,112.449627,auto,avx512-vbmi,avx512-vbmi,x86_64,linux,0
1,commit-5-correction-amd-9950x3d,run-1,1,base64-ng,decode,url-safe,unpadded,32,43,131072,35442351,112.859330,auto,avx512-vbmi,avx512-vbmi,x86_64,linux,0
1,commit-5-correction-amd-9950x3d,run-1,2,base64-ng,decode,url-safe,unpadded,32,43,131072,35444936,112.851100,auto,avx512-vbmi,avx512-vbmi,x86_64,linux,0
1,commit-5-correction-amd-9950x3d,run-1,3,base64-ng,decode,url-safe,unpadded,32,43,131072,35586942,112.400779,auto,avx512-vbmi,avx512-vbmi,x86_64,linux,0
1,commit-5-correction-amd-9950x3d,run-1,4,base64-ng,decode,url-safe,unpadded,32,43,131072,35464111,112.790082,auto,avx512-vbmi,avx512-vbmi,x86_64,linux,0
1,commit-5-correction-amd-9950x3d,run-1,0,base64-ng,encode,url-safe,unpadded,32,43,131072,12211228,327.567383,scalar,avx512-vbmi,avx512-vbmi,x86_64,linux,0
1,commit-5-correction-amd-9950x3d,run-1,1,base64-ng,encode,url-safe,unpadded,32,43,131072,12207792,327.659580,scalar,avx512-vbmi,avx512-vbmi,x86_64,linux,0
1,commit-5-correction-amd-9950x3d,run-1,2,base64-ng,encode,url-safe,unpadded,32,43,131072,12207060,327.679228,scalar,avx512-vbmi,avx512-vbmi,x86_64,linux,0
1,commit-5-correction-amd-9950x3d,run-1,3,base64-ng,encode,url-safe,unpadded,32,43,131072,12242106,326.741167,scalar,avx512-vbmi,avx512-vbmi,x86_64,linux,0
1,commit-5-correction-amd-9950x3d,run-1,4,base64-ng,encode,url-safe,unpadded,32,43,131072,12217610,327.396275,scalar,avx512-vbmi,avx512-vbmi,x86_64,linux,0
1,commit-5-correction-amd-9950x3d,run-1,0,base64-ng,decode,url-safe,unpadded,32,43,131072,15002111,266.629143,scalar,avx512-vbmi,avx512-vbmi,x86_64,linux,0
1,commit-5-correction-amd-9950x3d,run-1,1,base64-ng,decode,url-safe,unpadded,32,43,131072,14990129,266.842267,scalar,avx512-vbmi,avx512-vbmi,x86_64,linux,0
1,commit-5-correction-amd-9950x3d,run-1,2,base64-ng,decode,url-safe,unpadded,32,43,131072,15016388,266.375642,scalar,avx512-vbmi,avx512-vbmi,x86_64,linux,0
1,commit-5-correction-amd-9950x3d,run-1,3,base64-ng,decode,url-safe,unpadded,32,43,131072,15083095,265.197561,scalar,avx512-vbmi,avx512-vbmi,x86_64,linux,0
1,commit-5-correction-amd-9950x3d,run-1,4,base64-ng,decode,url-safe,unpadded,32,43,131072,15178293,263.534246,scalar,avx512-vbmi,avx512-vbmi,x86_64,linux,0
1,commit-5-correction-amd-9950x3d,run-1,0,base64-ng,encode,url-safe,unpadded,32,43,131072,15302377,261.397298,ssse3-sse4.1,avx512-vbmi,avx512-vbmi,x86_64,linux,0
1,commit-5-correction-amd-9950x3d,run-1,1,base64-ng,encode,url-safe,unpadded,32,43,131072,15394911,259.826120,ssse3-sse4.1,avx512-vbmi,avx512-vbmi,x86_64,linux,0
1,commit-5-correction-amd-9950x3d,run-1,2,base64-ng,encode,url-safe,unpadded,32,43,131072,15281047,261.762169,ssse3-sse4.1,avx512-vbmi,avx512-vbmi,x86_64,linux,0
1,commit-5-correction-amd-9950x3d,run-1,3,base64-ng,encode,url-safe,unpadded,32,43,131072,15290074,261.607629,ssse3-sse4.1,avx512-vbmi,avx512-vbmi,x86_64,linux,0
1,commit-5-correction-amd-9950x3d,run-1,4,base64-ng,encode,url-safe,unpadded,32,43,131072,15312686,261.221317,ssse3-sse4.1,avx512-vbmi,avx512-vbmi,x86_64,linux,0
1,commit-5-correction-amd-9950x3d,run-1,0,base64-ng,decode,url-safe,unpadded,32,43,131072,47170078,84.799521,ssse3-sse4.1,avx512-vbmi,avx512-vbmi,x86_64,linux,0
1,commit-5-correction-amd-9950x3d,run-1,1,base64-ng,decode,url-safe,unpadded,32,43,131072,47147976,84.839273,ssse3-sse4.1,avx512-vbmi,avx512-vbmi,x86_64,linux,0
1,commit-5-correction-amd-9950x3d,run-1,2,base64-ng,decode,url-safe,unpadded,32,43,131072,47257182,84.643219,ssse3-sse4.1,avx512-vbmi,avx512-vbmi,x86_64,linux,0
1,commit-5-correction-amd-9950x3d,run-1,3,base64-ng,decode,url-safe,unpadded,32,43,131072,46565881,85.899803,ssse3-sse4.1,avx512-vbmi,avx512-vbmi,x86_64,linux,0
1,commit-5-correction-amd-9950x3d,run-1,4,base64-ng,decode,url-safe,unpadded,32,43,131072,47320861,84.529316,ssse3-sse4.1,avx512-vbmi,avx512-vbmi,x86_64,linux,0
1,commit-5-correction-amd-9950x3d,run-1,0,base64-ng,encode,url-safe,unpadded,32,43,131072,11085088,360.845128,avx2,avx512-vbmi,avx512-vbmi,x86_64,linux,0
1,commit-5-correction-amd-9950x3d,run-1,1,base64-ng,encode,url-safe,unpadded,32,43,131072,10849654,368.675351,avx2,avx512-vbmi,avx512-vbmi,x86_64,linux,0
1,commit-5-correction-amd-9950x3d,run-1,2,base64-ng,encode,url-safe,unpadded,32,43,131072,10871956,367.919075,avx2,avx512-vbmi,avx512-vbmi,x86_64,linux,0
1,commit-5-correction-amd-9950x3d,run-1,3,base64-ng,encode,url-safe,unpadded,32,43,131072,12107352,330.377774,avx2,avx512-vbmi,avx512-vbmi,x86_64,linux,0
1,commit-5-correction-amd-9950x3d,run-1,4,base64-ng,encode,url-safe,unpadded,32,43,131072,11925459,335.416859,avx2,avx512-vbmi,avx512-vbmi,x86_64,linux,0
1,commit-5-correction-amd-9950x3d,run-1,0,base64-ng,decode,url-safe,unpadded,32,43,131072,34942930,114.472370,avx2,avx512-vbmi,avx512-vbmi,x86_64,linux,0
1,commit-5-correction-amd-9950x3d,run-1,1,base64-ng,decode,url-safe,unpadded,32,43,131072,34780605,115.006625,avx2,avx512-vbmi,avx512-vbmi,x86_64,linux,0
1,commit-5-correction-amd-9950x3d,run-1,2,base64-ng,decode,url-safe,unpadded,32,43,131072,34875153,114.694837,avx2,avx512-vbmi,avx512-vbmi,x86_64,linux,0
1,commit-5-correction-amd-9950x3d,run-1,3,base64-ng,decode,url-safe,unpadded,32,43,131072,34837091,114.820150,avx2,avx512-vbmi,avx512-vbmi,x86_64,linux,0
1,commit-5-correction-amd-9950x3d,run-1,4,base64-ng,decode,url-safe,unpadded,32,43,131072,34746471,115.119605,avx2,avx512-vbmi,avx512-vbmi,x86_64,linux,0
1,commit-5-correction-amd-9950x3d,run-1,0,base64-ng,encode,url-safe,unpadded,32,43,131072,12533314,319.149428,avx512-vbmi,avx512-vbmi,avx512-vbmi,x86_64,linux,0
1,commit-5-correction-amd-9950x3d,run-1,1,base64-ng,encode,url-safe,unpadded,32,43,131072,12519839,319.492926,avx512-vbmi,avx512-vbmi,avx512-vbmi,x86_64,linux,0
1,commit-5-correction-amd-9950x3d,run-1,2,base64-ng,encode,url-safe,unpadded,32,43,131072,12552510,318.661367,avx512-vbmi,avx512-vbmi,avx512-vbmi,x86_64,linux,0
1,commit-5-correction-amd-9950x3d,run-1,3,base64-ng,encode,url-safe,unpadded,32,43,131072,12589129,317.734452,avx512-vbmi,avx512-vbmi,avx512-vbmi,x86_64,linux,0
1,commit-5-correction-amd-9950x3d,run-1,4,base64-ng,encode,url-safe,unpadded,32,43,131072,12607584,317.269352,avx512-vbmi,avx512-vbmi,avx512-vbmi,x86_64,linux,0
1,commit-5-correction-amd-9950x3d,run-1,0,base64-ng,decode,url-safe,unpadded,32,43,131072,35431971,112.892393,avx512-vbmi,avx512-vbmi,avx512-vbmi,x86_64,linux,0
1,commit-5-correction-amd-9950x3d,run-1,1,base64-ng,decode,url-safe,unpadded,32,43,131072,35507352,112.652726,avx512-vbmi,avx512-vbmi,avx512-vbmi,x86_64,linux,0
1,commit-5-correction-amd-9950x3d,run-1,2,base64-ng,decode,url-safe,unpadded,32,43,131072,35250951,113.472116,avx512-vbmi,avx512-vbmi,avx512-vbmi,x86_64,linux,0
1,commit-5-correction-amd-9950x3d,run-1,3,base64-ng,decode,url-safe,unpadded,32,43,131072,34904078,114.599790,avx512-vbmi,avx512-vbmi,avx512-vbmi,x86_64,linux,0
1,commit-5-correction-amd-9950x3d,run-1,4,base64-ng,decode,url-safe,unpadded,32,43,131072,35335459,113.200737,avx512-vbmi,avx512-vbmi,avx512-vbmi,x86_64,linux,0
1,commit-5-correction-amd-9950x3d,run-1,0,base64-0.23.0,encode,url-safe,unpadded,32,43,131072,1831548,2183.944947,external,avx512-vbmi,avx512-vbmi,x86_64,linux,0
1,commit-5-correction-amd-9950x3d,run-1,1,base64-0.23.0,encode,url-safe,unpadded,32,43,131072,1818754,2199.307878,external,avx512-vbmi,avx512-vbmi,x86_64,linux,0
1,commit-5-correction-amd-9950x3d,run-1,2,base64-0.23.0,encode,url-safe,unpadded,32,43,131072,1829033,2186.947966,external,avx512-vbmi,avx512-vbmi,x86_64,linux,0
1,commit-5-correction-amd-9950x3d,run-1,3,base64-0.23.0,encode,url-safe,unpadded,32,43,131072,1811329,2208.323281,external,avx512-vbmi,avx512-vbmi,x86_64,linux,0
1,commit-5-correction-amd-9950x3d,run-1,4,base64-0.23.0,encode,url-safe,unpadded,32,43,131072,1823373,2193.736553,external,avx512-vbmi,avx512-vbmi,x86_64,linux,0
1,commit-5-correction-amd-9950x3d,run-1,0,base64-0.23.0,decode,url-safe,unpadded,32,43,131072,2768081,1445.044419,external,avx512-vbmi,avx512-vbmi,x86_64,linux,0
1,commit-5-correction-amd-9950x3d,run-1,1,base64-0.23.0,decode,url-safe,unpadded,32,43,131072,2783610,1436.982911,external,avx512-vbmi,avx512-vbmi,x86_64,linux,0
1,commit-5-correction-amd-9950x3d,run-1,2,base64-0.23.0,decode,url-safe,unpadded,32,43,131072,2777970,1439.900359,external,avx512-vbmi,avx512-vbmi,x86_64,linux,0
1,commit-5-correction-amd-9950x3d,run-1,3,base64-0.23.0,decode,url-safe,unpadded,32,43,131072,2784672,1436.434884,external,avx512-vbmi,avx512-vbmi,x86_64,linux,0
1,commit-5-correction-amd-9950x3d,run-1,4,base64-0.23.0,decode,url-safe,unpadded,32,43,131072,2790453,1433.459012,external,avx512-vbmi,avx512-vbmi,x86_64,linux,0
1,commit-5-correction-amd-9950x3d,run-1,0,base64ct-1.8.3,encode,url-safe,unpadded,32,43,131072,2655469,1506.325248,external,avx512-vbmi,avx512-vbmi,x86_64,linux,0
1,commit-5-correction-amd-9950x3d,run-1,1,base64ct-1.8.3,encode,url-safe,unpadded,32,43,131072,2661701,1502.798398,external,avx512-vbmi,avx512-vbmi,x86_64,linux,0
1,commit-5-correction-amd-9950x3d,run-1,2,base64ct-1.8.3,encode,url-safe,unpadded,32,43,131072,2672471,1496.742154,external,avx512-vbmi,avx512-vbmi,x86_64,linux,0
1,commit-5-correction-amd-9950x3d,run-1,3,base64ct-1.8.3,encode,url-safe,unpadded,32,43,131072,2658204,1504.775405,external,avx512-vbmi,avx512-vbmi,x86_64,linux,0
1,commit-5-correction-amd-9950x3d,run-1,4,base64ct-1.8.3,encode,url-safe,unpadded,32,43,131072,2667561,1499.497106,external,avx512-vbmi,avx512-vbmi,x86_64,linux,0
1,commit-5-correction-amd-9950x3d,run-1,0,base64ct-1.8.3,decode,url-safe,unpadded,32,43,131072,7855228,509.215009,external,avx512-vbmi,avx512-vbmi,x86_64,linux,0
1,commit-5-correction-amd-9950x3d,run-1,1,base64ct-1.8.3,decode,url-safe,unpadded,32,43,131072,7784855,513.818176,external,avx512-vbmi,avx512-vbmi,x86_64,linux,0
1,commit-5-correction-amd-9950x3d,run-1,2,base64ct-1.8.3,decode,url-safe,unpadded,32,43,131072,7807889,512.302365,external,avx512-vbmi,avx512-vbmi,x86_64,linux,0
1,commit-5-correction-amd-9950x3d,run-1,3,base64ct-1.8.3,decode,url-safe,unpadded,32,43,131072,7839177,510.257646,external,avx512-vbmi,avx512-vbmi,x86_64,linux,0
1,commit-5-correction-amd-9950x3d,run-1,4,base64ct-1.8.3,decode,url-safe,unpadded,32,43,131072,7902757,506.152473,external,avx512-vbmi,avx512-vbmi,x86_64,linux,0
1,commit-5-correction-amd-9950x3d,run-1,0,base64-ng,encode,url-safe,unpadded,47,63,89240,12143952,329.380181,auto,avx512-vbmi,avx512-vbmi,x86_64,linux,0
1,commit-5-correction-amd-9950x3d,run-1,1,base64-ng,encode,url-safe,unpadded,47,63,89240,12153930,329.109770,auto,avx512-vbmi,avx512-vbmi,x86_64,linux,0
1,commit-5-correction-amd-9950x3d,run-1,2,base64-ng,encode,url-safe,unpadded,47,63,89240,12134132,329.646745,auto,avx512-vbmi,avx512-vbmi,x86_64,linux,0
1,commit-5-correction-amd-9950x3d,run-1,3,base64-ng,encode,url-safe,unpadded,47,63,89240,12173125,328.590819,auto,avx512-vbmi,avx512-vbmi,x86_64,linux,0
1,commit-5-correction-amd-9950x3d,run-1,4,base64-ng,encode,url-safe,unpadded,47,63,89240,12098214,330.625422,auto,avx512-vbmi,avx512-vbmi,x86_64,linux,0
1,commit-5-correction-amd-9950x3d,run-1,0,base64-ng,decode,url-safe,unpadded,47,63,89240,41077850,97.375523,auto,avx512-vbmi,avx512-vbmi,x86_64,linux,0
1,commit-5-correction-amd-9950x3d,run-1,1,base64-ng,decode,url-safe,unpadded,47,63,89240,41195100,97.098371,auto,avx512-vbmi,avx512-vbmi,x86_64,linux,0
1,commit-5-correction-amd-9950x3d,run-1,2,base64-ng,decode,url-safe,unpadded,47,63,89240,41175473,97.144655,auto,avx512-vbmi,avx512-vbmi,x86_64,linux,0
1,commit-5-correction-amd-9950x3d,run-1,3,base64-ng,decode,url-safe,unpadded,47,63,89240,41250815,96.967226,auto,avx512-vbmi,avx512-vbmi,x86_64,linux,0
1,commit-5-correction-amd-9950x3d,run-1,4,base64-ng,decode,url-safe,unpadded,47,63,89240,41206362,97.071834,auto,avx512-vbmi,avx512-vbmi,x86_64,linux,0
1,commit-5-correction-amd-9950x3d,run-1,0,base64-ng,encode,url-safe,unpadded,47,63,89240,11970625,334.149396,scalar,avx512-vbmi,avx512-vbmi,x86_64,linux,0
1,commit-5-correction-amd-9950x3d,run-1,1,base64-ng,encode,url-safe,unpadded,47,63,89240,11962459,334.377498,scalar,avx512-vbmi,avx512-vbmi,x86_64,linux,0
1,commit-5-correction-amd-9950x3d,run-1,2,base64-ng,encode,url-safe,unpadded,47,63,89240,11999239,333.352566,scalar,avx512-vbmi,avx512-vbmi,x86_64,linux,0
1,commit-5-correction-amd-9950x3d,run-1,3,base64-ng,encode,url-safe,unpadded,47,63,89240,12041909,332.171345,scalar,avx512-vbmi,avx512-vbmi,x86_64,linux,0
1,commit-5-correction-amd-9950x3d,run-1,4,base64-ng,encode,url-safe,unpadded,47,63,89240,12052448,331.880885,scalar,avx512-vbmi,avx512-vbmi,x86_64,linux,0
1,commit-5-correction-amd-9950x3d,run-1,0,base64-ng,decode,url-safe,unpadded,47,63,89240,14856167,269.246914,scalar,avx512-vbmi,avx512-vbmi,x86_64,linux,0
1,commit-5-correction-amd-9950x3d,run-1,1,base64-ng,decode,url-safe,unpadded,47,63,89240,14883378,268.754654,scalar,avx512-vbmi,avx512-vbmi,x86_64,linux,0
1,commit-5-correction-amd-9950x3d,run-1,2,base64-ng,decode,url-safe,unpadded,47,63,89240,14828856,269.742798,scalar,avx512-vbmi,avx512-vbmi,x86_64,linux,0
1,commit-5-correction-amd-9950x3d,run-1,3,base64-ng,decode,url-safe,unpadded,47,63,89240,14826040,269.794032,scalar,avx512-vbmi,avx512-vbmi,x86_64,linux,0
1,commit-5-correction-amd-9950x3d,run-1,4,base64-ng,decode,url-safe,unpadded,47,63,89240,14884360,268.736923,scalar,avx512-vbmi,avx512-vbmi,x86_64,linux,0
1,commit-5-correction-amd-9950x3d,run-1,0,base64-ng,encode,url-safe,unpadded,47,63,89240,15138158,264.231428,ssse3-sse4.1,avx512-vbmi,avx512-vbmi,x86_64,linux,0
1,commit-5-correction-amd-9950x3d,run-1,1,base64-ng,encode,url-safe,unpadded,47,63,89240,15148497,264.051088,ssse3-sse4.1,avx512-vbmi,avx512-vbmi,x86_64,linux,0
1,commit-5-correction-amd-9950x3d,run-1,2,base64-ng,encode,url-safe,unpadded,47,63,89240,15099735,264.903795,ssse3-sse4.1,avx512-vbmi,avx512-vbmi,x86_64,linux,0
1,commit-5-correction-amd-9950x3d,run-1,3,base64-ng,encode,url-safe,unpadded,47,63,89240,15740511,254.119902,ssse3-sse4.1,avx512-vbmi,avx512-vbmi,x86_64,linux,0
1,commit-5-correction-amd-9950x3d,run-1,4,base64-ng,encode,url-safe,unpadded,47,63,89240,16675001,239.878673,ssse3-sse4.1,avx512-vbmi,avx512-vbmi,x86_64,linux,0
1,commit-5-correction-amd-9950x3d,run-1,0,base64-ng,decode,url-safe,unpadded,47,63,89240,47436740,84.322344,ssse3-sse4.1,avx512-vbmi,avx512-vbmi,x86_64,linux,0
1,commit-5-correction-amd-9950x3d,run-1,1,base64-ng,decode,url-safe,unpadded,47,63,89240,46916511,85.257344,ssse3-sse4.1,avx512-vbmi,avx512-vbmi,x86_64,linux,0
1,commit-5-correction-amd-9950x3d,run-1,2,base64-ng,decode,url-safe,unpadded,47,63,89240,47263794,84.630893,ssse3-sse4.1,avx512-vbmi,avx512-vbmi,x86_64,linux,0
1,commit-5-correction-amd-9950x3d,run-1,3,base64-ng,decode,url-safe,unpadded,47,63,89240,47421011,84.350313,ssse3-sse4.1,avx512-vbmi,avx512-vbmi,x86_64,linux,0
1,commit-5-correction-amd-9950x3d,run-1,4,base64-ng,decode,url-safe,unpadded,47,63,89240,47159438,84.818168,ssse3-sse4.1,avx512-vbmi,avx512-vbmi,x86_64,linux,0
1,commit-5-correction-amd-9950x3d,run-1,0,base64-ng,encode,url-safe,unpadded,47,63,89240,10834656,369.183582,avx2,avx512-vbmi,avx512-vbmi,x86_64,linux,0
1,commit-5-correction-amd-9950x3d,run-1,1,base64-ng,encode,url-safe,unpadded,47,63,89240,10812164,369.951576,avx2,avx512-vbmi,avx512-vbmi,x86_64,linux,0
1,commit-5-correction-amd-9950x3d,run-1,2,base64-ng,encode,url-safe,unpadded,47,63,89240,10771217,371.357954,avx2,avx512-vbmi,avx512-vbmi,x86_64,linux,0
1,commit-5-correction-amd-9950x3d,run-1,3,base64-ng,encode,url-safe,unpadded,47,63,89240,10806704,370.138491,avx2,avx512-vbmi,avx512-vbmi,x86_64,linux,0
1,commit-5-correction-amd-9950x3d,run-1,4,base64-ng,encode,url-safe,unpadded,47,63,89240,10778872,371.094221,avx2,avx512-vbmi,avx512-vbmi,x86_64,linux,0
1,commit-5-correction-amd-9950x3d,run-1,0,base64-ng,decode,url-safe,unpadded,47,63,89240,41423941,96.561964,avx2,avx512-vbmi,avx512-vbmi,x86_64,linux,0
1,commit-5-correction-amd-9950x3d,run-1,1,base64-ng,decode,url-safe,unpadded,47,63,89240,40272363,99.323129,avx2,avx512-vbmi,avx512-vbmi,x86_64,linux,0
1,commit-5-correction-amd-9950x3d,run-1,2,base64-ng,decode,url-safe,unpadded,47,63,89240,40161955,99.596175,avx2,avx512-vbmi,avx512-vbmi,x86_64,linux,0
1,commit-5-correction-amd-9950x3d,run-1,3,base64-ng,decode,url-safe,unpadded,47,63,89240,40393121,99.026196,avx2,avx512-vbmi,avx512-vbmi,x86_64,linux,0
1,commit-5-correction-amd-9950x3d,run-1,4,base64-ng,decode,url-safe,unpadded,47,63,89240,40071084,99.822034,avx2,avx512-vbmi,avx512-vbmi,x86_64,linux,0
1,commit-5-correction-amd-9950x3d,run-1,0,base64-ng,encode,url-safe,unpadded,47,63,89240,12143981,329.379395,avx512-vbmi,avx512-vbmi,avx512-vbmi,x86_64,linux,0
1,commit-5-correction-amd-9950x3d,run-1,1,base64-ng,encode,url-safe,unpadded,47,63,89240,13230697,302.325502,avx512-vbmi,avx512-vbmi,avx512-vbmi,x86_64,linux,0
1,commit-5-correction-amd-9950x3d,run-1,2,base64-ng,encode,url-safe,unpadded,47,63,89240,11827836,338.183342,avx512-vbmi,avx512-vbmi,avx512-vbmi,x86_64,linux,0
1,commit-5-correction-amd-9950x3d,run-1,3,base64-ng,encode,url-safe,unpadded,47,63,89240,12117220,330.106832,avx512-vbmi,avx512-vbmi,avx512-vbmi,x86_64,linux,0
1,commit-5-correction-amd-9950x3d,run-1,4,base64-ng,encode,url-safe,unpadded,47,63,89240,12532733,319.162398,avx512-vbmi,avx512-vbmi,avx512-vbmi,x86_64,linux,0
1,commit-5-correction-amd-9950x3d,run-1,0,base64-ng,decode,url-safe,unpadded,47,63,89240,40490684,98.787591,avx512-vbmi,avx512-vbmi,avx512-vbmi,x86_64,linux,0
1,commit-5-correction-amd-9950x3d,run-1,1,base64-ng,decode,url-safe,unpadded,47,63,89240,40538584,98.670864,avx512-vbmi,avx512-vbmi,avx512-vbmi,x86_64,linux,0
1,commit-5-correction-amd-9950x3d,run-1,2,base64-ng,decode,url-safe,unpadded,47,63,89240,40720947,98.228981,avx512-vbmi,avx512-vbmi,avx512-vbmi,x86_64,linux,0
1,commit-5-correction-amd-9950x3d,run-1,3,base64-ng,decode,url-safe,unpadded,47,63,89240,40697694,98.285105,avx512-vbmi,avx512-vbmi,avx512-vbmi,x86_64,linux,0
1,commit-5-correction-amd-9950x3d,run-1,4,base64-ng,decode,url-safe,unpadded,47,63,89240,40603656,98.512733,avx512-vbmi,avx512-vbmi,avx512-vbmi,x86_64,linux,0
1,commit-5-correction-amd-9950x3d,run-1,0,base64-0.23.0,encode,url-safe,unpadded,47,63,89240,1711251,2337.457867,external,avx512-vbmi,avx512-vbmi,x86_64,linux,0
1,commit-5-correction-amd-9950x3d,run-1,1,base64-0.23.0,encode,url-safe,unpadded,47,63,89240,1714377,2333.195739,external,avx512-vbmi,avx512-vbmi,x86_64,linux,0
1,commit-5-correction-amd-9950x3d,run-1,2,base64-0.23.0,encode,url-safe,unpadded,47,63,89240,1711832,2336.664528,external,avx512-vbmi,avx512-vbmi,x86_64,linux,0
1,commit-5-correction-amd-9950x3d,run-1,3,base64-0.23.0,encode,url-safe,unpadded,47,63,89240,1703627,2347.918360,external,avx512-vbmi,avx512-vbmi,x86_64,linux,0
1,commit-5-correction-amd-9950x3d,run-1,4,base64-0.23.0,encode,url-safe,unpadded,47,63,89240,1712814,2335.324858,external,avx512-vbmi,avx512-vbmi,x86_64,linux,0
1,commit-5-correction-amd-9950x3d,run-1,0,base64-0.23.0,decode,url-safe,unpadded,47,63,89240,2263311,1767.312186,external,avx512-vbmi,avx512-vbmi,x86_64,linux,0
1,commit-5-correction-amd-9950x3d,run-1,1,base64-0.23.0,decode,url-safe,unpadded,47,63,89240,2268370,1763.370663,external,avx512-vbmi,avx512-vbmi,x86_64,linux,0
1,commit-5-correction-amd-9950x3d,run-1,2,base64-0.23.0,decode,url-safe,unpadded,47,63,89240,2264533,1766.358499,external,avx512-vbmi,avx512-vbmi,x86_64,linux,0
1,commit-5-correction-amd-9950x3d,run-1,3,base64-0.23.0,decode,url-safe,unpadded,47,63,89240,2262990,1767.562876,external,avx512-vbmi,avx512-vbmi,x86_64,linux,0
1,commit-5-correction-amd-9950x3d,run-1,4,base64-0.23.0,decode,url-safe,unpadded,47,63,89240,2264634,1766.279722,external,avx512-vbmi,avx512-vbmi,x86_64,linux,0
1,commit-5-correction-amd-9950x3d,run-1,0,base64ct-1.8.3,encode,url-safe,unpadded,47,63,89240,2504595,1597.055457,external,avx512-vbmi,avx512-vbmi,x86_64,linux,0
1,commit-5-correction-amd-9950x3d,run-1,1,base64ct-1.8.3,encode,url-safe,unpadded,47,63,89240,2510166,1593.510992,external,avx512-vbmi,avx512-vbmi,x86_64,linux,0
1,commit-5-correction-amd-9950x3d,run-1,2,base64ct-1.8.3,encode,url-safe,unpadded,47,63,89240,2507440,1595.243400,external,avx512-vbmi,avx512-vbmi,x86_64,linux,0
1,commit-5-correction-amd-9950x3d,run-1,3,base64ct-1.8.3,encode,url-safe,unpadded,47,63,89240,2519082,1587.870943,external,avx512-vbmi,avx512-vbmi,x86_64,linux,0
1,commit-5-correction-amd-9950x3d,run-1,4,base64ct-1.8.3,encode,url-safe,unpadded,47,63,89240,2510716,1593.161915,external,avx512-vbmi,avx512-vbmi,x86_64,linux,0
1,commit-5-correction-amd-9950x3d,run-1,0,base64ct-1.8.3,decode,url-safe,unpadded,47,63,89240,6802545,588.011856,external,avx512-vbmi,avx512-vbmi,x86_64,linux,0
1,commit-5-correction-amd-9950x3d,run-1,1,base64ct-1.8.3,decode,url-safe,unpadded,47,63,89240,6818055,586.674222,external,avx512-vbmi,avx512-vbmi,x86_64,linux,0
1,commit-5-correction-amd-9950x3d,run-1,2,base64ct-1.8.3,decode,url-safe,unpadded,47,63,89240,6821542,586.374329,external,avx512-vbmi,avx512-vbmi,x86_64,linux,0
1,commit-5-correction-amd-9950x3d,run-1,3,base64ct-1.8.3,decode,url-safe,unpadded,47,63,89240,6830379,585.615690,external,avx512-vbmi,avx512-vbmi,x86_64,linux,0
1,commit-5-correction-amd-9950x3d,run-1,4,base64ct-1.8.3,decode,url-safe,unpadded,47,63,89240,6806393,587.679423,external,avx512-vbmi,avx512-vbmi,x86_64,linux,0
1,commit-5-correction-amd-9950x3d,run-1,0,base64-ng,encode,url-safe,unpadded,48,64,87381,6380602,626.897704,auto,avx512-vbmi,avx512-vbmi,x86_64,linux,0
1,commit-5-correction-amd-9950x3d,run-1,1,base64-ng,encode,url-safe,unpadded,48,64,87381,6326049,632.303787,auto,avx512-vbmi,avx512-vbmi,x86_64,linux,0
1,commit-5-correction-amd-9950x3d,run-1,2,base64-ng,encode,url-safe,unpadded,48,64,87381,6423912,622.671161,auto,avx512-vbmi,avx512-vbmi,x86_64,linux,0
1,commit-5-correction-amd-9950x3d,run-1,3,base64-ng,encode,url-safe,unpadded,48,64,87381,6404136,624.593972,auto,avx512-vbmi,avx512-vbmi,x86_64,linux,0
1,commit-5-correction-amd-9950x3d,run-1,4,base64-ng,encode,url-safe,unpadded,48,64,87381,6391171,625.861011,auto,avx512-vbmi,avx512-vbmi,x86_64,linux,0
1,commit-5-correction-amd-9950x3d,run-1,0,base64-ng,decode,url-safe,unpadded,48,64,87381,29848560,134.009304,auto,avx512-vbmi,avx512-vbmi,x86_64,linux,0
1,commit-5-correction-amd-9950x3d,run-1,1,base64-ng,decode,url-safe,unpadded,48,64,87381,30029751,133.200730,auto,avx512-vbmi,avx512-vbmi,x86_64,linux,0
1,commit-5-correction-amd-9950x3d,run-1,2,base64-ng,decode,url-safe,unpadded,48,64,87381,30077742,132.988199,auto,avx512-vbmi,avx512-vbmi,x86_64,linux,0
1,commit-5-correction-amd-9950x3d,run-1,3,base64-ng,decode,url-safe,unpadded,48,64,87381,30207757,132.415814,auto,avx512-vbmi,avx512-vbmi,x86_64,linux,0
1,commit-5-correction-amd-9950x3d,run-1,4,base64-ng,decode,url-safe,unpadded,48,64,87381,29516585,135.516515,auto,avx512-vbmi,avx512-vbmi,x86_64,linux,0
1,commit-5-correction-amd-9950x3d,run-1,0,base64-ng,encode,url-safe,unpadded,48,64,87381,12062828,331.595936,scalar,avx512-vbmi,avx512-vbmi,x86_64,linux,0
1,commit-5-correction-amd-9950x3d,run-1,1,base64-ng,encode,url-safe,unpadded,48,64,87381,12276621,325.821310,scalar,avx512-vbmi,avx512-vbmi,x86_64,linux,0
1,commit-5-correction-amd-9950x3d,run-1,2,base64-ng,encode,url-safe,unpadded,48,64,87381,12531951,319.182922,scalar,avx512-vbmi,avx512-vbmi,x86_64,linux,0
1,commit-5-correction-amd-9950x3d,run-1,3,base64-ng,encode,url-safe,unpadded,48,64,87381,12854749,311.167860,scalar,avx512-vbmi,avx512-vbmi,x86_64,linux,0
1,commit-5-correction-amd-9950x3d,run-1,4,base64-ng,encode,url-safe,unpadded,48,64,87381,12379394,323.116361,scalar,avx512-vbmi,avx512-vbmi,x86_64,linux,0
1,commit-5-correction-amd-9950x3d,run-1,0,base64-ng,decode,url-safe,unpadded,48,64,87381,15087512,265.118910,scalar,avx512-vbmi,avx512-vbmi,x86_64,linux,0
1,commit-5-correction-amd-9950x3d,run-1,1,base64-ng,decode,url-safe,unpadded,48,64,87381,15049120,265.795259,scalar,avx512-vbmi,avx512-vbmi,x86_64,linux,0
1,commit-5-correction-amd-9950x3d,run-1,2,base64-ng,decode,url-safe,unpadded,48,64,87381,15786028,253.387663,scalar,avx512-vbmi,avx512-vbmi,x86_64,linux,0
1,commit-5-correction-amd-9950x3d,run-1,3,base64-ng,decode,url-safe,unpadded,48,64,87381,15859505,252.213719,scalar,avx512-vbmi,avx512-vbmi,x86_64,linux,0
1,commit-5-correction-amd-9950x3d,run-1,4,base64-ng,decode,url-safe,unpadded,48,64,87381,16088547,248.623119,scalar,avx512-vbmi,avx512-vbmi,x86_64,linux,0
1,commit-5-correction-amd-9950x3d,run-1,0,base64-ng,encode,url-safe,unpadded,48,64,87381,15193432,263.270652,ssse3-sse4.1,avx512-vbmi,avx512-vbmi,x86_64,linux,0
1,commit-5-correction-amd-9950x3d,run-1,1,base64-ng,encode,url-safe,unpadded,48,64,87381,15349455,260.594578,ssse3-sse4.1,avx512-vbmi,avx512-vbmi,x86_64,linux,0
1,commit-5-correction-amd-9950x3d,run-1,2,base64-ng,encode,url-safe,unpadded,48,64,87381,15479710,258.401788,ssse3-sse4.1,avx512-vbmi,avx512-vbmi,x86_64,linux,0
1,commit-5-correction-amd-9950x3d,run-1,3,base64-ng,encode,url-safe,unpadded,48,64,87381,16036368,249.432087,ssse3-sse4.1,avx512-vbmi,avx512-vbmi,x86_64,linux,0
1,commit-5-correction-amd-9950x3d,run-1,4,base64-ng,encode,url-safe,unpadded,48,64,87381,17091275,234.036650,ssse3-sse4.1,avx512-vbmi,avx512-vbmi,x86_64,linux,0
1,commit-5-correction-amd-9950x3d,run-1,0,base64-ng,decode,url-safe,unpadded,48,64,87381,56468072,70.836219,ssse3-sse4.1,avx512-vbmi,avx512-vbmi,x86_64,linux,0
1,commit-5-correction-amd-9950x3d,run-1,1,base64-ng,decode,url-safe,unpadded,48,64,87381,56117511,71.278727,ssse3-sse4.1,avx512-vbmi,avx512-vbmi,x86_64,linux,0
1,commit-5-correction-amd-9950x3d,run-1,2,base64-ng,decode,url-safe,unpadded,48,64,87381,60749752,65.843639,ssse3-sse4.1,avx512-vbmi,avx512-vbmi,x86_64,linux,0
1,commit-5-correction-amd-9950x3d,run-1,3,base64-ng,decode,url-safe,unpadded,48,64,87381,60836405,65.749854,ssse3-sse4.1,avx512-vbmi,avx512-vbmi,x86_64,linux,0
1,commit-5-correction-amd-9950x3d,run-1,4,base64-ng,decode,url-safe,unpadded,48,64,87381,59811616,66.876386,ssse3-sse4.1,avx512-vbmi,avx512-vbmi,x86_64,linux,0
1,commit-5-correction-amd-9950x3d,run-1,0,base64-ng,encode,url-safe,unpadded,48,64,87381,13096434,305.425488,avx2,avx512-vbmi,avx512-vbmi,x86_64,linux,0
1,commit-5-correction-amd-9950x3d,run-1,1,base64-ng,encode,url-safe,unpadded,48,64,87381,9082708,440.395611,avx2,avx512-vbmi,avx512-vbmi,x86_64,linux,0
1,commit-5-correction-amd-9950x3d,run-1,2,base64-ng,encode,url-safe,unpadded,48,64,87381,8637751,463.081738,avx2,avx512-vbmi,avx512-vbmi,x86_64,linux,0
1,commit-5-correction-amd-9950x3d,run-1,3,base64-ng,encode,url-safe,unpadded,48,64,87381,8940060,447.422583,avx2,avx512-vbmi,avx512-vbmi,x86_64,linux,0
1,commit-5-correction-amd-9950x3d,run-1,4,base64-ng,encode,url-safe,unpadded,48,64,87381,8846283,452.165587,avx2,avx512-vbmi,avx512-vbmi,x86_64,linux,0
1,commit-5-correction-amd-9950x3d,run-1,0,base64-ng,decode,url-safe,unpadded,48,64,87381,41526304,96.324121,avx2,avx512-vbmi,avx512-vbmi,x86_64,linux,0
1,commit-5-correction-amd-9950x3d,run-1,1,base64-ng,decode,url-safe,unpadded,48,64,87381,41000965,97.558307,avx2,avx512-vbmi,avx512-vbmi,x86_64,linux,0
1,commit-5-correction-amd-9950x3d,run-1,2,base64-ng,decode,url-safe,unpadded,48,64,87381,41125008,97.264048,avx2,avx512-vbmi,avx512-vbmi,x86_64,linux,0
1,commit-5-correction-amd-9950x3d,run-1,3,base64-ng,decode,url-safe,unpadded,48,64,87381,40505993,98.750443,avx2,avx512-vbmi,avx512-vbmi,x86_64,linux,0
1,commit-5-correction-amd-9950x3d,run-1,4,base64-ng,decode,url-safe,unpadded,48,64,87381,40370357,99.082224,avx2,avx512-vbmi,avx512-vbmi,x86_64,linux,0
1,commit-5-correction-amd-9950x3d,run-1,0,base64-ng,encode,url-safe,unpadded,48,64,87381,5669302,705.551537,avx512-vbmi,avx512-vbmi,avx512-vbmi,x86_64,linux,0
1,commit-5-correction-amd-9950x3d,run-1,1,base64-ng,encode,url-safe,unpadded,48,64,87381,5574865,717.503427,avx512-vbmi,avx512-vbmi,avx512-vbmi,x86_64,linux,0
1,commit-5-correction-amd-9950x3d,run-1,2,base64-ng,encode,url-safe,unpadded,48,64,87381,5890980,679.001582,avx512-vbmi,avx512-vbmi,avx512-vbmi,x86_64,linux,0
1,commit-5-correction-amd-9950x3d,run-1,3,base64-ng,encode,url-safe,unpadded,48,64,87381,5784088,691.549773,avx512-vbmi,avx512-vbmi,avx512-vbmi,x86_64,linux,0
1,commit-5-correction-amd-9950x3d,run-1,4,base64-ng,encode,url-safe,unpadded,48,64,87381,5769882,693.252434,avx512-vbmi,avx512-vbmi,avx512-vbmi,x86_64,linux,0
1,commit-5-correction-amd-9950x3d,run-1,0,base64-ng,decode,url-safe,unpadded,48,64,87381,30716864,130.221130,avx512-vbmi,avx512-vbmi,avx512-vbmi,x86_64,linux,0
1,commit-5-correction-amd-9950x3d,run-1,1,base64-ng,decode,url-safe,unpadded,48,64,87381,30366706,131.722708,avx512-vbmi,avx512-vbmi,avx512-vbmi,x86_64,linux,0
1,commit-5-correction-amd-9950x3d,run-1,2,base64-ng,decode,url-safe,unpadded,48,64,87381,30723577,130.192677,avx512-vbmi,avx512-vbmi,avx512-vbmi,x86_64,linux,0
1,commit-5-correction-amd-9950x3d,run-1,3,base64-ng,decode,url-safe,unpadded,48,64,87381,31223408,128.108525,avx512-vbmi,avx512-vbmi,avx512-vbmi,x86_64,linux,0
1,commit-5-correction-amd-9950x3d,run-1,4,base64-ng,decode,url-safe,unpadded,48,64,87381,32544465,122.908296,avx512-vbmi,avx512-vbmi,avx512-vbmi,x86_64,linux,0
1,commit-5-correction-amd-9950x3d,run-1,0,base64-0.23.0,encode,url-safe,unpadded,48,64,87381,1712514,2335.738418,external,avx512-vbmi,avx512-vbmi,x86_64,linux,0
1,commit-5-correction-amd-9950x3d,run-1,1,base64-0.23.0,encode,url-safe,unpadded,48,64,87381,1736689,2303.224550,external,avx512-vbmi,avx512-vbmi,x86_64,linux,0
1,commit-5-correction-amd-9950x3d,run-1,2,base64-0.23.0,encode,url-safe,unpadded,48,64,87381,1717142,2329.443192,external,avx512-vbmi,avx512-vbmi,x86_64,linux,0
1,commit-5-correction-amd-9950x3d,run-1,3,base64-0.23.0,encode,url-safe,unpadded,48,64,87381,1773949,2254.847654,external,avx512-vbmi,avx512-vbmi,x86_64,linux,0
1,commit-5-correction-amd-9950x3d,run-1,4,base64-0.23.0,encode,url-safe,unpadded,48,64,87381,1723846,2320.384037,external,avx512-vbmi,avx512-vbmi,x86_64,linux,0
1,commit-5-correction-amd-9950x3d,run-1,0,base64-0.23.0,decode,url-safe,unpadded,48,64,87381,2322342,1722.392628,external,avx512-vbmi,avx512-vbmi,x86_64,linux,0
1,commit-5-correction-amd-9950x3d,run-1,1,base64-0.23.0,decode,url-safe,unpadded,48,64,87381,2353921,1699.285890,external,avx512-vbmi,avx512-vbmi,x86_64,linux,0
1,commit-5-correction-amd-9950x3d,run-1,2,base64-0.23.0,decode,url-safe,unpadded,48,64,87381,2352088,1700.610156,external,avx512-vbmi,avx512-vbmi,x86_64,linux,0
1,commit-5-correction-amd-9950x3d,run-1,3,base64-0.23.0,decode,url-safe,unpadded,48,64,87381,2314036,1728.574984,external,avx512-vbmi,avx512-vbmi,x86_64,linux,0
1,commit-5-correction-amd-9950x3d,run-1,4,base64-0.23.0,decode,url-safe,unpadded,48,64,87381,2491851,1605.226292,external,avx512-vbmi,avx512-vbmi,x86_64,linux,0
1,commit-5-correction-amd-9950x3d,run-1,0,base64ct-1.8.3,encode,url-safe,unpadded,48,64,87381,2648155,1510.479840,external,avx512-vbmi,avx512-vbmi,x86_64,linux,0
1,commit-5-correction-amd-9950x3d,run-1,1,base64ct-1.8.3,encode,url-safe,unpadded,48,64,87381,2659517,1504.026762,external,avx512-vbmi,avx512-vbmi,x86_64,linux,0
1,commit-5-correction-amd-9950x3d,run-1,2,base64ct-1.8.3,encode,url-safe,unpadded,48,64,87381,2783490,1437.039379,external,avx512-vbmi,avx512-vbmi,x86_64,linux,0
1,commit-5-correction-amd-9950x3d,run-1,3,base64ct-1.8.3,encode,url-safe,unpadded,48,64,87381,2647804,1510.680073,external,avx512-vbmi,avx512-vbmi,x86_64,linux,0
1,commit-5-correction-amd-9950x3d,run-1,4,base64ct-1.8.3,encode,url-safe,unpadded,48,64,87381,2643306,1513.250733,external,avx512-vbmi,avx512-vbmi,x86_64,linux,0
1,commit-5-correction-amd-9950x3d,run-1,0,base64ct-1.8.3,decode,url-safe,unpadded,48,64,87381,6160076,649.340161,external,avx512-vbmi,avx512-vbmi,x86_64,linux,0
1,commit-5-correction-amd-9950x3d,run-1,1,base64ct-1.8.3,decode,url-safe,unpadded,48,64,87381,6114250,654.206933,external,avx512-vbmi,avx512-vbmi,x86_64,linux,0
1,commit-5-correction-amd-9950x3d,run-1,2,base64ct-1.8.3,decode,url-safe,unpadded,48,64,87381,6108800,654.790588,external,avx512-vbmi,avx512-vbmi,x86_64,linux,0
1,commit-5-correction-amd-9950x3d,run-1,3,base64ct-1.8.3,decode,url-safe,unpadded,48,64,87381,6222955,642.778992,external,avx512-vbmi,avx512-vbmi,x86_64,linux,0
1,commit-5-correction-amd-9950x3d,run-1,4,base64ct-1.8.3,decode,url-safe,unpadded,48,64,87381,6115702,654.051610,external,avx512-vbmi,avx512-vbmi,x86_64,linux,0
1,commit-5-correction-amd-9950x3d,run-1,0,base64-ng,encode,url-safe,unpadded,63,84,66576,7781739,514.021961,auto,avx512-vbmi,avx512-vbmi,x86_64,linux,0
1,commit-5-correction-amd-9950x3d,run-1,1,base64-ng,encode,url-safe,unpadded,63,84,66576,7799994,512.818951,auto,avx512-vbmi,avx512-vbmi,x86_64,linux,0
1,commit-5-correction-amd-9950x3d,run-1,2,base64-ng,encode,url-safe,unpadded,63,84,66576,7783302,513.918738,auto,avx512-vbmi,avx512-vbmi,x86_64,linux,0
1,commit-5-correction-amd-9950x3d,run-1,3,base64-ng,encode,url-safe,unpadded,63,84,66576,7995943,500.251783,auto,avx512-vbmi,avx512-vbmi,x86_64,linux,0
1,commit-5-correction-amd-9950x3d,run-1,4,base64-ng,encode,url-safe,unpadded,63,84,66576,7864404,508.618929,auto,avx512-vbmi,avx512-vbmi,x86_64,linux,0
1,commit-5-correction-amd-9950x3d,run-1,0,base64-ng,decode,url-safe,unpadded,63,84,66576,36573009,109.369856,auto,avx512-vbmi,avx512-vbmi,x86_64,linux,0
1,commit-5-correction-amd-9950x3d,run-1,1,base64-ng,decode,url-safe,unpadded,63,84,66576,36373543,109.969621,auto,avx512-vbmi,avx512-vbmi,x86_64,linux,0
1,commit-5-correction-amd-9950x3d,run-1,2,base64-ng,decode,url-safe,unpadded,63,84,66576,36783746,108.743268,auto,avx512-vbmi,avx512-vbmi,x86_64,linux,0
1,commit-5-correction-amd-9950x3d,run-1,3,base64-ng,decode,url-safe,unpadded,63,84,66576,39424146,101.460276,auto,avx512-vbmi,avx512-vbmi,x86_64,linux,0
1,commit-5-correction-amd-9950x3d,run-1,4,base64-ng,decode,url-safe,unpadded,63,84,66576,36150464,110.648227,auto,avx512-vbmi,avx512-vbmi,x86_64,linux,0
1,commit-5-correction-amd-9950x3d,run-1,0,base64-ng,encode,url-safe,unpadded,63,84,66576,4528034,883.382223,scalar,avx512-vbmi,avx512-vbmi,x86_64,linux,0
1,commit-5-correction-amd-9950x3d,run-1,1,base64-ng,encode,url-safe,unpadded,63,84,66576,4588638,871.715036,scalar,avx512-vbmi,avx512-vbmi,x86_64,linux,0
1,commit-5-correction-amd-9950x3d,run-1,2,base64-ng,encode,url-safe,unpadded,63,84,66576,4512174,886.487255,scalar,avx512-vbmi,avx512-vbmi,x86_64,linux,0
1,commit-5-correction-amd-9950x3d,run-1,3,base64-ng,encode,url-safe,unpadded,63,84,66576,4545497,879.988424,scalar,avx512-vbmi,avx512-vbmi,x86_64,linux,0
1,commit-5-correction-amd-9950x3d,run-1,4,base64-ng,encode,url-safe,unpadded,63,84,66576,4548142,879.476661,scalar,avx512-vbmi,avx512-vbmi,x86_64,linux,0
1,commit-5-correction-amd-9950x3d,run-1,0,base64-ng,decode,url-safe,unpadded,63,84,66576,15345879,260.655303,scalar,avx512-vbmi,avx512-vbmi,x86_64,linux,0
1,commit-5-correction-amd-9950x3d,run-1,1,base64-ng,decode,url-safe,unpadded,63,84,66576,14781627,270.605174,scalar,avx512-vbmi,avx512-vbmi,x86_64,linux,0
1,commit-5-correction-amd-9950x3d,run-1,2,base64-ng,decode,url-safe,unpadded,63,84,66576,14784332,270.555663,scalar,avx512-vbmi,avx512-vbmi,x86_64,linux,0
1,commit-5-correction-amd-9950x3d,run-1,3,base64-ng,decode,url-safe,unpadded,63,84,66576,14670758,272.650175,scalar,avx512-vbmi,avx512-vbmi,x86_64,linux,0
1,commit-5-correction-amd-9950x3d,run-1,4,base64-ng,decode,url-safe,unpadded,63,84,66576,14814619,270.002539,scalar,avx512-vbmi,avx512-vbmi,x86_64,linux,0
1,commit-5-correction-amd-9950x3d,run-1,0,base64-ng,encode,url-safe,unpadded,63,84,66576,14590085,274.157741,ssse3-sse4.1,avx512-vbmi,avx512-vbmi,x86_64,linux,0
1,commit-5-correction-amd-9950x3d,run-1,1,base64-ng,encode,url-safe,unpadded,63,84,66576,14675296,272.565865,ssse3-sse4.1,avx512-vbmi,avx512-vbmi,x86_64,linux,0
1,commit-5-correction-amd-9950x3d,run-1,2,base64-ng,encode,url-safe,unpadded,63,84,66576,14715181,271.827084,ssse3-sse4.1,avx512-vbmi,avx512-vbmi,x86_64,linux,0
1,commit-5-correction-amd-9950x3d,run-1,3,base64-ng,encode,url-safe,unpadded,63,84,66576,14629740,273.414616,ssse3-sse4.1,avx512-vbmi,avx512-vbmi,x86_64,linux,0
1,commit-5-correction-amd-9950x3d,run-1,4,base64-ng,encode,url-safe,unpadded,63,84,66576,14606006,273.858900,ssse3-sse4.1,avx512-vbmi,avx512-vbmi,x86_64,linux,0
1,commit-5-correction-amd-9950x3d,run-1,0,base64-ng,decode,url-safe,unpadded,63,84,66576,53625921,74.590509,ssse3-sse4.1,avx512-vbmi,avx512-vbmi,x86_64,linux,0
1,commit-5-correction-amd-9950x3d,run-1,1,base64-ng,decode,url-safe,unpadded,63,84,66576,53990388,74.086979,ssse3-sse4.1,avx512-vbmi,avx512-vbmi,x86_64,linux,0
1,commit-5-correction-amd-9950x3d,run-1,2,base64-ng,decode,url-safe,unpadded,63,84,66576,54771418,73.030513,ssse3-sse4.1,avx512-vbmi,avx512-vbmi,x86_64,linux,0
1,commit-5-correction-amd-9950x3d,run-1,3,base64-ng,decode,url-safe,unpadded,63,84,66576,55175168,72.496104,ssse3-sse4.1,avx512-vbmi,avx512-vbmi,x86_64,linux,0
1,commit-5-correction-amd-9950x3d,run-1,4,base64-ng,decode,url-safe,unpadded,63,84,66576,54575358,73.292872,ssse3-sse4.1,avx512-vbmi,avx512-vbmi,x86_64,linux,0
1,commit-5-correction-amd-9950x3d,run-1,0,base64-ng,encode,url-safe,unpadded,63,84,66576,9562441,418.301639,avx2,avx512-vbmi,avx512-vbmi,x86_64,linux,0
1,commit-5-correction-amd-9950x3d,run-1,1,base64-ng,encode,url-safe,unpadded,63,84,66576,9502959,420.919920,avx2,avx512-vbmi,avx512-vbmi,x86_64,linux,0
1,commit-5-correction-amd-9950x3d,run-1,2,base64-ng,encode,url-safe,unpadded,63,84,66576,9477061,422.070169,avx2,avx512-vbmi,avx512-vbmi,x86_64,linux,0
1,commit-5-correction-amd-9950x3d,run-1,3,base64-ng,encode,url-safe,unpadded,63,84,66576,9476800,422.081794,avx2,avx512-vbmi,avx512-vbmi,x86_64,linux,0
1,commit-5-correction-amd-9950x3d,run-1,4,base64-ng,encode,url-safe,unpadded,63,84,66576,9742260,410.580783,avx2,avx512-vbmi,avx512-vbmi,x86_64,linux,0
1,commit-5-correction-amd-9950x3d,run-1,0,base64-ng,decode,url-safe,unpadded,63,84,66576,43778012,91.369721,avx2,avx512-vbmi,avx512-vbmi,x86_64,linux,0
1,commit-5-correction-amd-9950x3d,run-1,1,base64-ng,decode,url-safe,unpadded,63,84,66576,43478518,91.999105,avx2,avx512-vbmi,avx512-vbmi,x86_64,linux,0
1,commit-5-correction-amd-9950x3d,run-1,2,base64-ng,decode,url-safe,unpadded,63,84,66576,43570191,91.805536,avx2,avx512-vbmi,avx512-vbmi,x86_64,linux,0
1,commit-5-correction-amd-9950x3d,run-1,3,base64-ng,decode,url-safe,unpadded,63,84,66576,43224540,92.539672,avx2,avx512-vbmi,avx512-vbmi,x86_64,linux,0
1,commit-5-correction-amd-9950x3d,run-1,4,base64-ng,decode,url-safe,unpadded,63,84,66576,43253074,92.478623,avx2,avx512-vbmi,avx512-vbmi,x86_64,linux,0
1,commit-5-correction-amd-9950x3d,run-1,0,base64-ng,encode,url-safe,unpadded,63,84,66576,6961715,574.568873,avx512-vbmi,avx512-vbmi,avx512-vbmi,x86_64,linux,0
1,commit-5-correction-amd-9950x3d,run-1,1,base64-ng,encode,url-safe,unpadded,63,84,66576,6977265,573.288350,avx512-vbmi,avx512-vbmi,avx512-vbmi,x86_64,linux,0
1,commit-5-correction-amd-9950x3d,run-1,2,base64-ng,encode,url-safe,unpadded,63,84,66576,6984548,572.690565,avx512-vbmi,avx512-vbmi,avx512-vbmi,x86_64,linux,0
1,commit-5-correction-amd-9950x3d,run-1,3,base64-ng,encode,url-safe,unpadded,63,84,66576,6975161,573.461278,avx512-vbmi,avx512-vbmi,avx512-vbmi,x86_64,linux,0
1,commit-5-correction-amd-9950x3d,run-1,4,base64-ng,encode,url-safe,unpadded,63,84,66576,6958770,574.812034,avx512-vbmi,avx512-vbmi,avx512-vbmi,x86_64,linux,0
1,commit-5-correction-amd-9950x3d,run-1,0,base64-ng,decode,url-safe,unpadded,63,84,66576,35886617,111.461739,avx512-vbmi,avx512-vbmi,avx512-vbmi,x86_64,linux,0
1,commit-5-correction-amd-9950x3d,run-1,1,base64-ng,decode,url-safe,unpadded,63,84,66576,36308040,110.168016,avx512-vbmi,avx512-vbmi,avx512-vbmi,x86_64,linux,0
1,commit-5-correction-amd-9950x3d,run-1,2,base64-ng,decode,url-safe,unpadded,63,84,66576,36312038,110.155887,avx512-vbmi,avx512-vbmi,avx512-vbmi,x86_64,linux,0
1,commit-5-correction-amd-9950x3d,run-1,3,base64-ng,decode,url-safe,unpadded,63,84,66576,38419064,104.114581,avx512-vbmi,avx512-vbmi,avx512-vbmi,x86_64,linux,0
1,commit-5-correction-amd-9950x3d,run-1,4,base64-ng,decode,url-safe,unpadded,63,84,66576,36667116,109.089156,avx512-vbmi,avx512-vbmi,avx512-vbmi,x86_64,linux,0
1,commit-5-correction-amd-9950x3d,run-1,0,base64-0.23.0,encode,url-safe,unpadded,63,84,66576,1439750,2778.249516,external,avx512-vbmi,avx512-vbmi,x86_64,linux,0
1,commit-5-correction-amd-9950x3d,run-1,1,base64-0.23.0,encode,url-safe,unpadded,63,84,66576,1447034,2764.264517,external,avx512-vbmi,avx512-vbmi,x86_64,linux,0
1,commit-5-correction-amd-9950x3d,run-1,2,base64-0.23.0,encode,url-safe,unpadded,63,84,66576,1436073,2785.363099,external,avx512-vbmi,avx512-vbmi,x86_64,linux,0
1,commit-5-correction-amd-9950x3d,run-1,3,base64-0.23.0,encode,url-safe,unpadded,63,84,66576,1438498,2780.667572,external,avx512-vbmi,avx512-vbmi,x86_64,linux,0
1,commit-5-correction-amd-9950x3d,run-1,4,base64-0.23.0,encode,url-safe,unpadded,63,84,66576,1530211,2614.008618,external,avx512-vbmi,avx512-vbmi,x86_64,linux,0
1,commit-5-correction-amd-9950x3d,run-1,0,base64-0.23.0,decode,url-safe,unpadded,63,84,66576,1939621,2062.250688,external,avx512-vbmi,avx512-vbmi,x86_64,linux,0
1,commit-5-correction-amd-9950x3d,run-1,1,base64-0.23.0,decode,url-safe,unpadded,63,84,66576,1951764,2049.420289,external,avx512-vbmi,avx512-vbmi,x86_64,linux,0
1,commit-5-correction-amd-9950x3d,run-1,2,base64-0.23.0,decode,url-safe,unpadded,63,84,66576,1950722,2050.515010,external,avx512-vbmi,avx512-vbmi,x86_64,linux,0
1,commit-5-correction-amd-9950x3d,run-1,3,base64-0.23.0,decode,url-safe,unpadded,63,84,66576,1902391,2102.609159,external,avx512-vbmi,avx512-vbmi,x86_64,linux,0
1,commit-5-correction-amd-9950x3d,run-1,4,base64-0.23.0,decode,url-safe,unpadded,63,84,66576,1900958,2104.194170,external,avx512-vbmi,avx512-vbmi,x86_64,linux,0
1,commit-5-correction-amd-9950x3d,run-1,0,base64ct-1.8.3,encode,url-safe,unpadded,63,84,66576,1872675,2135.973803,external,avx512-vbmi,avx512-vbmi,x86_64,linux,0
1,commit-5-correction-amd-9950x3d,run-1,1,base64ct-1.8.3,encode,url-safe,unpadded,63,84,66576,1880290,2127.323307,external,avx512-vbmi,avx512-vbmi,x86_64,linux,0
1,commit-5-correction-amd-9950x3d,run-1,2,base64ct-1.8.3,encode,url-safe,unpadded,63,84,66576,1816960,2201.470996,external,avx512-vbmi,avx512-vbmi,x86_64,linux,0
1,commit-5-correction-amd-9950x3d,run-1,3,base64ct-1.8.3,encode,url-safe,unpadded,63,84,66576,1877314,2130.695633,external,avx512-vbmi,avx512-vbmi,x86_64,linux,0
1,commit-5-correction-amd-9950x3d,run-1,4,base64ct-1.8.3,encode,url-safe,unpadded,63,84,66576,1819005,2198.996012,external,avx512-vbmi,avx512-vbmi,x86_64,linux,0
1,commit-5-correction-amd-9950x3d,run-1,0,base64ct-1.8.3,decode,url-safe,unpadded,63,84,66576,5769822,693.259643,external,avx512-vbmi,avx512-vbmi,x86_64,linux,0
1,commit-5-correction-amd-9950x3d,run-1,1,base64ct-1.8.3,decode,url-safe,unpadded,63,84,66576,5773870,692.773606,external,avx512-vbmi,avx512-vbmi,x86_64,linux,0
1,commit-5-correction-amd-9950x3d,run-1,2,base64ct-1.8.3,decode,url-safe,unpadded,63,84,66576,5747740,695.923048,external,avx512-vbmi,avx512-vbmi,x86_64,linux,0
1,commit-5-correction-amd-9950x3d,run-1,3,base64ct-1.8.3,decode,url-safe,unpadded,63,84,66576,5736509,697.285534,external,avx512-vbmi,avx512-vbmi,x86_64,linux,0
1,commit-5-correction-amd-9950x3d,run-1,4,base64ct-1.8.3,decode,url-safe,unpadded,63,84,66576,5745176,696.233630,external,avx512-vbmi,avx512-vbmi,x86_64,linux,0
1,commit-5-correction-amd-9950x3d,run-1,0,base64-ng,encode,url-safe,unpadded,64,86,65536,7853424,509.331981,auto,avx512-vbmi,avx512-vbmi,x86_64,linux,0
1,commit-5-correction-amd-9950x3d,run-1,1,base64-ng,encode,url-safe,unpadded,64,86,65536,7840039,510.201544,auto,avx512-vbmi,avx512-vbmi,x86_64,linux,0
1,commit-5-correction-amd-9950x3d,run-1,2,base64-ng,encode,url-safe,unpadded,64,86,65536,7809933,512.168286,auto,avx512-vbmi,avx512-vbmi,x86_64,linux,0
1,commit-5-correction-amd-9950x3d,run-1,3,base64-ng,encode,url-safe,unpadded,64,86,65536,7847252,509.732579,auto,avx512-vbmi,avx512-vbmi,x86_64,linux,0
1,commit-5-correction-amd-9950x3d,run-1,4,base64-ng,encode,url-safe,unpadded,64,86,65536,7868583,508.350741,auto,avx512-vbmi,avx512-vbmi,x86_64,linux,0
1,commit-5-correction-amd-9950x3d,run-1,0,base64-ng,decode,url-safe,unpadded,64,86,65536,35911434,111.385137,auto,avx512-vbmi,avx512-vbmi,x86_64,linux,0
1,commit-5-correction-amd-9950x3d,run-1,1,base64-ng,decode,url-safe,unpadded,64,86,65536,35931331,111.323458,auto,avx512-vbmi,avx512-vbmi,x86_64,linux,0
1,commit-5-correction-amd-9950x3d,run-1,2,base64-ng,decode,url-safe,unpadded,64,86,65536,35891877,111.445829,auto,avx512-vbmi,avx512-vbmi,x86_64,linux,0
1,commit-5-correction-amd-9950x3d,run-1,3,base64-ng,decode,url-safe,unpadded,64,86,65536,35512733,112.635657,auto,avx512-vbmi,avx512-vbmi,x86_64,linux,0
1,commit-5-correction-amd-9950x3d,run-1,4,base64-ng,decode,url-safe,unpadded,64,86,65536,36121408,110.737655,auto,avx512-vbmi,avx512-vbmi,x86_64,linux,0
1,commit-5-correction-amd-9950x3d,run-1,0,base64-ng,encode,url-safe,unpadded,64,86,65536,4689027,853.055442,scalar,avx512-vbmi,avx512-vbmi,x86_64,linux,0
1,commit-5-correction-amd-9950x3d,run-1,1,base64-ng,encode,url-safe,unpadded,64,86,65536,4688306,853.186631,scalar,avx512-vbmi,avx512-vbmi,x86_64,linux,0
1,commit-5-correction-amd-9950x3d,run-1,2,base64-ng,encode,url-safe,unpadded,64,86,65536,4735765,844.636505,scalar,avx512-vbmi,avx512-vbmi,x86_64,linux,0
1,commit-5-correction-amd-9950x3d,run-1,3,base64-ng,encode,url-safe,unpadded,64,86,65536,4663930,857.645805,scalar,avx512-vbmi,avx512-vbmi,x86_64,linux,0
1,commit-5-correction-amd-9950x3d,run-1,4,base64-ng,encode,url-safe,unpadded,64,86,65536,4685791,853.644561,scalar,avx512-vbmi,avx512-vbmi,x86_64,linux,0
1,commit-5-correction-amd-9950x3d,run-1,0,base64-ng,decode,url-safe,unpadded,64,86,65536,15013824,266.421133,scalar,avx512-vbmi,avx512-vbmi,x86_64,linux,0
1,commit-5-correction-amd-9950x3d,run-1,1,base64-ng,decode,url-safe,unpadded,64,86,65536,14838394,269.570952,scalar,avx512-vbmi,avx512-vbmi,x86_64,linux,0
1,commit-5-correction-amd-9950x3d,run-1,2,base64-ng,decode,url-safe,unpadded,64,86,65536,14836881,269.598442,scalar,avx512-vbmi,avx512-vbmi,x86_64,linux,0
1,commit-5-correction-amd-9950x3d,run-1,3,base64-ng,decode,url-safe,unpadded,64,86,65536,14965994,267.272591,scalar,avx512-vbmi,avx512-vbmi,x86_64,linux,0
1,commit-5-correction-amd-9950x3d,run-1,4,base64-ng,decode,url-safe,unpadded,64,86,65536,15074007,265.357446,scalar,avx512-vbmi,avx512-vbmi,x86_64,linux,0
1,commit-5-correction-amd-9950x3d,run-1,0,base64-ng,encode,url-safe,unpadded,64,86,65536,14331289,279.109576,ssse3-sse4.1,avx512-vbmi,avx512-vbmi,x86_64,linux,0
1,commit-5-correction-amd-9950x3d,run-1,1,base64-ng,encode,url-safe,unpadded,64,86,65536,14368138,278.393763,ssse3-sse4.1,avx512-vbmi,avx512-vbmi,x86_64,linux,0
1,commit-5-correction-amd-9950x3d,run-1,2,base64-ng,encode,url-safe,unpadded,64,86,65536,14408023,277.623099,ssse3-sse4.1,avx512-vbmi,avx512-vbmi,x86_64,linux,0
1,commit-5-correction-amd-9950x3d,run-1,3,base64-ng,encode,url-safe,unpadded,64,86,65536,14169634,282.293812,ssse3-sse4.1,avx512-vbmi,avx512-vbmi,x86_64,linux,0
1,commit-5-correction-amd-9950x3d,run-1,4,base64-ng,encode,url-safe,unpadded,64,86,65536,14257059,280.562772,ssse3-sse4.1,avx512-vbmi,avx512-vbmi,x86_64,linux,0
1,commit-5-correction-amd-9950x3d,run-1,0,base64-ng,decode,url-safe,unpadded,64,86,65536,52977029,75.504423,ssse3-sse4.1,avx512-vbmi,avx512-vbmi,x86_64,linux,0
1,commit-5-correction-amd-9950x3d,run-1,1,base64-ng,decode,url-safe,unpadded,64,86,65536,53438158,74.852879,ssse3-sse4.1,avx512-vbmi,avx512-vbmi,x86_64,linux,0
1,commit-5-correction-amd-9950x3d,run-1,2,base64-ng,decode,url-safe,unpadded,64,86,65536,53341226,74.988903,ssse3-sse4.1,avx512-vbmi,avx512-vbmi,x86_64,linux,0
1,commit-5-correction-amd-9950x3d,run-1,3,base64-ng,decode,url-safe,unpadded,64,86,65536,53189299,75.203097,ssse3-sse4.1,avx512-vbmi,avx512-vbmi,x86_64,linux,0
1,commit-5-correction-amd-9950x3d,run-1,4,base64-ng,decode,url-safe,unpadded,64,86,65536,53586818,74.645223,ssse3-sse4.1,avx512-vbmi,avx512-vbmi,x86_64,linux,0
1,commit-5-correction-amd-9950x3d,run-1,0,base64-ng,encode,url-safe,unpadded,64,86,65536,9343980,428.083108,avx2,avx512-vbmi,avx512-vbmi,x86_64,linux,0
1,commit-5-correction-amd-9950x3d,run-1,1,base64-ng,encode,url-safe,unpadded,64,86,65536,9565627,418.163911,avx2,avx512-vbmi,avx512-vbmi,x86_64,linux,0
1,commit-5-correction-amd-9950x3d,run-1,2,base64-ng,encode,url-safe,unpadded,64,86,65536,9627904,415.459066,avx2,avx512-vbmi,avx512-vbmi,x86_64,linux,0
1,commit-5-correction-amd-9950x3d,run-1,3,base64-ng,encode,url-safe,unpadded,64,86,65536,9537084,419.415410,avx2,avx512-vbmi,avx512-vbmi,x86_64,linux,0
1,commit-5-correction-amd-9950x3d,run-1,4,base64-ng,encode,url-safe,unpadded,64,86,65536,9530050,419.724975,avx2,avx512-vbmi,avx512-vbmi,x86_64,linux,0
1,commit-5-correction-amd-9950x3d,run-1,0,base64-ng,decode,url-safe,unpadded,64,86,65536,42707887,93.659515,avx2,avx512-vbmi,avx512-vbmi,x86_64,linux,0
1,commit-5-correction-amd-9950x3d,run-1,1,base64-ng,decode,url-safe,unpadded,64,86,65536,42277417,94.613160,avx2,avx512-vbmi,avx512-vbmi,x86_64,linux,0
1,commit-5-correction-amd-9950x3d,run-1,2,base64-ng,decode,url-safe,unpadded,64,86,65536,42482944,94.155433,avx2,avx512-vbmi,avx512-vbmi,x86_64,linux,0
1,commit-5-correction-amd-9950x3d,run-1,3,base64-ng,decode,url-safe,unpadded,64,86,65536,45707144,87.513672,avx2,avx512-vbmi,avx512-vbmi,x86_64,linux,0
1,commit-5-correction-amd-9950x3d,run-1,4,base64-ng,decode,url-safe,unpadded,64,86,65536,42984489,93.056823,avx2,avx512-vbmi,avx512-vbmi,x86_64,linux,0
1,commit-5-correction-amd-9950x3d,run-1,0,base64-ng,encode,url-safe,unpadded,64,86,65536,7146243,559.734675,avx512-vbmi,avx512-vbmi,avx512-vbmi,x86_64,linux,0
1,commit-5-correction-amd-9950x3d,run-1,1,base64-ng,encode,url-safe,unpadded,64,86,65536,7153517,559.165513,avx512-vbmi,avx512-vbmi,avx512-vbmi,x86_64,linux,0
1,commit-5-correction-amd-9950x3d,run-1,2,base64-ng,encode,url-safe,unpadded,64,86,65536,7187842,556.495260,avx512-vbmi,avx512-vbmi,avx512-vbmi,x86_64,linux,0
1,commit-5-correction-amd-9950x3d,run-1,3,base64-ng,encode,url-safe,unpadded,64,86,65536,7182671,556.895896,avx512-vbmi,avx512-vbmi,avx512-vbmi,x86_64,linux,0
1,commit-5-correction-amd-9950x3d,run-1,4,base64-ng,encode,url-safe,unpadded,64,86,65536,7157394,558.862625,avx512-vbmi,avx512-vbmi,avx512-vbmi,x86_64,linux,0
1,commit-5-correction-amd-9950x3d,run-1,0,base64-ng,decode,url-safe,unpadded,64,86,65536,36250702,110.342691,avx512-vbmi,avx512-vbmi,avx512-vbmi,x86_64,linux,0
1,commit-5-correction-amd-9950x3d,run-1,1,base64-ng,decode,url-safe,unpadded,64,86,65536,35936872,111.306293,avx512-vbmi,avx512-vbmi,avx512-vbmi,x86_64,linux,0
1,commit-5-correction-amd-9950x3d,run-1,2,base64-ng,decode,url-safe,unpadded,64,86,65536,35694755,112.061282,avx512-vbmi,avx512-vbmi,avx512-vbmi,x86_64,linux,0
1,commit-5-correction-amd-9950x3d,run-1,3,base64-ng,decode,url-safe,unpadded,64,86,65536,36455407,109.723093,avx512-vbmi,avx512-vbmi,avx512-vbmi,x86_64,linux,0
1,commit-5-correction-amd-9950x3d,run-1,4,base64-ng,decode,url-safe,unpadded,64,86,65536,36520881,109.526383,avx512-vbmi,avx512-vbmi,avx512-vbmi,x86_64,linux,0
1,commit-5-correction-amd-9950x3d,run-1,0,base64-0.23.0,encode,url-safe,unpadded,64,86,65536,1449629,2759.326697,external,avx512-vbmi,avx512-vbmi,x86_64,linux,0
1,commit-5-correction-amd-9950x3d,run-1,1,base64-0.23.0,encode,url-safe,unpadded,64,86,65536,1451813,2755.175770,external,avx512-vbmi,avx512-vbmi,x86_64,linux,0
1,commit-5-correction-amd-9950x3d,run-1,2,base64-0.23.0,encode,url-safe,unpadded,64,86,65536,1443918,2770.240415,external,avx512-vbmi,avx512-vbmi,x86_64,linux,0
1,commit-5-correction-amd-9950x3d,run-1,3,base64-0.23.0,encode,url-safe,unpadded,64,86,65536,1452064,2754.699517,external,avx512-vbmi,avx512-vbmi,x86_64,linux,0
1,commit-5-correction-amd-9950x3d,run-1,4,base64-0.23.0,encode,url-safe,unpadded,64,86,65536,1451722,2755.348476,external,avx512-vbmi,avx512-vbmi,x86_64,linux,0
1,commit-5-correction-amd-9950x3d,run-1,0,base64-0.23.0,decode,url-safe,unpadded,64,86,65536,1851225,2160.731408,external,avx512-vbmi,avx512-vbmi,x86_64,linux,0
1,commit-5-correction-amd-9950x3d,run-1,1,base64-0.23.0,decode,url-safe,unpadded,64,86,65536,1849371,2162.897547,external,avx512-vbmi,avx512-vbmi,x86_64,linux,0
1,commit-5-correction-amd-9950x3d,run-1,2,base64-0.23.0,decode,url-safe,unpadded,64,86,65536,1851776,2160.088477,external,avx512-vbmi,avx512-vbmi,x86_64,linux,0
1,commit-5-correction-amd-9950x3d,run-1,3,base64-0.23.0,decode,url-safe,unpadded,64,86,65536,1853760,2157.776627,external,avx512-vbmi,avx512-vbmi,x86_64,linux,0
1,commit-5-correction-amd-9950x3d,run-1,4,base64-0.23.0,decode,url-safe,unpadded,64,86,65536,1850143,2161.995046,external,avx512-vbmi,avx512-vbmi,x86_64,linux,0
1,commit-5-correction-amd-9950x3d,run-1,0,base64ct-1.8.3,encode,url-safe,unpadded,64,86,65536,1803585,2217.805094,external,avx512-vbmi,avx512-vbmi,x86_64,linux,0
1,commit-5-correction-amd-9950x3d,run-1,1,base64ct-1.8.3,encode,url-safe,unpadded,64,86,65536,1807743,2212.703908,external,avx512-vbmi,avx512-vbmi,x86_64,linux,0
1,commit-5-correction-amd-9950x3d,run-1,2,base64ct-1.8.3,encode,url-safe,unpadded,64,86,65536,1804567,2216.598220,external,avx512-vbmi,avx512-vbmi,x86_64,linux,0
1,commit-5-correction-amd-9950x3d,run-1,3,base64ct-1.8.3,encode,url-safe,unpadded,64,86,65536,1806610,2214.091586,external,avx512-vbmi,avx512-vbmi,x86_64,linux,0
1,commit-5-correction-amd-9950x3d,run-1,4,base64ct-1.8.3,encode,url-safe,unpadded,64,86,65536,1805028,2216.032106,external,avx512-vbmi,avx512-vbmi,x86_64,linux,0
1,commit-5-correction-amd-9950x3d,run-1,0,base64ct-1.8.3,decode,url-safe,unpadded,64,86,65536,6332411,631.670939,external,avx512-vbmi,avx512-vbmi,x86_64,linux,0
1,commit-5-correction-amd-9950x3d,run-1,1,base64ct-1.8.3,decode,url-safe,unpadded,64,86,65536,6341307,630.784789,external,avx512-vbmi,avx512-vbmi,x86_64,linux,0
1,commit-5-correction-amd-9950x3d,run-1,2,base64ct-1.8.3,decode,url-safe,unpadded,64,86,65536,6349333,629.987433,external,avx512-vbmi,avx512-vbmi,x86_64,linux,0
1,commit-5-correction-amd-9950x3d,run-1,3,base64ct-1.8.3,decode,url-safe,unpadded,64,86,65536,6308606,634.054496,external,avx512-vbmi,avx512-vbmi,x86_64,linux,0
1,commit-5-correction-amd-9950x3d,run-1,4,base64ct-1.8.3,decode,url-safe,unpadded,64,86,65536,6347559,630.163501,external,avx512-vbmi,avx512-vbmi,x86_64,linux,0
1,commit-5-correction-amd-9950x3d,run-1,0,base64-ng,encode,url-safe,unpadded,1024,1366,4096,4056727,986.016560,auto,avx512-vbmi,avx512-vbmi,x86_64,linux,0
1,commit-5-correction-amd-9950x3d,run-1,1,base64-ng,encode,url-safe,unpadded,1024,1366,4096,4065794,983.817675,auto,avx512-vbmi,avx512-vbmi,x86_64,linux,0
1,commit-5-correction-amd-9950x3d,run-1,2,base64-ng,encode,url-safe,unpadded,1024,1366,4096,4081363,980.064748,auto,avx512-vbmi,avx512-vbmi,x86_64,linux,0
1,commit-5-correction-amd-9950x3d,run-1,3,base64-ng,encode,url-safe,unpadded,1024,1366,4096,4073738,981.899180,auto,avx512-vbmi,avx512-vbmi,x86_64,linux,0
1,commit-5-correction-amd-9950x3d,run-1,4,base64-ng,encode,url-safe,unpadded,1024,1366,4096,4073519,981.951968,auto,avx512-vbmi,avx512-vbmi,x86_64,linux,0
1,commit-5-correction-amd-9950x3d,run-1,0,base64-ng,decode,url-safe,unpadded,1024,1366,4096,28989763,137.979741,auto,avx512-vbmi,avx512-vbmi,x86_64,linux,0
1,commit-5-correction-amd-9950x3d,run-1,1,base64-ng,decode,url-safe,unpadded,1024,1366,4096,28885006,138.480151,auto,avx512-vbmi,avx512-vbmi,x86_64,linux,0
1,commit-5-correction-amd-9950x3d,run-1,2,base64-ng,decode,url-safe,unpadded,1024,1366,4096,28963354,138.105552,auto,avx512-vbmi,avx512-vbmi,x86_64,linux,0
1,commit-5-correction-amd-9950x3d,run-1,3,base64-ng,decode,url-safe,unpadded,1024,1366,4096,28993019,137.964246,auto,avx512-vbmi,avx512-vbmi,x86_64,linux,0
1,commit-5-correction-amd-9950x3d,run-1,4,base64-ng,decode,url-safe,unpadded,1024,1366,4096,28855481,138.621844,auto,avx512-vbmi,avx512-vbmi,x86_64,linux,0
1,commit-5-correction-amd-9950x3d,run-1,0,base64-ng,encode,url-safe,unpadded,1024,1366,4096,2081878,1921.342173,scalar,avx512-vbmi,avx512-vbmi,x86_64,linux,0
1,commit-5-correction-amd-9950x3d,run-1,1,base64-ng,encode,url-safe,unpadded,1024,1366,4096,2062503,1939.391118,scalar,avx512-vbmi,avx512-vbmi,x86_64,linux,0
1,commit-5-correction-amd-9950x3d,run-1,2,base64-ng,encode,url-safe,unpadded,1024,1366,4096,2073874,1928.757485,scalar,avx512-vbmi,avx512-vbmi,x86_64,linux,0
1,commit-5-correction-amd-9950x3d,run-1,3,base64-ng,encode,url-safe,unpadded,1024,1366,4096,2076078,1926.709883,scalar,avx512-vbmi,avx512-vbmi,x86_64,linux,0
1,commit-5-correction-amd-9950x3d,run-1,4,base64-ng,encode,url-safe,unpadded,1024,1366,4096,2063484,1938.469113,scalar,avx512-vbmi,avx512-vbmi,x86_64,linux,0
1,commit-5-correction-amd-9950x3d,run-1,0,base64-ng,decode,url-safe,unpadded,1024,1366,4096,14649277,273.051018,scalar,avx512-vbmi,avx512-vbmi,x86_64,linux,0
1,commit-5-correction-amd-9950x3d,run-1,1,base64-ng,decode,url-safe,unpadded,1024,1366,4096,14691146,272.272837,scalar,avx512-vbmi,avx512-vbmi,x86_64,linux,0
1,commit-5-correction-amd-9950x3d,run-1,2,base64-ng,decode,url-safe,unpadded,1024,1366,4096,14811734,270.056160,scalar,avx512-vbmi,avx512-vbmi,x86_64,linux,0
1,commit-5-correction-amd-9950x3d,run-1,3,base64-ng,decode,url-safe,unpadded,1024,1366,4096,14815821,269.981664,scalar,avx512-vbmi,avx512-vbmi,x86_64,linux,0
1,commit-5-correction-amd-9950x3d,run-1,4,base64-ng,decode,url-safe,unpadded,1024,1366,4096,14772750,270.768814,scalar,avx512-vbmi,avx512-vbmi,x86_64,linux,0
1,commit-5-correction-amd-9950x3d,run-1,0,base64-ng,encode,url-safe,unpadded,1024,1366,4096,12738580,314.006742,ssse3-sse4.1,avx512-vbmi,avx512-vbmi,x86_64,linux,0
1,commit-5-correction-amd-9950x3d,run-1,1,base64-ng,encode,url-safe,unpadded,1024,1366,4096,12643752,316.361789,ssse3-sse4.1,avx512-vbmi,avx512-vbmi,x86_64,linux,0
1,commit-5-correction-amd-9950x3d,run-1,2,base64-ng,encode,url-safe,unpadded,1024,1366,4096,12773466,313.149148,ssse3-sse4.1,avx512-vbmi,avx512-vbmi,x86_64,linux,0
1,commit-5-correction-amd-9950x3d,run-1,3,base64-ng,encode,url-safe,unpadded,1024,1366,4096,12762165,313.426444,ssse3-sse4.1,avx512-vbmi,avx512-vbmi,x86_64,linux,0
1,commit-5-correction-amd-9950x3d,run-1,4,base64-ng,encode,url-safe,unpadded,1024,1366,4096,12679138,315.478860,ssse3-sse4.1,avx512-vbmi,avx512-vbmi,x86_64,linux,0
1,commit-5-correction-amd-9950x3d,run-1,0,base64-ng,decode,url-safe,unpadded,1024,1366,4096,53540610,74.709646,ssse3-sse4.1,avx512-vbmi,avx512-vbmi,x86_64,linux,0
1,commit-5-correction-amd-9950x3d,run-1,1,base64-ng,decode,url-safe,unpadded,1024,1366,4096,53014350,75.451269,ssse3-sse4.1,avx512-vbmi,avx512-vbmi,x86_64,linux,0
1,commit-5-correction-amd-9950x3d,run-1,2,base64-ng,decode,url-safe,unpadded,1024,1366,4096,52932345,75.568162,ssse3-sse4.1,avx512-vbmi,avx512-vbmi,x86_64,linux,0
1,commit-5-correction-amd-9950x3d,run-1,3,base64-ng,decode,url-safe,unpadded,1024,1366,4096,53147340,75.262468,ssse3-sse4.1,avx512-vbmi,avx512-vbmi,x86_64,linux,0
1,commit-5-correction-amd-9950x3d,run-1,4,base64-ng,decode,url-safe,unpadded,1024,1366,4096,53500576,74.765550,ssse3-sse4.1,avx512-vbmi,avx512-vbmi,x86_64,linux,0
1,commit-5-correction-amd-9950x3d,run-1,0,base64-ng,encode,url-safe,unpadded,1024,1366,4096,6932390,577.001582,avx2,avx512-vbmi,avx512-vbmi,x86_64,linux,0
1,commit-5-correction-amd-9950x3d,run-1,1,base64-ng,encode,url-safe,unpadded,1024,1366,4096,6926980,577.452223,avx2,avx512-vbmi,avx512-vbmi,x86_64,linux,0
1,commit-5-correction-amd-9950x3d,run-1,2,base64-ng,encode,url-safe,unpadded,1024,1366,4096,6954011,575.207603,avx2,avx512-vbmi,avx512-vbmi,x86_64,linux,0
1,commit-5-correction-amd-9950x3d,run-1,3,base64-ng,encode,url-safe,unpadded,1024,1366,4096,6944202,576.020110,avx2,avx512-vbmi,avx512-vbmi,x86_64,linux,0
1,commit-5-correction-amd-9950x3d,run-1,4,base64-ng,encode,url-safe,unpadded,1024,1366,4096,7008294,570.752311,avx2,avx512-vbmi,avx512-vbmi,x86_64,linux,0
1,commit-5-correction-amd-9950x3d,run-1,0,base64-ng,decode,url-safe,unpadded,1024,1366,4096,39786067,100.537708,avx2,avx512-vbmi,avx512-vbmi,x86_64,linux,0
1,commit-5-correction-amd-9950x3d,run-1,1,base64-ng,decode,url-safe,unpadded,1024,1366,4096,37432747,106.858308,avx2,avx512-vbmi,avx512-vbmi,x86_64,linux,0
1,commit-5-correction-amd-9950x3d,run-1,2,base64-ng,decode,url-safe,unpadded,1024,1366,4096,37273137,107.315893,avx2,avx512-vbmi,avx512-vbmi,x86_64,linux,0
1,commit-5-correction-amd-9950x3d,run-1,3,base64-ng,decode,url-safe,unpadded,1024,1366,4096,37366743,107.047061,avx2,avx512-vbmi,avx512-vbmi,x86_64,linux,0
1,commit-5-correction-amd-9950x3d,run-1,4,base64-ng,decode,url-safe,unpadded,1024,1366,4096,37139525,107.701970,avx2,avx512-vbmi,avx512-vbmi,x86_64,linux,0
1,commit-5-correction-amd-9950x3d,run-1,0,base64-ng,encode,url-safe,unpadded,1024,1366,4096,3917114,1021.159966,avx512-vbmi,avx512-vbmi,avx512-vbmi,x86_64,linux,0
1,commit-5-correction-amd-9950x3d,run-1,1,base64-ng,encode,url-safe,unpadded,1024,1366,4096,3936781,1016.058551,avx512-vbmi,avx512-vbmi,avx512-vbmi,x86_64,linux,0
1,commit-5-correction-amd-9950x3d,run-1,2,base64-ng,encode,url-safe,unpadded,1024,1366,4096,3909159,1023.237991,avx512-vbmi,avx512-vbmi,avx512-vbmi,x86_64,linux,0
1,commit-5-correction-amd-9950x3d,run-1,3,base64-ng,encode,url-safe,unpadded,1024,1366,4096,3982987,1004.271417,avx512-vbmi,avx512-vbmi,avx512-vbmi,x86_64,linux,0
1,commit-5-correction-amd-9950x3d,run-1,4,base64-ng,encode,url-safe,unpadded,1024,1366,4096,3918637,1020.763087,avx512-vbmi,avx512-vbmi,avx512-vbmi,x86_64,linux,0
1,commit-5-correction-amd-9950x3d,run-1,0,base64-ng,decode,url-safe,unpadded,1024,1366,4096,28921875,138.303620,avx512-vbmi,avx512-vbmi,avx512-vbmi,x86_64,linux,0
1,commit-5-correction-amd-9950x3d,run-1,1,base64-ng,decode,url-safe,unpadded,1024,1366,4096,28900756,138.404684,avx512-vbmi,avx512-vbmi,avx512-vbmi,x86_64,linux,0
1,commit-5-correction-amd-9950x3d,run-1,2,base64-ng,decode,url-safe,unpadded,1024,1366,4096,28669892,139.519186,avx512-vbmi,avx512-vbmi,avx512-vbmi,x86_64,linux,0
1,commit-5-correction-amd-9950x3d,run-1,3,base64-ng,decode,url-safe,unpadded,1024,1366,4096,30809970,129.828104,avx512-vbmi,avx512-vbmi,avx512-vbmi,x86_64,linux,0
1,commit-5-correction-amd-9950x3d,run-1,4,base64-ng,decode,url-safe,unpadded,1024,1366,4096,30375903,131.683328,avx512-vbmi,avx512-vbmi,avx512-vbmi,x86_64,linux,0
1,commit-5-correction-amd-9950x3d,run-1,0,base64-0.23.0,encode,url-safe,unpadded,1024,1366,4096,1078210,3709.852441,external,avx512-vbmi,avx512-vbmi,x86_64,linux,0
1,commit-5-correction-amd-9950x3d,run-1,1,base64-0.23.0,encode,url-safe,unpadded,1024,1366,4096,884184,4523.945242,external,avx512-vbmi,avx512-vbmi,x86_64,linux,0
1,commit-5-correction-amd-9950x3d,run-1,2,base64-0.23.0,encode,url-safe,unpadded,1024,1366,4096,869657,4599.514521,external,avx512-vbmi,avx512-vbmi,x86_64,linux,0
1,commit-5-correction-amd-9950x3d,run-1,3,base64-0.23.0,encode,url-safe,unpadded,1024,1366,4096,868284,4606.787641,external,avx512-vbmi,avx512-vbmi,x86_64,linux,0
1,commit-5-correction-amd-9950x3d,run-1,4,base64-0.23.0,encode,url-safe,unpadded,1024,1366,4096,869066,4602.642377,external,avx512-vbmi,avx512-vbmi,x86_64,linux,0
1,commit-5-correction-amd-9950x3d,run-1,0,base64-0.23.0,decode,url-safe,unpadded,1024,1366,4096,1029037,3887.129423,external,avx512-vbmi,avx512-vbmi,x86_64,linux,0
1,commit-5-correction-amd-9950x3d,run-1,1,base64-0.23.0,decode,url-safe,unpadded,1024,1366,4096,1057090,3783.972982,external,avx512-vbmi,avx512-vbmi,x86_64,linux,0
1,commit-5-correction-amd-9950x3d,run-1,2,base64-0.23.0,decode,url-safe,unpadded,1024,1366,4096,1057261,3783.360968,external,avx512-vbmi,avx512-vbmi,x86_64,linux,0
1,commit-5-correction-amd-9950x3d,run-1,3,base64-0.23.0,decode,url-safe,unpadded,1024,1366,4096,1142160,3502.136303,external,avx512-vbmi,avx512-vbmi,x86_64,linux,0
1,commit-5-correction-amd-9950x3d,run-1,4,base64-0.23.0,decode,url-safe,unpadded,1024,1366,4096,1329472,3008.713234,external,avx512-vbmi,avx512-vbmi,x86_64,linux,0
1,commit-5-correction-amd-9950x3d,run-1,0,base64ct-1.8.3,encode,url-safe,unpadded,1024,1366,4096,1572570,2543.606962,external,avx512-vbmi,avx512-vbmi,x86_64,linux,0
1,commit-5-correction-amd-9950x3d,run-1,1,base64ct-1.8.3,encode,url-safe,unpadded,1024,1366,4096,1905557,2099.123773,external,avx512-vbmi,avx512-vbmi,x86_64,linux,0
1,commit-5-correction-amd-9950x3d,run-1,2,base64ct-1.8.3,encode,url-safe,unpadded,1024,1366,4096,1685232,2373.560436,external,avx512-vbmi,avx512-vbmi,x86_64,linux,0
1,commit-5-correction-amd-9950x3d,run-1,3,base64ct-1.8.3,encode,url-safe,unpadded,1024,1366,4096,1829494,2186.396894,external,avx512-vbmi,avx512-vbmi,x86_64,linux,0
1,commit-5-correction-amd-9950x3d,run-1,4,base64ct-1.8.3,encode,url-safe,unpadded,1024,1366,4096,1405676,2845.605958,external,avx512-vbmi,avx512-vbmi,x86_64,linux,0
1,commit-5-correction-amd-9950x3d,run-1,0,base64ct-1.8.3,decode,url-safe,unpadded,1024,1366,4096,4856112,823.704231,external,avx512-vbmi,avx512-vbmi,x86_64,linux,0
1,commit-5-correction-amd-9950x3d,run-1,1,base64ct-1.8.3,decode,url-safe,unpadded,1024,1366,4096,4843769,825.803212,external,avx512-vbmi,avx512-vbmi,x86_64,linux,0
1,commit-5-correction-amd-9950x3d,run-1,2,base64ct-1.8.3,decode,url-safe,unpadded,1024,1366,4096,4846614,825.318459,external,avx512-vbmi,avx512-vbmi,x86_64,linux,0
1,commit-5-correction-amd-9950x3d,run-1,3,base64ct-1.8.3,decode,url-safe,unpadded,1024,1366,4096,4839901,826.463186,external,avx512-vbmi,avx512-vbmi,x86_64,linux,0
1,commit-5-correction-amd-9950x3d,run-1,4,base64ct-1.8.3,decode,url-safe,unpadded,1024,1366,4096,5214176,767.139429,external,avx512-vbmi,avx512-vbmi,x86_64,linux,0
1,commit-5-correction-amd-9950x3d,run-1,0,base64-ng,encode,url-safe,unpadded,65536,87382,64,3733228,1071.458802,auto,avx512-vbmi,avx512-vbmi,x86_64,linux,0
1,commit-5-correction-amd-9950x3d,run-1,1,base64-ng,encode,url-safe,unpadded,65536,87382,64,3887838,1028.849453,auto,avx512-vbmi,avx512-vbmi,x86_64,linux,0
1,commit-5-correction-amd-9950x3d,run-1,2,base64-ng,encode,url-safe,unpadded,65536,87382,64,3657235,1093.722443,auto,avx512-vbmi,avx512-vbmi,x86_64,linux,0
1,commit-5-correction-amd-9950x3d,run-1,3,base64-ng,encode,url-safe,unpadded,65536,87382,64,3791638,1054.953031,auto,avx512-vbmi,avx512-vbmi,x86_64,linux,0
1,commit-5-correction-amd-9950x3d,run-1,4,base64-ng,encode,url-safe,unpadded,65536,87382,64,3701358,1080.684441,auto,avx512-vbmi,avx512-vbmi,x86_64,linux,0
1,commit-5-correction-amd-9950x3d,run-1,0,base64-ng,decode,url-safe,unpadded,65536,87382,64,28822288,138.781487,auto,avx512-vbmi,avx512-vbmi,x86_64,linux,0
1,commit-5-correction-amd-9950x3d,run-1,1,base64-ng,decode,url-safe,unpadded,65536,87382,64,28835123,138.719713,auto,avx512-vbmi,avx512-vbmi,x86_64,linux,0
1,commit-5-correction-amd-9950x3d,run-1,2,base64-ng,decode,url-safe,unpadded,65536,87382,64,29482521,135.673608,auto,avx512-vbmi,avx512-vbmi,x86_64,linux,0
1,commit-5-correction-amd-9950x3d,run-1,3,base64-ng,decode,url-safe,unpadded,65536,87382,64,28936213,138.235090,auto,avx512-vbmi,avx512-vbmi,x86_64,linux,0
1,commit-5-correction-amd-9950x3d,run-1,4,base64-ng,decode,url-safe,unpadded,65536,87382,64,29212623,136.927109,auto,avx512-vbmi,avx512-vbmi,x86_64,linux,0
1,commit-5-correction-amd-9950x3d,run-1,0,base64-ng,encode,url-safe,unpadded,65536,87382,64,1926627,2076.167312,scalar,avx512-vbmi,avx512-vbmi,x86_64,linux,0
1,commit-5-correction-amd-9950x3d,run-1,1,base64-ng,encode,url-safe,unpadded,65536,87382,64,1936034,2066.079418,scalar,avx512-vbmi,avx512-vbmi,x86_64,linux,0
1,commit-5-correction-amd-9950x3d,run-1,2,base64-ng,encode,url-safe,unpadded,65536,87382,64,2024632,1975.667677,scalar,avx512-vbmi,avx512-vbmi,x86_64,linux,0
1,commit-5-correction-amd-9950x3d,run-1,3,base64-ng,encode,url-safe,unpadded,65536,87382,64,1938029,2063.952603,scalar,avx512-vbmi,avx512-vbmi,x86_64,linux,0
1,commit-5-correction-amd-9950x3d,run-1,4,base64-ng,encode,url-safe,unpadded,65536,87382,64,1937638,2064.369093,scalar,avx512-vbmi,avx512-vbmi,x86_64,linux,0
1,commit-5-correction-amd-9950x3d,run-1,0,base64-ng,decode,url-safe,unpadded,65536,87382,64,15052987,265.727991,scalar,avx512-vbmi,avx512-vbmi,x86_64,linux,0
1,commit-5-correction-amd-9950x3d,run-1,1,base64-ng,decode,url-safe,unpadded,65536,87382,64,15830271,252.680450,scalar,avx512-vbmi,avx512-vbmi,x86_64,linux,0
1,commit-5-correction-amd-9950x3d,run-1,2,base64-ng,decode,url-safe,unpadded,65536,87382,64,15246291,262.358891,scalar,avx512-vbmi,avx512-vbmi,x86_64,linux,0
1,commit-5-correction-amd-9950x3d,run-1,3,base64-ng,decode,url-safe,unpadded,65536,87382,64,14723417,271.676065,scalar,avx512-vbmi,avx512-vbmi,x86_64,linux,0
1,commit-5-correction-amd-9950x3d,run-1,4,base64-ng,decode,url-safe,unpadded,65536,87382,64,15718550,254.476399,scalar,avx512-vbmi,avx512-vbmi,x86_64,linux,0
1,commit-5-correction-amd-9950x3d,run-1,0,base64-ng,encode,url-safe,unpadded,65536,87382,64,13043725,306.660866,ssse3-sse4.1,avx512-vbmi,avx512-vbmi,x86_64,linux,0
1,commit-5-correction-amd-9950x3d,run-1,1,base64-ng,encode,url-safe,unpadded,65536,87382,64,13714337,291.665576,ssse3-sse4.1,avx512-vbmi,avx512-vbmi,x86_64,linux,0
1,commit-5-correction-amd-9950x3d,run-1,2,base64-ng,encode,url-safe,unpadded,65536,87382,64,13026172,307.074097,ssse3-sse4.1,avx512-vbmi,avx512-vbmi,x86_64,linux,0
1,commit-5-correction-amd-9950x3d,run-1,3,base64-ng,encode,url-safe,unpadded,65536,87382,64,12811859,312.210742,ssse3-sse4.1,avx512-vbmi,avx512-vbmi,x86_64,linux,0
1,commit-5-correction-amd-9950x3d,run-1,4,base64-ng,encode,url-safe,unpadded,65536,87382,64,12811107,312.229068,ssse3-sse4.1,avx512-vbmi,avx512-vbmi,x86_64,linux,0
1,commit-5-correction-amd-9950x3d,run-1,0,base64-ng,decode,url-safe,unpadded,65536,87382,64,54926510,72.824580,ssse3-sse4.1,avx512-vbmi,avx512-vbmi,x86_64,linux,0
1,commit-5-correction-amd-9950x3d,run-1,1,base64-ng,decode,url-safe,unpadded,65536,87382,64,56770200,70.459502,ssse3-sse4.1,avx512-vbmi,avx512-vbmi,x86_64,linux,0
1,commit-5-correction-amd-9950x3d,run-1,2,base64-ng,decode,url-safe,unpadded,65536,87382,64,54766729,73.037044,ssse3-sse4.1,avx512-vbmi,avx512-vbmi,x86_64,linux,0
1,commit-5-correction-amd-9950x3d,run-1,3,base64-ng,decode,url-safe,unpadded,65536,87382,64,56352645,70.981584,ssse3-sse4.1,avx512-vbmi,avx512-vbmi,x86_64,linux,0
1,commit-5-correction-amd-9950x3d,run-1,4,base64-ng,decode,url-safe,unpadded,65536,87382,64,53766165,74.396230,ssse3-sse4.1,avx512-vbmi,avx512-vbmi,x86_64,linux,0
1,commit-5-correction-amd-9950x3d,run-1,0,base64-ng,encode,url-safe,unpadded,65536,87382,64,6887897,580.728777,avx2,avx512-vbmi,avx512-vbmi,x86_64,linux,0
1,commit-5-correction-amd-9950x3d,run-1,1,base64-ng,encode,url-safe,unpadded,65536,87382,64,6882806,581.158324,avx2,avx512-vbmi,avx512-vbmi,x86_64,linux,0
1,commit-5-correction-amd-9950x3d,run-1,2,base64-ng,encode,url-safe,unpadded,65536,87382,64,6746750,592.878052,avx2,avx512-vbmi,avx512-vbmi,x86_64,linux,0
1,commit-5-correction-amd-9950x3d,run-1,3,base64-ng,encode,url-safe,unpadded,65536,87382,64,6704091,596.650612,avx2,avx512-vbmi,avx512-vbmi,x86_64,linux,0
1,commit-5-correction-amd-9950x3d,run-1,4,base64-ng,encode,url-safe,unpadded,65536,87382,64,6682109,598.613402,avx2,avx512-vbmi,avx512-vbmi,x86_64,linux,0
1,commit-5-correction-amd-9950x3d,run-1,0,base64-ng,decode,url-safe,unpadded,65536,87382,64,36809244,108.668355,avx2,avx512-vbmi,avx512-vbmi,x86_64,linux,0
1,commit-5-correction-amd-9950x3d,run-1,1,base64-ng,decode,url-safe,unpadded,65536,87382,64,37192485,107.548608,avx2,avx512-vbmi,avx512-vbmi,x86_64,linux,0
1,commit-5-correction-amd-9950x3d,run-1,2,base64-ng,decode,url-safe,unpadded,65536,87382,64,37971702,105.341604,avx2,avx512-vbmi,avx512-vbmi,x86_64,linux,0
1,commit-5-correction-amd-9950x3d,run-1,3,base64-ng,decode,url-safe,unpadded,65536,87382,64,37765994,105.915390,avx2,avx512-vbmi,avx512-vbmi,x86_64,linux,0
1,commit-5-correction-amd-9950x3d,run-1,4,base64-ng,decode,url-safe,unpadded,65536,87382,64,37954149,105.390322,avx2,avx512-vbmi,avx512-vbmi,x86_64,linux,0
1,commit-5-correction-amd-9950x3d,run-1,0,base64-ng,encode,url-safe,unpadded,65536,87382,64,3667855,1090.555652,avx512-vbmi,avx512-vbmi,avx512-vbmi,x86_64,linux,0
1,commit-5-correction-amd-9950x3d,run-1,1,base64-ng,encode,url-safe,unpadded,65536,87382,64,3754487,1065.391890,avx512-vbmi,avx512-vbmi,avx512-vbmi,x86_64,linux,0
1,commit-5-correction-amd-9950x3d,run-1,2,base64-ng,encode,url-safe,unpadded,65536,87382,64,3734059,1071.220353,avx512-vbmi,avx512-vbmi,avx512-vbmi,x86_64,linux,0
1,commit-5-correction-amd-9950x3d,run-1,3,base64-ng,encode,url-safe,unpadded,65536,87382,64,3804152,1051.482696,avx512-vbmi,avx512-vbmi,avx512-vbmi,x86_64,linux,0
1,commit-5-correction-amd-9950x3d,run-1,4,base64-ng,encode,url-safe,unpadded,65536,87382,64,3730363,1072.281706,avx512-vbmi,avx512-vbmi,avx512-vbmi,x86_64,linux,0
1,commit-5-correction-amd-9950x3d,run-1,0,base64-ng,decode,url-safe,unpadded,65536,87382,64,28893973,138.437175,avx512-vbmi,avx512-vbmi,avx512-vbmi,x86_64,linux,0
1,commit-5-correction-amd-9950x3d,run-1,1,base64-ng,decode,url-safe,unpadded,65536,87382,64,29233171,136.830862,avx512-vbmi,avx512-vbmi,avx512-vbmi,x86_64,linux,0
1,commit-5-correction-amd-9950x3d,run-1,2,base64-ng,decode,url-safe,unpadded,65536,87382,64,32376338,123.547018,avx512-vbmi,avx512-vbmi,avx512-vbmi,x86_64,linux,0
1,commit-5-correction-amd-9950x3d,run-1,3,base64-ng,decode,url-safe,unpadded,65536,87382,64,28454275,140.576416,avx512-vbmi,avx512-vbmi,avx512-vbmi,x86_64,linux,0
1,commit-5-correction-amd-9950x3d,run-1,4,base64-ng,decode,url-safe,unpadded,65536,87382,64,28309953,141.293064,avx512-vbmi,avx512-vbmi,avx512-vbmi,x86_64,linux,0
1,commit-5-correction-amd-9950x3d,run-1,0,base64-0.23.0,encode,url-safe,unpadded,65536,87382,64,847525,4719.624790,external,avx512-vbmi,avx512-vbmi,x86_64,linux,0
1,commit-5-correction-amd-9950x3d,run-1,1,base64-0.23.0,encode,url-safe,unpadded,65536,87382,64,853877,4684.515451,external,avx512-vbmi,avx512-vbmi,x86_64,linux,0
1,commit-5-correction-amd-9950x3d,run-1,2,base64-0.23.0,encode,url-safe,unpadded,65536,87382,64,1000374,3998.504559,external,avx512-vbmi,avx512-vbmi,x86_64,linux,0
1,commit-5-correction-amd-9950x3d,run-1,3,base64-0.23.0,encode,url-safe,unpadded,65536,87382,64,850461,4703.331487,external,avx512-vbmi,avx512-vbmi,x86_64,linux,0
1,commit-5-correction-amd-9950x3d,run-1,4,base64-0.23.0,encode,url-safe,unpadded,65536,87382,64,844871,4734.450585,external,avx512-vbmi,avx512-vbmi,x86_64,linux,0
1,commit-5-correction-amd-9950x3d,run-1,0,base64-0.23.0,decode,url-safe,unpadded,65536,87382,64,996556,4013.823609,external,avx512-vbmi,avx512-vbmi,x86_64,linux,0
1,commit-5-correction-amd-9950x3d,run-1,1,base64-0.23.0,decode,url-safe,unpadded,65536,87382,64,996416,4014.387565,external,avx512-vbmi,avx512-vbmi,x86_64,linux,0
1,commit-5-correction-amd-9950x3d,run-1,2,base64-0.23.0,decode,url-safe,unpadded,65536,87382,64,993811,4024.910169,external,avx512-vbmi,avx512-vbmi,x86_64,linux,0
1,commit-5-correction-amd-9950x3d,run-1,3,base64-0.23.0,decode,url-safe,unpadded,65536,87382,64,995534,4017.944139,external,avx512-vbmi,avx512-vbmi,x86_64,linux,0
1,commit-5-correction-amd-9950x3d,run-1,4,base64-0.23.0,decode,url-safe,unpadded,65536,87382,64,995033,4019.967177,external,avx512-vbmi,avx512-vbmi,x86_64,linux,0
1,commit-5-correction-amd-9950x3d,run-1,0,base64ct-1.8.3,encode,url-safe,unpadded,65536,87382,64,1422487,2811.976489,external,avx512-vbmi,avx512-vbmi,x86_64,linux,0
1,commit-5-correction-amd-9950x3d,run-1,1,base64ct-1.8.3,encode,url-safe,unpadded,65536,87382,64,1401378,2854.333378,external,avx512-vbmi,avx512-vbmi,x86_64,linux,0
1,commit-5-correction-amd-9950x3d,run-1,2,base64ct-1.8.3,encode,url-safe,unpadded,65536,87382,64,1405245,2846.478728,external,avx512-vbmi,avx512-vbmi,x86_64,linux,0
1,commit-5-correction-amd-9950x3d,run-1,3,base64ct-1.8.3,encode,url-safe,unpadded,65536,87382,64,1405075,2846.823123,external,avx512-vbmi,avx512-vbmi,x86_64,linux,0
1,commit-5-correction-amd-9950x3d,run-1,4,base64ct-1.8.3,encode,url-safe,unpadded,65536,87382,64,1404043,2848.915596,external,avx512-vbmi,avx512-vbmi,x86_64,linux,0
1,commit-5-correction-amd-9950x3d,run-1,0,base64ct-1.8.3,decode,url-safe,unpadded,65536,87382,64,4897079,816.813451,external,avx512-vbmi,avx512-vbmi,x86_64,linux,0
1,commit-5-correction-amd-9950x3d,run-1,1,base64ct-1.8.3,decode,url-safe,unpadded,65536,87382,64,4782924,836.308501,external,avx512-vbmi,avx512-vbmi,x86_64,linux,0
1,commit-5-correction-amd-9950x3d,run-1,2,base64ct-1.8.3,decode,url-safe,unpadded,65536,87382,64,5267376,759.391393,external,avx512-vbmi,avx512-vbmi,x86_64,linux,0
1,commit-5-correction-amd-9950x3d,run-1,3,base64ct-1.8.3,decode,url-safe,unpadded,65536,87382,64,4784377,836.054517,external,avx512-vbmi,avx512-vbmi,x86_64,linux,0
1,commit-5-correction-amd-9950x3d,run-1,4,base64ct-1.8.3,decode,url-safe,unpadded,65536,87382,64,4794325,834.319743,external,avx512-vbmi,avx512-vbmi,x86_64,linux,0
