backend,operation,alphabet,padding,input_len,sample_index,iterations,elapsed_ns,throughput_mib_s
scalar,encode,standard,padded,12,0,1398101,81774970,195.658845
scalar,encode,standard,padded,12,1,1398101,81727870,195.771604
scalar,encode,standard,padded,12,2,1398101,81726465,195.774969
scalar,encode,standard,padded,12,3,1398101,81722572,195.784295
scalar,encode,standard,padded,12,4,1398101,81703248,195.830601
scalar,encode,standard,padded,12,5,1398101,81715926,195.800219
scalar,encode,standard,padded,12,6,1398101,81692702,195.855882
scalar,encode,standard,padded,12,7,1398101,81796571,195.607175
scalar,encode,standard,padded,12,8,1398101,81711710,195.810321
scalar,encode,standard,padded,12,9,1398101,81692543,195.856263
scalar,encode,standard,padded,12,10,1398101,81706327,195.823222
scalar,encode,standard,padded,12,11,1398101,81690846,195.860332
scalar,encode,standard,padded,12,12,1398101,81697211,195.845072
scalar,encode,standard,padded,12,13,1398101,81705222,195.825870
scalar,encode,standard,padded,12,14,1398101,81720554,195.789130
scalar,decode,standard,padded,12,0,1398101,115017443,139.109302
scalar,decode,standard,padded,12,1,1398101,114768643,139.410868
scalar,decode,standard,padded,12,2,1398101,114906261,139.243902
scalar,decode,standard,padded,12,3,1398101,114931875,139.212870
scalar,decode,standard,padded,12,4,1398101,115162167,138.934483
scalar,decode,standard,padded,12,5,1398101,114667080,139.534347
scalar,decode,standard,padded,12,6,1398101,114903046,139.247798
scalar,decode,standard,padded,12,7,1398101,114945859,139.195934
scalar,decode,standard,padded,12,8,1398101,114869385,139.288603
scalar,decode,standard,padded,12,9,1398101,114767091,139.412754
scalar,decode,standard,padded,12,10,1398101,114777922,139.399598
scalar,decode,standard,padded,12,11,1398101,114764329,139.416109
scalar,decode,standard,padded,12,12,1398101,114829863,139.336543
scalar,decode,standard,padded,12,13,1398101,114848607,139.313803
scalar,decode,standard,padded,12,14,1398101,114806995,139.364297
neon,encode,standard,padded,12,0,1398101,22655269,706.237308
neon,encode,standard,padded,12,1,1398101,22648865,706.436997
neon,encode,standard,padded,12,2,1398101,22652067,706.337138
neon,encode,standard,padded,12,3,1398101,22649590,706.414385
neon,encode,standard,padded,12,4,1398101,22654202,706.270571
neon,encode,standard,padded,12,5,1398101,22648119,706.460267
neon,encode,standard,padded,12,6,1398101,22650930,706.372594
neon,encode,standard,padded,12,7,1398101,22654696,706.255170
neon,encode,standard,padded,12,8,1398101,22646351,706.515420
neon,encode,standard,padded,12,9,1398101,22655805,706.220599
neon,encode,standard,padded,12,10,1398101,22647676,706.474085
neon,encode,standard,padded,12,11,1398101,22641141,706.677998
neon,encode,standard,padded,12,12,1398101,22658926,706.123326
neon,encode,standard,padded,12,13,1398101,22650620,706.382262
neon,encode,standard,padded,12,14,1398101,22655375,706.234003
neon,decode,standard,padded,12,0,1398101,63923491,250.299161
neon,decode,standard,padded,12,1,1398101,63975557,250.095457
neon,decode,standard,padded,12,2,1398101,63976697,250.091001
neon,decode,standard,padded,12,3,1398101,64084280,249.671155
neon,decode,standard,padded,12,4,1398101,64144144,249.438143
neon,decode,standard,padded,12,5,1398101,64091586,249.642694
neon,decode,standard,padded,12,6,1398101,64114392,249.553894
neon,decode,standard,padded,12,7,1398101,64157835,249.384914
neon,decode,standard,padded,12,8,1398101,64146561,249.428745
neon,decode,standard,padded,12,9,1398101,64066771,249.739388
neon,decode,standard,padded,12,10,1398101,64129043,249.496881
neon,decode,standard,padded,12,11,1398101,64061448,249.760139
neon,decode,standard,padded,12,12,1398101,64177242,249.309501
neon,decode,standard,padded,12,13,1398101,64118371,249.538407
neon,decode,standard,padded,12,14,1398101,64203701,249.206758
scalar,encode,standard,padded,24,0,699050,73729469,217.009358
scalar,encode,standard,padded,24,1,699050,73728924,217.010962
scalar,encode,standard,padded,24,2,699050,73740081,216.978128
scalar,encode,standard,padded,24,3,699050,73737795,216.984855
scalar,encode,standard,padded,24,4,699050,73851948,216.649461
scalar,encode,standard,padded,24,5,699050,73740175,216.977852
scalar,encode,standard,padded,24,6,699050,73734704,216.993951
scalar,encode,standard,padded,24,7,699050,73738038,216.984140
scalar,encode,standard,padded,24,8,699050,73743049,216.969395
scalar,encode,standard,padded,24,9,699050,73729263,217.009964
scalar,encode,standard,padded,24,10,699050,73730196,217.007218
scalar,encode,standard,padded,24,11,699050,73739704,216.979237
scalar,encode,standard,padded,24,12,699050,73743851,216.967036
scalar,encode,standard,padded,24,13,699050,73725506,217.021023
scalar,encode,standard,padded,24,14,699050,73736547,216.988527
scalar,decode,standard,padded,24,0,699050,114097669,140.230601
scalar,decode,standard,padded,24,1,699050,112887883,141.733411
scalar,decode,standard,padded,24,2,699050,112815577,141.824251
scalar,decode,standard,padded,24,3,699050,112800970,141.842617
scalar,decode,standard,padded,24,4,699050,112796892,141.847745
scalar,decode,standard,padded,24,5,699050,112758436,141.896122
scalar,decode,standard,padded,24,6,699050,112811666,141.829168
scalar,decode,standard,padded,24,7,699050,112795262,141.849795
scalar,decode,standard,padded,24,8,699050,112822332,141.815760
scalar,decode,standard,padded,24,9,699050,112854175,141.775745
scalar,decode,standard,padded,24,10,699050,112986703,141.609449
scalar,decode,standard,padded,24,11,699050,112893317,141.726589
scalar,decode,standard,padded,24,12,699050,112861268,141.766835
scalar,decode,standard,padded,24,13,699050,112838860,141.794987
scalar,decode,standard,padded,24,14,699050,112858081,141.770838
neon,encode,standard,padded,24,0,699050,17539131,912.245010
neon,encode,standard,padded,24,1,699050,17853268,896.193612
neon,encode,standard,padded,24,2,699050,17649278,906.551800
neon,encode,standard,padded,24,3,699050,17708884,903.500454
neon,encode,standard,padded,24,4,699050,17760930,900.852869
neon,encode,standard,padded,24,5,699050,17820912,897.820759
neon,encode,standard,padded,24,6,699050,17423014,918.324737
neon,encode,standard,padded,24,7,699050,17712248,903.328857
neon,encode,standard,padded,24,8,699050,17651806,906.421968
neon,encode,standard,padded,24,9,699050,17587855,909.717799
neon,encode,standard,padded,24,10,699050,17634151,907.329462
neon,encode,standard,padded,24,11,699050,17562262,911.043506
neon,encode,standard,padded,24,12,699050,17445997,917.114954
neon,encode,standard,padded,24,13,699050,17651840,906.420223
neon,encode,standard,padded,24,14,699050,17640001,907.028562
neon,decode,standard,padded,24,0,699050,57551126,278.013409
neon,decode,standard,padded,24,1,699050,57546680,278.034888
neon,decode,standard,padded,24,2,699050,57509293,278.215640
neon,decode,standard,padded,24,3,699050,57521434,278.156917
neon,decode,standard,padded,24,4,699050,57676761,277.407824
neon,decode,standard,padded,24,5,699050,57544626,278.044812
neon,decode,standard,padded,24,6,699050,57307007,279.197703
neon,decode,standard,padded,24,7,699050,57230694,279.569993
neon,decode,standard,padded,24,8,699050,57224891,279.598344
neon,decode,standard,padded,24,9,699050,57192065,279.758822
neon,decode,standard,padded,24,10,699050,57224610,279.599717
neon,decode,standard,padded,24,11,699050,57214683,279.648228
neon,decode,standard,padded,24,12,699050,57233345,279.557044
neon,decode,standard,padded,24,13,699050,57209406,279.674023
neon,decode,standard,padded,24,14,699050,57303144,279.216525
scalar,encode,standard,padded,48,0,349525,69759714,229.358520
scalar,encode,standard,padded,48,1,349525,69757235,229.366671
scalar,encode,standard,padded,48,2,349525,69752592,229.381938
scalar,encode,standard,padded,48,3,349525,69755707,229.371695
scalar,encode,standard,padded,48,4,349525,69750099,229.390137
scalar,encode,standard,padded,48,5,349525,69856173,229.041816
scalar,encode,standard,padded,48,6,349525,69762647,229.348877
scalar,encode,standard,padded,48,7,349525,69758421,229.362771
scalar,encode,standard,padded,48,8,349525,69755092,229.373717
scalar,encode,standard,padded,48,9,349525,69752554,229.382063
scalar,encode,standard,padded,48,10,349525,69753465,229.379067
scalar,encode,standard,padded,48,11,349525,69745750,229.404440
scalar,encode,standard,padded,48,12,349525,69767547,229.332769
scalar,encode,standard,padded,48,13,349525,69756245,229.369926
scalar,encode,standard,padded,48,14,349525,69761480,229.352714
scalar,decode,standard,padded,48,0,349525,110539882,144.744001
scalar,decode,standard,padded,48,1,349525,110612024,144.649597
scalar,decode,standard,padded,48,2,349525,110721345,144.506777
scalar,decode,standard,padded,48,3,349525,110528371,144.759075
scalar,decode,standard,padded,48,4,349525,110541288,144.742160
scalar,decode,standard,padded,48,5,349525,110546937,144.734763
scalar,decode,standard,padded,48,6,349525,110541487,144.741899
scalar,decode,standard,padded,48,7,349525,110560113,144.717514
scalar,decode,standard,padded,48,8,349525,110552877,144.726987
scalar,decode,standard,padded,48,9,349525,110544621,144.737795
scalar,decode,standard,padded,48,10,349525,110550320,144.730334
scalar,decode,standard,padded,48,11,349525,110721986,144.505941
scalar,decode,standard,padded,48,12,349525,110563163,144.713522
scalar,decode,standard,padded,48,13,349525,110542852,144.740112
scalar,decode,standard,padded,48,14,349525,110526230,144.761879
neon,encode,standard,padded,48,0,349525,12129097,1319.140637
neon,encode,standard,padded,48,1,349525,12105416,1321.721182
neon,encode,standard,padded,48,2,349525,12109291,1321.298228
neon,encode,standard,padded,48,3,349525,12124869,1319.600628
neon,encode,standard,padded,48,4,349525,12118330,1320.312678
neon,encode,standard,padded,48,5,349525,12104650,1321.804822
neon,encode,standard,padded,48,6,349525,12143522,1317.573661
neon,encode,standard,padded,48,7,349525,12183322,1313.269463
neon,encode,standard,padded,48,8,349525,12188654,1312.694965
neon,encode,standard,padded,48,9,349525,12162726,1315.493315
neon,encode,standard,padded,48,10,349525,12173583,1314.320093
neon,encode,standard,padded,48,11,349525,12250432,1306.075144
neon,encode,standard,padded,48,12,349525,12162699,1315.496235
neon,encode,standard,padded,48,13,349525,12142528,1317.681519
neon,encode,standard,padded,48,14,349525,12168602,1314.858087
neon,decode,standard,padded,48,0,349525,52715123,303.517925
neon,decode,standard,padded,48,1,349525,52756705,303.278697
neon,decode,standard,padded,48,2,349525,52720678,303.485944
neon,decode,standard,padded,48,3,349525,52658565,303.843919
neon,decode,standard,padded,48,4,349525,52633108,303.990879
neon,decode,standard,padded,48,5,349525,52628903,304.015167
neon,decode,standard,padded,48,6,349525,52742502,303.360367
neon,decode,standard,padded,48,7,349525,52722246,303.476918
neon,decode,standard,padded,48,8,349525,52738483,303.383485
neon,decode,standard,padded,48,9,349525,52844487,302.774909
neon,decode,standard,padded,48,10,349525,52688686,303.670218
neon,decode,standard,padded,48,11,349525,52609244,304.128771
neon,decode,standard,padded,48,12,349525,52584810,304.270088
neon,decode,standard,padded,48,13,349525,52680083,303.719809
neon,decode,standard,padded,48,14,349525,52708761,303.554560
scalar,encode,standard,padded,64,0,262144,26910627,594.560654
scalar,encode,standard,padded,64,1,262144,26939711,593.918769
scalar,encode,standard,padded,64,2,262144,26929545,594.142976
scalar,encode,standard,padded,64,3,262144,26963598,593.392618
scalar,encode,standard,padded,64,4,262144,26934146,594.041482
scalar,encode,standard,padded,64,5,262144,26886297,595.098685
scalar,encode,standard,padded,64,6,262144,26916001,594.441946
scalar,encode,standard,padded,64,7,262144,26869329,595.474491
scalar,encode,standard,padded,64,8,262144,26854110,595.811963
scalar,encode,standard,padded,64,9,262144,26892888,594.952837
scalar,encode,standard,padded,64,10,262144,26862025,595.636405
scalar,encode,standard,padded,64,11,262144,26859328,595.696214
scalar,encode,standard,padded,64,12,262144,26857501,595.736737
scalar,encode,standard,padded,64,13,262144,26877947,595.283561
scalar,encode,standard,padded,64,14,262144,26868342,595.496365
scalar,decode,standard,padded,64,0,262144,111214231,143.866481
scalar,decode,standard,padded,64,1,262144,111126423,143.980159
scalar,decode,standard,padded,64,2,262144,111943281,142.929525
scalar,decode,standard,padded,64,3,262144,112754727,141.900924
scalar,decode,standard,padded,64,4,262144,112861484,141.766699
scalar,decode,standard,padded,64,5,262144,112879575,141.743978
scalar,decode,standard,padded,64,6,262144,112898646,141.720034
scalar,decode,standard,padded,64,7,262144,112830985,141.805019
scalar,decode,standard,padded,64,8,262144,112853413,141.776838
scalar,decode,standard,padded,64,9,262144,112889809,141.731128
scalar,decode,standard,padded,64,10,262144,112897478,141.721501
scalar,decode,standard,padded,64,11,262144,113011321,141.578736
scalar,decode,standard,padded,64,12,262144,112877948,141.746021
scalar,decode,standard,padded,64,13,262144,112878410,141.745441
scalar,decode,standard,padded,64,14,262144,112929515,141.681296
neon,encode,standard,padded,64,0,262144,15836792,1010.305623
neon,encode,standard,padded,64,1,262144,15820760,1011.329418
neon,encode,standard,padded,64,2,262144,15886762,1007.127821
neon,encode,standard,padded,64,3,262144,15816593,1011.595860
neon,encode,standard,padded,64,4,262144,15857125,1009.010145
neon,encode,standard,padded,64,5,262144,15854499,1009.177269
neon,encode,standard,padded,64,6,262144,15845048,1009.779207
neon,encode,standard,padded,64,7,262144,15869309,1008.235456
neon,encode,standard,padded,64,8,262144,15802172,1012.519039
neon,encode,standard,padded,64,9,262144,15839254,1010.148584
neon,encode,standard,padded,64,10,262144,15867063,1008.378173
neon,encode,standard,padded,64,11,262144,15903735,1006.052981
neon,encode,standard,padded,64,12,262144,15859646,1008.849756
neon,encode,standard,padded,64,13,262144,15846621,1009.678972
neon,encode,standard,padded,64,14,262144,15791623,1013.195414
neon,decode,standard,padded,64,0,262144,62452635,256.194154
neon,decode,standard,padded,64,1,262144,62485234,256.060496
neon,decode,standard,padded,64,2,262144,62516176,255.933760
neon,decode,standard,padded,64,3,262144,62534342,255.859412
neon,decode,standard,padded,64,4,262144,62657451,255.356701
neon,decode,standard,padded,64,5,262144,62714072,255.126154
neon,decode,standard,padded,64,6,262144,62598231,255.598277
neon,decode,standard,padded,64,7,262144,62606609,255.564073
neon,decode,standard,padded,64,8,262144,62625268,255.487929
neon,decode,standard,padded,64,9,262144,62628835,255.473377
neon,decode,standard,padded,64,10,262144,62595157,255.610829
neon,decode,standard,padded,64,11,262144,62574976,255.693266
neon,decode,standard,padded,64,12,262144,62629368,255.471203
neon,decode,standard,padded,64,13,262144,62723348,255.088424
neon,decode,standard,padded,64,14,262144,62776989,254.870459
scalar,encode,standard,padded,96,0,174762,39629568,403.737405
scalar,encode,standard,padded,96,1,174762,39634352,403.688673
scalar,encode,standard,padded,96,2,174762,39619294,403.842102
scalar,encode,standard,padded,96,3,174762,39612777,403.908541
scalar,encode,standard,padded,96,4,174762,39614895,403.886946
scalar,encode,standard,padded,96,5,174762,39620196,403.832908
scalar,encode,standard,padded,96,6,174762,39629460,403.738506
scalar,encode,standard,padded,96,7,174762,39627276,403.760757
scalar,encode,standard,padded,96,8,174762,39626381,403.769877
scalar,encode,standard,padded,96,9,174762,39693426,403.087881
scalar,encode,standard,padded,96,10,174762,39600648,404.032251
scalar,encode,standard,padded,96,11,174762,39601883,404.019651
scalar,encode,standard,padded,96,12,174762,39614449,403.891493
scalar,encode,standard,padded,96,13,174762,39613179,403.904442
scalar,encode,standard,padded,96,14,174762,39611014,403.926518
scalar,decode,standard,padded,96,0,174762,112790621,141.855225
scalar,decode,standard,padded,96,1,174762,112491093,142.232941
scalar,decode,standard,padded,96,2,174762,112294591,142.481831
scalar,decode,standard,padded,96,3,174762,112149525,142.666132
scalar,decode,standard,padded,96,4,174762,112147099,142.669218
scalar,decode,standard,padded,96,5,174762,112125385,142.696848
scalar,decode,standard,padded,96,6,174762,112152981,142.661736
scalar,decode,standard,padded,96,7,174762,112171000,142.638819
scalar,decode,standard,padded,96,8,174762,111501111,143.495781
scalar,decode,standard,padded,96,9,174762,111419445,143.600957
scalar,decode,standard,padded,96,10,174762,111497404,143.500552
scalar,decode,standard,padded,96,11,174762,111493140,143.506040
scalar,decode,standard,padded,96,12,174762,111442462,143.571298
scalar,decode,standard,padded,96,13,174762,111458249,143.550963
scalar,decode,standard,padded,96,14,174762,111414762,143.606993
neon,encode,standard,padded,96,0,174762,9644528,1658.965474
neon,encode,standard,padded,96,1,174762,9660192,1656.275462
neon,encode,standard,padded,96,2,174762,9655185,1657.134375
neon,encode,standard,padded,96,3,174762,9639936,1659.755725
neon,encode,standard,padded,96,4,174762,9640617,1659.638482
neon,encode,standard,padded,96,5,174762,9707554,1648.194691
neon,encode,standard,padded,96,6,174762,9609362,1665.036551
neon,encode,standard,padded,96,7,174762,9767257,1638.119993
neon,encode,standard,padded,96,8,174762,9657240,1656.781748
neon,encode,standard,padded,96,9,174762,9682494,1652.460509
neon,encode,standard,padded,96,10,174762,9612288,1664.529711
neon,encode,standard,padded,96,11,174762,9656788,1656.859296
neon,encode,standard,padded,96,12,174762,9744510,1641.943922
neon,encode,standard,padded,96,13,174762,9637675,1660.145104
neon,encode,standard,padded,96,14,174762,9699159,1649.621268
neon,decode,standard,padded,96,0,174762,50779909,315.084042
neon,decode,standard,padded,96,1,174762,50735940,315.357101
neon,decode,standard,padded,96,2,174762,50652031,315.879515
neon,decode,standard,padded,96,3,174762,50699617,315.583034
neon,decode,standard,padded,96,4,174762,50752189,315.256135
neon,decode,standard,padded,96,5,174762,50729047,315.399952
neon,decode,standard,padded,96,6,174762,50746842,315.289353
neon,decode,standard,padded,96,7,174762,50785813,315.047412
neon,decode,standard,padded,96,8,174762,50732073,315.381139
neon,decode,standard,padded,96,9,174762,50730366,315.391751
neon,decode,standard,padded,96,10,174762,50717249,315.473321
neon,decode,standard,padded,96,11,174762,50765982,315.170481
neon,decode,standard,padded,96,12,174762,50738636,315.340345
neon,decode,standard,padded,96,13,174762,50734454,315.366338
neon,decode,standard,padded,96,14,174762,50783038,315.064628
scalar,encode,standard,padded,192,0,87381,24721928,647.196245
scalar,encode,standard,padded,192,1,87381,24721633,647.203968
scalar,encode,standard,padded,192,2,87381,24679172,648.317495
scalar,encode,standard,padded,192,3,87381,24677204,648.369198
scalar,encode,standard,padded,192,4,87381,24706685,647.595538
scalar,encode,standard,padded,192,5,87381,24680074,648.293800
scalar,encode,standard,padded,192,6,87381,24720477,647.234233
scalar,encode,standard,padded,192,7,87381,24765411,646.059900
scalar,encode,standard,padded,192,8,87381,24653065,649.004047
scalar,encode,standard,padded,192,9,87381,24701397,647.734173
scalar,encode,standard,padded,192,10,87381,24698324,647.814765
scalar,encode,standard,padded,192,11,87381,24726202,647.084375
scalar,encode,standard,padded,192,12,87381,24690933,648.008683
scalar,encode,standard,padded,192,13,87381,24694303,647.920250
scalar,encode,standard,padded,192,14,87381,24699433,647.785679
scalar,decode,standard,padded,192,0,87381,109923101,145.555746
scalar,decode,standard,padded,192,1,87381,109882267,145.609837
scalar,decode,standard,padded,192,2,87381,109890557,145.598852
scalar,decode,standard,padded,192,3,87381,109904325,145.580613
scalar,decode,standard,padded,192,4,87381,109885897,145.605027
scalar,decode,standard,padded,192,5,87381,109876335,145.617698
scalar,decode,standard,padded,192,6,87381,109914274,145.567435
scalar,decode,standard,padded,192,7,87381,109964542,145.500892
scalar,decode,standard,padded,192,8,87381,109907713,145.576125
scalar,decode,standard,padded,192,9,87381,109917101,145.563691
scalar,decode,standard,padded,192,10,87381,109898001,145.588990
scalar,decode,standard,padded,192,11,87381,109914567,145.567047
scalar,decode,standard,padded,192,12,87381,109891989,145.596955
scalar,decode,standard,padded,192,13,87381,109869327,145.626986
scalar,decode,standard,padded,192,14,87381,109908518,145.575059
neon,encode,standard,padded,192,0,87381,8172269,1957.833126
neon,encode,standard,padded,192,1,87381,8179278,1956.155417
neon,encode,standard,padded,192,2,87381,8176422,1956.838696
neon,encode,standard,padded,192,3,87381,8134905,1966.825546
neon,encode,standard,padded,192,4,87381,8178389,1956.368053
neon,encode,standard,padded,192,5,87381,8141572,1965.214944
neon,encode,standard,padded,192,6,87381,8115193,1971.603012
neon,encode,standard,padded,192,7,87381,8113608,1971.988167
neon,encode,standard,padded,192,8,87381,8142455,1965.001829
neon,encode,standard,padded,192,9,87381,8135852,1966.596610
neon,encode,standard,padded,192,10,87381,8149045,1963.412764
neon,encode,standard,padded,192,11,87381,8147995,1963.665781
neon,encode,standard,padded,192,12,87381,8138951,1965.847806
neon,encode,standard,padded,192,13,87381,8162813,1960.101127
neon,encode,standard,padded,192,14,87381,8176732,1956.764507
neon,decode,standard,padded,192,0,87381,54912669,291.370630
neon,decode,standard,padded,192,1,87381,50818511,314.844702
neon,decode,standard,padded,192,2,87381,50666424,315.789782
neon,decode,standard,padded,192,3,87381,50754729,315.240358
neon,decode,standard,padded,192,4,87381,50869891,314.526700
neon,decode,standard,padded,192,5,87381,50775735,315.109943
neon,decode,standard,padded,192,6,87381,50625320,316.046179
neon,decode,standard,padded,192,7,87381,50691277,315.634956
neon,decode,standard,padded,192,8,87381,50632701,316.000108
neon,decode,standard,padded,192,9,87381,50657369,315.846229
neon,decode,standard,padded,192,10,87381,50641432,315.945627
neon,decode,standard,padded,192,11,87381,50685368,315.671753
neon,decode,standard,padded,192,12,87381,50612208,316.128057
neon,decode,standard,padded,192,13,87381,50659114,315.835349
neon,decode,standard,padded,192,14,87381,50614608,316.113067
scalar,encode,standard,padded,384,0,43690,17117923,934.678574
scalar,encode,standard,padded,384,1,43690,17134380,933.780846
scalar,encode,standard,padded,384,2,43690,17138534,933.554519
scalar,encode,standard,padded,384,3,43690,17135862,933.700088
scalar,encode,standard,padded,384,4,43690,17145284,933.186984
scalar,encode,standard,padded,384,5,43690,17131827,933.919999
scalar,encode,standard,padded,384,6,43690,17138652,933.548091
scalar,encode,standard,padded,384,7,43690,17137423,933.615040
scalar,encode,standard,padded,384,8,43690,17131468,933.939570
scalar,encode,standard,padded,384,9,43690,17134749,933.760737
scalar,encode,standard,padded,384,10,43690,17129452,934.049487
scalar,encode,standard,padded,384,11,43690,17139179,933.519386
scalar,encode,standard,padded,384,12,43690,17133118,933.849627
scalar,encode,standard,padded,384,13,43690,17136064,933.689082
scalar,encode,standard,padded,384,14,43690,17133057,933.852952
scalar,decode,standard,padded,384,0,43690,109515985,146.095165
scalar,decode,standard,padded,384,1,43690,109564340,146.030687
scalar,decode,standard,padded,384,2,43690,109554648,146.043606
scalar,decode,standard,padded,384,3,43690,109542491,146.059814
scalar,decode,standard,padded,384,4,43690,109577596,146.013021
scalar,decode,standard,padded,384,5,43690,109551251,146.048135
scalar,decode,standard,padded,384,6,43690,109564886,146.029959
scalar,decode,standard,padded,384,7,43690,109547972,146.052506
scalar,decode,standard,padded,384,8,43690,109560630,146.035632
scalar,decode,standard,padded,384,9,43690,109642534,145.926542
scalar,decode,standard,padded,384,10,43690,109554428,146.043899
scalar,decode,standard,padded,384,11,43690,109536059,146.068391
scalar,decode,standard,padded,384,12,43690,109535452,146.069200
scalar,decode,standard,padded,384,13,43690,109571288,146.021427
scalar,decode,standard,padded,384,14,43690,109542274,146.060103
neon,encode,standard,padded,384,0,43690,7494013,2135.005085
neon,encode,standard,padded,384,1,43690,7484448,2137.733586
neon,encode,standard,padded,384,2,43690,7493235,2135.226756
neon,encode,standard,padded,384,3,43690,7496394,2134.326966
neon,encode,standard,padded,384,4,43690,7490066,2136.130157
neon,encode,standard,padded,384,5,43690,7492030,2135.570180
neon,encode,standard,padded,384,6,43690,7504118,2132.130100
neon,encode,standard,padded,384,7,43690,7504529,2132.013329
neon,encode,standard,padded,384,8,43690,7499116,2133.552256
neon,encode,standard,padded,384,9,43690,7498612,2133.695657
neon,encode,standard,padded,384,10,43690,7484664,2137.671893
neon,encode,standard,padded,384,11,43690,7497019,2134.149034
neon,encode,standard,padded,384,12,43690,7497164,2134.107759
neon,encode,standard,padded,384,13,43690,7498169,2133.821718
neon,encode,standard,padded,384,14,43690,7498896,2133.614849
neon,decode,standard,padded,384,0,43690,53464815,299.257668
neon,decode,standard,padded,384,1,43690,51806123,308.839090
neon,decode,standard,padded,384,2,43690,52156425,306.764811
neon,decode,standard,padded,384,3,43690,51712080,309.400741
neon,decode,standard,padded,384,4,43690,51294425,311.919977
neon,decode,standard,padded,384,5,43690,51013503,313.637663
neon,decode,standard,padded,384,6,43690,51766668,309.074477
neon,decode,standard,padded,384,7,43690,51763962,309.090635
neon,decode,standard,padded,384,8,43690,51997070,307.704951
neon,decode,standard,padded,384,9,43690,50907437,314.291129
neon,decode,standard,padded,384,10,43690,50338953,317.840458
neon,decode,standard,padded,384,11,43690,50334454,317.868867
neon,decode,standard,padded,384,12,43690,50337296,317.850920
neon,decode,standard,padded,384,13,43690,51711310,309.405348
neon,decode,standard,padded,384,14,43690,50991641,313.772131
scalar,encode,standard,padded,768,0,21845,14154071,1130.399576
scalar,encode,standard,padded,768,1,21845,14155778,1130.263265
scalar,encode,standard,padded,768,2,21845,14158481,1130.047486
scalar,encode,standard,padded,768,3,21845,14160122,1129.916526
scalar,encode,standard,padded,768,4,21845,14153178,1130.470899
scalar,encode,standard,padded,768,5,21845,14159999,1129.926341
scalar,encode,standard,padded,768,6,21845,14160362,1129.897375
scalar,encode,standard,padded,768,7,21845,14154510,1130.364517
scalar,encode,standard,padded,768,8,21845,14156525,1130.203624
scalar,encode,standard,padded,768,9,21845,14159585,1129.959378
scalar,encode,standard,padded,768,10,21845,14159186,1129.991220
scalar,encode,standard,padded,768,11,21845,14161325,1129.820540
scalar,encode,standard,padded,768,12,21845,14160467,1129.888997
scalar,encode,standard,padded,768,13,21845,14153177,1130.470979
scalar,encode,standard,padded,768,14,21845,14157377,1130.135608
scalar,decode,standard,padded,768,0,21845,108966377,146.832044
scalar,decode,standard,padded,768,1,21845,108957137,146.844496
scalar,decode,standard,padded,768,2,21845,109081445,146.677154
scalar,decode,standard,padded,768,3,21845,108986202,146.805335
scalar,decode,standard,padded,768,4,21845,108970786,146.826103
scalar,decode,standard,padded,768,5,21845,108998481,146.788797
scalar,decode,standard,padded,768,6,21845,108992032,146.797482
scalar,decode,standard,padded,768,7,21845,108981076,146.812240
scalar,decode,standard,padded,768,8,21845,108982174,146.810761
scalar,decode,standard,padded,768,9,21845,108990303,146.799811
scalar,decode,standard,padded,768,10,21845,109000190,146.786495
scalar,decode,standard,padded,768,11,21845,109076859,146.683320
scalar,decode,standard,padded,768,12,21845,109187832,146.534239
scalar,decode,standard,padded,768,13,21845,109152992,146.581010
scalar,decode,standard,padded,768,14,21845,109153838,146.579874
neon,encode,standard,padded,768,0,21845,7190977,2224.976642
neon,encode,standard,padded,768,1,21845,7188216,2225.831258
neon,encode,standard,padded,768,2,21845,7201570,2221.703859
neon,encode,standard,padded,768,3,21845,7169105,2231.764754
neon,encode,standard,padded,768,4,21845,7186626,2226.323710
neon,encode,standard,padded,768,5,21845,7199116,2222.461183
neon,encode,standard,padded,768,6,21845,7195046,2223.718356
neon,encode,standard,padded,768,7,21845,7192357,2224.549735
neon,encode,standard,padded,768,8,21845,7185691,2226.613399
neon,encode,standard,padded,768,9,21845,7186168,2226.465602
neon,encode,standard,padded,768,10,21845,7194067,2224.020969
neon,encode,standard,padded,768,11,21845,7188360,2225.786669
neon,encode,standard,padded,768,12,21845,7195252,2223.654691
neon,encode,standard,padded,768,13,21845,7184153,2227.090077
neon,encode,standard,padded,768,14,21845,7186215,2226.451040
neon,decode,standard,padded,768,0,21845,54687363,292.567697
neon,decode,standard,padded,768,1,21845,52295756,305.947501
neon,decode,standard,padded,768,2,21845,52131091,306.913889
neon,decode,standard,padded,768,3,21845,52016184,307.591881
neon,decode,standard,padded,768,4,21845,51697723,309.486665
neon,decode,standard,padded,768,5,21845,51702431,309.458483
neon,decode,standard,padded,768,6,21845,51700735,309.468634
neon,decode,standard,padded,768,7,21845,52840662,302.792495
neon,decode,standard,padded,768,8,21845,52928405,302.290535
neon,decode,standard,padded,768,9,21845,52240145,306.273190
neon,decode,standard,padded,768,10,21845,52280089,306.039186
neon,decode,standard,padded,768,11,21845,52355846,305.596358
neon,decode,standard,padded,768,12,21845,51422706,311.141850
neon,decode,standard,padded,768,13,21845,51273997,312.044248
neon,decode,standard,padded,768,14,21845,51226741,312.332105
scalar,encode,standard,padded,1024,0,16384,10636543,1504.248138
scalar,encode,standard,padded,1024,1,16384,10594854,1510.167106
scalar,encode,standard,padded,1024,2,16384,10606085,1508.567959
scalar,encode,standard,padded,1024,3,16384,10598889,1509.592185
scalar,encode,standard,padded,1024,4,16384,10603236,1508.973298
scalar,encode,standard,padded,1024,5,16384,10598488,1509.649301
scalar,encode,standard,padded,1024,6,16384,10593332,1510.384079
scalar,encode,standard,padded,1024,7,16384,10598474,1509.651295
scalar,encode,standard,padded,1024,8,16384,10594690,1510.190482
scalar,encode,standard,padded,1024,9,16384,10598822,1509.601727
scalar,encode,standard,padded,1024,10,16384,10600384,1509.379283
scalar,encode,standard,padded,1024,11,16384,10603169,1508.982833
scalar,encode,standard,padded,1024,12,16384,10595833,1510.027574
scalar,encode,standard,padded,1024,13,16384,10599879,1509.451193
scalar,encode,standard,padded,1024,14,16384,10605907,1508.593277
scalar,decode,standard,padded,1024,0,16384,109216253,146.498342
scalar,decode,standard,padded,1024,1,16384,109512517,146.102020
scalar,decode,standard,padded,1024,2,16384,110159250,145.244271
scalar,decode,standard,padded,1024,3,16384,109425903,146.217665
scalar,decode,standard,padded,1024,4,16384,109416119,146.230740
scalar,decode,standard,padded,1024,5,16384,109515565,146.097954
scalar,decode,standard,padded,1024,6,16384,109436922,146.202942
scalar,decode,standard,padded,1024,7,16384,109422660,146.221998
scalar,decode,standard,padded,1024,8,16384,109420998,146.224219
scalar,decode,standard,padded,1024,9,16384,109428603,146.214057
scalar,decode,standard,padded,1024,10,16384,109431362,146.210371
scalar,decode,standard,padded,1024,11,16384,109437201,146.202570
scalar,decode,standard,padded,1024,12,16384,109410281,146.238542
scalar,decode,standard,padded,1024,13,16384,110238561,145.139776
scalar,decode,standard,padded,1024,14,16384,108510317,147.451417
neon,encode,standard,padded,1024,0,16384,7384359,2166.741893
neon,encode,standard,padded,1024,1,16384,7377850,2168.653470
neon,encode,standard,padded,1024,2,16384,7368649,2171.361399
neon,encode,standard,padded,1024,3,16384,7371023,2170.662064
neon,encode,standard,padded,1024,4,16384,7381823,2167.486270
neon,encode,standard,padded,1024,5,16384,7379726,2168.102176
neon,encode,standard,padded,1024,6,16384,7368221,2171.487527
neon,encode,standard,padded,1024,7,16384,7389410,2165.260826
neon,encode,standard,padded,1024,8,16384,7381254,2167.653355
neon,encode,standard,padded,1024,9,16384,7364574,2172.562867
neon,encode,standard,padded,1024,10,16384,7366721,2171.929682
neon,encode,standard,padded,1024,11,16384,7398224,2162.681206
neon,encode,standard,padded,1024,12,16384,7376973,2168.911287
neon,encode,standard,padded,1024,13,16384,7360329,2173.815872
neon,encode,standard,padded,1024,14,16384,7370775,2170.735099
neon,decode,standard,padded,1024,0,16384,51568904,310.264496
neon,decode,standard,padded,1024,1,16384,51476700,310.820235
neon,decode,standard,padded,1024,2,16384,51463686,310.898835
neon,decode,standard,padded,1024,3,16384,51460097,310.920518
neon,decode,standard,padded,1024,4,16384,51466723,310.880489
neon,decode,standard,padded,1024,5,16384,51472162,310.847638
neon,decode,standard,padded,1024,6,16384,51470033,310.860496
neon,decode,standard,padded,1024,7,16384,51484023,310.776025
neon,decode,standard,padded,1024,8,16384,51470599,310.857078
neon,decode,standard,padded,1024,9,16384,51494494,310.712831
neon,decode,standard,padded,1024,10,16384,51490785,310.735212
neon,decode,standard,padded,1024,11,16384,51481510,310.791195
neon,decode,standard,padded,1024,12,16384,51485487,310.767188
neon,decode,standard,padded,1024,13,16384,51481847,310.789160
neon,decode,standard,padded,1024,14,16384,51485870,310.764876
scalar,encode,standard,padded,4096,0,4096,9875563,1620.160795
scalar,encode,standard,padded,4096,1,4096,9779145,1636.134856
scalar,encode,standard,padded,4096,2,4096,9778754,1636.200277
scalar,encode,standard,padded,4096,3,4096,9780261,1635.948161
scalar,encode,standard,padded,4096,4,4096,9782351,1635.598641
scalar,encode,standard,padded,4096,5,4096,9780358,1635.931936
scalar,encode,standard,padded,4096,6,4096,9779938,1636.002191
scalar,encode,standard,padded,4096,7,4096,9785711,1635.037045
scalar,encode,standard,padded,4096,8,4096,9780510,1635.906512
scalar,encode,standard,padded,4096,9,4096,9782102,1635.640274
scalar,encode,standard,padded,4096,10,4096,9778299,1636.276412
scalar,encode,standard,padded,4096,11,4096,9781293,1635.775556
scalar,encode,standard,padded,4096,12,4096,9780733,1635.869213
scalar,encode,standard,padded,4096,13,4096,9782596,1635.557678
scalar,encode,standard,padded,4096,14,4096,9779209,1636.124149
scalar,decode,standard,padded,4096,0,4096,106540627,150.177453
scalar,decode,standard,padded,4096,1,4096,106523773,150.201214
scalar,decode,standard,padded,4096,2,4096,106575232,150.128690
scalar,decode,standard,padded,4096,3,4096,106458630,150.293123
scalar,decode,standard,padded,4096,4,4096,106449620,150.305844
scalar,decode,standard,padded,4096,5,4096,106488835,150.250493
scalar,decode,standard,padded,4096,6,4096,106437704,150.322671
scalar,decode,standard,padded,4096,7,4096,106430645,150.332642
scalar,decode,standard,padded,4096,8,4096,106537839,150.181383
scalar,decode,standard,padded,4096,9,4096,106467178,150.281057
scalar,decode,standard,padded,4096,10,4096,111640945,143.316594
scalar,decode,standard,padded,4096,11,4096,110729595,144.496148
scalar,decode,standard,padded,4096,12,4096,109618673,145.960534
scalar,decode,standard,padded,4096,13,4096,109212687,146.503126
scalar,decode,standard,padded,4096,14,4096,109227925,146.482687
neon,encode,standard,padded,4096,0,4096,6945516,2303.644538
neon,encode,standard,padded,4096,1,4096,6944432,2304.004129
neon,encode,standard,padded,4096,2,4096,6945046,2303.800436
neon,encode,standard,padded,4096,3,4096,6937383,2306.345203
neon,encode,standard,padded,4096,4,4096,6931333,2308.358291
neon,encode,standard,padded,4096,5,4096,6938241,2306.059994
neon,encode,standard,padded,4096,6,4096,6942007,2304.808970
neon,encode,standard,padded,4096,7,4096,6943609,2304.277214
neon,encode,standard,padded,4096,8,4096,6945500,2303.649845
neon,encode,standard,padded,4096,9,4096,6950958,2301.840984
neon,encode,standard,padded,4096,10,4096,6951633,2301.617476
neon,encode,standard,padded,4096,11,4096,6943662,2304.259626
neon,encode,standard,padded,4096,12,4096,6938269,2306.050688
neon,encode,standard,padded,4096,13,4096,6947599,2302.953869
neon,encode,standard,padded,4096,14,4096,6948346,2302.706284
neon,decode,standard,padded,4096,0,4096,55007197,290.871029
neon,decode,standard,padded,4096,1,4096,54783941,292.056389
neon,decode,standard,padded,4096,2,4096,53869867,297.012057
neon,decode,standard,padded,4096,3,4096,53167313,300.936780
neon,decode,standard,padded,4096,4,4096,53140265,301.089955
neon,decode,standard,padded,4096,5,4096,53131257,301.141003
neon,decode,standard,padded,4096,6,4096,53133647,301.127457
neon,decode,standard,padded,4096,7,4096,53156549,300.997719
neon,decode,standard,padded,4096,8,4096,53139079,301.096675
neon,decode,standard,padded,4096,9,4096,53128780,301.155043
neon,decode,standard,padded,4096,10,4096,53811222,297.335749
neon,decode,standard,padded,4096,11,4096,53226914,300.599806
neon,decode,standard,padded,4096,12,4096,51941031,308.041633
neon,decode,standard,padded,4096,13,4096,51014960,313.633491
neon,decode,standard,padded,4096,14,4096,50784669,315.055711
scalar,encode,standard,padded,65536,0,256,9538206,1677.464295
scalar,encode,standard,padded,65536,1,256,9537656,1677.561028
scalar,encode,standard,padded,65536,2,256,9536345,1677.791649
scalar,encode,standard,padded,65536,3,256,9536361,1677.788834
scalar,encode,standard,padded,65536,4,256,9535919,1677.866601
scalar,encode,standard,padded,65536,5,256,9539217,1677.286511
scalar,encode,standard,padded,65536,6,256,9537169,1677.646689
scalar,encode,standard,padded,65536,7,256,9537987,1677.502811
scalar,encode,standard,padded,65536,8,256,9539326,1677.267346
scalar,encode,standard,padded,65536,9,256,9539571,1677.224269
scalar,encode,standard,padded,65536,10,256,9541906,1676.813836
scalar,encode,standard,padded,65536,11,256,9534673,1678.085866
scalar,encode,standard,padded,65536,12,256,9536990,1677.678177
scalar,encode,standard,padded,65536,13,256,9537034,1677.670437
scalar,encode,standard,padded,65536,14,256,9544195,1676.411683
scalar,decode,standard,padded,65536,0,256,109799230,145.720512
scalar,decode,standard,padded,65536,1,256,110034585,145.408828
scalar,decode,standard,padded,65536,2,256,109937532,145.537195
scalar,decode,standard,padded,65536,3,256,109843983,145.661142
scalar,decode,standard,padded,65536,4,256,109885063,145.606687
scalar,decode,standard,padded,65536,5,256,109835657,145.672184
scalar,decode,standard,padded,65536,6,256,109877903,145.616175
scalar,decode,standard,padded,65536,7,256,109834858,145.673243
scalar,decode,standard,padded,65536,8,256,109950632,145.519855
scalar,decode,standard,padded,65536,9,256,109917035,145.564334
scalar,decode,standard,padded,65536,10,256,109919401,145.561201
scalar,decode,standard,padded,65536,11,256,109840346,145.665965
scalar,decode,standard,padded,65536,12,256,109850993,145.651847
scalar,decode,standard,padded,65536,13,256,109909916,145.573762
scalar,decode,standard,padded,65536,14,256,109924465,145.554495
neon,encode,standard,padded,65536,0,256,6822550,2345.164198
neon,encode,standard,padded,65536,1,256,6826093,2343.946969
neon,encode,standard,padded,65536,2,256,6821686,2345.461225
neon,encode,standard,padded,65536,3,256,6826071,2343.954524
neon,encode,standard,padded,65536,4,256,6826715,2343.733406
neon,encode,standard,padded,65536,5,256,6824007,2344.663480
neon,encode,standard,padded,65536,6,256,6825359,2344.199038
neon,encode,standard,padded,65536,7,256,6826189,2343.914005
neon,encode,standard,padded,65536,8,256,6825721,2344.074714
neon,encode,standard,padded,65536,9,256,6829176,2342.888805
neon,encode,standard,padded,65536,10,256,6827433,2343.486930
neon,encode,standard,padded,65536,11,256,6827140,2343.587505
neon,encode,standard,padded,65536,12,256,6822129,2345.308920
neon,encode,standard,padded,65536,13,256,6826924,2343.661655
neon,encode,standard,padded,65536,14,256,6826590,2343.776322
neon,decode,standard,padded,65536,0,256,50547973,316.530991
neon,decode,standard,padded,65536,1,256,50540803,316.575896
neon,decode,standard,padded,65536,2,256,50549956,316.518574
neon,decode,standard,padded,65536,3,256,50575096,316.361238
neon,decode,standard,padded,65536,4,256,50555335,316.484897
neon,decode,standard,padded,65536,5,256,50547013,316.537003
neon,decode,standard,padded,65536,6,256,50595229,316.235351
neon,decode,standard,padded,65536,7,256,50671526,315.759190
neon,decode,standard,padded,65536,8,256,50590026,316.267875
neon,decode,standard,padded,65536,9,256,50582188,316.316882
neon,decode,standard,padded,65536,10,256,50592278,316.253797
neon,decode,standard,padded,65536,11,256,50591728,316.257235
neon,decode,standard,padded,65536,12,256,50598434,316.215320
neon,decode,standard,padded,65536,13,256,50602487,316.189993
neon,decode,standard,padded,65536,14,256,50633412,315.996876
scalar,encode,standard,unpadded,12,0,1398101,79659759,200.854188
scalar,encode,standard,unpadded,12,1,1398101,79664695,200.841743
scalar,encode,standard,unpadded,12,2,1398101,79656971,200.861218
scalar,encode,standard,unpadded,12,3,1398101,79657276,200.860449
scalar,encode,standard,unpadded,12,4,1398101,79661648,200.849425
scalar,encode,standard,unpadded,12,5,1398101,79666645,200.836827
scalar,encode,standard,unpadded,12,6,1398101,79642825,200.896894
scalar,encode,standard,unpadded,12,7,1398101,79648463,200.882673
scalar,encode,standard,unpadded,12,8,1398101,79736171,200.661707
scalar,encode,standard,unpadded,12,9,1398101,79696690,200.761113
scalar,encode,standard,unpadded,12,10,1398101,79665744,200.839098
scalar,encode,standard,unpadded,12,11,1398101,79692761,200.771011
scalar,encode,standard,unpadded,12,12,1398101,79664544,200.842124
scalar,encode,standard,unpadded,12,13,1398101,79663996,200.843505
scalar,encode,standard,unpadded,12,14,1398101,79658218,200.858073
scalar,decode,standard,unpadded,12,0,1398101,118964515,134.493855
scalar,decode,standard,unpadded,12,1,1398101,118948114,134.512399
scalar,decode,standard,unpadded,12,2,1398101,118947045,134.513608
scalar,decode,standard,unpadded,12,3,1398101,119046888,134.400793
scalar,decode,standard,unpadded,12,4,1398101,118781735,134.700812
scalar,decode,standard,unpadded,12,5,1398101,118934023,134.528336
scalar,decode,standard,unpadded,12,6,1398101,118805854,134.673466
scalar,decode,standard,unpadded,12,7,1398101,118748683,134.738304
scalar,decode,standard,unpadded,12,8,1398101,118777119,134.706047
scalar,decode,standard,unpadded,12,9,1398101,118716392,134.774953
scalar,decode,standard,unpadded,12,10,1398101,118827140,134.649342
scalar,decode,standard,unpadded,12,11,1398101,118759073,134.726516
scalar,decode,standard,unpadded,12,12,1398101,118891821,134.576088
scalar,decode,standard,unpadded,12,13,1398101,118824001,134.652899
scalar,decode,standard,unpadded,12,14,1398101,118815862,134.662123
neon,encode,standard,unpadded,12,0,1398101,22656661,706.193917
neon,encode,standard,unpadded,12,1,1398101,22663079,705.993929
neon,encode,standard,unpadded,12,2,1398101,22658002,706.152122
neon,encode,standard,unpadded,12,3,1398101,22655511,706.229764
neon,encode,standard,unpadded,12,4,1398101,22665874,705.906871
neon,encode,standard,unpadded,12,5,1398101,22659251,706.113198
neon,encode,standard,unpadded,12,6,1398101,22654045,706.275466
neon,encode,standard,unpadded,12,7,1398101,22667645,705.851719
neon,encode,standard,unpadded,12,8,1398101,22660228,706.082754
neon,encode,standard,unpadded,12,9,1398101,22655945,706.216235
neon,encode,standard,unpadded,12,10,1398101,22661977,706.028260
neon,encode,standard,unpadded,12,11,1398101,22660773,706.065772
neon,encode,standard,unpadded,12,12,1398101,22655960,706.215768
neon,encode,standard,unpadded,12,13,1398101,22663308,705.986795
neon,encode,standard,unpadded,12,14,1398101,22663919,705.967762
neon,decode,standard,unpadded,12,0,1398101,53799447,297.400756
neon,decode,standard,unpadded,12,1,1398101,53864333,297.042501
neon,decode,standard,unpadded,12,2,1398101,53794182,297.429863
neon,decode,standard,unpadded,12,3,1398101,53898773,296.852698
neon,decode,standard,unpadded,12,4,1398101,53903823,296.824887
neon,decode,standard,unpadded,12,5,1398101,53865287,297.037240
neon,decode,standard,unpadded,12,6,1398101,53951676,296.561615
neon,decode,standard,unpadded,12,7,1398101,53818451,297.295739
neon,decode,standard,unpadded,12,8,1398101,53860255,297.064991
neon,decode,standard,unpadded,12,9,1398101,53774432,297.539102
neon,decode,standard,unpadded,12,10,1398101,53796069,297.419430
neon,decode,standard,unpadded,12,11,1398101,53913590,296.771114
neon,decode,standard,unpadded,12,12,1398101,53885851,296.923884
neon,decode,standard,unpadded,12,13,1398101,53868730,297.018255
neon,decode,standard,unpadded,12,14,1398101,53815121,297.314136
scalar,encode,standard,unpadded,24,0,699050,72659524,220.204921
scalar,encode,standard,unpadded,24,1,699050,72656704,220.213468
scalar,encode,standard,unpadded,24,2,699050,72666155,220.184827
scalar,encode,standard,unpadded,24,3,699050,72657069,220.212361
scalar,encode,standard,unpadded,24,4,699050,72674015,220.161013
scalar,encode,standard,unpadded,24,5,699050,72654328,220.220669
scalar,encode,standard,unpadded,24,6,699050,72734730,219.977234
scalar,encode,standard,unpadded,24,7,699050,72649491,220.235332
scalar,encode,standard,unpadded,24,8,699050,72640448,220.262749
scalar,encode,standard,unpadded,24,9,699050,72649708,220.234674
scalar,encode,standard,unpadded,24,10,699050,72691841,220.107023
scalar,encode,standard,unpadded,24,11,699050,72665957,220.185427
scalar,encode,standard,unpadded,24,12,699050,72670610,220.171328
scalar,encode,standard,unpadded,24,13,699050,72666845,220.182736
scalar,encode,standard,unpadded,24,14,699050,72665700,220.186205
scalar,decode,standard,unpadded,24,0,699050,114379977,139.884490
scalar,decode,standard,unpadded,24,1,699050,114407882,139.850371
scalar,decode,standard,unpadded,24,2,699050,114416678,139.839620
scalar,decode,standard,unpadded,24,3,699050,114502751,139.734501
scalar,decode,standard,unpadded,24,4,699050,114440501,139.810509
scalar,decode,standard,unpadded,24,5,699050,114413686,139.843277
scalar,decode,standard,unpadded,24,6,699050,114442818,139.807679
scalar,decode,standard,unpadded,24,7,699050,114431716,139.821243
scalar,decode,standard,unpadded,24,8,699050,114415699,139.840816
scalar,decode,standard,unpadded,24,9,699050,114415971,139.840484
scalar,decode,standard,unpadded,24,10,699050,114411081,139.846461
scalar,decode,standard,unpadded,24,11,699050,114491453,139.748290
scalar,decode,standard,unpadded,24,12,699050,114437778,139.813836
scalar,decode,standard,unpadded,24,13,699050,114489655,139.750484
scalar,decode,standard,unpadded,24,14,699050,114471931,139.772122
neon,encode,standard,unpadded,24,0,699050,17403946,919.330866
neon,encode,standard,unpadded,24,1,699050,17292453,925.258247
neon,encode,standard,unpadded,24,2,699050,17231803,928.514836
neon,encode,standard,unpadded,24,3,699050,17388837,920.129664
neon,encode,standard,unpadded,24,4,699050,17205537,929.932308
neon,encode,standard,unpadded,24,5,699050,17270401,926.439678
neon,encode,standard,unpadded,24,6,699050,17557206,911.305862
neon,encode,standard,unpadded,24,7,699050,17618150,908.153509
neon,encode,standard,unpadded,24,8,699050,17570484,910.617189
neon,encode,standard,unpadded,24,9,699050,17402526,919.405881
neon,encode,standard,unpadded,24,10,699050,17367556,921.257127
neon,encode,standard,unpadded,24,11,699050,17516269,913.435660
neon,encode,standard,unpadded,24,12,699050,17441038,917.375717
neon,encode,standard,unpadded,24,13,699050,17463276,916.207517
neon,encode,standard,unpadded,24,14,699050,17483148,915.166121
neon,decode,standard,unpadded,24,0,699050,44408035,360.294815
neon,decode,standard,unpadded,24,1,699050,44383692,360.492425
neon,decode,standard,unpadded,24,2,699050,44395828,360.393881
neon,decode,standard,unpadded,24,3,699050,44413129,360.253490
neon,decode,standard,unpadded,24,4,699050,44388864,360.450422
neon,decode,standard,unpadded,24,5,699050,44391799,360.426590
neon,decode,standard,unpadded,24,6,699050,44396430,360.388994
neon,decode,standard,unpadded,24,7,699050,44403799,360.329186
neon,decode,standard,unpadded,24,8,699050,44468483,359.805050
neon,decode,standard,unpadded,24,9,699050,44382781,360.499824
neon,decode,standard,unpadded,24,10,699050,44390612,360.436228
neon,decode,standard,unpadded,24,11,699050,44390045,360.440832
neon,decode,standard,unpadded,24,12,699050,44378404,360.535380
neon,decode,standard,unpadded,24,13,699050,44428691,360.127305
neon,decode,standard,unpadded,24,14,699050,44369897,360.604505
scalar,encode,standard,unpadded,48,0,349525,69167405,231.322611
scalar,encode,standard,unpadded,48,1,349525,69168894,231.317632
scalar,encode,standard,unpadded,48,2,349525,69160914,231.344322
scalar,encode,standard,unpadded,48,3,349525,69176844,231.291048
scalar,encode,standard,unpadded,48,4,349525,69168906,231.317591
scalar,encode,standard,unpadded,48,5,349525,69170482,231.312321
scalar,encode,standard,unpadded,48,6,349525,69169223,231.316531
scalar,encode,standard,unpadded,48,7,349525,69169045,231.317127
scalar,encode,standard,unpadded,48,8,349525,69174167,231.299999
scalar,encode,standard,unpadded,48,9,349525,69166079,231.327046
scalar,encode,standard,unpadded,48,10,349525,69254358,231.032172
scalar,encode,standard,unpadded,48,11,349525,69158792,231.351420
scalar,encode,standard,unpadded,48,12,349525,69163270,231.336441
scalar,encode,standard,unpadded,48,13,349525,69178521,231.285441
scalar,encode,standard,unpadded,48,14,349525,69190505,231.245382
scalar,decode,standard,unpadded,48,0,349525,111785140,143.131589
scalar,decode,standard,unpadded,48,1,349525,111798608,143.114347
scalar,decode,standard,unpadded,48,2,349525,111798607,143.114348
scalar,decode,standard,unpadded,48,3,349525,111789436,143.126089
scalar,decode,standard,unpadded,48,4,349525,111807124,143.103446
scalar,decode,standard,unpadded,48,5,349525,111912295,142.968963
scalar,decode,standard,unpadded,48,6,349525,111847479,143.051814
scalar,decode,standard,unpadded,48,7,349525,111732114,143.199517
scalar,decode,standard,unpadded,48,8,349525,111723729,143.210264
scalar,decode,standard,unpadded,48,9,349525,111728554,143.204080
scalar,decode,standard,unpadded,48,10,349525,111722939,143.211277
scalar,decode,standard,unpadded,48,11,349525,111755195,143.169942
scalar,decode,standard,unpadded,48,12,349525,111728347,143.204345
scalar,decode,standard,unpadded,48,13,349525,111707845,143.230628
scalar,decode,standard,unpadded,48,14,349525,111682509,143.263120
neon,encode,standard,unpadded,48,0,349525,12087854,1323.641462
neon,encode,standard,unpadded,48,1,349525,11999473,1333.390620
neon,encode,standard,unpadded,48,2,349525,12094203,1322.946600
neon,encode,standard,unpadded,48,3,349525,11965669,1337.157558
neon,encode,standard,unpadded,48,4,349525,11931031,1341.039575
neon,encode,standard,unpadded,48,5,349525,11915054,1342.837787
neon,encode,standard,unpadded,48,6,349525,11863237,1348.703119
neon,encode,standard,unpadded,48,7,349525,11924501,1341.773944
neon,encode,standard,unpadded,48,8,349525,12048894,1327.921446
neon,encode,standard,unpadded,48,9,349525,11880423,1346.752110
neon,encode,standard,unpadded,48,10,349525,11931642,1340.970903
neon,encode,standard,unpadded,48,11,349525,11929879,1341.169071
neon,encode,standard,unpadded,48,12,349525,11919321,1342.357064
neon,encode,standard,unpadded,48,13,349525,11867612,1348.205919
neon,encode,standard,unpadded,48,14,349525,11815696,1354.129688
neon,decode,standard,unpadded,48,0,349525,38972552,410.544958
neon,decode,standard,unpadded,48,1,349525,38917449,411.126247
neon,decode,standard,unpadded,48,2,349525,38976918,410.498971
neon,decode,standard,unpadded,48,3,349525,39079879,409.417459
neon,decode,standard,unpadded,48,4,349525,39137889,408.810622
neon,decode,standard,unpadded,48,5,349525,39116242,409.036858
neon,decode,standard,unpadded,48,6,349525,39115334,409.046354
neon,decode,standard,unpadded,48,7,349525,39138400,408.805284
neon,decode,standard,unpadded,48,8,349525,39113149,409.069204
neon,decode,standard,unpadded,48,9,349525,39110949,409.092215
neon,decode,standard,unpadded,48,10,349525,39139052,408.798474
neon,decode,standard,unpadded,48,11,349525,39165248,408.525046
neon,decode,standard,unpadded,48,12,349525,41521710,385.340217
neon,decode,standard,unpadded,48,13,349525,39806316,401.945881
neon,decode,standard,unpadded,48,14,349525,39116543,409.033711
scalar,encode,standard,unpadded,64,0,262144,26725683,598.675065
scalar,encode,standard,unpadded,64,1,262144,26747271,598.191868
scalar,encode,standard,unpadded,64,2,262144,26742343,598.302101
scalar,encode,standard,unpadded,64,3,262144,26713839,598.940497
scalar,encode,standard,unpadded,64,4,262144,26744588,598.251878
scalar,encode,standard,unpadded,64,5,262144,26724560,598.700222
scalar,encode,standard,unpadded,64,6,262144,26714211,598.932156
scalar,encode,standard,unpadded,64,7,262144,26722177,598.753612
scalar,encode,standard,unpadded,64,8,262144,26712553,598.969331
scalar,encode,standard,unpadded,64,9,262144,26794851,597.129650
scalar,encode,standard,unpadded,64,10,262144,26721700,598.764300
scalar,encode,standard,unpadded,64,11,262144,26715699,598.898797
scalar,encode,standard,unpadded,64,12,262144,26730533,598.566441
scalar,encode,standard,unpadded,64,13,262144,26711427,598.994580
scalar,encode,standard,unpadded,64,14,262144,26721452,598.769857
scalar,decode,standard,unpadded,64,0,262144,112205616,142.595358
scalar,decode,standard,unpadded,64,1,262144,112245517,142.544668
scalar,decode,standard,unpadded,64,2,262144,112246515,142.543401
scalar,decode,standard,unpadded,64,3,262144,112294408,142.482607
scalar,decode,standard,unpadded,64,4,262144,112336412,142.429331
scalar,decode,standard,unpadded,64,5,262144,112296018,142.480564
scalar,decode,standard,unpadded,64,6,262144,112301300,142.473863
scalar,decode,standard,unpadded,64,7,262144,112395655,142.354257
scalar,decode,standard,unpadded,64,8,262144,112274865,142.507408
scalar,decode,standard,unpadded,64,9,262144,112346367,142.416710
scalar,decode,standard,unpadded,64,10,262144,112343434,142.420428
scalar,decode,standard,unpadded,64,11,262144,112346962,142.415956
scalar,decode,standard,unpadded,64,12,262144,112420000,142.323430
scalar,decode,standard,unpadded,64,13,262144,112367472,142.389961
scalar,decode,standard,unpadded,64,14,262144,112369462,142.387440
neon,encode,standard,unpadded,64,0,262144,15272669,1047.623045
neon,encode,standard,unpadded,64,1,262144,15277570,1047.286970
neon,encode,standard,unpadded,64,2,262144,15254215,1048.890421
neon,encode,standard,unpadded,64,3,262144,15255981,1048.769004
neon,encode,standard,unpadded,64,4,262144,15262006,1048.354980
neon,encode,standard,unpadded,64,5,262144,15260407,1048.464828
neon,encode,standard,unpadded,64,6,262144,15243494,1049.628123
neon,encode,standard,unpadded,64,7,262144,15266991,1048.012670
neon,encode,standard,unpadded,64,8,262144,15278664,1047.211981
neon,encode,standard,unpadded,64,9,262144,15342308,1042.867866
neon,encode,standard,unpadded,64,10,262144,15277101,1047.319122
neon,encode,standard,unpadded,64,11,262144,15269313,1047.853299
neon,encode,standard,unpadded,64,12,262144,15271759,1047.685470
neon,encode,standard,unpadded,64,13,262144,15264002,1048.217892
neon,encode,standard,unpadded,64,14,262144,15261904,1048.361987
neon,decode,standard,unpadded,64,0,262144,45514452,351.536694
neon,decode,standard,unpadded,64,1,262144,45588658,350.964488
neon,decode,standard,unpadded,64,2,262144,45523561,351.466354
neon,decode,standard,unpadded,64,3,262144,45475863,351.834994
neon,decode,standard,unpadded,64,4,262144,45552901,351.239979
neon,decode,standard,unpadded,64,5,262144,45527518,351.435806
neon,decode,standard,unpadded,64,6,262144,45566486,351.135262
neon,decode,standard,unpadded,64,7,262144,45539844,351.340685
neon,decode,standard,unpadded,64,8,262144,45523394,351.467643
neon,decode,standard,unpadded,64,9,262144,45500206,351.646760
neon,decode,standard,unpadded,64,10,262144,45491318,351.715464
neon,decode,standard,unpadded,64,11,262144,45520557,351.489548
neon,decode,standard,unpadded,64,12,262144,45546182,351.291794
neon,decode,standard,unpadded,64,13,262144,45569747,351.110135
neon,decode,standard,unpadded,64,14,262144,45537146,351.361502
scalar,encode,standard,unpadded,96,0,174762,39597144,404.068005
scalar,encode,standard,unpadded,96,1,174762,39568130,404.364294
scalar,encode,standard,unpadded,96,2,174762,39572367,404.320999
scalar,encode,standard,unpadded,96,3,174762,39571274,404.332167
scalar,encode,standard,unpadded,96,4,174762,39650617,403.523077
scalar,encode,standard,unpadded,96,5,174762,39563404,404.412597
scalar,encode,standard,unpadded,96,6,174762,39572595,404.318670
scalar,encode,standard,unpadded,96,7,174762,39560773,404.439493
scalar,encode,standard,unpadded,96,8,174762,39566827,404.377611
scalar,encode,standard,unpadded,96,9,174762,39561743,404.429576
scalar,encode,standard,unpadded,96,10,174762,39570912,404.335866
scalar,encode,standard,unpadded,96,11,174762,39567929,404.366348
scalar,encode,standard,unpadded,96,12,174762,39579056,404.252667
scalar,encode,standard,unpadded,96,13,174762,39566908,404.376783
scalar,encode,standard,unpadded,96,14,174762,39566765,404.378244
scalar,decode,standard,unpadded,96,0,174762,110683556,144.555700
scalar,decode,standard,unpadded,96,1,174762,110633462,144.621154
scalar,decode,standard,unpadded,96,2,174762,110622579,144.635382
scalar,decode,standard,unpadded,96,3,174762,110621349,144.636990
scalar,decode,standard,unpadded,96,4,174762,111363238,143.673435
scalar,decode,standard,unpadded,96,5,174762,111045891,144.084025
scalar,decode,standard,unpadded,96,6,174762,110652154,144.596724
scalar,decode,standard,unpadded,96,7,174762,110717031,144.511994
scalar,decode,standard,unpadded,96,8,174762,110725728,144.500644
scalar,decode,standard,unpadded,96,9,174762,110730923,144.493864
scalar,decode,standard,unpadded,96,10,174762,110706929,144.525181
scalar,decode,standard,unpadded,96,11,174762,110718563,144.509995
scalar,decode,standard,unpadded,96,12,174762,110668718,144.575082
scalar,decode,standard,unpadded,96,13,174762,110680874,144.559203
scalar,decode,standard,unpadded,96,14,174762,110756691,144.460247
neon,encode,standard,unpadded,96,0,174762,9325534,1715.712898
neon,encode,standard,unpadded,96,1,174762,9276776,1724.730549
neon,encode,standard,unpadded,96,2,174762,9322036,1716.356702
neon,encode,standard,unpadded,96,3,174762,9327093,1715.426121
neon,encode,standard,unpadded,96,4,174762,9334723,1714.023969
neon,encode,standard,unpadded,96,5,174762,9328834,1715.105978
neon,encode,standard,unpadded,96,6,174762,9391055,1703.742441
neon,encode,standard,unpadded,96,7,174762,9309190,1718.725148
neon,encode,standard,unpadded,96,8,174762,9320289,1716.678417
neon,encode,standard,unpadded,96,9,174762,9306447,1719.231729
neon,encode,standard,unpadded,96,10,174762,9330502,1714.799371
neon,encode,standard,unpadded,96,11,174762,9354963,1710.315580
neon,encode,standard,unpadded,96,12,174762,9338239,1713.378611
neon,encode,standard,unpadded,96,13,174762,9420453,1698.425645
neon,encode,standard,unpadded,96,14,174762,9358809,1709.612726
neon,decode,standard,unpadded,96,0,174762,36341915,440.261306
neon,decode,standard,unpadded,96,1,174762,36360094,440.041188
neon,decode,standard,unpadded,96,2,174762,36424037,439.268689
neon,decode,standard,unpadded,96,3,174762,36393566,439.636472
neon,decode,standard,unpadded,96,4,174762,36388893,439.692930
neon,decode,standard,unpadded,96,5,174762,36403303,439.518880
neon,decode,standard,unpadded,96,6,174762,36418311,439.337754
neon,decode,standard,unpadded,96,7,174762,36403339,439.518445
neon,decode,standard,unpadded,96,8,174762,36411649,439.418137
neon,decode,standard,unpadded,96,9,174762,36417354,439.349299
neon,decode,standard,unpadded,96,10,174762,36413087,439.400784
neon,decode,standard,unpadded,96,11,174762,36381179,439.786159
neon,decode,standard,unpadded,96,12,174762,36389387,439.686961
neon,decode,standard,unpadded,96,13,174762,36419725,439.320697
neon,decode,standard,unpadded,96,14,174762,36396486,439.601201
scalar,encode,standard,unpadded,192,0,87381,24519423,652.541414
scalar,encode,standard,unpadded,192,1,87381,24517702,652.587219
scalar,encode,standard,unpadded,192,2,87381,24511997,652.739104
scalar,encode,standard,unpadded,192,3,87381,24513884,652.688858
scalar,encode,standard,unpadded,192,4,87381,24512500,652.725710
scalar,encode,standard,unpadded,192,5,87381,24515449,652.647193
scalar,encode,standard,unpadded,192,6,87381,24514992,652.659359
scalar,encode,standard,unpadded,192,7,87381,24519442,652.540909
scalar,encode,standard,unpadded,192,8,87381,24518044,652.578116
scalar,encode,standard,unpadded,192,9,87381,24598588,650.441357
scalar,encode,standard,unpadded,192,10,87381,24529296,652.278768
scalar,encode,standard,unpadded,192,11,87381,24550021,651.728117
scalar,encode,standard,unpadded,192,12,87381,24526449,652.354483
scalar,encode,standard,unpadded,192,13,87381,24521868,652.476352
scalar,encode,standard,unpadded,192,14,87381,24540563,651.979295
scalar,decode,standard,unpadded,192,0,87381,110042143,145.398286
scalar,decode,standard,unpadded,192,1,87381,110030362,145.413854
scalar,decode,standard,unpadded,192,2,87381,110041365,145.399314
scalar,decode,standard,unpadded,192,3,87381,110030145,145.414141
scalar,decode,standard,unpadded,192,4,87381,110028565,145.416229
scalar,decode,standard,unpadded,192,5,87381,110046028,145.393153
scalar,decode,standard,unpadded,192,6,87381,110006384,145.445549
scalar,decode,standard,unpadded,192,7,87381,110082255,145.345305
scalar,decode,standard,unpadded,192,8,87381,110000693,145.453074
scalar,decode,standard,unpadded,192,9,87381,109998894,145.455453
scalar,decode,standard,unpadded,192,10,87381,110021050,145.426161
scalar,decode,standard,unpadded,192,11,87381,110013597,145.436013
scalar,decode,standard,unpadded,192,12,87381,110020789,145.426506
scalar,decode,standard,unpadded,192,13,87381,110017887,145.430342
scalar,decode,standard,unpadded,192,14,87381,110011919,145.438232
neon,encode,standard,unpadded,192,0,87381,8082659,1979.539031
neon,encode,standard,unpadded,192,1,87381,8080525,1980.061811
neon,encode,standard,unpadded,192,2,87381,8081537,1979.813860
neon,encode,standard,unpadded,192,3,87381,8075857,1981.206325
neon,encode,standard,unpadded,192,4,87381,8082246,1979.640185
neon,encode,standard,unpadded,192,5,87381,8086613,1978.571123
neon,encode,standard,unpadded,192,6,87381,8079495,1980.314236
neon,encode,standard,unpadded,192,7,87381,8086809,1978.523168
neon,encode,standard,unpadded,192,8,87381,8078413,1980.579473
neon,encode,standard,unpadded,192,9,87381,8087186,1978.430936
neon,encode,standard,unpadded,192,10,87381,8083028,1979.448663
neon,encode,standard,unpadded,192,11,87381,8085772,1978.776914
neon,encode,standard,unpadded,192,12,87381,8082441,1979.592423
neon,encode,standard,unpadded,192,13,87381,8082036,1979.691623
neon,encode,standard,unpadded,192,14,87381,8080093,1980.167674
neon,decode,standard,unpadded,192,0,87381,38851272,411.825357
neon,decode,standard,unpadded,192,1,87381,37144281,430.751075
neon,decode,standard,unpadded,192,2,87381,37158457,430.586743
neon,decode,standard,unpadded,192,3,87381,36869714,433.958858
neon,decode,standard,unpadded,192,4,87381,36160050,442.475576
neon,decode,standard,unpadded,192,5,87381,36040159,443.947513
neon,decode,standard,unpadded,192,6,87381,36404452,439.505008
neon,decode,standard,unpadded,192,7,87381,35500571,450.695257
neon,decode,standard,unpadded,192,8,87381,35397011,452.013843
neon,decode,standard,unpadded,192,9,87381,35315182,453.061207
neon,decode,standard,unpadded,192,10,87381,35338556,452.761538
neon,decode,standard,unpadded,192,11,87381,35361379,452.469316
neon,decode,standard,unpadded,192,12,87381,35346888,452.654813
neon,decode,standard,unpadded,192,13,87381,35343961,452.692299
neon,decode,standard,unpadded,192,14,87381,35969483,444.819820
scalar,encode,standard,unpadded,384,0,43690,17220747,929.097667
scalar,encode,standard,unpadded,384,1,43690,17216379,929.333390
scalar,encode,standard,unpadded,384,2,43690,17213389,929.494817
scalar,encode,standard,unpadded,384,3,43690,17218668,929.209847
scalar,encode,standard,unpadded,384,4,43690,17217956,929.248272
scalar,encode,standard,unpadded,384,5,43690,17219983,929.138888
scalar,encode,standard,unpadded,384,6,43690,17215626,929.374038
scalar,encode,standard,unpadded,384,7,43690,17221762,929.042909
scalar,encode,standard,unpadded,384,8,43690,17221055,929.081050
scalar,encode,standard,unpadded,384,9,43690,17216239,929.340947
scalar,encode,standard,unpadded,384,10,43690,17217427,929.276823
scalar,encode,standard,unpadded,384,11,43690,17222558,928.999970
scalar,encode,standard,unpadded,384,12,43690,17224046,928.919713
scalar,encode,standard,unpadded,384,13,43690,17216165,929.344942
scalar,encode,standard,unpadded,384,14,43690,17218820,929.201644
scalar,decode,standard,unpadded,384,0,43690,110123781,145.288835
scalar,decode,standard,unpadded,384,1,43690,110124087,145.288431
scalar,decode,standard,unpadded,384,2,43690,110205596,145.180975
scalar,decode,standard,unpadded,384,3,43690,110161372,145.239257
scalar,decode,standard,unpadded,384,4,43690,110116375,145.298607
scalar,decode,standard,unpadded,384,5,43690,110152649,145.250759
scalar,decode,standard,unpadded,384,6,43690,110118633,145.295627
scalar,decode,standard,unpadded,384,7,43690,110121856,145.291375
scalar,decode,standard,unpadded,384,8,43690,110093952,145.328200
scalar,decode,standard,unpadded,384,9,43690,110087979,145.336085
scalar,decode,standard,unpadded,384,10,43690,110064964,145.366475
scalar,decode,standard,unpadded,384,11,43690,110167555,145.231106
scalar,decode,standard,unpadded,384,12,43690,110102010,145.317564
scalar,decode,standard,unpadded,384,13,43690,110091066,145.332010
scalar,decode,standard,unpadded,384,14,43690,110059105,145.374214
neon,encode,standard,unpadded,384,0,43690,7404438,2160.833254
neon,encode,standard,unpadded,384,1,43690,7386202,2166.168196
neon,encode,standard,unpadded,384,2,43690,7402734,2161.330646
neon,encode,standard,unpadded,384,3,43690,7389430,2165.221926
neon,encode,standard,unpadded,384,4,43690,7397312,2162.914834
neon,encode,standard,unpadded,384,5,43690,7396777,2163.071275
neon,encode,standard,unpadded,384,6,43690,7394293,2163.797926
neon,encode,standard,unpadded,384,7,43690,7397224,2162.940565
neon,encode,standard,unpadded,384,8,43690,7393407,2164.057228
neon,encode,standard,unpadded,384,9,43690,7407934,2159.813500
neon,encode,standard,unpadded,384,10,43690,7401860,2161.585853
neon,encode,standard,unpadded,384,11,43690,7392342,2164.369000
neon,encode,standard,unpadded,384,12,43690,7403369,2161.145265
neon,encode,standard,unpadded,384,13,43690,7394730,2163.670054
neon,encode,standard,unpadded,384,14,43690,7385860,2166.268499
neon,decode,standard,unpadded,384,0,43690,34843347,459.191129
neon,decode,standard,unpadded,384,1,43690,34832007,459.340625
neon,decode,standard,unpadded,384,2,43690,34828087,459.392325
neon,decode,standard,unpadded,384,3,43690,34827322,459.402416
neon,decode,standard,unpadded,384,4,43690,34814602,459.570265
neon,decode,standard,unpadded,384,5,43690,34783399,459.982530
neon,decode,standard,unpadded,384,6,43690,34778043,460.053369
neon,decode,standard,unpadded,384,7,43690,34781362,460.009469
neon,decode,standard,unpadded,384,8,43690,34788255,459.918322
neon,decode,standard,unpadded,384,9,43690,34786188,459.945650
neon,decode,standard,unpadded,384,10,43690,34783592,459.979977
neon,decode,standard,unpadded,384,11,43690,34785765,459.951243
neon,decode,standard,unpadded,384,12,43690,34807502,459.664007
neon,decode,standard,unpadded,384,13,43690,34863133,458.930523
neon,decode,standard,unpadded,384,14,43690,34782318,459.996825
scalar,encode,standard,unpadded,768,0,21845,14163023,1129.685086
scalar,encode,standard,unpadded,768,1,21845,14161286,1129.823652
scalar,encode,standard,unpadded,768,2,21845,14165219,1129.509954
scalar,encode,standard,unpadded,768,3,21845,14162579,1129.720502
scalar,encode,standard,unpadded,768,4,21845,14166395,1129.416189
scalar,encode,standard,unpadded,768,5,21845,14164207,1129.590655
scalar,encode,standard,unpadded,768,6,21845,14164428,1129.573030
scalar,encode,standard,unpadded,768,7,21845,14161455,1129.810168
scalar,encode,standard,unpadded,768,8,21845,14165536,1129.484677
scalar,encode,standard,unpadded,768,9,21845,14162181,1129.752251
scalar,encode,standard,unpadded,768,10,21845,14168609,1129.239706
scalar,encode,standard,unpadded,768,11,21845,14167843,1129.300759
scalar,encode,standard,unpadded,768,12,21845,14167482,1129.329535
scalar,encode,standard,unpadded,768,13,21845,14164951,1129.531324
scalar,encode,standard,unpadded,768,14,21845,14161461,1129.809690
scalar,decode,standard,unpadded,768,0,21845,109808706,145.705714
scalar,decode,standard,unpadded,768,1,21845,109789476,145.731234
scalar,decode,standard,unpadded,768,2,21845,109810348,145.703535
scalar,decode,standard,unpadded,768,3,21845,109794153,145.725027
scalar,decode,standard,unpadded,768,4,21845,109794373,145.724735
scalar,decode,standard,unpadded,768,5,21845,109801666,145.715056
scalar,decode,standard,unpadded,768,6,21845,109869084,145.625642
scalar,decode,standard,unpadded,768,7,21845,109794357,145.724756
scalar,decode,standard,unpadded,768,8,21845,109795646,145.723045
scalar,decode,standard,unpadded,768,9,21845,109807248,145.707648
scalar,decode,standard,unpadded,768,10,21845,109786465,145.735231
scalar,decode,standard,unpadded,768,11,21845,109800942,145.716016
scalar,decode,standard,unpadded,768,12,21845,109799294,145.718203
scalar,decode,standard,unpadded,768,13,21845,109803997,145.711962
scalar,decode,standard,unpadded,768,14,21845,109812697,145.700418
neon,encode,standard,unpadded,768,0,21845,7149155,2237.992582
neon,encode,standard,unpadded,768,1,21845,7163552,2233.494761
neon,encode,standard,unpadded,768,2,21845,7157408,2235.412018
neon,encode,standard,unpadded,768,3,21845,7166724,2232.506213
neon,encode,standard,unpadded,768,4,21845,7166597,2232.545776
neon,encode,standard,unpadded,768,5,21845,7184635,2226.940667
neon,encode,standard,unpadded,768,6,21845,7151191,2237.355408
neon,encode,standard,unpadded,768,7,21845,7152864,2236.832108
neon,encode,standard,unpadded,768,8,21845,7175486,2229.780096
neon,encode,standard,unpadded,768,9,21845,7158276,2235.140956
neon,encode,standard,unpadded,768,10,21845,7174766,2230.003858
neon,encode,standard,unpadded,768,11,21845,7168040,2232.096341
neon,encode,standard,unpadded,768,12,21845,7153948,2236.493173
neon,encode,standard,unpadded,768,13,21845,7168059,2232.090425
neon,encode,standard,unpadded,768,14,21845,7179227,2228.618187
neon,decode,standard,unpadded,768,0,21845,39883674,401.160531
neon,decode,standard,unpadded,768,1,21845,38584563,414.667282
neon,decode,standard,unpadded,768,2,21845,37719559,424.176642
neon,decode,standard,unpadded,768,3,21845,37234427,429.703292
neon,decode,standard,unpadded,768,4,21845,35841685,446.400772
neon,decode,standard,unpadded,768,5,21845,35846390,446.342180
neon,decode,standard,unpadded,768,6,21845,34294579,466.538920
neon,decode,standard,unpadded,768,7,21845,34285593,466.661197
neon,decode,standard,unpadded,768,8,21845,34292069,466.573069
neon,decode,standard,unpadded,768,9,21845,34285541,466.661904
neon,decode,standard,unpadded,768,10,21845,34663334,461.575792
neon,decode,standard,unpadded,768,11,21845,35741840,447.647795
neon,decode,standard,unpadded,768,12,21845,34312098,466.300716
neon,decode,standard,unpadded,768,13,21845,34304778,466.400216
neon,decode,standard,unpadded,768,14,21845,34288414,466.622803
scalar,encode,standard,unpadded,1024,0,16384,10511000,1522.214823
scalar,encode,standard,unpadded,1024,1,16384,10511230,1522.181514
scalar,encode,standard,unpadded,1024,2,16384,10502405,1523.460579
scalar,encode,standard,unpadded,1024,3,16384,10504055,1523.221270
scalar,encode,standard,unpadded,1024,4,16384,10493691,1524.725666
scalar,encode,standard,unpadded,1024,5,16384,10507701,1522.692737
scalar,encode,standard,unpadded,1024,6,16384,10495604,1524.447759
scalar,encode,standard,unpadded,1024,7,16384,10506109,1522.923472
scalar,encode,standard,unpadded,1024,8,16384,10499218,1523.923020
scalar,encode,standard,unpadded,1024,9,16384,10503646,1523.280583
scalar,encode,standard,unpadded,1024,10,16384,10497584,1524.160226
scalar,encode,standard,unpadded,1024,11,16384,10499433,1523.891814
scalar,encode,standard,unpadded,1024,12,16384,10492611,1524.882605
scalar,encode,standard,unpadded,1024,13,16384,10509456,1522.438459
scalar,encode,standard,unpadded,1024,14,16384,10497107,1524.229485
scalar,decode,standard,unpadded,1024,0,16384,110185293,145.209942
scalar,decode,standard,unpadded,1024,1,16384,110175447,145.222919
scalar,decode,standard,unpadded,1024,2,16384,110280662,145.084367
scalar,decode,standard,unpadded,1024,3,16384,110181939,145.214362
scalar,decode,standard,unpadded,1024,4,16384,110149344,145.257334
scalar,decode,standard,unpadded,1024,5,16384,110168023,145.232705
scalar,decode,standard,unpadded,1024,6,16384,110148665,145.258229
scalar,decode,standard,unpadded,1024,7,16384,110166575,145.234614
scalar,decode,standard,unpadded,1024,8,16384,110180349,145.216458
scalar,decode,standard,unpadded,1024,9,16384,110161376,145.241468
scalar,decode,standard,unpadded,1024,10,16384,110157309,145.246831
scalar,decode,standard,unpadded,1024,11,16384,110249005,145.126026
scalar,decode,standard,unpadded,1024,12,16384,110144311,145.263971
scalar,decode,standard,unpadded,1024,13,16384,110160529,145.242585
scalar,decode,standard,unpadded,1024,14,16384,110184028,145.211609
neon,encode,standard,unpadded,1024,0,16384,7329140,2183.066499
neon,encode,standard,unpadded,1024,1,16384,7331356,2182.406638
neon,encode,standard,unpadded,1024,2,16384,7332668,2182.016150
neon,encode,standard,unpadded,1024,3,16384,7333175,2181.865290
neon,encode,standard,unpadded,1024,4,16384,7332173,2182.163460
neon,encode,standard,unpadded,1024,5,16384,7334440,2181.488975
neon,encode,standard,unpadded,1024,6,16384,7326878,2183.740469
neon,encode,standard,unpadded,1024,7,16384,7330803,2182.571268
neon,encode,standard,unpadded,1024,8,16384,7327398,2183.585497
neon,encode,standard,unpadded,1024,9,16384,7333101,2181.887308
neon,encode,standard,unpadded,1024,10,16384,7337771,2180.498683
neon,encode,standard,unpadded,1024,11,16384,7331179,2182.459329
neon,encode,standard,unpadded,1024,12,16384,7329449,2182.974464
neon,encode,standard,unpadded,1024,13,16384,7338099,2180.401218
neon,encode,standard,unpadded,1024,14,16384,7326868,2183.743449
neon,decode,standard,unpadded,1024,0,16384,34932123,458.031137
neon,decode,standard,unpadded,1024,1,16384,34949912,457.798005
neon,decode,standard,unpadded,1024,2,16384,34897332,458.487772
neon,decode,standard,unpadded,1024,3,16384,34893400,458.539437
neon,decode,standard,unpadded,1024,4,16384,34823729,459.456826
neon,decode,standard,unpadded,1024,5,16384,34941253,457.911455
neon,decode,standard,unpadded,1024,6,16384,34941236,457.911678
neon,decode,standard,unpadded,1024,7,16384,34949611,457.801948
neon,decode,standard,unpadded,1024,8,16384,34940062,457.927064
neon,decode,standard,unpadded,1024,9,16384,34882630,458.681011
neon,decode,standard,unpadded,1024,10,16384,34827457,459.407645
neon,decode,standard,unpadded,1024,11,16384,34826064,459.426021
neon,decode,standard,unpadded,1024,12,16384,34818964,459.519703
neon,decode,standard,unpadded,1024,13,16384,34931766,458.035818
neon,decode,standard,unpadded,1024,14,16384,34934197,458.003944
scalar,encode,standard,unpadded,4096,0,4096,9686180,1651.837979
scalar,encode,standard,unpadded,4096,1,4096,9688317,1651.473625
scalar,encode,standard,unpadded,4096,2,4096,9690139,1651.163105
scalar,encode,standard,unpadded,4096,3,4096,9689010,1651.355505
scalar,encode,standard,unpadded,4096,4,4096,9758887,1639.531229
scalar,encode,standard,unpadded,4096,5,4096,9689798,1651.221212
scalar,encode,standard,unpadded,4096,6,4096,9687731,1651.573521
scalar,encode,standard,unpadded,4096,7,4096,9686348,1651.809330
scalar,encode,standard,unpadded,4096,8,4096,9688944,1651.366754
scalar,encode,standard,unpadded,4096,9,4096,9685765,1651.908755
scalar,encode,standard,unpadded,4096,10,4096,9691784,1650.882851
scalar,encode,standard,unpadded,4096,11,4096,9684014,1652.207442
scalar,encode,standard,unpadded,4096,12,4096,9691858,1650.870246
scalar,encode,standard,unpadded,4096,13,4096,9686132,1651.846165
scalar,encode,standard,unpadded,4096,14,4096,9684403,1652.141077
scalar,decode,standard,unpadded,4096,0,4096,109473324,146.154327
scalar,decode,standard,unpadded,4096,1,4096,109528740,146.080380
scalar,decode,standard,unpadded,4096,2,4096,109461370,146.170288
scalar,decode,standard,unpadded,4096,3,4096,109531913,146.076149
scalar,decode,standard,unpadded,4096,4,4096,109518056,146.094631
scalar,decode,standard,unpadded,4096,5,4096,109436514,146.203487
scalar,decode,standard,unpadded,4096,6,4096,109498081,146.121282
scalar,decode,standard,unpadded,4096,7,4096,109555028,146.045328
scalar,decode,standard,unpadded,4096,8,4096,109527359,146.082222
scalar,decode,standard,unpadded,4096,9,4096,109517855,146.094899
scalar,decode,standard,unpadded,4096,10,4096,109485629,146.137901
scalar,decode,standard,unpadded,4096,11,4096,109572350,146.022240
scalar,decode,standard,unpadded,4096,12,4096,109450019,146.185447
scalar,decode,standard,unpadded,4096,13,4096,109474750,146.152423
scalar,decode,standard,unpadded,4096,14,4096,109478890,146.146896
neon,encode,standard,unpadded,4096,0,4096,6946731,2303.241625
neon,encode,standard,unpadded,4096,1,4096,6939764,2305.553906
neon,encode,standard,unpadded,4096,2,4096,6952759,2301.244729
neon,encode,standard,unpadded,4096,3,4096,6947989,2302.824601
neon,encode,standard,unpadded,4096,4,4096,6956329,2300.063726
neon,encode,standard,unpadded,4096,5,4096,6947670,2302.930335
neon,encode,standard,unpadded,4096,6,4096,6936581,2306.611860
neon,encode,standard,unpadded,4096,7,4096,6937983,2306.145749
neon,encode,standard,unpadded,4096,8,4096,6936663,2306.584593
neon,encode,standard,unpadded,4096,9,4096,6931815,2308.197781
neon,encode,standard,unpadded,4096,10,4096,6938677,2305.915090
neon,encode,standard,unpadded,4096,11,4096,6938844,2305.859593
neon,encode,standard,unpadded,4096,12,4096,6933980,2307.477091
neon,encode,standard,unpadded,4096,13,4096,6935779,2306.878578
neon,encode,standard,unpadded,4096,14,4096,6937578,2306.280376
neon,decode,standard,unpadded,4096,0,4096,36736712,435.531628
neon,decode,standard,unpadded,4096,1,4096,35273235,453.601718
neon,decode,standard,unpadded,4096,2,4096,34132979,468.754866
neon,decode,standard,unpadded,4096,3,4096,34212077,467.671109
neon,decode,standard,unpadded,4096,4,4096,34137779,468.688956
neon,decode,standard,unpadded,4096,5,4096,34141269,468.641046
neon,decode,standard,unpadded,4096,6,4096,34139552,468.664615
neon,decode,standard,unpadded,4096,7,4096,34138243,468.682586
neon,decode,standard,unpadded,4096,8,4096,34143529,468.610026
neon,decode,standard,unpadded,4096,9,4096,35953057,445.024744
neon,decode,standard,unpadded,4096,10,4096,34057727,469.790600
neon,decode,standard,unpadded,4096,11,4096,34021762,470.287224
neon,decode,standard,unpadded,4096,12,4096,34010603,470.441527
neon,decode,standard,unpadded,4096,13,4096,34005102,470.517630
neon,decode,standard,unpadded,4096,14,4096,34003473,470.540171
scalar,encode,standard,unpadded,65536,0,256,9449382,1693.232425
scalar,encode,standard,unpadded,65536,1,256,9446647,1693.722651
scalar,encode,standard,unpadded,65536,2,256,9450197,1693.086398
scalar,encode,standard,unpadded,65536,3,256,9446320,1693.781282
scalar,encode,standard,unpadded,65536,4,256,9447481,1693.573133
scalar,encode,standard,unpadded,65536,5,256,9447926,1693.493366
scalar,encode,standard,unpadded,65536,6,256,9446845,1693.687152
scalar,encode,standard,unpadded,65536,7,256,9444181,1694.164904
scalar,encode,standard,unpadded,65536,8,256,9451821,1692.795494
scalar,encode,standard,unpadded,65536,9,256,9446086,1693.823241
scalar,encode,standard,unpadded,65536,10,256,9447010,1693.657570
scalar,encode,standard,unpadded,65536,11,256,9447298,1693.605939
scalar,encode,standard,unpadded,65536,12,256,9449658,1693.182970
scalar,encode,standard,unpadded,65536,13,256,9450839,1692.971386
scalar,encode,standard,unpadded,65536,14,256,9445442,1693.938727
scalar,decode,standard,unpadded,65536,0,256,109295993,146.391460
scalar,decode,standard,unpadded,65536,1,256,109271506,146.424265
scalar,decode,standard,unpadded,65536,2,256,109254452,146.447121
scalar,decode,standard,unpadded,65536,3,256,109396693,146.256706
scalar,decode,standard,unpadded,65536,4,256,109775854,145.751542
scalar,decode,standard,unpadded,65536,5,256,109254547,146.446994
scalar,decode,standard,unpadded,65536,6,256,109282996,146.408870
scalar,decode,standard,unpadded,65536,7,256,109206686,146.511176
scalar,decode,standard,unpadded,65536,8,256,109304321,146.380306
scalar,decode,standard,unpadded,65536,9,256,109273771,146.421230
scalar,decode,standard,unpadded,65536,10,256,109249683,146.453514
scalar,decode,standard,unpadded,65536,11,256,109270817,146.425189
scalar,decode,standard,unpadded,65536,12,256,109290417,146.398929
scalar,decode,standard,unpadded,65536,13,256,109339710,146.332929
scalar,decode,standard,unpadded,65536,14,256,109269192,146.427366
neon,encode,standard,unpadded,65536,0,256,6821692,2345.459162
neon,encode,standard,unpadded,65536,1,256,6824503,2344.493072
neon,encode,standard,unpadded,65536,2,256,6823995,2344.667603
neon,encode,standard,unpadded,65536,3,256,6819528,2346.203432
neon,encode,standard,unpadded,65536,4,256,6822434,2345.204072
neon,encode,standard,unpadded,65536,5,256,6821914,2345.382835
neon,encode,standard,unpadded,65536,6,256,6820770,2345.776210
neon,encode,standard,unpadded,65536,7,256,6821790,2345.425468
neon,encode,standard,unpadded,65536,8,256,6824067,2344.642865
neon,encode,standard,unpadded,65536,9,256,6824493,2344.496507
neon,encode,standard,unpadded,65536,10,256,6820702,2345.799597
neon,encode,standard,unpadded,65536,11,256,6820270,2345.948181
neon,encode,standard,unpadded,65536,12,256,6828371,2343.165010
neon,encode,standard,unpadded,65536,13,256,6824859,2344.370777
neon,encode,standard,unpadded,65536,14,256,6821071,2345.672696
neon,decode,standard,unpadded,65536,0,256,33746120,474.128581
neon,decode,standard,unpadded,65536,1,256,33742078,474.185378
neon,decode,standard,unpadded,65536,2,256,33744861,474.146271
neon,decode,standard,unpadded,65536,3,256,33753591,474.023638
neon,decode,standard,unpadded,65536,4,256,33736948,474.257482
neon,decode,standard,unpadded,65536,5,256,33742299,474.182272
neon,decode,standard,unpadded,65536,6,256,33739618,474.219951
neon,decode,standard,unpadded,65536,7,256,33741230,474.197295
neon,decode,standard,unpadded,65536,8,256,33740733,474.204280
neon,decode,standard,unpadded,65536,9,256,33746581,474.122104
neon,decode,standard,unpadded,65536,10,256,33735641,474.275856
neon,decode,standard,unpadded,65536,11,256,33738572,474.234653
neon,decode,standard,unpadded,65536,12,256,33738556,474.234878
neon,decode,standard,unpadded,65536,13,256,33732861,474.314942
neon,decode,standard,unpadded,65536,14,256,33738114,474.241091
scalar,encode,url-safe,padded,12,0,1398101,81703793,195.829295
scalar,encode,url-safe,padded,12,1,1398101,81707696,195.819941
scalar,encode,url-safe,padded,12,2,1398101,81800250,195.598378
scalar,encode,url-safe,padded,12,3,1398101,81725408,195.777501
scalar,encode,url-safe,padded,12,4,1398101,81707057,195.821472
scalar,encode,url-safe,padded,12,5,1398101,81726530,195.774814
scalar,encode,url-safe,padded,12,6,1398101,81723330,195.782480
scalar,encode,url-safe,padded,12,7,1398101,81711342,195.811203
scalar,encode,url-safe,padded,12,8,1398101,81735291,195.753829
scalar,encode,url-safe,padded,12,9,1398101,81719934,195.790616
scalar,encode,url-safe,padded,12,10,1398101,81703761,195.829372
scalar,encode,url-safe,padded,12,11,1398101,81699585,195.839381
scalar,encode,url-safe,padded,12,12,1398101,81715143,195.802095
scalar,encode,url-safe,padded,12,13,1398101,81705365,195.825527
scalar,encode,url-safe,padded,12,14,1398101,81818875,195.553852
scalar,decode,url-safe,padded,12,0,1398101,116017942,137.909671
scalar,decode,url-safe,padded,12,1,1398101,115934170,138.009322
scalar,decode,url-safe,padded,12,2,1398101,115954247,137.985426
scalar,decode,url-safe,padded,12,3,1398101,115977934,137.957244
scalar,decode,url-safe,padded,12,4,1398101,116019088,137.908309
scalar,decode,url-safe,padded,12,5,1398101,115970976,137.965522
scalar,decode,url-safe,padded,12,6,1398101,116004773,137.925326
scalar,decode,url-safe,padded,12,7,1398101,115985632,137.948088
scalar,decode,url-safe,padded,12,8,1398101,116035031,137.889360
scalar,decode,url-safe,padded,12,9,1398101,115934690,138.008703
scalar,decode,url-safe,padded,12,10,1398101,116008015,137.921472
scalar,decode,url-safe,padded,12,11,1398101,115981330,137.953205
scalar,decode,url-safe,padded,12,12,1398101,116001462,137.929263
scalar,decode,url-safe,padded,12,13,1398101,116157790,137.743635
scalar,decode,url-safe,padded,12,14,1398101,116397751,137.459668
neon,encode,url-safe,padded,12,0,1398101,23193168,689.858159
neon,encode,url-safe,padded,12,1,1398101,23200857,689.629533
neon,encode,url-safe,padded,12,2,1398101,23198978,689.685390
neon,encode,url-safe,padded,12,3,1398101,23199709,689.663659
neon,encode,url-safe,padded,12,4,1398101,23203260,689.558113
neon,encode,url-safe,padded,12,5,1398101,23193730,689.841444
neon,encode,url-safe,padded,12,6,1398101,23197191,689.738520
neon,encode,url-safe,padded,12,7,1398101,23199397,689.672934
neon,encode,url-safe,padded,12,8,1398101,23197953,689.715864
neon,encode,url-safe,padded,12,9,1398101,23276239,687.396112
neon,encode,url-safe,padded,12,10,1398101,23206483,689.462345
neon,encode,url-safe,padded,12,11,1398101,23202488,689.581056
neon,encode,url-safe,padded,12,12,1398101,23198876,689.688422
neon,encode,url-safe,padded,12,13,1398101,23201266,689.617376
neon,encode,url-safe,padded,12,14,1398101,23200705,689.634051
neon,decode,url-safe,padded,12,0,1398101,63821824,250.697883
neon,decode,url-safe,padded,12,1,1398101,63957597,250.165687
neon,decode,url-safe,padded,12,2,1398101,63919251,250.315765
neon,decode,url-safe,padded,12,3,1398101,63884900,250.450360
neon,decode,url-safe,padded,12,4,1398101,63962167,250.147813
neon,decode,url-safe,padded,12,5,1398101,63970626,250.114735
neon,decode,url-safe,padded,12,6,1398101,63935833,250.250844
neon,decode,url-safe,padded,12,7,1398101,63934889,250.254539
neon,decode,url-safe,padded,12,8,1398101,63929086,250.277255
neon,decode,url-safe,padded,12,9,1398101,63803192,250.771093
neon,decode,url-safe,padded,12,10,1398101,63839925,250.626801
neon,decode,url-safe,padded,12,11,1398101,63885493,250.448035
neon,decode,url-safe,padded,12,12,1398101,63981383,250.072684
neon,decode,url-safe,padded,12,13,1398101,63852286,250.578283
neon,decode,url-safe,padded,12,14,1398101,63890704,250.427608
scalar,encode,url-safe,padded,24,0,699050,73705883,217.078801
scalar,encode,url-safe,padded,24,1,699050,73694784,217.111495
scalar,encode,url-safe,padded,24,2,699050,73721231,217.033608
scalar,encode,url-safe,padded,24,3,699050,73697025,217.104893
scalar,encode,url-safe,padded,24,4,699050,73702354,217.089196
scalar,encode,url-safe,padded,24,5,699050,73697323,217.104015
scalar,encode,url-safe,padded,24,6,699050,73699896,217.096436
scalar,encode,url-safe,padded,24,7,699050,73692092,217.119426
scalar,encode,url-safe,padded,24,8,699050,73697045,217.104834
scalar,encode,url-safe,padded,24,9,699050,73699639,217.097193
scalar,encode,url-safe,padded,24,10,699050,73695489,217.109418
scalar,encode,url-safe,padded,24,11,699050,73769695,216.891025
scalar,encode,url-safe,padded,24,12,699050,73694636,217.111931
scalar,encode,url-safe,padded,24,13,699050,73704878,217.081761
scalar,encode,url-safe,padded,24,14,699050,73697471,217.103579
scalar,decode,url-safe,padded,24,0,699050,113337590,141.171034
scalar,decode,url-safe,padded,24,1,699050,113331183,141.179015
scalar,decode,url-safe,padded,24,2,699050,113333396,141.176258
scalar,decode,url-safe,padded,24,3,699050,113333088,141.176642
scalar,decode,url-safe,padded,24,4,699050,113345932,141.160644
scalar,decode,url-safe,padded,24,5,699050,113343108,141.164161
scalar,decode,url-safe,padded,24,6,699050,113386952,141.109576
scalar,decode,url-safe,padded,24,7,699050,113339569,141.168569
scalar,decode,url-safe,padded,24,8,699050,113358111,141.145478
scalar,decode,url-safe,padded,24,9,699050,113347736,141.158397
scalar,decode,url-safe,padded,24,10,699050,113313556,141.200976
scalar,decode,url-safe,padded,24,11,699050,113344522,141.162400
scalar,decode,url-safe,padded,24,12,699050,113338407,141.170016
scalar,decode,url-safe,padded,24,13,699050,113344532,141.162387
scalar,decode,url-safe,padded,24,14,699050,113335643,141.173459
neon,encode,url-safe,padded,24,0,699050,17404389,919.307466
neon,encode,url-safe,padded,24,1,699050,17419112,918.530448
neon,encode,url-safe,padded,24,2,699050,17556921,911.320655
neon,encode,url-safe,padded,24,3,699050,17425575,918.189772
neon,encode,url-safe,padded,24,4,699050,17492333,914.685579
neon,encode,url-safe,padded,24,5,699050,17485021,915.068088
neon,encode,url-safe,padded,24,6,699050,17474663,915.610489
neon,encode,url-safe,padded,24,7,699050,17433043,917.796436
neon,encode,url-safe,padded,24,8,699050,17393972,919.858026
neon,encode,url-safe,padded,24,9,699050,17429711,917.971890
neon,encode,url-safe,padded,24,10,699050,17444346,917.201754
neon,encode,url-safe,padded,24,11,699050,17261418,926.921806
neon,encode,url-safe,padded,24,12,699050,17334505,923.013651
neon,encode,url-safe,padded,24,13,699050,17424200,918.262230
neon,encode,url-safe,padded,24,14,699050,17348021,922.294522
neon,decode,url-safe,padded,24,0,699050,57260172,279.426068
neon,decode,url-safe,padded,24,1,699050,57248841,279.481374
neon,decode,url-safe,padded,24,2,699050,57296653,279.248157
neon,decode,url-safe,padded,24,3,699050,57247416,279.488331
neon,decode,url-safe,padded,24,4,699050,57258236,279.435516
neon,decode,url-safe,padded,24,5,699050,57299842,279.232615
neon,decode,url-safe,padded,24,6,699050,57316143,279.153200
neon,decode,url-safe,padded,24,7,699050,57285303,279.303485
neon,decode,url-safe,padded,24,8,699050,57369513,278.893508
neon,decode,url-safe,padded,24,9,699050,57264238,279.406228
neon,decode,url-safe,padded,24,10,699050,57367461,278.903484
neon,decode,url-safe,padded,24,11,699050,57321244,279.128358
neon,decode,url-safe,padded,24,12,699050,57269596,279.380087
neon,decode,url-safe,padded,24,13,699050,57325348,279.108375
neon,decode,url-safe,padded,24,14,699050,57305659,279.204271
scalar,encode,url-safe,padded,48,0,349525,69716772,229.499793
scalar,encode,url-safe,padded,48,1,349525,69726933,229.466349
scalar,encode,url-safe,padded,48,2,349525,69743569,229.411614
scalar,encode,url-safe,padded,48,3,349525,69713901,229.509244
scalar,encode,url-safe,padded,48,4,349525,69719959,229.489302
scalar,encode,url-safe,padded,48,5,349525,69719771,229.489921
scalar,encode,url-safe,padded,48,6,349525,69720266,229.488292
scalar,encode,url-safe,padded,48,7,349525,69828593,229.132280
scalar,encode,url-safe,padded,48,8,349525,69736910,229.433520
scalar,encode,url-safe,padded,48,9,349525,69710486,229.520488
scalar,encode,url-safe,padded,48,10,349525,69700372,229.553793
scalar,encode,url-safe,padded,48,11,349525,69704745,229.539391
scalar,encode,url-safe,padded,48,12,349525,69776864,229.302147
scalar,encode,url-safe,padded,48,13,349525,69737952,229.430092
scalar,encode,url-safe,padded,48,14,349525,69715830,229.502894
scalar,decode,url-safe,padded,48,0,349525,114856233,139.304453
scalar,decode,url-safe,padded,48,1,349525,114843623,139.319749
scalar,decode,url-safe,padded,48,2,349525,114708387,139.484001
scalar,decode,url-safe,padded,48,3,349525,114689854,139.506540
scalar,decode,url-safe,padded,48,4,349525,114728766,139.459225
scalar,decode,url-safe,padded,48,5,349525,114730917,139.456610
scalar,decode,url-safe,padded,48,6,349525,114735900,139.450553
scalar,decode,url-safe,padded,48,7,349525,114837813,139.326798
scalar,decode,url-safe,padded,48,8,349525,114752468,139.430419
scalar,decode,url-safe,padded,48,9,349525,114790724,139.383952
scalar,decode,url-safe,padded,48,10,349525,114795395,139.378280
scalar,decode,url-safe,padded,48,11,349525,111432264,143.584848
scalar,decode,url-safe,padded,48,12,349525,111251006,143.818787
scalar,decode,url-safe,padded,48,13,349525,111254198,143.814661
scalar,decode,url-safe,padded,48,14,349525,111276535,143.785792
neon,encode,url-safe,padded,48,0,349525,12098650,1322.460336
neon,encode,url-safe,padded,48,1,349525,12129830,1319.060922
neon,encode,url-safe,padded,48,2,349525,12137543,1318.222703
neon,encode,url-safe,padded,48,3,349525,12135999,1318.390414
neon,encode,url-safe,padded,48,4,349525,12106390,1321.614845
neon,encode,url-safe,padded,48,5,349525,12053653,1327.397158
neon,encode,url-safe,padded,48,6,349525,12103642,1321.914903
neon,encode,url-safe,padded,48,7,349525,12065178,1326.129191
neon,encode,url-safe,padded,48,8,349525,12061601,1326.522469
neon,encode,url-safe,padded,48,9,349525,12182627,1313.344383
neon,encode,url-safe,padded,48,10,349525,12145308,1317.379908
neon,encode,url-safe,padded,48,11,349525,12068821,1325.728896
neon,encode,url-safe,padded,48,12,349525,12164496,1315.301903
neon,encode,url-safe,padded,48,13,349525,12118773,1320.264415
neon,encode,url-safe,padded,48,14,349525,12148788,1317.002547
neon,decode,url-safe,padded,48,0,349525,52667895,303.790093
neon,decode,url-safe,padded,48,1,349525,52698693,303.612553
neon,decode,url-safe,padded,48,2,349525,52703671,303.583876
neon,decode,url-safe,padded,48,3,349525,52665412,303.804416
neon,decode,url-safe,padded,48,4,349525,52624691,304.039500
neon,decode,url-safe,padded,48,5,349525,52656821,303.853982
neon,decode,url-safe,padded,48,6,349525,52638323,303.960761
neon,decode,url-safe,padded,48,7,349525,52619411,304.070008
neon,decode,url-safe,padded,48,8,349525,52680443,303.717733
neon,decode,url-safe,padded,48,9,349525,52633944,303.986050
neon,decode,url-safe,padded,48,10,349525,52658212,303.845956
neon,decode,url-safe,padded,48,11,349525,52668634,303.785831
neon,decode,url-safe,padded,48,12,349525,52666460,303.798371
neon,decode,url-safe,padded,48,13,349525,52664125,303.811840
neon,decode,url-safe,padded,48,14,349525,52709209,303.551980
scalar,encode,url-safe,padded,64,0,262144,26600192,601.499418
scalar,encode,url-safe,padded,64,1,262144,26603978,601.413819
scalar,encode,url-safe,padded,64,2,262144,26624194,600.957159
scalar,encode,url-safe,padded,64,3,262144,26663077,600.080778
scalar,encode,url-safe,padded,64,4,262144,26625735,600.922378
scalar,encode,url-safe,padded,64,5,262144,26606913,601.347477
scalar,encode,url-safe,padded,64,6,262144,26690623,599.461466
scalar,encode,url-safe,padded,64,7,262144,26597943,601.550278
scalar,encode,url-safe,padded,64,8,262144,26629957,600.827106
scalar,encode,url-safe,padded,64,9,262144,26635473,600.702679
scalar,encode,url-safe,padded,64,10,262144,26624547,600.949192
scalar,encode,url-safe,padded,64,11,262144,26634440,600.725977
scalar,encode,url-safe,padded,64,12,262144,26664967,600.038245
scalar,encode,url-safe,padded,64,13,262144,26599178,601.522348
scalar,encode,url-safe,padded,64,14,262144,26610905,601.257267
scalar,decode,url-safe,padded,64,0,262144,112837250,141.797146
scalar,decode,url-safe,padded,64,1,262144,112805150,141.837496
scalar,decode,url-safe,padded,64,2,262144,112821626,141.816783
scalar,decode,url-safe,padded,64,3,262144,112821506,141.816933
scalar,decode,url-safe,padded,64,4,262144,112817196,141.822351
scalar,decode,url-safe,padded,64,5,262144,112827001,141.810026
scalar,decode,url-safe,padded,64,6,262144,112889344,141.731712
scalar,decode,url-safe,padded,64,7,262144,112828695,141.807897
scalar,decode,url-safe,padded,64,8,262144,114051332,140.287708
scalar,decode,url-safe,padded,64,9,262144,112907190,141.709310
scalar,decode,url-safe,padded,64,10,262144,112775588,141.874676
scalar,decode,url-safe,padded,64,11,262144,112753791,141.902102
scalar,decode,url-safe,padded,64,12,262144,112828679,141.807917
scalar,decode,url-safe,padded,64,13,262144,112835560,141.799270
scalar,decode,url-safe,padded,64,14,262144,112841543,141.791751
neon,encode,url-safe,padded,64,0,262144,15593389,1026.075858
neon,encode,url-safe,padded,64,1,262144,15567694,1027.769431
neon,encode,url-safe,padded,64,2,262144,15524297,1030.642483
neon,encode,url-safe,padded,64,3,262144,15493391,1032.698394
neon,encode,url-safe,padded,64,4,262144,15648924,1022.434514
neon,encode,url-safe,padded,64,5,262144,15583817,1026.706102
neon,encode,url-safe,padded,64,6,262144,15581766,1026.841245
neon,encode,url-safe,padded,64,7,262144,15527613,1030.422384
neon,encode,url-safe,padded,64,8,262144,15677212,1020.589630
neon,encode,url-safe,padded,64,9,262144,15675720,1020.686769
neon,encode,url-safe,padded,64,10,262144,15690858,1019.702046
neon,encode,url-safe,padded,64,11,262144,15655190,1022.025284
neon,encode,url-safe,padded,64,12,262144,15673268,1020.846450
neon,encode,url-safe,padded,64,13,262144,15654321,1022.082018
neon,encode,url-safe,padded,64,14,262144,15670232,1021.044232
neon,decode,url-safe,padded,64,0,262144,63939590,250.236200
neon,decode,url-safe,padded,64,1,262144,62414791,256.349493
neon,decode,url-safe,padded,64,2,262144,61750932,259.105401
neon,decode,url-safe,padded,64,3,262144,61744618,259.131897
neon,decode,url-safe,padded,64,4,262144,61751039,259.104952
neon,decode,url-safe,padded,64,5,262144,61730784,259.189969
neon,decode,url-safe,padded,64,6,262144,61712942,259.264904
neon,decode,url-safe,padded,64,7,262144,61743228,259.137731
neon,decode,url-safe,padded,64,8,262144,61808042,258.865990
neon,decode,url-safe,padded,64,9,262144,61777006,258.996041
neon,decode,url-safe,padded,64,10,262144,61781214,258.978401
neon,decode,url-safe,padded,64,11,262144,61767343,259.036559
neon,decode,url-safe,padded,64,12,262144,61765843,259.042850
neon,decode,url-safe,padded,64,13,262144,61864160,258.631169
neon,decode,url-safe,padded,64,14,262144,61747637,259.119228
scalar,encode,url-safe,padded,96,0,174762,39449544,405.579820
scalar,encode,url-safe,padded,96,1,174762,39477195,405.295740
scalar,encode,url-safe,padded,96,2,174762,39469476,405.375003
scalar,encode,url-safe,padded,96,3,174762,39455259,405.521073
scalar,encode,url-safe,padded,96,4,174762,39437660,405.702036
scalar,encode,url-safe,padded,96,5,174762,39456842,405.504804
scalar,encode,url-safe,padded,96,6,174762,39442404,405.653240
scalar,encode,url-safe,padded,96,7,174762,39430632,405.774347
scalar,encode,url-safe,padded,96,8,174762,39450807,405.566836
scalar,encode,url-safe,padded,96,9,174762,39467428,405.396039
scalar,encode,url-safe,padded,96,10,174762,39422669,405.856310
scalar,encode,url-safe,padded,96,11,174762,39446429,405.611848
scalar,encode,url-safe,padded,96,12,174762,39437792,405.700678
scalar,encode,url-safe,padded,96,13,174762,39451410,405.560637
scalar,encode,url-safe,padded,96,14,174762,39473920,405.329366
scalar,decode,url-safe,padded,96,0,174762,112575953,142.125725
scalar,decode,url-safe,padded,96,1,174762,112591260,142.106403
scalar,decode,url-safe,padded,96,2,174762,112653415,142.027998
scalar,decode,url-safe,padded,96,3,174762,112562455,142.142768
scalar,decode,url-safe,padded,96,4,174762,112567699,142.136147
scalar,decode,url-safe,padded,96,5,174762,112597165,142.098950
scalar,decode,url-safe,padded,96,6,174762,112574329,142.127776
scalar,decode,url-safe,padded,96,7,174762,112583749,142.115884
scalar,decode,url-safe,padded,96,8,174762,112550773,142.157522
scalar,decode,url-safe,padded,96,9,174762,112495227,142.227714
scalar,decode,url-safe,padded,96,10,174762,112483497,142.242546
scalar,decode,url-safe,padded,96,11,174762,112589799,142.108247
scalar,decode,url-safe,padded,96,12,174762,112515988,142.201471
scalar,decode,url-safe,padded,96,13,174762,112506840,142.213033
scalar,decode,url-safe,padded,96,14,174762,112500045,142.221623
neon,encode,url-safe,padded,96,0,174762,9433468,1696.082391
neon,encode,url-safe,padded,96,1,174762,9423839,1697.815398
neon,encode,url-safe,padded,96,2,174762,9379152,1705.904645
neon,encode,url-safe,padded,96,3,174762,9428317,1697.009017
neon,encode,url-safe,padded,96,4,174762,9429783,1696.745192
neon,encode,url-safe,padded,96,5,174762,9405717,1701.086580
neon,encode,url-safe,padded,96,6,174762,9384546,1704.924134
neon,encode,url-safe,padded,96,7,174762,9383908,1705.040050
neon,encode,url-safe,padded,96,8,174762,9375440,1706.580061
neon,encode,url-safe,padded,96,9,174762,9404234,1701.354833
neon,encode,url-safe,padded,96,10,174762,9425967,1697.432101
neon,encode,url-safe,padded,96,11,174762,9389695,1703.989210
neon,encode,url-safe,padded,96,12,174762,9433852,1696.013353
neon,encode,url-safe,padded,96,13,174762,9369263,1707.705181
neon,encode,url-safe,padded,96,14,174762,9383155,1705.176880
neon,decode,url-safe,padded,96,0,174762,50614584,316.113217
neon,decode,url-safe,padded,96,1,174762,50606445,316.164057
neon,decode,url-safe,padded,96,2,174762,50595587,316.231907
neon,decode,url-safe,padded,96,3,174762,50638142,315.966154
neon,decode,url-safe,padded,96,4,174762,50627450,316.032883
neon,decode,url-safe,padded,96,5,174762,50671592,315.757574
neon,decode,url-safe,padded,96,6,174762,50661149,315.822663
neon,decode,url-safe,padded,96,7,174762,50654655,315.863151
neon,decode,url-safe,padded,96,8,174762,50658250,315.840736
neon,decode,url-safe,padded,96,9,174762,50702639,315.564225
neon,decode,url-safe,padded,96,10,174762,50627946,316.029786
neon,decode,url-safe,padded,96,11,174762,50634145,315.991096
neon,decode,url-safe,padded,96,12,174762,50627520,316.032446
neon,decode,url-safe,padded,96,13,174762,50556897,316.473912
neon,decode,url-safe,padded,96,14,174762,50594167,316.240783
scalar,encode,url-safe,padded,192,0,87381,24412325,655.404144
scalar,encode,url-safe,padded,192,1,87381,24397966,655.789871
scalar,encode,url-safe,padded,192,2,87381,24398091,655.786511
scalar,encode,url-safe,padded,192,3,87381,24403018,655.654107
scalar,encode,url-safe,padded,192,4,87381,24401601,655.692180
scalar,encode,url-safe,padded,192,5,87381,24411038,655.438698
scalar,encode,url-safe,padded,192,6,87381,24395388,655.859172
scalar,encode,url-safe,padded,192,7,87381,24396113,655.839681
scalar,encode,url-safe,padded,192,8,87381,24401263,655.701263
scalar,encode,url-safe,padded,192,9,87381,24400882,655.711501
scalar,encode,url-safe,padded,192,10,87381,24405417,655.589657
scalar,encode,url-safe,padded,192,11,87381,24404103,655.624956
scalar,encode,url-safe,padded,192,12,87381,24401556,655.693390
scalar,encode,url-safe,padded,192,13,87381,24406016,655.573567
scalar,encode,url-safe,padded,192,14,87381,24399415,655.750925
scalar,decode,url-safe,padded,192,0,87381,115591371,138.418109
scalar,decode,url-safe,padded,192,1,87381,114595516,139.620986
scalar,decode,url-safe,padded,192,2,87381,113227280,141.308163
scalar,decode,url-safe,padded,192,3,87381,112352774,142.408046
scalar,decode,url-safe,padded,192,4,87381,112259257,142.526678
scalar,decode,url-safe,padded,192,5,87381,112262809,142.522168
scalar,decode,url-safe,padded,192,6,87381,112188369,142.616736
scalar,decode,url-safe,padded,192,7,87381,112213336,142.585004
scalar,decode,url-safe,padded,192,8,87381,112231267,142.562223
scalar,decode,url-safe,padded,192,9,87381,112028177,142.820667
scalar,decode,url-safe,padded,192,10,87381,111055136,144.072031
scalar,decode,url-safe,padded,192,11,87381,111113172,143.996780
scalar,decode,url-safe,padded,192,12,87381,110915537,144.253361
scalar,decode,url-safe,padded,192,13,87381,110913345,144.256212
scalar,decode,url-safe,padded,192,14,87381,110861837,144.323235
neon,encode,url-safe,padded,192,0,87381,8081422,1979.842033
neon,encode,url-safe,padded,192,1,87381,8056518,1985.962045
neon,encode,url-safe,padded,192,2,87381,8112434,1972.273545
neon,encode,url-safe,padded,192,3,87381,8061471,1984.741862
neon,encode,url-safe,padded,192,4,87381,8055947,1986.102809
neon,encode,url-safe,padded,192,5,87381,8087018,1978.472036
neon,encode,url-safe,padded,192,6,87381,8045132,1988.772709
neon,encode,url-safe,padded,192,7,87381,8060303,1985.029467
neon,encode,url-safe,padded,192,8,87381,8054032,1986.575043
neon,encode,url-safe,padded,192,9,87381,8076612,1981.021122
neon,encode,url-safe,padded,192,10,87381,8080737,1980.009864
neon,encode,url-safe,padded,192,11,87381,8059417,1985.247688
neon,encode,url-safe,padded,192,12,87381,8030877,1992.302829
neon,encode,url-safe,padded,192,13,87381,8022521,1994.377947
neon,encode,url-safe,padded,192,14,87381,8037642,1990.625978
neon,decode,url-safe,padded,192,0,87381,50631856,316.005381
neon,decode,url-safe,padded,192,1,87381,50656208,315.853468
neon,decode,url-safe,padded,192,2,87381,50661745,315.818947
neon,decode,url-safe,padded,192,3,87381,51429577,311.103841
neon,decode,url-safe,padded,192,4,87381,51576915,310.215122
neon,decode,url-safe,padded,192,5,87381,50787195,315.038839
neon,decode,url-safe,padded,192,6,87381,50630066,316.016554
neon,decode,url-safe,padded,192,7,87381,50644695,315.925270
neon,decode,url-safe,padded,192,8,87381,50543411,316.558353
neon,decode,url-safe,padded,192,9,87381,52143600,306.843773
neon,decode,url-safe,padded,192,10,87381,51475537,310.826072
neon,decode,url-safe,padded,192,11,87381,50900139,314.339789
neon,decode,url-safe,padded,192,12,87381,50819283,314.839919
neon,decode,url-safe,padded,192,13,87381,50806426,314.919592
neon,decode,url-safe,padded,192,14,87381,50677400,315.721386
scalar,encode,url-safe,padded,384,0,43690,17246128,927.730321
scalar,encode,url-safe,padded,384,1,43690,17242401,927.930853
scalar,encode,url-safe,padded,384,2,43690,17249623,927.542350
scalar,encode,url-safe,padded,384,3,43690,17242212,927.941024
scalar,encode,url-safe,padded,384,4,43690,17247370,927.663514
scalar,encode,url-safe,padded,384,5,43690,17244276,927.829957
scalar,encode,url-safe,padded,384,6,43690,17243960,927.846960
scalar,encode,url-safe,padded,384,7,43690,17248539,927.600643
scalar,encode,url-safe,padded,384,8,43690,17240552,928.030370
scalar,encode,url-safe,padded,384,9,43690,17243505,927.871443
scalar,encode,url-safe,padded,384,10,43690,17247556,927.653510
scalar,encode,url-safe,padded,384,11,43690,17246645,927.702510
scalar,encode,url-safe,padded,384,12,43690,17242578,927.921327
scalar,encode,url-safe,padded,384,13,43690,17242976,927.899909
scalar,encode,url-safe,padded,384,14,43690,17243336,927.880537
scalar,decode,url-safe,padded,384,0,43690,110552959,144.724809
scalar,decode,url-safe,padded,384,1,43690,110547014,144.732592
scalar,decode,url-safe,padded,384,2,43690,110520427,144.767409
scalar,decode,url-safe,padded,384,3,43690,110598476,144.665247
scalar,decode,url-safe,padded,384,4,43690,110522056,144.765275
scalar,decode,url-safe,padded,384,5,43690,110521951,144.765413
scalar,decode,url-safe,padded,384,6,43690,110534903,144.748450
scalar,decode,url-safe,padded,384,7,43690,110509992,144.781079
scalar,decode,url-safe,padded,384,8,43690,110502484,144.790916
scalar,decode,url-safe,padded,384,9,43690,110530613,144.754068
scalar,decode,url-safe,padded,384,10,43690,110522287,144.764973
scalar,decode,url-safe,padded,384,11,43690,110535404,144.747794
scalar,decode,url-safe,padded,384,12,43690,110515610,144.773719
scalar,decode,url-safe,padded,384,13,43690,110604809,144.656964
scalar,decode,url-safe,padded,384,14,43690,110523889,144.762874
neon,encode,url-safe,padded,384,0,43690,7433996,2152.241656
neon,encode,url-safe,padded,384,1,43690,7456241,2145.820643
neon,encode,url-safe,padded,384,2,43690,7448347,2148.094854
neon,encode,url-safe,padded,384,3,43690,7446051,2148.757222
neon,encode,url-safe,padded,384,4,43690,7434031,2152.231523
neon,encode,url-safe,padded,384,5,43690,7454142,2146.424882
neon,encode,url-safe,padded,384,6,43690,7452328,2146.947351
neon,encode,url-safe,padded,384,7,43690,7440927,2150.236907
neon,encode,url-safe,padded,384,8,43690,7442537,2149.771759
neon,encode,url-safe,padded,384,9,43690,7433302,2152.442597
neon,encode,url-safe,padded,384,10,43690,7434906,2151.978231
neon,encode,url-safe,padded,384,11,43690,7443139,2149.597886
neon,encode,url-safe,padded,384,12,43690,7437081,2151.348877
neon,encode,url-safe,padded,384,13,43690,7429794,2153.458879
neon,encode,url-safe,padded,384,14,43690,7450246,2147.547324
neon,decode,url-safe,padded,384,0,43690,52620661,304.058436
neon,decode,url-safe,padded,384,1,43690,52166462,306.705788
neon,decode,url-safe,padded,384,2,43690,52155351,306.771128
neon,decode,url-safe,padded,384,3,43690,52301913,305.911485
neon,decode,url-safe,padded,384,4,43690,52284765,306.011815
neon,decode,url-safe,padded,384,5,43690,52168988,306.690938
neon,decode,url-safe,padded,384,6,43690,52317475,305.820490
neon,decode,url-safe,padded,384,7,43690,52167187,306.701526
neon,decode,url-safe,padded,384,8,43690,52000053,307.687299
neon,decode,url-safe,padded,384,9,43690,51928550,308.110969
neon,decode,url-safe,padded,384,10,43690,52108510,307.046888
neon,decode,url-safe,padded,384,11,43690,52019977,307.569453
neon,decode,url-safe,padded,384,12,43690,52089766,307.157376
neon,decode,url-safe,padded,384,13,43690,51942727,308.026875
neon,decode,url-safe,padded,384,14,43690,51708604,309.421540
scalar,encode,url-safe,padded,768,0,21845,14224105,1124.833925
scalar,encode,url-safe,padded,768,1,21845,14227144,1124.593654
scalar,encode,url-safe,padded,768,2,21845,14225582,1124.717137
scalar,encode,url-safe,padded,768,3,21845,14231069,1124.283486
scalar,encode,url-safe,padded,768,4,21845,14223429,1124.887385
scalar,encode,url-safe,padded,768,5,21845,14229206,1124.430686
scalar,encode,url-safe,padded,768,6,21845,14224886,1124.772168
scalar,encode,url-safe,padded,768,7,21845,14230657,1124.316035
scalar,encode,url-safe,padded,768,8,21845,14225750,1124.703855
scalar,encode,url-safe,padded,768,9,21845,14227047,1124.601322
scalar,encode,url-safe,padded,768,10,21845,14232629,1124.160256
scalar,encode,url-safe,padded,768,11,21845,14228736,1124.467828
scalar,encode,url-safe,padded,768,12,21845,14227361,1124.576502
scalar,encode,url-safe,padded,768,13,21845,14234990,1123.973804
scalar,encode,url-safe,padded,768,14,21845,14224033,1124.839619
scalar,decode,url-safe,padded,768,0,21845,110133926,145.275452
scalar,decode,url-safe,padded,768,1,21845,110036807,145.403673
scalar,decode,url-safe,padded,768,2,21845,110034873,145.406228
scalar,decode,url-safe,padded,768,3,21845,110022384,145.422734
scalar,decode,url-safe,padded,768,4,21845,110010306,145.438700
scalar,decode,url-safe,padded,768,5,21845,110017461,145.429241
scalar,decode,url-safe,padded,768,6,21845,110127339,145.284141
scalar,decode,url-safe,padded,768,7,21845,110006757,145.443392
scalar,decode,url-safe,padded,768,8,21845,110019112,145.427059
scalar,decode,url-safe,padded,768,9,21845,110015713,145.431552
scalar,decode,url-safe,padded,768,10,21845,110000687,145.451418
scalar,decode,url-safe,padded,768,11,21845,110029324,145.413561
scalar,decode,url-safe,padded,768,12,21845,110009892,145.439247
scalar,decode,url-safe,padded,768,13,21845,110013083,145.435028
scalar,decode,url-safe,padded,768,14,21845,110012398,145.435934
neon,encode,url-safe,padded,768,0,21845,7089129,2256.942406
neon,encode,url-safe,padded,768,1,21845,7097533,2254.270020
neon,encode,url-safe,padded,768,2,21845,7096771,2254.512067
neon,encode,url-safe,padded,768,3,21845,7085825,2257.994780
neon,encode,url-safe,padded,768,4,21845,7091147,2256.300125
neon,encode,url-safe,padded,768,5,21845,7179083,2228.662889
neon,encode,url-safe,padded,768,6,21845,7092286,2255.937769
neon,encode,url-safe,padded,768,7,21845,7091756,2256.106366
neon,encode,url-safe,padded,768,8,21845,7085914,2257.966419
neon,encode,url-safe,padded,768,9,21845,7095264,2254.990915
neon,encode,url-safe,padded,768,10,21845,7093614,2255.515434
neon,encode,url-safe,padded,768,11,21845,7095853,2254.803737
neon,encode,url-safe,padded,768,12,21845,7092585,2255.842667
neon,encode,url-safe,padded,768,13,21845,7089527,2256.815703
neon,encode,url-safe,padded,768,14,21845,7090940,2256.365991
neon,decode,url-safe,padded,768,0,21845,52041702,307.441057
neon,decode,url-safe,padded,768,1,21845,52258904,306.163249
neon,decode,url-safe,padded,768,2,21845,52361206,305.565075
neon,decode,url-safe,padded,768,3,21845,52407440,305.295505
neon,decode,url-safe,padded,768,4,21845,52561455,304.400931
neon,decode,url-safe,padded,768,5,21845,52479250,304.877754
neon,decode,url-safe,padded,768,6,21845,52137043,306.878851
neon,decode,url-safe,padded,768,7,21845,52350477,305.627700
neon,decode,url-safe,padded,768,8,21845,52333451,305.727132
neon,decode,url-safe,padded,768,9,21845,52557633,304.423068
neon,decode,url-safe,padded,768,10,21845,52444271,305.081100
neon,decode,url-safe,padded,768,11,21845,52538067,304.536439
neon,decode,url-safe,padded,768,12,21845,52487292,304.831041
neon,decode,url-safe,padded,768,13,21845,52356468,305.592728
neon,decode,url-safe,padded,768,14,21845,52254742,306.187635
scalar,encode,url-safe,padded,1024,0,16384,10468131,1528.448584
scalar,encode,url-safe,padded,1024,1,16384,10462644,1529.250159
scalar,encode,url-safe,padded,1024,2,16384,10464709,1528.948392
scalar,encode,url-safe,padded,1024,3,16384,10462881,1529.215519
scalar,encode,url-safe,padded,1024,4,16384,10462962,1529.203681
scalar,encode,url-safe,padded,1024,5,16384,10469746,1528.212814
scalar,encode,url-safe,padded,1024,6,16384,10460096,1529.622673
scalar,encode,url-safe,padded,1024,7,16384,10475709,1527.342923
scalar,encode,url-safe,padded,1024,8,16384,10465413,1528.845541
scalar,encode,url-safe,padded,1024,9,16384,10550751,1516.479727
scalar,encode,url-safe,padded,1024,10,16384,10467584,1528.528455
scalar,encode,url-safe,padded,1024,11,16384,10465528,1528.828741
scalar,encode,url-safe,padded,1024,12,16384,10464948,1528.913474
scalar,encode,url-safe,padded,1024,13,16384,10472622,1527.793135
scalar,encode,url-safe,padded,1024,14,16384,10464131,1529.032846
scalar,decode,url-safe,padded,1024,0,16384,111531205,143.457609
scalar,decode,url-safe,padded,1024,1,16384,111521725,143.469804
scalar,decode,url-safe,padded,1024,2,16384,111201051,143.883532
scalar,decode,url-safe,padded,1024,3,16384,110752964,144.465660
scalar,decode,url-safe,padded,1024,4,16384,110907244,144.264697
scalar,decode,url-safe,padded,1024,5,16384,111200328,143.884468
scalar,decode,url-safe,padded,1024,6,16384,111250053,143.820156
scalar,decode,url-safe,padded,1024,7,16384,111246886,143.824251
scalar,decode,url-safe,padded,1024,8,16384,111339722,143.704329
scalar,decode,url-safe,padded,1024,9,16384,110397515,144.930798
scalar,decode,url-safe,padded,1024,10,16384,110145244,145.262741
scalar,decode,url-safe,padded,1024,11,16384,110159349,145.244141
scalar,decode,url-safe,padded,1024,12,16384,110139758,145.269976
scalar,decode,url-safe,padded,1024,13,16384,110144169,145.264158
scalar,decode,url-safe,padded,1024,14,16384,110148494,145.258454
neon,encode,url-safe,padded,1024,0,16384,7360737,2173.695379
neon,encode,url-safe,padded,1024,1,16384,7361115,2173.583757
neon,encode,url-safe,padded,1024,2,16384,7346919,2177.783640
neon,encode,url-safe,padded,1024,3,16384,7342564,2179.075320
neon,encode,url-safe,padded,1024,4,16384,7352912,2176.008634
neon,encode,url-safe,padded,1024,5,16384,7360969,2173.626869
neon,encode,url-safe,padded,1024,6,16384,7350289,2176.785158
neon,encode,url-safe,padded,1024,7,16384,7334523,2181.464289
neon,encode,url-safe,padded,1024,8,16384,7352516,2176.125832
neon,encode,url-safe,padded,1024,9,16384,7359686,2174.005793
neon,encode,url-safe,padded,1024,10,16384,7359662,2174.012883
neon,encode,url-safe,padded,1024,11,16384,7340049,2179.821960
neon,encode,url-safe,padded,1024,12,16384,7354184,2175.632266
neon,encode,url-safe,padded,1024,13,16384,7350022,2176.864233
neon,encode,url-safe,padded,1024,14,16384,7342599,2179.064933
neon,decode,url-safe,padded,1024,0,16384,56688712,282.243139
neon,decode,url-safe,padded,1024,1,16384,56883635,281.275977
neon,decode,url-safe,padded,1024,2,16384,56404891,283.663344
neon,decode,url-safe,padded,1024,3,16384,54471841,293.729746
neon,decode,url-safe,padded,1024,4,16384,51668657,309.665490
neon,decode,url-safe,padded,1024,5,16384,51523777,310.536240
neon,decode,url-safe,padded,1024,6,16384,51522381,310.544654
neon,decode,url-safe,padded,1024,7,16384,52486331,304.841274
neon,decode,url-safe,padded,1024,8,16384,53953491,296.551710
neon,decode,url-safe,padded,1024,9,16384,52002411,307.678042
neon,decode,url-safe,padded,1024,10,16384,51529216,310.503463
neon,decode,url-safe,padded,1024,11,16384,51539062,310.444144
neon,decode,url-safe,padded,1024,12,16384,51537195,310.455391
neon,decode,url-safe,padded,1024,13,16384,51539784,310.439795
neon,decode,url-safe,padded,1024,14,16384,51522756,310.542394
scalar,encode,url-safe,padded,4096,0,4096,9667597,1655.013133
scalar,encode,url-safe,padded,4096,1,4096,9671602,1654.327794
scalar,encode,url-safe,padded,4096,2,4096,9665040,1655.450986
scalar,encode,url-safe,padded,4096,3,4096,9665900,1655.303697
scalar,encode,url-safe,padded,4096,4,4096,9676618,1653.470252
scalar,encode,url-safe,padded,4096,5,4096,9664771,1655.497062
scalar,encode,url-safe,padded,4096,6,4096,9670944,1654.440352
scalar,encode,url-safe,padded,4096,7,4096,9667202,1655.080757
scalar,encode,url-safe,padded,4096,8,4096,9666517,1655.198041
scalar,encode,url-safe,padded,4096,9,4096,9670581,1654.502454
scalar,encode,url-safe,padded,4096,10,4096,9666046,1655.278694
scalar,encode,url-safe,padded,4096,11,4096,9668046,1654.936272
scalar,encode,url-safe,padded,4096,12,4096,9665783,1655.323733
scalar,encode,url-safe,padded,4096,13,4096,9669859,1654.625988
scalar,encode,url-safe,padded,4096,14,4096,9660984,1656.145999
scalar,decode,url-safe,padded,4096,0,4096,109711019,145.837676
scalar,decode,url-safe,padded,4096,1,4096,109784673,145.739834
scalar,decode,url-safe,padded,4096,2,4096,109709125,145.840193
scalar,decode,url-safe,padded,4096,3,4096,109742120,145.796345
scalar,decode,url-safe,padded,4096,4,4096,109735002,145.805802
scalar,decode,url-safe,padded,4096,5,4096,109703557,145.847595
scalar,decode,url-safe,padded,4096,6,4096,109703586,145.847557
scalar,decode,url-safe,padded,4096,7,4096,109719916,145.825850
scalar,decode,url-safe,padded,4096,8,4096,109717605,145.828921
scalar,decode,url-safe,padded,4096,9,4096,109705664,145.844794
scalar,decode,url-safe,padded,4096,10,4096,109706866,145.843196
scalar,decode,url-safe,padded,4096,11,4096,109778593,145.747906
scalar,decode,url-safe,padded,4096,12,4096,109701012,145.850979
scalar,decode,url-safe,padded,4096,13,4096,109709507,145.839686
scalar,decode,url-safe,padded,4096,14,4096,109707248,145.842689
neon,encode,url-safe,padded,4096,0,4096,6964373,2297.407103
neon,encode,url-safe,padded,4096,1,4096,6953495,2301.001151
neon,encode,url-safe,padded,4096,2,4096,6951701,2301.594962
neon,encode,url-safe,padded,4096,3,4096,6947681,2302.926689
neon,encode,url-safe,padded,4096,4,4096,6949618,2302.284816
neon,encode,url-safe,padded,4096,5,4096,6948038,2302.808361
neon,encode,url-safe,padded,4096,6,4096,6951657,2301.609530
neon,encode,url-safe,padded,4096,7,4096,6948898,2302.523364
neon,encode,url-safe,padded,4096,8,4096,6951325,2301.719456
neon,encode,url-safe,padded,4096,9,4096,6952682,2301.270215
neon,encode,url-safe,padded,4096,10,4096,6951428,2301.685352
neon,encode,url-safe,padded,4096,11,4096,6946338,2303.371935
neon,encode,url-safe,padded,4096,12,4096,6949763,2302.236781
neon,encode,url-safe,padded,4096,13,4096,6950564,2301.971466
neon,encode,url-safe,padded,4096,14,4096,6951306,2301.725748
neon,decode,url-safe,padded,4096,0,4096,53365811,299.817424
neon,decode,url-safe,padded,4096,1,4096,51720191,309.356940
neon,decode,url-safe,padded,4096,2,4096,51288640,311.959919
neon,decode,url-safe,padded,4096,3,4096,50925621,314.183699
neon,decode,url-safe,padded,4096,4,4096,50860769,314.584312
neon,decode,url-safe,padded,4096,5,4096,50889333,314.407736
neon,decode,url-safe,padded,4096,6,4096,50881988,314.453122
neon,decode,url-safe,padded,4096,7,4096,50891503,314.394330
neon,decode,url-safe,padded,4096,8,4096,50911315,314.271985
neon,decode,url-safe,padded,4096,9,4096,50988325,313.797325
neon,decode,url-safe,padded,4096,10,4096,50872828,314.509742
neon,decode,url-safe,padded,4096,11,4096,50895285,314.370968
neon,decode,url-safe,padded,4096,12,4096,50900517,314.338654
neon,decode,url-safe,padded,4096,13,4096,50955612,313.998780
neon,decode,url-safe,padded,4096,14,4096,50908313,314.290517
scalar,encode,url-safe,padded,65536,0,256,9414047,1699.587861
scalar,encode,url-safe,padded,65536,1,256,9420014,1698.511276
scalar,encode,url-safe,padded,65536,2,256,9420361,1698.448711
scalar,encode,url-safe,padded,65536,3,256,9418102,1698.856096
scalar,encode,url-safe,padded,65536,4,256,9421604,1698.224634
scalar,encode,url-safe,padded,65536,5,256,9442928,1694.389706
scalar,encode,url-safe,padded,65536,6,256,9424051,1697.783681
scalar,encode,url-safe,padded,65536,7,256,9427342,1697.191000
scalar,encode,url-safe,padded,65536,8,256,9420528,1698.418602
scalar,encode,url-safe,padded,65536,9,256,9418878,1698.716132
scalar,encode,url-safe,padded,65536,10,256,9423440,1697.893763
scalar,encode,url-safe,padded,65536,11,256,9417116,1699.033972
scalar,encode,url-safe,padded,65536,12,256,9425806,1697.467569
scalar,encode,url-safe,padded,65536,13,256,9409943,1700.329109
scalar,encode,url-safe,padded,65536,14,256,9412176,1699.925713
scalar,decode,url-safe,padded,65536,0,256,109725532,145.818386
scalar,decode,url-safe,padded,65536,1,256,109733486,145.807817
scalar,decode,url-safe,padded,65536,2,256,109740021,145.799134
scalar,decode,url-safe,padded,65536,3,256,109754706,145.779626
scalar,decode,url-safe,padded,65536,4,256,109813635,145.701397
scalar,decode,url-safe,padded,65536,5,256,109792045,145.730048
scalar,decode,url-safe,padded,65536,6,256,109749381,145.786699
scalar,decode,url-safe,padded,65536,7,256,109782471,145.742757
scalar,decode,url-safe,padded,65536,8,256,109752706,145.782283
scalar,decode,url-safe,padded,65536,9,256,109723332,145.821310
scalar,decode,url-safe,padded,65536,10,256,109769488,145.759995
scalar,decode,url-safe,padded,65536,11,256,109748871,145.787377
scalar,decode,url-safe,padded,65536,12,256,109764694,145.766361
scalar,decode,url-safe,padded,65536,13,256,109728086,145.814992
scalar,decode,url-safe,padded,65536,14,256,109806274,145.711164
neon,encode,url-safe,padded,65536,0,256,6830332,2342.492283
neon,encode,url-safe,padded,65536,1,256,6822135,2345.306858
neon,encode,url-safe,padded,65536,2,256,6823835,2344.722579
neon,encode,url-safe,padded,65536,3,256,6821934,2345.375959
neon,encode,url-safe,padded,65536,4,256,6823471,2344.847659
neon,encode,url-safe,padded,65536,5,256,6823907,2344.697840
neon,encode,url-safe,padded,65536,6,256,6825987,2343.983368
neon,encode,url-safe,padded,65536,7,256,6820390,2345.906906
neon,encode,url-safe,padded,65536,8,256,6823365,2344.884086
neon,encode,url-safe,padded,65536,9,256,6823711,2344.765187
neon,encode,url-safe,padded,65536,10,256,6825161,2344.267044
neon,encode,url-safe,padded,65536,11,256,6821706,2345.454348
neon,encode,url-safe,padded,65536,12,256,6826596,2343.774262
neon,encode,url-safe,padded,65536,13,256,6825430,2344.174653
neon,encode,url-safe,padded,65536,14,256,6820200,2345.972259
neon,decode,url-safe,padded,65536,0,256,50715387,315.486107
neon,decode,url-safe,padded,65536,1,256,50661070,315.824360
neon,decode,url-safe,padded,65536,2,256,50695164,315.611959
neon,decode,url-safe,padded,65536,3,256,50640695,315.951430
neon,decode,url-safe,padded,65536,4,256,50635912,315.981274
neon,decode,url-safe,padded,65536,5,256,50648580,315.902242
neon,decode,url-safe,padded,65536,6,256,50642859,315.937929
neon,decode,url-safe,padded,65536,7,256,50643339,315.934935
neon,decode,url-safe,padded,65536,8,256,50635919,315.981231
neon,decode,url-safe,padded,65536,9,256,50668575,315.777580
neon,decode,url-safe,padded,65536,10,256,50745543,315.298626
neon,decode,url-safe,padded,65536,11,256,50658635,315.839540
neon,decode,url-safe,padded,65536,12,256,50659323,315.835251
neon,decode,url-safe,padded,65536,13,256,50686017,315.668915
neon,decode,url-safe,padded,65536,14,256,50696117,315.606026
scalar,encode,url-safe,unpadded,12,0,1398101,79975822,200.060416
scalar,encode,url-safe,unpadded,12,1,1398101,79887583,200.281390
scalar,encode,url-safe,unpadded,12,2,1398101,79898172,200.254847
scalar,encode,url-safe,unpadded,12,3,1398101,79891846,200.270703
scalar,encode,url-safe,unpadded,12,4,1398101,79912207,200.219676
scalar,encode,url-safe,unpadded,12,5,1398101,79882593,200.293901
scalar,encode,url-safe,unpadded,12,6,1398101,79890143,200.274972
scalar,encode,url-safe,unpadded,12,7,1398101,79890741,200.273473
scalar,encode,url-safe,unpadded,12,8,1398101,79898839,200.253175
scalar,encode,url-safe,unpadded,12,9,1398101,79902458,200.244105
scalar,encode,url-safe,unpadded,12,10,1398101,79902146,200.244887
scalar,encode,url-safe,unpadded,12,11,1398101,79888147,200.279976
scalar,encode,url-safe,unpadded,12,12,1398101,79968057,200.079842
scalar,encode,url-safe,unpadded,12,13,1398101,79893143,200.267452
scalar,encode,url-safe,unpadded,12,14,1398101,79884793,200.288385
scalar,decode,url-safe,unpadded,12,0,1398101,122410772,130.707420
scalar,decode,url-safe,unpadded,12,1,1398101,121162494,132.054035
scalar,decode,url-safe,unpadded,12,2,1398101,120922037,132.316628
scalar,decode,url-safe,unpadded,12,3,1398101,121008794,132.221764
scalar,decode,url-safe,unpadded,12,4,1398101,121090059,132.133028
scalar,decode,url-safe,unpadded,12,5,1398101,121094246,132.128460
scalar,decode,url-safe,unpadded,12,6,1398101,121111450,132.109691
scalar,decode,url-safe,unpadded,12,7,1398101,121104883,132.116854
scalar,decode,url-safe,unpadded,12,8,1398101,121051158,132.175491
scalar,decode,url-safe,unpadded,12,9,1398101,121035106,132.193020
scalar,decode,url-safe,unpadded,12,10,1398101,120941218,132.295643
scalar,decode,url-safe,unpadded,12,11,1398101,120902537,132.337969
scalar,decode,url-safe,unpadded,12,12,1398101,121008466,132.222122
scalar,decode,url-safe,unpadded,12,13,1398101,121084386,132.139219
scalar,decode,url-safe,unpadded,12,14,1398101,121061341,132.164373
neon,encode,url-safe,unpadded,12,0,1398101,22643571,706.602160
neon,encode,url-safe,unpadded,12,1,1398101,22637714,706.784978
neon,encode,url-safe,unpadded,12,2,1398101,22636196,706.832375
neon,encode,url-safe,unpadded,12,3,1398101,22646396,706.514016
neon,encode,url-safe,unpadded,12,4,1398101,22590485,708.262624
neon,encode,url-safe,unpadded,12,5,1398101,22591314,708.236634
neon,encode,url-safe,unpadded,12,6,1398101,22597390,708.046203
neon,encode,url-safe,unpadded,12,7,1398101,22593398,708.171307
neon,encode,url-safe,unpadded,12,8,1398101,22612223,707.581744
neon,encode,url-safe,unpadded,12,9,1398101,22617861,707.405364
neon,encode,url-safe,unpadded,12,10,1398101,22578768,708.630169
neon,encode,url-safe,unpadded,12,11,1398101,22592432,708.201587
neon,encode,url-safe,unpadded,12,12,1398101,22617488,707.417030
neon,encode,url-safe,unpadded,12,13,1398101,22604921,707.810312
neon,encode,url-safe,unpadded,12,14,1398101,22589763,708.285261
neon,decode,url-safe,unpadded,12,0,1398101,54794915,291.997828
neon,decode,url-safe,unpadded,12,1,1398101,54688399,292.566549
neon,decode,url-safe,unpadded,12,2,1398101,54632224,292.867378
neon,decode,url-safe,unpadded,12,3,1398101,54629510,292.881927
neon,decode,url-safe,unpadded,12,4,1398101,54643711,292.805812
neon,decode,url-safe,unpadded,12,5,1398101,54676806,292.628582
neon,decode,url-safe,unpadded,12,6,1398101,54608368,292.995319
neon,decode,url-safe,unpadded,12,7,1398101,54649599,292.774265
neon,decode,url-safe,unpadded,12,8,1398101,54640920,292.820768
neon,decode,url-safe,unpadded,12,9,1398101,54641436,292.818003
neon,decode,url-safe,unpadded,12,10,1398101,54665551,292.688830
neon,decode,url-safe,unpadded,12,11,1398101,54701292,292.497592
neon,decode,url-safe,unpadded,12,12,1398101,54820827,291.859811
neon,decode,url-safe,unpadded,12,13,1398101,54694010,292.536535
neon,decode,url-safe,unpadded,12,14,1398101,54595068,293.066696
scalar,encode,url-safe,unpadded,24,0,699050,72815144,219.734301
scalar,encode,url-safe,unpadded,24,1,699050,72813734,219.738556
scalar,encode,url-safe,unpadded,24,2,699050,72822000,219.713613
scalar,encode,url-safe,unpadded,24,3,699050,72815976,219.731790
scalar,encode,url-safe,unpadded,24,4,699050,72825963,219.701657
scalar,encode,url-safe,unpadded,24,5,699050,72822786,219.711242
scalar,encode,url-safe,unpadded,24,6,699050,72818527,219.724092
scalar,encode,url-safe,unpadded,24,7,699050,72820339,219.718625
scalar,encode,url-safe,unpadded,24,8,699050,72804289,219.767063
scalar,encode,url-safe,unpadded,24,9,699050,72820329,219.718655
scalar,encode,url-safe,unpadded,24,10,699050,72812374,219.742660
scalar,encode,url-safe,unpadded,24,11,699050,72887591,219.515895
scalar,encode,url-safe,unpadded,24,12,699050,72818459,219.724297
scalar,encode,url-safe,unpadded,24,13,699050,72811844,219.744259
scalar,encode,url-safe,unpadded,24,14,699050,72816171,219.731201
scalar,decode,url-safe,unpadded,24,0,699050,116032924,137.891765
scalar,decode,url-safe,unpadded,24,1,699050,116060281,137.859262
scalar,decode,url-safe,unpadded,24,2,699050,116266833,137.614351
scalar,decode,url-safe,unpadded,24,3,699050,116309238,137.564178
scalar,decode,url-safe,unpadded,24,4,699050,116278132,137.600978
scalar,decode,url-safe,unpadded,24,5,699050,116308044,137.565590
scalar,decode,url-safe,unpadded,24,6,699050,116407353,137.448231
scalar,decode,url-safe,unpadded,24,7,699050,116305662,137.568408
scalar,decode,url-safe,unpadded,24,8,699050,116349286,137.516828
scalar,decode,url-safe,unpadded,24,9,699050,116283623,137.594481
scalar,decode,url-safe,unpadded,24,10,699050,116305635,137.568440
scalar,decode,url-safe,unpadded,24,11,699050,116255683,137.627549
scalar,decode,url-safe,unpadded,24,12,699050,116271319,137.609041
scalar,decode,url-safe,unpadded,24,13,699050,116280390,137.598306
scalar,decode,url-safe,unpadded,24,14,699050,116417063,137.436767
neon,encode,url-safe,unpadded,24,0,699050,16891313,947.231559
neon,encode,url-safe,unpadded,24,1,699050,17149419,932.975324
neon,encode,url-safe,unpadded,24,2,699050,16980003,942.283976
neon,encode,url-safe,unpadded,24,3,699050,17052784,938.262324
neon,encode,url-safe,unpadded,24,4,699050,17073966,937.098313
neon,encode,url-safe,unpadded,24,5,699050,16980689,942.245909
neon,encode,url-safe,unpadded,24,6,699050,17102068,935.558480
neon,encode,url-safe,unpadded,24,7,699050,17142788,933.336208
neon,encode,url-safe,unpadded,24,8,699050,17101793,935.573524
neon,encode,url-safe,unpadded,24,9,699050,17097863,935.788569
neon,encode,url-safe,unpadded,24,10,699050,17199934,930.235241
neon,encode,url-safe,unpadded,24,11,699050,17088049,936.326010
neon,encode,url-safe,unpadded,24,12,699050,16995131,941.445214
neon,encode,url-safe,unpadded,24,13,699050,17014118,940.394603
neon,encode,url-safe,unpadded,24,14,699050,17013531,940.427048
neon,decode,url-safe,unpadded,24,0,699050,44464244,359.839352
neon,decode,url-safe,unpadded,24,1,699050,44371887,360.588332
neon,decode,url-safe,unpadded,24,2,699050,44316760,361.036880
neon,decode,url-safe,unpadded,24,3,699050,44308422,361.104820
neon,decode,url-safe,unpadded,24,4,699050,44316620,361.038020
neon,decode,url-safe,unpadded,24,5,699050,44364798,360.645950
neon,decode,url-safe,unpadded,24,6,699050,44339855,360.848829
neon,decode,url-safe,unpadded,24,7,699050,44574251,358.951286
neon,decode,url-safe,unpadded,24,8,699050,44840107,356.823072
neon,decode,url-safe,unpadded,24,9,699050,44474531,359.756121
neon,decode,url-safe,unpadded,24,10,699050,44416089,360.229482
neon,decode,url-safe,unpadded,24,11,699050,44479731,359.714063
neon,decode,url-safe,unpadded,24,12,699050,44442163,360.018137
neon,decode,url-safe,unpadded,24,13,699050,44352935,360.742412
neon,decode,url-safe,unpadded,24,14,699050,44372445,360.583798
scalar,encode,url-safe,unpadded,48,0,349525,69384794,230.597856
scalar,encode,url-safe,unpadded,48,1,349525,69319293,230.815752
scalar,encode,url-safe,unpadded,48,2,349525,69299298,230.882350
scalar,encode,url-safe,unpadded,48,3,349525,69300329,230.878915
scalar,encode,url-safe,unpadded,48,4,349525,69305330,230.862255
scalar,encode,url-safe,unpadded,48,5,349525,69307744,230.854214
scalar,encode,url-safe,unpadded,48,6,349525,69303011,230.869980
scalar,encode,url-safe,unpadded,48,7,349525,69303413,230.868640
scalar,encode,url-safe,unpadded,48,8,349525,69297321,230.888936
scalar,encode,url-safe,unpadded,48,9,349525,69300192,230.879371
scalar,encode,url-safe,unpadded,48,10,349525,69310616,230.844648
scalar,encode,url-safe,unpadded,48,11,349525,69278505,230.951646
scalar,encode,url-safe,unpadded,48,12,349525,69278536,230.951542
scalar,encode,url-safe,unpadded,48,13,349525,69287300,230.922330
scalar,encode,url-safe,unpadded,48,14,349525,69372162,230.639846
scalar,decode,url-safe,unpadded,48,0,349525,112996335,141.597378
scalar,decode,url-safe,unpadded,48,1,349525,112302253,142.472518
scalar,decode,url-safe,unpadded,48,2,349525,112341589,142.422632
scalar,decode,url-safe,unpadded,48,3,349525,112318595,142.451789
scalar,decode,url-safe,unpadded,48,4,349525,112339330,142.425496
scalar,decode,url-safe,unpadded,48,5,349525,112345082,142.418203
scalar,decode,url-safe,unpadded,48,6,349525,112322436,142.446917
scalar,decode,url-safe,unpadded,48,7,349525,112314010,142.457604
scalar,decode,url-safe,unpadded,48,8,349525,112345425,142.417769
scalar,decode,url-safe,unpadded,48,9,349525,112386842,142.365285
scalar,decode,url-safe,unpadded,48,10,349525,112345997,142.417043
scalar,decode,url-safe,unpadded,48,11,349525,112567414,142.136913
scalar,decode,url-safe,unpadded,48,12,349525,112568477,142.135571
scalar,decode,url-safe,unpadded,48,13,349525,112621889,142.068162
scalar,decode,url-safe,unpadded,48,14,349525,112631522,142.056011
neon,encode,url-safe,unpadded,48,0,349525,11629050,1375.863440
neon,encode,url-safe,unpadded,48,1,349525,11599737,1379.340302
neon,encode,url-safe,unpadded,48,2,349525,11688475,1368.868457
neon,encode,url-safe,unpadded,48,3,349525,11658549,1372.382167
neon,encode,url-safe,unpadded,48,4,349525,11624733,1376.374386
neon,encode,url-safe,unpadded,48,5,349525,11690181,1368.668692
neon,encode,url-safe,unpadded,48,6,349525,11823891,1353.191157
neon,encode,url-safe,unpadded,48,7,349525,11678487,1370.039179
neon,encode,url-safe,unpadded,48,8,349525,11673806,1370.588542
neon,encode,url-safe,unpadded,48,9,349525,11672223,1370.774422
neon,encode,url-safe,unpadded,48,10,349525,11683136,1369.494008
neon,encode,url-safe,unpadded,48,11,349525,11723011,1364.835770
neon,encode,url-safe,unpadded,48,12,349525,11669908,1371.046348
neon,encode,url-safe,unpadded,48,13,349525,11569242,1382.976062
neon,encode,url-safe,unpadded,48,14,349525,11636400,1374.994392
neon,decode,url-safe,unpadded,48,0,349525,39072694,409.492746
neon,decode,url-safe,unpadded,48,1,349525,39067886,409.543141
neon,decode,url-safe,unpadded,48,2,349525,39130084,408.892164
neon,decode,url-safe,unpadded,48,3,349525,39045790,409.774901
neon,decode,url-safe,unpadded,48,4,349525,39016983,410.077446
neon,decode,url-safe,unpadded,48,5,349525,39028069,409.960963
neon,decode,url-safe,unpadded,48,6,349525,39046587,409.766537
neon,decode,url-safe,unpadded,48,7,349525,39069447,409.526778
neon,decode,url-safe,unpadded,48,8,349525,39047362,409.758404
neon,decode,url-safe,unpadded,48,9,349525,39021618,410.028737
neon,decode,url-safe,unpadded,48,10,349525,39058180,409.644913
neon,decode,url-safe,unpadded,48,11,349525,39030799,409.932288
neon,decode,url-safe,unpadded,48,12,349525,39044563,409.787779
neon,decode,url-safe,unpadded,48,13,349525,38981752,410.448067
neon,decode,url-safe,unpadded,48,14,349525,38965290,410.621472
scalar,encode,url-safe,unpadded,64,0,262144,26869652,595.467332
scalar,encode,url-safe,unpadded,64,1,262144,26865292,595.563972
scalar,encode,url-safe,unpadded,64,2,262144,26849001,595.925338
scalar,encode,url-safe,unpadded,64,3,262144,26871990,595.415524
scalar,encode,url-safe,unpadded,64,4,262144,26874727,595.354885
scalar,encode,url-safe,unpadded,64,5,262144,26876190,595.322477
scalar,encode,url-safe,unpadded,64,6,262144,26861831,595.640707
scalar,encode,url-safe,unpadded,64,7,262144,26848176,595.943650
scalar,encode,url-safe,unpadded,64,8,262144,26889935,595.018173
scalar,encode,url-safe,unpadded,64,9,262144,26865121,595.567762
scalar,encode,url-safe,unpadded,64,10,262144,26884013,595.149244
scalar,encode,url-safe,unpadded,64,11,262144,26814913,596.682898
scalar,encode,url-safe,unpadded,64,12,262144,26812253,596.742094
scalar,encode,url-safe,unpadded,64,13,262144,26788435,597.272666
scalar,encode,url-safe,unpadded,64,14,262144,26820494,596.558736
scalar,decode,url-safe,unpadded,64,0,262144,112495333,142.228122
scalar,decode,url-safe,unpadded,64,1,262144,112548714,142.160665
scalar,decode,url-safe,unpadded,64,2,262144,112469222,142.261142
scalar,decode,url-safe,unpadded,64,3,262144,112484445,142.241890
scalar,decode,url-safe,unpadded,64,4,262144,112485927,142.240015
scalar,decode,url-safe,unpadded,64,5,262144,112481235,142.245949
scalar,decode,url-safe,unpadded,64,6,262144,112521713,142.194778
scalar,decode,url-safe,unpadded,64,7,262144,112472991,142.256375
scalar,decode,url-safe,unpadded,64,8,262144,112505729,142.214980
scalar,decode,url-safe,unpadded,64,9,262144,112512438,142.206500
scalar,decode,url-safe,unpadded,64,10,262144,112591941,142.106086
scalar,decode,url-safe,unpadded,64,11,262144,112497042,142.225962
scalar,decode,url-safe,unpadded,64,12,262144,112516729,142.201077
scalar,decode,url-safe,unpadded,64,13,262144,112473322,142.255956
scalar,decode,url-safe,unpadded,64,14,262144,112534743,142.178314
neon,encode,url-safe,unpadded,64,0,262144,15372148,1040.843479
neon,encode,url-safe,unpadded,64,1,262144,15327237,1043.893299
neon,encode,url-safe,unpadded,64,2,262144,15347874,1042.489663
neon,encode,url-safe,unpadded,64,3,262144,15263765,1048.234168
neon,encode,url-safe,unpadded,64,4,262144,15230605,1050.516378
neon,encode,url-safe,unpadded,64,5,262144,15186445,1053.571129
neon,encode,url-safe,unpadded,64,6,262144,15228702,1050.647652
neon,encode,url-safe,unpadded,64,7,262144,15195383,1052.951413
neon,encode,url-safe,unpadded,64,8,262144,15200006,1052.631163
neon,encode,url-safe,unpadded,64,9,262144,15239459,1049.906037
neon,encode,url-safe,unpadded,64,10,262144,15389719,1039.655110
neon,encode,url-safe,unpadded,64,11,262144,15411488,1038.186579
neon,encode,url-safe,unpadded,64,12,262144,15385192,1039.961022
neon,encode,url-safe,unpadded,64,13,262144,15342578,1042.849513
neon,encode,url-safe,unpadded,64,14,262144,15312850,1044.874076
neon,decode,url-safe,unpadded,64,0,262144,45670601,350.334781
neon,decode,url-safe,unpadded,64,1,262144,45809546,349.272180
neon,decode,url-safe,unpadded,64,2,262144,45768141,349.588156
neon,decode,url-safe,unpadded,64,3,262144,45834932,349.078733
neon,decode,url-safe,unpadded,64,4,262144,45858184,348.901736
neon,decode,url-safe,unpadded,64,5,262144,45843267,349.015265
neon,decode,url-safe,unpadded,64,6,262144,45906837,348.531963
neon,decode,url-safe,unpadded,64,7,262144,45820291,349.190275
neon,decode,url-safe,unpadded,64,8,262144,45740246,349.801354
neon,decode,url-safe,unpadded,64,9,262144,45872257,348.794697
neon,decode,url-safe,unpadded,64,10,262144,45807374,349.288741
neon,decode,url-safe,unpadded,64,11,262144,45894410,348.626336
neon,decode,url-safe,unpadded,64,12,262144,45839050,349.047373
neon,decode,url-safe,unpadded,64,13,262144,45825242,349.152548
neon,decode,url-safe,unpadded,64,14,262144,45862751,348.866992
scalar,encode,url-safe,unpadded,96,0,174762,39800809,402.000345
scalar,encode,url-safe,unpadded,96,1,174762,39804571,401.962352
scalar,encode,url-safe,unpadded,96,2,174762,39799810,402.010436
scalar,encode,url-safe,unpadded,96,3,174762,39802432,401.983953
scalar,encode,url-safe,unpadded,96,4,174762,39798064,402.028073
scalar,encode,url-safe,unpadded,96,5,174762,39800974,401.998679
scalar,encode,url-safe,unpadded,96,6,174762,39803259,401.975601
scalar,encode,url-safe,unpadded,96,7,174762,39799831,402.010224
scalar,encode,url-safe,unpadded,96,8,174762,39805436,401.953617
scalar,encode,url-safe,unpadded,96,9,174762,39801928,401.989043
scalar,encode,url-safe,unpadded,96,10,174762,39801645,401.991902
scalar,encode,url-safe,unpadded,96,11,174762,39803742,401.970723
scalar,encode,url-safe,unpadded,96,12,174762,39800626,402.002194
scalar,encode,url-safe,unpadded,96,13,174762,39879083,401.211306
scalar,encode,url-safe,unpadded,96,14,174762,39811967,401.887678
scalar,decode,url-safe,unpadded,96,0,174762,110812192,144.387893
scalar,decode,url-safe,unpadded,96,1,174762,110826501,144.369251
scalar,decode,url-safe,unpadded,96,2,174762,110825715,144.370275
scalar,decode,url-safe,unpadded,96,3,174762,110828332,144.366866
scalar,decode,url-safe,unpadded,96,4,174762,110860049,144.325563
scalar,decode,url-safe,unpadded,96,5,174762,111617935,143.345592
scalar,decode,url-safe,unpadded,96,6,174762,110827986,144.367317
scalar,decode,url-safe,unpadded,96,7,174762,110878418,144.301653
scalar,decode,url-safe,unpadded,96,8,174762,110781520,144.427870
scalar,decode,url-safe,unpadded,96,9,174762,110782700,144.426332
scalar,decode,url-safe,unpadded,96,10,174762,110787993,144.419431
scalar,decode,url-safe,unpadded,96,11,174762,110768378,144.445005
scalar,decode,url-safe,unpadded,96,12,174762,110763019,144.451994
scalar,decode,url-safe,unpadded,96,13,174762,110729624,144.495559
scalar,decode,url-safe,unpadded,96,14,174762,110747628,144.472069
neon,encode,url-safe,unpadded,96,0,174762,9399139,1702.277088
neon,encode,url-safe,unpadded,96,1,174762,9323675,1716.054985
neon,encode,url-safe,unpadded,96,2,174762,9260944,1727.679054
neon,encode,url-safe,unpadded,96,3,174762,9200618,1739.006985
neon,encode,url-safe,unpadded,96,4,174762,9255933,1728.614389
neon,encode,url-safe,unpadded,96,5,174762,9323287,1716.126401
neon,encode,url-safe,unpadded,96,6,174762,9368330,1707.875253
neon,encode,url-safe,unpadded,96,7,174762,9369346,1707.690053
neon,encode,url-safe,unpadded,96,8,174762,9364317,1708.607148
neon,encode,url-safe,unpadded,96,9,174762,9302987,1719.871152
neon,encode,url-safe,unpadded,96,10,174762,9236162,1732.314674
neon,encode,url-safe,unpadded,96,11,174762,9272688,1725.490922
neon,encode,url-safe,unpadded,96,12,174762,9368678,1707.811813
neon,encode,url-safe,unpadded,96,13,174762,9370455,1707.487946
neon,encode,url-safe,unpadded,96,14,174762,9346637,1711.839132
neon,decode,url-safe,unpadded,96,0,174762,38289103,417.871867
neon,decode,url-safe,unpadded,96,1,174762,36790949,434.887911
neon,decode,url-safe,unpadded,96,2,174762,36654050,436.512172
neon,decode,url-safe,unpadded,96,3,174762,36356621,440.083223
neon,decode,url-safe,unpadded,96,4,174762,36313710,440.603259
neon,decode,url-safe,unpadded,96,5,174762,36317427,440.558164
neon,decode,url-safe,unpadded,96,6,174762,36354001,440.114940
neon,decode,url-safe,unpadded,96,7,174762,36354869,440.104432
neon,decode,url-safe,unpadded,96,8,174762,36351080,440.150305
neon,decode,url-safe,unpadded,96,9,174762,36363101,440.004800
neon,decode,url-safe,unpadded,96,10,174762,36355161,440.100897
neon,decode,url-safe,unpadded,96,11,174762,36340013,440.284349
neon,decode,url-safe,unpadded,96,12,174762,36349855,440.165139
neon,decode,url-safe,unpadded,96,13,174762,36320367,440.522503
neon,decode,url-safe,unpadded,96,14,174762,36335615,440.337640
scalar,encode,url-safe,unpadded,192,0,87381,24533307,652.172125
scalar,encode,url-safe,unpadded,192,1,87381,24534276,652.146367
scalar,encode,url-safe,unpadded,192,2,87381,24535991,652.100784
scalar,encode,url-safe,unpadded,192,3,87381,24530018,652.259569
scalar,encode,url-safe,unpadded,192,4,87381,24530218,652.254251
scalar,encode,url-safe,unpadded,192,5,87381,24529589,652.270976
scalar,encode,url-safe,unpadded,192,6,87381,24528107,652.310387
scalar,encode,url-safe,unpadded,192,7,87381,24530532,652.245902
scalar,encode,url-safe,unpadded,192,8,87381,24534948,652.128505
scalar,encode,url-safe,unpadded,192,9,87381,24526256,652.359617
scalar,encode,url-safe,unpadded,192,10,87381,24529401,652.275975
scalar,encode,url-safe,unpadded,192,11,87381,24528529,652.299164
scalar,encode,url-safe,unpadded,192,12,87381,24526415,652.355388
scalar,encode,url-safe,unpadded,192,13,87381,24529508,652.273130
scalar,encode,url-safe,unpadded,192,14,87381,24527809,652.318312
scalar,decode,url-safe,unpadded,192,0,87381,109972619,145.490206
scalar,decode,url-safe,unpadded,192,1,87381,110017321,145.431090
scalar,decode,url-safe,unpadded,192,2,87381,109936857,145.537533
scalar,decode,url-safe,unpadded,192,3,87381,109925299,145.552836
scalar,decode,url-safe,unpadded,192,4,87381,109878658,145.614619
scalar,decode,url-safe,unpadded,192,5,87381,109921095,145.558402
scalar,decode,url-safe,unpadded,192,6,87381,109920572,145.559095
scalar,decode,url-safe,unpadded,192,7,87381,109927550,145.549855
scalar,decode,url-safe,unpadded,192,8,87381,109930456,145.546007
scalar,decode,url-safe,unpadded,192,9,87381,109926489,145.551260
scalar,decode,url-safe,unpadded,192,10,87381,110019683,145.427968
scalar,decode,url-safe,unpadded,192,11,87381,109938184,145.535776
scalar,decode,url-safe,unpadded,192,12,87381,109930429,145.546043
scalar,decode,url-safe,unpadded,192,13,87381,109939893,145.533514
scalar,decode,url-safe,unpadded,192,14,87381,109921257,145.558188
neon,encode,url-safe,unpadded,192,0,87381,8100477,1975.184790
neon,encode,url-safe,unpadded,192,1,87381,8153594,1962.317349
neon,encode,url-safe,unpadded,192,2,87381,8135181,1966.758818
neon,encode,url-safe,unpadded,192,3,87381,8107839,1973.391303
neon,encode,url-safe,unpadded,192,4,87381,8107463,1973.482823
neon,encode,url-safe,unpadded,192,5,87381,8129262,1968.190835
neon,encode,url-safe,unpadded,192,6,87381,8109736,1972.929694
neon,encode,url-safe,unpadded,192,7,87381,8133129,1967.255034
neon,encode,url-safe,unpadded,192,8,87381,8107050,1973.583358
neon,encode,url-safe,unpadded,192,9,87381,8144234,1964.572600
neon,encode,url-safe,unpadded,192,10,87381,8113922,1971.911853
neon,encode,url-safe,unpadded,192,11,87381,8094993,1976.522891
neon,encode,url-safe,unpadded,192,12,87381,8134693,1966.876803
neon,encode,url-safe,unpadded,192,13,87381,8101493,1974.937084
neon,encode,url-safe,unpadded,192,14,87381,8118913,1970.699645
neon,decode,url-safe,unpadded,192,0,87381,35196505,454.588857
neon,decode,url-safe,unpadded,192,1,87381,35191216,454.657178
neon,decode,url-safe,unpadded,192,2,87381,35209548,454.420459
neon,decode,url-safe,unpadded,192,3,87381,35206796,454.455980
neon,decode,url-safe,unpadded,192,4,87381,35213898,454.364324
neon,decode,url-safe,unpadded,192,5,87381,35213917,454.364079
neon,decode,url-safe,unpadded,192,6,87381,35217730,454.314885
neon,decode,url-safe,unpadded,192,7,87381,35211530,454.394880
neon,decode,url-safe,unpadded,192,8,87381,35208302,454.436541
neon,decode,url-safe,unpadded,192,9,87381,35216972,454.324664
neon,decode,url-safe,unpadded,192,10,87381,35220372,454.280806
neon,decode,url-safe,unpadded,192,11,87381,35292150,453.356879
neon,decode,url-safe,unpadded,192,12,87381,35208491,454.434101
neon,decode,url-safe,unpadded,192,13,87381,35212484,454.382570
neon,decode,url-safe,unpadded,192,14,87381,35224300,454.230147
scalar,encode,url-safe,unpadded,384,0,43690,17244879,927.797514
scalar,encode,url-safe,unpadded,384,1,43690,17239111,928.107944
scalar,encode,url-safe,unpadded,384,2,43690,17240917,928.010724
scalar,encode,url-safe,unpadded,384,3,43690,17247877,927.636245
scalar,encode,url-safe,unpadded,384,4,43690,17247332,927.665558
scalar,encode,url-safe,unpadded,384,5,43690,17239946,928.062992
scalar,encode,url-safe,unpadded,384,6,43690,17251636,927.434120
scalar,encode,url-safe,unpadded,384,7,43690,17245153,927.782772
scalar,encode,url-safe,unpadded,384,8,43690,17245848,927.745383
scalar,encode,url-safe,unpadded,384,9,43690,17245843,927.745652
scalar,encode,url-safe,unpadded,384,10,43690,17253602,927.328442
scalar,encode,url-safe,unpadded,384,11,43690,17239872,928.066975
scalar,encode,url-safe,unpadded,384,12,43690,17244403,927.823124
scalar,encode,url-safe,unpadded,384,13,43690,17245365,927.771367
scalar,encode,url-safe,unpadded,384,14,43690,17243495,927.871981
scalar,decode,url-safe,unpadded,384,0,43690,110464342,144.840910
scalar,decode,url-safe,unpadded,384,1,43690,109738335,145.799149
scalar,decode,url-safe,unpadded,384,2,43690,109687719,145.866429
scalar,decode,url-safe,unpadded,384,3,43690,109669490,145.890674
scalar,decode,url-safe,unpadded,384,4,43690,109665071,145.896553
scalar,decode,url-safe,unpadded,384,5,43690,109792603,145.727084
scalar,decode,url-safe,unpadded,384,6,43690,109760920,145.769149
scalar,decode,url-safe,unpadded,384,7,43690,109764726,145.764094
scalar,decode,url-safe,unpadded,384,8,43690,109789855,145.730731
scalar,decode,url-safe,unpadded,384,9,43690,109799414,145.718044
scalar,decode,url-safe,unpadded,384,10,43690,109814347,145.698229
scalar,decode,url-safe,unpadded,384,11,43690,109801132,145.715764
scalar,decode,url-safe,unpadded,384,12,43690,109795779,145.722868
scalar,decode,url-safe,unpadded,384,13,43690,109818709,145.692442
scalar,decode,url-safe,unpadded,384,14,43690,109944733,145.525442
neon,encode,url-safe,unpadded,384,0,43690,7456066,2145.871007
neon,encode,url-safe,unpadded,384,1,43690,7394796,2163.650743
neon,encode,url-safe,unpadded,384,2,43690,7446506,2148.625927
neon,encode,url-safe,unpadded,384,3,43690,7445512,2148.912776
neon,encode,url-safe,unpadded,384,4,43690,7412938,2158.355548
neon,encode,url-safe,unpadded,384,5,43690,7475493,2140.294407
neon,encode,url-safe,unpadded,384,6,43690,7439711,2150.588357
neon,encode,url-safe,unpadded,384,7,43690,7428304,2153.890829
neon,encode,url-safe,unpadded,384,8,43690,7429859,2153.440040
neon,encode,url-safe,unpadded,384,9,43690,7472222,2141.231331
neon,encode,url-safe,unpadded,384,10,43690,7424008,2155.137206
neon,encode,url-safe,unpadded,384,11,43690,7420775,2156.076132
neon,encode,url-safe,unpadded,384,12,43690,7417461,2157.039432
neon,encode,url-safe,unpadded,384,13,43690,7417335,2157.076074
neon,encode,url-safe,unpadded,384,14,43690,7427934,2153.998118
neon,decode,url-safe,unpadded,384,0,43690,35280122,453.506251
neon,decode,url-safe,unpadded,384,1,43690,34934341,457.995067
neon,decode,url-safe,unpadded,384,2,43690,34929014,458.064916
neon,decode,url-safe,unpadded,384,3,43690,34875691,458.765272
neon,decode,url-safe,unpadded,384,4,43690,34868058,458.865701
neon,decode,url-safe,unpadded,384,5,43690,34870056,458.839408
neon,decode,url-safe,unpadded,384,6,43690,34869974,458.840487
neon,decode,url-safe,unpadded,384,7,43690,34865479,458.899643
neon,decode,url-safe,unpadded,384,8,43690,34853755,459.054006
neon,decode,url-safe,unpadded,384,9,43690,34857919,458.999169
neon,decode,url-safe,unpadded,384,10,43690,34852665,459.068363
neon,decode,url-safe,unpadded,384,11,43690,34849580,459.109001
neon,decode,url-safe,unpadded,384,12,43690,34855394,459.032420
neon,decode,url-safe,unpadded,384,13,43690,34859073,458.983974
neon,decode,url-safe,unpadded,384,14,43690,34861537,458.951533
scalar,encode,url-safe,unpadded,768,0,21845,14221808,1125.015600
scalar,encode,url-safe,unpadded,768,1,21845,14222507,1124.960308
scalar,encode,url-safe,unpadded,768,2,21845,14220835,1125.092574
scalar,encode,url-safe,unpadded,768,3,21845,14212922,1125.718966
scalar,encode,url-safe,unpadded,768,4,21845,14223606,1124.873387
scalar,encode,url-safe,unpadded,768,5,21845,14215711,1125.498110
scalar,encode,url-safe,unpadded,768,6,21845,14222559,1124.956195
scalar,encode,url-safe,unpadded,768,7,21845,14218486,1125.278448
scalar,encode,url-safe,unpadded,768,8,21845,14215549,1125.510936
scalar,encode,url-safe,unpadded,768,9,21845,14216746,1125.416172
scalar,encode,url-safe,unpadded,768,10,21845,14216101,1125.467233
scalar,encode,url-safe,unpadded,768,11,21845,14223497,1124.882008
scalar,encode,url-safe,unpadded,768,12,21845,14220572,1125.113382
scalar,encode,url-safe,unpadded,768,13,21845,14223801,1124.857966
scalar,encode,url-safe,unpadded,768,14,21845,14216718,1125.418388
scalar,decode,url-safe,unpadded,768,0,21845,109510798,146.102084
scalar,decode,url-safe,unpadded,768,1,21845,109345954,146.322340
scalar,decode,url-safe,unpadded,768,2,21845,109333781,146.338631
scalar,decode,url-safe,unpadded,768,3,21845,109456652,146.174358
scalar,decode,url-safe,unpadded,768,4,21845,109556505,146.041131
scalar,decode,url-safe,unpadded,768,5,21845,109574384,146.017301
scalar,decode,url-safe,unpadded,768,6,21845,109575396,146.015953
scalar,decode,url-safe,unpadded,768,7,21845,109537422,146.066573
scalar,decode,url-safe,unpadded,768,8,21845,109554243,146.044146
scalar,decode,url-safe,unpadded,768,9,21845,109655857,145.908812
scalar,decode,url-safe,unpadded,768,10,21845,109572022,146.020449
scalar,decode,url-safe,unpadded,768,11,21845,109578233,146.012173
scalar,decode,url-safe,unpadded,768,12,21845,109572271,146.020117
scalar,decode,url-safe,unpadded,768,13,21845,109601181,145.981601
scalar,decode,url-safe,unpadded,768,14,21845,109605516,145.975827
neon,encode,url-safe,unpadded,768,0,21845,7121972,2246.534507
neon,encode,url-safe,unpadded,768,1,21845,7125028,2245.570945
neon,encode,url-safe,unpadded,768,2,21845,7124428,2245.760061
neon,encode,url-safe,unpadded,768,3,21845,7118101,2247.756229
neon,encode,url-safe,unpadded,768,4,21845,7117695,2247.884443
neon,encode,url-safe,unpadded,768,5,21845,7118039,2247.775807
neon,encode,url-safe,unpadded,768,6,21845,7120335,2247.050997
neon,encode,url-safe,unpadded,768,7,21845,7132083,2243.349644
neon,encode,url-safe,unpadded,768,8,21845,7137756,2241.566658
neon,encode,url-safe,unpadded,768,9,21845,7134210,2242.680810
neon,encode,url-safe,unpadded,768,10,21845,7119739,2247.239100
neon,encode,url-safe,unpadded,768,11,21845,7122709,2246.302054
neon,encode,url-safe,unpadded,768,12,21845,7124658,2245.687563
neon,encode,url-safe,unpadded,768,13,21845,7139803,2240.923995
neon,encode,url-safe,unpadded,768,14,21845,7130501,2243.847362
neon,decode,url-safe,unpadded,768,0,21845,35456806,451.246394
neon,decode,url-safe,unpadded,768,1,21845,34409328,464.983096
neon,decode,url-safe,unpadded,768,2,21845,34346030,465.840036
neon,decode,url-safe,unpadded,768,3,21845,34319065,466.206054
neon,decode,url-safe,unpadded,768,4,21845,34330949,466.044672
neon,decode,url-safe,unpadded,768,5,21845,34317195,466.231458
neon,decode,url-safe,unpadded,768,6,21845,34317972,466.220902
neon,decode,url-safe,unpadded,768,7,21845,34319299,466.202875
neon,decode,url-safe,unpadded,768,8,21845,34317043,466.233523
neon,decode,url-safe,unpadded,768,9,21845,34390236,465.241235
neon,decode,url-safe,unpadded,768,10,21845,34328460,466.078463
neon,decode,url-safe,unpadded,768,11,21845,34332657,466.021487
neon,decode,url-safe,unpadded,768,12,21845,34325538,466.118138
neon,decode,url-safe,unpadded,768,13,21845,34323702,466.143071
neon,decode,url-safe,unpadded,768,14,21845,34323896,466.140436
scalar,encode,url-safe,unpadded,1024,0,16384,10476564,1527.218275
scalar,encode,url-safe,unpadded,1024,1,16384,10474966,1527.451259
scalar,encode,url-safe,unpadded,1024,2,16384,10476778,1527.187080
scalar,encode,url-safe,unpadded,1024,3,16384,10472834,1527.762208
scalar,encode,url-safe,unpadded,1024,4,16384,10470924,1528.040887
scalar,encode,url-safe,unpadded,1024,5,16384,10482575,1526.342526
scalar,encode,url-safe,unpadded,1024,6,16384,10472409,1527.824209
scalar,encode,url-safe,unpadded,1024,7,16384,10483198,1526.251817
scalar,encode,url-safe,unpadded,1024,8,16384,10487902,1525.567268
scalar,encode,url-safe,unpadded,1024,9,16384,10484278,1526.094596
scalar,encode,url-safe,unpadded,1024,10,16384,10476085,1527.288104
scalar,encode,url-safe,unpadded,1024,11,16384,10475498,1527.373687
scalar,encode,url-safe,unpadded,1024,12,16384,10476761,1527.189558
scalar,encode,url-safe,unpadded,1024,13,16384,10477685,1527.054879
scalar,encode,url-safe,unpadded,1024,14,16384,10475420,1527.385060
scalar,decode,url-safe,unpadded,1024,0,16384,109482157,146.142535
scalar,decode,url-safe,unpadded,1024,1,16384,109455206,146.178520
scalar,decode,url-safe,unpadded,1024,2,16384,109409420,146.239693
scalar,decode,url-safe,unpadded,1024,3,16384,109396154,146.257427
scalar,decode,url-safe,unpadded,1024,4,16384,109407288,146.242543
scalar,decode,url-safe,unpadded,1024,5,16384,109468759,146.160422
scalar,decode,url-safe,unpadded,1024,6,16384,109406142,146.244075
scalar,decode,url-safe,unpadded,1024,7,16384,109395051,146.258902
scalar,decode,url-safe,unpadded,1024,8,16384,109407521,146.242231
scalar,decode,url-safe,unpadded,1024,9,16384,109405913,146.244381
scalar,decode,url-safe,unpadded,1024,10,16384,109391872,146.263152
scalar,decode,url-safe,unpadded,1024,11,16384,109387168,146.269442
scalar,decode,url-safe,unpadded,1024,12,16384,109417725,146.228593
scalar,decode,url-safe,unpadded,1024,13,16384,109423113,146.221393
scalar,decode,url-safe,unpadded,1024,14,16384,109554034,146.046653
neon,encode,url-safe,unpadded,1024,0,16384,7318347,2186.286056
neon,encode,url-safe,unpadded,1024,1,16384,7330549,2182.646893
neon,encode,url-safe,unpadded,1024,2,16384,7325539,2184.139624
neon,encode,url-safe,unpadded,1024,3,16384,7325127,2184.262471
neon,encode,url-safe,unpadded,1024,4,16384,7338265,2180.351895
neon,encode,url-safe,unpadded,1024,5,16384,7322983,2184.901972
neon,encode,url-safe,unpadded,1024,6,16384,7359731,2173.992501
neon,encode,url-safe,unpadded,1024,7,16384,7334704,2181.410456
neon,encode,url-safe,unpadded,1024,8,16384,7326900,2183.733912
neon,encode,url-safe,unpadded,1024,9,16384,7325413,2184.177192
neon,encode,url-safe,unpadded,1024,10,16384,7325931,2184.022754
neon,encode,url-safe,unpadded,1024,11,16384,7327455,2183.568510
neon,encode,url-safe,unpadded,1024,12,16384,7325634,2184.111300
neon,encode,url-safe,unpadded,1024,13,16384,7331504,2182.362582
neon,encode,url-safe,unpadded,1024,14,16384,7324366,2184.489415
neon,decode,url-safe,unpadded,1024,0,16384,34864822,458.915293
neon,decode,url-safe,unpadded,1024,1,16384,34863811,458.928601
neon,decode,url-safe,unpadded,1024,2,16384,34863956,458.926692
neon,decode,url-safe,unpadded,1024,3,16384,34868978,458.860595
neon,decode,url-safe,unpadded,1024,4,16384,34872016,458.820620
neon,decode,url-safe,unpadded,1024,5,16384,35686535,448.348376
neon,decode,url-safe,unpadded,1024,6,16384,34919138,458.201460
neon,decode,url-safe,unpadded,1024,7,16384,35581251,449.675027
neon,decode,url-safe,unpadded,1024,8,16384,35091458,455.951417
neon,decode,url-safe,unpadded,1024,9,16384,34955546,457.724219
neon,decode,url-safe,unpadded,1024,10,16384,34901909,458.427646
neon,decode,url-safe,unpadded,1024,11,16384,34899968,458.453142
neon,decode,url-safe,unpadded,1024,12,16384,34902800,458.415944
neon,decode,url-safe,unpadded,1024,13,16384,34879036,458.728274
neon,decode,url-safe,unpadded,1024,14,16384,34893143,458.542815
scalar,encode,url-safe,unpadded,4096,0,4096,9638008,1660.094078
scalar,encode,url-safe,unpadded,4096,1,4096,9636841,1660.295111
scalar,encode,url-safe,unpadded,4096,2,4096,9640523,1659.660996
scalar,encode,url-safe,unpadded,4096,3,4096,9633873,1660.806614
scalar,encode,url-safe,unpadded,4096,4,4096,9639024,1659.919096
scalar,encode,url-safe,unpadded,4096,5,4096,9636753,1660.310273
scalar,encode,url-safe,unpadded,4096,6,4096,9634663,1660.670435
scalar,encode,url-safe,unpadded,4096,7,4096,9638352,1660.034828
scalar,encode,url-safe,unpadded,4096,8,4096,9637263,1660.222410
scalar,encode,url-safe,unpadded,4096,9,4096,9641058,1659.568898
scalar,encode,url-safe,unpadded,4096,10,4096,9637979,1660.099073
scalar,encode,url-safe,unpadded,4096,11,4096,9634212,1660.748175
scalar,encode,url-safe,unpadded,4096,12,4096,9640715,1659.627943
scalar,encode,url-safe,unpadded,4096,13,4096,9638151,1660.069447
scalar,encode,url-safe,unpadded,4096,14,4096,9636788,1660.304242
scalar,decode,url-safe,unpadded,4096,0,4096,109051579,146.719563
scalar,decode,url-safe,unpadded,4096,1,4096,109119753,146.627898
scalar,decode,url-safe,unpadded,4096,2,4096,109097733,146.657493
scalar,decode,url-safe,unpadded,4096,3,4096,109045087,146.728298
scalar,decode,url-safe,unpadded,4096,4,4096,109060434,146.707650
scalar,decode,url-safe,unpadded,4096,5,4096,109060586,146.707446
scalar,decode,url-safe,unpadded,4096,6,4096,109053024,146.717619
scalar,decode,url-safe,unpadded,4096,7,4096,109057331,146.711824
scalar,decode,url-safe,unpadded,4096,8,4096,109062848,146.704403
scalar,decode,url-safe,unpadded,4096,9,4096,108983592,146.811091
scalar,decode,url-safe,unpadded,4096,10,4096,109028223,146.750993
scalar,decode,url-safe,unpadded,4096,11,4096,109053704,146.716704
scalar,decode,url-safe,unpadded,4096,12,4096,109053167,146.717426
scalar,decode,url-safe,unpadded,4096,13,4096,109079160,146.682464
scalar,decode,url-safe,unpadded,4096,14,4096,109030633,146.747749
neon,encode,url-safe,unpadded,4096,0,4096,6938519,2305.967599
neon,encode,url-safe,unpadded,4096,1,4096,6939097,2305.775521
neon,encode,url-safe,unpadded,4096,2,4096,6938175,2306.081931
neon,encode,url-safe,unpadded,4096,3,4096,6935051,2307.120741
neon,encode,url-safe,unpadded,4096,4,4096,6938947,2305.825365
neon,encode,url-safe,unpadded,4096,5,4096,6946806,2303.216759
neon,encode,url-safe,unpadded,4096,6,4096,6936254,2306.720602
neon,encode,url-safe,unpadded,4096,7,4096,6936130,2306.761840
neon,encode,url-safe,unpadded,4096,8,4096,6938507,2305.971587
neon,encode,url-safe,unpadded,4096,9,4096,6938540,2305.960620
neon,encode,url-safe,unpadded,4096,10,4096,6937718,2306.233837
neon,encode,url-safe,unpadded,4096,11,4096,6936238,2306.725923
neon,encode,url-safe,unpadded,4096,12,4096,6936194,2306.740555
neon,encode,url-safe,unpadded,4096,13,4096,6939046,2305.792468
neon,encode,url-safe,unpadded,4096,14,4096,6944449,2303.998489
neon,decode,url-safe,unpadded,4096,0,4096,34038548,470.055303
neon,decode,url-safe,unpadded,4096,1,4096,34029574,470.179262
neon,decode,url-safe,unpadded,4096,2,4096,34033836,470.120383
neon,decode,url-safe,unpadded,4096,3,4096,34023622,470.261514
neon,decode,url-safe,unpadded,4096,4,4096,34036943,470.077468
neon,decode,url-safe,unpadded,4096,5,4096,34026115,470.227059
neon,decode,url-safe,unpadded,4096,6,4096,34022909,470.271369
neon,decode,url-safe,unpadded,4096,7,4096,34029788,470.176306
neon,decode,url-safe,unpadded,4096,8,4096,34024695,470.246684
neon,decode,url-safe,unpadded,4096,9,4096,34017147,470.351026
neon,decode,url-safe,unpadded,4096,10,4096,34027710,470.205018
neon,decode,url-safe,unpadded,4096,11,4096,34017258,470.349491
neon,decode,url-safe,unpadded,4096,12,4096,34098868,469.223788
neon,decode,url-safe,unpadded,4096,13,4096,34032052,470.145027
neon,decode,url-safe,unpadded,4096,14,4096,34055187,469.825639
scalar,encode,url-safe,unpadded,65536,0,256,9389622,1704.008958
scalar,encode,url-safe,unpadded,65536,1,256,9392418,1703.501697
scalar,encode,url-safe,unpadded,65536,2,256,9388879,1704.143807
scalar,encode,url-safe,unpadded,65536,3,256,9388162,1704.273957
scalar,encode,url-safe,unpadded,65536,4,256,9389825,1703.972119
scalar,encode,url-safe,unpadded,65536,5,256,9385677,1704.725189
scalar,encode,url-safe,unpadded,65536,6,256,9390633,1703.825504
scalar,encode,url-safe,unpadded,65536,7,256,9386329,1704.606774
scalar,encode,url-safe,unpadded,65536,8,256,9384546,1704.930638
scalar,encode,url-safe,unpadded,65536,9,256,9389927,1703.953609
scalar,encode,url-safe,unpadded,65536,10,256,9385295,1704.794575
scalar,encode,url-safe,unpadded,65536,11,256,9387128,1704.461684
scalar,encode,url-safe,unpadded,65536,12,256,9388416,1704.227848
scalar,encode,url-safe,unpadded,65536,13,256,9383726,1705.079624
scalar,encode,url-safe,unpadded,65536,14,256,9388930,1704.134550
scalar,decode,url-safe,unpadded,65536,0,256,108809191,147.046402
scalar,decode,url-safe,unpadded,65536,1,256,108799803,147.059090
scalar,decode,url-safe,unpadded,65536,2,256,108729858,147.153692
scalar,decode,url-safe,unpadded,65536,3,256,108774603,147.093159
scalar,decode,url-safe,unpadded,65536,4,256,108709881,147.180733
scalar,decode,url-safe,unpadded,65536,5,256,108725694,147.159327
scalar,decode,url-safe,unpadded,65536,6,256,108773530,147.094610
scalar,decode,url-safe,unpadded,65536,7,256,108872930,146.960314
scalar,decode,url-safe,unpadded,65536,8,256,108775612,147.091795
scalar,decode,url-safe,unpadded,65536,9,256,108796309,147.063813
scalar,decode,url-safe,unpadded,65536,10,256,108804398,147.052879
scalar,decode,url-safe,unpadded,65536,11,256,108836978,147.008859
scalar,decode,url-safe,unpadded,65536,12,256,108783493,147.081138
scalar,decode,url-safe,unpadded,65536,13,256,108757794,147.115893
scalar,decode,url-safe,unpadded,65536,14,256,108817606,147.035030
neon,encode,url-safe,unpadded,65536,0,256,6825223,2344.245748
neon,encode,url-safe,unpadded,65536,1,256,6823687,2344.773434
neon,encode,url-safe,unpadded,65536,2,256,6821387,2345.564033
neon,encode,url-safe,unpadded,65536,3,256,6824315,2344.557659
neon,encode,url-safe,unpadded,65536,4,256,6825411,2344.181178
neon,encode,url-safe,unpadded,65536,5,256,6824080,2344.638398
neon,encode,url-safe,unpadded,65536,6,256,6823877,2344.708148
neon,encode,url-safe,unpadded,65536,7,256,6823764,2344.746975
neon,encode,url-safe,unpadded,65536,8,256,6824690,2344.428831
neon,encode,url-safe,unpadded,65536,9,256,6823535,2344.825666
neon,encode,url-safe,unpadded,65536,10,256,6825386,2344.189765
neon,encode,url-safe,unpadded,65536,11,256,6825193,2344.256053
neon,encode,url-safe,unpadded,65536,12,256,6821555,2345.506267
neon,encode,url-safe,unpadded,65536,13,256,6824545,2344.478643
neon,encode,url-safe,unpadded,65536,14,256,6825871,2344.023202
neon,decode,url-safe,unpadded,65536,0,256,34629485,462.034015
neon,decode,url-safe,unpadded,65536,1,256,34569968,462.829471
neon,decode,url-safe,unpadded,65536,2,256,33903765,471.923988
neon,decode,url-safe,unpadded,65536,3,256,33733611,474.304396
neon,decode,url-safe,unpadded,65536,4,256,33744033,474.157905
neon,decode,url-safe,unpadded,65536,5,256,33736169,474.268433
neon,decode,url-safe,unpadded,65536,6,256,33724805,474.428244
neon,decode,url-safe,unpadded,65536,7,256,33741939,474.187331
neon,decode,url-safe,unpadded,65536,8,256,33728665,474.373949
neon,decode,url-safe,unpadded,65536,9,256,33738109,474.241162
neon,decode,url-safe,unpadded,65536,10,256,33747237,474.112888
neon,decode,url-safe,unpadded,65536,11,256,33734461,474.292445
neon,decode,url-safe,unpadded,65536,12,256,33744056,474.157582
neon,decode,url-safe,unpadded,65536,13,256,33748366,474.097027
neon,decode,url-safe,unpadded,65536,14,256,33748202,474.099331
