backend,operation,alphabet,padding,input_len,sample_index,iterations,elapsed_ns,throughput_mib_s
scalar,encode,standard,padded,12,0,1398101,56388792,283.744262
scalar,encode,standard,padded,12,1,1398101,40400875,396.030932
scalar,encode,standard,padded,12,2,1398101,36672291,436.296608
scalar,encode,standard,padded,12,3,1398101,36473958,438.669041
scalar,encode,standard,padded,12,4,1398101,36463917,438.789837
scalar,encode,standard,padded,12,5,1398101,36362750,440.010620
scalar,encode,standard,padded,12,6,1398101,36431709,439.177755
scalar,encode,standard,padded,12,7,1398101,36404708,439.503489
scalar,encode,standard,padded,12,8,1398101,36411625,439.419998
scalar,encode,standard,padded,12,9,1398101,36363166,440.005587
scalar,encode,standard,padded,12,10,1398101,36384625,439.746079
scalar,encode,standard,padded,12,11,1398101,36358292,440.064571
scalar,encode,standard,padded,12,12,1398101,36376250,439.847323
scalar,encode,standard,padded,12,13,1398101,36353375,440.124093
scalar,encode,standard,padded,12,14,1398101,36343291,440.246212
scalar,decode,standard,padded,12,0,1398101,67740041,236.197025
scalar,decode,standard,padded,12,1,1398101,67764167,236.112932
scalar,decode,standard,padded,12,2,1398101,67740834,236.194260
scalar,decode,standard,padded,12,3,1398101,67747250,236.171892
scalar,decode,standard,padded,12,4,1398101,67744208,236.182497
scalar,decode,standard,padded,12,5,1398101,67723042,236.256313
scalar,decode,standard,padded,12,6,1398101,67907917,235.613120
scalar,decode,standard,padded,12,7,1398101,67831167,235.879713
scalar,decode,standard,padded,12,8,1398101,67913792,235.592738
scalar,decode,standard,padded,12,9,1398101,67975291,235.379591
scalar,decode,standard,padded,12,10,1398101,68148500,234.781341
scalar,decode,standard,padded,12,11,1398101,68183417,234.661108
scalar,decode,standard,padded,12,12,1398101,67832792,235.874062
scalar,decode,standard,padded,12,13,1398101,67703041,236.326108
scalar,decode,standard,padded,12,14,1398101,67883417,235.698156
neon,encode,standard,padded,12,0,1398101,15446084,1035.861011
neon,encode,standard,padded,12,1,1398101,15494250,1032.640895
neon,encode,standard,padded,12,2,1398101,15459917,1034.934158
neon,encode,standard,padded,12,3,1398101,15470000,1034.259611
neon,encode,standard,padded,12,4,1398101,15502666,1032.080301
neon,encode,standard,padded,12,5,1398101,15445792,1035.880594
neon,encode,standard,padded,12,6,1398101,15491125,1032.849208
neon,encode,standard,padded,12,7,1398101,15466875,1034.468578
neon,encode,standard,padded,12,8,1398101,15438833,1036.347513
neon,encode,standard,padded,12,9,1398101,15452125,1035.456042
neon,encode,standard,padded,12,10,1398101,15438917,1036.341875
neon,encode,standard,padded,12,11,1398101,15460667,1034.883953
neon,encode,standard,padded,12,12,1398101,15438917,1036.341875
neon,encode,standard,padded,12,13,1398101,15438000,1036.403432
neon,encode,standard,padded,12,14,1398101,15508917,1031.664312
neon,decode,standard,padded,12,0,1398101,46098875,347.079971
neon,decode,standard,padded,12,1,1398101,46147083,346.717390
neon,decode,standard,padded,12,2,1398101,46016167,347.703801
neon,decode,standard,padded,12,3,1398101,45965084,348.090220
neon,decode,standard,padded,12,4,1398101,45954125,348.173231
neon,decode,standard,padded,12,5,1398101,46001208,347.816870
neon,decode,standard,padded,12,6,1398101,46556500,343.668364
neon,decode,standard,padded,12,7,1398101,46674209,342.801657
neon,decode,standard,padded,12,8,1398101,46149084,346.702357
neon,decode,standard,padded,12,9,1398101,46539917,343.790819
neon,decode,standard,padded,12,10,1398101,45968500,348.064352
neon,decode,standard,padded,12,11,1398101,46001708,347.813090
neon,decode,standard,padded,12,12,1398101,45969000,348.060567
neon,decode,standard,padded,12,13,1398101,45958709,348.138504
neon,decode,standard,padded,12,14,1398101,45949958,348.204805
scalar,encode,standard,padded,24,0,699050,32161333,497.491343
scalar,encode,standard,padded,24,1,699050,32145417,497.737663
scalar,encode,standard,padded,24,2,699050,32165542,497.426244
scalar,encode,standard,padded,24,3,699050,32197625,496.930589
scalar,encode,standard,padded,24,4,699050,32243542,496.222926
scalar,encode,standard,padded,24,5,699050,32183083,497.155128
scalar,encode,standard,padded,24,6,699050,32165625,497.424960
scalar,encode,standard,padded,24,7,699050,32140958,497.806716
scalar,encode,standard,padded,24,8,699050,32163792,497.453308
scalar,encode,standard,padded,24,9,699050,32176125,497.262636
scalar,encode,standard,padded,24,10,699050,32153209,497.617042
scalar,encode,standard,padded,24,11,699050,32163458,497.458474
scalar,encode,standard,padded,24,12,699050,32145709,497.733142
scalar,encode,standard,padded,24,13,699050,32183708,497.145473
scalar,encode,standard,padded,24,14,699050,32199292,496.904862
scalar,decode,standard,padded,24,0,699050,66810334,239.483681
scalar,decode,standard,padded,24,1,699050,66778708,239.597099
scalar,decode,standard,padded,24,2,699050,66856750,239.317417
scalar,decode,standard,padded,24,3,699050,66818666,239.453819
scalar,decode,standard,padded,24,4,699050,66776750,239.604125
scalar,decode,standard,padded,24,5,699050,66794709,239.539703
scalar,decode,standard,padded,24,6,699050,66774250,239.613095
scalar,decode,standard,padded,24,7,699050,66753875,239.686232
scalar,decode,standard,padded,24,8,699050,66745917,239.714809
scalar,decode,standard,padded,24,9,699050,66751542,239.694609
scalar,decode,standard,padded,24,10,699050,66768250,239.634628
scalar,decode,standard,padded,24,11,699050,66745833,239.715111
scalar,decode,standard,padded,24,12,699050,66767084,239.638813
scalar,decode,standard,padded,24,13,699050,66753459,239.687725
scalar,decode,standard,padded,24,14,699050,66786000,239.570939
neon,encode,standard,padded,24,0,699050,9027542,1772.352290
neon,encode,standard,padded,24,1,699050,9041208,1769.673338
neon,encode,standard,padded,24,2,699050,9021000,1773.637595
neon,encode,standard,padded,24,3,699050,9043875,1769.151469
neon,encode,standard,padded,24,4,699050,9027792,1772.303210
neon,encode,standard,padded,24,5,699050,9027875,1772.286916
neon,encode,standard,padded,24,6,699050,9028417,1772.180521
neon,encode,standard,padded,24,7,699050,9040625,1769.787458
neon,encode,standard,padded,24,8,699050,9025250,1772.802387
neon,encode,standard,padded,24,9,699050,9028542,1772.155985
neon,encode,standard,padded,24,10,699050,9048042,1768.336701
neon,encode,standard,padded,24,11,699050,9025625,1772.728730
neon,encode,standard,padded,24,12,699050,9060791,1765.848560
neon,encode,standard,padded,24,13,699050,9032291,1771.420423
neon,encode,standard,padded,24,14,699050,9027959,1772.270426
neon,decode,standard,padded,24,0,699050,35611959,449.286846
neon,decode,standard,padded,24,1,699050,35554000,450.019259
neon,decode,standard,padded,24,2,699050,35761458,447.408625
neon,decode,standard,padded,24,3,699050,35687042,448.341578
neon,decode,standard,padded,24,4,699050,35805125,446.862977
neon,decode,standard,padded,24,5,699050,35711250,448.037656
neon,decode,standard,padded,24,6,699050,35766500,447.345554
neon,decode,standard,padded,24,7,699050,35774791,447.241879
neon,decode,standard,padded,24,8,699050,35761417,447.409138
neon,decode,standard,padded,24,9,699050,35613083,449.272666
neon,decode,standard,padded,24,10,699050,35799083,446.938396
neon,decode,standard,padded,24,11,699050,35631334,449.042541
neon,decode,standard,padded,24,12,699050,35613500,449.267405
neon,decode,standard,padded,24,13,699050,35579292,449.699357
neon,decode,standard,padded,24,14,699050,36195875,442.038899
scalar,encode,standard,padded,48,0,349525,30098167,531.593327
scalar,encode,standard,padded,48,1,349525,30140208,530.851836
scalar,encode,standard,padded,48,2,349525,30130042,531.030947
scalar,encode,standard,padded,48,3,349525,30047167,532.495617
scalar,encode,standard,padded,48,4,349525,30099292,531.573458
scalar,encode,standard,padded,48,5,349525,30067542,532.134776
scalar,encode,standard,padded,48,6,349525,30084500,531.834823
scalar,encode,standard,padded,48,7,349525,30331667,527.501002
scalar,encode,standard,padded,48,8,349525,30282417,528.358907
scalar,encode,standard,padded,48,9,349525,30214500,529.546567
scalar,encode,standard,padded,48,10,349525,30165292,530.410405
scalar,encode,standard,padded,48,11,349525,30059416,532.278629
scalar,encode,standard,padded,48,12,349525,30076542,531.975542
scalar,encode,standard,padded,48,13,349525,30135375,530.936972
scalar,encode,standard,padded,48,14,349525,30167667,530.368647
scalar,decode,standard,padded,48,0,349525,67644292,236.531188
scalar,decode,standard,padded,48,1,349525,66304542,241.310539
scalar,decode,standard,padded,48,2,349525,66350750,241.142485
scalar,decode,standard,padded,48,3,349525,66302542,241.317818
scalar,decode,standard,padded,48,4,349525,66432250,240.846648
scalar,decode,standard,padded,48,5,349525,66582125,240.304507
scalar,decode,standard,padded,48,6,349525,66377125,241.046667
scalar,decode,standard,padded,48,7,349525,66364583,241.092221
scalar,decode,standard,padded,48,8,349525,66307209,241.300833
scalar,decode,standard,padded,48,9,349525,66221625,241.612687
scalar,decode,standard,padded,48,10,349525,66236833,241.557212
scalar,decode,standard,padded,48,11,349525,66256792,241.484446
scalar,decode,standard,padded,48,12,349525,66241042,241.541864
scalar,decode,standard,padded,48,13,349525,68106875,234.924664
scalar,decode,standard,padded,48,14,349525,68727083,232.804653
neon,encode,standard,padded,48,0,349525,6006083,2663.963309
neon,encode,standard,padded,48,1,349525,6150291,2601.500440
neon,encode,standard,padded,48,2,349525,6232792,2567.065408
neon,encode,standard,padded,48,3,349525,6012875,2660.954159
neon,encode,standard,padded,48,4,349525,6062458,2639.191025
neon,encode,standard,padded,48,5,349525,6168542,2593.803324
neon,encode,standard,padded,48,6,349525,5924958,2700.438508
neon,encode,standard,padded,48,7,349525,6094167,2625.458859
neon,encode,standard,padded,48,8,349525,6099459,2623.180964
neon,encode,standard,padded,48,9,349525,6178625,2589.570453
neon,encode,standard,padded,48,10,349525,5880458,2720.873908
neon,encode,standard,padded,48,11,349525,6126375,2611.656117
neon,encode,standard,padded,48,12,349525,6286334,2545.201184
neon,encode,standard,padded,48,13,349525,6175750,2590.775977
neon,encode,standard,padded,48,14,349525,6215792,2574.086253
neon,decode,standard,padded,48,0,349525,32537208,491.744244
neon,decode,standard,padded,48,1,349525,33748375,474.096449
neon,decode,standard,padded,48,2,349525,32884500,486.550951
neon,decode,standard,padded,48,3,349525,33324417,480.127972
neon,decode,standard,padded,48,4,349525,32984625,485.074023
neon,decode,standard,padded,48,5,349525,33460500,478.175303
neon,decode,standard,padded,48,6,349525,33665250,475.267070
neon,decode,standard,padded,48,7,349525,33781500,473.631566
neon,decode,standard,padded,48,8,349525,33751625,474.050797
neon,decode,standard,padded,48,9,349525,33506958,477.512305
neon,decode,standard,padded,48,10,349525,33013334,484.652194
neon,decode,standard,padded,48,11,349525,33326416,480.099172
neon,decode,standard,padded,48,12,349525,32924708,485.956770
neon,decode,standard,padded,48,13,349525,32681375,489.575018
neon,decode,standard,padded,48,14,349525,32861583,486.890262
scalar,encode,standard,padded,64,0,262144,13597875,1176.654440
scalar,encode,standard,padded,64,1,262144,13484750,1186.525520
scalar,encode,standard,padded,64,2,262144,13586292,1177.657598
scalar,encode,standard,padded,64,3,262144,13789042,1160.341668
scalar,encode,standard,padded,64,4,262144,13475292,1187.358315
scalar,encode,standard,padded,64,5,262144,13704083,1167.535252
scalar,encode,standard,padded,64,6,262144,13590542,1177.289324
scalar,encode,standard,padded,64,7,262144,14042583,1139.391521
scalar,encode,standard,padded,64,8,262144,13517083,1183.687338
scalar,encode,standard,padded,64,9,262144,13732583,1165.112201
scalar,encode,standard,padded,64,10,262144,13760250,1162.769572
scalar,encode,standard,padded,64,11,262144,13651125,1172.064573
scalar,encode,standard,padded,64,12,262144,13637000,1173.278580
scalar,encode,standard,padded,64,13,262144,13807708,1158.773056
scalar,encode,standard,padded,64,14,262144,13520792,1183.362631
scalar,decode,standard,padded,64,0,262144,68658708,233.036718
scalar,decode,standard,padded,64,1,262144,68255125,234.414632
scalar,decode,standard,padded,64,2,262144,69266417,230.992170
scalar,decode,standard,padded,64,3,262144,70602125,226.622074
scalar,decode,standard,padded,64,4,262144,70432042,227.169333
scalar,decode,standard,padded,64,5,262144,70592417,226.653240
scalar,decode,standard,padded,64,6,262144,70824208,225.911457
scalar,decode,standard,padded,64,7,262144,70459042,227.082281
scalar,decode,standard,padded,64,8,262144,70796542,225.999739
scalar,decode,standard,padded,64,9,262144,70373167,227.359385
scalar,decode,standard,padded,64,10,262144,70390292,227.304072
scalar,decode,standard,padded,64,11,262144,70149208,228.085255
scalar,decode,standard,padded,64,12,262144,70801917,225.982582
scalar,decode,standard,padded,64,13,262144,70408792,227.244348
scalar,decode,standard,padded,64,14,262144,70067792,228.350281
neon,encode,standard,padded,64,0,262144,7589084,2108.291330
neon,encode,standard,padded,64,1,262144,8123917,1969.493288
neon,encode,standard,padded,64,2,262144,7815625,2047.181128
neon,encode,standard,padded,64,3,262144,7790416,2053.805599
neon,encode,standard,padded,64,4,262144,7722583,2071.845651
neon,encode,standard,padded,64,5,262144,7748875,2064.815860
neon,encode,standard,padded,64,6,262144,7544500,2120.750215
neon,encode,standard,padded,64,7,262144,7562916,2115.586105
neon,encode,standard,padded,64,8,262144,7538250,2122.508540
neon,encode,standard,padded,64,9,262144,7500208,2133.274171
neon,encode,standard,padded,64,10,262144,7448958,2147.951432
neon,encode,standard,padded,64,11,262144,7430959,2153.154122
neon,encode,standard,padded,64,12,262144,7473084,2141.017015
neon,encode,standard,padded,64,13,262144,7427416,2154.181212
neon,encode,standard,padded,64,14,262144,7417541,2157.049081
neon,decode,standard,padded,64,0,262144,35969334,444.823360
neon,decode,standard,padded,64,1,262144,35989667,444.572049
neon,decode,standard,padded,64,2,262144,35956167,444.986252
neon,decode,standard,padded,64,3,262144,35962958,444.902224
neon,decode,standard,padded,64,4,262144,35976500,444.734757
neon,decode,standard,padded,64,5,262144,35968209,444.837273
neon,decode,standard,padded,64,6,262144,35949000,445.074967
neon,decode,standard,padded,64,7,262144,35998084,444.468100
neon,decode,standard,padded,64,8,262144,35942292,445.158033
neon,decode,standard,padded,64,9,262144,35987209,444.602414
neon,decode,standard,padded,64,10,262144,35987708,444.596249
neon,decode,standard,padded,64,11,262144,35963000,444.901705
neon,decode,standard,padded,64,12,262144,35962709,444.905305
neon,decode,standard,padded,64,13,262144,35946750,445.102826
neon,decode,standard,padded,64,14,262144,35969250,444.824399
scalar,encode,standard,padded,96,0,174762,18028959,887.457726
scalar,encode,standard,padded,96,1,174762,18025583,887.623938
scalar,encode,standard,padded,96,2,174762,18017584,888.018003
scalar,encode,standard,padded,96,3,174762,18041959,886.818275
scalar,encode,standard,padded,96,4,174762,18017084,888.042647
scalar,encode,standard,padded,96,5,174762,18017917,888.001591
scalar,encode,standard,padded,96,6,174762,18027833,887.513156
scalar,encode,standard,padded,96,7,174762,18017667,888.013912
scalar,encode,standard,padded,96,8,174762,18059542,885.954858
scalar,encode,standard,padded,96,9,174762,18091541,884.387845
scalar,encode,standard,padded,96,10,174762,18050000,886.423211
scalar,encode,standard,padded,96,11,174762,18050375,886.404796
scalar,encode,standard,padded,96,12,174762,18076792,885.109425
scalar,encode,standard,padded,96,13,174762,18065583,885.658601
scalar,encode,standard,padded,96,14,174762,18036583,887.082601
scalar,decode,standard,padded,96,0,174762,67875709,235.724079
scalar,decode,standard,padded,96,1,174762,67601042,236.681839
scalar,decode,standard,padded,96,2,174762,67579958,236.755681
scalar,decode,standard,padded,96,3,174762,67519542,236.967528
scalar,decode,standard,padded,96,4,174762,67501834,237.029693
scalar,decode,standard,padded,96,5,174762,67522250,236.958024
scalar,decode,standard,padded,96,6,174762,67612250,236.642605
scalar,decode,standard,padded,96,7,174762,67520750,236.963289
scalar,decode,standard,padded,96,8,174762,67566417,236.803129
scalar,decode,standard,padded,96,9,174762,67536375,236.908465
scalar,decode,standard,padded,96,10,174762,67477166,237.116345
scalar,decode,standard,padded,96,11,174762,67782458,236.048374
scalar,decode,standard,padded,96,12,174762,67620750,236.612859
scalar,decode,standard,padded,96,13,174762,67594125,236.706059
scalar,decode,standard,padded,96,14,174762,67787792,236.029800
neon,encode,standard,padded,96,0,174762,4273083,3744.354829
neon,encode,standard,padded,96,1,174762,4273084,3744.353953
neon,encode,standard,padded,96,2,174762,4279584,3738.666881
neon,encode,standard,padded,96,3,174762,4273084,3744.353953
neon,encode,standard,padded,96,4,174762,4286000,3733.070220
neon,encode,standard,padded,96,5,174762,4303417,3717.961556
neon,encode,standard,padded,96,6,174762,4312583,3710.059369
neon,encode,standard,padded,96,7,174762,4278833,3739.323074
neon,encode,standard,padded,96,8,174762,4273084,3744.353953
neon,encode,standard,padded,96,9,174762,4279666,3738.595247
neon,encode,standard,padded,96,10,174762,4281542,3736.957144
neon,encode,standard,padded,96,11,174762,4279834,3738.448492
neon,encode,standard,padded,96,12,174762,4282875,3735.794055
neon,encode,standard,padded,96,13,174762,4296250,3724.163856
neon,encode,standard,padded,96,14,174762,4285125,3733.832494
neon,decode,standard,padded,96,0,174762,31513250,507.721005
neon,decode,standard,padded,96,1,174762,31578666,506.669248
neon,decode,standard,padded,96,2,174762,31471917,508.387810
neon,decode,standard,padded,96,3,174762,31562167,506.934108
neon,decode,standard,padded,96,4,174762,31551166,507.110861
neon,decode,standard,padded,96,5,174762,31552000,507.097457
neon,decode,standard,padded,96,6,174762,31529542,507.458655
neon,decode,standard,padded,96,7,174762,31667250,505.251923
neon,decode,standard,padded,96,8,174762,31951375,500.759012
neon,decode,standard,padded,96,9,174762,31741958,504.062760
neon,decode,standard,padded,96,10,174762,31529500,507.459331
neon,decode,standard,padded,96,11,174762,31544416,507.219375
neon,decode,standard,padded,96,12,174762,31505417,507.847237
neon,decode,standard,padded,96,13,174762,31512083,507.739808
neon,decode,standard,padded,96,14,174762,31518791,507.631748
scalar,encode,standard,padded,192,0,87381,11876834,1347.155224
scalar,encode,standard,padded,192,1,87381,11856875,1349.422927
scalar,encode,standard,padded,192,2,87381,11879333,1346.871829
scalar,encode,standard,padded,192,3,87381,11851875,1349.992213
scalar,encode,standard,padded,192,4,87381,11852667,1349.902006
scalar,encode,standard,padded,192,5,87381,12066375,1325.993844
scalar,encode,standard,padded,192,6,87381,12370000,1293.446966
scalar,encode,standard,padded,192,7,87381,12376167,1292.802446
scalar,encode,standard,padded,192,8,87381,12433542,1286.836765
scalar,encode,standard,padded,192,9,87381,12359917,1294.502137
scalar,encode,standard,padded,192,10,87381,12378166,1292.593666
scalar,encode,standard,padded,192,11,87381,12363334,1294.144360
scalar,encode,standard,padded,192,12,87381,12412875,1288.979303
scalar,encode,standard,padded,192,13,87381,12388375,1291.528466
scalar,encode,standard,padded,192,14,87381,12382208,1292.171716
scalar,decode,standard,padded,192,0,87381,66892250,239.189726
scalar,decode,standard,padded,192,1,87381,64572125,247.783993
scalar,decode,standard,padded,192,2,87381,64701417,247.288849
scalar,decode,standard,padded,192,3,87381,64696583,247.307326
scalar,decode,standard,padded,192,4,87381,64604958,247.658066
scalar,decode,standard,padded,192,5,87381,64569917,247.792466
scalar,decode,standard,padded,192,6,87381,64605750,247.655030
scalar,decode,standard,padded,192,7,87381,64650666,247.482972
scalar,decode,standard,padded,192,8,87381,64616709,247.613028
scalar,decode,standard,padded,192,9,87381,64761750,247.058471
scalar,decode,standard,padded,192,10,87381,64600833,247.673880
scalar,decode,standard,padded,192,11,87381,64625042,247.581100
scalar,decode,standard,padded,192,12,87381,64583917,247.738752
scalar,decode,standard,padded,192,13,87381,64635375,247.541520
scalar,decode,standard,padded,192,14,87381,64624708,247.582379
neon,encode,standard,padded,192,0,87381,3485500,4590.428623
neon,encode,standard,padded,192,1,87381,3485458,4590.483938
neon,encode,standard,padded,192,2,87381,3485500,4590.428623
neon,encode,standard,padded,192,3,87381,3485417,4590.537937
neon,encode,standard,padded,192,4,87381,3488542,4586.425780
neon,encode,standard,padded,192,5,87381,3485458,4590.483938
neon,encode,standard,padded,192,6,87381,3485375,4590.593255
neon,encode,standard,padded,192,7,87381,3488584,4586.370563
neon,encode,standard,padded,192,8,87381,3485458,4590.483938
neon,encode,standard,padded,192,9,87381,3485416,4590.539254
neon,encode,standard,padded,192,10,87381,3488791,4586.098441
neon,encode,standard,padded,192,11,87381,3498209,4573.751587
neon,encode,standard,padded,192,12,87381,3485458,4590.483938
neon,encode,standard,padded,192,13,87381,3512625,4554.980667
neon,encode,standard,padded,192,14,87381,3491917,4581.992918
neon,decode,standard,padded,192,0,87381,29662000,539.408636
neon,decode,standard,padded,192,1,87381,29750625,537.801776
neon,decode,standard,padded,192,2,87381,29771833,537.418672
neon,decode,standard,padded,192,3,87381,29816500,536.613585
neon,decode,standard,padded,192,4,87381,29759083,537.648924
neon,decode,standard,padded,192,5,87381,29737250,538.043665
neon,decode,standard,padded,192,6,87381,29783708,537.204399
neon,decode,standard,padded,192,7,87381,29767167,537.502913
neon,decode,standard,padded,192,8,87381,29750917,537.796498
neon,decode,standard,padded,192,9,87381,29815791,536.626346
neon,decode,standard,padded,192,10,87381,29798292,536.941479
neon,decode,standard,padded,192,11,87381,29746375,537.878614
neon,decode,standard,padded,192,12,87381,29769167,537.466801
neon,decode,standard,padded,192,13,87381,29771584,537.423167
neon,decode,standard,padded,192,14,87381,29751916,537.778440
scalar,encode,standard,padded,384,0,43690,8794209,1819.351332
scalar,encode,standard,padded,384,1,43690,8813292,1815.411978
scalar,encode,standard,padded,384,2,43690,8783584,1821.552098
scalar,encode,standard,padded,384,3,43690,8785333,1821.189460
scalar,encode,standard,padded,384,4,43690,8792458,1819.713652
scalar,encode,standard,padded,384,5,43690,8777250,1822.866599
scalar,encode,standard,padded,384,6,43690,8783375,1821.595441
scalar,encode,standard,padded,384,7,43690,8798291,1818.507237
scalar,encode,standard,padded,384,8,43690,8784000,1821.465831
scalar,encode,standard,padded,384,9,43690,8784000,1821.465831
scalar,encode,standard,padded,384,10,43690,8783917,1821.483042
scalar,encode,standard,padded,384,11,43690,8780583,1822.174662
scalar,encode,standard,padded,384,12,43690,8776958,1822.927244
scalar,encode,standard,padded,384,13,43690,8785791,1821.094522
scalar,encode,standard,padded,384,14,43690,8785042,1821.249786
scalar,decode,standard,padded,384,0,43690,63716250,251.109503
scalar,decode,standard,padded,384,1,43690,63653584,251.356716
scalar,decode,standard,padded,384,2,43690,63570333,251.685890
scalar,decode,standard,padded,384,3,43690,65064709,245.905286
scalar,decode,standard,padded,384,4,43690,66624958,240.146581
scalar,decode,standard,padded,384,5,43690,66704083,239.861717
scalar,decode,standard,padded,384,6,43690,65003875,246.135417
scalar,decode,standard,padded,384,7,43690,63693625,251.198701
scalar,decode,standard,padded,384,8,43690,63592083,251.599808
scalar,decode,standard,padded,384,9,43690,63728333,251.061892
scalar,decode,standard,padded,384,10,43690,63771667,250.891291
scalar,decode,standard,padded,384,11,43690,65708500,243.495984
scalar,decode,standard,padded,384,12,43690,66626459,240.141171
scalar,decode,standard,padded,384,13,43690,66855333,239.319066
scalar,decode,standard,padded,384,14,43690,66299334,241.326042
neon,encode,standard,padded,384,0,43690,3277333,4881.943904
neon,encode,standard,padded,384,1,43690,3275958,4883.992975
neon,encode,standard,padded,384,2,43690,3275209,4885.109884
neon,encode,standard,padded,384,3,43690,3279417,4878.841532
neon,encode,standard,padded,384,4,43690,3277125,4882.253762
neon,encode,standard,padded,384,5,43690,3296750,4853.190524
neon,encode,standard,padded,384,6,43690,3302625,4844.557241
neon,encode,standard,padded,384,7,43690,3283583,4872.651570
neon,encode,standard,padded,384,8,43690,3290208,4862.840240
neon,encode,standard,padded,384,9,43690,3279875,4878.160253
neon,encode,standard,padded,384,10,43690,3276875,4882.626240
neon,encode,standard,padded,384,11,43690,3277542,4881.632595
neon,encode,standard,padded,384,12,43690,3283292,4873.083436
neon,encode,standard,padded,384,13,43690,3278125,4880.764418
neon,encode,standard,padded,384,14,43690,3275250,4885.048732
neon,decode,standard,padded,384,0,43690,31134667,513.888774
neon,decode,standard,padded,384,1,43690,31002417,516.080919
neon,decode,standard,padded,384,2,43690,30997500,516.162783
neon,decode,standard,padded,384,3,43690,31247791,512.028382
neon,decode,standard,padded,384,4,43690,31245542,512.065237
neon,decode,standard,padded,384,5,43690,31292125,511.302951
neon,decode,standard,padded,384,6,43690,31214666,512.571746
neon,decode,standard,padded,384,7,43690,31189458,512.986018
neon,decode,standard,padded,384,8,43690,31205208,512.727102
neon,decode,standard,padded,384,9,43690,31188125,513.007943
neon,decode,standard,padded,384,10,43690,31123292,514.076591
neon,decode,standard,padded,384,11,43690,31169667,513.311735
neon,decode,standard,padded,384,12,43690,31064333,515.052290
neon,decode,standard,padded,384,13,43690,29967291,533.907314
neon,decode,standard,padded,384,14,43690,30013083,533.092714
scalar,encode,standard,padded,768,0,21845,7302041,2191.134761
scalar,encode,standard,padded,768,1,21845,7298791,2192.110428
scalar,encode,standard,padded,768,2,21845,7310125,2188.711665
scalar,encode,standard,padded,768,3,21845,7314125,2187.514687
scalar,encode,standard,padded,768,4,21845,7329250,2183.000424
scalar,encode,standard,padded,768,5,21845,7302791,2190.909730
scalar,encode,standard,padded,768,6,21845,7295292,2193.161817
scalar,encode,standard,padded,768,7,21845,7297417,2192.523171
scalar,encode,standard,padded,768,8,21845,7301750,2191.222085
scalar,encode,standard,padded,768,9,21845,7310750,2188.524551
scalar,encode,standard,padded,768,10,21845,7294875,2193.287186
scalar,encode,standard,padded,768,11,21845,7301500,2191.297111
scalar,encode,standard,padded,768,12,21845,7306583,2189.772683
scalar,encode,standard,padded,768,13,21845,7298917,2192.072585
scalar,encode,standard,padded,768,14,21845,7317750,2186.431056
scalar,decode,standard,padded,768,0,21845,63033416,253.829744
scalar,decode,standard,padded,768,1,21845,63146167,253.376517
scalar,decode,standard,padded,768,2,21845,63021417,253.878072
scalar,decode,standard,padded,768,3,21845,63104875,253.542311
scalar,decode,standard,padded,768,4,21845,63039125,253.806757
scalar,decode,standard,padded,768,5,21845,62999833,253.965052
scalar,decode,standard,padded,768,6,21845,63001833,253.956990
scalar,decode,standard,padded,768,7,21845,63019625,253.885291
scalar,decode,standard,padded,768,8,21845,62980292,254.043850
scalar,decode,standard,padded,768,9,21845,62989500,254.006713
scalar,decode,standard,padded,768,10,21845,62960625,254.123206
scalar,decode,standard,padded,768,11,21845,62938250,254.213548
scalar,decode,standard,padded,768,12,21845,62971792,254.078141
scalar,decode,standard,padded,768,13,21845,63309750,252.721830
scalar,decode,standard,padded,768,14,21845,62917209,254.298563
neon,encode,standard,padded,768,0,21845,3003083,5327.776775
neon,encode,standard,padded,768,1,21845,2997666,5337.404454
neon,encode,standard,padded,768,2,21845,2997583,5337.552241
neon,encode,standard,padded,768,3,21845,3000917,5331.622254
neon,encode,standard,padded,768,4,21845,2997625,5337.477456
neon,encode,standard,padded,768,5,21845,2997792,5337.180118
neon,encode,standard,padded,768,6,21845,3006792,5321.204746
neon,encode,standard,padded,768,7,21845,2997750,5337.254894
neon,encode,standard,padded,768,8,21845,2997833,5337.107124
neon,encode,standard,padded,768,9,21845,3001000,5331.474795
neon,encode,standard,padded,768,10,21845,2997500,5337.700036
neon,encode,standard,padded,768,11,21845,2997875,5337.032351
neon,encode,standard,padded,768,12,21845,2997833,5337.107124
neon,encode,standard,padded,768,13,21845,3005541,5323.419597
neon,encode,standard,padded,768,14,21845,2997708,5337.329673
neon,decode,standard,padded,768,0,21845,29683709,539.007974
neon,decode,standard,padded,768,1,21845,29579666,540.903872
neon,decode,standard,padded,768,2,21845,29519583,542.004806
neon,decode,standard,padded,768,3,21845,29454916,543.194754
neon,decode,standard,padded,768,4,21845,29555833,541.340041
neon,decode,standard,padded,768,5,21845,29597833,540.571868
neon,decode,standard,padded,768,6,21845,29557833,541.303412
neon,decode,standard,padded,768,7,21845,29703083,538.656403
neon,decode,standard,padded,768,8,21845,29619667,540.173387
neon,decode,standard,padded,768,9,21845,29547834,541.486589
neon,decode,standard,padded,768,10,21845,29501917,542.329363
neon,decode,standard,padded,768,11,21845,29498084,542.399834
neon,decode,standard,padded,768,12,21845,29503584,542.298721
neon,decode,standard,padded,768,13,21845,29590542,540.705062
neon,decode,standard,padded,768,14,21845,29577416,540.945019
scalar,encode,standard,padded,1024,0,16384,6252000,2559.181062
scalar,encode,standard,padded,1024,1,16384,6267792,2552.733084
scalar,encode,standard,padded,1024,2,16384,6267041,2553.038986
scalar,encode,standard,padded,1024,3,16384,6251750,2559.283401
scalar,encode,standard,padded,1024,4,16384,6258667,2556.454913
scalar,encode,standard,padded,1024,5,16384,6255584,2557.714835
scalar,encode,standard,padded,1024,6,16384,6251917,2559.215038
scalar,encode,standard,padded,1024,7,16384,6259750,2556.012620
scalar,encode,standard,padded,1024,8,16384,6280666,2547.500536
scalar,encode,standard,padded,1024,9,16384,6268250,2552.546564
scalar,encode,standard,padded,1024,10,16384,6273959,2550.223870
scalar,encode,standard,padded,1024,11,16384,6251917,2559.215038
scalar,encode,standard,padded,1024,12,16384,6255666,2557.681308
scalar,encode,standard,padded,1024,13,16384,6258916,2556.353209
scalar,encode,standard,padded,1024,14,16384,6260666,2555.638649
scalar,decode,standard,padded,1024,0,16384,62862625,254.523256
scalar,decode,standard,padded,1024,1,16384,62875709,254.470292
scalar,decode,standard,padded,1024,2,16384,62888042,254.420387
scalar,decode,standard,padded,1024,3,16384,62851125,254.569827
scalar,decode,standard,padded,1024,4,16384,62878250,254.460008
scalar,decode,standard,padded,1024,5,16384,62841875,254.607298
scalar,decode,standard,padded,1024,6,16384,62860334,254.532532
scalar,decode,standard,padded,1024,7,16384,62931375,254.245200
scalar,decode,standard,padded,1024,8,16384,62950125,254.169471
scalar,decode,standard,padded,1024,9,16384,62980459,254.047053
scalar,decode,standard,padded,1024,10,16384,62889167,254.415836
scalar,decode,standard,padded,1024,11,16384,62887042,254.424433
scalar,decode,standard,padded,1024,12,16384,63359583,252.526915
scalar,decode,standard,padded,1024,13,16384,63062583,253.716217
scalar,decode,standard,padded,1024,14,16384,62908459,254.337815
neon,encode,standard,padded,1024,0,16384,3118292,5131.014029
neon,encode,standard,padded,1024,1,16384,3111458,5142.283778
neon,encode,standard,padded,1024,2,16384,3136916,5100.550987
neon,encode,standard,padded,1024,3,16384,3129208,5113.114884
neon,encode,standard,padded,1024,4,16384,3137583,5099.466691
neon,encode,standard,padded,1024,5,16384,3121083,5126.425667
neon,encode,standard,padded,1024,6,16384,3112875,5139.942979
neon,encode,standard,padded,1024,7,16384,3111750,5141.801237
neon,encode,standard,padded,1024,8,16384,3111666,5141.940041
neon,encode,standard,padded,1024,9,16384,3115084,5136.298090
neon,encode,standard,padded,1024,10,16384,3107750,5148.419274
neon,encode,standard,padded,1024,11,16384,3108541,5147.109207
neon,encode,standard,padded,1024,12,16384,3111833,5141.664093
neon,encode,standard,padded,1024,13,16384,3118041,5131.427072
neon,encode,standard,padded,1024,14,16384,3117334,5132.590861
neon,decode,standard,padded,1024,0,16384,29655958,539.520591
neon,decode,standard,padded,1024,1,16384,29729500,538.185977
neon,decode,standard,padded,1024,2,16384,29745541,537.895747
neon,decode,standard,padded,1024,3,16384,29696709,538.780240
neon,decode,standard,padded,1024,4,16384,29756916,537.690129
neon,decode,standard,padded,1024,5,16384,29447125,543.346761
neon,decode,standard,padded,1024,6,16384,29146458,548.951780
neon,decode,standard,padded,1024,7,16384,29219708,547.575629
neon,decode,standard,padded,1024,8,16384,29293500,546.196255
neon,decode,standard,padded,1024,9,16384,29241917,547.159750
neon,decode,standard,padded,1024,10,16384,29531625,541.792062
neon,decode,standard,padded,1024,11,16384,29440959,543.460558
neon,decode,standard,padded,1024,12,16384,29354209,545.066638
neon,decode,standard,padded,1024,13,16384,29407833,544.072731
neon,decode,standard,padded,1024,14,16384,29180834,548.305096
scalar,encode,standard,padded,4096,0,4096,5937125,2694.907047
scalar,encode,standard,padded,4096,1,4096,5936542,2695.171701
scalar,encode,standard,padded,4096,2,4096,5936875,2695.020528
scalar,encode,standard,padded,4096,3,4096,5935250,2695.758393
scalar,encode,standard,padded,4096,4,4096,5936125,2695.361031
scalar,encode,standard,padded,4096,5,4096,5934708,2696.004589
scalar,encode,standard,padded,4096,6,4096,5936333,2695.266590
scalar,encode,standard,padded,4096,7,4096,5934334,2696.174499
scalar,encode,standard,padded,4096,8,4096,6100459,2622.753468
scalar,encode,standard,padded,4096,9,4096,6255000,2557.953637
scalar,encode,standard,padded,4096,10,4096,5971166,2679.543660
scalar,encode,standard,padded,4096,11,4096,5942208,2692.601807
scalar,encode,standard,padded,4096,12,4096,5946167,2690.809054
scalar,encode,standard,padded,4096,13,4096,5938625,2694.226357
scalar,encode,standard,padded,4096,14,4096,5946125,2690.828060
scalar,decode,standard,padded,4096,0,4096,62666000,255.321865
scalar,decode,standard,padded,4096,1,4096,62592959,255.619805
scalar,decode,standard,padded,4096,2,4096,62677875,255.273492
scalar,decode,standard,padded,4096,3,4096,62478333,256.088779
scalar,decode,standard,padded,4096,4,4096,62603084,255.578463
scalar,decode,standard,padded,4096,5,4096,62511750,255.951881
scalar,decode,standard,padded,4096,6,4096,62512000,255.950857
scalar,decode,standard,padded,4096,7,4096,62506041,255.975258
scalar,decode,standard,padded,4096,8,4096,62499375,256.002560
scalar,decode,standard,padded,4096,9,4096,62486583,256.054968
scalar,decode,standard,padded,4096,10,4096,62482292,256.072553
scalar,decode,standard,padded,4096,11,4096,62470166,256.122258
scalar,decode,standard,padded,4096,12,4096,62509125,255.962629
scalar,decode,standard,padded,4096,13,4096,62471375,256.117302
scalar,decode,standard,padded,4096,14,4096,62476458,256.096464
neon,encode,standard,padded,4096,0,4096,2932167,5456.715119
neon,encode,standard,padded,4096,1,4096,2942625,5437.322119
neon,encode,standard,padded,4096,2,4096,2932083,5456.871446
neon,encode,standard,padded,4096,3,4096,2931959,5457.102231
neon,encode,standard,padded,4096,4,4096,2938750,5444.491706
neon,encode,standard,padded,4096,5,4096,2935541,5450.443377
neon,encode,standard,padded,4096,6,4096,2935667,5450.209441
neon,encode,standard,padded,4096,7,4096,2935459,5450.595631
neon,encode,standard,padded,4096,8,4096,2957416,5410.128301
neon,encode,standard,padded,4096,9,4096,2954792,5414.932760
neon,encode,standard,padded,4096,10,4096,2935625,5450.287418
neon,encode,standard,padded,4096,11,4096,2950000,5423.728814
neon,encode,standard,padded,4096,12,4096,2932375,5456.328062
neon,encode,standard,padded,4096,13,4096,2935417,5450.673618
neon,encode,standard,padded,4096,14,4096,2935417,5450.673618
neon,decode,standard,padded,4096,0,4096,28776042,556.018093
neon,decode,standard,padded,4096,1,4096,28783958,555.865180
neon,decode,standard,padded,4096,2,4096,28763625,556.258121
neon,decode,standard,padded,4096,3,4096,28770792,556.119553
neon,decode,standard,padded,4096,4,4096,28753667,556.450765
neon,decode,standard,padded,4096,5,4096,28762542,556.279066
neon,decode,standard,padded,4096,6,4096,28777292,555.993941
neon,decode,standard,padded,4096,7,4096,28787458,555.797598
neon,decode,standard,padded,4096,8,4096,28773375,556.069630
neon,decode,standard,padded,4096,9,4096,28744792,556.622570
neon,decode,standard,padded,4096,10,4096,28774167,556.054325
neon,decode,standard,padded,4096,11,4096,28746959,556.580611
neon,decode,standard,padded,4096,12,4096,28776750,556.004413
neon,decode,standard,padded,4096,13,4096,28785458,555.836214
neon,decode,standard,padded,4096,14,4096,28756583,556.394339
scalar,encode,standard,padded,65536,0,256,5863708,2728.648834
scalar,encode,standard,padded,65536,1,256,5846333,2736.758238
scalar,encode,standard,padded,65536,2,256,5840208,2739.628452
scalar,encode,standard,padded,65536,3,256,5833375,2742.837551
scalar,encode,standard,padded,65536,4,256,5840208,2739.628452
scalar,encode,standard,padded,65536,5,256,5833125,2742.955106
scalar,encode,standard,padded,65536,6,256,5848583,2735.705384
scalar,encode,standard,padded,65536,7,256,5849083,2735.471526
scalar,encode,standard,padded,65536,8,256,5833167,2742.935356
scalar,encode,standard,padded,65536,9,256,5841084,2739.217584
scalar,encode,standard,padded,65536,10,256,5833042,2742.994136
scalar,encode,standard,padded,65536,11,256,5851209,2734.477610
scalar,encode,standard,padded,65536,12,256,5837166,2741.056191
scalar,encode,standard,padded,65536,13,256,5830042,2744.405615
scalar,encode,standard,padded,65536,14,256,5840333,2739.569816
scalar,decode,standard,padded,65536,0,256,62396458,256.424812
scalar,decode,standard,padded,65536,1,256,62421375,256.322454
scalar,decode,standard,padded,65536,2,256,62368125,256.541302
scalar,decode,standard,padded,65536,3,256,62385083,256.471567
scalar,decode,standard,padded,65536,4,256,62433333,256.273360
scalar,decode,standard,padded,65536,5,256,62391083,256.446903
scalar,decode,standard,padded,65536,6,256,62367333,256.544560
scalar,decode,standard,padded,65536,7,256,62457500,256.174198
scalar,decode,standard,padded,65536,8,256,62450750,256.201887
scalar,decode,standard,padded,65536,9,256,62352708,256.604733
scalar,decode,standard,padded,65536,10,256,62489458,256.043187
scalar,decode,standard,padded,65536,11,256,62459417,256.166336
scalar,decode,standard,padded,65536,12,256,62570541,255.711390
scalar,decode,standard,padded,65536,13,256,62551500,255.789230
scalar,decode,standard,padded,65536,14,256,62490209,256.040110
neon,encode,standard,padded,65536,0,256,2861167,5592.123773
neon,encode,standard,padded,65536,1,256,2886542,5542.964558
neon,encode,standard,padded,65536,2,256,2864375,5585.860790
neon,encode,standard,padded,65536,3,256,2873125,5568.849250
neon,encode,standard,padded,65536,4,256,2879916,5555.717597
neon,encode,standard,padded,65536,5,256,2880917,5553.787214
neon,encode,standard,padded,65536,6,256,2880167,5555.233429
neon,encode,standard,padded,65536,7,256,2861416,5591.637147
neon,encode,standard,padded,65536,8,256,2871250,5572.485851
neon,encode,standard,padded,65536,9,256,2864291,5586.024604
neon,encode,standard,padded,65536,10,256,2873291,5568.527518
neon,encode,standard,padded,65536,11,256,2864583,5585.455195
neon,encode,standard,padded,65536,12,256,2871541,5571.921139
neon,encode,standard,padded,65536,13,256,2864375,5585.860790
neon,encode,standard,padded,65536,14,256,2864208,5586.186478
neon,decode,standard,padded,65536,0,256,28644584,558.569816
neon,decode,standard,padded,65536,1,256,28624500,558.961729
neon,decode,standard,padded,65536,2,256,28627750,558.898272
neon,decode,standard,padded,65536,3,256,28635583,558.745390
neon,decode,standard,padded,65536,4,256,28617209,559.104139
neon,decode,standard,padded,65536,5,256,28606125,559.320775
neon,decode,standard,padded,65536,6,256,28620458,559.040669
neon,decode,standard,padded,65536,7,256,28645875,558.544642
neon,decode,standard,padded,65536,8,256,28587500,559.685177
neon,decode,standard,padded,65536,9,256,28600334,559.434026
neon,decode,standard,padded,65536,10,256,28633667,558.782778
neon,decode,standard,padded,65536,11,256,28720958,557.084482
neon,decode,standard,padded,65536,12,256,28756917,556.387877
neon,decode,standard,padded,65536,13,256,28752833,556.466905
neon,decode,standard,padded,65536,14,256,28686083,557.761755
scalar,encode,standard,unpadded,12,0,1398101,36292042,440.867896
scalar,encode,standard,unpadded,12,1,1398101,36330167,440.405247
scalar,encode,standard,unpadded,12,2,1398101,36330750,440.398180
scalar,encode,standard,unpadded,12,3,1398101,36335292,440.343129
scalar,encode,standard,unpadded,12,4,1398101,36297917,440.796539
scalar,encode,standard,unpadded,12,5,1398101,36322666,440.496196
scalar,encode,standard,unpadded,12,6,1398101,36324584,440.472937
scalar,encode,standard,unpadded,12,7,1398101,36334209,440.356254
scalar,encode,standard,unpadded,12,8,1398101,36311000,440.637718
scalar,encode,standard,unpadded,12,9,1398101,36283417,440.972695
scalar,encode,standard,unpadded,12,10,1398101,36407709,439.467262
scalar,encode,standard,unpadded,12,11,1398101,36383208,439.763206
scalar,encode,standard,unpadded,12,12,1398101,36501041,438.343558
scalar,encode,standard,unpadded,12,13,1398101,36446208,439.003042
scalar,encode,standard,unpadded,12,14,1398101,36383333,439.761695
scalar,decode,standard,unpadded,12,0,1398101,69578375,229.956451
scalar,decode,standard,unpadded,12,1,1398101,69532834,230.107063
scalar,decode,standard,unpadded,12,2,1398101,69628000,229.792557
scalar,decode,standard,unpadded,12,3,1398101,69584875,229.934971
scalar,decode,standard,unpadded,12,4,1398101,69496791,230.226403
scalar,decode,standard,unpadded,12,5,1398101,69508250,230.188448
scalar,decode,standard,unpadded,12,6,1398101,69464250,230.334254
scalar,decode,standard,unpadded,12,7,1398101,69475750,230.296128
scalar,decode,standard,unpadded,12,8,1398101,69432834,230.438472
scalar,decode,standard,unpadded,12,9,1398101,69453791,230.368940
scalar,decode,standard,unpadded,12,10,1398101,69504875,230.199625
scalar,decode,standard,unpadded,12,11,1398101,69456791,230.358989
scalar,decode,standard,unpadded,12,12,1398101,69574125,229.970498
scalar,decode,standard,unpadded,12,13,1398101,69500125,230.215358
scalar,decode,standard,unpadded,12,14,1398101,69482625,230.273341
neon,encode,standard,unpadded,12,0,1398101,15384875,1039.982202
neon,encode,standard,unpadded,12,1,1398101,15403583,1038.719120
neon,encode,standard,unpadded,12,2,1398101,15377958,1040.449986
neon,encode,standard,unpadded,12,3,1398101,15416542,1037.845983
neon,encode,standard,unpadded,12,4,1398101,15371833,1040.864560
neon,encode,standard,unpadded,12,5,1398101,15393334,1039.410708
neon,encode,standard,unpadded,12,6,1398101,15371750,1040.870180
neon,encode,standard,unpadded,12,7,1398101,15378500,1040.413316
neon,encode,standard,unpadded,12,8,1398101,15371792,1040.867336
neon,encode,standard,unpadded,12,9,1398101,15395750,1039.247597
neon,encode,standard,unpadded,12,10,1398101,15372833,1040.796852
neon,encode,standard,unpadded,12,11,1398101,15378583,1040.407701
neon,encode,standard,unpadded,12,12,1398101,15371625,1040.878644
neon,encode,standard,unpadded,12,13,1398101,15388917,1039.709044
neon,encode,standard,unpadded,12,14,1398101,15371875,1040.861716
neon,decode,standard,unpadded,12,0,1398101,39368042,406.420929
neon,decode,standard,unpadded,12,1,1398101,39218250,407.973231
neon,decode,standard,unpadded,12,2,1398101,39227041,407.881802
neon,decode,standard,unpadded,12,3,1398101,39173916,408.434944
neon,decode,standard,unpadded,12,4,1398101,39206833,408.092033
neon,decode,standard,unpadded,12,5,1398101,39282708,407.303799
neon,decode,standard,unpadded,12,6,1398101,39250959,407.633255
neon,decode,standard,unpadded,12,7,1398101,39248208,407.661827
neon,decode,standard,unpadded,12,8,1398101,39335292,406.759309
neon,decode,standard,unpadded,12,9,1398101,39235834,407.790393
neon,decode,standard,unpadded,12,10,1398101,39191416,408.252567
neon,decode,standard,unpadded,12,11,1398101,39261750,407.521218
neon,decode,standard,unpadded,12,12,1398101,39194667,408.218704
neon,decode,standard,unpadded,12,13,1398101,39203500,408.126728
neon,decode,standard,unpadded,12,14,1398101,39196917,408.195272
scalar,encode,standard,unpadded,24,0,699050,32110625,498.276964
scalar,encode,standard,unpadded,24,1,699050,32135208,497.895789
scalar,encode,standard,unpadded,24,2,699050,32148541,497.689296
scalar,encode,standard,unpadded,24,3,699050,32138667,497.842202
scalar,encode,standard,unpadded,24,4,699050,32110459,498.279540
scalar,encode,standard,unpadded,24,5,699050,32130917,497.962282
scalar,encode,standard,unpadded,24,6,699050,32118459,498.155430
scalar,encode,standard,unpadded,24,7,699050,32148584,497.688630
scalar,encode,standard,unpadded,24,8,699050,32106791,498.336465
scalar,encode,standard,unpadded,24,9,699050,32140375,497.815745
scalar,encode,standard,unpadded,24,10,699050,32110542,498.278252
scalar,encode,standard,unpadded,24,11,699050,32127250,498.019119
scalar,encode,standard,unpadded,24,12,699050,32110750,498.275024
scalar,encode,standard,unpadded,24,13,699050,32151417,497.644777
scalar,encode,standard,unpadded,24,14,699050,32106875,498.335162
scalar,decode,standard,unpadded,24,0,699050,67905333,235.621917
scalar,decode,standard,unpadded,24,1,699050,68137958,234.817497
scalar,decode,standard,unpadded,24,2,699050,68050083,235.120723
scalar,decode,standard,unpadded,24,3,699050,67946666,235.478585
scalar,decode,standard,unpadded,24,4,699050,67958500,235.437579
scalar,decode,standard,unpadded,24,5,699050,68026791,235.201227
scalar,decode,standard,unpadded,24,6,699050,67979208,235.365860
scalar,decode,standard,unpadded,24,7,699050,68004125,235.279621
scalar,decode,standard,unpadded,24,8,699050,67969917,235.398033
scalar,decode,standard,unpadded,24,9,699050,67961000,235.428919
scalar,decode,standard,unpadded,24,10,699050,67946333,235.479739
scalar,decode,standard,unpadded,24,11,699050,68005667,235.274286
scalar,decode,standard,unpadded,24,12,699050,68182791,234.663095
scalar,decode,standard,unpadded,24,13,699050,67970167,235.397167
scalar,decode,standard,unpadded,24,14,699050,67982292,235.355183
neon,encode,standard,unpadded,24,0,699050,8987708,1780.207450
neon,encode,standard,unpadded,24,1,699050,8987750,1780.199131
neon,encode,standard,unpadded,24,2,699050,8987875,1780.174373
neon,encode,standard,unpadded,24,3,699050,8998917,1777.990034
neon,encode,standard,unpadded,24,4,699050,8981042,1781.528774
neon,encode,standard,unpadded,24,5,699050,8984084,1780.925550
neon,encode,standard,unpadded,24,6,699050,8987791,1780.191010
neon,encode,standard,unpadded,24,7,699050,8984375,1780.867867
neon,encode,standard,unpadded,24,8,699050,8984416,1780.859740
neon,encode,standard,unpadded,24,9,699050,8987750,1780.199131
neon,encode,standard,unpadded,24,10,699050,9013916,1775.031489
neon,encode,standard,unpadded,24,11,699050,8994125,1778.937333
neon,encode,standard,unpadded,24,12,699050,8987500,1780.248650
neon,encode,standard,unpadded,24,13,699050,8980667,1781.603164
neon,encode,standard,unpadded,24,14,699050,8993375,1779.085687
neon,decode,standard,unpadded,24,0,699050,28741250,556.690636
neon,decode,standard,unpadded,24,1,699050,28726959,556.967577
neon,decode,standard,unpadded,24,2,699050,28717709,557.146976
neon,decode,standard,unpadded,24,3,699050,28742708,556.662397
neon,decode,standard,unpadded,24,4,699050,28738583,556.742298
neon,decode,standard,unpadded,24,5,699050,28797792,555.597622
neon,decode,standard,unpadded,24,6,699050,28764875,556.233418
neon,decode,standard,unpadded,24,7,699050,28691750,557.651058
neon,decode,standard,unpadded,24,8,699050,28721584,557.071808
neon,decode,standard,unpadded,24,9,699050,28727667,556.953850
neon,decode,standard,unpadded,24,10,699050,28749750,556.526048
neon,decode,standard,unpadded,24,11,699050,28845125,554.685921
neon,decode,standard,unpadded,24,12,699050,28802584,555.505185
neon,decode,standard,unpadded,24,13,699050,28863000,554.342402
neon,decode,standard,unpadded,24,14,699050,28845292,554.682710
scalar,encode,standard,unpadded,48,0,349525,30058333,532.297807
scalar,encode,standard,unpadded,48,1,349525,30150334,530.673549
scalar,encode,standard,unpadded,48,2,349525,30181417,530.127023
scalar,encode,standard,unpadded,48,3,349525,30177875,530.189244
scalar,encode,standard,unpadded,48,4,349525,30150667,530.667688
scalar,encode,standard,unpadded,48,5,349525,30205667,529.701421
scalar,encode,standard,unpadded,48,6,349525,30123291,531.149958
scalar,encode,standard,unpadded,48,7,349525,30784833,519.735960
scalar,encode,standard,unpadded,48,8,349525,30194417,529.898780
scalar,encode,standard,unpadded,48,9,349525,30122208,531.169054
scalar,encode,standard,unpadded,48,10,349525,30103209,531.504290
scalar,encode,standard,unpadded,48,11,349525,30038042,532.657380
scalar,encode,standard,unpadded,48,12,349525,30087875,531.775167
scalar,encode,standard,unpadded,48,13,349525,30028291,532.830348
scalar,encode,standard,unpadded,48,14,349525,30050667,532.433598
scalar,decode,standard,unpadded,48,0,349525,67164709,238.220116
scalar,decode,standard,unpadded,48,1,349525,67186500,238.142852
scalar,decode,standard,unpadded,48,2,349525,67158750,238.241253
scalar,decode,standard,unpadded,48,3,349525,67168750,238.205784
scalar,decode,standard,unpadded,48,4,349525,67191875,238.123802
scalar,decode,standard,unpadded,48,5,349525,67154208,238.257366
scalar,decode,standard,unpadded,48,6,349525,67164375,238.221300
scalar,decode,standard,unpadded,48,7,349525,67180542,238.163972
scalar,decode,standard,unpadded,48,8,349525,67178084,238.172687
scalar,decode,standard,unpadded,48,9,349525,67170709,238.198837
scalar,decode,standard,unpadded,48,10,349525,67189875,238.130890
scalar,decode,standard,unpadded,48,11,349525,67188041,238.137390
scalar,decode,standard,unpadded,48,12,349525,67210166,238.058998
scalar,decode,standard,unpadded,48,13,349525,67170167,238.200759
scalar,decode,standard,unpadded,48,14,349525,67235375,237.969741
neon,encode,standard,unpadded,48,0,349525,5889084,2716.888525
neon,encode,standard,unpadded,48,1,349525,5895417,2713.969977
neon,encode,standard,unpadded,48,2,349525,5906208,2709.011390
neon,encode,standard,unpadded,48,3,349525,5920959,2702.262377
neon,encode,standard,unpadded,48,4,349525,5917542,2703.822760
neon,encode,standard,unpadded,48,5,349525,5913083,2705.861687
neon,encode,standard,unpadded,48,6,349525,5904625,2709.737662
neon,encode,standard,unpadded,48,7,349525,5892041,2715.525018
neon,encode,standard,unpadded,48,8,349525,5888750,2717.042622
neon,encode,standard,unpadded,48,9,349525,5895583,2713.893561
neon,encode,standard,unpadded,48,10,349525,5912750,2706.014078
neon,encode,standard,unpadded,48,11,349525,5908833,2707.807911
neon,encode,standard,unpadded,48,12,349525,5888709,2717.061540
neon,encode,standard,unpadded,48,13,349525,5908125,2708.132401
neon,encode,standard,unpadded,48,14,349525,5889833,2716.543023
neon,decode,standard,unpadded,48,0,349525,25048041,638.771900
neon,decode,standard,unpadded,48,1,349525,25028125,639.280199
neon,decode,standard,unpadded,48,2,349525,25029125,639.254658
neon,decode,standard,unpadded,48,3,349525,24999041,640.023941
neon,decode,standard,unpadded,48,4,349525,24975000,640.640030
neon,decode,standard,unpadded,48,5,349525,25450667,628.666618
neon,decode,standard,unpadded,48,6,349525,26574834,602.072801
neon,decode,standard,unpadded,48,7,349525,25039583,638.987668
neon,decode,standard,unpadded,48,8,349525,25049584,638.732553
neon,decode,standard,unpadded,48,9,349525,24962667,640.956543
neon,decode,standard,unpadded,48,10,349525,24997625,640.060195
neon,decode,standard,unpadded,48,11,349525,24949250,641.301231
neon,decode,standard,unpadded,48,12,349525,24950708,641.263757
neon,decode,standard,unpadded,48,13,349525,25666375,623.383113
neon,decode,standard,unpadded,48,14,349525,24968625,640.803598
scalar,encode,standard,unpadded,64,0,262144,13238958,1208.554329
scalar,encode,standard,unpadded,64,1,262144,13215083,1210.737761
scalar,encode,standard,unpadded,64,2,262144,13216458,1210.611799
scalar,encode,standard,unpadded,64,3,262144,13243750,1208.117036
scalar,encode,standard,unpadded,64,4,262144,13282750,1204.569837
scalar,encode,standard,unpadded,64,5,262144,13198833,1212.228384
scalar,encode,standard,unpadded,64,6,262144,13202958,1211.849648
scalar,encode,standard,unpadded,64,7,262144,13252958,1207.277651
scalar,encode,standard,unpadded,64,8,262144,13214250,1210.814083
scalar,encode,standard,unpadded,64,9,262144,13210584,1211.150090
scalar,encode,standard,unpadded,64,10,262144,13184334,1213.561489
scalar,encode,standard,unpadded,64,11,262144,13217875,1210.482018
scalar,encode,standard,unpadded,64,12,262144,13186792,1213.335283
scalar,encode,standard,unpadded,64,13,262144,13284750,1204.388491
scalar,encode,standard,unpadded,64,14,262144,13208042,1211.383186
scalar,decode,standard,unpadded,64,0,262144,67477000,237.117833
scalar,decode,standard,unpadded,64,1,262144,67345250,237.581715
scalar,decode,standard,unpadded,64,2,262144,67295166,237.758534
scalar,decode,standard,unpadded,64,3,262144,67399750,237.389605
scalar,decode,standard,unpadded,64,4,262144,67317250,237.680535
scalar,decode,standard,unpadded,64,5,262144,67443500,237.235612
scalar,decode,standard,unpadded,64,6,262144,67461041,237.173927
scalar,decode,standard,unpadded,64,7,262144,67443834,237.234437
scalar,decode,standard,unpadded,64,8,262144,67317167,237.680828
scalar,decode,standard,unpadded,64,9,262144,67387375,237.433199
scalar,decode,standard,unpadded,64,10,262144,67339000,237.603766
scalar,decode,standard,unpadded,64,11,262144,67305250,237.722912
scalar,decode,standard,unpadded,64,12,262144,67335708,237.615382
scalar,decode,standard,unpadded,64,13,262144,67310666,237.703784
scalar,decode,standard,unpadded,64,14,262144,67304625,237.725119
neon,encode,standard,unpadded,64,0,262144,7288875,2195.126134
neon,encode,standard,unpadded,64,1,262144,7277292,2198.620036
neon,encode,standard,unpadded,64,2,262144,7308750,2189.156833
neon,encode,standard,unpadded,64,3,262144,7306583,2189.806097
neon,encode,standard,unpadded,64,4,262144,7289333,2194.988211
neon,encode,standard,unpadded,64,5,262144,7302625,2190.992965
neon,encode,standard,unpadded,64,6,262144,7271125,2200.484794
neon,encode,standard,unpadded,64,7,262144,7281709,2197.286379
neon,encode,standard,unpadded,64,8,262144,7339625,2179.947886
neon,encode,standard,unpadded,64,9,262144,7335917,2181.049758
neon,encode,standard,unpadded,64,10,262144,7331416,2182.388777
neon,encode,standard,unpadded,64,11,262144,7357583,2174.627184
neon,encode,standard,unpadded,64,12,262144,7288000,2195.389682
neon,encode,standard,unpadded,64,13,262144,7295458,2193.145379
neon,encode,standard,unpadded,64,14,262144,7277500,2198.557197
neon,decode,standard,unpadded,64,0,262144,28228209,566.808897
neon,decode,standard,unpadded,64,1,262144,28182166,567.734929
neon,decode,standard,unpadded,64,2,262144,28164333,568.094405
neon,decode,standard,unpadded,64,3,262144,28175875,567.861690
neon,decode,standard,unpadded,64,4,262144,28200042,567.375041
neon,decode,standard,unpadded,64,5,262144,28203875,567.297933
neon,decode,standard,unpadded,64,6,262144,28406708,563.247244
neon,decode,standard,unpadded,64,7,262144,28216625,567.041593
neon,decode,standard,unpadded,64,8,262144,28222875,566.916021
neon,decode,standard,unpadded,64,9,262144,28257833,566.214685
neon,decode,standard,unpadded,64,10,262144,28226875,566.835684
neon,decode,standard,unpadded,64,11,262144,28215458,567.065046
neon,decode,standard,unpadded,64,12,262144,28201958,567.336495
neon,decode,standard,unpadded,64,13,262144,28206875,567.237597
neon,decode,standard,unpadded,64,14,262144,28161541,568.150727
scalar,encode,standard,unpadded,96,0,174762,18056375,886.110250
scalar,encode,standard,unpadded,96,1,174762,18041667,886.832628
scalar,encode,standard,unpadded,96,2,174762,18025917,887.607491
scalar,encode,standard,unpadded,96,3,174762,18058125,886.024378
scalar,encode,standard,unpadded,96,4,174762,18059125,885.975315
scalar,encode,standard,unpadded,96,5,174762,18042000,886.816260
scalar,encode,standard,unpadded,96,6,174762,18029167,887.447488
scalar,encode,standard,unpadded,96,7,174762,18041625,886.834693
scalar,encode,standard,unpadded,96,8,174762,18019666,887.915401
scalar,encode,standard,unpadded,96,9,174762,18029834,887.414658
scalar,encode,standard,unpadded,96,10,174762,18029375,887.437250
scalar,encode,standard,unpadded,96,11,174762,18046209,886.609424
scalar,encode,standard,unpadded,96,12,174762,18029584,887.426963
scalar,encode,standard,unpadded,96,13,174762,18022666,887.767601
scalar,encode,standard,unpadded,96,14,174762,18068125,885.533998
scalar,decode,standard,unpadded,96,0,174762,68627417,233.142083
scalar,decode,standard,unpadded,96,1,174762,68494917,233.593085
scalar,decode,standard,unpadded,96,2,174762,68475834,233.658183
scalar,decode,standard,unpadded,96,3,174762,68482250,233.636292
scalar,decode,standard,unpadded,96,4,174762,68472125,233.670840
scalar,decode,standard,unpadded,96,5,174762,68466750,233.689184
scalar,decode,standard,unpadded,96,6,174762,68523625,233.495221
scalar,decode,standard,unpadded,96,7,174762,68479334,233.646241
scalar,decode,standard,unpadded,96,8,174762,68455541,233.727449
scalar,decode,standard,unpadded,96,9,174762,68491125,233.606018
scalar,decode,standard,unpadded,96,10,174762,68506375,233.554015
scalar,decode,standard,unpadded,96,11,174762,68683792,232.950722
scalar,decode,standard,unpadded,96,12,174762,68549042,233.408644
scalar,decode,standard,unpadded,96,13,174762,68580625,233.301154
scalar,decode,standard,unpadded,96,14,174762,68564917,233.354603
neon,encode,standard,unpadded,96,0,174762,4313375,3709.378147
neon,encode,standard,unpadded,96,1,174762,4321292,3702.582229
neon,encode,standard,unpadded,96,2,174762,4293042,3726.946758
neon,encode,standard,unpadded,96,3,174762,4293083,3726.911165
neon,encode,standard,unpadded,96,4,174762,4296333,3724.091909
neon,encode,standard,unpadded,96,5,174762,4293084,3726.910297
neon,encode,standard,unpadded,96,6,174762,4296417,3724.019099
neon,encode,standard,unpadded,96,7,174762,4300917,3720.122701
neon,encode,standard,unpadded,96,8,174762,4299834,3721.059689
neon,encode,standard,unpadded,96,9,174762,4298584,3722.141748
neon,encode,standard,unpadded,96,10,174762,4296542,3723.910755
neon,encode,standard,unpadded,96,11,174762,4293041,3726.947626
neon,encode,standard,unpadded,96,12,174762,4293042,3726.946758
neon,encode,standard,unpadded,96,13,174762,4299709,3721.167866
neon,encode,standard,unpadded,96,14,174762,4293083,3726.911165
neon,decode,standard,unpadded,96,0,174762,24246750,659.879735
neon,decode,standard,unpadded,96,1,174762,24209375,660.898473
neon,decode,standard,unpadded,96,2,174762,24275250,659.105013
neon,decode,standard,unpadded,96,3,174762,24222208,660.548327
neon,decode,standard,unpadded,96,4,174762,24213916,660.774530
neon,decode,standard,unpadded,96,5,174762,24248083,659.843459
neon,decode,standard,unpadded,96,6,174762,24202625,661.082794
neon,decode,standard,unpadded,96,7,174762,24247167,659.868386
neon,decode,standard,unpadded,96,8,174762,24245291,659.919444
neon,decode,standard,unpadded,96,9,174762,24246000,659.900147
neon,decode,standard,unpadded,96,10,174762,24222208,660.548327
neon,decode,standard,unpadded,96,11,174762,24209375,660.898473
neon,decode,standard,unpadded,96,12,174762,24223667,660.508542
neon,decode,standard,unpadded,96,13,174762,24222000,660.553999
neon,decode,standard,unpadded,96,14,174762,24234542,660.212145
scalar,encode,standard,unpadded,192,0,87381,11854416,1349.702842
scalar,encode,standard,unpadded,192,1,87381,11903875,1344.095008
scalar,encode,standard,unpadded,192,2,87381,11880416,1346.749050
scalar,encode,standard,unpadded,192,3,87381,11857459,1349.356465
scalar,encode,standard,unpadded,192,4,87381,11857583,1349.342355
scalar,encode,standard,unpadded,192,5,87381,11870417,1347.883479
scalar,encode,standard,unpadded,192,6,87381,11853666,1349.788240
scalar,encode,standard,unpadded,192,7,87381,11877459,1347.084336
scalar,encode,standard,unpadded,192,8,87381,11875250,1347.334916
scalar,encode,standard,unpadded,192,9,87381,11857500,1349.351800
scalar,encode,standard,unpadded,192,10,87381,11857583,1349.342355
scalar,encode,standard,unpadded,192,11,87381,11857125,1349.394475
scalar,encode,standard,unpadded,192,12,87381,11862541,1348.778391
scalar,encode,standard,unpadded,192,13,87381,11886209,1346.092683
scalar,encode,standard,unpadded,192,14,87381,11866458,1348.333173
scalar,decode,standard,unpadded,192,0,87381,64446833,248.265713
scalar,decode,standard,unpadded,192,1,87381,64452625,248.243403
scalar,decode,standard,unpadded,192,2,87381,64510417,248.021013
scalar,decode,standard,unpadded,192,3,87381,64442708,248.281605
scalar,decode,standard,unpadded,192,4,87381,64455958,248.230566
scalar,decode,standard,unpadded,192,5,87381,64438333,248.298462
scalar,decode,standard,unpadded,192,6,87381,64470792,248.173451
scalar,decode,standard,unpadded,192,7,87381,64445791,248.269727
scalar,decode,standard,unpadded,192,8,87381,64441583,248.285939
scalar,decode,standard,unpadded,192,9,87381,64465250,248.194787
scalar,decode,standard,unpadded,192,10,87381,64451916,248.246134
scalar,decode,standard,unpadded,192,11,87381,64442416,248.282730
scalar,decode,standard,unpadded,192,12,87381,64445791,248.269727
scalar,decode,standard,unpadded,192,13,87381,64450084,248.253190
scalar,decode,standard,unpadded,192,14,87381,64435292,248.310180
neon,encode,standard,unpadded,192,0,87381,3494958,4578.006078
neon,encode,standard,unpadded,192,1,87381,3501834,4569.016968
neon,encode,standard,unpadded,192,2,87381,3494833,4578.169820
neon,encode,standard,unpadded,192,3,87381,3498542,4573.316246
neon,encode,standard,unpadded,192,4,87381,3513417,4553.953876
neon,encode,standard,unpadded,192,5,87381,3496041,4576.587908
neon,encode,standard,unpadded,192,6,87381,3501667,4569.234872
neon,encode,standard,unpadded,192,7,87381,3494916,4578.061094
neon,encode,standard,unpadded,192,8,87381,3503834,4566.408958
neon,encode,standard,unpadded,192,9,87381,3507958,4561.040630
neon,encode,standard,unpadded,192,10,87381,3491625,4582.376104
neon,encode,standard,unpadded,192,11,87381,3491750,4582.212061
neon,encode,standard,unpadded,192,12,87381,3498667,4573.152851
neon,encode,standard,unpadded,192,13,87381,3494958,4578.006078
neon,encode,standard,unpadded,192,14,87381,3494917,4578.059784
neon,decode,standard,unpadded,192,0,87381,22795375,701.894089
neon,decode,standard,unpadded,192,1,87381,22778167,702.424342
neon,decode,standard,unpadded,192,2,87381,22795417,701.892796
neon,decode,standard,unpadded,192,3,87381,22794542,701.919739
neon,decode,standard,unpadded,192,4,87381,22786583,702.164908
neon,decode,standard,unpadded,192,5,87381,22840666,700.502296
neon,decode,standard,unpadded,192,6,87381,22786416,702.170055
neon,decode,standard,unpadded,192,7,87381,22794083,701.933873
neon,decode,standard,unpadded,192,8,87381,22809125,701.470967
neon,decode,standard,unpadded,192,9,87381,22791375,702.017275
neon,decode,standard,unpadded,192,10,87381,22781791,702.312604
neon,decode,standard,unpadded,192,11,87381,22796458,701.860744
neon,decode,standard,unpadded,192,12,87381,22778583,702.411514
neon,decode,standard,unpadded,192,13,87381,22775791,702.497620
neon,decode,standard,unpadded,192,14,87381,22806625,701.547860
scalar,encode,standard,unpadded,384,0,43690,8790209,1820.179231
scalar,encode,standard,unpadded,384,1,43690,8791542,1819.903250
scalar,encode,standard,unpadded,384,2,43690,8813709,1815.326086
scalar,encode,standard,unpadded,384,3,43690,8777500,1822.814681
scalar,encode,standard,unpadded,384,4,43690,8784625,1821.336239
scalar,encode,standard,unpadded,384,5,43690,8805250,1817.070027
scalar,encode,standard,unpadded,384,6,43690,8784583,1821.344947
scalar,encode,standard,unpadded,384,7,43690,8784875,1821.284408
scalar,encode,standard,unpadded,384,8,43690,8784500,1821.362156
scalar,encode,standard,unpadded,384,9,43690,8784375,1821.388074
scalar,encode,standard,unpadded,384,10,43690,8781750,1821.932515
scalar,encode,standard,unpadded,384,11,43690,8777500,1822.814681
scalar,encode,standard,unpadded,384,12,43690,8802000,1817.740952
scalar,encode,standard,unpadded,384,13,43690,8780458,1822.200603
scalar,encode,standard,unpadded,384,14,43690,8784375,1821.388074
scalar,decode,standard,unpadded,384,0,43690,63573125,251.674837
scalar,decode,standard,unpadded,384,1,43690,63578583,251.653231
scalar,decode,standard,unpadded,384,2,43690,63579042,251.651415
scalar,decode,standard,unpadded,384,3,43690,63584750,251.628824
scalar,decode,standard,unpadded,384,4,43690,63691666,251.206427
scalar,decode,standard,unpadded,384,5,43690,63613833,251.513784
scalar,decode,standard,unpadded,384,6,43690,63576209,251.662628
scalar,decode,standard,unpadded,384,7,43690,63601541,251.562393
scalar,decode,standard,unpadded,384,8,43690,63577250,251.658508
scalar,decode,standard,unpadded,384,9,43690,63592292,251.598981
scalar,decode,standard,unpadded,384,10,43690,63596542,251.582167
scalar,decode,standard,unpadded,384,11,43690,63609042,251.532728
scalar,decode,standard,unpadded,384,12,43690,63589792,251.608872
scalar,decode,standard,unpadded,384,13,43690,63621584,251.483142
scalar,decode,standard,unpadded,384,14,43690,63603459,251.554807
neon,encode,standard,unpadded,384,0,43690,3144417,5088.305991
neon,encode,standard,unpadded,384,1,43690,3154750,5071.639863
neon,encode,standard,unpadded,384,2,43690,3144458,5088.239646
neon,encode,standard,unpadded,384,3,43690,3146917,5084.263697
neon,encode,standard,unpadded,384,4,43690,3147917,5082.648577
neon,encode,standard,unpadded,384,5,43690,3144375,5088.373956
neon,encode,standard,unpadded,384,6,43690,3144334,5088.440305
neon,encode,standard,unpadded,384,7,43690,3149584,5079.958451
neon,encode,standard,unpadded,384,8,43690,3148208,5082.178769
neon,encode,standard,unpadded,384,9,43690,3149583,5079.960064
neon,encode,standard,unpadded,384,10,43690,3149291,5080.431075
neon,encode,standard,unpadded,384,11,43690,3149792,5079.622991
neon,encode,standard,unpadded,384,12,43690,3162583,5059.078563
neon,encode,standard,unpadded,384,13,43690,3150083,5079.153743
neon,encode,standard,unpadded,384,14,43690,3149625,5079.892323
neon,decode,standard,unpadded,384,0,43690,21931208,729.542844
neon,decode,standard,unpadded,384,1,43690,21911708,730.192090
neon,decode,standard,unpadded,384,2,43690,21923000,729.815986
neon,decode,standard,unpadded,384,3,43690,21941334,729.206158
neon,decode,standard,unpadded,384,4,43690,22053625,725.493240
neon,decode,standard,unpadded,384,5,43690,21967375,728.341728
neon,decode,standard,unpadded,384,6,43690,21937333,729.339153
neon,decode,standard,unpadded,384,7,43690,21954000,728.785454
neon,decode,standard,unpadded,384,8,43690,21915875,730.053254
neon,decode,standard,unpadded,384,9,43690,21978625,727.968918
neon,decode,standard,unpadded,384,10,43690,21932333,729.505423
neon,decode,standard,unpadded,384,11,43690,21971167,728.216023
neon,decode,standard,unpadded,384,12,43690,21939333,729.272666
neon,decode,standard,unpadded,384,13,43690,21938209,729.310030
neon,decode,standard,unpadded,384,14,43690,21958084,728.649907
scalar,encode,standard,unpadded,768,0,21845,7325250,2184.192466
scalar,encode,standard,unpadded,768,1,21845,7299042,2192.035045
scalar,encode,standard,unpadded,768,2,21845,7295708,2193.036763
scalar,encode,standard,unpadded,768,3,21845,7302416,2191.022240
scalar,encode,standard,unpadded,768,4,21845,7302416,2191.022240
scalar,encode,standard,unpadded,768,5,21845,7292250,2194.076706
scalar,encode,standard,unpadded,768,6,21845,7303166,2190.797232
scalar,encode,standard,unpadded,768,7,21845,7302583,2190.972134
scalar,encode,standard,unpadded,768,8,21845,7302333,2191.047143
scalar,encode,standard,unpadded,768,9,21845,7310250,2188.674240
scalar,encode,standard,unpadded,768,10,21845,7302250,2191.072048
scalar,encode,standard,unpadded,768,11,21845,7303083,2190.822131
scalar,encode,standard,unpadded,768,12,21845,7299541,2191.885197
scalar,encode,standard,unpadded,768,13,21845,7295250,2193.174444
scalar,encode,standard,unpadded,768,14,21845,7302416,2191.022240
scalar,decode,standard,unpadded,768,0,21845,62952042,254.157853
scalar,decode,standard,unpadded,768,1,21845,62949500,254.168117
scalar,decode,standard,unpadded,768,2,21845,62997875,253.972945
scalar,decode,standard,unpadded,768,3,21845,62965083,254.105214
scalar,decode,standard,unpadded,768,4,21845,62962541,254.115473
scalar,decode,standard,unpadded,768,5,21845,62945084,254.185948
scalar,decode,standard,unpadded,768,6,21845,62983708,254.030072
scalar,decode,standard,unpadded,768,7,21845,62968166,254.092772
scalar,decode,standard,unpadded,768,8,21845,62965250,254.104540
scalar,decode,standard,unpadded,768,9,21845,62934500,254.228696
scalar,decode,standard,unpadded,768,10,21845,62949000,254.170135
scalar,decode,standard,unpadded,768,11,21845,62929458,254.249065
scalar,decode,standard,unpadded,768,12,21845,62957833,254.134475
scalar,decode,standard,unpadded,768,13,21845,62938084,254.214219
scalar,decode,standard,unpadded,768,14,21845,62940041,254.206315
neon,encode,standard,unpadded,768,0,21845,3002458,5328.885819
neon,encode,standard,unpadded,768,1,21845,3011750,5312.444877
neon,encode,standard,unpadded,768,2,21845,3002500,5328.811277
neon,encode,standard,unpadded,768,3,21845,3001667,5330.290089
neon,encode,standard,unpadded,768,4,21845,3012792,5310.607523
neon,encode,standard,unpadded,768,5,21845,3005875,5322.828081
neon,encode,standard,unpadded,768,6,21845,3005625,5323.270820
neon,encode,standard,unpadded,768,7,21845,3009542,5316.342440
neon,encode,standard,unpadded,768,8,21845,3005792,5322.975063
neon,encode,standard,unpadded,768,9,21845,3004417,5325.411173
neon,encode,standard,unpadded,768,10,21845,3005375,5323.713633
neon,encode,standard,unpadded,768,11,21845,3012500,5311.122277
neon,encode,standard,unpadded,768,12,21845,3005750,5323.049442
neon,encode,standard,unpadded,768,13,21845,3005500,5323.492217
neon,encode,standard,unpadded,768,14,21845,3010875,5313.988744
neon,decode,standard,unpadded,768,0,21845,21414500,747.145899
neon,decode,standard,unpadded,768,1,21845,21401833,747.588109
neon,decode,standard,unpadded,768,2,21845,21413375,747.185152
neon,decode,standard,unpadded,768,3,21845,21414083,747.160449
neon,decode,standard,unpadded,768,4,21845,21398208,747.714755
neon,decode,standard,unpadded,768,5,21845,21394000,747.861824
neon,decode,standard,unpadded,768,6,21845,21408667,747.349466
neon,decode,standard,unpadded,768,7,21845,21427917,746.678077
neon,decode,standard,unpadded,768,8,21845,21389291,748.026471
neon,decode,standard,unpadded,768,9,21845,21451791,745.847088
neon,decode,standard,unpadded,768,10,21845,21393459,747.880736
neon,decode,standard,unpadded,768,11,21845,21410416,747.288416
neon,decode,standard,unpadded,768,12,21845,21409417,747.323286
neon,decode,standard,unpadded,768,13,21845,21394959,747.828302
neon,decode,standard,unpadded,768,14,21845,21394292,747.851617
scalar,encode,standard,unpadded,1024,0,16384,6252625,2558.925251
scalar,encode,standard,unpadded,1024,1,16384,6261042,2555.485173
scalar,encode,standard,unpadded,1024,2,16384,6245542,2561.827300
scalar,encode,standard,unpadded,1024,3,16384,6248792,2560.494892
scalar,encode,standard,unpadded,1024,4,16384,6245292,2561.929851
scalar,encode,standard,unpadded,1024,5,16384,6252459,2558.993190
scalar,encode,standard,unpadded,1024,6,16384,6245666,2561.776438
scalar,encode,standard,unpadded,1024,7,16384,6260875,2555.553337
scalar,encode,standard,unpadded,1024,8,16384,6245667,2561.776028
scalar,encode,standard,unpadded,1024,9,16384,6254834,2558.021524
scalar,encode,standard,unpadded,1024,10,16384,6261500,2555.298251
scalar,encode,standard,unpadded,1024,11,16384,6257541,2556.914929
scalar,encode,standard,unpadded,1024,12,16384,6269750,2551.935883
scalar,encode,standard,unpadded,1024,13,16384,6252250,2559.078732
scalar,encode,standard,unpadded,1024,14,16384,6245791,2561.725168
scalar,decode,standard,unpadded,1024,0,16384,62808709,254.741743
scalar,decode,standard,unpadded,1024,1,16384,62808709,254.741743
scalar,decode,standard,unpadded,1024,2,16384,62796000,254.793299
scalar,decode,standard,unpadded,1024,3,16384,62781834,254.850790
scalar,decode,standard,unpadded,1024,4,16384,62827084,254.667239
scalar,decode,standard,unpadded,1024,5,16384,62874041,254.477042
scalar,decode,standard,unpadded,1024,6,16384,62853125,254.561726
scalar,decode,standard,unpadded,1024,7,16384,62815125,254.715723
scalar,decode,standard,unpadded,1024,8,16384,62767625,254.908482
scalar,decode,standard,unpadded,1024,9,16384,62844541,254.596497
scalar,decode,standard,unpadded,1024,10,16384,62883041,254.440621
scalar,decode,standard,unpadded,1024,11,16384,62805125,254.756280
scalar,decode,standard,unpadded,1024,12,16384,62906292,254.346576
scalar,decode,standard,unpadded,1024,13,16384,62814625,254.717751
scalar,decode,standard,unpadded,1024,14,16384,62800459,254.775208
neon,encode,standard,unpadded,1024,0,16384,3109042,5146.279787
neon,encode,standard,unpadded,1024,1,16384,3102334,5157.407294
neon,encode,standard,unpadded,1024,2,16384,3122333,5124.373345
neon,encode,standard,unpadded,1024,3,16384,3102958,5156.370147
neon,encode,standard,unpadded,1024,4,16384,3103125,5156.092649
neon,encode,standard,unpadded,1024,5,16384,3103583,5155.331757
neon,encode,standard,unpadded,1024,6,16384,3100125,5161.082214
neon,encode,standard,unpadded,1024,7,16384,3114667,5136.985752
neon,encode,standard,unpadded,1024,8,16384,3142167,5092.027254
neon,encode,standard,unpadded,1024,9,16384,3121791,5125.263030
neon,encode,standard,unpadded,1024,10,16384,3103375,5155.677287
neon,encode,standard,unpadded,1024,11,16384,3114625,5137.055023
neon,encode,standard,unpadded,1024,12,16384,3101375,5159.002056
neon,encode,standard,unpadded,1024,13,16384,3102208,5157.616768
neon,encode,standard,unpadded,1024,14,16384,3109791,5145.040294
neon,decode,standard,unpadded,1024,0,16384,22281583,718.081835
neon,decode,standard,unpadded,1024,1,16384,22300041,717.487470
neon,decode,standard,unpadded,1024,2,16384,22402209,714.215281
neon,decode,standard,unpadded,1024,3,16384,22223542,719.957242
neon,decode,standard,unpadded,1024,4,16384,22223042,719.973440
neon,decode,standard,unpadded,1024,5,16384,22210584,720.377276
neon,decode,standard,unpadded,1024,6,16384,22243500,719.311259
neon,decode,standard,unpadded,1024,7,16384,22220916,720.042324
neon,decode,standard,unpadded,1024,8,16384,22217417,720.155723
neon,decode,standard,unpadded,1024,9,16384,22227750,719.820945
neon,decode,standard,unpadded,1024,10,16384,22211333,720.352984
neon,decode,standard,unpadded,1024,11,16384,22221584,720.020679
neon,decode,standard,unpadded,1024,12,16384,22222291,719.997772
neon,decode,standard,unpadded,1024,13,16384,22220042,720.070646
neon,decode,standard,unpadded,1024,14,16384,22215500,720.217866
scalar,encode,standard,unpadded,4096,0,4096,5937417,2694.774512
scalar,encode,standard,unpadded,4096,1,4096,5933666,2696.478029
scalar,encode,standard,unpadded,4096,2,4096,5962583,2683.400801
scalar,encode,standard,unpadded,4096,3,4096,5943250,2692.129727
scalar,encode,standard,unpadded,4096,4,4096,5930792,2697.784714
scalar,encode,standard,unpadded,4096,5,4096,5937083,2694.926111
scalar,encode,standard,unpadded,4096,6,4096,5930417,2697.955304
scalar,encode,standard,unpadded,4096,7,4096,5936875,2695.020528
scalar,encode,standard,unpadded,4096,8,4096,5930208,2698.050389
scalar,encode,standard,unpadded,4096,9,4096,5937583,2694.699173
scalar,encode,standard,unpadded,4096,10,4096,5937500,2694.736842
scalar,encode,standard,unpadded,4096,11,4096,5930709,2697.822469
scalar,encode,standard,unpadded,4096,12,4096,5937458,2694.755904
scalar,encode,standard,unpadded,4096,13,4096,5944750,2691.450439
scalar,encode,standard,unpadded,4096,14,4096,5930417,2697.955304
scalar,decode,standard,unpadded,4096,0,4096,62480083,256.081606
scalar,decode,standard,unpadded,4096,1,4096,62443000,256.233685
scalar,decode,standard,unpadded,4096,2,4096,62623542,255.494970
scalar,decode,standard,unpadded,4096,3,4096,63010916,253.924257
scalar,decode,standard,unpadded,4096,4,4096,62645750,255.404397
scalar,decode,standard,unpadded,4096,5,4096,62551625,255.788719
scalar,decode,standard,unpadded,4096,6,4096,62477375,256.092706
scalar,decode,standard,unpadded,4096,7,4096,62466709,256.136433
scalar,decode,standard,unpadded,4096,8,4096,62446625,256.218811
scalar,decode,standard,unpadded,4096,9,4096,62480958,256.078020
scalar,decode,standard,unpadded,4096,10,4096,62453667,256.189921
scalar,decode,standard,unpadded,4096,11,4096,62466125,256.138827
scalar,decode,standard,unpadded,4096,12,4096,62437333,256.256942
scalar,decode,standard,unpadded,4096,13,4096,62457916,256.172492
scalar,decode,standard,unpadded,4096,14,4096,62442541,256.235569
neon,encode,standard,unpadded,4096,0,4096,2935458,5450.597488
neon,encode,standard,unpadded,4096,1,4096,2932250,5456.560662
neon,encode,standard,unpadded,4096,2,4096,2938916,5444.184182
neon,encode,standard,unpadded,4096,3,4096,2935583,5450.365396
neon,encode,standard,unpadded,4096,4,4096,2935833,5449.901272
neon,encode,standard,unpadded,4096,5,4096,2935542,5450.441520
neon,encode,standard,unpadded,4096,6,4096,2942167,5438.168534
neon,encode,standard,unpadded,4096,7,4096,2955791,5413.102618
neon,encode,standard,unpadded,4096,8,4096,2935500,5450.519503
neon,encode,standard,unpadded,4096,9,4096,2942458,5437.630716
neon,encode,standard,unpadded,4096,10,4096,2935334,5450.827742
neon,encode,standard,unpadded,4096,11,4096,2935708,5450.133324
neon,encode,standard,unpadded,4096,12,4096,2938708,5444.569518
neon,encode,standard,unpadded,4096,13,4096,2935709,5450.131467
neon,encode,standard,unpadded,4096,14,4096,2935542,5450.441520
neon,decode,standard,unpadded,4096,0,4096,21369375,748.735047
neon,decode,standard,unpadded,4096,1,4096,21352167,749.338463
neon,decode,standard,unpadded,4096,2,4096,21342750,749.669091
neon,decode,standard,unpadded,4096,3,4096,21361167,749.022748
neon,decode,standard,unpadded,4096,4,4096,21341708,749.705694
neon,decode,standard,unpadded,4096,5,4096,21361000,749.028604
neon,decode,standard,unpadded,4096,6,4096,21332500,750.029298
neon,decode,standard,unpadded,4096,7,4096,21457458,745.661485
neon,decode,standard,unpadded,4096,8,4096,21458250,745.633964
neon,decode,standard,unpadded,4096,9,4096,21299083,751.206050
neon,decode,standard,unpadded,4096,10,4096,21388459,748.066983
neon,decode,standard,unpadded,4096,11,4096,21322459,750.382496
neon,decode,standard,unpadded,4096,12,4096,21340833,749.736433
neon,decode,standard,unpadded,4096,13,4096,21297708,751.254548
neon,decode,standard,unpadded,4096,14,4096,21229916,753.653477
scalar,encode,standard,unpadded,65536,0,256,5840500,2739.491482
scalar,encode,standard,unpadded,65536,1,256,5847500,2736.212056
scalar,encode,standard,unpadded,65536,2,256,5841000,2739.256977
scalar,encode,standard,unpadded,65536,3,256,5838000,2740.664611
scalar,encode,standard,unpadded,65536,4,256,5840000,2739.726027
scalar,encode,standard,unpadded,65536,5,256,5860875,2729.967795
scalar,encode,standard,unpadded,65536,6,256,5840584,2739.452082
scalar,encode,standard,unpadded,65536,7,256,5855250,2732.590410
scalar,encode,standard,unpadded,65536,8,256,5880292,2720.953313
scalar,encode,standard,unpadded,65536,9,256,5833500,2742.778778
scalar,encode,standard,unpadded,65536,10,256,5840542,2739.471782
scalar,encode,standard,unpadded,65536,11,256,5833375,2742.837551
scalar,encode,standard,unpadded,65536,12,256,5861541,2729.657611
scalar,encode,standard,unpadded,65536,13,256,5845583,2737.109370
scalar,encode,standard,unpadded,65536,14,256,5839959,2739.745262
scalar,decode,standard,unpadded,65536,0,256,62549750,255.796386
scalar,decode,standard,unpadded,65536,1,256,62473917,256.106881
scalar,decode,standard,unpadded,65536,2,256,62436417,256.260701
scalar,decode,standard,unpadded,65536,3,256,62505625,255.976962
scalar,decode,standard,unpadded,65536,4,256,62435500,256.264465
scalar,decode,standard,unpadded,65536,5,256,62435292,256.265319
scalar,decode,standard,unpadded,65536,6,256,62455000,256.184453
scalar,decode,standard,unpadded,65536,7,256,62478375,256.088607
scalar,decode,standard,unpadded,65536,8,256,62454334,256.187185
scalar,decode,standard,unpadded,65536,9,256,62468667,256.128404
scalar,decode,standard,unpadded,65536,10,256,62487166,256.052579
scalar,decode,standard,unpadded,65536,11,256,62463375,256.150104
scalar,decode,standard,unpadded,65536,12,256,62455917,256.180691
scalar,decode,standard,unpadded,65536,13,256,62533750,255.861835
scalar,decode,standard,unpadded,65536,14,256,62468500,256.129089
neon,encode,standard,unpadded,65536,0,256,2871625,5571.758151
neon,encode,standard,unpadded,65536,1,256,2864625,5585.373304
neon,encode,standard,unpadded,65536,2,256,2864542,5585.535140
neon,encode,standard,unpadded,65536,3,256,2867834,5579.123478
neon,encode,standard,unpadded,65536,4,256,2864667,5585.291414
neon,encode,standard,unpadded,65536,5,256,2864583,5585.455195
neon,encode,standard,unpadded,65536,6,256,2865125,5584.398586
neon,encode,standard,unpadded,65536,7,256,2911625,5495.213154
neon,encode,standard,unpadded,65536,8,256,2864834,5584.965830
neon,encode,standard,unpadded,65536,9,256,2864875,5584.885903
neon,encode,standard,unpadded,65536,10,256,2868250,5578.314303
neon,encode,standard,unpadded,65536,11,256,2865000,5584.642234
neon,encode,standard,unpadded,65536,12,256,2864667,5585.291414
neon,encode,standard,unpadded,65536,13,256,2865042,5584.560366
neon,encode,standard,unpadded,65536,14,256,2871542,5571.919199
neon,decode,standard,unpadded,65536,0,256,20980292,762.620463
neon,decode,standard,unpadded,65536,1,256,20983875,762.490245
neon,decode,standard,unpadded,65536,2,256,20994708,762.096810
neon,decode,standard,unpadded,65536,3,256,21195500,754.877215
neon,decode,standard,unpadded,65536,4,256,21132917,757.112707
neon,decode,standard,unpadded,65536,5,256,21147000,756.608502
neon,decode,standard,unpadded,65536,6,256,21155500,756.304507
neon,decode,standard,unpadded,65536,7,256,21136125,756.997794
neon,decode,standard,unpadded,65536,8,256,21110667,757.910681
neon,decode,standard,unpadded,65536,9,256,21113834,757.796997
neon,decode,standard,unpadded,65536,10,256,21158708,756.189839
neon,decode,standard,unpadded,65536,11,256,20995417,762.071075
neon,decode,standard,unpadded,65536,12,256,21176208,755.564925
neon,decode,standard,unpadded,65536,13,256,21077667,759.097295
neon,decode,standard,unpadded,65536,14,256,20952209,763.642631
scalar,encode,url-safe,padded,12,0,1398101,36358916,440.057019
scalar,encode,url-safe,padded,12,1,1398101,36324292,440.476477
scalar,encode,url-safe,padded,12,2,1398101,36337541,440.315876
scalar,encode,url-safe,padded,12,3,1398101,36322208,440.501750
scalar,encode,url-safe,padded,12,4,1398101,36322459,440.498706
scalar,encode,url-safe,padded,12,5,1398101,36349416,440.172029
scalar,encode,url-safe,padded,12,6,1398101,36376834,439.840262
scalar,encode,url-safe,padded,12,7,1398101,36468500,438.734694
scalar,encode,url-safe,padded,12,8,1398101,36435042,439.137580
scalar,encode,url-safe,padded,12,9,1398101,36475125,438.655006
scalar,encode,url-safe,padded,12,10,1398101,36364875,439.984908
scalar,encode,url-safe,padded,12,11,1398101,36382958,439.766228
scalar,encode,url-safe,padded,12,12,1398101,36346708,440.204824
scalar,encode,url-safe,padded,12,13,1398101,36387083,439.716374
scalar,encode,url-safe,padded,12,14,1398101,36370833,439.912833
scalar,decode,url-safe,padded,12,0,1398101,67985459,235.344387
scalar,decode,url-safe,padded,12,1,1398101,68036542,235.167687
scalar,decode,url-safe,padded,12,2,1398101,67959208,235.435295
scalar,decode,url-safe,padded,12,3,1398101,67951583,235.461714
scalar,decode,url-safe,padded,12,4,1398101,68025833,235.204708
scalar,decode,url-safe,padded,12,5,1398101,67966708,235.409315
scalar,decode,url-safe,padded,12,6,1398101,67939334,235.504166
scalar,decode,url-safe,padded,12,7,1398101,67934291,235.521648
scalar,decode,url-safe,padded,12,8,1398101,67935916,235.516015
scalar,decode,url-safe,padded,12,9,1398101,67930833,235.533637
scalar,decode,url-safe,padded,12,10,1398101,67929792,235.537247
scalar,decode,url-safe,padded,12,11,1398101,68063583,235.074257
scalar,decode,url-safe,padded,12,12,1398101,67933667,235.523812
scalar,decode,url-safe,padded,12,13,1398101,67948291,235.473122
scalar,decode,url-safe,padded,12,14,1398101,67968833,235.401955
neon,encode,url-safe,padded,12,0,1398101,15597958,1025.775052
neon,encode,url-safe,padded,12,1,1398101,15583250,1026.743214
neon,encode,url-safe,padded,12,2,1398101,15585625,1026.586754
neon,encode,url-safe,padded,12,3,1398101,15577958,1027.092009
neon,encode,url-safe,padded,12,4,1398101,15606459,1025.216302
neon,encode,url-safe,padded,12,5,1398101,15621125,1024.253771
neon,encode,url-safe,padded,12,6,1398101,15612208,1024.838779
neon,encode,url-safe,padded,12,7,1398101,15589250,1026.348040
neon,encode,url-safe,padded,12,8,1398101,15615916,1024.595431
neon,encode,url-safe,padded,12,9,1398101,15665166,1021.374187
neon,encode,url-safe,padded,12,10,1398101,15603084,1025.438060
neon,encode,url-safe,padded,12,11,1398101,15618375,1024.434116
neon,encode,url-safe,padded,12,12,1398101,15651416,1022.271479
neon,encode,url-safe,padded,12,13,1398101,15568125,1027.740732
neon,encode,url-safe,padded,12,14,1398101,15668083,1021.184033
neon,decode,url-safe,padded,12,0,1398101,49064584,326.100720
neon,decode,url-safe,padded,12,1,1398101,49033958,326.304399
neon,decode,url-safe,padded,12,2,1398101,48863125,327.445209
neon,decode,url-safe,padded,12,3,1398101,48906250,327.156472
neon,decode,url-safe,padded,12,4,1398101,49230667,325.000597
neon,decode,url-safe,padded,12,5,1398101,48908709,327.140023
neon,decode,url-safe,padded,12,6,1398101,48882542,327.315142
neon,decode,url-safe,padded,12,7,1398101,49254583,324.842790
neon,decode,url-safe,padded,12,8,1398101,48795708,327.897613
neon,decode,url-safe,padded,12,9,1398101,49324750,324.380685
neon,decode,url-safe,padded,12,10,1398101,49083291,325.976434
neon,decode,url-safe,padded,12,11,1398101,49103958,325.839237
neon,decode,url-safe,padded,12,12,1398101,49150416,325.531246
neon,decode,url-safe,padded,12,13,1398101,49055250,326.162769
neon,decode,url-safe,padded,12,14,1398101,48771709,328.058961
scalar,encode,url-safe,padded,24,0,699050,32143750,497.763476
scalar,encode,url-safe,padded,24,1,699050,32168625,497.378571
scalar,encode,url-safe,padded,24,2,699050,32147125,497.711218
scalar,encode,url-safe,padded,24,3,699050,32207791,496.773738
scalar,encode,url-safe,padded,24,4,699050,32143584,497.766047
scalar,encode,url-safe,padded,24,5,699050,32160958,497.497144
scalar,encode,url-safe,padded,24,6,699050,32177375,497.243319
scalar,encode,url-safe,padded,24,7,699050,32160000,497.511963
scalar,encode,url-safe,padded,24,8,699050,32143375,497.769283
scalar,encode,url-safe,padded,24,9,699050,32143166,497.772520
scalar,encode,url-safe,padded,24,10,699050,32162333,497.475875
scalar,encode,url-safe,padded,24,11,699050,32176042,497.263919
scalar,encode,url-safe,padded,24,12,699050,32209459,496.748012
scalar,encode,url-safe,padded,24,13,699050,32143459,497.767983
scalar,encode,url-safe,padded,24,14,699050,32165584,497.425594
scalar,decode,url-safe,padded,24,0,699050,66838333,239.383360
scalar,decode,url-safe,padded,24,1,699050,66852958,239.330992
scalar,decode,url-safe,padded,24,2,699050,66892625,239.189070
scalar,decode,url-safe,padded,24,3,699050,66846041,239.355757
scalar,decode,url-safe,padded,24,4,699050,66920334,239.090031
scalar,decode,url-safe,padded,24,5,699050,66852834,239.331436
scalar,decode,url-safe,padded,24,6,699050,66859292,239.308318
scalar,decode,url-safe,padded,24,7,699050,66873959,239.255833
scalar,decode,url-safe,padded,24,8,699050,66859500,239.307574
scalar,decode,url-safe,padded,24,9,699050,66883083,239.223194
scalar,decode,url-safe,padded,24,10,699050,66838167,239.383955
scalar,decode,url-safe,padded,24,11,699050,66841083,239.373511
scalar,decode,url-safe,padded,24,12,699050,66865417,239.286397
scalar,decode,url-safe,padded,24,13,699050,66885083,239.216041
scalar,decode,url-safe,padded,24,14,699050,66851958,239.334572
neon,encode,url-safe,padded,24,0,699050,9053833,1767.205640
neon,encode,url-safe,padded,24,1,699050,9062916,1765.434518
neon,encode,url-safe,padded,24,2,699050,9054334,1767.107856
neon,encode,url-safe,padded,24,3,699050,9054333,1767.108051
neon,encode,url-safe,padded,24,4,699050,9054291,1767.116248
neon,encode,url-safe,padded,24,5,699050,9054250,1767.124250
neon,encode,url-safe,padded,24,6,699050,9054250,1767.124250
neon,encode,url-safe,padded,24,7,699050,9050834,1767.791205
neon,encode,url-safe,padded,24,8,699050,9062833,1765.450686
neon,encode,url-safe,padded,24,9,699050,9054083,1767.156844
neon,encode,url-safe,padded,24,10,699050,9054417,1767.091657
neon,encode,url-safe,padded,24,11,699050,9051000,1767.758783
neon,encode,url-safe,padded,24,12,699050,9065958,1764.842143
neon,encode,url-safe,padded,24,13,699050,9053959,1767.181047
neon,encode,url-safe,padded,24,14,699050,9054167,1767.140449
neon,decode,url-safe,padded,24,0,699050,37172125,430.429650
neon,decode,url-safe,padded,24,1,699050,37400542,427.800879
neon,decode,url-safe,padded,24,2,699050,37265875,429.346815
neon,decode,url-safe,padded,24,3,699050,37170791,430.445097
neon,decode,url-safe,padded,24,4,699050,37302334,428.927175
neon,decode,url-safe,padded,24,5,699050,37229708,429.763906
neon,decode,url-safe,padded,24,6,699050,37339417,428.501193
neon,decode,url-safe,padded,24,7,699050,37206250,430.034866
neon,decode,url-safe,padded,24,8,699050,37430333,427.460390
neon,decode,url-safe,padded,24,9,699050,37163041,430.534862
neon,decode,url-safe,padded,24,10,699050,37204125,430.059429
neon,decode,url-safe,padded,24,11,699050,37178375,430.357291
neon,decode,url-safe,padded,24,12,699050,37227583,429.788438
neon,decode,url-safe,padded,24,13,699050,37172583,430.424346
neon,decode,url-safe,padded,24,14,699050,37159041,430.581207
scalar,encode,url-safe,padded,48,0,349525,30080167,531.911433
scalar,encode,url-safe,padded,48,1,349525,30051042,532.426953
scalar,encode,url-safe,padded,48,2,349525,30063542,532.205578
scalar,encode,url-safe,padded,48,3,349525,30050084,532.443927
scalar,encode,url-safe,padded,48,4,349525,30051541,532.418113
scalar,encode,url-safe,padded,48,5,349525,30097042,531.613198
scalar,encode,url-safe,padded,48,6,349525,30050000,532.445416
scalar,encode,url-safe,padded,48,7,349525,30088167,531.770006
scalar,encode,url-safe,padded,48,8,349525,30063541,532.205596
scalar,encode,url-safe,padded,48,9,349525,30061542,532.240986
scalar,encode,url-safe,padded,48,10,349525,30046250,532.511869
scalar,encode,url-safe,padded,48,11,349525,30064333,532.191575
scalar,encode,url-safe,padded,48,12,349525,30048916,532.464623
scalar,encode,url-safe,padded,48,13,349525,30085084,531.824500
scalar,encode,url-safe,padded,48,14,349525,30047166,532.495635
scalar,decode,url-safe,padded,48,0,349525,66286250,241.377129
scalar,decode,url-safe,padded,48,1,349525,66300584,241.324944
scalar,decode,url-safe,padded,48,2,349525,66324250,241.238834
scalar,decode,url-safe,padded,48,3,349525,66301625,241.321155
scalar,decode,url-safe,padded,48,4,349525,66307500,241.299774
scalar,decode,url-safe,padded,48,5,349525,66322750,241.244290
scalar,decode,url-safe,padded,48,6,349525,66375125,241.053930
scalar,decode,url-safe,padded,48,7,349525,66290875,241.360289
scalar,decode,url-safe,padded,48,8,349525,66332041,241.210499
scalar,decode,url-safe,padded,48,9,349525,66350417,241.143695
scalar,decode,url-safe,padded,48,10,349525,66312375,241.282034
scalar,decode,url-safe,padded,48,11,349525,66319375,241.256567
scalar,decode,url-safe,padded,48,12,349525,66411041,240.923565
scalar,decode,url-safe,padded,48,13,349525,66652666,240.050184
scalar,decode,url-safe,padded,48,14,349525,66711875,239.837132
neon,encode,url-safe,padded,48,0,349525,5896166,2713.625217
neon,encode,url-safe,padded,48,1,349525,5889333,2716.773655
neon,encode,url-safe,padded,48,2,349525,5901500,2711.172539
neon,encode,url-safe,padded,48,3,349525,5954208,2687.172625
neon,encode,url-safe,padded,48,4,349525,5903667,2710.177376
neon,encode,url-safe,padded,48,5,349525,5896208,2713.605887
neon,encode,url-safe,padded,48,6,349525,5888875,2716.984949
neon,encode,url-safe,padded,48,7,349525,5896083,2713.663417
neon,encode,url-safe,padded,48,8,349525,5888833,2717.004327
neon,encode,url-safe,padded,48,9,349525,5901334,2711.248803
neon,encode,url-safe,padded,48,10,349525,5956000,2686.364127
neon,encode,url-safe,padded,48,11,349525,5888792,2717.023244
neon,encode,url-safe,padded,48,12,349525,5896125,2713.644087
neon,encode,url-safe,padded,48,13,349525,5888834,2717.003865
neon,encode,url-safe,padded,48,14,349525,5895958,2713.720949
neon,decode,url-safe,padded,48,0,349525,32500208,492.304072
neon,decode,url-safe,padded,48,1,349525,32518292,492.030293
neon,decode,url-safe,padded,48,2,349525,32498292,492.333097
neon,decode,url-safe,padded,48,3,349525,32543167,491.654200
neon,decode,url-safe,padded,48,4,349525,32547875,491.583083
neon,decode,url-safe,padded,48,5,349525,32598459,490.820279
neon,decode,url-safe,padded,48,6,349525,32511750,492.129299
neon,decode,url-safe,padded,48,7,349525,32589458,490.955840
neon,decode,url-safe,padded,48,8,349525,32548250,491.577419
neon,decode,url-safe,padded,48,9,349525,32577875,491.130399
neon,decode,url-safe,padded,48,10,349525,32551708,491.525199
neon,decode,url-safe,padded,48,11,349525,32576916,491.144857
neon,decode,url-safe,padded,48,12,349525,32461833,492.886053
neon,decode,url-safe,padded,48,13,349525,32501250,492.288289
neon,decode,url-safe,padded,48,14,349525,32620291,490.491784
scalar,encode,url-safe,padded,64,0,262144,13268125,1205.897593
scalar,encode,url-safe,padded,64,1,262144,13244125,1208.082829
scalar,encode,url-safe,padded,64,2,262144,13244125,1208.082829
scalar,encode,url-safe,padded,64,3,262144,13246916,1207.828298
scalar,encode,url-safe,padded,64,4,262144,13244084,1208.086569
scalar,encode,url-safe,padded,64,5,262144,13259042,1206.723683
scalar,encode,url-safe,padded,64,6,262144,13247917,1207.737035
scalar,encode,url-safe,padded,64,7,262144,13255666,1207.031016
scalar,encode,url-safe,padded,64,8,262144,13244708,1208.029652
scalar,encode,url-safe,padded,64,9,262144,13247625,1207.763656
scalar,encode,url-safe,padded,64,10,262144,13278834,1204.925071
scalar,encode,url-safe,padded,64,11,262144,13243625,1208.128439
scalar,encode,url-safe,padded,64,12,262144,13252458,1207.323200
scalar,encode,url-safe,padded,64,13,262144,13247292,1207.794016
scalar,encode,url-safe,padded,64,14,262144,13259875,1206.647876
scalar,decode,url-safe,padded,64,0,262144,66765458,239.644877
scalar,decode,url-safe,padded,64,1,262144,66780625,239.590450
scalar,decode,url-safe,padded,64,2,262144,66797667,239.529324
scalar,decode,url-safe,padded,64,3,262144,66761125,239.660431
scalar,decode,url-safe,padded,64,4,262144,66756458,239.677186
scalar,decode,url-safe,padded,64,5,262144,66776750,239.604353
scalar,decode,url-safe,padded,64,6,262144,66793542,239.544116
scalar,decode,url-safe,padded,64,7,262144,66762209,239.656540
scalar,decode,url-safe,padded,64,8,262144,66788125,239.563545
scalar,decode,url-safe,padded,64,9,262144,66773375,239.616464
scalar,decode,url-safe,padded,64,10,262144,66816708,239.461064
scalar,decode,url-safe,padded,64,11,262144,66777250,239.602559
scalar,decode,url-safe,padded,64,12,262144,66769333,239.630970
scalar,decode,url-safe,padded,64,13,262144,66784208,239.577596
scalar,decode,url-safe,padded,64,14,262144,66785167,239.574156
neon,encode,url-safe,padded,64,0,262144,7416708,2157.291348
neon,encode,url-safe,padded,64,1,262144,7413458,2158.237087
neon,encode,url-safe,padded,64,2,262144,7435750,2151.766802
neon,encode,url-safe,padded,64,3,262144,7417375,2157.097356
neon,encode,url-safe,padded,64,4,262144,7416583,2157.327707
neon,encode,url-safe,padded,64,5,262144,7433625,2152.381913
neon,encode,url-safe,padded,64,6,262144,7409625,2159.353544
neon,encode,url-safe,padded,64,7,262144,7416958,2157.218633
neon,encode,url-safe,padded,64,8,262144,7416584,2157.327417
neon,encode,url-safe,padded,64,9,262144,7409708,2159.329355
neon,encode,url-safe,padded,64,10,262144,7416334,2157.400139
neon,encode,url-safe,padded,64,11,262144,7416667,2157.303274
neon,encode,url-safe,padded,64,12,262144,7416625,2157.315491
neon,encode,url-safe,padded,64,13,262144,7409875,2159.280690
neon,encode,url-safe,padded,64,14,262144,7427750,2154.084346
neon,decode,url-safe,padded,64,0,262144,36199958,441.989463
neon,decode,url-safe,padded,64,1,262144,36230625,441.615346
neon,decode,url-safe,padded,64,2,262144,36216042,441.793170
neon,decode,url-safe,padded,64,3,262144,36225708,441.675288
neon,decode,url-safe,padded,64,4,262144,36216375,441.789108
neon,decode,url-safe,padded,64,5,262144,36229750,441.626012
neon,decode,url-safe,padded,64,6,262144,36340250,440.283157
neon,decode,url-safe,padded,64,7,262144,36244959,441.440698
neon,decode,url-safe,padded,64,8,262144,36219167,441.755052
neon,decode,url-safe,padded,64,9,262144,36453000,438.921351
neon,decode,url-safe,padded,64,10,262144,36314542,440.594845
neon,decode,url-safe,padded,64,11,262144,36301625,440.751619
neon,decode,url-safe,padded,64,12,262144,36266958,441.172927
neon,decode,url-safe,padded,64,13,262144,36267167,441.170384
neon,decode,url-safe,padded,64,14,262144,36253833,441.332645
scalar,encode,url-safe,padded,96,0,174762,18085916,884.662904
scalar,encode,url-safe,padded,96,1,174762,18054917,886.181807
scalar,encode,url-safe,padded,96,2,174762,18023167,887.742924
scalar,encode,url-safe,padded,96,3,174762,18029958,887.408554
scalar,encode,url-safe,padded,96,4,174762,18029042,887.453641
scalar,encode,url-safe,padded,96,5,174762,18043875,886.724108
scalar,encode,url-safe,padded,96,6,174762,18029375,887.437250
scalar,encode,url-safe,padded,96,7,174762,18034875,887.166613
scalar,encode,url-safe,padded,96,8,174762,18044291,886.703665
scalar,encode,url-safe,padded,96,9,174762,18029250,887.443403
scalar,encode,url-safe,padded,96,10,174762,18029166,887.447537
scalar,encode,url-safe,padded,96,11,174762,18026459,887.580804
scalar,encode,url-safe,padded,96,12,174762,18037708,887.027274
scalar,encode,url-safe,padded,96,13,174762,18029708,887.420859
scalar,encode,url-safe,padded,96,14,174762,18026000,887.603404
scalar,decode,url-safe,padded,96,0,174762,67512459,236.992389
scalar,decode,url-safe,padded,96,1,174762,67489542,237.072863
scalar,decode,url-safe,padded,96,2,174762,67497834,237.043739
scalar,decode,url-safe,padded,96,3,174762,67531000,236.927322
scalar,decode,url-safe,padded,96,4,174762,67557000,236.836138
scalar,decode,url-safe,padded,96,5,174762,67536916,236.906568
scalar,decode,url-safe,padded,96,6,174762,67522667,236.956561
scalar,decode,url-safe,padded,96,7,174762,67462250,237.168772
scalar,decode,url-safe,padded,96,8,174762,67561875,236.819049
scalar,decode,url-safe,padded,96,9,174762,67570875,236.787506
scalar,decode,url-safe,padded,96,10,174762,67591542,236.715105
scalar,decode,url-safe,padded,96,11,174762,67532625,236.921621
scalar,decode,url-safe,padded,96,12,174762,67486708,237.082819
scalar,decode,url-safe,padded,96,13,174762,67513666,236.988152
scalar,decode,url-safe,padded,96,14,174762,67630584,236.578453
neon,encode,url-safe,padded,96,0,174762,4293292,3726.729737
neon,encode,url-safe,padded,96,1,174762,4296625,3723.838819
neon,encode,url-safe,padded,96,2,174762,4293334,3726.693280
neon,encode,url-safe,padded,96,3,174762,4308792,3713.323587
neon,encode,url-safe,padded,96,4,174762,4293333,3726.694148
neon,encode,url-safe,padded,96,5,174762,4297209,3723.332741
neon,encode,url-safe,padded,96,6,174762,4293333,3726.694148
neon,encode,url-safe,padded,96,7,174762,4293334,3726.693280
neon,encode,url-safe,padded,96,8,174762,4300584,3720.410755
neon,encode,url-safe,padded,96,9,174762,4293334,3726.693280
neon,encode,url-safe,padded,96,10,174762,4311875,3710.668553
neon,encode,url-safe,padded,96,11,174762,4306916,3714.941031
neon,encode,url-safe,padded,96,12,174762,4296375,3724.055504
neon,encode,url-safe,padded,96,13,174762,4293250,3726.766195
neon,encode,url-safe,padded,96,14,174762,4290000,3729.589502
neon,decode,url-safe,padded,96,0,174762,32074416,498.838045
neon,decode,url-safe,padded,96,1,174762,32094333,498.528477
neon,decode,url-safe,padded,96,2,174762,32095125,498.516175
neon,decode,url-safe,padded,96,3,174762,32086375,498.652121
neon,decode,url-safe,padded,96,4,174762,32070042,498.906081
neon,decode,url-safe,padded,96,5,174762,32103750,498.382244
neon,decode,url-safe,padded,96,6,174762,32046209,499.277121
neon,decode,url-safe,padded,96,7,174762,32043417,499.320624
neon,decode,url-safe,padded,96,8,174762,32044917,499.297251
neon,decode,url-safe,padded,96,9,174762,32038833,499.392065
neon,decode,url-safe,padded,96,10,174762,33016000,484.611672
neon,decode,url-safe,padded,96,11,174762,35126709,455.492115
neon,decode,url-safe,padded,96,12,174762,32083083,498.703287
neon,decode,url-safe,padded,96,13,174762,32093417,498.542706
neon,decode,url-safe,padded,96,14,174762,32071625,498.881456
scalar,encode,url-safe,padded,192,0,87381,11861250,1348.925195
scalar,encode,url-safe,padded,192,1,87381,11898958,1344.650428
scalar,encode,url-safe,padded,192,2,87381,11857250,1349.380250
scalar,encode,url-safe,padded,192,3,87381,11857583,1349.342355
scalar,encode,url-safe,padded,192,4,87381,11857500,1349.351800
scalar,encode,url-safe,padded,192,5,87381,11857458,1349.356579
scalar,encode,url-safe,padded,192,6,87381,11884458,1346.291010
scalar,encode,url-safe,padded,192,7,87381,11857416,1349.361359
scalar,encode,url-safe,padded,192,8,87381,11871958,1347.708522
scalar,encode,url-safe,padded,192,9,87381,11867500,1348.214785
scalar,encode,url-safe,padded,192,10,87381,11853333,1349.826160
scalar,encode,url-safe,padded,192,11,87381,11901958,1344.311496
scalar,encode,url-safe,padded,192,12,87381,11867750,1348.186385
scalar,encode,url-safe,padded,192,13,87381,11903625,1344.123237
scalar,encode,url-safe,padded,192,14,87381,11875083,1347.353864
scalar,decode,url-safe,padded,192,0,87381,64703792,247.279772
scalar,decode,url-safe,padded,192,1,87381,64674750,247.390813
scalar,decode,url-safe,padded,192,2,87381,64733375,247.166766
scalar,decode,url-safe,padded,192,3,87381,64946167,246.356940
scalar,decode,url-safe,padded,192,4,87381,65406458,244.623229
scalar,decode,url-safe,padded,192,5,87381,64886333,246.584114
scalar,decode,url-safe,padded,192,6,87381,64730917,247.176152
scalar,decode,url-safe,padded,192,7,87381,64797958,246.920419
scalar,decode,url-safe,padded,192,8,87381,64757709,247.073888
scalar,decode,url-safe,padded,192,9,87381,64701042,247.290283
scalar,decode,url-safe,padded,192,10,87381,64692542,247.322774
scalar,decode,url-safe,padded,192,11,87381,64643000,247.512321
scalar,decode,url-safe,padded,192,12,87381,64691542,247.326597
scalar,decode,url-safe,padded,192,13,87381,64672916,247.397828
scalar,decode,url-safe,padded,192,14,87381,64671500,247.403245
neon,encode,url-safe,padded,192,0,87381,3495125,4577.787337
neon,encode,url-safe,padded,192,1,87381,3543541,4515.240254
neon,encode,url-safe,padded,192,2,87381,3503125,4567.333157
neon,encode,url-safe,padded,192,3,87381,3495125,4577.787337
neon,encode,url-safe,padded,192,4,87381,3507459,4561.689521
neon,encode,url-safe,padded,192,5,87381,3503750,4566.518434
neon,encode,url-safe,padded,192,6,87381,3511042,4557.034340
neon,encode,url-safe,padded,192,7,87381,3521375,4543.662338
neon,encode,url-safe,padded,192,8,87381,3495125,4577.787337
neon,encode,url-safe,padded,192,9,87381,3499167,4572.499388
neon,encode,url-safe,padded,192,10,87381,3495083,4577.842347
neon,encode,url-safe,padded,192,11,87381,3495125,4577.787337
neon,encode,url-safe,padded,192,12,87381,3502500,4568.148170
neon,encode,url-safe,padded,192,13,87381,3495334,4577.513612
neon,encode,url-safe,padded,192,14,87381,3495125,4577.787337
neon,decode,url-safe,padded,192,0,87381,30001208,533.309824
neon,decode,url-safe,padded,192,1,87381,30034625,532.716455
neon,decode,url-safe,padded,192,2,87381,30010375,533.146919
neon,decode,url-safe,padded,192,3,87381,30021125,532.956009
neon,decode,url-safe,padded,192,4,87381,30181834,530.118182
neon,decode,url-safe,padded,192,5,87381,30042167,532.582718
neon,decode,url-safe,padded,192,6,87381,30050542,532.434289
neon,decode,url-safe,padded,192,7,87381,29955541,534.122851
neon,decode,url-safe,padded,192,8,87381,31113875,514.238068
neon,decode,url-safe,padded,192,9,87381,31046708,515.350580
neon,decode,url-safe,padded,192,10,87381,31056916,515.181191
neon,decode,url-safe,padded,192,11,87381,31093916,514.568154
neon,decode,url-safe,padded,192,12,87381,31049250,515.308388
neon,decode,url-safe,padded,192,13,87381,30664083,521.781100
neon,decode,url-safe,padded,192,14,87381,29818667,536.574588
scalar,encode,url-safe,padded,384,0,43690,8780917,1822.105352
scalar,encode,url-safe,padded,384,1,43690,8841250,1809.671241
scalar,encode,url-safe,padded,384,2,43690,8810667,1815.952851
scalar,encode,url-safe,padded,384,3,43690,8813250,1815.420629
scalar,encode,url-safe,padded,384,4,43690,8801708,1817.801256
scalar,encode,url-safe,padded,384,5,43690,8793250,1819.549752
scalar,encode,url-safe,padded,384,6,43690,8873458,1803.102675
scalar,encode,url-safe,padded,384,7,43690,8784000,1821.465831
scalar,encode,url-safe,padded,384,8,43690,8831292,1811.711792
scalar,encode,url-safe,padded,384,9,43690,8794834,1819.222041
scalar,encode,url-safe,padded,384,10,43690,8803458,1817.439904
scalar,encode,url-safe,padded,384,11,43690,8861458,1805.544399
scalar,encode,url-safe,padded,384,12,43690,8826709,1812.652469
scalar,encode,url-safe,padded,384,13,43690,8799917,1818.171224
scalar,encode,url-safe,padded,384,14,43690,8794208,1819.351539
scalar,decode,url-safe,padded,384,0,43690,63640292,251.409215
scalar,decode,url-safe,padded,384,1,43690,63492833,251.993101
scalar,decode,url-safe,padded,384,2,43690,63555500,251.744630
scalar,decode,url-safe,padded,384,3,43690,63532875,251.834280
scalar,decode,url-safe,padded,384,4,43690,63493709,251.989624
scalar,decode,url-safe,padded,384,5,43690,63572750,251.676321
scalar,decode,url-safe,padded,384,6,43690,63470250,252.082761
scalar,decode,url-safe,padded,384,7,43690,63496458,251.978714
scalar,decode,url-safe,padded,384,8,43690,63483625,252.029651
scalar,decode,url-safe,padded,384,9,43690,63533375,251.832299
scalar,decode,url-safe,padded,384,10,43690,63483791,252.028992
scalar,decode,url-safe,padded,384,11,43690,63557875,251.735223
scalar,decode,url-safe,padded,384,12,43690,63512833,251.913749
scalar,decode,url-safe,padded,384,13,43690,63477542,252.053803
scalar,decode,url-safe,padded,384,14,43690,63458708,252.128610
neon,encode,url-safe,padded,384,0,43690,3149375,5080.295570
neon,encode,url-safe,padded,384,1,43690,3146042,5085.677769
neon,encode,url-safe,padded,384,2,43690,3146000,5085.745664
neon,encode,url-safe,padded,384,3,43690,3152459,5075.325598
neon,encode,url-safe,padded,384,4,43690,3145916,5085.881460
neon,encode,url-safe,padded,384,5,43690,3145958,5085.813561
neon,encode,url-safe,padded,384,6,43690,3152667,5074.990749
neon,encode,url-safe,padded,384,7,43690,3146000,5085.745664
neon,encode,url-safe,padded,384,8,43690,3145875,5085.947744
neon,encode,url-safe,padded,384,9,43690,3149333,5080.363321
neon,encode,url-safe,padded,384,10,43690,3146000,5085.745664
neon,encode,url-safe,padded,384,11,43690,3146000,5085.745664
neon,encode,url-safe,padded,384,12,43690,3149084,5080.765029
neon,encode,url-safe,padded,384,13,43690,3146125,5085.543600
neon,encode,url-safe,padded,384,14,43690,3146084,5085.609875
neon,decode,url-safe,padded,384,0,43690,29459458,543.111006
neon,decode,url-safe,padded,384,1,43690,29785000,537.174949
neon,decode,url-safe,padded,384,2,43690,29400833,544.193964
neon,decode,url-safe,padded,384,3,43690,30559667,523.557926
neon,decode,url-safe,padded,384,4,43690,31449792,508.739640
neon,decode,url-safe,padded,384,5,43690,32043708,499.310375
neon,decode,url-safe,padded,384,6,43690,31667208,505.246811
neon,decode,url-safe,padded,384,7,43690,31595709,506.390151
neon,decode,url-safe,padded,384,8,43690,31658834,505.380453
neon,decode,url-safe,padded,384,9,43690,31701667,504.697619
neon,decode,url-safe,padded,384,10,43690,31310958,510.995411
neon,decode,url-safe,padded,384,11,43690,30718000,520.859296
neon,decode,url-safe,padded,384,12,43690,30754917,520.234077
neon,decode,url-safe,padded,384,13,43690,30716584,520.883307
neon,decode,url-safe,padded,384,14,43690,30602666,522.822288
scalar,encode,url-safe,padded,768,0,21845,7312041,2188.138149
scalar,encode,url-safe,padded,768,1,21845,7295000,2193.249604
scalar,encode,url-safe,padded,768,2,21845,7298583,2192.172900
scalar,encode,url-safe,padded,768,3,21845,7301792,2191.209481
scalar,encode,url-safe,padded,768,4,21845,7335750,2181.066129
scalar,encode,url-safe,padded,768,5,21845,7296084,2192.923746
scalar,encode,url-safe,padded,768,6,21845,7301875,2191.184574
scalar,encode,url-safe,padded,768,7,21845,7314541,2187.390276
scalar,encode,url-safe,padded,768,8,21845,7309625,2188.861379
scalar,encode,url-safe,padded,768,9,21845,7322417,2185.037517
scalar,encode,url-safe,padded,768,10,21845,7368791,2171.286424
scalar,encode,url-safe,padded,768,11,21845,7302084,2191.121858
scalar,encode,url-safe,padded,768,12,21845,7292042,2194.139290
scalar,encode,url-safe,padded,768,13,21845,7301875,2191.184574
scalar,encode,url-safe,padded,768,14,21845,7301709,2191.234389
scalar,decode,url-safe,padded,768,0,21845,63056500,253.736821
scalar,decode,url-safe,padded,768,1,21845,62997791,253.973284
scalar,decode,url-safe,padded,768,2,21845,62925458,254.265227
scalar,decode,url-safe,padded,768,3,21845,62907375,254.338317
scalar,decode,url-safe,padded,768,4,21845,62913917,254.311870
scalar,decode,url-safe,padded,768,5,21845,62938958,254.210689
scalar,decode,url-safe,padded,768,6,21845,62919333,254.289979
scalar,decode,url-safe,padded,768,7,21845,62926125,254.262532
scalar,decode,url-safe,padded,768,8,21845,62913750,254.312545
scalar,decode,url-safe,padded,768,9,21845,62953166,254.153315
scalar,decode,url-safe,padded,768,10,21845,62943208,254.193524
scalar,decode,url-safe,padded,768,11,21845,63002875,253.952790
scalar,decode,url-safe,padded,768,12,21845,62985709,254.022001
scalar,decode,url-safe,padded,768,13,21845,62908208,254.334949
scalar,decode,url-safe,padded,768,14,21845,62918500,254.293346
neon,encode,url-safe,padded,768,0,21845,3002041,5329.626031
neon,encode,url-safe,padded,768,1,21845,3005750,5323.049442
neon,encode,url-safe,padded,768,2,21845,3002166,5329.404123
neon,encode,url-safe,padded,768,3,21845,3002250,5329.255012
neon,encode,url-safe,padded,768,4,21845,3002209,5329.327791
neon,encode,url-safe,padded,768,5,21845,3008167,5318.772482
neon,encode,url-safe,padded,768,6,21845,3002000,5329.698821
neon,encode,url-safe,padded,768,7,21845,3002125,5329.476907
neon,encode,url-safe,padded,768,8,21845,3008834,5317.593413
neon,encode,url-safe,padded,768,9,21845,3002000,5329.698821
neon,encode,url-safe,padded,768,10,21845,3002209,5329.327791
neon,encode,url-safe,padded,768,11,21845,3005708,5323.123823
neon,encode,url-safe,padded,768,12,21845,3002000,5329.698821
neon,encode,url-safe,padded,768,13,21845,3002167,5329.402348
neon,encode,url-safe,padded,768,14,21845,3017000,5303.200484
neon,decode,url-safe,padded,768,0,21845,29290667,546.240748
neon,decode,url-safe,padded,768,1,21845,29318333,545.725293
neon,decode,url-safe,padded,768,2,21845,29286125,546.325465
neon,decode,url-safe,padded,768,3,21845,29274334,546.545512
neon,decode,url-safe,padded,768,4,21845,29348458,545.165128
neon,decode,url-safe,padded,768,5,21845,29277625,546.484076
neon,decode,url-safe,padded,768,6,21845,29298041,546.103265
neon,decode,url-safe,padded,768,7,21845,29277917,546.478626
neon,decode,url-safe,padded,768,8,21845,29301708,546.034923
neon,decode,url-safe,padded,768,9,21845,29272375,546.582088
neon,decode,url-safe,padded,768,10,21845,29291875,546.218221
neon,decode,url-safe,padded,768,11,21845,29295917,546.142859
neon,decode,url-safe,padded,768,12,21845,29287166,546.306046
neon,decode,url-safe,padded,768,13,21845,29304583,545.981352
neon,decode,url-safe,padded,768,14,21845,29285208,546.342572
scalar,encode,url-safe,padded,1024,0,16384,6258209,2556.642004
scalar,encode,url-safe,padded,1024,1,16384,6279625,2547.922846
scalar,encode,url-safe,padded,1024,2,16384,6272291,2550.902055
scalar,encode,url-safe,padded,1024,3,16384,6258291,2556.608505
scalar,encode,url-safe,padded,1024,4,16384,6264833,2553.938788
scalar,encode,url-safe,padded,1024,5,16384,6261166,2555.434563
scalar,encode,url-safe,padded,1024,6,16384,6255000,2557.953637
scalar,encode,url-safe,padded,1024,7,16384,6309834,2535.724395
scalar,encode,url-safe,padded,1024,8,16384,6258167,2556.659162
scalar,encode,url-safe,padded,1024,9,16384,6264583,2554.040708
scalar,encode,url-safe,padded,1024,10,16384,6264958,2553.887831
scalar,encode,url-safe,padded,1024,11,16384,6278459,2548.396032
scalar,encode,url-safe,padded,1024,12,16384,6261792,2555.179093
scalar,encode,url-safe,padded,1024,13,16384,6261417,2555.332124
scalar,encode,url-safe,padded,1024,14,16384,6258375,2556.574191
scalar,decode,url-safe,padded,1024,0,16384,62884125,254.436235
scalar,decode,url-safe,padded,1024,1,16384,62863250,254.520726
scalar,decode,url-safe,padded,1024,2,16384,62883958,254.436911
scalar,decode,url-safe,padded,1024,3,16384,62902083,254.363596
scalar,decode,url-safe,padded,1024,4,16384,62823667,254.681090
scalar,decode,url-safe,padded,1024,5,16384,62840625,254.612363
scalar,decode,url-safe,padded,1024,6,16384,62895583,254.389883
scalar,decode,url-safe,padded,1024,7,16384,62845625,254.592106
scalar,decode,url-safe,padded,1024,8,16384,62892500,254.402353
scalar,decode,url-safe,padded,1024,9,16384,62895000,254.392241
scalar,decode,url-safe,padded,1024,10,16384,62840542,254.612699
scalar,decode,url-safe,padded,1024,11,16384,62879583,254.454614
scalar,decode,url-safe,padded,1024,12,16384,62890958,254.408591
scalar,decode,url-safe,padded,1024,13,16384,62840792,254.611686
scalar,decode,url-safe,padded,1024,14,16384,62867666,254.502847
neon,encode,url-safe,padded,1024,0,16384,3109917,5144.831840
neon,encode,url-safe,padded,1024,1,16384,3114042,5138.016764
neon,encode,url-safe,padded,1024,2,16384,3109875,5144.901322
neon,encode,url-safe,padded,1024,3,16384,3127083,5116.589486
neon,encode,url-safe,padded,1024,4,16384,3116458,5134.033573
neon,encode,url-safe,padded,1024,5,16384,3110125,5144.487762
neon,encode,url-safe,padded,1024,6,16384,3110042,5144.625057
neon,encode,url-safe,padded,1024,7,16384,3116500,5133.964383
neon,encode,url-safe,padded,1024,8,16384,3117250,5132.729168
neon,encode,url-safe,padded,1024,9,16384,3110083,5144.557235
neon,encode,url-safe,padded,1024,10,16384,3119584,5128.888980
neon,encode,url-safe,padded,1024,11,16384,3110125,5144.487762
neon,encode,url-safe,padded,1024,12,16384,3110167,5144.418290
neon,encode,url-safe,padded,1024,13,16384,3110125,5144.487762
neon,encode,url-safe,padded,1024,14,16384,3113000,5139.736588
neon,decode,url-safe,padded,1024,0,16384,29491875,542.522305
neon,decode,url-safe,padded,1024,1,16384,29402542,544.170637
neon,decode,url-safe,padded,1024,2,16384,29403583,544.151371
neon,decode,url-safe,padded,1024,3,16384,29430875,543.646766
neon,decode,url-safe,padded,1024,4,16384,29402167,544.177577
neon,decode,url-safe,padded,1024,5,16384,29397875,544.257025
neon,decode,url-safe,padded,1024,6,16384,29397167,544.270133
neon,decode,url-safe,padded,1024,7,16384,29361666,544.928207
neon,decode,url-safe,padded,1024,8,16384,29370292,544.768162
neon,decode,url-safe,padded,1024,9,16384,29324333,545.621958
neon,decode,url-safe,padded,1024,10,16384,29310875,545.872479
neon,decode,url-safe,padded,1024,11,16384,29317583,545.747581
neon,decode,url-safe,padded,1024,12,16384,29314417,545.806522
neon,decode,url-safe,padded,1024,13,16384,29320958,545.684762
neon,decode,url-safe,padded,1024,14,16384,29316875,545.760761
scalar,encode,url-safe,padded,4096,0,4096,5943875,2691.846649
scalar,encode,url-safe,padded,4096,1,4096,5933959,2696.344885
scalar,encode,url-safe,padded,4096,2,4096,5940292,2693.470287
scalar,encode,url-safe,padded,4096,3,4096,5940541,2693.357390
scalar,encode,url-safe,padded,4096,4,4096,5941250,2693.035977
scalar,encode,url-safe,padded,4096,5,4096,5940375,2693.432654
scalar,encode,url-safe,padded,4096,6,4096,5948792,2689.621691
scalar,encode,url-safe,padded,4096,7,4096,5936750,2695.077273
scalar,encode,url-safe,padded,4096,8,4096,5957125,2685.859370
scalar,encode,url-safe,padded,4096,9,4096,5933916,2696.364424
scalar,encode,url-safe,padded,4096,10,4096,5940500,2693.375978
scalar,encode,url-safe,padded,4096,11,4096,5942292,2692.563745
scalar,encode,url-safe,padded,4096,12,4096,5940542,2693.356936
scalar,encode,url-safe,padded,4096,13,4096,5951833,2688.247469
scalar,encode,url-safe,padded,4096,14,4096,5933750,2696.439857
scalar,decode,url-safe,padded,4096,0,4096,62490708,256.038066
scalar,decode,url-safe,padded,4096,1,4096,62479375,256.084508
scalar,decode,url-safe,padded,4096,2,4096,62491667,256.034137
scalar,decode,url-safe,padded,4096,3,4096,62469667,256.124304
scalar,decode,url-safe,padded,4096,4,4096,62474458,256.104663
scalar,decode,url-safe,padded,4096,5,4096,62478667,256.087410
scalar,decode,url-safe,padded,4096,6,4096,62492125,256.032260
scalar,decode,url-safe,padded,4096,7,4096,62532208,255.868144
scalar,decode,url-safe,padded,4096,8,4096,62590875,255.628316
scalar,decode,url-safe,padded,4096,9,4096,63214417,253.106819
scalar,decode,url-safe,padded,4096,10,4096,62609542,255.552101
scalar,decode,url-safe,padded,4096,11,4096,62595042,255.611299
scalar,decode,url-safe,padded,4096,12,4096,62500333,255.998636
scalar,decode,url-safe,padded,4096,13,4096,62487125,256.052747
scalar,decode,url-safe,padded,4096,14,4096,62494208,256.023726
neon,encode,url-safe,padded,4096,0,4096,2947666,5428.023392
neon,encode,url-safe,padded,4096,1,4096,2935500,5450.519503
neon,encode,url-safe,padded,4096,2,4096,2939375,5443.334042
neon,encode,url-safe,padded,4096,3,4096,2935500,5450.519503
neon,encode,url-safe,padded,4096,4,4096,2932542,5456.017339
neon,encode,url-safe,padded,4096,5,4096,2942375,5437.784103
neon,encode,url-safe,padded,4096,6,4096,2932208,5456.638820
neon,encode,url-safe,padded,4096,7,4096,2935500,5450.519503
neon,encode,url-safe,padded,4096,8,4096,2938916,5444.184182
neon,encode,url-safe,padded,4096,9,4096,2935792,5449.977383
neon,encode,url-safe,padded,4096,10,4096,2935375,5450.751608
neon,encode,url-safe,padded,4096,11,4096,2935625,5450.287418
neon,encode,url-safe,padded,4096,12,4096,2942250,5438.015124
neon,encode,url-safe,padded,4096,13,4096,2935583,5450.365396
neon,encode,url-safe,padded,4096,14,4096,2935625,5450.287418
neon,decode,url-safe,padded,4096,0,4096,28477959,561.838017
neon,decode,url-safe,padded,4096,1,4096,28445792,562.473353
neon,decode,url-safe,padded,4096,2,4096,28454583,562.299578
neon,decode,url-safe,padded,4096,3,4096,28451500,562.360508
neon,decode,url-safe,padded,4096,4,4096,28501833,561.367404
neon,decode,url-safe,padded,4096,5,4096,28431291,562.760235
neon,decode,url-safe,padded,4096,6,4096,28458750,562.217244
neon,decode,url-safe,padded,4096,7,4096,28422167,562.940890
neon,decode,url-safe,padded,4096,8,4096,28498708,561.428960
neon,decode,url-safe,padded,4096,9,4096,28462542,562.142341
neon,decode,url-safe,padded,4096,10,4096,28445500,562.479127
neon,decode,url-safe,padded,4096,11,4096,28442917,562.530207
neon,decode,url-safe,padded,4096,12,4096,28454584,562.299558
neon,decode,url-safe,padded,4096,13,4096,28422500,562.934295
neon,decode,url-safe,padded,4096,14,4096,28452666,562.337463
scalar,encode,url-safe,padded,65536,0,256,5884625,2718.949806
scalar,encode,url-safe,padded,65536,1,256,5851916,2734.147243
scalar,encode,url-safe,padded,65536,2,256,5836583,2741.329987
scalar,encode,url-safe,padded,65536,3,256,5867334,2726.962535
scalar,encode,url-safe,padded,65536,4,256,5881625,2720.336642
scalar,encode,url-safe,padded,65536,5,256,5840167,2739.647685
scalar,encode,url-safe,padded,65536,6,256,5833666,2742.700731
scalar,encode,url-safe,padded,65536,7,256,5840125,2739.667387
scalar,encode,url-safe,padded,65536,8,256,5840084,2739.686621
scalar,encode,url-safe,padded,65536,9,256,5833500,2742.778778
scalar,encode,url-safe,padded,65536,10,256,5849208,2735.413068
scalar,encode,url-safe,padded,65536,11,256,5832250,2743.366625
scalar,encode,url-safe,padded,65536,12,256,5832833,2743.092422
scalar,encode,url-safe,padded,65536,13,256,5832625,2743.190245
scalar,encode,url-safe,padded,65536,14,256,5833917,2742.582728
scalar,decode,url-safe,padded,65536,0,256,62571208,255.708664
scalar,decode,url-safe,padded,65536,1,256,62448833,256.209752
scalar,decode,url-safe,padded,65536,2,256,62467000,256.135239
scalar,decode,url-safe,padded,65536,3,256,62484833,256.062139
scalar,decode,url-safe,padded,65536,4,256,62366458,256.548159
scalar,decode,url-safe,padded,65536,5,256,62676042,255.280957
scalar,decode,url-safe,padded,65536,6,256,62567500,255.723818
scalar,decode,url-safe,padded,65536,7,256,62400834,256.406829
scalar,decode,url-safe,padded,65536,8,256,62456042,256.180179
scalar,decode,url-safe,padded,65536,9,256,62386958,256.463859
scalar,decode,url-safe,padded,65536,10,256,62371875,256.525878
scalar,decode,url-safe,padded,65536,11,256,62352375,256.606104
scalar,decode,url-safe,padded,65536,12,256,62403083,256.397589
scalar,decode,url-safe,padded,65536,13,256,62412750,256.357876
scalar,decode,url-safe,padded,65536,14,256,62428500,256.293199
neon,encode,url-safe,padded,65536,0,256,2864750,5585.129592
neon,encode,url-safe,padded,65536,1,256,2864917,5584.804027
neon,encode,url-safe,padded,65536,2,256,2868083,5578.639112
neon,encode,url-safe,padded,65536,3,256,2864459,5585.696985
neon,encode,url-safe,padded,65536,4,256,2864750,5585.129592
neon,encode,url-safe,padded,65536,5,256,2861541,5591.392889
neon,encode,url-safe,padded,65536,6,256,2872959,5569.171018
neon,encode,url-safe,padded,65536,7,256,2864291,5586.024604
neon,encode,url-safe,padded,65536,8,256,2864667,5585.291414
neon,encode,url-safe,padded,65536,9,256,2868542,5577.746465
neon,encode,url-safe,padded,65536,10,256,2864625,5585.373304
neon,encode,url-safe,padded,65536,11,256,2864708,5585.211477
neon,encode,url-safe,padded,65536,12,256,2864750,5585.129592
neon,encode,url-safe,padded,65536,13,256,2871458,5572.082197
neon,encode,url-safe,padded,65536,14,256,2861542,5591.390935
neon,decode,url-safe,padded,65536,0,256,28308917,565.192939
neon,decode,url-safe,padded,65536,1,256,28291583,565.539228
neon,decode,url-safe,padded,65536,2,256,28401083,563.358799
neon,decode,url-safe,padded,65536,3,256,28320500,564.961777
neon,decode,url-safe,padded,65536,4,256,28453375,562.323450
neon,decode,url-safe,padded,65536,5,256,28482750,561.743511
neon,decode,url-safe,padded,65536,6,256,28453500,562.320980
neon,decode,url-safe,padded,65536,7,256,28461333,562.166220
neon,decode,url-safe,padded,65536,8,256,28441208,562.564009
neon,decode,url-safe,padded,65536,9,256,28411166,563.158865
neon,decode,url-safe,padded,65536,10,256,28377875,563.819525
neon,decode,url-safe,padded,65536,11,256,28392167,563.535710
neon,decode,url-safe,padded,65536,12,256,28332292,564.726638
neon,decode,url-safe,padded,65536,13,256,28388250,563.613467
neon,decode,url-safe,padded,65536,14,256,28413250,563.117560
scalar,encode,url-safe,unpadded,12,0,1398101,36765541,435.190011
scalar,encode,url-safe,unpadded,12,1,1398101,36753666,435.330619
scalar,encode,url-safe,unpadded,12,2,1398101,36756625,435.295574
scalar,encode,url-safe,unpadded,12,3,1398101,36741708,435.472303
scalar,encode,url-safe,unpadded,12,4,1398101,36766875,435.174221
scalar,encode,url-safe,unpadded,12,5,1398101,36750875,435.363680
scalar,encode,url-safe,unpadded,12,6,1398101,36737417,435.523167
scalar,encode,url-safe,unpadded,12,7,1398101,36757791,435.281766
scalar,encode,url-safe,unpadded,12,8,1398101,36735334,435.547862
scalar,encode,url-safe,unpadded,12,9,1398101,36757208,435.288670
scalar,encode,url-safe,unpadded,12,10,1398101,36757875,435.280771
scalar,encode,url-safe,unpadded,12,11,1398101,36762375,435.227490
scalar,encode,url-safe,unpadded,12,12,1398101,36733542,435.569110
scalar,encode,url-safe,unpadded,12,13,1398101,36772792,435.104198
scalar,encode,url-safe,unpadded,12,14,1398101,36745875,435.422920
scalar,decode,url-safe,unpadded,12,0,1398101,69461459,230.343509
scalar,decode,url-safe,unpadded,12,1,1398101,69489042,230.252076
scalar,decode,url-safe,unpadded,12,2,1398101,69489333,230.251112
scalar,decode,url-safe,unpadded,12,3,1398101,69491667,230.243378
scalar,decode,url-safe,unpadded,12,4,1398101,69446542,230.392986
scalar,decode,url-safe,unpadded,12,5,1398101,69448250,230.387320
scalar,decode,url-safe,unpadded,12,6,1398101,69495292,230.231369
scalar,decode,url-safe,unpadded,12,7,1398101,69482875,230.272512
scalar,decode,url-safe,unpadded,12,8,1398101,69452250,230.374051
scalar,decode,url-safe,unpadded,12,9,1398101,69438416,230.419948
scalar,decode,url-safe,unpadded,12,10,1398101,69447958,230.388289
scalar,decode,url-safe,unpadded,12,11,1398101,69478625,230.286598
scalar,decode,url-safe,unpadded,12,12,1398101,69537667,230.091070
scalar,decode,url-safe,unpadded,12,13,1398101,69452500,230.373222
scalar,decode,url-safe,unpadded,12,14,1398101,69450959,230.378333
neon,encode,url-safe,unpadded,12,0,1398101,15374875,1040.658619
neon,encode,url-safe,unpadded,12,1,1398101,15369084,1041.050734
neon,encode,url-safe,unpadded,12,2,1398101,15383250,1040.092060
neon,encode,url-safe,unpadded,12,3,1398101,15398750,1039.045129
neon,encode,url-safe,unpadded,12,4,1398101,15380959,1040.246982
neon,encode,url-safe,unpadded,12,5,1398101,15387334,1039.816006
neon,encode,url-safe,unpadded,12,6,1398101,15372500,1040.819397
neon,encode,url-safe,unpadded,12,7,1398101,15396875,1039.171662
neon,encode,url-safe,unpadded,12,8,1398101,15371708,1040.873024
neon,encode,url-safe,unpadded,12,9,1398101,15388708,1039.723165
neon,encode,url-safe,unpadded,12,10,1398101,15369083,1041.050802
neon,encode,url-safe,unpadded,12,11,1398101,15399459,1038.997291
neon,encode,url-safe,unpadded,12,12,1398101,15428833,1037.019208
neon,encode,url-safe,unpadded,12,13,1398101,15396083,1039.225119
neon,encode,url-safe,unpadded,12,14,1398101,15376083,1040.576861
neon,decode,url-safe,unpadded,12,0,1398101,39394750,406.145392
neon,decode,url-safe,unpadded,12,1,1398101,39270500,407.430417
neon,decode,url-safe,unpadded,12,2,1398101,39391875,406.175034
neon,decode,url-safe,unpadded,12,3,1398101,39690208,403.122004
neon,decode,url-safe,unpadded,12,4,1398101,39699292,403.029761
neon,decode,url-safe,unpadded,12,5,1398101,39284333,407.286950
neon,decode,url-safe,unpadded,12,6,1398101,39542083,404.632103
neon,decode,url-safe,unpadded,12,7,1398101,39464833,405.424145
neon,decode,url-safe,unpadded,12,8,1398101,39213125,408.026552
neon,decode,url-safe,unpadded,12,9,1398101,39585042,404.192982
neon,decode,url-safe,unpadded,12,10,1398101,39442666,405.651996
neon,decode,url-safe,unpadded,12,11,1398101,39239166,407.755766
neon,decode,url-safe,unpadded,12,12,1398101,39210875,408.049965
neon,decode,url-safe,unpadded,12,13,1398101,39264708,407.490518
neon,decode,url-safe,unpadded,12,14,1398101,39651250,403.518078
scalar,encode,url-safe,unpadded,24,0,699050,32437000,493.263395
scalar,encode,url-safe,unpadded,24,1,699050,32453000,493.020206
scalar,encode,url-safe,unpadded,24,2,699050,32419084,493.535991
scalar,encode,url-safe,unpadded,24,3,699050,32356000,494.498230
scalar,encode,url-safe,unpadded,24,4,699050,32380625,494.122172
scalar,encode,url-safe,unpadded,24,5,699050,32358000,494.467666
scalar,encode,url-safe,unpadded,24,6,699050,32381334,494.111353
scalar,encode,url-safe,unpadded,24,7,699050,32353916,494.530082
scalar,encode,url-safe,unpadded,24,8,699050,32361083,494.420559
scalar,encode,url-safe,unpadded,24,9,699050,32368042,494.314260
scalar,encode,url-safe,unpadded,24,10,699050,32410083,493.673057
scalar,encode,url-safe,unpadded,24,11,699050,32366750,494.333992
scalar,encode,url-safe,unpadded,24,12,699050,32374292,494.218831
scalar,encode,url-safe,unpadded,24,13,699050,32371291,494.264648
scalar,encode,url-safe,unpadded,24,14,699050,32455750,492.978432
scalar,decode,url-safe,unpadded,24,0,699050,68077667,235.025456
scalar,decode,url-safe,unpadded,24,1,699050,67995875,235.308167
scalar,decode,url-safe,unpadded,24,2,699050,68027125,235.200073
scalar,decode,url-safe,unpadded,24,3,699050,68018917,235.228455
scalar,decode,url-safe,unpadded,24,4,699050,68027500,235.198776
scalar,decode,url-safe,unpadded,24,5,699050,68082292,235.009490
scalar,decode,url-safe,unpadded,24,6,699050,68041125,235.151678
scalar,decode,url-safe,unpadded,24,7,699050,67937792,235.509343
scalar,decode,url-safe,unpadded,24,8,699050,67993417,235.316674
scalar,decode,url-safe,unpadded,24,9,699050,67978667,235.367733
scalar,decode,url-safe,unpadded,24,10,699050,67973750,235.384759
scalar,decode,url-safe,unpadded,24,11,699050,67938166,235.508046
scalar,decode,url-safe,unpadded,24,12,699050,68001000,235.290433
scalar,decode,url-safe,unpadded,24,13,699050,67930708,235.533902
scalar,decode,url-safe,unpadded,24,14,699050,67920167,235.570456
neon,encode,url-safe,unpadded,24,0,699050,8984958,1780.752313
neon,encode,url-safe,unpadded,24,1,699050,8987834,1780.182493
neon,encode,url-safe,unpadded,24,2,699050,8988000,1780.149615
neon,encode,url-safe,unpadded,24,3,699050,8984417,1780.859542
neon,encode,url-safe,unpadded,24,4,699050,8981041,1781.528972
neon,encode,url-safe,unpadded,24,5,699050,9023166,1773.211835
neon,encode,url-safe,unpadded,24,6,699050,8988542,1780.042274
neon,encode,url-safe,unpadded,24,7,699050,9001667,1777.446860
neon,encode,url-safe,unpadded,24,8,699050,8988250,1780.100102
neon,encode,url-safe,unpadded,24,9,699050,8984958,1780.752313
neon,encode,url-safe,unpadded,24,10,699050,8987958,1780.157934
neon,encode,url-safe,unpadded,24,11,699050,8988041,1780.141495
neon,encode,url-safe,unpadded,24,12,699050,8987916,1780.166252
neon,encode,url-safe,unpadded,24,13,699050,8999458,1777.883150
neon,encode,url-safe,unpadded,24,14,699050,9009209,1775.958882
neon,decode,url-safe,unpadded,24,0,699050,28598666,559.466121
neon,decode,url-safe,unpadded,24,1,699050,28618250,559.083268
neon,decode,url-safe,unpadded,24,2,699050,28598375,559.471814
neon,decode,url-safe,unpadded,24,3,699050,28636542,558.726146
neon,decode,url-safe,unpadded,24,4,699050,28599792,559.444095
neon,decode,url-safe,unpadded,24,5,699050,28594042,559.556594
neon,decode,url-safe,unpadded,24,6,699050,28619958,559.049903
neon,decode,url-safe,unpadded,24,7,699050,28595916,559.519924
neon,decode,url-safe,unpadded,24,8,699050,28612625,559.193179
neon,decode,url-safe,unpadded,24,9,699050,28610334,559.237957
neon,decode,url-safe,unpadded,24,10,699050,28630792,558.838356
neon,decode,url-safe,unpadded,24,11,699050,28594667,559.544363
neon,decode,url-safe,unpadded,24,12,699050,28639875,558.661123
neon,decode,url-safe,unpadded,24,13,699050,28600125,559.437581
neon,decode,url-safe,unpadded,24,14,699050,28611541,559.214365
scalar,encode,url-safe,unpadded,48,0,349525,30178708,530.174610
scalar,encode,url-safe,unpadded,48,1,349525,30148667,530.702891
scalar,encode,url-safe,unpadded,48,2,349525,30173584,530.264643
scalar,encode,url-safe,unpadded,48,3,349525,30146625,530.738839
scalar,encode,url-safe,unpadded,48,4,349525,30208792,529.646625
scalar,encode,url-safe,unpadded,48,5,349525,30190208,529.972657
scalar,encode,url-safe,unpadded,48,6,349525,30182333,530.110934
scalar,encode,url-safe,unpadded,48,7,349525,30166917,530.381833
scalar,encode,url-safe,unpadded,48,8,349525,30206292,529.690461
scalar,encode,url-safe,unpadded,48,9,349525,30215458,529.529777
scalar,encode,url-safe,unpadded,48,10,349525,30170500,530.318846
scalar,encode,url-safe,unpadded,48,11,349525,30199125,529.816170
scalar,encode,url-safe,unpadded,48,12,349525,30149583,530.686767
scalar,encode,url-safe,unpadded,48,13,349525,30163708,530.438258
scalar,encode,url-safe,unpadded,48,14,349525,30142125,530.818074
scalar,decode,url-safe,unpadded,48,0,349525,67182167,238.158212
scalar,decode,url-safe,unpadded,48,1,349525,67161750,238.230611
scalar,decode,url-safe,unpadded,48,2,349525,67161042,238.233122
scalar,decode,url-safe,unpadded,48,3,349525,67190000,238.130447
scalar,decode,url-safe,unpadded,48,4,349525,67148916,238.276143
scalar,decode,url-safe,unpadded,48,5,349525,67158584,238.241842
scalar,decode,url-safe,unpadded,48,6,349525,67172042,238.194110
scalar,decode,url-safe,unpadded,48,7,349525,67151750,238.266087
scalar,decode,url-safe,unpadded,48,8,349525,67157417,238.245982
scalar,decode,url-safe,unpadded,48,9,349525,67161416,238.231796
scalar,decode,url-safe,unpadded,48,10,349525,67185334,238.146985
scalar,decode,url-safe,unpadded,48,11,349525,67198334,238.100914
scalar,decode,url-safe,unpadded,48,12,349525,67206167,238.073163
scalar,decode,url-safe,unpadded,48,13,349525,67150833,238.269341
scalar,decode,url-safe,unpadded,48,14,349525,67168667,238.206078
neon,encode,url-safe,unpadded,48,0,349525,5896875,2713.298949
neon,encode,url-safe,unpadded,48,1,349525,5906417,2708.915531
neon,encode,url-safe,unpadded,48,2,349525,5894333,2714.469091
neon,encode,url-safe,unpadded,48,3,349525,5911000,2706.815216
neon,encode,url-safe,unpadded,48,4,349525,5896000,2713.701618
neon,encode,url-safe,unpadded,48,5,349525,5920541,2702.453161
neon,encode,url-safe,unpadded,48,6,349525,5896084,2713.662957
neon,encode,url-safe,unpadded,48,7,349525,5888875,2716.984949
neon,encode,url-safe,unpadded,48,8,349525,5896291,2713.567689
neon,encode,url-safe,unpadded,48,9,349525,5896042,2713.682287
neon,encode,url-safe,unpadded,48,10,349525,5888875,2716.984949
neon,encode,url-safe,unpadded,48,11,349525,5896167,2713.624757
neon,encode,url-safe,unpadded,48,12,349525,5888834,2717.003865
neon,encode,url-safe,unpadded,48,13,349525,5896000,2713.701618
neon,encode,url-safe,unpadded,48,14,349525,5896167,2713.624757
neon,decode,url-safe,unpadded,48,0,349525,24989625,640.265100
neon,decode,url-safe,unpadded,48,1,349525,24965083,640.894514
neon,decode,url-safe,unpadded,48,2,349525,25023750,639.391967
neon,decode,url-safe,unpadded,48,3,349525,24957959,641.077451
neon,decode,url-safe,unpadded,48,4,349525,25049541,638.733649
neon,decode,url-safe,unpadded,48,5,349525,25014500,639.628405
neon,decode,url-safe,unpadded,48,6,349525,25037167,639.049328
neon,decode,url-safe,unpadded,48,7,349525,25511459,627.168550
neon,decode,url-safe,unpadded,48,8,349525,25053375,638.635902
neon,decode,url-safe,unpadded,48,9,349525,25029209,639.252513
neon,decode,url-safe,unpadded,48,10,349525,24992083,640.202129
neon,decode,url-safe,unpadded,48,11,349525,25039000,639.002546
neon,decode,url-safe,unpadded,48,12,349525,25043709,638.882393
neon,decode,url-safe,unpadded,48,13,349525,24991000,640.229872
neon,decode,url-safe,unpadded,48,14,349525,24998125,640.047393
scalar,encode,url-safe,unpadded,64,0,262144,13197834,1212.320143
scalar,encode,url-safe,unpadded,64,1,262144,13217875,1210.482018
scalar,encode,url-safe,unpadded,64,2,262144,13543875,1181.345811
scalar,encode,url-safe,unpadded,64,3,262144,13922042,1149.256697
scalar,encode,url-safe,unpadded,64,4,262144,13352541,1198.273797
scalar,encode,url-safe,unpadded,64,5,262144,13237500,1208.687441
scalar,encode,url-safe,unpadded,64,6,262144,13260750,1206.568256
scalar,encode,url-safe,unpadded,64,7,262144,13371375,1196.585991
scalar,encode,url-safe,unpadded,64,8,262144,13188833,1213.147517
scalar,encode,url-safe,unpadded,64,9,262144,13197625,1212.339341
scalar,encode,url-safe,unpadded,64,10,262144,13253958,1207.186563
scalar,encode,url-safe,unpadded,64,11,262144,13200542,1212.071444
scalar,encode,url-safe,unpadded,64,12,262144,13182750,1213.707307
scalar,encode,url-safe,unpadded,64,13,262144,13302791,1202.755121
scalar,encode,url-safe,unpadded,64,14,262144,13185917,1213.415798
scalar,decode,url-safe,unpadded,64,0,262144,67442375,237.239569
scalar,decode,url-safe,unpadded,64,1,262144,67466000,237.156494
scalar,decode,url-safe,unpadded,64,2,262144,67553500,236.849312
scalar,decode,url-safe,unpadded,64,3,262144,67446708,237.224328
scalar,decode,url-safe,unpadded,64,4,262144,67330792,237.632731
scalar,decode,url-safe,unpadded,64,5,262144,67350667,237.562606
scalar,decode,url-safe,unpadded,64,6,262144,67327625,237.643909
scalar,decode,url-safe,unpadded,64,7,262144,67312167,237.698483
scalar,decode,url-safe,unpadded,64,8,262144,67350833,237.562021
scalar,decode,url-safe,unpadded,64,9,262144,67286666,237.788569
scalar,decode,url-safe,unpadded,64,10,262144,67289834,237.777374
scalar,decode,url-safe,unpadded,64,11,262144,67287541,237.785477
scalar,decode,url-safe,unpadded,64,12,262144,67281042,237.808445
scalar,decode,url-safe,unpadded,64,13,262144,67289542,237.778405
scalar,decode,url-safe,unpadded,64,14,262144,67353875,237.551292
neon,encode,url-safe,unpadded,64,0,262144,7299875,2191.818353
neon,encode,url-safe,unpadded,64,1,262144,7273083,2199.892398
neon,encode,url-safe,unpadded,64,2,262144,7287834,2195.439688
neon,encode,url-safe,unpadded,64,3,262144,7280959,2197.512718
neon,encode,url-safe,unpadded,64,4,262144,7335458,2181.186233
neon,encode,url-safe,unpadded,64,5,262144,7303333,2190.780566
neon,encode,url-safe,unpadded,64,6,262144,7287875,2195.427337
neon,encode,url-safe,unpadded,64,7,262144,7274083,2199.589969
neon,encode,url-safe,unpadded,64,8,262144,7273833,2199.665568
neon,encode,url-safe,unpadded,64,9,262144,7282333,2197.098100
neon,encode,url-safe,unpadded,64,10,262144,7290750,2194.561602
neon,encode,url-safe,unpadded,64,11,262144,7299083,2192.056180
neon,encode,url-safe,unpadded,64,12,262144,7296833,2192.732107
neon,encode,url-safe,unpadded,64,13,262144,7318875,2186.128333
neon,encode,url-safe,unpadded,64,14,262144,7277125,2198.670491
neon,decode,url-safe,unpadded,64,0,262144,28227833,566.816447
neon,decode,url-safe,unpadded,64,1,262144,28219333,566.987179
neon,decode,url-safe,unpadded,64,2,262144,28204291,567.289566
neon,decode,url-safe,unpadded,64,3,262144,28173875,567.902001
neon,decode,url-safe,unpadded,64,4,262144,28186333,567.650996
neon,decode,url-safe,unpadded,64,5,262144,28179500,567.788641
neon,decode,url-safe,unpadded,64,6,262144,28193625,567.504179
neon,decode,url-safe,unpadded,64,7,262144,28187167,567.634200
neon,decode,url-safe,unpadded,64,8,262144,28193875,567.499147
neon,decode,url-safe,unpadded,64,9,262144,28164875,568.083473
neon,decode,url-safe,unpadded,64,10,262144,28193542,567.505849
neon,decode,url-safe,unpadded,64,11,262144,28192500,567.526825
neon,decode,url-safe,unpadded,64,12,262144,28191375,567.549472
neon,decode,url-safe,unpadded,64,13,262144,28201084,567.354078
neon,decode,url-safe,unpadded,64,14,262144,28169792,567.984315
scalar,encode,url-safe,unpadded,96,0,174762,18037166,887.053929
scalar,encode,url-safe,unpadded,96,1,174762,18043125,886.760967
scalar,encode,url-safe,unpadded,96,2,174762,18027833,887.513156
scalar,encode,url-safe,unpadded,96,3,174762,18024417,887.681358
scalar,encode,url-safe,unpadded,96,4,174762,18040333,886.898206
scalar,encode,url-safe,unpadded,96,5,174762,18021292,887.835288
scalar,encode,url-safe,unpadded,96,6,174762,18025000,887.652647
scalar,encode,url-safe,unpadded,96,7,174762,18040167,886.906366
scalar,encode,url-safe,unpadded,96,8,174762,18043166,886.758952
scalar,encode,url-safe,unpadded,96,9,174762,18028083,887.500849
scalar,encode,url-safe,unpadded,96,10,174762,18021333,887.833268
scalar,encode,url-safe,unpadded,96,11,174762,18072208,885.333932
scalar,encode,url-safe,unpadded,96,12,174762,18028125,887.498781
scalar,encode,url-safe,unpadded,96,13,174762,18024708,887.667027
scalar,encode,url-safe,unpadded,96,14,174762,18028250,887.492628
scalar,decode,url-safe,unpadded,96,0,174762,68246833,234.442219
scalar,decode,url-safe,unpadded,96,1,174762,68353792,234.075367
scalar,decode,url-safe,unpadded,96,2,174762,68304334,234.244857
scalar,decode,url-safe,unpadded,96,3,174762,68183791,234.658982
scalar,decode,url-safe,unpadded,96,4,174762,68262583,234.388127
scalar,decode,url-safe,unpadded,96,5,174762,68171417,234.701575
scalar,decode,url-safe,unpadded,96,6,174762,68148708,234.779784
scalar,decode,url-safe,unpadded,96,7,174762,68170250,234.705593
scalar,decode,url-safe,unpadded,96,8,174762,68177959,234.679055
scalar,decode,url-safe,unpadded,96,9,174762,68160084,234.740599
scalar,decode,url-safe,unpadded,96,10,174762,68179583,234.673465
scalar,decode,url-safe,unpadded,96,11,174762,68150000,234.775333
scalar,decode,url-safe,unpadded,96,12,174762,68133500,234.832189
scalar,decode,url-safe,unpadded,96,13,174762,68163583,234.728549
scalar,decode,url-safe,unpadded,96,14,174762,68154042,234.761410
neon,encode,url-safe,unpadded,96,0,174762,4296167,3724.235805
neon,encode,url-safe,unpadded,96,1,174762,4292917,3727.055278
neon,encode,url-safe,unpadded,96,2,174762,4292875,3727.091743
neon,encode,url-safe,unpadded,96,3,174762,4299791,3721.096901
neon,encode,url-safe,unpadded,96,4,174762,4313334,3709.413406
neon,encode,url-safe,unpadded,96,5,174762,4299459,3721.384240
neon,encode,url-safe,unpadded,96,6,174762,4292958,3727.019683
neon,encode,url-safe,unpadded,96,7,174762,4296125,3724.272214
neon,encode,url-safe,unpadded,96,8,174762,4292875,3727.091743
neon,encode,url-safe,unpadded,96,9,174762,4292959,3727.018815
neon,encode,url-safe,unpadded,96,10,174762,4299333,3721.493303
neon,encode,url-safe,unpadded,96,11,174762,4292959,3727.018815
neon,encode,url-safe,unpadded,96,12,174762,4299375,3721.456948
neon,encode,url-safe,unpadded,96,13,174762,4292917,3727.055278
neon,encode,url-safe,unpadded,96,14,174762,4299583,3721.276916
neon,decode,url-safe,unpadded,96,0,174762,24135541,662.920254
neon,decode,url-safe,unpadded,96,1,174762,24212333,660.817731
neon,decode,url-safe,unpadded,96,2,174762,24112625,663.550276
neon,decode,url-safe,unpadded,96,3,174762,24051959,665.223941
neon,decode,url-safe,unpadded,96,4,174762,24064208,664.885334
neon,decode,url-safe,unpadded,96,5,174762,24025583,665.954244
neon,decode,url-safe,unpadded,96,6,174762,24050792,665.256220
neon,decode,url-safe,unpadded,96,7,174762,24046834,665.365718
neon,decode,url-safe,unpadded,96,8,174762,24065792,664.841571
neon,decode,url-safe,unpadded,96,9,174762,24062875,664.922166
neon,decode,url-safe,unpadded,96,10,174762,24035125,665.689859
neon,decode,url-safe,unpadded,96,11,174762,24047791,665.339239
neon,decode,url-safe,unpadded,96,12,174762,24024917,665.972705
neon,decode,url-safe,unpadded,96,13,174762,24025375,665.960010
neon,decode,url-safe,unpadded,96,14,174762,24051666,665.232045
scalar,encode,url-safe,unpadded,192,0,87381,11868333,1348.120158
scalar,encode,url-safe,unpadded,192,1,87381,11857083,1349.399255
scalar,encode,url-safe,unpadded,192,2,87381,11860334,1349.029375
scalar,encode,url-safe,unpadded,192,3,87381,11856958,1349.413481
scalar,encode,url-safe,unpadded,192,4,87381,11870875,1347.831475
scalar,encode,url-safe,unpadded,192,5,87381,11867875,1348.172185
scalar,encode,url-safe,unpadded,192,6,87381,11856875,1349.422927
scalar,encode,url-safe,unpadded,192,7,87381,11869167,1348.025431
scalar,encode,url-safe,unpadded,192,8,87381,11863750,1348.640941
scalar,encode,url-safe,unpadded,192,9,87381,11856708,1349.441933
scalar,encode,url-safe,unpadded,192,10,87381,11867875,1348.172185
scalar,encode,url-safe,unpadded,192,11,87381,11856792,1349.432373
scalar,encode,url-safe,unpadded,192,12,87381,11877542,1347.074922
scalar,encode,url-safe,unpadded,192,13,87381,11864042,1348.607748
scalar,encode,url-safe,unpadded,192,14,87381,11865500,1348.442035
scalar,decode,url-safe,unpadded,192,0,87381,64454792,248.235057
scalar,decode,url-safe,unpadded,192,1,87381,64404792,248.427772
scalar,decode,url-safe,unpadded,192,2,87381,64424792,248.350650
scalar,decode,url-safe,unpadded,192,3,87381,64475667,248.154687
scalar,decode,url-safe,unpadded,192,4,87381,64622375,247.591317
scalar,decode,url-safe,unpadded,192,5,87381,64601500,247.671323
scalar,decode,url-safe,unpadded,192,6,87381,64517334,247.994422
scalar,decode,url-safe,unpadded,192,7,87381,64458250,248.221740
scalar,decode,url-safe,unpadded,192,8,87381,64504333,248.044406
scalar,decode,url-safe,unpadded,192,9,87381,64527750,247.954391
scalar,decode,url-safe,unpadded,192,10,87381,64571250,247.787351
scalar,decode,url-safe,unpadded,192,11,87381,64445625,248.270367
scalar,decode,url-safe,unpadded,192,12,87381,64458250,248.221740
scalar,decode,url-safe,unpadded,192,13,87381,64544041,247.891807
scalar,decode,url-safe,unpadded,192,14,87381,64597417,247.686977
neon,encode,url-safe,unpadded,192,0,87381,3509084,4559.577076
neon,encode,url-safe,unpadded,192,1,87381,3518667,4547.159184
neon,encode,url-safe,unpadded,192,2,87381,3495000,4577.951063
neon,encode,url-safe,unpadded,192,3,87381,3501625,4569.289677
neon,encode,url-safe,unpadded,192,4,87381,3494916,4578.061094
neon,encode,url-safe,unpadded,192,5,87381,3505916,4563.697181
neon,encode,url-safe,unpadded,192,6,87381,3520667,4544.576060
neon,encode,url-safe,unpadded,192,7,87381,3494959,4578.004768
neon,encode,url-safe,unpadded,192,8,87381,3494958,4578.006078
neon,encode,url-safe,unpadded,192,9,87381,3501500,4569.452796
neon,encode,url-safe,unpadded,192,10,87381,3491750,4582.212061
neon,encode,url-safe,unpadded,192,11,87381,3507250,4561.961356
neon,encode,url-safe,unpadded,192,12,87381,3507708,4561.365702
neon,encode,url-safe,unpadded,192,13,87381,3494958,4578.006078
neon,encode,url-safe,unpadded,192,14,87381,3494834,4578.168510
neon,decode,url-safe,unpadded,192,0,87381,22938292,697.520939
neon,decode,url-safe,unpadded,192,1,87381,22923459,697.972281
neon,decode,url-safe,unpadded,192,2,87381,22922709,697.995118
neon,decode,url-safe,unpadded,192,3,87381,23013583,695.238936
neon,decode,url-safe,unpadded,192,4,87381,22867791,699.671383
neon,decode,url-safe,unpadded,192,5,87381,22830167,700.824438
neon,decode,url-safe,unpadded,192,6,87381,22895875,698.813169
neon,decode,url-safe,unpadded,192,7,87381,22844167,700.394940
neon,decode,url-safe,unpadded,192,8,87381,22831875,700.772011
neon,decode,url-safe,unpadded,192,9,87381,22850917,700.188048
neon,decode,url-safe,unpadded,192,10,87381,23657000,676.330007
neon,decode,url-safe,unpadded,192,11,87381,23233000,688.672964
neon,decode,url-safe,unpadded,192,12,87381,22953500,697.058791
neon,decode,url-safe,unpadded,192,13,87381,22937667,697.539944
neon,decode,url-safe,unpadded,192,14,87381,22977959,696.316804
scalar,encode,url-safe,unpadded,384,0,43690,8781083,1822.070906
scalar,encode,url-safe,unpadded,384,1,43690,8779208,1822.460051
scalar,encode,url-safe,unpadded,384,2,43690,8782958,1821.681928
scalar,encode,url-safe,unpadded,384,3,43690,8787667,1820.705753
scalar,encode,url-safe,unpadded,384,4,43690,8780792,1822.131291
scalar,encode,url-safe,unpadded,384,5,43690,8784000,1821.465831
scalar,encode,url-safe,unpadded,384,6,43690,8875833,1802.620200
scalar,encode,url-safe,unpadded,384,7,43690,8803542,1817.422562
scalar,encode,url-safe,unpadded,384,8,43690,8777417,1822.831917
scalar,encode,url-safe,unpadded,384,9,43690,8784084,1821.448413
scalar,encode,url-safe,unpadded,384,10,43690,8790250,1820.170741
scalar,encode,url-safe,unpadded,384,11,43690,8849375,1808.009702
scalar,encode,url-safe,unpadded,384,12,43690,8784208,1821.422701
scalar,encode,url-safe,unpadded,384,13,43690,8784333,1821.396782
scalar,encode,url-safe,unpadded,384,14,43690,8812459,1815.583580
scalar,decode,url-safe,unpadded,384,0,43690,63647958,251.378934
scalar,decode,url-safe,unpadded,384,1,43690,63628416,251.456140
scalar,decode,url-safe,unpadded,384,2,43690,63567542,251.696941
scalar,decode,url-safe,unpadded,384,3,43690,63569083,251.690839
scalar,decode,url-safe,unpadded,384,4,43690,63508958,251.929119
scalar,decode,url-safe,unpadded,384,5,43690,63528583,251.851294
scalar,decode,url-safe,unpadded,384,6,43690,63514541,251.906974
scalar,decode,url-safe,unpadded,384,7,43690,63520541,251.883180
scalar,decode,url-safe,unpadded,384,8,43690,63505583,251.942508
scalar,decode,url-safe,unpadded,384,9,43690,63608625,251.534377
scalar,decode,url-safe,unpadded,384,10,43690,63573250,251.674342
scalar,decode,url-safe,unpadded,384,11,43690,63565875,251.703542
scalar,decode,url-safe,unpadded,384,12,43690,63542792,251.794977
scalar,decode,url-safe,unpadded,384,13,43690,63521333,251.880039
scalar,decode,url-safe,unpadded,384,14,43690,63522375,251.875908
neon,encode,url-safe,unpadded,384,0,43690,3148833,5081.170027
neon,encode,url-safe,unpadded,384,1,43690,3149209,5080.563360
neon,encode,url-safe,unpadded,384,2,43690,3151917,5076.198345
neon,encode,url-safe,unpadded,384,3,43690,3145833,5086.015647
neon,encode,url-safe,unpadded,384,4,43690,3165541,5054.351171
neon,encode,url-safe,unpadded,384,5,43690,3155959,5069.696995
neon,encode,url-safe,unpadded,384,6,43690,3149000,5080.900559
neon,encode,url-safe,unpadded,384,7,43690,3149166,5080.632732
neon,encode,url-safe,unpadded,384,8,43690,3152125,5075.863381
neon,encode,url-safe,unpadded,384,9,43690,3149208,5080.564974
neon,encode,url-safe,unpadded,384,10,43690,3149000,5080.900559
neon,encode,url-safe,unpadded,384,11,43690,3152375,5075.460838
neon,encode,url-safe,unpadded,384,12,43690,3149167,5080.631119
neon,encode,url-safe,unpadded,384,13,43690,3149125,5080.698880
neon,encode,url-safe,unpadded,384,14,43690,3152667,5074.990749
neon,decode,url-safe,unpadded,384,0,43690,21892000,730.849436
neon,decode,url-safe,unpadded,384,1,43690,21911167,730.210119
neon,decode,url-safe,unpadded,384,2,43690,21907500,730.332346
neon,decode,url-safe,unpadded,384,3,43690,21888500,730.966300
neon,decode,url-safe,unpadded,384,4,43690,21916208,730.042161
neon,decode,url-safe,unpadded,384,5,43690,21899792,730.589398
neon,decode,url-safe,unpadded,384,6,43690,21886459,731.034466
neon,decode,url-safe,unpadded,384,7,43690,21979792,727.930267
neon,decode,url-safe,unpadded,384,8,43690,21901750,730.524084
neon,decode,url-safe,unpadded,384,9,43690,21914208,730.108789
neon,decode,url-safe,unpadded,384,10,43690,21910166,730.243480
neon,decode,url-safe,unpadded,384,11,43690,21897208,730.675612
neon,decode,url-safe,unpadded,384,12,43690,21886083,731.047025
neon,decode,url-safe,unpadded,384,13,43690,21935333,729.405652
neon,decode,url-safe,unpadded,384,14,43690,21901708,730.525485
scalar,encode,url-safe,unpadded,768,0,21845,7295458,2193.111914
scalar,encode,url-safe,unpadded,768,1,21845,7299125,2192.010119
scalar,encode,url-safe,unpadded,768,2,21845,7302250,2191.072048
scalar,encode,url-safe,unpadded,768,3,21845,7318875,2186.094975
scalar,encode,url-safe,unpadded,768,4,21845,7295500,2193.099289
scalar,encode,url-safe,unpadded,768,5,21845,7309958,2188.761667
scalar,encode,url-safe,unpadded,768,6,21845,7302292,2191.059445
scalar,encode,url-safe,unpadded,768,7,21845,7298709,2192.135056
scalar,encode,url-safe,unpadded,768,8,21845,7292166,2194.101980
scalar,encode,url-safe,unpadded,768,9,21845,7298958,2192.060272
scalar,encode,url-safe,unpadded,768,10,21845,7302417,2191.021940
scalar,encode,url-safe,unpadded,768,11,21845,7303167,2190.796932
scalar,encode,url-safe,unpadded,768,12,21845,7322250,2185.087351
scalar,encode,url-safe,unpadded,768,13,21845,7302083,2191.122158
scalar,encode,url-safe,unpadded,768,14,21845,7312125,2188.113012
scalar,decode,url-safe,unpadded,768,0,21845,62944458,254.188476
scalar,decode,url-safe,unpadded,768,1,21845,62896791,254.381116
scalar,decode,url-safe,unpadded,768,2,21845,62867625,254.499130
scalar,decode,url-safe,unpadded,768,3,21845,62869958,254.489686
scalar,decode,url-safe,unpadded,768,4,21845,62946750,254.179221
scalar,decode,url-safe,unpadded,768,5,21845,62940916,254.202781
scalar,decode,url-safe,unpadded,768,6,21845,62962208,254.116817
scalar,decode,url-safe,unpadded,768,7,21845,62917458,254.297557
scalar,decode,url-safe,unpadded,768,8,21845,62902667,254.357353
scalar,decode,url-safe,unpadded,768,9,21845,62943250,254.193354
scalar,decode,url-safe,unpadded,768,10,21845,63123542,253.467333
scalar,decode,url-safe,unpadded,768,11,21845,63078000,253.650335
scalar,decode,url-safe,unpadded,768,12,21845,63027875,253.852059
scalar,decode,url-safe,unpadded,768,13,21845,63221583,253.074268
scalar,decode,url-safe,unpadded,768,14,21845,63058667,253.728101
neon,encode,url-safe,unpadded,768,0,21845,3005500,5323.492217
neon,encode,url-safe,unpadded,768,1,21845,3025709,5287.936103
neon,encode,url-safe,unpadded,768,2,21845,3009000,5317.300053
neon,encode,url-safe,unpadded,768,3,21845,3005459,5323.564840
neon,encode,url-safe,unpadded,768,4,21845,3005458,5323.566611
neon,encode,url-safe,unpadded,768,5,21845,3012542,5311.048231
neon,encode,url-safe,unpadded,768,6,21845,3005542,5323.417826
neon,encode,url-safe,unpadded,768,7,21845,3005417,5323.639235
neon,encode,url-safe,unpadded,768,8,21845,3028666,5282.773293
neon,encode,url-safe,unpadded,768,9,21845,3024292,5290.413710
neon,encode,url-safe,unpadded,768,10,21845,3005500,5323.492217
neon,encode,url-safe,unpadded,768,11,21845,3002500,5328.811277
neon,encode,url-safe,unpadded,768,12,21845,3012167,5311.709430
neon,encode,url-safe,unpadded,768,13,21845,3005458,5323.566611
neon,encode,url-safe,unpadded,768,14,21845,3005375,5323.713633
neon,decode,url-safe,unpadded,768,0,21845,21408667,747.349466
neon,decode,url-safe,unpadded,768,1,21845,21413042,747.196772
neon,decode,url-safe,unpadded,768,2,21845,21399666,747.663812
neon,decode,url-safe,unpadded,768,3,21845,21391792,747.939016
neon,decode,url-safe,unpadded,768,4,21845,21417042,747.057220
neon,decode,url-safe,unpadded,768,5,21845,21398416,747.707487
neon,decode,url-safe,unpadded,768,6,21845,21387959,748.073056
neon,decode,url-safe,unpadded,768,7,21845,21410709,747.278190
neon,decode,url-safe,unpadded,768,8,21845,21413625,747.176429
neon,decode,url-safe,unpadded,768,9,21845,21384875,748.180939
neon,decode,url-safe,unpadded,768,10,21845,21404792,747.484762
neon,decode,url-safe,unpadded,768,11,21845,21388625,748.049763
neon,decode,url-safe,unpadded,768,12,21845,21390083,747.998774
neon,decode,url-safe,unpadded,768,13,21845,21400834,747.623007
neon,decode,url-safe,unpadded,768,14,21845,21396458,747.775910
scalar,encode,url-safe,unpadded,1024,0,16384,6242458,2563.092936
scalar,encode,url-safe,unpadded,1024,1,16384,6260125,2555.859508
scalar,encode,url-safe,unpadded,1024,2,16384,6248875,2560.460883
scalar,encode,url-safe,unpadded,1024,3,16384,6262250,2554.992215
scalar,encode,url-safe,unpadded,1024,4,16384,6252458,2558.993599
scalar,encode,url-safe,unpadded,1024,5,16384,6245541,2561.827710
scalar,encode,url-safe,unpadded,1024,6,16384,6249083,2560.375658
scalar,encode,url-safe,unpadded,1024,7,16384,6252250,2559.078732
scalar,encode,url-safe,unpadded,1024,8,16384,6245542,2561.827300
scalar,encode,url-safe,unpadded,1024,9,16384,6259916,2555.944840
scalar,encode,url-safe,unpadded,1024,10,16384,6252375,2559.027570
scalar,encode,url-safe,unpadded,1024,11,16384,6253333,2558.635531
scalar,encode,url-safe,unpadded,1024,12,16384,6249666,2560.136814
scalar,encode,url-safe,unpadded,1024,13,16384,6245416,2561.878985
scalar,encode,url-safe,unpadded,1024,14,16384,6270375,2551.681518
scalar,decode,url-safe,unpadded,1024,0,16384,62815458,254.714373
scalar,decode,url-safe,unpadded,1024,1,16384,62817208,254.707277
scalar,decode,url-safe,unpadded,1024,2,16384,62903208,254.359046
scalar,decode,url-safe,unpadded,1024,3,16384,62848500,254.580459
scalar,decode,url-safe,unpadded,1024,4,16384,62934291,254.233419
scalar,decode,url-safe,unpadded,1024,5,16384,62841750,254.607805
scalar,decode,url-safe,unpadded,1024,6,16384,62848833,254.579110
scalar,decode,url-safe,unpadded,1024,7,16384,62812875,254.724847
scalar,decode,url-safe,unpadded,1024,8,16384,62832000,254.647313
scalar,decode,url-safe,unpadded,1024,9,16384,62849625,254.575902
scalar,decode,url-safe,unpadded,1024,10,16384,62825083,254.675350
scalar,decode,url-safe,unpadded,1024,11,16384,62811375,254.730931
scalar,decode,url-safe,unpadded,1024,12,16384,62821750,254.688862
scalar,decode,url-safe,unpadded,1024,13,16384,62806833,254.749352
scalar,decode,url-safe,unpadded,1024,14,16384,62967583,254.099002
neon,encode,url-safe,unpadded,1024,0,16384,3235917,4944.502594
neon,encode,url-safe,unpadded,1024,1,16384,3239625,4938.843230
neon,encode,url-safe,unpadded,1024,2,16384,3235625,4944.948812
neon,encode,url-safe,unpadded,1024,3,16384,3236583,4943.485151
neon,encode,url-safe,unpadded,1024,4,16384,3240083,4938.145103
neon,encode,url-safe,unpadded,1024,5,16384,3243375,4933.132925
neon,encode,url-safe,unpadded,1024,6,16384,3262250,4904.590390
neon,encode,url-safe,unpadded,1024,7,16384,3246541,4928.322174
neon,encode,url-safe,unpadded,1024,8,16384,3255250,4915.137086
neon,encode,url-safe,unpadded,1024,9,16384,3262875,4903.650921
neon,encode,url-safe,unpadded,1024,10,16384,3304750,4841.516000
neon,encode,url-safe,unpadded,1024,11,16384,3283000,4873.591228
neon,encode,url-safe,unpadded,1024,12,16384,3235000,4945.904173
neon,encode,url-safe,unpadded,1024,13,16384,3240750,4937.128751
neon,encode,url-safe,unpadded,1024,14,16384,3235958,4944.439946
neon,decode,url-safe,unpadded,1024,0,16384,22640000,706.713781
neon,decode,url-safe,unpadded,1024,1,16384,23457750,682.077352
neon,decode,url-safe,unpadded,1024,2,16384,23307667,686.469392
neon,decode,url-safe,unpadded,1024,3,16384,23036916,694.537411
neon,decode,url-safe,unpadded,1024,4,16384,23104584,692.503271
neon,decode,url-safe,unpadded,1024,5,16384,22526292,710.281124
neon,decode,url-safe,unpadded,1024,6,16384,23003334,695.551349
neon,decode,url-safe,unpadded,1024,7,16384,23109750,692.348468
neon,decode,url-safe,unpadded,1024,8,16384,23031833,694.690692
neon,decode,url-safe,unpadded,1024,9,16384,23140167,691.438398
neon,decode,url-safe,unpadded,1024,10,16384,23303166,686.601984
neon,decode,url-safe,unpadded,1024,11,16384,23717958,674.594331
neon,decode,url-safe,unpadded,1024,12,16384,23283833,687.172082
neon,decode,url-safe,unpadded,1024,13,16384,23015916,695.171116
neon,decode,url-safe,unpadded,1024,14,16384,23021041,695.016355
scalar,encode,url-safe,unpadded,4096,0,4096,6183125,2587.688264
scalar,encode,url-safe,unpadded,4096,1,4096,6183000,2587.740579
scalar,encode,url-safe,unpadded,4096,2,4096,6190667,2584.535721
scalar,encode,url-safe,unpadded,4096,3,4096,6201625,2579.968960
scalar,encode,url-safe,unpadded,4096,4,4096,6196708,2582.016129
scalar,encode,url-safe,unpadded,4096,5,4096,6186250,2586.381087
scalar,encode,url-safe,unpadded,4096,6,4096,6182208,2588.072093
scalar,encode,url-safe,unpadded,4096,7,4096,6183500,2587.531333
scalar,encode,url-safe,unpadded,4096,8,4096,6189084,2585.196775
scalar,encode,url-safe,unpadded,4096,9,4096,6195125,2582.675894
scalar,encode,url-safe,unpadded,4096,10,4096,6186584,2586.241454
scalar,encode,url-safe,unpadded,4096,11,4096,6183417,2587.566066
scalar,encode,url-safe,unpadded,4096,12,4096,6191625,2584.135829
scalar,encode,url-safe,unpadded,4096,13,4096,6183000,2587.740579
scalar,encode,url-safe,unpadded,4096,14,4096,6195167,2582.658385
scalar,decode,url-safe,unpadded,4096,0,4096,65047417,245.974410
scalar,decode,url-safe,unpadded,4096,1,4096,65072875,245.878179
scalar,decode,url-safe,unpadded,4096,2,4096,65083167,245.839297
scalar,decode,url-safe,unpadded,4096,3,4096,65079375,245.853621
scalar,decode,url-safe,unpadded,4096,4,4096,65274125,245.120099
scalar,decode,url-safe,unpadded,4096,5,4096,65233042,245.274473
scalar,decode,url-safe,unpadded,4096,6,4096,63154666,253.346285
scalar,decode,url-safe,unpadded,4096,7,4096,62473583,256.108250
scalar,decode,url-safe,unpadded,4096,8,4096,62500125,255.999488
scalar,decode,url-safe,unpadded,4096,9,4096,62448750,256.210092
scalar,decode,url-safe,unpadded,4096,10,4096,62447125,256.216759
scalar,decode,url-safe,unpadded,4096,11,4096,62487000,256.053259
scalar,decode,url-safe,unpadded,4096,12,4096,62470958,256.119011
scalar,decode,url-safe,unpadded,4096,13,4096,62526542,255.891330
scalar,decode,url-safe,unpadded,4096,14,4096,62459125,256.167534
neon,encode,url-safe,unpadded,4096,0,4096,2934625,5452.144652
neon,encode,url-safe,unpadded,4096,1,4096,2940834,5440.633507
neon,encode,url-safe,unpadded,4096,2,4096,2952709,5418.752745
neon,encode,url-safe,unpadded,4096,3,4096,2934667,5452.066623
neon,encode,url-safe,unpadded,4096,4,4096,2937417,5446.962416
neon,encode,url-safe,unpadded,4096,5,4096,2931542,5457.878482
neon,encode,url-safe,unpadded,4096,6,4096,2934500,5452.376896
neon,encode,url-safe,unpadded,4096,7,4096,2941667,5439.092868
neon,encode,url-safe,unpadded,4096,8,4096,2934500,5452.376896
neon,encode,url-safe,unpadded,4096,9,4096,2934500,5452.376896
neon,encode,url-safe,unpadded,4096,10,4096,2933750,5453.770771
neon,encode,url-safe,unpadded,4096,11,4096,2937209,5447.348146
neon,encode,url-safe,unpadded,4096,12,4096,2934750,5451.912429
neon,encode,url-safe,unpadded,4096,13,4096,2934750,5451.912429
neon,encode,url-safe,unpadded,4096,14,4096,2938500,5444.954909
neon,decode,url-safe,unpadded,4096,0,4096,21136167,756.996290
neon,decode,url-safe,unpadded,4096,1,4096,21169334,755.810268
neon,decode,url-safe,unpadded,4096,2,4096,21153500,756.376013
neon,decode,url-safe,unpadded,4096,3,4096,21174750,755.616949
neon,decode,url-safe,unpadded,4096,4,4096,21135083,757.035115
neon,decode,url-safe,unpadded,4096,5,4096,21155208,756.314946
neon,decode,url-safe,unpadded,4096,6,4096,21159542,756.160034
neon,decode,url-safe,unpadded,4096,7,4096,21160875,756.112401
neon,decode,url-safe,unpadded,4096,8,4096,21143958,756.717356
neon,decode,url-safe,unpadded,4096,9,4096,21138333,756.918722
neon,decode,url-safe,unpadded,4096,10,4096,21159625,756.157068
neon,decode,url-safe,unpadded,4096,11,4096,21149375,756.523538
neon,decode,url-safe,unpadded,4096,12,4096,21136833,756.972438
neon,decode,url-safe,unpadded,4096,13,4096,21156792,756.258321
neon,decode,url-safe,unpadded,4096,14,4096,21137708,756.941103
scalar,encode,url-safe,unpadded,65536,0,256,5833500,2742.778778
scalar,encode,url-safe,unpadded,65536,1,256,5840083,2739.687090
scalar,encode,url-safe,unpadded,65536,2,256,5865792,2727.679399
scalar,encode,url-safe,unpadded,65536,3,256,5840583,2739.452551
scalar,encode,url-safe,unpadded,65536,4,256,5857542,2731.521174
scalar,encode,url-safe,unpadded,65536,5,256,5833333,2742.857300
scalar,encode,url-safe,unpadded,65536,6,256,5840500,2739.491482
scalar,encode,url-safe,unpadded,65536,7,256,5846209,2736.816286
scalar,encode,url-safe,unpadded,65536,8,256,5847709,2736.114263
scalar,encode,url-safe,unpadded,65536,9,256,5833375,2742.837551
scalar,encode,url-safe,unpadded,65536,10,256,5837625,2740.840667
scalar,encode,url-safe,unpadded,65536,11,256,5840417,2739.530414
scalar,encode,url-safe,unpadded,65536,12,256,5830041,2744.406086
scalar,encode,url-safe,unpadded,65536,13,256,5840292,2739.589048
scalar,encode,url-safe,unpadded,65536,14,256,5833334,2742.856829
scalar,decode,url-safe,unpadded,65536,0,256,62487417,256.051550
scalar,decode,url-safe,unpadded,65536,1,256,62536166,255.851950
scalar,decode,url-safe,unpadded,65536,2,256,62463125,256.151129
scalar,decode,url-safe,unpadded,65536,3,256,62669084,255.309301
scalar,decode,url-safe,unpadded,65536,4,256,63248875,252.968926
scalar,decode,url-safe,unpadded,65536,5,256,62922083,254.282745
scalar,decode,url-safe,unpadded,65536,6,256,62544458,255.818029
scalar,decode,url-safe,unpadded,65536,7,256,62534875,255.857232
scalar,decode,url-safe,unpadded,65536,8,256,62444417,256.227871
scalar,decode,url-safe,unpadded,65536,9,256,62435667,256.263779
scalar,decode,url-safe,unpadded,65536,10,256,62442500,256.235737
scalar,decode,url-safe,unpadded,65536,11,256,62455791,256.181208
scalar,decode,url-safe,unpadded,65536,12,256,62470500,256.120889
scalar,decode,url-safe,unpadded,65536,13,256,62472291,256.113546
scalar,decode,url-safe,unpadded,65536,14,256,62478708,256.087242
neon,encode,url-safe,unpadded,65536,0,256,2866125,5582.450172
neon,encode,url-safe,unpadded,65536,1,256,2866042,5582.611839
neon,encode,url-safe,unpadded,65536,2,256,2866000,5582.693650
neon,encode,url-safe,unpadded,65536,3,256,2869333,5576.208826
neon,encode,url-safe,unpadded,65536,4,256,2865750,5583.180668
neon,encode,url-safe,unpadded,65536,5,256,2865542,5583.585932
neon,encode,url-safe,unpadded,65536,6,256,2876000,5563.282337
neon,encode,url-safe,unpadded,65536,7,256,2865916,5582.857278
neon,encode,url-safe,unpadded,65536,8,256,2865875,5582.937148
neon,encode,url-safe,unpadded,65536,9,256,2869542,5575.802689
neon,encode,url-safe,unpadded,65536,10,256,2867250,5580.259831
neon,encode,url-safe,unpadded,65536,11,256,2886334,5543.364004
neon,encode,url-safe,unpadded,65536,12,256,2865917,5582.855330
neon,encode,url-safe,unpadded,65536,13,256,2872500,5570.060923
neon,encode,url-safe,unpadded,65536,14,256,2865959,5582.773515
neon,decode,url-safe,unpadded,65536,0,256,20921958,764.746779
neon,decode,url-safe,unpadded,65536,1,256,20909917,765.187160
neon,decode,url-safe,unpadded,65536,2,256,20945709,763.879609
neon,decode,url-safe,unpadded,65536,3,256,20903166,765.434289
neon,decode,url-safe,unpadded,65536,4,256,21017792,761.259794
neon,decode,url-safe,unpadded,65536,5,256,21034917,760.640035
neon,decode,url-safe,unpadded,65536,6,256,21011875,761.474166
neon,decode,url-safe,unpadded,65536,7,256,21016542,761.305071
neon,decode,url-safe,unpadded,65536,8,256,21014750,761.369990
neon,decode,url-safe,unpadded,65536,9,256,20957625,763.445285
neon,decode,url-safe,unpadded,65536,10,256,20991750,762.204199
neon,decode,url-safe,unpadded,65536,11,256,21091625,758.594940
neon,decode,url-safe,unpadded,65536,12,256,20972375,762.908350
neon,decode,url-safe,unpadded,65536,13,256,20897333,765.647942
neon,decode,url-safe,unpadded,65536,14,256,20953583,763.592556
